created_at	text
Thu Apr 01 20:23:22 +0000 2021	Dear President save world humanity extinction make universal basic human right valid world
Mon Apr 05 14:39:41 +0000 2021	Meeting / Summit attndng coz C19 case rise concernd ovr travel meeting conf Lattr betr pls
Sat Apr 10 13:29:06 +0000 2021	image product money pour pocket mullah nuclear deal benefit Iranian nation picture grave child
Sat Apr 10 00:18:45 +0000 2021	🔴 10 FACT
Fri Apr 09 19:55:26 +0000 2021	🔴 Fact archive
Thu Apr 08 18:11:18 +0000 2021	Islamic Republic choice Iranian people money sale oil bullet rope reach people Iran
