created_at	text
Tue Apr 06 09:06:24 +0000 2021	strong bond nation trade financial economic bond dependency nation energy manpower
Tue Apr 06 01:45:29 +0000 2021	fruitful discussion PM PM 1st Quad Summit Reiterate India commitment free open inclusive Indo Pacific line vision SAGAR Security Growth Region
Mon Apr 05 18:40:49 +0000 2021	government consider new measure secure information communication technology service supply chain
Mon Apr 05 08:59:53 +0000 2021	Pt26 name mention previous tweet people responsible scandal people hack device computer modem phone video game system car electricity water bank&amp credit card account blame
Thu Apr 08 23:20:29 +0000 2021	time change live world disgrace darken world know fictional text future dark hold thing linger unnecessary like religion war
Sun Apr 04 07:36:11 +0000 2021	TSSPDCL Telangana state pay electricity bill online INB Debit&amp Credit card UPI company charge huge commission online payment simply loot PM encourage digital & amp loot extra chgs
Fri Apr 09 05:53:19 +0000 2021	Pt27 lie agents&amp law enforcement order away hack devices&amp cause sex scandal DEVICE HOME&amp BUSINESS COMPUTER PHONE HOME WIFI DSL MODEM VIDEO GAME SYSTEMS ETC & amp ACCOUNT HACK
Sat Apr 10 22:28:33 +0000 2021	Pt17 have involve continue have police departments&amp private investigator different state track hack device cover doing&amp continue take sex scandal
Wed Mar 31 01:48:50 +0000 2021	evening take Quad Leader Virtual Summit PM PM Summit provide opportunity discuss wide range regional global issue share interest
Tue Apr 06 16:07:19 +0000 2021	citizen Mumbai India corona mean bad cruel year ask PM world Leader What s gon na China start gon na mute spectator Do nt heart
Sat Apr 10 20:05:40 +0000 2021	Pt8 reicast fpse Contact n64oid Drastic AOD Notify Manager Calculator Gallery Camera SIM phone battery signal graphics externalSDcard video game system
Tue Apr 06 01:10:14 +0000 2021	Pt11 credit reports&amp Henderson NV street camera involve hack device cause sex scandal white female contact phone&amp contact read email document recruit people ve
Thu Apr 08 19:04:20 +0000 2021	CO2 +420 PPM require Paris signature adopt non GHG base economy restrict & amp heat trap gas fast Covid vaccine find
Sat Apr 03 00:34:46 +0000 2021	vaccine line line vaccinate 2023 note get vaccination early leader bullshit talker job Fuck Christianity
Sat Apr 03 08:46:04 +0000 2021	quad realize importance build innovation hub quad centric research development manufacturing program develop telent pool
Sat Apr 10 00:59:06 +0000 2021	Hey slowmo usa go way go fix nbn bloody network original fibre premise labour start impliment liberal screw pat
Mon Apr 05 06:23:07 +0000 2021	recall time bring citizen don think
Tue Apr 06 01:42:11 +0000 2021	Pt13 local police request hack&amp read email text call sent&amp receive & amp mobile&amp computer app involve prove&amp hacking device cause sex scandal ask place
Mon Apr 05 23:33:14 +0000 2021	Tell Australian Abbott & amp govts trash fibre home technology favour copper 2013
Wed Apr 07 19:59:57 +0000 2021	help sir want country want life good want role friend help sir don believe confirm sir 8374521463 help good world help sir
Mon Apr 05 15:27:57 +0000 2021	Diplomat 20 country visit Xinjiang day hear western medium report trip Western media low
Sat Apr 10 22:12:19 +0000 2021	Green mean incumbent red mean president people keep secret rob stock market globally scan world leader accident extremely sensitive classify info government quiet
Sat Apr 10 21:56:37 +0000 2021	
Tue Mar 30 21:48:48 +0000 2021	Ranked 85th world Wait Hunt Morrison excuse today Pretty use excuse spin follow Aged Care Ruby Princess fail
Mon Apr 05 07:25:56 +0000 2021	PLS TALK AU PM REFUSE AU nRNA FORCE onUS ignore WARNING VARIANT STRAINS AU AZ win WORK PREMIER SAVE AU PM / AZ NOTHING = KillUs
Sun Apr 04 02:47:09 +0000 2021	Begin Chinese Tech Theft / Exports / Eco Invasion Spread Islam / Terrorism World Realise fact strategy Counter late
Sat Apr 10 21:38:23 +0000 2021	Pt16 & amp Private Investigator NY TX NV CT MA GA order cover continue&amp away hack devices&amp cause sex scandal ashame
Wed Mar 31 20:26:45 +0000 2021	fix age bridge road rail line utility climate focus infrastructure spend home
Fri Apr 09 11:32:06 +0000 2021	free gift card clik link & gt & gt
Mon Apr 05 22:18:00 +0000 2021	HELP high level animal hormone find SAPDC South African Pharmaceutical Development Corporation
Sat Apr 10 23:13:14 +0000 2021	Pt19 Private Investigator Barry Watson Timothy Nim NY Andy Gordon CT Albert Cercone TX LeAnn Deptvetaffair TX Andrew Vernon Casey&amp Claire Carlson Hamburg NY
Wed Apr 07 03:16:01 +0000 2021	Begin Chinese Tech Theft / Exports / Eco / Military Invasion Spread Islam / Terrorism World Realise fact strategy Counter ASAP
Sat Apr 10 22:19:02 +0000 2021	Covid 19 man destruction weapon lose action
Sat Apr 10 22:13:13 +0000 2021	read globally shall restore order pass shall rise
Sat Apr 10 19:33:14 +0000 2021	Pt5 Roman Kikta Dallas TX Josette Sprott NYC Chantel Lewin LithiaSprings GA Eric Serrano Queens NY Ben Arokoyo StatenIsland NY Cynthia Enamorado LasVegas NV Hector Leon Lara Diaz Torre Mexico Sean Dillon NYC Marisa Murphy Andy Gordon CT
Thu Apr 08 06:19:39 +0000 2021	go NUKE CHINA WORLD FED BLOODY chinese virus
Tue Apr 06 01:35:46 +0000 2021	Pt12 emailed&amp text order assist hacking&amp sex scandal shame refuse place hacking device cause sex scandal arrest committed action arrest & amp
Wed Mar 31 14:10:24 +0000 2021	Pt25 ve send emails&amp tweet name people involve PROOF hack device order cause sex scandal
Sat Apr 03 09:49:23 +0000 2021	World leader need listen Act save humanity people shield Islamist extremist inspite inhuman act
Sat Apr 03 10:08:26 +0000 2021	WORLD HUMAN RIGHT COMMISSION WORRY MINORITY LIKE HINDU RAP / KILLED&amp KIDNAPPED PAKISTAN DAILY BASIS 🙏 🏻 🙏 🏻
Mon Apr 05 06:45:37 +0000 2021	punish nato army commit war crime daily basis Iraq world suffer atrocity commit west civ Beast
Thu Apr 01 15:39:10 +0000 2021	& amp run adopt ambitious climate commitment track meet target
Fri Apr 02 12:06:35 +0000 2021	poem Burma heartbroken bird Scream loud&amp clear Bcoz world deaf life lose 😢 need help
Tue Apr 06 20:46:51 +0000 2021	push hard look American try save life continue lie deflect Australia adult win receive jab end year Show bad smirko job
Tue Apr 06 22:45:49 +0000 2021	liar Australia manage rollout vaccine million people end March 21
Wed Mar 31 13:39:47 +0000 2021	Pt24 Josette Sprott Thomas McElroy Ivette Acevedo Karen Szot Marisa Murphy culprit mask IP address order away hack devices&amp cause sex scandal hasn place involved arrest
Wed Apr 07 20:41:11 +0000 2021	Australia couple month observe Sydney CBD communist subsidiary brewing care blow recently India
Wed Apr 07 02:59:25 +0000 2021	Australia queue mean leadership work
Sat Apr 10 08:29:49 +0000 2021	Hey Justin send dose Australia PM forget order
Wed Apr 07 05:18:44 +0000 2021	Bredan Murphy Michael McCormack president take charge PM pretender dog mess
Wed Mar 31 04:22:56 +0000 2021	Pt6 Ivette Acevedo Bklyn NY Michelle Reed LasVegas NV Rodney Nelson Queens NY Lukasz Karwowski Austin TX hack business&amp home IP address DNS computer hardware&amp program memory battery wireless adapter Windows Firewall Essentials
Tue Apr 06 00:24:40 +0000 2021	Pt7 Graphic SwannView+ LinksysConnect DSL modem Edge phone app Message Chrome Hangout Pfvoicemail Boldbeast recorder keyboard Files&amp Note Package Disabler Pro Phone Setting
Tue Apr 06 20:31:42 +0000 2021	possible help send 50 m mate Australia annoy China behalf middle pandemic
Thu Apr 08 14:21:15 +0000 2021	Sir reply need job Australia cost help 8374521463
Sat Apr 10 10:41:05 +0000 2021	corona modi rally election shame PM
Fri Apr 02 18:03:59 +0000 2021	Aren crime commit USA true Justice late absent
Tue Apr 06 21:57:31 +0000 2021	Amazing Australia tell Thank
Wed Mar 31 11:22:37 +0000 2021	Pt21 involve hack devices&amp cause sex scandal involve lie agents&amp law enforcement order protect main culprit hack devices&amp cause sex scandal main culprit
Wed Apr 07 19:57:00 +0000 2021	Hi sir India I m big fan country want Australian country settle Australia complete intermediate poor want help country think help
Mon Apr 05 21:33:47 +0000 2021	problem share man currently woman eat product female animal make
Fri Apr 02 21:43:06 +0000 2021	hide exploit Easter present child gaoler enable sexual abuse sickening attempt make Easter political medium opportunity
Sat Apr 10 20:20:01 +0000 2021	Pt9 Las Vegas NV strip downtown&amp hotel club guestlist street camera Smith Vons store
Wed Apr 07 00:09:18 +0000 2021	Maybe time phone ask
Wed Apr 07 02:51:04 +0000 2021	tell
Fri Apr 09 22:06:52 +0000 2021	Tell clue Sincerely Australian
Mon Apr 05 16:07:49 +0000 2021	Santa start
Wed Apr 07 13:14:09 +0000 2021	Begin Turkey Pakistan Iran Bangladesh Somalia Chechnya Afghanistan Training & amp Promote Islamic Terrorism Chinese Fund & amp Arm
Thu Apr 08 12:44:00 +0000 2021	PAKISTAN PURE MUSLIM COUNTRY FRIEND INNOCENT UIGHUR MUSLIMS PAK QUESTION CHINESE CRUELITY UIGHUR MUSLIM
Wed Apr 07 04:17:43 +0000 2021	PAKISTAN MUSLIM COUNTRY FRIEN INNOCENT UIGHUR MUSLIMS PAK QUESTION CHINESE CRUELITY UIGHUR MUSLIM 🙏 🏻 🙏 🏻
Fri Apr 02 11:58:01 +0000 2021	Tony Robbins wee OK Peter Getner HUH
Fri Apr 02 11:58:52 +0000 2021	Peter Getner peter clone cannibal type prob em
Thu Apr 01 13:28:56 +0000 2021	Connect Indian Ocean united Indian Samosa Look delicious PM achieve decisive victory COVID 19 enjoy Samosas Look forward video meet 4th
