created_at	text
Mon Apr 05 13:50:39 +0000 2021	China growth gather steam month 2021 Major economic indicator greatly improve period output retail sale fix asset surge 30
Fri Apr 02 03:17:44 +0000 2021	People Bank China central bank maintain normal policy stance facilitate flexibility renminbi exchange rate despite challenge external financial vulnerability senior official say
Fri Apr 09 00:50:49 +0000 2021	Welcome south China province world large free trade port Find convenience liberalization aspect
Wed Apr 07 01:35:17 +0000 2021	International Monetary Fund IMF Tuesday project Chinese grow 2021 percentage point January forecast accord late World Economic Outlook
Wed Apr 07 01:38:05 +0000 2021	economic growth China experience real reason United States accuse China wrongdoing attempt slow China growth discredit CPC international stage American child tantrum China success
Thu Apr 01 03:37:11 +0000 2021	China sector register fast growth March production demand increase follow Spring Festival holiday
Fri Apr 02 14:15:22 +0000 2021	year mark centenary Communist Party China CPC Watch video International Department CPC Central Committee discover CPC lead China success
Wed Mar 31 07:15:17 +0000 2021	Rule law line morality victim China propose hold international discussion meeting long term violation law Supreme Court China discuss moral status quo China permanent member
Fri Apr 09 00:51:33 +0000 2021	mean people treat like Hong Kong China leader believe abide rule law international maritime trade law business law certainly intellectual property law
Mon Apr 05 13:38:46 +0000 2021	China telescope officially open global astronomer Astronomer worldwide visit
Thu Apr 08 02:06:41 +0000 2021	breath fresh air look East instead West sustainable solution go forward Thank remind alternative
Fri Apr 09 01:13:56 +0000 2021	China issue guideline ease access free trade port
Tue Apr 06 02:27:25 +0000 2021	China Song Dynasty 960 1279 artwork prize commodity country trade Maritime craft carry today inheritor art place like southern China Yangjiang
Fri Apr 02 03:56:01 +0000 2021	China explore way use digital cross border transaction meet demand central bank say Thursday
Wed Mar 31 07:21:03 +0000 2021	Rule law line morality initiating：request United Nations set Evaluation method publicity system moral decay permanent member — — International Symposium Long term Violation Laws China Supreme Court ask help
Fri Apr 02 11:23:05 +0000 2021	SCIO hold briefing introduce policy boost development Shanghai International Finance Center
Wed Mar 31 01:45:40 +0000 2021	China believe joint research carry World Health Organization China play positive role promote global cooperation origin trace Foreign Ministry spokesperson say Tuesday
Fri Apr 09 04:15:44 +0000 2021	matter external environment change China stand member safeguard interest China Ministry Commerce
Fri Apr 09 05:14:45 +0000 2021	Notice SCIO press conference April 12 10 State Council Information Office SCIO hold press conference 10 Monday progress Free Trade Port policy institution stay tune
Tue Apr 06 04:47:34 +0000 2021	State Council Information Office SCIO hold press conference Wednesday implement 14th Year Plan 2021 2025 move fast build modern system stay tune
Thu Apr 01 13:50:52 +0000 2021	CCP survey right international group monitor inside HK
Sun Apr 04 15:31:54 +0000 2021	level civilization culture completely different Japan China China steal Japanese technology like dirty monkey 1000 year Economic growth technology thief China power Japan success
Fri Apr 09 03:08:33 +0000 2021	China major breakthrough lead edge 7 nm computing rival product global industry leader like company Nvidia AMD
Fri Apr 09 04:15:12 +0000 2021	pic China launch new space survey launch 365th Long March rocket series
Sun Apr 04 23:00:32 +0000 2021	International student COVID 19 China university
Mon Apr 05 13:46:08 +0000 2021	China lead world construction infrastructure world large optical fiber network 4 G network Nearly 720 000 base station build China accord SCIO briefing Friday
Thu Apr 08 15:21:31 +0000 2021	Accord World Bank study Initiative BRI help lift million people extreme 32 million people moderate poverty globally
Fri Apr 02 11:34:50 +0000 2021	China capita output 470 kilogram remain high world average 400 kilogram official National Food Strategic Reserve Administration say press conference Beijing Friday
Thu Apr 08 03:32:52 +0000 2021	13th Year Plan period 2016 2020 China fee cut exceed trillion yuan effectively ease burden business official say press conference Wednesday
Sat Apr 10 10:35:31 +0000 2021	Cold War old trick USA invade Middle East Southern Asia（Syria Iraq Vietnam）by make excuse WAR thousand refugee escape Europe public opinion righteous lose Trade War China play rumor card
Fri Apr 02 07:38:13 +0000 2021	China strongly dissatisfy firmly oppose report urge create favorable condition bring China tie track healthy stable development say Foreign Ministry spokesperson
Wed Apr 07 00:47:17 +0000 2021	strategy target poverty alleviation China strong weapon final battle secure victory poverty major innovation theory practice poverty reduction
Sun Apr 04 15:31:33 +0000 2021	China country steal technology Japan world like dirty monkey 1000 year qualified Asian leader respect Japanese Communist Party
Thu Apr 01 01:28:47 +0000 2021	want China destabilize American doll want development China hate theft technology dirty pronunciation ancient language Chinese
Mon Apr 05 13:44:37 +0000 2021	China take lead ratify Regional Comprehensive Economic Partnership agreement Ministry Commerce MOC say Monday
Wed Mar 31 01:31:03 +0000 2021	New Area Year Progress Aim relieve Beijing non essential function advance coordinate development Beijing Tianjin Hebei region Xiong innovative green smart world class city
Thu Apr 01 14:25:46 +0000 2021	question long China dirty monkey country imitate japanese technology answer 1500 year ago hint beauty language represent level civilization World GDP history
Mon Apr 05 15:01:16 +0000 2021	Technology thief China export dirty Chinese good far exceed Nazi scale genocide cause destruction world economy China far exceed Nazi
Thu Apr 01 01:09:26 +0000 2021	people support NPC decision improve HKSAR system survey
Thu Apr 08 19:55:23 +0000 2021	China poverty standard base multiple factor standar actually high poverty line set World Bank official say press conference Tuesday
Fri Apr 02 09:37:26 +0000 2021	China country technology thief far Nazi China hate world occupy world Britain slave occupy China
Mon Apr 05 14:53:44 +0000 2021	world economy destroy like zombie Chinese virus export dirty Chinese good technology thief China China dirty monkey country far Nazi
Wed Apr 07 05:02:50 +0000 2021	China lift 770 million people poverty past 40 plus year reform opening account 70 world population escape poverty span
Sat Apr 03 04:43:38 +0000 2021	China country technology thief far Nazi China hate world occupy world Britain slave occupy China WorldGDP look japan china relationship ttps //t co / KrHVBaHzWr
Sat Apr 03 04:44:19 +0000 2021	China country technology thief far Nazi China hate world occupy world Britain slave occupy China WorldGDP look japan china relationship
Thu Apr 01 01:24:00 +0000 2021	Chinese ancient language develop rape monkey rape comfortably Dirty pronunciation destroy china woman mind man treat chinese woman slave 酒池肉林 rape core chinese culture
Thu Apr 01 12:24:20 +0000 2021	Volcanic lava etc denote world melt World like Copper Coil rotate Copper Coil century 1st Coil heat 2nd Coil fire 3rd Coil melt Similarly world melt form volcanic lava etc
Fri Apr 02 05:51:40 +0000 2021	pic Press conference development reserve 14th Year Plan period 2021 2025
Wed Mar 31 14:14:33 +0000 2021	Shift electricity production renewable source wave future wholeheartedly commend China step take clean energy grid
Thu Apr 01 01:26:44 +0000 2021	・China steal Japanese technology like monkey 1000 year ・sel dirty china world ・Intimidating china great country Dirty Chinese speak Chinese tourist bad manner travel Japan
Thu Apr 01 01:24:43 +0000 2021	・China steal Japanese technology like monkey 🐵 for 1000 year ・sel dirty china 🐵 world ・Intimidating china great country Dirty Chinese speak Chinese tourist bad manner 🐒 travel Japan
Thu Apr 01 09:54:27 +0000 2021	・China steal Japanese technology like monkey 🐵 1000 year ・sel dirty china 🐵 world ・Intimidating china great country Dirty Chinese speak Chinese tourist bad manner 🐒 travel Japan
Wed Mar 31 08:32:16 +0000 2021	Totalitarian government centrally plan economy long history make grand plan sound great don work plan
Sat Apr 10 10:04:05 +0000 2021	Free Uyghurs Free arbitrarily detain Michaels
Tue Apr 06 00:01:42 +0000 2021	China welcome dialogue basis equality mutual respect China approve upmanship world accept country final world affair say Chinese Foreign Minister Wang Yi
Fri Apr 02 02:10:36 +0000 2021	Imagine sick China Japan wonderful technology steal China Dirty china sell Japan Dirty Chinese speak Chinese bad manner travel Japan
Fri Apr 09 19:28:49 +0000 2021	Don Feel World See Like Hate China Bad Country Thing Promise Soon Country Bear God Leave Page Unturn
Fri Apr 09 20:21:01 +0000 2021	China rise change world new era mean China world volume Xi Jinping Governance China answer
Tue Apr 06 07:09:00 +0000 2021	China definitely right fight defend national sovereignty national dignity Dignity cost war insecure CCP
Fri Apr 09 04:11:48 +0000 2021	past 70 year provide aid 160 country Asia Africa Latin America Caribbean Oceania Europe reduce exempt debt eligible country help country effort achieve Millennium Development Goal
Sat Apr 03 04:44:55 +0000 2021	Japanese culture value ​​women Japanese language develop Japanese woman small bird Japan build sophisticated civilization world AKB Cherry blossom
Tue Apr 06 02:22:29 +0000 2021	Countdown Foreign diplomat highly praise preparation work Beijing Winter
Sat Apr 03 04:42:14 +0000 2021	Chinese evil language world dirty pronunciation destroy heart woman ancient language develop rape monkey rape Chinese woman comfortably stain blood countless people chinese history
Sat Apr 03 11:36:39 +0000 2021	culture rape monkey 🐵 get dirty Dirty Chinese product sell Japan Chinese speak dirty language ​​and bad manner come Japan trip get sick
Sat Apr 03 11:41:37 +0000 2021	China culture rape monkey 🐵 get dirty Dirty Chinese product sell Japan Chinese speak dirty language ​​and bad manner come Japan trip get sick
Thu Apr 01 02:55:04 +0000 2021	OK answer Steal Japanese technology Export dirty china continue educate dirty evil monkey language chinese people sing beautiful song olso pleasant sex life
Thu Apr 01 02:56:33 +0000 2021	OK answer Steal Japanese technology Export dirty china continue educate dirty evil monkey language chinese people sing beautiful song pleasant sex life
Thu Apr 01 03:01:23 +0000 2021	OK answer Steal Japanese technology Export dirty china continue educate dirty evil monkey ancient language chinese people sing beautiful song pleasant sex life
Thu Apr 01 03:40:35 +0000 2021	difference dirty monkey beautiful monkey ・Dirty monkey delight steal country technology try learn reason success Beautiful monkey learn technique country try learn reason
Sat Apr 10 11:20:28 +0000 2021	USA liberate 153 region people casualty civilian live unavoidable necessary American life lose contribution world democracy
Fri Apr 09 10:39:30 +0000 2021	price hoodwink Foot door method Corrupt leader sell sh lot order fill pocket gold
Fri Apr 09 03:09:59 +0000 2021	Graphic disadvantaged group benefit China anti poverty drive ？ Disadvantaged group include people disability prioritize government China anti poverty campaign
Wed Mar 31 08:24:44 +0000 2021	end 2025 renewable energy expect account third increase China electricity consumption 50 increase primary energy consumption
Wed Mar 31 12:18:57 +0000 2021	open memorial hall serfdom history emancipation million groundbreaking event Tibet say Tsering Doje resident Lhasa average life expectancy region increase 35 71
Fri Apr 09 00:38:47 +0000 2021	let tell wall China 🇨 🇳 King Salomon China government future fall happen Rome empire Chinese people raise Voice freedom liberty soon future Trust 🇨 🇳
Sat Apr 10 19:11:16 +0000 2021	Article expose disaster cause aggressive war article note wage 201 armed conflict total 248 occur 153 region world end World War II 1945 2001
Mon Apr 05 19:44:30 +0000 2021	ICBC designate clearing bank Russia
Fri Apr 02 03:41:39 +0000 2021	EVILS dragon China 🇨 🇳 government USA 🇺 🇸 entire world today reject China 🇨 🇳 Dictatorship stop interfere Hong Kong people let freedom Nation soon later day Chinese people weapon soon later
Sat Apr 10 12:26:52 +0000 2021	Max Blumenthal debunk accusation China genocide Uighurs
Sat Apr 10 21:00:22 +0000 2021	sad act impunity 70 + year good realise military action lead instability peaceful nation need benevolent coalition lead world value human life & amp progress
Thu Apr 01 01:09:18 +0000 2021	Hopefully end West attempt destabilize China financing chaos Hong Kong
Sun Apr 04 10:25:54 +0000 2021	Like Hong Kong combination democracy communism Edo Japan happy country world Communist dictatorship dangerous
Fri Apr 02 19:52:12 +0000 2021	Found 100 year ago 13 delegate represent scant 57 member Communist Party China number nearly 92 million large political party world secret success
Sat Apr 10 14:04:01 +0000 2021	want human right violation grand scale Check Kill Pest movement kill Chinese citizen pest Tibet Land Reform Great Leap Forward Cultural Revolution Tiananmen Inner Mongolia Xinjiang etc CCP murderer
Tue Apr 06 05:57:16 +0000 2021	end 2020 98 99 million people China area live current poverty threshold shake poverty 128 000 impoverish 832 designate poor got rid poverty
Thu Apr 08 07:08:00 +0000 2021	pic Beijing use mobile COVID 19 vehicle expedite vaccination Technology employ manage vaccination digital means ensure traceability process
Fri Apr 09 03:23:27 +0000 2021	China excellent example follow world
Tue Apr 06 00:50:14 +0000 2021	China government company manufacture good thing talk China industry garbage unfortunately entire world today know life buy garbage good China 🇨 🇳 Chinese manufacturing
Tue Apr 06 12:56:56 +0000 2021	Islamic world
Sat Apr 03 04:38:56 +0000 2021	blot world history ten ten million murder Chinese
Thu Apr 01 09:55:00 +0000 2021	monkey dirty evil ancient china evil country far occupy
Thu Apr 01 04:24:36 +0000 2021	punish illegal theft technology China illegal counterfeiting Amazon review China
Mon Apr 05 04:31:25 +0000 2021	State Council Information Office SCIO Tuesday release white paper title Poverty Alleviation China Experience Contribution hold press conference 10 stay tune
Sat Apr 10 14:43:39 +0000 2021	human right issue world today extermination Muslims Xinjiang
Tue Apr 06 14:45:16 +0000 2021	China Year Plan integrate people advice level design drafting stage mln comment receive 000 sort drafting group analyze piece piece absorb adopt
Wed Mar 31 08:26:49 +0000 2021	Bollocks CCP OV panel rural community connect Grid world leader Coal fire BLP Gens
Wed Mar 31 01:42:52 +0000 2021	China stride explore renewable source amid effort cut promote green development National Energy Administration say Tuesday
Sat Apr 10 15:50:53 +0000 2021	Culprit war chao human right violation world accuse
Mon Apr 05 16:49:36 +0000 2021	Mutual respect thing United States incapable United States respect nation China Russia target specifically cower like world
Thu Apr 01 03:52:04 +0000 2021	good country Taiwan
Thu Apr 01 12:25:40 +0000 2021	Earthquake exactly tectanic plate movement Earthquake liquid molecular turn gas molecule heat bacterium chemical reaction Earthquake mainly volcanic activity
Thu Apr 01 14:24:35 +0000 2021	safe myanmar help R2P
Wed Mar 31 01:44:34 +0000 2021	uh huh like plan LOL
Thu Apr 08 03:25:10 +0000 2021	trust ccp
Fri Apr 09 19:06:30 +0000 2021	Overseas medium invite visit China old base learn history Communist Party China
Sat Apr 03 04:40:35 +0000 2021	Choose disappear Japan reborn wonderful country admit good thing good bad thing bad ←china →japan usa
Sun Apr 04 17:28:47 +0000 2021	plain dodgy country citizen limited right
Fri Apr 09 08:41:12 +0000 2021	notice Xi Jinping mention nuke Japan Gee wonder
Tue Apr 06 10:05:40 +0000 2021	remember start think joke want sky wide bird fly Invest Bitcoin today forever grateful information
Thu Apr 01 03:04:29 +0000 2021	Sex Chinese long human sex rape monkey XX
Thu Apr 08 01:43:18 +0000 2021	145 39 million dose COVID 19 administer China April
Fri Apr 02 16:39:46 +0000 2021	feel covid recovery Delhi
Wed Apr 07 21:36:37 +0000 2021	fact Western society mention reality courage face
Tue Apr 06 02:28:35 +0000 2021	144 M passenger trip China Tomb sweeping Day holiday Compare period year figure surge 142 day holiday
Wed Apr 07 07:35:34 +0000 2021	2016 20 impoverished population drop 15 million China autonomous region province large multi ethnic population accord white paper issue Tuesday
Sun Apr 04 22:56:34 +0000 2021	uighur education camp get
Thu Apr 01 04:02:27 +0000 2021	Cancer earth Don come Dirty Chinese speak Chinese Japan Don sell dirty Chinese product want live happily Japanese people Japanese product
Thu Apr 01 03:56:41 +0000 2021	Cancer earth Dirty Chinese speak Chinese don come Japan Don sell dirty Chinese product want live happily Japanese people Japanese product
Wed Mar 31 14:22:16 +0000 2021	Decade education China fail Start elementary school step take dirty china communist regime train tell school close knowledge Chinese reduce moral standard greatly improve
Wed Mar 31 09:04:54 +0000 2021	Pak China friend ship strong Love
Sat Apr 10 12:21:16 +0000 2021	Vietnamese country bully FUCKIN ASSHOLE
Sat Apr 10 16:29:00 +0000 2021	China right complain nation human right China doesn allow human right people human right China comprehend article like funny paper isn worth read
Sat Apr 10 16:27:47 +0000 2021	China right complain nation human right China doesn allow human right people human right China comprehend article like comic book isn worth read
Thu Apr 01 12:54:49 +0000 2021	myanmar
Fri Apr 09 12:55:08 +0000 2021	impression communism bad impression Hong Kong style politics good
Fri Apr 09 07:57:57 +0000 2021	Introduce Hong Kong style politics destabilize Myanmar impression communism bad impression Hong Kong style politics good
Tue Apr 06 01:08:26 +0000 2021	Bet fit lot uyghur slave
Thu Apr 08 02:02:34 +0000 2021	China recruit 84 000 college graduate teacher 2021 promote rural vitalization recruitment mainly impoverished area inhabit ethnic minority consolidate result poverty reduction
Thu Apr 01 10:00:53 +0000 2021	people Burma care death people Burma fully wish Atomic Bomb let explode China ruthlessly support kill Burmese people coup etat
Wed Mar 31 08:46:27 +0000 2021	China increase average year education receive work age population 10 year 2020 11 year 2025 say official Ministry Education press conference Beijing Wednesday
Wed Apr 07 12:14:57 +0000 2021	China issue white paper title Alleviation China Experience Contribution China home nearly 1/5 world population eradication extreme poverty milestone history Chinese nation humank
Fri Apr 09 01:20:00 +0000 2021	tourist pack excursion train depart Heilongjiang northeast China Tibet train 500 tourist kind Heilongjiang Province tourist travel Lhasa 16 day sightseeing trip
