created_at	text
Tue Mar 30 23:09:22 +0000 2021	Remark Pres Moon 7th Anti Corruption Policy Consultative Council Meeting Fair Society Reveal malfeasance strictly punish ill get gain seize ▶ Full text
Wed Apr 07 07:47:11 +0000 2021	Opening Remark Pres Moon New Year Online Gathering year 2021 work tirelessly steadily like ox slow thousand mile journey finally restore invaluable daily life ▶ Full text
Wed Apr 07 07:45:25 +0000 2021	Remark Pres Moon 11th Cabinet Meeting mean break chain real estate malfeasance prevalent society start prevent irregularity public servant ▶ Full text
Sat Apr 03 06:13:00 +0000 2021	Terrorist Dictatorship Myanmar rely money buy arm stop POSCO operation Myanmar & amp stop movement revenue Terrorist use Escrow similar stop General get access cash
Wed Apr 07 07:45:44 +0000 2021	Remark Pres Moon Annual Briefing MOJ&amp MOIS Separation power indict investigate check balance protection human right pursue continuously go forward ▶ Full text
Wed Apr 07 07:45:32 +0000 2021	Remark Pres Moon Joint Commissioning Ceremony New Police Inspector Senior Inspector order hold hand people need ▶ Full text
Wed Mar 31 17:09:50 +0000 2021	SMALL GOLD BAR COIN EMISSION INTERMEDIAIRES GOLD SMALL COMMISSION NEED GOVERNMENT TENDER CONTACT COMMISSION SWITZERLAND PRESIDENT TAXES PAY 100 LEAGAL BANKEN KONTO single account Gertrud Müller
Wed Apr 07 07:47:20 +0000 2021	Remark Pres Moon 3rd Plenary Session Presidential Advisory Council Science&amp Technology lead world science&amp technology powerhouse export technology move manufacture good ▶ Full text
Wed Apr 07 07:45:51 +0000 2021	Remark Pres Moon 61st Commencement Commissioning Ceremony Republic Korea Armed Forces Nursing Academy feel reassure proud reborn elite nursing officer gruel training course ▶ Full text
Wed Mar 31 08:27:40 +0000 2021	Remark Pres Moon 14th Cabinet Meeting economy recover pre COVID 19 level see continued increase export expansion investment improvement consumer sentiment index ▶ Full text
Wed Apr 07 07:45:28 +0000 2021	Remark Pres Moon Meeting Senior Secretary Government strong drive uproot old evil real estate speculation establish order transparent fair property transaction ▶ Full text
Thu Apr 01 12:08:16 +0000 2021	bank force attend bank people civil disobedience movement 520 death action bank
Tue Apr 06 08:58:26 +0000 2021	oh ya think woman chitter chimo
Wed Apr 07 07:46:42 +0000 2021	Opening Remark Pres Moon 7th Cabinet Meeting public sector fiscal spending play active role enable weather current bleak employment situation ▶ Full text
Wed Mar 31 15:42:18 +0000 2021	kill 520 people government office CDM civil disobience movement Shinhan bank force bank action Shinhan bank
Mon Apr 05 07:24:29 +0000 2021	Remark Pres Moon 48th Commerce Industry Day Ceremony Effort business industry professional protect industry trade time approach economic rebound ▶ Full text
Wed Apr 07 07:46:50 +0000 2021	Opening Remark Pres Moon Meeting Senior Secretary Government afford moment stop work alleviate difficulty people face ▶ Full text
Tue Apr 06 22:48:07 +0000 2021	🙏 🏼 protection worship Christ Jesus Spirit & amp Truth John 23 24 path be 🛡 from Devil 🐕 & amp Bastard 🐍
Wed Apr 07 07:46:38 +0000 2021	Remark Pres Moon Annual Briefing Ministry Land Infrastructure&amp Transport urge pool capability stabilize price purchase lease home Ministry fate depend ▶ Full text
Wed Apr 07 07:46:18 +0000 2021	Remark Pres Moon Visit Producer Low Dead Space Syringe innovative accomplishment mutually beneficial cooperation large company SMEs Government ▶ Full text
Wed Apr 07 07:46:04 +0000 2021	Address President Moon Jae 102nd March Independence Movement Day ▶ Full text
Wed Apr 07 21:41:21 +0000 2021	like word
Wed Mar 31 17:08:30 +0000 2021	Hi friend fear Iran nuclear war china Iran signature china manage Iran energy come 20 year Nigeria Sudan pastBIAFRA WAR RISK NEED GOVERNMENT TENDER SWISS BANK NATIONAL BANK BUY GOLD
Sun Apr 04 19:14:13 +0000 2021	IRS stall make indirect hateful wave stimulus check 2008 2021 income tax refund 2019 queenimani400 com
Wed Apr 07 07:46:47 +0000 2021	Opening Remark Pres Moon Meeting Senior Secretary Cognizant severity employment difficulty Government mobilize possible mean response ▶ Full text
Wed Apr 07 07:45:59 +0000 2021	Opening Remark Pres Moon 9th Cabinet Meeting Government promise take responsibility safety vaccine matter produce ▶ Full text
Wed Apr 07 07:45:21 +0000 2021	Remark Pres Moon Strategy Presentation Chungcheongnam Province Energy Transition Green New Deal Green New Deal path simultaneously accomplish climate change response economic growth ▶ Full text
Wed Apr 07 07:45:18 +0000 2021	Opening Remark Pres Moon Meeting Senior Secretary Vaccination way protect safety entire society herd immunity ▶ Full text
Wed Apr 07 07:46:13 +0000 2021	Remark Pres Moon Strategy Presentation Southeastern Megacity Construction creation southeastern megacity constitute Republic Korea strategy success ▶ Full text
Wed Apr 07 07:46:54 +0000 2021	Opening Remark Pres Moon 5th Cabinet Meeting Recovery paramount goal year simply mean return past prepare leap future ▶ Full text
Sun Apr 04 13:47:40 +0000 2021	SK SHOULDN TRUST CHINA KNOWING BEGIN WAR DON SURPRISED NK SK PLAN EXPAND BIGGEST POWER WORLD LL TRY INFORMATION COUNTRY
Thu Apr 08 14:20:40 +0000 2021	Remark Pres Moon Meeting Senior Secretary Government introduce vaccine disruption order achieve goal herd immunity November early ▶ Full text
Wed Apr 07 07:46:57 +0000 2021	Remark Pres Moon Meeting Senior Secretary Preparation vaccination proceeding disruption ll disclose entire transport storage inoculation process transparent manner ▶ Full text
Wed Apr 07 07:45:14 +0000 2021	Remark Pres Moon Space Strategy Presentation Korea Follow Nuri Thrust Engine Combustion Test 2030 achieve dream landing Moon launch vehicle ▶ Full text
Wed Apr 07 07:45:37 +0000 2021	Remark Pres Moon Meeting Democratic Party National Assembly Floor Leadership ask Assembly pay special attention devise system significantly raise transparency real estate transaction ▶ Full text
Wed Apr 07 07:47:14 +0000 2021	Opening Remark Pres Moon 1st Cabinet Meeting New Year big goal Government want share people leap pace set nation ▶ Full text
Wed Apr 07 07:47:00 +0000 2021	Remark Pres Moon Korea Uzbekistan Videoconference Summit Today summit serve new milestone mutually beneficial cooperation common prosperity post COVID 19 era ▶ Full text
Fri Apr 09 08:39:50 +0000 2021	Yay finish soon year long resign early Korea peaceful country
Fri Apr 09 09:00:58 +0000 2021	☮ ️ end Korean War alternative ☮ ️ acceptable ideology thick ethnicity sovereign Korean nation coexist in ☮ ️ & amp
Tue Mar 30 21:03:23 +0000 2021	pay tax 1998/2004 2021 IRS picking choosing receive stimulus check 2nd 3rd payment income tax refund 2019
Wed Mar 31 17:40:30 +0000 2021	Mr Jourdan Swiss national bank president buy gold silver platin sell coin little gold bar
Wed Apr 07 07:47:03 +0000 2021	Remark Pres Moon Annual Briefing MHW MFDS KDCA past year time defense fend virus moment time counterattack vaccine treatment ▶ Full text
Tue Mar 30 22:26:32 +0000 2021	Remark Pres Moon 6th West Sea Defense Day country equip firm security readiness repel provocation national defense capability ROK alliance remain strong text
Thu Apr 08 11:53:11 +0000 2021	encourage halt project cooperate military junta push sponsor terrorist bullet kill innocent civilian stand democracy
Fri Apr 02 19:07:45 +0000 2021	2021 New Year Address President Moon Jae ▶ Full text
Wed Apr 07 07:44:54 +0000 2021	Remark Pres Moon Memorial Ceremony Honor Victim 73rd Anniversary Jeju April Incident Let join hand tightly fledged spring finally arrive Jeju text
Fri Apr 02 12:06:35 +0000 2021	poem Burma heartbroken bird Scream loud&amp clear Bcoz world deaf life lose 😢 need help
