created_at	text
Fri Apr 09 21:42:26 +0000 2021	recommend senior official come private sector life long public official People live tax learn hard pay
Thu Apr 08 11:24:31 +0000 2021	human politician conscientiously negotiate terrorist government Iran Iranian government deprive slight human right freedom Iranian politician America Europe religion free
Sun Apr 04 18:48:59 +0000 2021	care Humanity open corruption case Indian businessman current government dangerous humanity
Mon Apr 05 14:35:18 +0000 2021	open corruption investigation help people large democracy world
Thu Apr 08 10:50:44 +0000 2021	German people Stop send money corrupt country help poor country send tonne handcuff money Help corruption country mean help poverty grow Thank handcuff
Mon Apr 05 07:55:45 +0000 2021	Don ignore human right violation barbaric regime mullah brutal crackdown innocent people protest discrimination corruption hostage take
Sat Apr 10 04:43:46 +0000 2021	Prophet Pride صلی اللّٰہ علیہ وسلم France big terrorist country world want French ambassador deport French product boycott ShEikH KhaKSaR
Fri Apr 09 02:30:50 +0000 2021	War crime terrorist macron
Sat Apr 03 15:53:43 +0000 2021	judiciary French state international community consider Firas Tlass confession French company Lafarge finance armed group Syria talk French underestimation
Fri Apr 09 17:51:44 +0000 2021	ISIS lashkar tauba need uproot let fight end terrorist
Wed Mar 31 18:27:29 +0000 2021	Mr Feras Tlass want convince people pay money armed faction pay ISIS ISIS fond French eye want disturb company
Wed Apr 07 10:16:17 +0000 2021	wreak havoc cross border terror decade leave mental physical scar dismantle terror camp deserve peace
Fri Apr 09 17:21:30 +0000 2021	understand Firas Tlass know send money armed gang Syria client send money French company Lafarge finance armed group Mr Firas Tlass
Thu Apr 01 08:48:05 +0000 2021	Poster bider talcer flooder
Thu Apr 08 15:36:38 +0000 2021	hatred run high employ terrorist ransack cultural center Marseille Fifth Republic fall low
Wed Apr 07 15:36:15 +0000 2021	Bill Right attack nearly fight fight ve call disrupter anti establishment bet dixit
Wed Mar 31 18:37:47 +0000 2021	terrorist
Wed Mar 31 23:37:48 +0000 2021	anti British rhetoric hate idea Britain want independent state French people know friend politician vive la France
Wed Mar 31 23:06:38 +0000 2021	Doit fast strong
Wed Apr 07 13:53:53 +0000 2021	Penalize / sanction corruption & amp state sanctioned murder
Wed Mar 31 19:24:40 +0000 2021	Contact trace phone Green code enter public place Vaccine macron know hate China manage well Learn open improvement hold fantasy France almighty
Wed Mar 31 23:07:08 +0000 2021	fast strong
Sat Apr 03 12:41:17 +0000 2021	Check research paper Fast Light Travel Leave Comment Link
Wed Mar 31 20:12:19 +0000 2021	stop fight Islam encourage terrorism support terrorism indirect deliberate way
Fri Apr 02 06:57:02 +0000 2021	point like share pandemic test Wealthy Private Individual help expand Health Care Capacity Governance have difficulty reconcile indifference achieve consensus Private Wealthy People key
Mon Apr 05 10:13:22 +0000 2021	right person right public debate square right world doesn talk series Upload Wednesday basics past topic profile 84th Week Topic COVID19 Myanmar far UN incompetence
Wed Mar 31 19:36:45 +0000 2021	retweet apology anti vax BS stockpile vaccine France ve panic send UK ll use
Mon Apr 05 12:27:38 +0000 2021	hold hope fight overcome COVID 19 pandemic build robust international health architecture protect future generation 26 leader action
Sat Apr 03 18:15:03 +0000 2021	vaccinate teacher petrify deserve lateral flow test week Look nation
Wed Mar 31 16:57:08 +0000 2021	
Sat Apr 10 17:44:47 +0000 2021	year state lag block Provoke help corrupt refugee fight want deport day Euro News Human Right UNHCR protect give asyl political refugee UNHCR protect
Wed Mar 31 20:26:03 +0000 2021	listen video right mind sure data share EXCLUSIVE Entire Year Lost Lockdown Lunacy Worse Come Dr Mike Yeadon
Tue Mar 30 20:27:04 +0000 2021	feel talk terrorist killer zoom
Fri Apr 09 17:11:26 +0000 2021	Racist islamophobic France terrorist oblige woman wear wear succeed fail
Mon Apr 05 11:14:23 +0000 2021	open corruption case moral responsibility
Tue Apr 06 19:41:01 +0000 2021	face Roster 🤣 🤣 🤣
Wed Mar 31 12:14:12 +0000 2021	blow whistle baby 😯 🎶 🎼 Whistle baby let know 🤭 🙇 ‍ ♂ ️ 💅 Girl gon na 💏 🙌 💜 start real slow 🚶 ‍ ♂ ️ 🗣 👯 ‍ ♀ ️ 👯 ‍ ♂ ️
Fri Apr 09 13:43:43 +0000 2021	Tell sexy deal Terrorist Organization IRGC mr
Wed Mar 31 09:24:12 +0000 2021	Nigeria save life indeginous people inhabit Nigeria state sponsor terrorism
Thu Apr 01 14:44:37 +0000 2021	Mr Macron ve stuff let people great mass vaccination center target 10 000 week vaccinate million DAY
Sat Apr 03 01:19:04 +0000 2021	Evidence terrorism Xinjiang
Fri Apr 09 16:57:36 +0000 2021	mr honest broker do nt look Swiss work love Swiss move focus private life politics life short think
Wed Apr 07 03:16:01 +0000 2021	Begin Chinese Tech Theft / Exports / Eco / Military Invasion Spread Islam / Terrorism World Realise fact strategy Counter ASAP
Sun Apr 04 02:47:09 +0000 2021	Begin Chinese Tech Theft / Exports / Eco Invasion Spread Islam / Terrorism World Realise fact strategy Counter late
Tue Apr 06 19:53:28 +0000 2021	insist destroy Lebanon deal corruption corrupt politician
Fri Apr 09 15:24:54 +0000 2021	Need Universal BAN elephant animal circus Total chaos rage elephant fight Russian circus send audience scramble exit & amp spark investigation
Fri Apr 09 00:27:10 +0000 2021	Thank Jesus Subject Fair United States consumer
Wed Mar 31 20:33:21 +0000 2021	Turkey Azerbaijan like coronavirus difference Europe want fight deadly virus interest
Fri Apr 02 13:09:10 +0000 2021	Need confirm African UnitedGov strong united inter force geopolitics economics strategy diplomacy protection security people defense Nation today time defeat & amp fight enemy
Wed Mar 31 21:18:38 +0000 2021	order COVID 19 lockdown human behavior & amp responsibility judge solely handle pandemic utter embarrassment ask distance mask & amp wash 🇫 🇷
Fri Apr 02 06:34:37 +0000 2021	France create law combat separatism target woman minority isolate frustrate anger result separatism Irony
Tue Mar 30 21:31:47 +0000 2021	HELP Bolsonaro yesterday try coup armed force unable today date try coup general control State Police command people street reach immunity herd Genocide
Wed Mar 31 20:51:04 +0000 2021	Money money money
Wed Mar 31 19:08:56 +0000 2021	Money Money Money
Wed Mar 31 19:17:49 +0000 2021	money money money
Sat Apr 10 04:53:09 +0000 2021	Ban Hefajot Islam Bangladesh Islamist Terrorist Organization
Mon Apr 05 19:51:53 +0000 2021	Kabul 1992 96 Afghan people want historic picture Massoud terrorist hero
Wed Apr 07 16:38:59 +0000 2021	negotiation occupy Terrorist Regime Iran SHAME
Fri Apr 02 17:30:46 +0000 2021	French pig claim France democratic nation respect human right French piggish government pass law ban Muslim age 18 wear hijab public ban mother wear accompany child trip
Tue Apr 06 19:31:08 +0000 2021	DRS Terroriste Macron complice
Thu Apr 01 17:17:04 +0000 2021	going want private sector charity care service child adult thoroughly investigate sexually abuse peterhead multiple time Stella isn say wonder bait child
Tue Apr 06 10:26:20 +0000 2021	Doesn French government think force prisoner work violate human right Macron go force prison inmate work 2022
Sat Apr 10 15:22:54 +0000 2021	unfortunate world haven learn past experience take advantage slow action & amp expediting & amp use stop madness
Tue Apr 06 11:51:04 +0000 2021	Human Adaptation study virus adapt result variant Human adapt need vaccine adapt Adaptation natural response organism know begin
Fri Apr 09 04:35:34 +0000 2021	WW3 start China Funding & amp Arming Islamic Terrorist Turkey Pakistan Bangla Algeria Iran Training&amp Exporting
Wed Mar 31 23:20:50 +0000 2021	Work hard well fast make strong hour hour Work
Wed Mar 31 09:42:07 +0000 2021	action take terrorist truly praiseworthy Thank sir
Sat Apr 10 01:26:27 +0000 2021	Sir wake lose dear nation Kick Remember human right reserve human Free mind criterium human
Wed Apr 07 13:14:09 +0000 2021	Begin Turkey Pakistan Iran Bangladesh Somalia Chechnya Afghanistan Training & amp Promote Islamic Terrorism Chinese Fund & amp Arm
Wed Mar 31 22:33:45 +0000 2021	blame brit get arse stop dither safety vaccine shoe vaccine mass roll typical anti British usual feel sorry fellow frenchmen woman
Tue Apr 06 10:56:00 +0000 2021	Muslim ban secure second mandate low gets Think oppressive law dangerous game
Mon Apr 05 22:28:02 +0000 2021	interesting note counterpart know corporate information flow Solvay straightforward investigate scrutiny info flow hospital small shop
Tue Mar 30 21:31:57 +0000 2021	difficult prevent thing able particular problem thing function human Speaking Virus
Wed Mar 31 09:45:29 +0000 2021	population Muslim India reach 35 crore President France request cooperate Narendra Modi prevent terrorism dominate India 😢 🙏 India
Thu Apr 01 07:58:38 +0000 2021	Money
Thu Apr 01 16:32:39 +0000 2021	withdraw deadly Arctic project stick international climate commitment
Thu Apr 01 11:45:43 +0000 2021	push deadly Arctic project need stick international climate commitment
Mon Apr 05 16:24:07 +0000 2021	year learn what s go world new ear want run president like
Thu Apr 01 22:26:28 +0000 2021	withdraw deadly Arctic project stick international climate commitment Don like UK
Sat Apr 03 20:42:38 +0000 2021	vacillation absurd harmful Public confidence vaccine crucial extricate world Covid nightmare
Fri Apr 02 01:18:09 +0000 2021	Pfizer Covid vaccine link blood clot AstraZeneca accord vaccine data
Wed Mar 31 13:19:30 +0000 2021	mONEY pULL
Fri Apr 09 10:05:54 +0000 2021	Flop
Wed Apr 07 11:58:17 +0000 2021	national ban France oppression human right French enjoy right freedom health Chinese
Sat Apr 03 23:53:25 +0000 2021	link paedophile Church Scotland & amp debt fraud include 200 interest see send address Postal worker complicit child sexual abuse include Movement & amp homeless care sector & amp Friend Provident know
Fri Apr 09 16:04:13 +0000 2021	Recover 📡 hack disabled locked account secure ↔️ WhatsApp 📌 ↔️ Facebook 📌 ↔️ Instagram 📌 ↔️ Twitter ↔️ Snapchat ↔️ Tiktok ↔️ Email ↔️ onlyfan ↔️ phone Tracking kindly send Direct Message quick assistance 👌 👌 👌 👌
Fri Apr 02 09:19:03 +0000 2021	new negotiation Iran ensure security Middle East Persian Gulf Israel Iranian government big supporter terrorism think destroy Israel United States Iranian politician open minded dishonest
Tue Apr 06 16:39:06 +0000 2021	ROBERT GERSON REPORT LIKE UN MAPPING REPORT FRANCE ALLWAY HUMAN RIGHT SIR SURE LEARY VIVA KIZITO MIHIGO HUMANITE
Sat Apr 10 07:32:00 +0000 2021	help lakh rupee clear borrowing sir Ac 62209153711 IFSC code 20246 Thorrur branch State Bank India Boorgula Anil send money help sir
Sun Apr 04 19:36:00 +0000 2021	troop Africa let Africa prosper don need intervention steal resource war terrorism troop well
Thu Apr 01 22:21:19 +0000 2021	Macron face EU revolt Yellow Vest Frexit end Euro economic prison French taxpayer money use pay time time soon emmanuel
Wed Apr 07 16:48:43 +0000 2021	health global public good rich country provide public vaccination country world
Fri Apr 09 07:41:50 +0000 2021	EU want mix vaccine dose way grow confidence general public don want guinea pig
Fri Apr 02 05:23:57 +0000 2021	Saving Planet Earth mission critical Book G20 Space insurrection SpaceX NASA abuse fire sacred element mother nature distort human mind Realization Universal Divine Reality fix lead abstraction causal effect
Wed Mar 31 16:34:58 +0000 2021	date
Thu Apr 08 14:51:18 +0000 2021	France banana republic doubt France bacame home terrorist silent aganist terrorist attack innocent people sure Pkk threat french people
Sat Apr 10 15:12:00 +0000 2021	Easy money
Fri Apr 09 16:43:59 +0000 2021	Have correct money
Wed Mar 31 21:28:35 +0000 2021	course rest world delay vaccine give ammunition anti vaxxer Idiot
Mon Apr 05 03:56:39 +0000 2021	explain world woman aren allow wear hijab public blatant islamophobia racism disturb level country decide headscarf make uncomfortable Interesting
Sat Apr 10 07:40:08 +0000 2021	Canada bilingual right interest speed artificial kkk Clencher CLEAN deep breathing STOP Effiel TOWER abuse forget completety shut away wrong hand Benjamin Franklin blood relate good
Thu Apr 01 23:37:30 +0000 2021	Thank Jesus Subject Prevent COVID 19 infection
Thu Apr 01 20:23:22 +0000 2021	Dear President save world humanity extinction make universal basic human right valid world
Wed Mar 31 18:22:46 +0000 2021	want slow virus Lift fucking patent vaccine use
Wed Mar 31 16:54:20 +0000 2021	macron fight Islam
Fri Apr 09 21:34:37 +0000 2021	good night
Sat Apr 03 13:39:33 +0000 2021	international community pressure Abiy Ahmed step able lead country kill Amhara people Amharas
Sat Apr 10 02:01:11 +0000 2021	funny action don think well think instead scaremonger people lead cost life
Sun Apr 04 07:31:04 +0000 2021	1500 oak tree fell old human planet Remarkable age bio cultural heritage protect
Wed Mar 31 13:42:54 +0000 2021	Britain get right
Fri Apr 02 13:25:06 +0000 2021	legalize weed right
Fri Apr 09 19:53:32 +0000 2021	right girl
Wed Mar 31 12:36:10 +0000 2021	virus like climate border global action global governance treat solve planetary problem
Thu Apr 01 01:24:57 +0000 2021	Torture universally recognise crime & amp human right abuse military grade weapon civilian human right abuse war crime conflict visibly mentally see perceive & amp Sarwar & amp MSP
Wed Mar 31 09:18:21 +0000 2021	good job fight radical Islam
Wed Apr 07 13:26:05 +0000 2021	decent human
Tue Apr 06 01:01:14 +0000 2021	Hi 08 vanii 08 Brand new mobile game high quality come soon ！
Sat Apr 10 08:52:49 +0000 2021	Great finally start slow
Thu Apr 08 12:21:46 +0000 2021	Hard understand insist entrant have PCR test entry whilst accept certain lateral flow test lead way
Tue Apr 06 09:34:31 +0000 2021	approves billion state aid carrier Time eu & amp ask approve € 400 m bailout majority French state own
Fri Apr 09 07:27:24 +0000 2021	Iran make look stupid lebanon especially ur pathetic tea time Feyrouz lebanese fight iran stupid backer
Wed Mar 31 20:17:37 +0000 2021	Good night 😘 🇫 🇷
Fri Apr 02 19:40:52 +0000 2021	talk turkey violate human right woman decision choice allow people religious freedom take away aren french democracy big hypocrite
Thu Apr 01 07:02:04 +0000 2021	China strongly condem intervention fucking China Veto UN world halt conspiracy China terrorist Burma junta bloodsh unarmed Civilian escalate soon
Wed Apr 07 18:50:33 +0000 2021	learn history follow Churchill conquer fear fight freedom victory
Wed Mar 31 18:29:12 +0000 2021	Mr Feras Tlass say French judiciary try kill case Lafarge Holcim extend duration case question direct French judiciary correct
Thu Apr 08 05:37:25 +0000 2021	right
Sat Apr 10 18:18:29 +0000 2021	Need BAN elephant animal circus Total chaos rage elephant fight Russian circus
Thu Apr 08 21:34:33 +0000 2021	Human right wait year free European country want stay long 90 day 180 day
Wed Apr 07 17:24:55 +0000 2021	Jesus give Commandment Humanity live Love love John 13 34 35 Law Universal Law human fulfill fulfill Law ll fulfill Commandment
Fri Apr 09 06:22:57 +0000 2021	trust cheat thesis University Pedro Sanchez trust like
Wed Mar 31 04:18:07 +0000 2021	White People Money drop 4/23 funny film Watch trailer
Wed Mar 31 20:53:11 +0000 2021	Photo money marriage contract help happy sweetheart hope answer
Wed Apr 07 20:02:38 +0000 2021	SMARTCREDIT revolution financial industry include perfect system lender borrower solid project great potential moon shot
Thu Apr 01 10:09:13 +0000 2021	Le April Fool right
Wed Mar 31 21:18:02 +0000 2021	see news 79 year old French lady Covid catch say AZ vaccine prefer wait Pfizer complete muppet mess overrule scientist unforgivable ve encourage anti vaxxer
Fri Apr 09 18:23:02 +0000 2021	age old Indian philosophy universal oneness special relevance world social fabric country community erode hatred
Wed Mar 31 01:22:24 +0000 2021	stop bankroll throw money oil gas drilling Arctic
Sat Apr 10 08:28:57 +0000 2021	help 10 000 weekly send money Ask
Fri Apr 09 22:33:23 +0000 2021	get ta run day are2 busy shut zoo owe earth great human example
Tue Apr 06 06:24:29 +0000 2021	hurt export eu 27 france impose petty blockade cripple economy lol save uk lol laugh facts4eu trade eu 27 spain & amp italy uproar hurt
Sun Apr 04 11:47:02 +0000 2021	ll bring deep darkness brigh light
Fri Apr 02 06:16:36 +0000 2021	🇫 🇷 ⏱ France owe Haiti 🇭 🇹 150 million gold franc 28 billion bad RIGHTNOW need money rebuild pay security S 🛳 🔫 church safe place Nomore slavery debt
Wed Mar 31 21:53:29 +0000 2021	ve blame Frances lockdown ve continuously take pot shot Astrazeneca & amp UK ve Pathetically slow uptake Vaccination Rollout Europe fault Pathetic use leak waterproof teabag
Fri Apr 09 06:49:39 +0000 2021	28 French people trust vaccination send unused dose 75 population trust
Sat Apr 03 16:16:03 +0000 2021	🇫 🇷 sMacron Stock volatile G20 failure 🇱 🇾 scandal in 🇹 🇳 UNcondemnation in 🇲 🇱 and 🇷 🇼 Memory hypocrisy with 🇩 🇿 champion Islamophobia Inquisition in 🇫 🇷 Rothschild son law try Richard Lionheart clichéd version Renaud DeChâtillon
Thu Apr 08 12:53:42 +0000 2021	Good Night Iran Iran regime change
Thu Apr 08 11:41:41 +0000 2021	Good Night Iran Good Morning Persia
Fri Apr 09 07:49:50 +0000 2021	Islamic Republic fan follower want sanction lift want world release block money money go Iranian people pocket government use
Wed Mar 31 18:27:09 +0000 2021	nice sort way Macoron sod liberate France & amp thank promise mate wine flow nation punishment MACORON speak truth
Fri Apr 09 20:15:40 +0000 2021	define bravery
Thu Apr 08 12:56:19 +0000 2021	Good Night Iran Good morning Persia welcome
Thu Apr 08 12:54:52 +0000 2021	welcome Persia Good Night Iran
Wed Mar 31 18:18:23 +0000 2021	pale love France hope stay safe healthy Gran upset 73 year didn fight world war EU
Mon Apr 05 16:18:22 +0000 2021	think root problem immigration law quality people migrate France lose wrong philosophy time change adapt completely new era
Thu Apr 01 04:01:52 +0000 2021	Hello Supply Vaccine China high quality mask glove syringe vaccine protective clothing surgical gown etc Jack Zhengzhou Newsky Int Co China Shengguang Medical Group WHATSAPP / WeChat +86 13837195059
Mon Apr 05 17:16:41 +0000 2021	insist time save corrupted system lebanon leader steal people money
Thu Apr 08 20:55:34 +0000 2021	need leave EU Gran 73 year didn fight world war
Sun Apr 04 07:23:06 +0000 2021	Hallo President Macron Sami Salem Ameen Ali ask order Total E&amp Company respect human right sign agreement release salary illegally suspend steal Total E&amp employee block 70 Yemen
Thu Apr 08 13:04:50 +0000 2021	Goodbye Iran Good Night Iran
Thu Apr 08 13:05:40 +0000 2021	Hello Persia Good Night Iran
Thu Apr 08 09:27:21 +0000 2021	great news light end tunnel
Fri Apr 02 05:29:29 +0000 2021	see rise right appeasement motto don blame Muslim dictate christian country law want islamic law islamic country Macron doom
Sun Apr 04 18:17:04 +0000 2021	MR PRESIDENT NOTICED PRICE CIGARETTE INCREASE TIMES YEAR 2003 CASE LUNG CANCER DECREASE COMPLAIN FRENCH PEOPLE BLACK MARKET FIGHT INJUSTICE
Tue Mar 30 20:02:17 +0000 2021	nation steal technology war game marketing scam take place New York web server
Thu Apr 01 22:22:01 +0000 2021	new rule help hairdresser open etc etc France need date irritate
Mon Apr 05 14:38:19 +0000 2021	Israel existence Palestinian land state brutal military occupation commit daily crime massacre innocent Palestine 🇵 🇸 🇵 🇸 🇵 🇸 🇵 🇸
Thu Apr 08 11:51:19 +0000 2021	Hi Macron Goodbye Iran Good Night Iran
Thu Apr 08 13:00:55 +0000 2021	welcome Persia welcome regime change Good Night Iran
Wed Mar 31 17:00:05 +0000 2021	Feel France right come strong
Thu Apr 08 11:46:02 +0000 2021	Good bye Iran Good Night Iran welcome Persia
Mon Apr 05 09:21:20 +0000 2021	strong action take china
Wed Mar 31 20:13:06 +0000 2021	Human Evolution Divolution home brainless chimpanzee
Thu Apr 08 13:13:16 +0000 2021	got wish renew fighting ireland let hope IRA UVF fight brussels eu france germany
Fri Apr 02 04:18:50 +0000 2021	France symbol colonialism racism vaccine produce Covid pace medically advanced country president wage war veil Muslim woman call fight separatism sake election 😀 😀
Wed Apr 07 11:35:24 +0000 2021	337 thousand dead Brazil sabotage purchase vaccine die Brazil money god doesn care
Tue Apr 06 14:59:37 +0000 2021	problem muslim woman wear hijab choice free want right live religion Stop muslim ppl
Wed Apr 07 03:41:00 +0000 2021	Mr president want study physical form online consider request
Mon Apr 05 08:46:38 +0000 2021	international community little massive humanitarian disaster want wait second Rwanda scale disaster
Wed Apr 07 02:02:05 +0000 2021	HUMAN RIGHT BAD world BOYCOTTS Olympics 2028
Wed Mar 31 19:38:54 +0000 2021	Great decision contribute France free support model
Sun Apr 04 16:55:55 +0000 2021	opportunity assure security miss 2008 reject Ukraine membership application 2014 soon opportunity
Fri Apr 09 15:43:05 +0000 2021	United States strongly condemn Prince Philip death State Department immediately summon British Ambassador United States plans impose series sanction Buckingham Palace & amp British government & amp NHS
Fri Apr 09 20:41:12 +0000 2021	steal vaccine seek undermine economy face huh
Wed Apr 07 14:48:51 +0000 2021	interesting right anglo / French citizen vote 2022 🙌
Fri Apr 09 15:53:35 +0000 2021	PM speak French good speak English relationship improve
Fri Apr 09 23:22:53 +0000 2021	vacccinate 24/7 Levis Right thx concern
Thu Apr 08 13:53:59 +0000 2021	laugh 750 bill recovery fund seize mafia lol going happen eu mafia give lol mafia bad eu set dictate gangster TERRIFIED uk know lol
Wed Mar 31 15:51:55 +0000 2021	know utmost consider safety department
Sun Apr 04 02:51:23 +0000 2021	paedophile involve Robert green paedophile network dunblane murderer work security Gyle centre Ocean terminal look like syndrome isn STV News caster paedophile speak back
Tue Apr 06 21:57:11 +0000 2021	protect environment bide punish international code giant polluter & amp eco cider
Sat Apr 10 20:33:18 +0000 2021	treat human right support fascist Islamic regime Shame Macron
Sat Apr 10 17:39:06 +0000 2021	world know Egyptian people accept solution problem Renaissance Dam want war world know entire Egyptian people army Egyp mean Egypt million combat soldier
Sat Apr 10 09:45:12 +0000 2021	Contrast statement Donald Trump Cold De minimis action hide disdain British
Wed Mar 31 18:23:59 +0000 2021	Mr President Sir France trust science good trust science country save implement rapid vaccination Constant lockdown going stop Virus contrary rapid vaccination help diplomacy
Sat Apr 03 12:40:08 +0000 2021	Human save Humanitarian Principle 😭 😭 😭 😭 😭 🙏 🙏 🙏 🙏 🙏
Wed Apr 07 02:03:52 +0000 2021	tell pandemic 😡 You lock people die cancer kid school whist rich people dine private club
Wed Apr 07 17:02:44 +0000 2021	group people hold hostage act don negotiate free right thing politician bank hold population hostage negotiate Free beat
Mon Apr 05 19:54:48 +0000 2021	push arm embargo economic sanction Ankara intervene Libya Paris push similar measure Cameroon commit genocide Southern Cameroons People
Thu Apr 01 17:40:11 +0000 2021	Pandemic Alien test pass war Nostradamus predict Great people let donate vaccine money
Mon Apr 05 17:56:49 +0000 2021	entertain try solve Lebanon political problem rule political establishment steal people money savings stop support criminal stay position
Mon Apr 05 18:20:39 +0000 2021	push arm embargo & amp economic sanction Ankara intervene Libya France push similar measure Cameroon commit genocide people
Thu Apr 08 18:11:18 +0000 2021	Islamic Republic choice Iranian people money sale oil bullet rope reach people Iran
Fri Apr 09 22:32:17 +0000 2021	good post Britain need think plan Swiss honest broker hahah invite
Wed Mar 31 18:22:51 +0000 2021	piss right tired pay doesn follow rule shit
Fri Apr 09 12:58:33 +0000 2021	People Southern Cameroons deprive UK Gov right exist sovereign nation RES 1514XV explicitly state decolonization
Fri Apr 02 02:21:34 +0000 2021	Let realistic hard balance economic ecosystem Health new Collective Bible Story Wealthy individual test ordinary commoner
Sat Apr 10 02:40:04 +0000 2021	want action need rein contain India show restraint feed sit duck world silent
Tue Apr 06 03:53:18 +0000 2021	prove French money explain American upset highly corrupt
Tue Apr 06 10:20:23 +0000 2021	Artificial skin use 20 year Maybe lose translation
Sat Apr 10 20:44:40 +0000 2021	Jesus love John 32 Know truth truth shall free Say Jesus Jesus come 🙏 🏼 💖
Thu Apr 08 18:14:15 +0000 2021	help Mr Navalny well like watch slow torturous murder good decent man desert hand darkness barbaric 😐 HELP
Sat Apr 10 10:21:28 +0000 2021	give right dictate Muslim woman wear dress daughter Shame Shame leader speak
Tue Apr 06 18:56:23 +0000 2021	éducation est pas négociable WTF mean French school system shame child good conservatism hypocrisy censorship blatant failure change rotten France
Wed Mar 31 09:31:59 +0000 2021	completely free people Shengal Shengal Democratic Autonomous Council decide future talk negotiation Ezidi people want hear
Thu Apr 08 18:49:41 +0000 2021	Follow simple step free gift card click link bellow submit email lucky winner
Fri Apr 02 12:41:26 +0000 2021	LGBTQ Paedophile drop nearby Scotmid Lothian Road look start fight ve video sex offender scotmid Easter road lothian road PAEDOPHILES hate & amp LGBTQ Paedophile racist
Fri Apr 09 17:59:00 +0000 2021	Free prison abduct beat torture imprison unjustly Assad regime allow mother bad Assad regime ‼️
Mon Apr 05 11:20:07 +0000 2021	injection vaccine sure Covid app usual EU diesel EU look like EU slow
Tue Apr 06 18:39:37 +0000 2021	BULLSHITTER Vichy inclusive Vichy II inclusive Ask population face face stone public little man
Thu Apr 08 17:45:07 +0000 2021	beg Arab boycott French product right Europe like dog Pray Allah France ruin circumstance insaallah
Thu Apr 08 11:19:00 +0000 2021	WATCH MURDER ORIENT EXPRESS 🌟 🌟 🌟 ➡ ️ GOOD NIGHT IRAN 89 ⬅ ️ GOD BLESS PERSIA GOD BLESS RESTARTLEADER 🌟 🌟 🌟 ➡ ️ 🌟 🌟 🌟
Fri Apr 09 17:18:08 +0000 2021	work regardless rumor matterS care think LOL
Wed Mar 31 19:27:15 +0000 2021	Look like plan bugger Lockdown Quasi ineffective silly vaccine ve start speak Swedish watch
Mon Apr 05 04:02:35 +0000 2021	hey dude fight win battle win know stop Islam try extinguish light Islam shine bright shall Islam flourish France matter hateful
Sat Apr 10 06:48:07 +0000 2021	hold accountable time come crime expose
Mon Apr 05 16:08:10 +0000 2021	think vaccination do nt go disorganized disrespectful French law demographics immigration need filter wrong people tell ago lock protect wo nt protest
Thu Apr 01 19:25:37 +0000 2021	Turkish 300 km range hawk missile fly low altitude land sea catch radar opinion Turkish missile aircraft carrier
Thu Apr 01 06:33:42 +0000 2021	meet staff October 2015 Bercy strong feeling professionalism anymore read tweet like
Thu Apr 01 12:49:51 +0000 2021	Hong Kong financial hub Asia attack CCP reign Xi Jinping China come brutal & amp barbaric practice snatch freedom engulf land
Thu Apr 08 23:59:26 +0000 2021	correct agent sell cheat customer want save give insurance strong evidence crime remain dodgy police report well
Sun Apr 04 17:39:22 +0000 2021	stinky government ban hijab discriminate oppress muslim woman wear hijab bc actual islamophobe stop take money african country like tunisia libye & amp algeria mainly muslim country
Sat Apr 03 12:36:54 +0000 2021	tell democratic actually state
Wed Mar 31 13:37:29 +0000 2021	hard govern time like right wrong lot citizen effort hard decision have support pray Bon courage Mr President
Sat Apr 03 10:19:00 +0000 2021	AZ vaccine non merci answer French damage offload UK 👍 😂 💉 🇬 🇧
Wed Apr 07 17:21:02 +0000 2021	action
Sat Apr 10 11:49:48 +0000 2021	dictator fool
Fri Apr 02 15:36:55 +0000 2021	follow plan devil control fear Fear virus kill normal flue goal control QR code ELOHIM
Tue Apr 06 04:20:05 +0000 2021	Thank Jesus Subject Science fiction God miracle Easter 2021 deaf phone talk Facebook wearable device deaf type text
Wed Mar 31 17:10:08 +0000 2021	free Palestine free al quod
Sat Apr 10 09:31:57 +0000 2021	Brightmind Hygienic Fresh Healthy Fathonie Abdullah Fathonie AG Thonie AG Twitter
Thu Apr 01 02:23:30 +0000 2021	hadn frighten people claim UK vaccine dangerous good position Case death low right 30 jab July lose election year
Sat Apr 10 11:10:12 +0000 2021	European government ready negotiate Iranian government plunder oil Iranian nation honorable European nation force government leave negotiation Iran money blood tear Iranian child
Wed Mar 31 20:52:58 +0000 2021	Sufyan Iraqi Kurdistan condition good house rent work worker love girl year old wanted propose people girl want money
Sat Apr 10 13:19:00 +0000 2021	let future read news boycott Iranian democrat regret include human right negotiation IR
Thu Apr 01 16:58:16 +0000 2021	regard Revelation 12 17th great grandfather king Louis Cyprus shroud Tourin belong Savoys fate Piedmontese Easter like Peace fear Sunday Ear believe light love peace shine
Fri Apr 02 12:29:08 +0000 2021	big coward world 16 Year old girl wear hijab marry teacher 23 year young cause normal thing France history hypocrisy new low
Wed Mar 31 22:35:24 +0000 2021	incompetence cause situation France world blame supposedly British variant cover inadequate leadership
Wed Mar 31 13:24:36 +0000 2021	trust Mr President
Wed Mar 31 09:35:48 +0000 2021	CCP Virus come Wuhan P4 Laboratory result internal struggle party state faction
Sat Apr 10 13:29:06 +0000 2021	image product money pour pocket mullah nuclear deal benefit Iranian nation picture grave child
Sat Apr 03 10:08:26 +0000 2021	WORLD HUMAN RIGHT COMMISSION WORRY MINORITY LIKE HINDU RAP / KILLED&amp KIDNAPPED PAKISTAN DAILY BASIS 🙏 🏻 🙏 🏻
Thu Apr 01 05:36:50 +0000 2021	plan plan plan schwab schawb schawb grandreset grandreset grandreset
Thu Apr 01 07:06:14 +0000 2021	fool action kill thousand vaccinate Oxford vaccine blood hand
Fri Apr 09 14:00:32 +0000 2021	grandiose laughable sign emotional immaturity need figure
Mon Apr 05 15:56:09 +0000 2021	lock country shut food store pharmacy doctor surgery close border stop flight week ll decrease number test positive week later death start fall
Fri Apr 02 10:26:50 +0000 2021	sacrifice people unfounded hostile action Oxford jab petulant attempt punish British Post Brexit Shame
Wed Mar 31 13:31:07 +0000 2021	trust President
Thu Apr 01 19:33:57 +0000 2021	hatred UK thing avoid fact AZ vaccine take great delight tell people good develop UK taxpayer money vaccine end pandemic France
Thu Apr 01 09:11:23 +0000 2021	Force force force
Wed Mar 31 22:02:42 +0000 2021	good news Brit vote foot defiance fake news pump continent 99 25 Brit turn second jab
Fri Apr 09 17:02:19 +0000 2021	retire remarry hurry vegan don protect animal right like hate wear black think bluff time rethink position LIFE
Wed Mar 31 22:00:07 +0000 2021	good news Brit vote foot defiance fake news pump continent 99 25 people uk take second jab
Thu Apr 08 07:07:58 +0000 2021	Sur internet format pdf ou visiter au musee
Sat Apr 10 07:01:12 +0000 2021	world wait find evidence hold Ethiopian&amp Eritrean government leader accountable crime commit Action
Mon Apr 05 13:09:16 +0000 2021	Sir protect life COVID 19 drinking glass water Black Pepper Powder Spoon Cardamom Elachi Powder 1/2 Spoon Jaggery good immunity eat dry grape almond Jagga Rao +91 9700606134
Wed Apr 07 08:24:10 +0000 2021	China didn proper wave country have second wave big scam human history biological war wage China punish
Thu Apr 08 21:11:52 +0000 2021	God curse pig Europe ask God pass world turn monkey insult Prophet Muhammad Islam
Fri Apr 09 08:38:09 +0000 2021	head state duty respect belief enable people practice belief freely unfortunately don thing
Tue Mar 30 20:08:26 +0000 2021	see end leader debate Yes Sarwar pandemic sensible course action retain status quo UK Scotland good recovery rate vaccinate people & amp comprisis party
Thu Apr 08 19:04:20 +0000 2021	CO2 +420 PPM require Paris signature adopt non GHG base economy restrict & amp heat trap gas fast Covid vaccine find
Thu Apr 01 03:14:31 +0000 2021	monastery mention police social care year ago recognise element link care service church centre royal Edinburgh Kirkcaldy include royal marine face documentary identifiable monk
Wed Mar 31 18:55:56 +0000 2021	Acceptable plan
Thu Apr 08 19:07:51 +0000 2021	CO2 +420 PPM require Paris signature adopt non GHG base economy restrict & amp heat trap gas fast Covid vaccine develop
Wed Mar 31 20:56:20 +0000 2021	That s Emmanuel cover mishandle covid vaccine rollout blame British variant fool behave like petulant child
Mon Apr 05 14:37:22 +0000 2021	Shame complicit Israel crime Palestinian ethnic cleansing Palestinian Israel want close relationship 🇵 🇸 🇵 🇸 🇵 🇸
Sat Apr 10 07:33:16 +0000 2021	recently state France role 1994 monumental failure France ignore Ethnic face gross violation |n troop
Fri Apr 02 16:54:18 +0000 2021	PROHIBITION VOID LENIENCY CRIMES XXXIII IPC 792 Deferral Exploitation Benefits Prohibited Ground Imprisonment 5Yrs Penalty Rs 5000 Arrare Sir Yeh Kya Hai Deferral Urgency
Wed Mar 31 10:03:17 +0000 2021	Leave free
Sat Apr 10 11:03:58 +0000 2021	state France role before+dure 1994 monumental failure France blind eye Ethnic & amp face gross violation Eritrea|n troop
Mon Apr 05 07:46:12 +0000 2021	France law forbid woman wear religious head cover hijab hope religious cover woman Catholic nun public allow wear head
Wed Mar 31 19:55:02 +0000 2021	protect border use arm
Fri Apr 02 17:33:14 +0000 2021	pathetic country go lockdown unable control wave COVID plan protect French pig government time pandemic continue spread Islamaphobic ideology 1/2
Mon Apr 05 14:36:55 +0000 2021	recognize criminal occupation state Israel Zionist occupation exist expense Palestinian 🇵 🇸 🇵 🇸 Israel play usual despicable game conceal criminal reality & amp emergence world Peaceful Lover Shame
Wed Mar 31 20:53:08 +0000 2021	Prime Prime Prime
Mon Apr 05 23:41:09 +0000 2021	understand church state separate secular society symphatize kindergarden staff have guard child wear veil child doesn want case Child convention Child = without veil want
Thu Apr 08 17:45:18 +0000 2021	🇫 🇷 continue support oppressive regime like 🇨 🇲 guise cooperate bondage fight neo colonialism & amp subjugation
Wed Mar 31 18:08:33 +0000 2021	20 07 come point Boy need trust
Wed Mar 31 18:34:24 +0000 2021	Macron new Jeruselem UK Ok pal time disregaurd UK people starve OK MACRON TELL MATE KNOW win Lord God say macron ypu desire
Sat Apr 03 07:17:00 +0000 2021	Lier war crime macron
Thu Apr 01 10:39:31 +0000 2021	world let sort priority Innocent suffer human deserve peaceful living force right control world live
Sat Apr 10 10:08:45 +0000 2021	NVAX Eyes Upcoming Phase PREVENT 19 Study Readout
Wed Apr 07 14:02:58 +0000 2021	ORDER secure necessary vaccine produce fellow French require export pend ORDER
Sat Apr 10 07:19:35 +0000 2021	jurisdiction free maybe limousine help Thank
Sat Apr 03 11:05:02 +0000 2021	good thing help God bless child Trust LORD
Fri Apr 02 16:38:47 +0000 2021	believe game work trust remember
Thu Apr 01 13:26:27 +0000 2021	Thank exactly world need want current leader need step refuses accept responsibility pandemic want charge build robust international health architecture
Wed Mar 31 16:53:55 +0000 2021	interest public safety criminal activity ethnic minority police file storage include poisoning Scotland abut England France ethnic minority bar near
Sat Apr 10 10:29:51 +0000 2021	late March say EU initial 750bln euro response adequate epidemic wave doubt need complete Quick pace recovery worry say
Wed Mar 31 18:22:09 +0000 2021	Macron know plan invade Britian Think mate step ya pal con man God angry ungrateful presedennt history Britain problem France Macron biscuit
Wed Mar 31 12:13:32 +0000 2021	Start country
Fri Apr 02 16:10:42 +0000 2021	serb genocider FREE YEARS kill
Fri Apr 02 21:24:56 +0000 2021	couple paedophile call John Essen & amp paedophile buddy didn want sex offender ve spot Human Right Watch Page Edinburgh send lawyer evidence recall staff
Thu Apr 01 00:08:12 +0000 2021	strong faith Jesus Christ
Fri Apr 09 15:41:31 +0000 2021	tiny ease reason interest bring lose protect
Wed Apr 07 14:52:08 +0000 2021	Brazilian president insane threat world Send prison international space station
Wed Apr 07 14:07:57 +0000 2021	scandalous help hand colony France Haiti let secure Million dose vaccine donation Haiti form help Haiti enroll Gavi Covax
Thu Apr 01 10:54:38 +0000 2021	French government withdraw destructive Arctic fossil fuel project Marvin true leader international climate commitment
Wed Apr 07 21:34:49 +0000 2021	Dear President Source supporter scum world super army intelligence Russia China dictatorship
Fri Apr 02 02:48:01 +0000 2021	Patriotism exact opposite nationalism Nationalism betrayal patriotism put interest regard erase thing nation hold dear thing keep alive moral value
Wed Mar 31 19:31:47 +0000 2021	DEBT RESET INCOMING loose
Sat Apr 03 07:24:28 +0000 2021	Sir think Kent variant come allow hundred immigrant cross channel KENT
Sun Apr 04 03:12:56 +0000 2021	send email historical & amp ongoing insurance fraud concern child sexual abuse claim illegal medical abuse offence hide lesser crime negotiate illegally fraudulently Lawyer broker agent & amp Judiciary ignore
Mon Apr 05 07:11:10 +0000 2021	congratulations turn remainer eu huge brexit surge realise eu enemy Buy british 3rd buying eu shot export uk massively cripple economy tourism trade
Wed Mar 31 10:56:13 +0000 2021	Thing United Nations government EU need know Abi Ahmed say Eritrean troop leave Tigray Troop enter Tigray show contempt United Nations European Union United States
Thu Apr 01 11:45:41 +0000 2021	disgraceful failure Manu hope French people eventually replace Marine true strong decent honest leader
Wed Mar 31 18:27:31 +0000 2021	gobe mon flan
Wed Apr 07 16:15:18 +0000 2021	happy
Thu Apr 01 02:10:04 +0000 2021	abuse mete & amp promise child present denial right family Duterte get right victim people like want dead & amp consider socially & amp legally acceptable
Fri Apr 02 09:38:42 +0000 2021	yeah let pretend half assed measure chance work
Thu Apr 01 08:15:43 +0000 2021	problem work geneticist work genenticist 1997 work placr sexual harassment take man woman welcome dnsk international
Wed Mar 31 18:51:59 +0000 2021	Tes ton prime
Wed Apr 07 14:54:39 +0000 2021	Aplmm thought idea appreciable assurance China repeat criminal act generation come
Thu Apr 08 02:49:05 +0000 2021	oh Macron crime country crime today Mali
Sun Apr 04 04:47:52 +0000 2021	Thank Jesus Subject Iphone12 buy Amazing
Wed Mar 31 11:38:28 +0000 2021	Oh bordel
Sat Apr 03 18:40:36 +0000 2021	France FDA gov list 22 effect include possible death FACT FDA approve vac prevention 19 FACT Ignore 19 propaganda 99 recovery rate vac toxic vac Protect ur family&amp child Macron know
Tue Apr 06 10:42:48 +0000 2021	Novavax Inc Strong Buy JP Morgan Upgrade
Sun Apr 04 19:34:56 +0000 2021	fail understand obsession Britain Surely France & amp people come President Oh dimwitted Frenchmen strong suit
Thu Apr 08 20:09:44 +0000 2021	Macron hope free let talk soul soul ready minute
Fri Apr 09 21:14:00 +0000 2021	active genocide happen Ethiopia minority Tigray ethnicity Mr President power organize international community stop late
Wed Mar 31 11:44:19 +0000 2021	Masterclass akhy es ton prime
Wed Mar 31 09:27:04 +0000 2021	Masterclass prime
Wed Mar 31 09:27:26 +0000 2021	Masterclass ton prime bg
Wed Apr 07 00:15:25 +0000 2021	Philippians anxious situation prayer petition thanksgive present request God Jesus love 🙏 🏼 ❤
Thu Apr 01 17:54:35 +0000 2021	april 2020
Thu Apr 08 02:12:19 +0000 2021	open border
Wed Mar 31 22:55:04 +0000 2021	Freedom freedom freedom stress free 🔚 🔚 🔚 🔚 🔚 🔚 🔚 🔚 🔚 🎈 🎈 🎈 🎈 🍻 🍻 🍻
Wed Apr 07 18:01:18 +0000 2021	little late friend family SICK COVID shut everybody vaccinate immediately
Thu Apr 01 08:10:42 +0000 2021	recommendation Allah neglect french citizen trust guy betray spiritual FATHER ☝ ️
Thu Apr 08 07:05:43 +0000 2021	Thank Jesus Subject Irish report Vitamin COVID 19
Wed Mar 31 18:37:47 +0000 2021	kill people incompetence Wake grow
Wed Apr 07 17:14:48 +0000 2021	talk shit start believe bullshit
Tue Apr 06 05:44:41 +0000 2021	good Armed Unmanned Aerial Aircraft country 1000 UAA present use airbasis
Wed Mar 31 09:15:58 +0000 2021	ATTEND AKHY ES TON PRIME
Fri Apr 09 17:01:26 +0000 2021	Country act elimination Communist Party strong
Wed Apr 07 09:40:31 +0000 2021	Ladies Gentlemen author owner ConstructionWithoutCrane project financial structure ready finance project example structure Mukesh Ambani Bank America
Fri Apr 09 21:28:34 +0000 2021	think emmanuel macaroon don hate foreigner
Tue Apr 06 19:50:30 +0000 2021	ah bah yess
Sat Apr 03 13:17:26 +0000 2021	assert think happiness warm existence walk
Sun Apr 04 01:33:52 +0000 2021	Thank Jesus Subject China keep go step step open big market
Wed Apr 07 00:11:39 +0000 2021	Thank Jesus Subject Pfizer new oral drug COVID 19
Wed Apr 07 03:00:52 +0000 2021	good president generation Thank good work wish long life wisdom lead people great nation
Thu Apr 01 07:42:22 +0000 2021	bad don know french insult language SOB
Wed Mar 31 11:17:33 +0000 2021	NAHADINE COVID AH MACRON
Sat Apr 03 23:15:46 +0000 2021	Thank Jesus Subject United States intention deal withChina United States man aim love China little girl Big international space information ISI ltd Mr Truth Truth clkwong 中國香港 鄺祖良 Jesus 12
Sat Apr 03 11:45:59 +0000 2021	Russia intl border 150 km road Pavlovsk Voronezh oblast
Thu Apr 01 09:42:14 +0000 2021	poor loser silent torture child despite establish police state
Fri Apr 02 14:17:32 +0000 2021	extremist claim protect citizen order cover failure
Wed Mar 31 05:49:40 +0000 2021	Open border want girlfriend Paris
Wed Mar 31 15:32:08 +0000 2021	Confinement Project en cours upload
Fri Apr 02 13:35:53 +0000 2021	maybe concentrate clean mess door stop pretend global monarch
Wed Mar 31 21:28:10 +0000 2021	time hear voice psychiatric patient hub meeting foul temper speak English strong French accent word Saxon f * * *
Mon Apr 05 01:17:25 +0000 2021	Thank depth conversation dear John Critical time enter decade result climate 2021 year collective action Let April 22nd decisive moment way Eager work
Tue Mar 30 21:17:26 +0000 2021	Thank Jesus Subject Hong Kong Benefit House price HK million 2021 payment 10 Monthly family income HK 50 K Hk 20 K 180 month 15 year later House rise HK million sell 中國香港鄺祖良 12
Wed Mar 31 09:30:36 +0000 2021	ah shit
Sat Apr 10 09:53:21 +0000 2021	Fool people despise want queen Europe
Wed Mar 31 16:21:32 +0000 2021	Mr President start robust health architecture well let destroy medecine student order protect future need
Sat Apr 03 14:18:23 +0000 2021	democratic principle law HR law mean protect ur people
Tue Mar 30 20:10:16 +0000 2021	point need gender equality ethnic minister lot rhetoric don need specific thing people Scotland minister represent specific minority Scotland
Wed Apr 07 10:02:41 +0000 2021	control mindset population appx 1/3 global population control
Sat Apr 03 08:59:18 +0000 2021	Hong Kong long elect member Education reform cultural cleansing genocide resistance crime resistance movie prohibit CCP completely control people Hong Kong believe CCP see
Fri Apr 02 02:51:07 +0000 2021	protest French government invasion French democracy people need freedom
Tue Mar 30 23:24:27 +0000 2021	offer care strategy 25 great delicious honor free french epidemiologist
Sun Apr 04 07:51:50 +0000 2021	oh dear export uk fall eu italy 83 & amp buy british 3rd uk buy eu hurt suffer pursuit try punish uk hurt lol deal gangster
Sat Apr 10 22:19:02 +0000 2021	Covid 19 man destruction weapon lose action
Fri Apr 02 18:46:55 +0000 2021	MUSLIM LEAVE WEST AFRICAN COUNTRY HIGH MUSLIM POPULATION FRANCE WEAK COUNTRY DEPEND COUNTRY BUILD ECONOMY
Wed Apr 07 14:35:13 +0000 2021	troop Africa don involve affair learn lesson foreign policy Africa garbage got kick CAR replace Russian France steal Africa
Sun Apr 04 16:34:44 +0000 2021	Saïd Chetuan 15 year old boy rape secret police arrest march Saturday April Algeria free Algeria general medium speak
Sun Apr 04 15:46:37 +0000 2021	good immune system battle little fever week
Mon Apr 05 23:38:32 +0000 2021	Covid confirm Fraud / hoax perpatuate Bill Gates know Experimental MRNA /DNA alter Depopulation vaccine cocstitute * Crime Humanity *
Tue Mar 30 22:28:25 +0000 2021	sacrifice current generation get house order join house card come togther be nt go win noble prize spew Vaccinate protect France
Thu Apr 01 08:21:38 +0000 2021	Leave UK sure lass France rogue state
Sat Apr 03 09:01:29 +0000 2021	United Nations United Nations genocide Tigray massacre people Tigray good United Nations take action
Sat Apr 10 21:20:42 +0000 2021	time end Turkish crime aggression & amp ethnic cleansing Kurd
Sat Apr 03 13:14:12 +0000 2021	time overthrow Saudi royal family death threaten kill free speaker like Jamal Khashoggi Saudi official issue death threat UN Khashoggi investigator
Tue Apr 06 12:18:29 +0000 2021	tgiray mekele civilian go adigrat Eritrea&amp Ethiopia force kill tigray civilian stop Genocide tigray Nide action
Wed Mar 31 19:26:47 +0000 2021	Shouldn slag Oxford jab old bean lot poor uptake rise case
Sun Apr 04 03:59:08 +0000 2021	competence finish war COVID 19 variant COUNTRY week meet goal like accept severe penalty include death trust contact use talent save people live Wenbin Zhao
Mon Apr 05 14:39:41 +0000 2021	Meeting / Summit attndng coz C19 case rise concernd ovr travel meeting conf Lattr betr pls
Mon Apr 05 16:19:53 +0000 2021	sad lost think well like land need rest harvest need rest learn rule new philosophy that s time new plan think do nt
Sun Apr 04 15:06:11 +0000 2021	UK please hear angry Brexit collapse clever table turn career like Beaun Breton stupid trust
Thu Apr 01 08:50:32 +0000 2021	parent near hospital 55kms away rule mean Accord attestation live close border département allow travel 30 km home reason
Sat Apr 03 13:19:51 +0000 2021	don turn Blind eye current people Tigray need outwardly condemn action regime
Wed Apr 07 04:07:06 +0000 2021	Mr macron Deal table lebanon lawless country rule politician overwhelm greed mercy man kind love people lebanon Help live hope democratic corrupt free nation don dream
Wed Mar 31 06:39:14 +0000 2021	practice therapy future disposal period confinement 24 h/24 quantum therapy care home prayer wheel Protect family donate humanity stay united love universe ❤ ️
Sun Apr 04 13:40:43 +0000 2021	don turn blind eye current people Tigray need outwardly condemn action regime
Sat Apr 03 17:54:16 +0000 2021	don turn Blind eye current people need outwardly condemn action regime
Sat Apr 03 20:17:57 +0000 2021	don turn Blind eye current people Tigray need outwardly condemn action Abiyahmedalus regime
Sat Apr 03 20:15:44 +0000 2021	don turn Blind eye current people need outwardly condemn action Abiyahmedalus regime
Mon Apr 05 14:37:52 +0000 2021	Shame support colonization occupation Stop support brutal Zionist entity Israel Israel friend United States condemn commit crime Palestine 🇵 🇸 🇵 🇸 🇵 🇸 🇵 🇸
Fri Apr 02 11:42:23 +0000 2021	prat president treat people UK like world opportunist forget unstinting sacrifice UK world war France free oppressor forget Macron
Wed Mar 31 21:31:39 +0000 2021	hi info aja sih cron speak day ago would nt ve spend shit plane ticket
Thu Apr 08 23:15:36 +0000 2021	URGENT country European Union LOCKDOWN 30 day PANDEMIC stop imediately work sleep work 30
Thu Apr 08 16:30:19 +0000 2021	Support opposition try kill daughter prime minister Montenegro today React
Sat Apr 03 21:52:40 +0000 2021	don turn blind eye current people need outwardly condemn action & amp regime
Thu Apr 01 00:35:32 +0000 2021	MATTHEW 34 MATEUS 34 worry tomorrow tomorrow worry day trouble
Wed Mar 31 17:06:20 +0000 2021	depict image true disobedient slave murder people win battle buy village abductor people sight seeing accompany local guide usually indigenous
Sat Apr 03 19:57:54 +0000 2021	don turn Blind eye current people Tigray need outwardly condemn action & amp regime isn value & amp principle France
Sat Apr 03 15:58:07 +0000 2021	don turn Blind eye current people need outwardly condemn action regime dictator life time dictator Eritrea
Wed Mar 31 07:29:20 +0000 2021	TV tonight Covid strategy ruin promise Spring revival carbonised hospital overwhelm border close beloved EU naked expose Sophie Coignard French journalist notice
Thu Apr 01 06:30:43 +0000 2021	idea Marseille
Sat Apr 03 06:55:23 +0000 2021	simple minded ignoramus know Islamic culture law feel need forth law discriminate French Muslim country
Thu Apr 01 17:20:55 +0000 2021	area place abuse child stone throw Stella Barn Project ll bet abuser
Wed Apr 07 13:24:48 +0000 2021	Algerian woman name Zulekha El Shayeb tie car time dirty French colonialism kill throw plane true filthy face France
Thu Apr 01 01:17:40 +0000 2021	allow crime answer throw sabot machine achieve
Fri Apr 09 13:53:13 +0000 2021	violence country soldier longer consider Burmese stinking shit reach incredible unacceptable limit country world use right interference force border clean stinking shit
Fri Apr 02 15:36:20 +0000 2021	fall faith faith chair
Sun Apr 04 02:53:01 +0000 2021	Dundee borstal approve school child involve sex crime child genuine victim fraud wait criminal record family involve abuse
Thu Apr 08 12:22:19 +0000 2021	idiot despise man Europe Thousand die lie countryman oust long Delusional clown Look
Wed Apr 07 03:31:25 +0000 2021	ready way stop abuse muslim
Fri Apr 09 20:33:15 +0000 2021	body tear piece Ethiopian Eritrean troop accuse massacre continue fall like Autumn leave homeland learn
Mon Apr 05 09:44:40 +0000 2021	people France friend leader United Kingdom fool pretend failure success arrogant face failure bad hair
Wed Mar 31 21:18:52 +0000 2021	AstraZeneca vaccine stop British variant bring France immigrant travel France idiot play silly game try rubbish AZ kill people
Sat Apr 03 10:22:44 +0000 2021	trouble get vaccine remember ask UK surplus week don care people care pathetic scrawny neck mouth finish good
Wed Mar 31 18:27:07 +0000 2021	know believe personally fuck vaccination program behave like spoilt child playground have way Jealous strategy advanced think MURDERER
Wed Apr 07 16:08:24 +0000 2021	Eusociality caste system India communism China North Korea savage barbarism Africa curse Jew muslim leave peril dare CANADA matter much — 🌹 💀 🇮 🇱 🤟
Thu Apr 01 16:54:29 +0000 2021	know hate Britain British instead blame deflect personal ineptitude ball kill people save time British Grow pair gut
Wed Mar 31 23:37:45 +0000 2021	Central bank bitch Lock bail sell country new world order
Wed Apr 07 11:39:02 +0000 2021	push rhetoric preside death thousand order political point EU see disgrace tactic use don way feel proud nation club take away strength
Wed Mar 31 17:41:47 +0000 2021	behaviour lot people truly hide feeling right see small child try hide plain sight groom drag mud time
Wed Mar 31 22:51:39 +0000 2021	Incompetent Nationalistic Liar people France sensible look job soon let country
Thu Apr 01 04:02:40 +0000 2021	Salmond wo nt weaken recognise paedophile performance stage Salmond MacAskill & amp paedophile network abuse 50 year sense attempt MacAskill Salmond exact revenge
Wed Mar 31 22:44:45 +0000 2021	Thank vaccine end crisis horizon lock country country strong position hadn rubbish vaccine spread misinformation
Fri Apr 09 20:55:29 +0000 2021	John Baptist belove Disciple dead & amp know fact birthday live infamy forever Week December 14th Michael Came immaculately conceive
Mon Apr 05 15:16:07 +0000 2021	shit circus WTF Mr President declaw & amp bash tooth f**ked position shut circus allow Wildlife rescue lioness abuse
Wed Mar 31 22:28:33 +0000 2021	President Macron competent say Astra Zeneca vaccine useless 60 say dangerous 50 surprise take France lock UK 60 adult vaccine problem
Tue Apr 06 17:00:14 +0000 2021	Say constitute form oppression force prostrate give order normal tell calm lawsuit let marry woman
Mon Apr 05 15:13:23 +0000 2021	think reason 3rd wave EU push fish UK water poisson avril time wise gentle water & amp wave calm Covid environmental planet way cure urgently
Tue Mar 30 20:36:41 +0000 2021	Boris Johnson stick boot Black Live Matter heritage strangely statue reckon near deserve pull defend rigorously racism hide racist issue include Classism & amp hatred indigenous
Fri Apr 02 21:36:35 +0000 2021	sex offender leith involve cover paedophile network link peterhead Yorkshire French consulate Edinburgh & amp Consulate & amp bank Ireland shut
Wed Mar 31 17:08:04 +0000 2021	film people yesterday fit profile peterhead child maybe relative abuser thinking lawyer ask report soon Racism go fall
Sat Apr 10 18:58:04 +0000 2021	wish express sincere condolence Majesty Queen Elizabeth Royal Family British people death Royal Highness Prince Philip live exemplary life define bravery sense duty commitment youth environment
