created_at	text
Sat Apr 03 03:24:14 +0000 2021	data privacy like mission impossible +62 Data protection wishful thinking
Fri Apr 02 07:25:23 +0000 2021	
Sat Apr 03 14:51:16 +0000 2021	MIRACLE SUEZ CHANNEL ALIGNMENT TUG DETERMINATION DRUGS CONTROL HUMAN BEING DECISIVE STRENGTH NATURE HELP GIANT GIVE
Thu Apr 01 15:01:22 +0000 2021	44 day nightly internet cut 16 day total mobile internet shutdown brutal issue ban wireless internet today Junta try murder blind world
Sun Apr 04 14:31:36 +0000 2021	behalf people Pulau Buayo Village Bathin VIII District Sarolangun District Jambi Indonesia ask check data physical village fund village Pulau Buayo Thank
Tue Apr 06 00:42:17 +0000 2021	Hi 08 silvester Brand new mobile game high quality come soon ！
Fri Apr 09 00:22:25 +0000 2021	Safe flight mr President
Thu Apr 08 01:22:09 +0000 2021	info comparative study management state financial INDONESIA IMPROVEMENT BETTERNESS MERDEKA76 🇮 🇩 🇮 🇩
Thu Apr 08 23:58:00 +0000 2021	correct agent sell cheat customer want save give insurance strong evidence crime remain dodgy police report well
Fri Apr 09 17:26:58 +0000 2021	Meow VANCAT lover shine like star internet share VANCAT power community Buy VANCAT
Fri Apr 09 01:03:09 +0000 2021	Dear Mr refugee thank cooperation provide shelter keep safe country know 13 year work study greatful help work license
Sun Apr 04 21:19:53 +0000 2021	USA product GER / INA ah * order mob USA luck+out tennis capitol+INA Pres palace+police headquarter get attack oil explosion plane crash bomb AllEngland etc+40 GER bus fire MILLIONS EUR damage + train derailed++coz ah * mob Instagram / GMail
Wed Apr 07 07:56:00 +0000 2021	Brightmind Hygienic Fresh Healthy Fathonie Abdullah Fathonie AG Thonie AG Twitter
Sun Apr 04 21:32:27 +0000 2021	40 bus fire ah * church mobber woman + train derail ah * mob applic + GER virus Covid19 dead+explosion+bomb+attack+crash++God angry U / INA ah * let FOLK DIE+why mob IG warn
Fri Apr 09 23:00:27 +0000 2021	cq foreignminister cq aus tralian embassy PLS KILL WILD HORSE PROTECT TREESPLANTS AUSTRALIA SEND INDONESIA TAKECARE UNGUILTY HORSE GOD CREATURE WARN AUSTR KARMA COME AUSSY PL BELIEVE GOD 👺 👺 👺 👽 👽 👽
Sat Apr 03 12:38:41 +0000 2021	close eye plunder sovereignty Myanmar coup junta military chief region chance imitate modernize way coup ASEAN county prevent military general try attainable state power
Fri Apr 02 07:37:22 +0000 2021	🇮 🇳 ＯＰＰＡＢＥＴ 🇮 🇳 ＯＰＰＡＢＥＴ 🇮 🇳 ⚡ The Best Online Casino Asia ⚡ 75 FREE SPINS everyday DEPOSIT REQUIRE ⭐ ️ Play 𝗢𝗣𝗣𝗔𝗕𝗘𝗧 game win ⭐ ️ 𝙍𝙀𝙂𝙄𝙎𝙏𝙀𝙍
Sat Apr 10 17:13:19 +0000 2021	739 life innocent people take APR military kill 82 civilian Bago Source organisation wait need action protect people save Myanmar
Wed Mar 31 14:35:13 +0000 2021	GER racial+hypocrites+so UK+USA+EU & gt ruin God w/ MILLION + + +2020 25 EU dead Covid19 terror +2043 Europe Islam continent+Rome Islam center catholic+radical Islamist attack EU 2066 USA war vs EU
Thu Apr 08 16:54:06 +0000 2021	Dear president thank concern Myanmar Despite 82 vote party take Junta landslide winner party NLD member parliament arresr country Include leader sunkyi president win myint Pleass agreesive action
Thu Apr 08 16:57:07 +0000 2021	Dear president thank Myanmar take Junta landslide winner party NLD member parliament arresr country Include leader sunkyi president win myint Pleass agreesive action
Wed Apr 07 17:06:52 +0000 2021	Hi 0hFirdausss Brand new mobile game high quality come soon ！
Sat Apr 03 03:17:06 +0000 2021	Mandalika problem talk cheap easy action cost
Sat Apr 03 03:10:09 +0000 2021	Mandalika problem talk cheap action cost
Sun Apr 04 21:41:18 +0000 2021	heart God ah * DEAD ASAP+think Ur sin DEAD ASAP cancer stroke paralyze etc stop mob coz INNOCENT God back misuse power MOB INNOCENT POWERLESS ME+my SOC MEDIA+let FOLK DIE + +
Fri Apr 02 19:27:24 +0000 2021	hope build beautiful strong safe president
Mon Apr 05 10:28:01 +0000 2021	Thank attention Mr President strong & amp God Bless You ❤ ️
Sun Apr 04 19:51:56 +0000 2021	Karma USA Capitol+INA police headquarter get attack bomb plane crash Badminton unluck etc GER church ah * mob + INA ah * mob IG LuckyBlessedMe coz warn RIP God back innocent try save life let people die
Fri Apr 02 17:10:48 +0000 2021	project need 50 year isn
Thu Apr 01 02:16:22 +0000 2021	hell Papuan people Hypocrisy Indonesia astounding Gain independence Denmark heinous crime
Wed Mar 31 00:45:19 +0000 2021	think time come world Indonesia capable political necessary military power responsibility ASEAN country protect democracy value world
Sat Apr 10 06:46:31 +0000 2021	fall
Fri Apr 09 09:33:31 +0000 2021	cryptocurrency VANCAT
Wed Mar 31 14:49:48 +0000 2021	Mar31 Mob Instagram enjoy unluck coward one mob God know it = if unluck INA mean mobber simple coz God know it+where ah * come plane crash AllEngland unluck Makassar bomb etc God angry mobber
Wed Mar 31 21:57:40 +0000 2021	mob INA team nothing+even GER sadism+racism me+why manage pandemic ca nt coz GER sadistic Nazi & gt stainless steel nervs++U easily lose mind+a bit bit suicide GER+EU future like BabaVanga prediction
Wed Mar 31 02:15:59 +0000 2021	write Durian Petai+no alcohol etc do nt want positive result RI use GeNose ADVISE use GeNose airplane etc RI look problem Pilkada GeNose etc spread kill virus = RI serious+virus FAKE DOWN 🤬
Sat Apr 10 21:31:31 +0000 2021	deep condolence pass HRH Prince Philip Duke Edinburgh thought prayer Majesty Queen Elizabeth II Royal Family British people time sorrow
