created_at	text
Mon Apr 05 14:38:21 +0000 2021	good people partial protection COVID 19 maximum protection few people limited supply vaccine begin roll part world expert suggest authority recommend vaccine sc
Tue Apr 06 00:42:17 +0000 2021	Hi 08 silvester Brand new mobile game high quality come soon ！
Thu Apr 08 03:19:36 +0000 2021	go donate organ don hope future life destroy suffer anymore year Indonesia refugee UNHCR hope help sick person UNHCR look refugee kill
Sat Apr 03 03:24:14 +0000 2021	data privacy like mission impossible +62 Data protection wishful thinking
Sun Apr 04 21:32:27 +0000 2021	40 bus fire ah * church mobber woman + train derail ah * mob applic + GER virus Covid19 dead+explosion+bomb+attack+crash++God angry U / INA ah * let FOLK DIE+why mob IG warn
Sat Apr 03 14:51:16 +0000 2021	MIRACLE SUEZ CHANNEL ALIGNMENT TUG DETERMINATION DRUGS CONTROL HUMAN BEING DECISIVE STRENGTH NATURE HELP GIANT GIVE
Sat Apr 10 17:45:47 +0000 2021	student woman thin muat big ass Big ass identic nice woman
Wed Apr 07 06:40:25 +0000 2021	Kesuwen le ngareng mbah concept reality GCK Energy bring vision sustainable Dakar bivouac life Saudi Arabia step fully green bivouac 2024
Fri Apr 09 01:03:09 +0000 2021	Dear Mr refugee thank cooperation provide shelter keep safe country know 13 year work study greatful help work license
Sun Apr 04 01:20:42 +0000 2021	Smart modern lovely city
Sun Apr 04 21:19:53 +0000 2021	USA product GER / INA ah * order mob USA luck+out tennis capitol+INA Pres palace+police headquarter get attack oil explosion plane crash bomb AllEngland etc+40 GER bus fire MILLIONS EUR damage + train derailed++coz ah * mob Instagram / GMail
Fri Apr 02 13:59:26 +0000 2021	Future Indonesia Awesome
Wed Mar 31 03:59:39 +0000 2021	Assalamualaikum sir need help sir love Indonesian girl want nikkah help come sir sir 🙏 🙏 🙏 🙏 🙏
Wed Apr 07 04:53:12 +0000 2021	refugee Indonesia year family Afghanistan unfortunately life destroy interested alive anymore go help sick people want donate organ
Mon Apr 05 12:21:48 +0000 2021	safe & gt 60yr old DUNNO Uk+indium etc careless = even dead win know do nt check YOUNG PEOPLE DEAD AstraZeneca GER+NED++STOP & lt 60+prepare /medicine vs advance+USA DONT use AstraZeneca
Wed Apr 07 17:06:52 +0000 2021	Hi 0hFirdausss Brand new mobile game high quality come soon ！
Fri Apr 09 23:48:05 +0000 2021	cq foreignmoinister cq japanese embassy hunt & amp kill whale food etc lot different fish eat God creature beleive karma fukushima tsunami nuclear reactor damage people die like chernobyl bhopal 👺 👺 ☠ ☠
Fri Apr 02 12:40:43 +0000 2021	beautiful future Indonesia 🇮 🇩 ❤ ️🤍
Thu Apr 08 23:58:00 +0000 2021	correct agent sell cheat customer want save give insurance strong evidence crime remain dodgy police report well
Fri Apr 09 09:33:31 +0000 2021	cryptocurrency VANCAT
Thu Apr 08 16:54:06 +0000 2021	Dear president thank concern Myanmar Despite 82 vote party take Junta landslide winner party NLD member parliament arresr country Include leader sunkyi president win myint Pleass agreesive action
Sun Apr 04 14:31:36 +0000 2021	behalf people Pulau Buayo Village Bathin VIII District Sarolangun District Jambi Indonesia ask check data physical village fund village Pulau Buayo Thank
Mon Apr 05 12:32:50 +0000 2021	safe & gt 60yr old DUNNO Uk+indium etc CARELESS = even DEAD win know DONT CHECK YOUNG PEOPLE DEAD AstraZeneca GER+NED++STOP & lt 60+prepare /medicine vs ADVANCE+USA DONT use AstraZeneca
Sat Apr 10 06:58:41 +0000 2021	Bapak like learn speak english
Wed Apr 07 07:56:00 +0000 2021	Brightmind Hygienic Fresh Healthy Fathonie Abdullah Fathonie AG Thonie AG Twitter
Wed Apr 07 02:29:39 +0000 2021	punten respect look OTT outdated monument ish scream safety risk campy norak 🤭 🤣 🤣 🤣
Wed Mar 31 02:15:59 +0000 2021	write Durian Petai+no alcohol etc do nt want positive result RI use GeNose ADVISE use GeNose airplane etc RI look problem Pilkada GeNose etc spread kill virus = RI serious+virus FAKE DOWN 🤬
Sat Apr 03 00:30:16 +0000 2021	TAIWAN TRAINACCIDENT TUNNEL 150 KM / HOUR 40 VICTIM 500 INDONESIAN BANDUNG JKT TRAIN 350KM / HOUR TUNNEL NEED ABSOLUTELY SECURITY
Mon Apr 05 12:18:10 +0000 2021	safe & gt 60yr old DUNNO Uk+indium etc careless = even dead AstraZeneca win know do nt check YOUNG PEOPLE DEAD AstraZeneca GER+NED++STOP & lt 60+prepare /medicine vs advance
Sat Apr 10 17:30:26 +0000 2021	student want marry student junior high school pity Sir head fuck junior high school
Wed Mar 31 02:48:28 +0000 2021	treat KING+QUEEN & gt write EXTRA updates+tip Karma GER forever lockdown+INA AllEngland unluck Makassar bomb++ mob / kill soc med = ruin reputation+made busy only+so God God love fair+not idiot+from read self
Tue Apr 06 08:09:09 +0000 2021	Hi guy recommend great Solar Light seller Amazon buy year get great fun charming lighting atmosphere house beautiful Solar post cap light like
Mon Apr 05 06:39:05 +0000 2021	World 10 Export Product
Fri Apr 09 23:00:27 +0000 2021	cq foreignminister cq aus tralian embassy PLS KILL WILD HORSE PROTECT TREESPLANTS AUSTRALIA SEND INDONESIA TAKECARE UNGUILTY HORSE GOD CREATURE WARN AUSTR KARMA COME AUSSY PL BELIEVE GOD 👺 👺 👺 👽 👽 👽
Wed Mar 31 21:57:40 +0000 2021	mob INA team nothing+even GER sadism+racism me+why manage pandemic ca nt coz GER sadistic Nazi & gt stainless steel nervs++U easily lose mind+a bit bit suicide GER+EU future like BabaVanga prediction
Thu Apr 08 16:57:07 +0000 2021	Dear president thank Myanmar take Junta landslide winner party NLD member parliament arresr country Include leader sunkyi president win myint Pleass agreesive action
Sun Apr 04 19:51:56 +0000 2021	Karma USA Capitol+INA police headquarter get attack bomb plane crash Badminton unluck etc GER church ah * mob + INA ah * mob IG LuckyBlessedMe coz warn RIP God back innocent try save life let people die
Sat Apr 10 09:07:04 +0000 2021	Unburnt Queen Andal Men Khaleesi Great Grass Sea Breaker Chain Mother Dragon Dracarys
Sat Apr 10 21:31:31 +0000 2021	deep condolence pass HRH Prince Philip Duke Edinburgh thought prayer Majesty Queen Elizabeth II Royal Family British people time sorrow
Fri Apr 02 07:37:22 +0000 2021	🇮 🇳 ＯＰＰＡＢＥＴ 🇮 🇳 ＯＰＰＡＢＥＴ 🇮 🇳 ⚡ The Best Online Casino Asia ⚡ 75 FREE SPINS everyday DEPOSIT REQUIRE ⭐ ️ Play 𝗢𝗣𝗣𝗔𝗕𝗘𝗧 game win ⭐ ️ 𝙍𝙀𝙂𝙄𝙎𝙏𝙀𝙍
Thu Apr 01 12:55:57 +0000 2021	Myanmar citizen humbly request Recognise CRPH legit government Myanmar Refuse recognise meet military inc ASEAN meeting Sanction military own company inc MEC&amp MEH Condemn killing & amp arrest peaceful protestor
Thu Apr 01 09:10:31 +0000 2021	Greeting send reply Mr Joko Widodo President 🇮 🇩 Mr Maruf Amin Vice President Mr Budi Gunadi Sadikin 🇮 🇩 Health Minister urgent letter
Fri Apr 02 13:21:26 +0000 2021	Pak form follow function Pak
Wed Mar 31 21:50:32 +0000 2021	GER nice muslims+criminal = ask win+safe treat bad sh * 2015 arrive soon citizen & gt 25yr GER+U MOB+RUIN prayer F1++++ RoleModel idea+Verdienstorden other = Pray self
Fri Apr 02 19:27:24 +0000 2021	hope build beautiful strong safe president
Mon Apr 05 10:28:01 +0000 2021	Thank attention Mr President strong & amp God Bless You ❤ ️
Thu Apr 08 01:22:09 +0000 2021	info comparative study management state financial INDONESIA IMPROVEMENT BETTERNESS MERDEKA76 🇮 🇩 🇮 🇩
Wed Mar 31 06:50:45 +0000 2021	People medium outlet believe Chinese communist party party deny lock million Muslim
Sat Apr 03 00:33:45 +0000 2021	Support RRT Government
Wed Mar 31 02:25:05 +0000 2021	treat KING+QUEEN write EXTRA updates+tip mob Instagram etc Karma AllEngland unluck Makassar bomb etc coz busy God God love fair+not idiot+from read self
Wed Mar 31 14:45:17 +0000 2021	GER party racial+hypocrites+why luck+RIP young+prayer heard+so politicians+mobbers VIP hell+hell bad Covid19 paralyzed++coz forever INA mob Instagram coz warn use inaccurate + be careful w/
Sat Apr 10 12:47:31 +0000 2021	Good job
Fri Apr 02 17:10:48 +0000 2021	project need 50 year isn
Wed Mar 31 14:43:51 +0000 2021	GER party racial+hypocrites+why luck+RIP young+prayer heard+so politicians+mobbers VIP hell+hell bad Covid19 paralyzed++coz forever Mob Instagram coz warn use inaccurate + be careful w/ 🤬
Thu Apr 01 13:25:04 +0000 2021	Yuk join
Fri Apr 09 02:23:35 +0000 2021	great job pak
Wed Mar 31 20:23:48 +0000 2021	G0D GOD moslem christian budhist hindu eventhough unbeliever talk priest cq late son law Gudang Garam catholic thinker conclution GOD LOVE form like King peace hate war brainwash ☻ 😼 👨 ‍ 🔧 👩 ‍ 🚒 ❤ ❤ ❤
Fri Apr 09 17:26:58 +0000 2021	Meow VANCAT lover shine like star internet share VANCAT power community Buy VANCAT
Thu Apr 08 09:19:43 +0000 2021	❤ ️ ❤ ️ Vote hashtag vote
Fri Apr 09 00:01:37 +0000 2021	sir stop Pandemic big power see contradictive decision Goverment wait everybody die cause virus thank attention sir
Sat Apr 10 06:02:19 +0000 2021	Hi guy recommend great Solar Light seller Amazon buy year get great fun charming lighting atmosphere house beautiful Solar post light outdoor like
Thu Apr 01 04:46:11 +0000 2021	Hi guy recommend great Solar Light seller Amazon buy year get great fun charming lighting atmosphere house beautiful Solar garden light like
Thu Apr 01 05:09:34 +0000 2021	Hi guy recommend great Solar Light seller Amazon buy year get great fun charming lighting atmosphere house beautiful Solar post light like
Sat Apr 10 06:06:22 +0000 2021	Hi guy recommend great Solar Light seller Amazon buy year get great fun charming lighting atmosphere house beautiful Solar deck post light like
Fri Apr 02 07:25:23 +0000 2021	
Sat Apr 10 01:43:54 +0000 2021	proud Indonesia proud president like Pak Jokowi photo feel heartbreak Send condolence bro / sist NTT
Wed Mar 31 00:45:19 +0000 2021	think time come world Indonesia capable political necessary military power responsibility ASEAN country protect democracy value world
Sat Apr 10 06:49:58 +0000 2021	rip philip dmx
Mon Apr 05 10:22:28 +0000 2021	Let help friend NTT & amp NTB Cc
Wed Mar 31 00:23:02 +0000 2021	Mr President AstraZeneca vaccination hold Indonesia Terima kasih 🙏 🏻
Wed Mar 31 14:35:13 +0000 2021	GER racial+hypocrites+so UK+USA+EU & gt ruin God w/ MILLION + + +2020 25 EU dead Covid19 terror +2043 Europe Islam continent+Rome Islam center catholic+radical Islamist attack EU 2066 USA war vs EU
Sat Apr 10 17:36:10 +0000 2021	join teach kenari elementary school teach half half
Sat Apr 03 03:17:06 +0000 2021	Mandalika problem talk cheap easy action cost
Wed Mar 31 21:28:15 +0000 2021	Mar31 lose vs 🤣 GER bad expectation+that coz ex GER cheater = toldU w/o prayer WC2014 etc+GER mob GMail+today give apartment leave NRW GER lose leave GER unlucky 😝 🤣
Wed Apr 07 09:06:46 +0000 2021	Indonesia Islam Saudi Arabia wahibism influence daily life
Wed Mar 31 14:21:11 +0000 2021	GER thx BW & gt lose election 2011 SPD BW crueler+made GER & gt VfB luck 2013 + 2x relegated+terror TUR GER mobber come & gt CDU BW gov+Stuttgart mayor help & gt accident+wife cancer++God angry 😝
Wed Mar 31 21:33:57 +0000 2021	ToldU EU end leave God+luck w/ me+my deal w/ God prediction end GER+EU happen long GER mob+ruin & gt write contract end letter leave GER interest ruin yrs+toldU Ur prayer work
Fri Apr 02 10:40:38 +0000 2021	Hello Youngjae Yoon talented person Korea ll know follow good day
Sat Apr 10 06:34:23 +0000 2021	like express deep condolence pass
Fri Apr 02 02:57:16 +0000 2021	ISLAMIC INTRO 15 VIDEO NON TEXT & amp LOGO
Sat Apr 10 17:42:11 +0000 2021	sorry student don tell don know course advice father
Mon Apr 05 04:22:15 +0000 2021	believe china Country lock million Muslim torture rock head
Wed Apr 07 09:38:21 +0000 2021	Indonesia 2003 visit year Indonesia indonesia anymore totally change positive way
Wed Mar 31 14:49:48 +0000 2021	Mar31 Mob Instagram enjoy unluck coward one mob God know it = if unluck INA mean mobber simple coz God know it+where ah * come plane crash AllEngland unluck Makassar bomb etc God angry mobber
Sun Apr 04 07:04:16 +0000 2021	need
