created_at	text
Mon Apr 05 20:41:24 +0000 2021	Anniversary year Italian Effective international cooperation way promote sustainable inclusive recovery extraordinary challenge need global solidarity Today like yesterday Italy firmly believe multilateralism
Thu Apr 08 20:46:36 +0000 2021	far right League Party member Alessandro Pagano describe Italian citizen Silvia Romano rescue Africa convert Islam new terrorist Mindset Dictator Italy Killer Italy Dictator Mario Draghi
Fri Apr 09 11:41:03 +0000 2021	Quirinale President occasion 169th anniversary establishment Police receive Prefect Lamberto Giannini Chief Police Director General Public Security representation member State Police
Mon Apr 05 20:36:20 +0000 2021	good virtual Summit PM India today bilateral relation field cooperation multilateral framework grow strong consecutive G20 Presidency unique opportunity work shape good future
Sat Apr 03 16:50:24 +0000 2021	Real Madrid betray Jesus Christ God Change Cross Logo Deal Muslim
Sat Apr 03 11:45:59 +0000 2021	Russia intl border 150 km road Pavlovsk Voronezh oblast
Sat Apr 03 16:26:55 +0000 2021	Il Quirinale 140 year pass birth Alcide Republic remember found father country grateful work creator moral civil economic democratic reconstruction
Mon Apr 05 20:45:21 +0000 2021	2021 crucial year Earth Planet pillar Italy Presidency work UK successful support EU Biodiversity Strategy 2030 Let step effort especially young generation
