created_at	text
Wed Mar 31 21:39:48 +0000 2021	investment invention Innovations global warming sony picture Japan india USA foundation updation technology idea Innovation design work upcom infrastructure development project india abroad exist Indian citizen cultur
Fri Apr 02 08:23:43 +0000 2021	355 Cube titanium wall minute neutrino trap catch time nuclear waste 99 Energy output
Mon Apr 05 18:40:49 +0000 2021	government consider new measure secure information communication technology service supply chain
Mon Apr 05 15:35:31 +0000 2021	achieve great thing PM Japan country world stewardship UK Japan relationship go strength strength trade defence cultural link Thank year service wish good health
Fri Apr 02 13:17:29 +0000 2021	new gamechanger global pandemic recovery ensure commit use 25 value help poor country fight
Sat Apr 10 07:46:02 +0000 2021	Japan discharge nuclear waste water irresponsible mankind Japan insist discharge nuclear waste water use nuclear bomb sink Japanese island chain sea forever
Thu Apr 01 18:46:30 +0000 2021	start donate vaccine dose reach health worker vulnerable globally Vaccine nationalism put world people live economy risk defeat
Fri Apr 02 11:19:01 +0000 2021	shall level real doe recgonize look live breakthrough shall try hair deny failure King praise
Sat Apr 03 00:23:22 +0000 2021	Oh man son chairman Taipei Financial Center Corporation promote professional skill especially audit area
Sat Apr 03 23:11:11 +0000 2021	farm Indonesia Thailand CEO FUKUMURON Akira team cacao development startup harness power innovative idea technology improve quality cacao bean add new value farm consumer
Wed Apr 07 18:30:21 +0000 2021	new gamechanger global pandemic recovery Earth globe america commit use vaccine supply help poor country fight
Fri Apr 02 22:58:18 +0000 2021	— New game changer global pandemic recovery ensure commit use 25 value help poor country fight Barış
Wed Apr 07 03:40:06 +0000 2021	new game changer global pandemic recovery ensure commit use 25 value help poor country fight
Thu Apr 01 23:32:21 +0000 2021	Prime Minister hold meet advisory council Promotion Climate Change Countermeasures
Sat Apr 10 00:47:23 +0000 2021	iff deny sign yor fault like do nt pick girl like mean load mo government praise german palace eat
Wed Apr 07 18:27:04 +0000 2021	new gamechanger global pandemic recovery commit use supply vaccine help poor country fight Thank
Wed Apr 07 18:32:20 +0000 2021	new gamechanger global pandemic recovery commit use vaccine supply help poor country fight Thank
Thu Apr 01 14:17:43 +0000 2021	Thank fight global sanity Japan
Sun Apr 04 19:47:02 +0000 2021	maggot eat lot peep youtube good thing smoke emperor happiness outta real great human kindness mean load share loseer
Fri Apr 02 15:20:34 +0000 2021	new gamechanger global recovery ensure commit use 25 value help poor country fight
Fri Apr 02 10:22:22 +0000 2021	new gamechanger global pandemic recovery sure commit use 25 value help poor country fight
Wed Apr 07 13:46:26 +0000 2021	Selamat malam new gamechanger global pandemic recovery ensure commit use 25 value help poor country fight
Thu Apr 08 05:02:26 +0000 2021	new gamechanger global pandemic recovery ensure commit use 25 value help poor country fight fully support
Wed Apr 07 17:19:08 +0000 2021	new gamechanger global pandemic recovery ensure commit use 25 value help poor country fight Central America
Sat Apr 03 14:01:50 +0000 2021	new gamechanger global pandemic recovery Sir / Madam ensure commit use 25 value help poor country fight
Wed Mar 31 22:40:11 +0000 2021	design work global warming sony picture
Sun Apr 04 16:44:00 +0000 2021	new Special Drawing Right global pandemic recovery ensure commit use value help poor country fight
Fri Apr 09 09:20:05 +0000 2021	abduction issue high priority issue Suga Cabinet dedicate great possible effort bring return abductee Japan early possible date 3/3 April
Tue Apr 06 09:45:42 +0000 2021	fight People care DNA profile IBM access DNA profile Decrypt 💻 📱 secruity want 🇳 🇱 DNA business disconnect Fore investor 🇳 🇱 👪 🧬 must examen 🇳 🇱 🧑 🏻‍ 🔬
Tue Apr 06 20:22:58 +0000 2021	know know look midst taunt outlook continue clear field live well support aside know mean
Wed Apr 07 12:13:38 +0000 2021	Good luck Tokyo love feel sorry Covid love visit county Japanese people hospitable kind wish come Olympic sadly wait soon
Sat Apr 10 20:40:54 +0000 2021	happen 20 year ago 100 shot fire elephant tranquilliser space give food give water give slaughter
Tue Apr 06 03:01:53 +0000 2021	future city Explore Japan fully utilize cut edge technology & amp improve welfare amenity resident present human face
Mon Apr 05 13:10:00 +0000 2021	Sir protect life COVID 19 drinking glass water Black Pepper Powder Spoon Cardamom Elachi Powder 1/2 Spoon Jaggery good immunity eat dry grape almond Jagga Rao +91 9700606134
Fri Apr 02 13:46:11 +0000 2021	understand stand Myanmar people Shouldn cut Military Terrorist budget supply Military supply circulate
Sat Apr 03 23:11:05 +0000 2021	Japan forefront game change innovation & amp Discover breakthrough & amp shape country post COVID19 recovery
Wed Mar 31 23:14:38 +0000 2021	Spring 2021 issue online feature photo sakura & amp story discover creative project business traditional & amp advanced Japanese technology
Thu Apr 01 16:01:32 +0000 2021	PM Suga attend graduation ceremony assignment oath service ceremony hold National Defense Academy look dignified figure young graduate assume vital role future Self Defense Force 1/3
Sat Apr 03 23:11:08 +0000 2021	70 yr old Japanese tea farm Kagoshima chart future farming w / ingenious & amp farming — save labor helping & amp export high quality tea world
Fri Apr 09 04:34:45 +0000 2021	Hello possible evaporate radioactive contaminated water Fukushima release ocean Surely evaporate radioactive isotope win evaporated water Sorry couldn find relevant tweet respond
Wed Mar 31 05:53:21 +0000 2021	long help Japan disaster Read aim era & amp w/ AI enable water recycling
Tue Apr 06 20:35:56 +0000 2021	support worker otta owe poor today rn secretly endow time
Thu Apr 08 07:17:57 +0000 2021	World Bank Group big provider climate finance develop world
Sat Apr 10 02:40:04 +0000 2021	want action need rein contain India show restraint feed sit duck world silent
Mon Apr 05 14:26:14 +0000 2021	shoulder great deal employment decide follow assistance measure include provide financial support 2/3
Fri Apr 02 12:53:24 +0000 2021	Hello Pls military power stop violence etc Pls send troop supply arm ethnic group power fight
Sun Apr 04 04:36:42 +0000 2021	core reason spread corona virus planet Earth action take culprit big action culprit corona virus 🙏 🙏 Save planet Earth
Wed Mar 31 12:19:00 +0000 2021	rich rare mineral lithium reserve wait explore china interested reason gold mine Don waste chance sir investment definitely good return
Fri Apr 02 09:03:33 +0000 2021	2/ don want unique role supply fund project potentially finance bullet kill civilian concrete action Read
Mon Apr 05 13:34:03 +0000 2021	today arrive Pref center & amp storied past incl building date 1st Shogun bear area popular area souvenir
Fri Apr 09 07:07:19 +0000 2021	government dumb good sushi
Mon Apr 05 10:30:42 +0000 2021	Simply beautiful Maybe year
Wed Apr 07 14:30:07 +0000 2021	SOVEREIGN REPUBLIC GOVERNMENT ADHINAAYAK UNIVERSAL JURISDICTION April 2021 19 14 Mighty Blessing
Wed Mar 31 05:47:14 +0000 2021	accelerate Japan strives achieve 2050 Read discover lean manufacturing w/ & amp focus city bring close
Sat Apr 10 14:14:30 +0000 2021	destroy economy process vaccine move government slow
Thu Apr 01 01:13:58 +0000 2021	BJP want regime permanently donot privatiseBank LICI&amp Defence Private Bank Insurance Co Rail Co need competition Pl Bank Int donot good forMEN donot bad New Scheme impose GAVI MATA GADI fall
Sat Apr 10 07:44:55 +0000 2021	Kimono exchange Indian Kurta Pyjama 1993 1994 Japan land rise Son Japanese investor invest project solar glass greenhouse write praveenkulkarni com /+919898296247
Tue Apr 06 20:30:21 +0000 2021	believe evil outof like say otta don get ta detailed type reserve cashondelivery youdou coupon anyof
Fri Apr 02 20:20:40 +0000 2021	
Fri Apr 02 13:01:53 +0000 2021	need stop act like Trump actually country virus Down/ Open / Close kill people Stop cater business crony
Sat Apr 03 11:00:13 +0000 2021	don right combine force Japanese Australian Taiwanese force position land sea protect Taiwan likely Chinese invasion
Fri Apr 02 15:36:55 +0000 2021	follow plan devil control fear Fear virus kill normal flue goal control QR code ELOHIM
Sat Apr 10 13:38:17 +0000 2021	🇯 🇵 Don apologize throw radioactive material ocean use technology mean million Don destroy home earth
Sat Apr 10 13:39:54 +0000 2021	🇯 🇵 Don apologize throw radioactive material ocean use technology throw mean million Don destroy home earth
Thu Apr 08 02:12:50 +0000 2021	Sir resume business visa business traveller business people loss finish restriction business traveller thank
Sat Apr 10 00:26:50 +0000 2021	radioactive water sea
Mon Apr 05 22:18:00 +0000 2021	HELP high level animal hormone find SAPDC South African Pharmaceutical Development Corporation
Tue Apr 06 20:37:45 +0000 2021	RATTA RATTARR designer brand create unique design atelierista turn artful clothing & amp craft earn Good Design Award promote opportunity
Wed Mar 31 06:17:12 +0000 2021	forget Australia need come Australia Sorry work job let chinese understand 30 + 32 loyalty Japanese come sorry working time stay Japanese government
Fri Apr 02 12:57:18 +0000 2021	Hallo way cancel Figureskate World Team Trophy wanna hold audiance international team Isn big event try protect people lifes event federation sponsor
Sat Apr 03 23:11:15 +0000 2021	science fiction fly car reality 1st successful open manned test flight SD 03 fly car Japan Aug 2020 ultimate goal let general public use transport Read
Sun Apr 04 09:19:29 +0000 2021	🙆 🏻‍ ♀ ️ 🎋 🌉 🦣 dream die Japan know tell AlexKerr need learn language work Social Justice Decision Evolution Intelligence time
Thu Apr 01 23:32:11 +0000 2021	Prime Minister hold 15th meeting Council Promotion Policy Crime Victim
Fri Apr 09 20:53:54 +0000 2021	decide radioactive water sea japanese Pacific ？
Fri Apr 02 14:57:43 +0000 2021	China instrument Myanmar coup UN shld sanction ban export China millitary equipment Iran ban oil export & amp evict fm Security Council
Thu Apr 08 14:03:51 +0000 2021	PM Suga meet family abductee present action policy Association Family Victim Kidnap North Korea AFVKN National Association Rescue Japanese Kidnap North Korea NARKN 1/3
Wed Mar 31 06:27:09 +0000 2021	Alert Burma junta try lie world ve plan Trick & amp Trap accept CNN Clarissa Ward reject allow entry South Korea Ambassador 😂 😃
Sun Apr 04 05:36:26 +0000 2021	Hi Japan truly great nation product produce country benifit man kind Thank Japan Love ya Japan ♥ ️ 👍
Wed Apr 07 08:52:40 +0000 2021	support Terrorist surprising State protect Terrorist
Thu Apr 01 10:39:31 +0000 2021	world let sort priority Innocent suffer human deserve peaceful living force right control world live
Fri Apr 02 12:06:35 +0000 2021	poem Burma heartbroken bird Scream loud&amp clear Bcoz world deaf life lose 😢 need help
Wed Mar 31 15:32:34 +0000 2021	create manga Emperor Hiroshito Asian Holocaust source information
Thu Apr 01 15:39:10 +0000 2021	& amp run adopt ambitious climate commitment track meet target
Wed Mar 31 08:26:07 +0000 2021	Thank stand alongside UK nation oppose vicious British resident Japan bear 76 year ago nation fight terrible war wish happy free
Thu Apr 08 12:00:55 +0000 2021	OSHIMA Akira study robotics Univ Tsukuba — now & amp startup Doog Inc chart future w/ follow lead video
Fri Apr 02 14:46:12 +0000 2021	Sry ca nt find japanese embassy egypt story abuse need refugee country egypt iam improsinment loop ahmed mamdouh moham fekry iam behman mental hospital past tweet twitter
Mon Apr 05 22:56:50 +0000 2021	Inspire Japan beloved & amp shape late technology torch carry special message world Find
Fri Apr 09 05:41:27 +0000 2021	Understand source set scientist seek salt region trace mineral lack cause mutation Curb mutation critical juncture mineral salt plant grow help mitigate & amp lessen
Mon Apr 05 16:05:03 +0000 2021	publish name person threatend Blow away Fukushima didn hand control Finance person pressconference Evidence
Thu Apr 01 01:34:07 +0000 2021	talk Draco CCP boss people understand pain China CCP take kindness weakness send ready crew bully Let bully
Sat Apr 10 05:10:24 +0000 2021	NAWA Junko use old create Japan Muslim fashion & amp promote diversity w / her startup WATASI JAPAN harness local Japanese woman skill handmade hijab & amp abaya w / kimono fabric
Fri Apr 02 21:09:03 +0000 2021	Instruction Prime Minister Response Missile Launch North Korea 08
Thu Apr 01 17:51:12 +0000 2021	👉 i Japan 20 year ago Toyohashi Hiroshima like admire Japan stance Chinese threat
Fri Apr 02 02:39:42 +0000 2021	ATTENTION 🔞 🔞 🔞 post like introduce Forex short term secure investment ready 15 lucky person earn Referral Withdrawal Fee Interested people Kindly send Dm
Sat Apr 03 09:22:06 +0000 2021	Stand people Myanmar word action
Wed Apr 07 18:54:51 +0000 2021	Lockdown need atall solution Men basicallyPATIENTvery harra Ban Meeting&amp Rally PoliticalParty atonce Impose Sec144&amp Finers2555 strictly ImposeCurfew&amp Jail21day Musk DeployCRPF4321Cpy replacepolice Stn saveOrdinery man
Mon Apr 05 19:11:04 +0000 2021	Chinese War ship easily enter Japanese water like rub salt wound Great insult Japan Let wat QUAD Mere slogan Walkd
Tue Mar 30 22:36:21 +0000 2021	Today Mar 30 mountainous area w/ tasty refreshing hot spring historical building time honor silk industry recognize
Thu Apr 08 04:12:13 +0000 2021	Mr Prime Minister Pyongyang leave & amp country soon follow Osaka closed torch relay & amp IOC decide 2020 2021 Tokyo Summer Olympics cancel COVID 19 Pandemic lose struggle
Fri Apr 02 11:24:59 +0000 2021	current order government official shall popular habit possible sense deserve good equivalence satisfy real news well
Thu Apr 08 13:02:11 +0000 2021	response knowledge gain see eye hear ear smell nose tasting tongue touch feeling skin think speak sink deep SOUL computerised resultant base merit birth
Fri Apr 02 13:06:09 +0000 2021	wave happen playing game embarrassing Island country New Zealand good leader take virus don people die
Fri Apr 02 11:17:47 +0000 2021	urgent request help check clearly dad lose million 2019 need response thank
Mon Apr 05 12:42:26 +0000 2021	ride line train train totally impossible meter away easily easy variant spread work part factory impossible meter away Lord mercy
Mon Apr 05 01:31:32 +0000 2021	japan 🇯 🇵 doesn feel humanity threat kindly voice loud 🔊 than thousand live threat
Thu Apr 08 03:09:45 +0000 2021	find totally racist pretty sure aswell Wwe need apologize
Sat Apr 10 14:12:10 +0000 2021	slow get vaccine move Japan People die virus Japan slow G7 country excuse delay
Mon Apr 05 21:38:37 +0000 2021	Phew Oh guy agricultural co op
Fri Apr 02 11:27:27 +0000 2021	SAMEJIMA Hiroko engage fair trade & amp industrial dev Africa Ethiopian sheepskin inspire company andu amet — in Japan & amp Ethiopia — she employ local craftspeople promote durable
Mon Apr 05 22:47:58 +0000 2021	Beautiful flower look torch Olympic torch deliver cherry blossom Japan
Sun Apr 04 01:27:00 +0000 2021	ensure medical treatment structure sound prevent wave arise local area form large nation wide wave suppress infection flexibly intensively take measure focus local community 4/4 April
Sat Apr 10 05:38:53 +0000 2021	Wow great Unique technology
Sun Apr 04 01:11:00 +0000 2021	Buddhism Shinobi Buddhist prayer Shinto heaven line Amaterasu heaven choice Christianity
Sat Apr 10 02:20:57 +0000 2021	Mr Prime Minister look like give fight fund ve Tokyo Olympics turn poor patient COVID 19 instead vaccine & amp anti virus kit people Japan
Mon Apr 05 14:25:55 +0000 2021	PM Suga convene meet minister remit relate urgent assistance measure non regular employee order support business continuity dining drinking establishment lodge facility business operator 1/3
Fri Apr 02 10:55:53 +0000 2021	warrior consider dead enable speed ahead need reptilian draco CCP party don understand exotic hardware
Fri Apr 02 06:42:28 +0000 2021	Artery Posterior superior alveolar artery TA98 A05 03 007 People ask average weight tooth Generally tooth weigh 51 gram 28 gram tooth usually weigh 13 gram Substance verse matter
Tue Mar 30 23:22:57 +0000 2021	Kumar india children Japan bear Japanese work reason work visa upset request sorry 😞 😞
Sat Apr 03 13:02:32 +0000 2021	Today arrive Pref farmhouse highlight mountainous naturally rich inland prefecture production center w / a 1300 yr history
Tue Apr 06 21:09:38 +0000 2021	Break Secret Visit Brits Minister Defense Nigeria expose Fellow Nigeria 🇳 🇬 Consolidate Plan British Govt Exterminate Biafran Nigeria Rise Intel Confirm Ops Code 3567
Thu Apr 08 06:19:39 +0000 2021	go NUKE CHINA WORLD FED BLOODY chinese virus
Sat Apr 03 10:17:05 +0000 2021	HINDU POPULATION PAKISTAN YEAR 1951 24 TOTAL POPULATION 03 APRIL 21 TOTAL POLULATION
Sat Apr 10 14:52:23 +0000 2021	Japan 🇯 🇵 visit land sun rise
Sat Apr 03 10:18:02 +0000 2021	HINDU POPULATION PAKISTAN YEAR 1951 24 TOTAL POPULATION 03 APRIL 21 TOTAL POLULATION PLS THINK 🙏 🏻 🙏 🏻
Thu Apr 01 07:03:38 +0000 2021	China strongly condem intervention fucking China Veto UN world halt conspiracy China terrorist Burma junta bloodsh unarmed Civilian escalate soon
Sun Apr 04 05:10:01 +0000 2021	dream visit Japan die look fall love Japan year ago love
Fri Apr 02 08:20:40 +0000 2021	Luke 16 master commend dishonest manager act shrewdly people world shrewd deal kind people light
Fri Apr 02 12:59:56 +0000 2021	game ve office take covid seriously decision kill people Enforce lockdown people business Cancel Olympics Stop people come sick responsible
Sun Apr 04 10:38:35 +0000 2021	fool truly beat word truly read word like satisfaction reality real sys
Mon Apr 05 21:33:47 +0000 2021	problem share man currently woman eat product female animal make
Fri Apr 02 08:01:13 +0000 2021	people ride bicycle daily get Coronavirus
Wed Mar 31 08:18:01 +0000 2021	kindly ask stop Japanese biz relate Myanmar military elect government 🙇 ‍ ♂ ️ 🙇 ‍ ♂ ️ 🙇 ‍ ♂ ️
Fri Apr 09 04:35:34 +0000 2021	WW3 start China Funding & amp Arming Islamic Terrorist Turkey Pakistan Bangla Algeria Iran Training&amp Exporting
Sun Apr 04 19:33:48 +0000 2021	Lockdown solution Patient&amp type ofMen harass Section144 impose FineRs2345is levy musk Men produce beforeCourt musk Military deployed55 Cpy eachB / S area replace exist police inP Stn
Sat Apr 10 05:14:41 +0000 2021	course woman Truly disappointing
Thu Apr 01 14:15:33 +0000 2021	hope visit Japan June year information possible visit Japan Europe
Fri Apr 02 12:47:05 +0000 2021	increase effectiveness measure possible penalty impose adopt system provide fund drink dining establishment cooperate measure accordance size business 2/4
Fri Apr 02 11:58:01 +0000 2021	Tony Robbins wee OK Peter Getner HUH
Fri Apr 02 05:48:59 +0000 2021	Hi Nrec Thank order hold confirm payment receive meantime reminder order Contact info net Cash App Zelle Payment information [ Order April 2021
Thu Apr 01 21:53:16 +0000 2021	BIAFRAN CABLE NEWS ROOM international standard news outlet Follow tag use hashtag voice FREEDOM HEAR WORLDWIDE save life BCNR
Mon Apr 05 16:07:49 +0000 2021	Santa start
Sat Apr 10 04:11:03 +0000 2021	continue suppress infection take measure focus local community order prevent wave arise local area form large nation wide wave 2/2 April
Thu Apr 01 22:11:23 +0000 2021	BIAFRAN CABLE NEWS ROOM voice people NIGERIA fail state disintegrate save life FREEDOM PREVAIL save life BCNR
Sat Apr 03 08:58:13 +0000 2021	sorry guy get Covid Olympics love country
Wed Apr 07 12:39:38 +0000 2021	begin today Springtime highlight incl waterfall tree think 000 yr old natural wonder & amp tradition make pref ideal launch
Tue Apr 06 07:08:07 +0000 2021	population somewhat accept man dress like woman especially fashion genre South Korea large billion market male & amp po star wear SE need evolve
Tue Apr 06 07:09:10 +0000 2021	population somewhat accept man dress like woman especially fashion genre South Korea large billion market male & amp pop star wear SE need evolve
Tue Apr 06 09:19:47 +0000 2021	DISGUSTING BACKWARDS PEOPLE STOP KILL DOLPHIN WHALE DEATH JAPAN CHOICE SCUM NATION
Sat Apr 10 09:21:05 +0000 2021	sincerely condolence Excuse time want talk Elizabeth ii worry cancer
Fri Apr 02 08:58:13 +0000 2021	Corinthians 10 thing God reveal Spirit Spirit search thing deep thing God
Sat Apr 10 22:52:52 +0000 2021	way America new business opportunity good safe cigarette fail current market well sophisticated marijuana equipment hookah electric pipe etc
Wed Apr 07 03:16:01 +0000 2021	Begin Chinese Tech Theft / Exports / Eco / Military Invasion Spread Islam / Terrorism World Realise fact strategy Counter ASAP
Sun Apr 04 02:47:09 +0000 2021	Begin Chinese Tech Theft / Exports / Eco Invasion Spread Islam / Terrorism World Realise fact strategy Counter late
Mon Apr 05 05:29:59 +0000 2021	appear Jim Watkins & amp son Ron reside Country directly responsible insurrection January Allow people fight USA country violation 1945 surrender term
Sat Apr 03 10:08:26 +0000 2021	WORLD HUMAN RIGHT COMMISSION WORRY MINORITY LIKE HINDU RAP / KILLED&amp KIDNAPPED PAKISTAN DAILY BASIS 🙏 🏻 🙏 🏻
Fri Apr 09 07:06:18 +0000 2021	hear WiFi turn tmr Mobile data turn 15 Mar country dark junta kill citizen internet imagine live tmr Pls help fast 😔
Tue Apr 06 20:32:38 +0000 2021	right gurrrl niggawth home homo likkke different amusment different say love rich know design money roll
Sun Apr 04 11:51:38 +0000 2021	Nishimoto Kimiko 72 begin take picture 92 Nishimoto 230 000 follower Instagram adore hilarious selfy Read
Sat Apr 10 21:18:20 +0000 2021	PM Suga decide implement priority measure prevent spread disease Tokyo Kyoto Okinawa Prefecture measure effect April 12 11 Tokyo Kyoto Okinawa 1/2
Thu Apr 01 23:32:17 +0000 2021	Prime Minister visit NPO LIFELINK suicide prevention support center Tokyo
Thu Apr 01 09:59:14 +0000 2021	Prime Minister speak press request Osaka prefectural government apply priority measure prevention epidemic matter
Wed Mar 31 12:16:05 +0000 2021	Sir Indian citizen want ask stop invest arunachal pradesh strategic important site QUAD memeber send firm message china mess quad nation boundary definitely enormous return 1/2
Tue Mar 30 22:49:44 +0000 2021	Press Conference Chief Cabinet Secretary Kato March 30
Tue Mar 30 22:49:37 +0000 2021	Press Conference Chief Cabinet Secretary Kato March 30 PM
Wed Mar 31 09:07:18 +0000 2021	Press Conference Chief Cabinet Secretary Kato March 31 PM
Wed Mar 31 09:51:12 +0000 2021	Press Conference Chief Cabinet Secretary Kato March 31
Thu Apr 01 23:32:14 +0000 2021	Prime Minister receive courtesy Ms Retno Marsudi Minister Foreign Affair Republic Indonesia Lt Gen Ret Prabowo Subianto Minister Defense Republic Indonesia
Sun Apr 04 14:21:33 +0000 2021	prophecy real have half brain begin shut beauty passion radio play head God American God world shit far society social behavior
Thu Apr 08 09:33:38 +0000 2021	grieve deeply realize return abductee 2002 Government profoundly regrettable 2/3
Fri Apr 02 12:45:59 +0000 2021	PM Suga take decision implement priority measure prevent spread disease Miyagi Osaka Hyogo Prefecture April drink dining establishment shorten operate hour PM 1/4
Fri Apr 02 12:45:55 +0000 2021	administration vaccine reach society stop spread infection tenaciously press forward implement measure drink dining establishment expand testing 3/4
Thu Apr 08 11:22:04 +0000 2021	Prime Minister speak press request Tokyo Metropolitan Government apply priority measure prevention epidemic matter
Fri Apr 09 03:24:55 +0000 2021	Prime Minister speak press request Tokyo Metropolitan Government apply priority measure prevention spread disease matter
