created_at	text
Tue Dec 04 03:56:54 +0000 2018	stupid Immigrant dump change Germany culture & amp Free Zone start growth State work like World Government Border / Open Border International access
Thu Nov 08 11:23:51 +0000 2018	speak European Trade Union Confederation present Congress day
Fri Nov 23 20:55:15 +0000 2018	Chris international public receive satisfaction put hundred New York London Scottish banker Jail 2009 recession Look job plus year make people willing
Sun Nov 25 21:49:38 +0000 2018	Bona nit Compliance jailer freedom enemy growth John Kennedy
Sun Nov 25 14:10:39 +0000 2018	Ur Majesty found Sun Religion Trust relate World religion Mother Earth Holy Book Humanism Indian Govt 2014 welcome let work Save Mother Earth protect life
Wed Dec 12 09:04:53 +0000 2018	start handle CO2 car emission 20 min bike ride work catch fresh air do nt rewlly
Wed Nov 28 14:26:06 +0000 2018	don`t tell world SELFISH LESBIAN TRASHED intention England country big rich powerful woman GERMAN HYPOCRITE
Sat Dec 08 10:06:45 +0000 2018	Bon dia tap help
Fri Nov 23 14:40:33 +0000 2018	don impose travel ban Israeli Criminal Pirate massacre kill civilian 70 year justice real justice fake
Mon Nov 26 15:26:39 +0000 2018	wait work Kiss
Thu Nov 29 16:57:05 +0000 2018	ETR call chair ESM permanently & amp G20 position EU PM Germany France secure EU Germany pay EU EU wide office & amp representativity & amp responsibility EU
Sat Dec 01 16:38:13 +0000 2018	War wrong time future Hope Planet wrong violence nature plant animal human God die Death Option life forever Planet possible
Sun Dec 09 17:05:15 +0000 2018	Thank feed America POTUS nice finally realize terrible NWO & amp Country ruin believe NWO God Bless
Sun Nov 25 09:15:56 +0000 2018	Bon dia foolish man let time pass sterilely Goethe
Sun Dec 02 14:54:22 +0000 2018	unbelievable new dividing Europe Russia free hand Ukraine long Germany
Sat Dec 08 15:26:53 +0000 2018	destroy Western Europe & amp lecture Trump destroy New World Order Like buddy touch awful reality create blame Like globalist Trump
Thu Nov 29 13:55:10 +0000 2018	respect shall communicate United Europe World attend G7 G20 meeting United EU represent
Fri Nov 23 18:46:51 +0000 2018	FAIL Middle East FAIL WHITE South African
Mon Nov 26 03:23:37 +0000 2018	World help sure get name wrong & amp unknown severe danger spread
Sat Nov 24 12:32:30 +0000 2018	America save world German Nazi lot gall short memory speak Russian today tired protect Europe getting screw process
Fri Nov 23 22:37:42 +0000 2018	non corrupt PM President boycott deal Saudi regime Jamal Khashoggi case close satisfaction change Saudi dictatorship fulfill
Sat Nov 24 22:20:15 +0000 2018	need lesson successful leader direct patriotic successful correct strong suggest watch Sebastian Kurz Austria young man direction world leader intelligence Migrant cancer disease
Fri Nov 30 23:22:53 +0000 2018	G20 Song honest World Leader Photo rest case LUD 🗽 🌏 👩 👩 👩 ✔ ✔ ✔ ️ 🙏
Sun Dec 02 03:22:36 +0000 2018	attempt illegal criticize German government lead know German Nazi Adolf Hitler Good leader blow criticism hate forward Weak leader Merkel want
Fri Nov 30 19:16:51 +0000 2018	like far integrity president go G20 far
Mon Nov 26 22:36:10 +0000 2018	carbon footprint Shame & amp shouldn appease punish crime humanity vote work corporation destroy home
Wed Nov 21 22:02:10 +0000 2018	Merkel Energy die respectspalten Learn Energy Ottoman Word
Thu Nov 22 03:28:33 +0000 2018	atheist believe harass sentence death b / c religious believe non religious believe Asia Bibi hutzpuh truly 🇸 bring Asia 🇺 🇸
Tue Nov 27 12:26:20 +0000 2018	Bon dia Morale passport slander statesman small moral big moral Napoleon Bonaparte
Thu Nov 22 15:16:59 +0000 2018	PrinceMBS kill honest journalist ask man torture rape innocent woman try free themself sleep 🤔 😕
Sat Nov 24 20:04:21 +0000 2018	Mrs Merkel ingrate time criticize USA remembering save world country NAZI dictator protect remove troop Europe stay ungrateful
Wed Nov 07 09:55:37 +0000 2018	Exempt India sanction develop Chabahar port Iran strategic importance reconstruct war tear Afghanistan wise decision NATO 2nd access route Afgan
Sat Nov 24 11:46:59 +0000 2018	American believe sovereignty aren interested socialism unelected moron tell live look ve Germany open border stupidity thousand assimilate
Sat Dec 01 13:01:17 +0000 2018	Europe help Free Catalonia 🎗 🌻 💛
Tue Dec 11 12:10:18 +0000 2018	arrive meet German PM open car door Metaphor
Fri Dec 07 08:22:34 +0000 2018	Bon dia help little bit
Thu Nov 22 07:54:08 +0000 2018	Bon dia law forbid honesty prohibit Seneca
Sat Nov 24 09:28:55 +0000 2018	Bon dia know act correctly wrong conscious Goethe
Sun Nov 25 14:04:20 +0000 2018	Leader Seriously treacherous heathen decimate Deutschland mention EU borderless Schengen zone BORDER NWO
Sat Dec 01 13:00:07 +0000 2018	Bon dia act faith great believe God look try ☹ ☹ ☹
Sat Nov 24 22:09:48 +0000 2018	say people think solve problem represent nationalism pure form patriotism Webster say nationalism patriotic feeling principle effort nationalist patriot President Trump Read
Sun Dec 09 08:40:53 +0000 2018	Bon dia political prisoner Spain hunger strike judge leave paperwork drawer European justice case hear
Sun Nov 11 01:28:39 +0000 2018	explain manage
Tue Dec 11 02:32:59 +0000 2018	G20 country boycott Indonesia immigration criminal punish freedom & amp return UK ID
Sun Dec 02 14:38:47 +0000 2018	cancel meet Putin Putin summon meet Tail leg meet Putin Put world risk
Mon Dec 03 01:29:43 +0000 2018	thank visit country Argentine citizen feel proud presence welcome hope enjoy stay thank effort good country day Kind regard Marcelo
Thu Nov 29 13:41:59 +0000 2018	Lady Hitler don care think want Stop manipulate medium hide crap illegal immigrant Germany Behead infant want conceal mental Germany go rule world
Sat Nov 10 16:15:48 +0000 2018	& amp able honor die WWII weather chilly attend 💩 show little willing Veteran die freedom PATHETIC
Fri Nov 23 14:49:29 +0000 2018	Dear go shake hand person responsible G20 summit know MBS
Sun Nov 25 15:39:53 +0000 2018	clear belief originate upbringing time rid cancer culture
Fri Nov 30 10:11:34 +0000 2018	ETR call Agro Populism reflex liberal Social Democrat reform populism help let reflex dominate allow
Thu Nov 29 19:57:32 +0000 2018	careful Trump G20 news America aflame new info Truml Putin protect country Trump false promise hide agenda
Thu Nov 22 18:04:02 +0000 2018	HATE CRIME white old defenseless people do nt care
Fri Dec 07 17:08:22 +0000 2018	take new job ventriloquist puppet
Sat Nov 24 15:05:28 +0000 2018	come try sovereignty Try twice Fail worry let invader
Tue Dec 04 18:20:46 +0000 2018	try absurd achieve impossible Einstein Bona nit presos polític
Sat Nov 10 21:54:02 +0000 2018	guy lady take care World duty shove note Abt door careful piss 😏
Mon Dec 10 02:41:07 +0000 2018	Extremely sorry leave politics glad prefer successor win vote leader party World lesser place guide hand
Fri Nov 30 22:20:50 +0000 2018	
Mon Dec 10 16:24:37 +0000 2018	Theresa like Elitist go Citizen multicultural ideal cater Muslim people wake
Mon Dec 03 17:53:44 +0000 2018	Germany Muslim child stab year old girl class speak German home teacher cover incident
Mon Dec 10 18:11:17 +0000 2018	Hello Czech Republic CZ east EU country steal billions EUR EU fund year send fund know mafia state steal Thank reply good day
Thu Nov 08 09:18:40 +0000 2018	history second German chancellor appeaser fascist regime stop support fascistic regime Serbia
Fri Nov 30 10:16:17 +0000 2018	Dear President mean allow EU Fta efficient Agro producer & amp export French Farming Lobby vs good World
Sun Nov 11 01:34:41 +0000 2018	sorry don speak write German want thank lovely person & amp know support action Donald Trump
Sat Dec 01 23:11:14 +0000 2018	Western leader strong statement G20 Condemn Putin aggression agt Ukraine West stand united & amp warn Putin
Fri Dec 07 22:17:25 +0000 2018	Bona nit sad difficult Democrat 😓
Thu Nov 08 11:38:31 +0000 2018	make dangerous decision UK deal bankrupt UK protect Germany Chuck Chequers Chuck Merkel chuck
Fri Dec 07 18:11:34 +0000 2018	Thank woman value integrity proud
Sat Nov 10 17:15:32 +0000 2018	Thank pay respect serve
Tue Dec 04 21:57:48 +0000 2018	blind leader ku klux klan congratulate VOX
Thu Nov 29 20:41:23 +0000 2018	Bona nit Remember easy memory forget difficult heart
Sun Dec 02 12:49:10 +0000 2018	diversity work certainly isn work German people Europe
Tue Nov 27 04:49:41 +0000 2018	remedial action
Fri Dec 07 20:57:51 +0000 2018	Hitler couldn Trump program 1st Arab spring 2nd spain 3rd france 4th germany Uk keep safe europian Union pathway collapse USA leader land lord king
Tue Dec 04 11:24:45 +0000 2018	low level savage shit hole
Sun Dec 09 08:06:17 +0000 2018	DEMOCRACY FREEDOM HUMAN RİGHTS FACED
Tue Dec 04 11:47:38 +0000 2018	Turkey imprison HDP member trump terror charge prevent participate March 2019 regional election Speak Democracy pls
Thu Nov 08 12:56:20 +0000 2018	HEAR BRAVE WOMAN AREN SUPPORT INSTEAD YR JOB JUGGLING
Fri Dec 07 04:07:59 +0000 2018	wish family Merry Christmas year million innocent cat torture eat Asian country cat unimaginably treat consumption beloved domestic betray let live
Tue Nov 27 17:46:15 +0000 2018	find national headquarters Òmnium yesterday morning Barcelona president cultural association jail trial year Fascist call Democratic Nazi
Sat Nov 24 23:31:38 +0000 2018	Angela Merkel like Adolf Hitler instead force ethnic minority Germany FORCE ethnic minority Germany like Nazi lil different
Wed Nov 21 22:05:38 +0000 2018	Allah Aufheben Brüssel want Pheromone Food Apostasie God come come Merkel Theresa God Lynch
Tue Dec 04 23:41:58 +0000 2018	people street go bend Em let Mommy run country well let people decide Europe burn be4 cat treat like slave Angela help EU twot
Tue Nov 27 15:50:29 +0000 2018	Come Corruption ban urgently europarliamentaris fire 😦 😦 😦 Europe want defend
Fri Nov 30 22:25:05 +0000 2018	message like introduce brother sure deserve support
Sat Dec 08 06:11:03 +0000 2018	Rio de Janeiro good Paris
Fri Dec 07 17:22:02 +0000 2018	give Harvard commencement address actually worth listen DSR
Wed Nov 28 17:09:51 +0000 2018	WTH wrong Germany Allow Islamic Radical Extremist country pollute school Extremist view & amp violence German Citizen Germany live & amp daughter bear SAD
Sat Dec 01 08:34:27 +0000 2018	Look life Adolph Emasculate Mother way Couldn soon Tens thousand Britain street express love Trump & amp movement globalism Didn MSM
Wed Nov 21 23:54:33 +0000 2018	Wonder proud politician Germany
Sat Nov 24 08:28:35 +0000 2018	Hi Ms Merkel Feudalism soooo passe gulag kolchoz impress come innovative hand power Merkel EU Nation Prepare Hand Sovereignty Brussels
Sun Dec 02 07:02:36 +0000 2018	admire simple powerful woman
Thu Nov 08 20:52:07 +0000 2018	lift sanction Eritrean president Isaias afewerk amount put gun Eritrean people head pull trigger Sanction stay mad dictator Eritrea go
Wed Nov 21 21:38:35 +0000 2018	Bona nit Consciousness action value Phil McGraw
Mon Dec 03 20:50:23 +0000 2018	Maybe good people hunger strike maybe decide thousand stop watch movie eat popcorn
Wed Nov 07 00:58:22 +0000 2018	Kiev Angela Merkel promise 500 million euro 13 billions ve got repeat Trump Sanction decision like little doggy election AFD throw 100
Sat Dec 01 21:42:05 +0000 2018	Good WEREN red send message ur charge Guess weren shame kill Europe insistence blind immigration Shame Ihre Arroganz ist eine Schande für ganz Europa
Sat Nov 10 14:57:45 +0000 2018	Bona tarda Time valuable thing person spend Theophrastus
Sat Nov 24 18:43:27 +0000 2018	Haven damage country
Thu Nov 08 12:05:18 +0000 2018	spoil
Sat Nov 24 08:21:05 +0000 2018	chance Madam rid nation Europe fall popularity leave communist idea soon got lose good
Fri Dec 07 11:06:22 +0000 2018	Christian Democrat vote Friday Roman roll Stone way & amp Roman roll Stone way wasn raise sheep fleece & amp wasn raise fish reel Roman Governor Pontius Pilate rule court
Thu Nov 22 13:35:57 +0000 2018	Angela background check do nt lot deranged idiot chemical weapon enclose poulated space hope
Fri Dec 07 12:02:59 +0000 2018	Good bloody riddance Thank destroy Europe
Wed Nov 21 22:02:56 +0000 2018	France Oil bomb time Learn
Fri Nov 23 08:58:27 +0000 2018	want friend stop stupid
Fri Nov 09 14:40:46 +0000 2018	Bona tarda Hope optimism conviction turn certainty make sense regardless turn Vaclav
Fri Dec 07 17:59:49 +0000 2018	go Good riddance Hope door hit way
Sun Nov 25 20:52:41 +0000 2018	YES corruptist single handily destroy
Sat Dec 08 00:00:07 +0000 2018	Dear Ally plz bear continue defend country madman / criminal Thank patience Respect peace friend USA
Sat Nov 24 18:48:40 +0000 2018	Hello Rajhid let kill syria
Sat Dec 08 07:01:42 +0000 2018	Huawei network
