created_at	text
Fri Nov 09 12:41:08 +0000 2018	invite incredibly brave woman yr ALLOW TRAVEL SUPPORT BRAVE WOMAN
Tue Dec 04 03:56:54 +0000 2018	stupid Immigrant dump change Germany culture & amp Free Zone start growth State work like World Government Border / Open Border International access
Thu Nov 08 12:56:20 +0000 2018	HEAR BRAVE WOMAN AREN SUPPORT INSTEAD YR JOB JUGGLING
Sun Dec 09 08:06:17 +0000 2018	DEMOCRACY FREEDOM HUMAN RİGHTS FACED
Wed Dec 12 09:04:53 +0000 2018	start handle CO2 car emission 20 min bike ride work catch fresh air do nt rewlly
Mon Dec 03 17:53:44 +0000 2018	Germany Muslim child stab year old girl class speak German home teacher cover incident
Sat Dec 01 16:38:13 +0000 2018	War wrong time future Hope Planet wrong violence nature plant animal human God die Death Option life forever Planet possible
Wed Nov 07 09:55:37 +0000 2018	Exempt India sanction develop Chabahar port Iran strategic importance reconstruct war tear Afghanistan wise decision NATO 2nd access route Afgan
Thu Nov 22 03:12:05 +0000 2018	getting show bad ass woman
Sat Dec 08 06:32:56 +0000 2018	Dear Angela Thank Germany Europe History great courageous woman time enjoy life 🇩 🇪 🇫 🇷
Wed Nov 28 14:26:06 +0000 2018	don`t tell world SELFISH LESBIAN TRASHED intention England country big rich powerful woman GERMAN HYPOCRITE
Thu Nov 08 17:17:46 +0000 2018	Bona tarda man improve life improve attitude Héctor Tassinari
Fri Dec 07 18:11:34 +0000 2018	Thank woman value integrity proud
Sun Dec 02 07:02:36 +0000 2018	admire simple powerful woman
Wed Nov 21 22:02:10 +0000 2018	Merkel Energy die respectspalten Learn Energy Ottoman Word
Mon Nov 26 15:26:39 +0000 2018	wait work Kiss
Thu Nov 22 15:16:59 +0000 2018	PrinceMBS kill honest journalist ask man torture rape innocent woman try free themself sleep 🤔 😕
Sun Nov 25 14:10:39 +0000 2018	Ur Majesty found Sun Religion Trust relate World religion Mother Earth Holy Book Humanism Indian Govt 2014 welcome let work Save Mother Earth protect life
Sat Dec 01 23:11:14 +0000 2018	Western leader strong statement G20 Condemn Putin aggression agt Ukraine West stand united & amp warn Putin
Wed Nov 21 22:04:51 +0000 2018	Ugly Merkel Love Özil erdogan russian Women Love tövbe
Fri Dec 07 11:06:22 +0000 2018	Christian Democrat vote Friday Roman roll Stone way & amp Roman roll Stone way wasn raise sheep fleece & amp wasn raise fish reel Roman Governor Pontius Pilate rule court
Thu Nov 29 16:21:42 +0000 2018	Say Willing Send Military Force Akin Neville Chamberlain Tell Hitler Allow Sudentenland Long Europe Want
Mon Nov 26 22:36:10 +0000 2018	carbon footprint Shame & amp shouldn appease punish crime humanity vote work corporation destroy home
Thu Dec 06 21:29:28 +0000 2018	Bona nit continue misery day glass water passivity European citizen democracy human right
Fri Nov 23 14:41:13 +0000 2018	Bona tarda hero bear human indifference suffer Nicholas Welles
Sun Nov 25 14:31:42 +0000 2018	👈 AGAIN GERMAN HEIGHT STUPIDITY learn Oh maybe time Bye bye Europe
Thu Nov 08 11:23:51 +0000 2018	speak European Trade Union Confederation present Congress day
Sun Dec 02 03:22:36 +0000 2018	attempt illegal criticize German government lead know German Nazi Adolf Hitler Good leader blow criticism hate forward Weak leader Merkel want
Thu Nov 08 11:38:31 +0000 2018	make dangerous decision UK deal bankrupt UK protect Germany Chuck Chequers Chuck Merkel chuck
Thu Nov 22 20:24:27 +0000 2018	sovereignty EU Great idea like start Poland Wait minute remember time try
Thu Nov 22 18:04:02 +0000 2018	HATE CRIME white old defenseless people do nt care
Fri Nov 23 20:55:15 +0000 2018	Chris international public receive satisfaction put hundred New York London Scottish banker Jail 2009 recession Look job plus year make people willing
Sat Nov 24 22:20:15 +0000 2018	need lesson successful leader direct patriotic successful correct strong suggest watch Sebastian Kurz Austria young man direction world leader intelligence Migrant cancer disease
Wed Nov 07 00:58:22 +0000 2018	Kiev Angela Merkel promise 500 million euro 13 billions ve got repeat Trump Sanction decision like little doggy election AFD throw 100
Mon Nov 26 18:41:21 +0000 2018	strong isn nearly important brave Stand policy terrorize child Photo AP
Thu Nov 29 16:57:05 +0000 2018	ETR call chair ESM permanently & amp G20 position EU PM Germany France secure EU Germany pay EU EU wide office & amp representativity & amp responsibility EU
Fri Nov 23 18:46:51 +0000 2018	FAIL Middle East FAIL WHITE South African
Sun Dec 02 14:54:22 +0000 2018	unbelievable new dividing Europe Russia free hand Ukraine long Germany
Wed Nov 21 22:02:56 +0000 2018	France Oil bomb time Learn
Sat Dec 01 08:34:27 +0000 2018	Look life Adolph Emasculate Mother way Couldn soon Tens thousand Britain street express love Trump & amp movement globalism Didn MSM
Fri Dec 07 17:08:22 +0000 2018	take new job ventriloquist puppet
Mon Dec 03 12:06:51 +0000 2018	
Sat Dec 01 20:58:10 +0000 2018	´ s harebrained Oximoron clean carbon clean fossile energy facial expression say
Sat Nov 24 14:11:18 +0000 2018	word cheap patriotic contribution UN PAY SHARE right money loud mouth
Fri Nov 30 23:22:53 +0000 2018	G20 Song honest World Leader Photo rest case LUD 🗽 🌏 👩 👩 👩 ✔ ✔ ✔ ️ 🙏
Fri Nov 30 22:25:05 +0000 2018	message like introduce brother sure deserve support
Sun Dec 09 07:43:48 +0000 2018	Send greedy cheat nation Invoice past 50 yr & amp 60 day pay kick
Thu Nov 08 11:22:58 +0000 2018	strong speech european value need defend history teach happen
Sat Nov 24 08:28:35 +0000 2018	Hi Ms Merkel Feudalism soooo passe gulag kolchoz impress come innovative hand power Merkel EU Nation Prepare Hand Sovereignty Brussels
Wed Nov 28 18:07:41 +0000 2018	Stop Nord Stream Russian aggression gas important
Wed Nov 21 22:05:38 +0000 2018	Allah Aufheben Brüssel want Pheromone Food Apostasie God come come Merkel Theresa God Lynch
Tue Dec 11 15:47:20 +0000 2018	destroy Germany Europe Le Pen far good Europe globalist Merkel Hail UN Migration Pact Le Pen Say Forever Change France
Tue Dec 11 13:15:42 +0000 2018	apologise victim leave behind policy blood citizen hand right thing
Sat Dec 08 15:26:53 +0000 2018	destroy Western Europe & amp lecture Trump destroy New World Order Like buddy touch awful reality create blame Like globalist Trump
Sun Nov 25 21:49:38 +0000 2018	Bona nit Compliance jailer freedom enemy growth John Kennedy
Thu Nov 29 13:41:59 +0000 2018	Lady Hitler don care think want Stop manipulate medium hide crap illegal immigrant Germany Behead infant want conceal mental Germany go rule world
Sun Dec 09 23:03:20 +0000 2018	Hah wait Canadian start shout
Sat Nov 24 18:48:40 +0000 2018	Hello Rajhid let kill syria
Sat Nov 24 11:40:26 +0000 2018	ll USA sovereignty Nationalist Patriot fight right Reitre Angela Thank
Thu Nov 22 13:35:57 +0000 2018	Angela background check do nt lot deranged idiot chemical weapon enclose poulated space hope
Sat Nov 10 21:54:02 +0000 2018	guy lady take care World duty shove note Abt door careful piss 😏
Sun Nov 25 15:39:53 +0000 2018	clear belief originate upbringing time rid cancer culture
Thu Nov 29 13:55:10 +0000 2018	respect shall communicate United Europe World attend G7 G20 meeting United EU represent
Fri Nov 23 14:40:33 +0000 2018	don impose travel ban Israeli Criminal Pirate massacre kill civilian 70 year justice real justice fake
Thu Nov 22 18:12:09 +0000 2018	announce ll agree deal subject scrutiny second UK European citizen feel rob identity
Fri Nov 23 22:37:42 +0000 2018	non corrupt PM President boycott deal Saudi regime Jamal Khashoggi case close satisfaction change Saudi dictatorship fulfill
Sun Dec 02 14:38:47 +0000 2018	cancel meet Putin Putin summon meet Tail leg meet Putin Put world risk
Mon Dec 03 01:29:43 +0000 2018	thank visit country Argentine citizen feel proud presence welcome hope enjoy stay thank effort good country day Kind regard Marcelo
Sat Nov 24 20:04:21 +0000 2018	Mrs Merkel ingrate time criticize USA remembering save world country NAZI dictator protect remove troop Europe stay ungrateful
Tue Nov 27 12:26:20 +0000 2018	Bon dia Morale passport slander statesman small moral big moral Napoleon Bonaparte
Sat Dec 01 13:01:17 +0000 2018	Europe help Free Catalonia 🎗 🌻 💛
Thu Nov 29 19:57:32 +0000 2018	careful Trump G20 news America aflame new info Truml Putin protect country Trump false promise hide agenda
Wed Nov 28 23:20:45 +0000 2018	strong sorry
Sat Nov 10 18:49:51 +0000 2018	Thank Angela Emmanuel attend heart thought commemorate important event history paramount American remember past day repeat citizen United States
Tue Dec 04 23:41:58 +0000 2018	people street go bend Em let Mommy run country well let people decide Europe burn be4 cat treat like slave Angela help EU twot
Fri Nov 23 16:11:11 +0000 2018	Dear go shake hand person responsible G20 summit know MBS
Fri Nov 30 19:16:51 +0000 2018	like far integrity president go G20 far
Sat Nov 24 22:09:48 +0000 2018	say people think solve problem represent nationalism pure form patriotism Webster say nationalism patriotic feeling principle effort nationalist patriot President Trump Read
Sun Dec 09 22:25:18 +0000 2018	kind info support autocratic dictatorial regime
Thu Nov 22 03:28:33 +0000 2018	atheist believe harass sentence death b / c religious believe non religious believe Asia Bibi hutzpuh truly 🇸 bring Asia 🇺 🇸
Mon Dec 10 16:24:37 +0000 2018	Theresa like Elitist go Citizen multicultural ideal cater Muslim people wake
Sat Nov 24 04:32:18 +0000 2018	DON CHINA SAUDI ARABIA & amp blame politics
Sat Nov 10 16:15:48 +0000 2018	& amp able honor die WWII weather chilly attend 💩 show little willing Veteran die freedom PATHETIC
Fri Dec 07 08:22:34 +0000 2018	Bon dia help little bit
Fri Dec 07 04:07:59 +0000 2018	wish family Merry Christmas year million innocent cat torture eat Asian country cat unimaginably treat consumption beloved domestic betray let live
Sun Dec 09 18:11:14 +0000 2018	destroy & amp win able stop
Sat Nov 24 12:32:30 +0000 2018	America save world German Nazi lot gall short memory speak Russian today tired protect Europe getting screw process
Fri Nov 23 18:59:30 +0000 2018	want away freedom national country ready today sovereignty
Tue Nov 27 15:50:29 +0000 2018	Come Corruption ban urgently europarliamentaris fire 😦 😦 😦 Europe want defend
Sun Nov 25 14:04:20 +0000 2018	Leader Seriously treacherous heathen decimate Deutschland mention EU borderless Schengen zone BORDER NWO
Wed Dec 05 18:54:58 +0000 2018	support Nazi agenda know Merkel get radical socialist ideaology German French leadership lead 4th Riech
Sun Dec 09 16:54:09 +0000 2018	Putin riot France problem Germany master art false proaganda manipulate mass irrationally overreact democracy stoppeed
Sat Nov 24 15:05:28 +0000 2018	come try sovereignty Try twice Fail worry let invader
Fri Dec 07 20:57:51 +0000 2018	Hitler couldn Trump program 1st Arab spring 2nd spain 3rd france 4th germany Uk keep safe europian Union pathway collapse USA leader land lord king
Mon Dec 10 18:11:17 +0000 2018	Hello Czech Republic CZ east EU country steal billions EUR EU fund year send fund know mafia state steal Thank reply good day
Sat Nov 10 17:49:17 +0000 2018	GO leader display real honor & amp grace TRUMP show utter disrespect fall WWI
Mon Dec 03 20:50:23 +0000 2018	Maybe good people hunger strike maybe decide thousand stop watch movie eat popcorn
Tue Dec 11 18:07:19 +0000 2018	Slovenia
Fri Nov 30 10:11:34 +0000 2018	ETR call Agro Populism reflex liberal Social Democrat reform populism help let reflex dominate allow
Sat Nov 24 11:46:59 +0000 2018	American believe sovereignty aren interested socialism unelected moron tell live look ve Germany open border stupidity thousand assimilate
Wed Nov 07 09:11:52 +0000 2018	talk
Mon Nov 26 03:23:37 +0000 2018	World help sure get name wrong & amp unknown severe danger spread
Sat Nov 10 00:04:10 +0000 2018	responsible turn Germany people Sharia AntiSemites
Sat Nov 10 20:47:33 +0000 2018	True diplomat politician peace 🕊 ️ 🇪 🇺 🌍
Mon Nov 26 13:21:47 +0000 2018	😂 🤣 🤣 😂 😄 🤣 Germany
Sun Dec 02 15:48:27 +0000 2018	despise
Mon Nov 26 08:38:11 +0000 2018	British sad Brexit Thank authentic
Sun Nov 25 20:52:41 +0000 2018	YES corruptist single handily destroy
Sun Nov 25 20:38:40 +0000 2018	Talk & amp stead hobnob
Sat Nov 10 22:26:06 +0000 2018	know American people stand rain today remembrance fall hero WW1 France absent shameful stain
Wed Nov 28 17:09:51 +0000 2018	WTH wrong Germany Allow Islamic Radical Extremist country pollute school Extremist view & amp violence German Citizen Germany live & amp daughter bear SAD
Fri Nov 09 14:40:46 +0000 2018	Bona tarda Hope optimism conviction turn certainty make sense regardless turn Vaclav
Sun Nov 25 10:42:00 +0000 2018	INDO NUCLEAR SCIENTIST ROT MENTAL ASYLUM USA PLS RESCUE MOTHER PRAY PLS HELP DEPORTATION
Sat Nov 10 21:28:45 +0000 2018	Dotard Putin Toy forget waterproof cover mattress
Thu Nov 08 20:52:07 +0000 2018	lift sanction Eritrean president Isaias afewerk amount put gun Eritrean people head pull trigger Sanction stay mad dictator Eritrea go
Sat Dec 01 13:00:07 +0000 2018	Bon dia act faith great believe God look try ☹ ☹ ☹
Sat Nov 10 21:13:52 +0000 2018	Vous manquez sorry German utter faith & amp sad leave political arena
Tue Dec 11 02:32:59 +0000 2018	G20 country boycott Indonesia immigration criminal punish freedom & amp return UK ID
Tue Nov 27 21:54:31 +0000 2018	Bona nit continue misery indignation shame increase Sleep quietly
Sat Dec 08 00:00:07 +0000 2018	Dear Ally plz bear continue defend country madman / criminal Thank patience Respect peace friend USA
Sun Nov 25 22:56:00 +0000 2018	call Brexit tragedy clearly take pleasure today respectfully professionally make clear wish Brexit wasn happen Brexiter realise problem EU
Sun Nov 11 01:34:41 +0000 2018	sorry don speak write German want thank lovely person & amp know support action Donald Trump
Sun Nov 25 08:02:39 +0000 2018	1970s impose sanction paralyse Rhodesian tyranny Today Zim tyranny bad Ian Smith & amp Mugabe combine impose severe TARGETED sanction Zim GVT Elite
Sun Dec 09 08:40:53 +0000 2018	Bon dia political prisoner Spain hunger strike judge leave paperwork drawer European justice case hear
Sun Dec 09 17:05:15 +0000 2018	Thank feed America POTUS nice finally realize terrible NWO & amp Country ruin believe NWO God Bless
Sat Nov 10 23:44:26 +0000 2018	America sorry shameful callousness & amp disrespect show President today somber day commemoration look forward have leader worthy honor 2020
Fri Nov 30 10:16:17 +0000 2018	Dear President mean allow EU Fta efficient Agro producer & amp export French Farming Lobby vs good World
