created_at	text
Tue Nov 27 05:56:12 +0000 2018	Peter Fredericks Tribute Princess Diana 57th Birthday 🙏 🌹 🌴 💧 VA Palo Alto Health Care System EL AL France Health Resources Service Administration HRSA Raising Men Lawn Care Service Huntsville System Brasil AD Zamora Op on knieë voor Jesus Jesus
Tue Nov 27 04:44:31 +0000 2018	Welcome Internet Peter Fredericks Diana Queen heart Lord Shepherd Want Psalm23 Good Shepherd Lord Shepherd Want Psalm23 Lord Shepherd Want Psalm23 1 🙏 🌹 🌴 💧 Dan
Sun Dec 09 00:04:35 +0000 2018	industry run Muslim train people work ready baddu ghulam shame think approach strong guy let
Sun Dec 09 00:03:14 +0000 2018	Baddu control woman Holly Place guy mentally sick
Sun Dec 09 00:02:18 +0000 2018	Surprise hear saudi govt open job shame onnthem deserve king guy owe baddu Allah blessing deserve
