created_at	text
Thu Nov 29 12:15:14 +0000 2018	solution water energy job limitless think solution immigration problem seek support develop Guatemala check video
Sun Dec 02 11:48:01 +0000 2018	bit energy effort drive 3rd referendum people vote
Tue Dec 04 09:28:27 +0000 2018	key message 🇦 🇺 Prime Minister 🇦 🇷 trade work declaration focus fair & amp sustainable development measure infrastructure food security & amp
Sun Dec 02 08:30:39 +0000 2018	sign communique affirm Australia commitment implementation Paris Agreement
Fri Nov 23 23:42:41 +0000 2018	AUSTRALIA RELIABLE PARTNER INDIA INTERNATIONAL TRADE INITIATE MOVEMENT COME GLOBAL GRADATION ENTIRE WORLD NEEDS UPGRADE EFFICIENCY EDUCATION EMPLOYMENT EARNING ESTEEM EQUALITY INCLUSIVE ECONOMIC DEVELOPMENT SOCIAL HARMONY
Wed Dec 05 02:41:20 +0000 2018	say Paris wouldn increase energy cost
Sun Dec 09 23:35:43 +0000 2018	Viva la Trump follow lead leave Paris agreement buffoon need lead desire lead
Sat Dec 01 23:33:13 +0000 2018	sign climate agreement G20 climate policy mine coal 20 leader agree trade Trump buck climate
Sat Dec 01 08:26:03 +0000 2018	Argentina hope consensus trade & amp global warming G20 Wonder tell lead power world pray rain
Fri Nov 30 07:16:08 +0000 2018	educate global governance & amp Soros
Sat Dec 01 21:31:05 +0000 2018	World peace oh energy release
Thu Nov 29 22:10:55 +0000 2018	Dennis Shanahan feel go G20 Summit face global trade war possible war Russia Ukraine political holiday
Fri Nov 30 23:28:30 +0000 2018	Hey Scott think pleasant cohesive society action climate change priority focus Trump
Sun Dec 02 07:23:03 +0000 2018	surprised learn strong economy national security 10 list 70 Australian want society community accept family economy
Mon Dec 03 04:08:59 +0000 2018	politics global joke G20 need note current PM Australian people election
Tue Dec 04 02:35:18 +0000 2018	G20 Trump didn sign reaffirm Paris CC treaty Turnbull push cabal pet Climate Change fairytale hoped realise massive elite tactic control shepherd people sovereignty need restore
Sat Dec 01 16:54:35 +0000 2018	good meeting Australia Prime Minister Like minded partner work hard come agreement negotiation Spring 🇪 🇺 🇦 
Sat Dec 01 11:33:42 +0000 2018	Look forward meet President Trump later today Buenos Aires G20 know strong economy national security foundation
Sun Dec 02 01:35:10 +0000 2018	DEMOCRATIC Country agreement irreversible SOVEREIGN Govt Leading Australian don protest demonstrate VOTE Leader good Austtralia
Fri Nov 30 10:53:41 +0000 2018	Hey Fuck ya fuckn muppet don want Donald Trump government toady emulate want 1/2 clean renewable energy refugee incentive tax break multinational diversity cabinet
Mon Dec 03 10:15:24 +0000 2018	19 world leader reaffirm commitment lead include PM G20 Communique Paris Climate Accord irreversible President Trump USA remain isolate
Fri Nov 23 12:02:24 +0000 2018	Good role model kid BLOODY RARE day eight= Covfefe PM drunk public MB win influence any1 role model glorify servant & amp
Sat Dec 01 07:27:11 +0000 2018	School strike climate action refreshing Newcastle Herald ⁦⁩ idiot statement Save kid catastrophic
Sun Dec 02 07:17:28 +0000 2018	Actually 18 isn deal climate change didn want bad PR IMHO
Sat Nov 24 05:16:07 +0000 2018	Pls Resolve issue TCIL PSU ministry Communication terminate job regularize approchable candidate manger level Engg level complain pg portal transfer issue complain DPG 2018 00163
Sat Dec 01 05:29:10 +0000 2018	praise good job ask Turnbull long PM
Sun Dec 02 06:37:55 +0000 2018	Trump say fantastic job good endorsement Eddie Obeid say ve get high ethics trustworthy
Sat Nov 24 04:57:45 +0000 2018	stupid need combat climate change stupid want understand
Tue Nov 27 23:03:25 +0000 2018	Prime Minister OK like know go stop palm question Enviro Minister CC effect economy health infrastructure etc Stop drive kid
Sun Dec 02 18:00:47 +0000 2018	good way isolate rest Europe
Sun Dec 02 03:05:29 +0000 2018	hope COP24 agreement draconian measure inevitable G20
Sat Dec 01 03:51:41 +0000 2018	Good Afternoon Hope successful meeting Prayer wonderful safe evening God bless 👍 😃 👌
Mon Dec 10 07:47:40 +0000 2018	Climate hoax HOAX UN skim develop nation waste deal corrupt government Panama Bank Act & amp globalist dictator don care climate Bank Act
Fri Nov 30 20:44:29 +0000 2018	represent Australian unelected fool evidence ramble ridiculous ignorant answer question Making go
Fri Nov 30 07:41:25 +0000 2018	arrive Argentina Hope good outcome Australia Argentina bilateral relation
Sun Dec 02 06:37:41 +0000 2018	Australia government abandon USA sign communique back climate pact demand Paris
Sat Nov 24 12:12:40 +0000 2018	Hello president India party good Indian country work ok defence sport bhujan samjha party prime minister India miss maywati iron lady ok face book check report bjp conress cheat grad ledero
Fri Nov 30 23:18:31 +0000 2018	far good remind scene man jump roof tall build French Movie Les Haines fall certain death chant fa good MMMM
Sat Nov 10 23:34:49 +0000 2018	Australian ministerial intervention EOI E0009869377 pregnant wife think future 2kids away get invitation PR eligible affect baby health job HELP tears&amp 💔 Aus govt help urgently
Thu Nov 22 18:18:08 +0000 2018	Request Australian ministerial intervention EOI E0009869377 pregnant wife think future 2kids away get invitation PR eligible affect baby health job HELP tears&amp 💔 Aus govt help urgent
Sun Dec 02 09:03:22 +0000 2018	fast endorse apparently
Fri Nov 30 08:11:20 +0000 2018	arrive Argentina Hope good outcome G20 meet Australia Argentina bilateral relation
Mon Dec 03 02:40:29 +0000 2018	opportunity champion cause renewable Australia firm foot forward clearly lose Australia mock world open coal instead renewable field
Sat Dec 01 14:09:21 +0000 2018	Republic Turkey act contrary Universal Declaration Human Right
Sat Dec 08 12:42:22 +0000 2018	absolutely right Pay attention Australia pull Paris Agreement
Fri Nov 30 07:32:00 +0000 2018	Today G20 important opportunity hope world believe decision interest protection terrorism global warming atmosphere nature goodness humanity India G20 world peace
Mon Nov 26 19:39:15 +0000 2018	tell sack Tourism Australia meet Ksc role PM fit represent G20
Fri Nov 30 07:48:42 +0000 2018	30 year remember life lose recommit response need bold action sufficient investment turn tide voice hear support edit attach
Wed Nov 21 20:21:58 +0000 2018	cc TRUMP SACRIFICE AMERICAN VALUES SANCTION SAUDI HEAD CHOPPER Morally BANKRUPT allow MURDER Foreign Country dirty arab oil money & amp ARMS DEALS Don lecture world VALUE SHAMEFUL
Sun Dec 02 10:22:26 +0000 2018	Like thief night Wait plane home G20 launch destructive sabotage mission happy completely wreck legacy write
Tue Dec 04 03:28:53 +0000 2018	Corruption fringe issue leadership home implement Anti Corruption commitment
Thu Dec 06 03:37:00 +0000 2018	Disgust National SECURITY HUMAN SECURITY
Sat Nov 24 03:32:27 +0000 2018	Good Luck
Fri Nov 30 23:23:31 +0000 2018	* high level meeting * raise issue trade idea immediately knock know struggle POTUS face impeachment wouldn want shoe
Sun Dec 09 21:43:32 +0000 2018	base moment lose gain ignore moderate Liberal party bring grief
Fri Nov 23 23:38:41 +0000 2018	Good morning Sir
Sun Nov 25 07:00:04 +0000 2018	Congratulations sir good news nation
Fri Nov 30 06:06:48 +0000 2018	suffer bad frequent disaster longer continue mainstream capitalist medium like magazine admit halt & amp start reverse prevent
Sun Nov 25 22:34:34 +0000 2018	wonder dare contradict Kind shirtfront value honesty thing know complicated
Tue Dec 04 03:06:38 +0000 2018	deference life experience contribution Attenborough & amp warning
Sun Dec 02 02:14:48 +0000 2018	good know ya Let Libs rebuild year election flogging
Sun Dec 02 03:07:04 +0000 2018	positive mark ⁦⁦⁩ resist instinct side Trump 19 20 World Leader Pledge Fight Climate Change Trump Lone Holdout Mother Jones
Sat Dec 01 10:47:57 +0000 2018	Fool G20 right work
Sat Dec 01 14:09:45 +0000 2018	imprison sinking trade law 5941 contrary Universal Declaration Human Right
Tue Dec 04 10:57:43 +0000 2018	Oz & amp Country refuse sign UN Migration Pact 19 Country G20 agree support Paris accord Russia Trump show intelligence sign weird hope America drop bombshell SOON 5D Chess
Thu Nov 22 14:11:18 +0000 2018	PM review range tie India Australia speak way enhance economic cultural security tie nation
Sat Dec 08 23:04:13 +0000 2018	note Dump Paris
Tue Nov 27 22:17:38 +0000 2018	Swallow bitter pill world affair don try ingratiate probably despise
Wed Nov 28 06:20:58 +0000 2018	government cancellation REP GOVERNMENT
Sun Dec 02 03:54:37 +0000 2018	What s point sign doc G20 reverse Paris stuff Damn weak AH BASE win come Shorton sign GCOM DISASTER NIGHTMARE COMING narcissist Turnbull win
Sat Dec 01 22:32:10 +0000 2018	Oi read intransigent fool
Sat Dec 01 21:09:45 +0000 2018	good trade deal Canada
Sun Dec 02 07:50:09 +0000 2018	sell Australia soul sign G20 Communique fool
Sat Dec 01 00:28:39 +0000 2018	fair compare achieve & amp clearly corrupt
Sun Dec 02 00:18:51 +0000 2018	expect thought bubble Wentworth campaign try Jewish vote work PM Start work proper Climate Change Policy & amp stand right ll take seriously
Sat Dec 01 00:31:23 +0000 2018	Instead explain current PM Treasurer explain world trade system work explain economic risk inaction
Mon Dec 03 12:43:57 +0000 2018	hey look falklands get oil ready build runway sheep penny fuel jet wow good trade deal trust tories general election strong stable
Sun Dec 02 10:07:04 +0000 2018	interference Turnbull tweet time beautifully plane return G20
Sun Dec 02 07:47:00 +0000 2018	get trade point Summit ongoing tension China United States water summit key message progress simply bring issue head
Sat Dec 01 21:55:12 +0000 2018	Trade opportunity brexit Come transitional period guy anytime 90 year 20XX accord legally bind withdrawal agreement
Sun Dec 02 13:05:59 +0000 2018	need Heart Look need Courage Look need Brain Look Winter Oz Collection Inc showcase * No size available free thinker * Zero return policy defect item * All Sale Final
Thu Nov 22 21:36:53 +0000 2018	discuss space research collaboration have capacity launch satellite especially AUSTRALIA suit MARS environment research area
Tue Dec 04 05:37:47 +0000 2018	negative EU want leave good country great importance M succeed WORLD need UK EU cry EU scared Viva
Sun Dec 02 06:52:20 +0000 2018	Liberal government weren pathetic face election wipeout Prime Minister electoral fodder signing Paris accord weak PM
Thu Nov 22 08:06:53 +0000 2018	Mate love passionate speech good tip way cook curry
Thu Nov 29 04:29:20 +0000 2018	Surely & amp get scramble head good thing …
Thu Nov 29 19:29:52 +0000 2018	PM enroute track record bring advanced emerge economy bridge divide shape rule govern economic interaction
Fri Nov 30 22:18:03 +0000 2018	hey listen marxist Paris Accord
Sun Dec 02 02:37:47 +0000 2018	OMG embarrassment PM contribution G20 meet Argentina Trade work
Mon Dec 03 02:16:54 +0000 2018	G20 Oh Black sheep Good rest suck
Sun Dec 02 03:06:02 +0000 2018	EU moment technically free trade agreement Japan take year read referendum
Tue Dec 04 04:27:55 +0000 2018	Agree G20 apparently wait sign & amp leadership crap diversion pathetic lightweight drivel Lib
Sat Dec 01 21:12:29 +0000 2018	Give make sure don power execute free trade agreement don point
Fri Nov 30 10:57:03 +0000 2018	news meet G20 meeting inevitable regardless good opportunity pair sense
Sat Dec 01 11:00:28 +0000 2018	Meet 93 year old pension activist
Sun Dec 02 06:53:40 +0000 2018	Liberal government weren pathetic face election wipeout Prime Minister electoral fodder signing Paris accord weak calle Christian bow Baal PM sell Australia
Thu Dec 06 07:34:54 +0000 2018	Exactly protect Julian Assange brilliant Australian journalist persecute seek truth chance G20 help Australian citizen dire need History judge
Wed Nov 07 06:28:24 +0000 2018	ScoMo prove today get glass jaw hope consider go election trail fool dispatch month ensure party isn ground electoral oblivion
Sun Dec 02 02:38:27 +0000 2018	blame Theresa hostile environment disgrace make country xenophobia cess pit
Sat Dec 01 06:56:48 +0000 2018	World need stand Chinese oppression Taiwan Tibet Balochistan Uighurs
Sun Nov 11 03:13:11 +0000 2018	sit mp Islam race religion belief system cover church state life allow belief system country endorse facet belief system Good bad
Thu Nov 22 05:26:06 +0000 2018	secure type low interest rate reduce outbound payment
Sun Dec 02 09:02:45 +0000 2018	trade opportunity EGO DRIVE HANDCUFFED transition period year time HONEST NATION mean tie law NEW TRADE DEALS
Sun Dec 09 23:50:07 +0000 2018	SOUTH AFRICA NEED far bad public speech see happen 8th December 2018 BLF Black live
Mon Dec 03 03:50:55 +0000 2018	feel German Chancellor give photograph briefing note case new Australian PM time take G20 meeting
Thu Nov 29 10:33:39 +0000 2018	Amid grow protectionist trend likely Australian Prime Minister use finish polish treaty EU reduce tariff Asia Pacific
Wed Dec 05 12:29:01 +0000 2018	come Australia World care & amp lead Australian citizen & amp Abuse posting message Proud Australian & amp
Fri Nov 30 20:52:02 +0000 2018	clear ⁦⁩ refer ⁦⁩ look chuff chug beer truly cement US / Aus alliance
Sat Dec 01 05:35:16 +0000 2018	win tell prefer Turnbull Scott isn alarmist like Turnbull
Sat Dec 01 04:30:43 +0000 2018	Mate got smack election chance win ex specially absolute Fuckwit PM adore bully woman parliament election Hiw embarrassing find great country laugh G20 Malcolm
Sun Dec 02 12:39:02 +0000 2018	Maybot plan sign UN migration pact cover media blackout big sellout Brexit sabotage
Fri Nov 30 20:43:00 +0000 2018	reason support protectionism tariff import currency exodus tax productive gain real production free import economy unfair ripoff productive swindler reward
Sat Dec 01 01:03:45 +0000 2018	embarrass
Mon Dec 03 17:37:48 +0000 2018	G20 summit world leader ask Australia bogan 3rd world political party coup introduce bill party doesn happen democratic practice country UK
Sun Dec 02 22:47:04 +0000 2018	18 20 raise hand finger cross badly want fit
Mon Dec 10 20:32:48 +0000 2018	read thread important Western value danger Wake America Wake Australia Wake Canada
Sun Dec 02 07:05:15 +0000 2018	Jail Catalan leader denounce Spanish Constitutional Court block right access international justice stonewall appeal recourse injustice Today December 1st begin
Tue Nov 27 21:53:21 +0000 2018	case head burry sand remotely look thing gov need work chart mind
Sun Dec 02 05:46:33 +0000 2018	absolute disgrace traitor single Australian signing away Australia sovereignty irreversible TRAITOR
Fri Dec 07 00:33:06 +0000 2018	flat deliver Murdoch promise list 6BN independent school encryption law religious freedom Trump Morrison G20 ve lot thing want & amp sit right
Sun Dec 02 05:19:58 +0000 2018	year Aus Budget finally return surplus Labor gov rack record deficit total 240B fix Budget difficult strong Budget & amp strong economy vital Aus future
Thu Nov 29 02:58:06 +0000 2018	go tie run book Frydenberg doesn appear thing treasurer Morrison keep Frydenberg arm length international affair trust issue Frydenberg suppose work Budget Morrison hearsay G20
Sat Dec 01 21:12:35 +0000 2018	Blow ass she`s frigging waste space 🇬 🇧 🇺 🇸
Wed Nov 28 08:56:50 +0000 2018	G20 advice emergency service visit stage
Fri Nov 30 07:26:33 +0000 2018	BREAKING cross live want share thought LNP leadership achieve G20
Tue Nov 27 23:09:53 +0000 2018	bad week 50yrs & amp snub hero look like job SuperMalcolm 🎩 meeting Joko Widodo Australia Special Envoy World Leader Want Duck ScoMo
Fri Nov 30 22:38:29 +0000 2018	happen Malcolm ask question meeting hour ago
Mon Dec 03 09:48:50 +0000 2018	bet get massive eye roll like Trump Merkel G20 try explain Maybe nudge need sort Wouldn surprise
Sun Dec 02 03:00:43 +0000 2018	help Asia Bibi family need asylum urgently Islamist think Christian
Wed Nov 28 22:59:14 +0000 2018	think temptation include Australian Prime Minister turn leader level meet Quad Morrison snub bid bilat Trump natural place include
Fri Nov 09 21:47:44 +0000 2018	problem PM signature year Maybe bus / plane take
Wed Nov 21 21:08:07 +0000 2018	thanx Saudi Arabia drop fuel price outrageous fuel price drop
Wed Nov 28 03:47:32 +0000 2018	Hey G20 Buenos Aires visit city year ago nice stay Forever
Sun Dec 02 08:47:20 +0000 2018	way Australia world leader need minute check current prime minister G20 Summit Argentina
Mon Dec 03 04:56:26 +0000 2018	Despot aren consider friend Australian loss
Fri Nov 30 11:09:37 +0000 2018	maybe talk President Trump problem USA bank securitise loan Monday extend
Sun Dec 09 08:32:32 +0000 2018	Imagine literally have team people inform ask question incorrect information lead mass attack leader cut staff
Sat Dec 01 04:56:06 +0000 2018	world leader gather G20 Summit Argentina late Prime Minister meet President urge America end trade war China report Pic AAP
Fri Nov 30 22:49:17 +0000 2018	meet G20 challenge UK government policy freeze UK pension 238 000 UK expat Oz
Sun Dec 02 05:22:41 +0000 2018	thought prayer Australia sovereignty dare sign Australia Globalist piece 💩 💩 finish thank
Fri Nov 09 10:38:32 +0000 2018	10 bank account debit charity levy simply directly pay preset choice charity medium network Create right incentive structure tax income
Mon Nov 26 08:37:54 +0000 2018	care comment pretty dam article scary labour send country toilet trust resume Rubbish
Sat Dec 01 05:04:06 +0000 2018	tell Trump dump win tell Australian public voter interesting note Morrison believe accountable
Fri Nov 30 01:21:48 +0000 2018	& amp land Buenos Aires include trade talk France Brazil European official
Wed Nov 28 00:26:37 +0000 2018	Great plan come
Fri Nov 23 07:50:26 +0000 2018	[ 2/2 ] roll arm backyard cricket game Kirribilli House raise 25k Batting Change 🏏 💪
Tue Dec 04 23:22:11 +0000 2018	impart information new find buddy Mr President guy dump country mire
Fri Nov 30 05:32:23 +0000 2018	G20 Prime minister arrive Buenos Aires ahead G20 Summit Australia successful trading nation ll continue ensure prosperity people
Mon Dec 03 02:51:46 +0000 2018	flag leader nation concern Rudolf Rocker nail concern similar gathering
Wed Nov 28 06:11:38 +0000 2018	embarrassingly left list world leader schedule meet summit
Sat Nov 24 22:09:57 +0000 2018	Dear Scott Morrison tweet Nov 18 wonderful Wombat create vibration CALM gift tell farmer bring rain watch day Renelle
Thu Dec 06 03:06:13 +0000 2018	Canadian PM speak Australia need find voice stand friend like
Sun Dec 02 20:22:36 +0000 2018	Climb aboard peace ship great away psycho bitch kill song think sailing away bright day standing room colour bright leader sit agree end war war
Wed Nov 28 10:16:32 +0000 2018	work
Sat Dec 01 22:33:02 +0000 2018	care vote 40 year future council GEs proper approve deliver fault member look forward leadership vote
Tue Dec 04 22:35:16 +0000 2018	shake SadBin murderer hand Aware stand photo op do nt footage hand shake
Wed Nov 07 11:29:21 +0000 2018	Defence Force like employ people Disability hard basket Disability Discrimination Act
Wed Nov 28 03:32:34 +0000 2018	Breaking doesn trust Plate treasurer knowledge economics G20 meeting Take buffoon
Thu Nov 29 07:08:26 +0000 2018	Flemish interpreter depart G20 ll meet look selfy autograph sophisticated respected government
Sun Dec 02 10:38:22 +0000 2018	Wonder wash hand photo op
Fri Nov 09 21:08:09 +0000 2018	shite 🇦 🇺 reek BS voting system doesn rock come vote time Pencil 10 day tally Australia historical swamp drain come soon
Sun Dec 02 08:20:45 +0000 2018	borris animal good job priminister deal table say leave deal
Sat Nov 24 04:49:02 +0000 2018	41 day harassment school kid Wakad School flout RTE integral venerable Indian Constitution clear PCMC DYDE NCPCR MSCPCR etc mum care 100 odd kid harass School collect ransom money extortion HLP
Fri Nov 23 10:47:47 +0000 2018	40 day harassment school kid Wakad School flout RTE integral venerable Indian Constitution clear PCMC DYDE NCPCR MSCPCR etc mum care 100 odd kid harass School collect ransom money extortion HLP
Sat Dec 01 23:13:39 +0000 2018	great job great leader
Fri Nov 23 00:29:06 +0000 2018	Hey elevator pitch world Australia dig coal uranium yard investing vision
Fri Nov 23 20:38:52 +0000 2018	Hello sir India big job work great
Mon Dec 10 08:48:24 +0000 2018	wait till April Australia look new job
Thu Nov 22 03:58:37 +0000 2018	advise central bank act accordingly wanna
Mon Dec 03 23:57:52 +0000 2018	job
Fri Nov 30 20:43:29 +0000 2018	36 people G20 leader photo
Thu Nov 08 01:17:03 +0000 2018	Dear Gov people bank risk danger Stop
Mon Dec 10 23:59:14 +0000 2018	Liberal make border safe
Mon Dec 03 01:51:36 +0000 2018	schedule pull aside meet Prez excited tell
Sun Dec 02 15:01:01 +0000 2018	trade deal tie EU advisor say wrong have tell country wait bit long deal vote mean lose trust
Fri Nov 30 04:37:47 +0000 2018	Scomo G20 Argentina count work latte sip bogan think MPs don work house isn sit
Sun Dec 02 20:35:37 +0000 2018	wear bright jacket stand people notice Give insignificant suppose plan
Sun Dec 02 06:02:44 +0000 2018	TM don reality call deal mean UK leave EU CU mean UK able independent trade deal country Sadly clearly RotW delusional
Fri Nov 23 23:03:42 +0000 2018	Fuck ocker photo op bullshit bizarre concentrate actually run country instead constant photo op election campaign run taxpayer dollar
Sat Dec 01 00:32:02 +0000 2018	wish wasn tone deaf follow footstep obviously bad decision wouldn warn
Sat Dec 01 21:35:10 +0000 2018	guess know belief wear red increase chance win Desperate little girl apply desperate measure
Fri Nov 30 04:44:10 +0000 2018	think G20 ll OK spectacular ll impression ll monumentally fuck international stage
Sat Dec 01 21:43:59 +0000 2018	govt member exclusive medium contract
Sat Dec 01 21:13:02 +0000 2018	win work awful deal want custom territory EU tariff regulatory regime vote LEAVE
Wed Nov 07 21:38:52 +0000 2018	Prime Minister deeply grateful warm word solidarity encourage kindness Natural disaster challenge difficulty thought Australian affect recent drought
Fri Nov 30 10:55:18 +0000 2018	Mr Prime Minister Australian smart decision country govern President Donald Trump way un Australian way divide rule way Prime Minister approach backfire Victoria
Fri Nov 30 20:51:37 +0000 2018	Great performance G20 risk embarrassment like PM represent internationally domestically need push left propaganda back Labor LNP
Tue Nov 27 10:18:19 +0000 2018	Today day heal Darwin Australian visit Japanese Prime Minister city acknowledge sensitivity past celebrate reconciliation strong partnership share agenda future
Fri Nov 30 00:28:34 +0000 2018	Hope heed
Sat Nov 24 22:20:00 +0000 2018	look world map go country drama rate level CALM Australia obviously way high rest world Thank Wombat speak Renelle
Sun Dec 02 22:22:58 +0000 2018	Bad etc allow people clean mess
Sat Dec 01 05:17:45 +0000 2018	⁦⁩ afraid ⁦⁩ didn fantastic job basically hasn expect consider ll work day month
Sun Dec 02 10:03:28 +0000 2018	real opportunity manage eradicate benefit Brexit remember history wrong reason
Mon Dec 03 10:08:24 +0000 2018	article say government pack program December summer holiday loom sit fortnight Morrison attend G20 meeting end week win legislate lot spin sit day 2019
Fri Nov 30 01:40:55 +0000 2018	Prime Minister prepare world stage G20 Summit
Tue Nov 27 09:33:34 +0000 2018	beware phenomenon UK PM SHARIA outbreak Sharia law Islamic Law world Essentially modus operandi transmit illustration
Sun Dec 02 10:11:21 +0000 2018	Retiree live abroad state pension freeze scrap
Sat Dec 01 21:29:57 +0000 2018	bit pointless call deal ll need permission
Fri Nov 30 04:52:22 +0000 2018	future talk
Thu Nov 29 20:50:51 +0000 2018	Prime Minister expect tackle trade tension China meet world leader G20 summit Argentina
Tue Nov 27 22:59:26 +0000 2018	left list world leader meet sideline G20 summit
Mon Dec 03 20:39:59 +0000 2018	Maybe came realise international joke
Wed Nov 28 08:27:34 +0000 2018	Hey don ask G20 { try laugh } HA HA HA HA seriously { Lose it } Ask josh go instead
Sat Dec 01 01:25:51 +0000 2018	Hell sure fire indication brainless operating twitter profile Aren G20 gathering didn gent lose election LNP Oh labour fault
Fri Nov 30 10:45:43 +0000 2018	* PULL ASIDE * 🤔 pull aside ally 😳 😭 not‼️ 😡 meet nothing 😡 😡
Sat Dec 01 11:00:28 +0000 2018	Oh get idea stunt House month ago
Thu Nov 29 09:15:39 +0000 2018	Probably better meet G20 cap
Wed Nov 28 09:46:31 +0000 2018	care
Fri Nov 30 04:48:11 +0000 2018	Stuffed G20 meet Brisbane Australia refuse confront China Shadow Finance rest G20 know ignore Australia
Fri Nov 23 07:52:09 +0000 2018	Need run moob
Wed Nov 28 00:35:04 +0000 2018	want Australian Embassy ll scratch & amp scratch Trump doesn want scratch
Wed Nov 28 01:22:11 +0000 2018	planning challenge leadership G20
Mon Dec 10 11:39:01 +0000 2018	Sir PR Australia
Wed Nov 28 03:41:44 +0000 2018	Julia Banks defection Victorian election result spark Josh Frydenberg cancellation G20 ⁦⁩ ⁦⁩ Chaos
Sat Dec 08 22:37:04 +0000 2018	house genuine fair refugee detention center temporary protection visa welfare let leave work self reliant bid 20 year probationary citizenship building house Stat housing citizen
Mon Dec 03 05:25:01 +0000 2018	Interesting President China speak POTUS bilateral dinner end G20 speak softly strike leader powerful country doesn need shout
Sun Dec 02 10:58:46 +0000 2018	LOL eer upset 🤣 🤣 🤣
Thu Nov 29 20:21:58 +0000 2018	hope PM return commit heed
Mon Dec 03 02:50:21 +0000 2018	soon return G20 meeting ll bus okay
Sun Dec 02 10:20:54 +0000 2018	win vote implement take government court ruin life 2+yrs process angry stress passionate constantly wait vote place person change
Sun Dec 02 09:48:57 +0000 2018	British White people racist color people racist people world travel London get discrimination lot white British Racist doesn deserve travel country come country
Sun Nov 11 04:05:50 +0000 2018	Australian prime minister western leader dare PM refer extremist Islam evil challenge Islamic leader Australia root ideology share MP party leader minister
Fri Nov 23 11:03:00 +0000 2018	currency consider long run Vulpe
Sun Dec 02 02:59:32 +0000 2018	Trudeau Huh
Sun Dec 02 11:50:03 +0000 2018	Japan word control
Sun Dec 02 05:35:37 +0000 2018	Australia new breathing tax set stone think French riot wait aussy cop impact globalist agenda
Thu Nov 29 11:57:44 +0000 2018	win hold bilateral meeting lot premium involve investing relationship tell
Fri Nov 23 11:34:51 +0000 2018	Sink kid get Piss / blow money Sortsbet right passage poor unfortunate child family DH unfortunate confused role model Rapist / Women Basher weak peice shit /Abusers / Drunk
Tue Nov 27 09:17:20 +0000 2018	beware stategy worldy leader cause know tend double faced policy case Israeli Palestinian Conflict SOLUSI PRINGSILAN LORO
Tue Nov 27 22:44:20 +0000 2018	* Panic * Threat Anger long work
Fri Nov 30 06:34:24 +0000 2018	G20 kiss fat arse don SHIRTFRONT COVERT support ISIS Terrorist SYRIA & amp IRAQ & amp continue ILLEGAL OCCUPATION
Thu Dec 06 14:27:47 +0000 2018	exactly Donald Trump sit G20 Bush Sr funeral
Sun Dec 02 04:01:33 +0000 2018	Interestingly twitter feed doesn support EU deal read tweet
Mon Dec 03 05:05:10 +0000 2018	Theresa ignore UK public sign UN Migrant Pact public haven tell know like like deal bad UK somebody help UK maybe
Sat Dec 01 03:56:19 +0000 2018	officially G20 pair discuss trade North Korea Iran nuclear deal meeting last 15 minute
Fri Nov 23 01:08:26 +0000 2018	go shake hand
Fri Nov 23 08:05:59 +0000 2018	slow toss
Thu Dec 06 02:20:45 +0000 2018	LOL hey ⁦⁩ Siri hear G20 hadn
Tue Nov 27 02:13:58 +0000 2018	rightly remind PM country G20 soon Time huh
Sun Dec 02 10:35:56 +0000 2018	useless let strong negotiate give country away bureau crate laugh pathetic way deal
Sat Dec 01 08:35:22 +0000 2018	Dear Today watershed moment Whilst go student Australia find voice time year truly feel like Glad ve find new besty ve get
Tue Nov 27 23:44:58 +0000 2018	go G20 groupie autograph hunter leader 20 nation … intellectual level
Sun Dec 09 19:50:26 +0000 2018	beg mercy grant asylum soon Asia family safe Asia inspiration million worldwide stay true faith matter cost act soon 🙏 🏼
Sun Dec 09 19:46:26 +0000 2018	beg mercy grant asylum soon Asia family safe Asia inspiration million worldwide stay true faith matter cost act soon Thank 🙏 🏼
Tue Dec 04 02:52:01 +0000 2018	do nt Australian leaflet help work I m confused
Sun Nov 25 23:39:58 +0000 2018	ScoMo ignore Victorian silent punish nation wide
Sun Dec 02 06:15:04 +0000 2018	permission masters Juncker & amp Tusk
Thu Nov 22 23:54:52 +0000 2018	Read act sake child
Sun Dec 02 06:58:59 +0000 2018	Gutless gutless gutless decide corrupt sign death warrant Libs boy mans job
Thu Nov 29 06:07:23 +0000 2018	Revoke passport Don let
Sat Dec 01 21:25:58 +0000 2018	word resign
Sun Dec 02 06:59:22 +0000 2018	don rule law main right foundation right
Thu Nov 29 06:02:55 +0000 2018	Prime Minister board flight Canberra head Argentina
Fri Nov 30 10:08:57 +0000 2018	Australian Prime Minster arrive Buenos Aires
Fri Nov 30 05:20:56 +0000 2018	Prime Minister land Argentina G20 world leader summit
Sat Dec 01 21:09:45 +0000 2018	sell anymore British bomb Saudi Arabia husband make lot money BAE System Lockheed Martin
Sat Dec 01 07:16:58 +0000 2018	PM explain say run event tell Trump lead lose job
Sat Dec 01 21:41:32 +0000 2018	whilst appearance world stage Tomorrow oblivion
Wed Nov 28 21:38:21 +0000 2018	isn attend G20 summit difference World leader reckon
Thu Nov 29 05:25:12 +0000 2018	Don worry big fella talk Trump sideline g20
Fri Nov 30 22:21:55 +0000 2018	one straight pool room right rise thorn implicate kill innocent Australian inc child down commercial airliner kill journalist didn agree
Fri Nov 30 22:22:07 +0000 2018	collective IQ 40 discuss challenge topic colour inside line baseball cap get vote
Fri Nov 30 10:54:48 +0000 2018	Prime Minister arrive Argentina G20 summit ll meet Donald Trump early tomorrow
Sun Dec 02 10:10:38 +0000 2018	Betrayal claim Labour daily deceit & amp lie Classic blame opponent sin & amp crime contempt show public combine level demonisation minority clearly show & amp simply fit serve
Sat Dec 01 21:09:53 +0000 2018	
Sat Dec 01 11:47:26 +0000 2018	Scott Morrison Father king Nepal Knight Garter Follow civil war Queen send Garter Knight assist write Constitution Nepal Sujeet Shrestha project head technical support
Sat Nov 10 20:27:40 +0000 2018	Duty right World 👁 ️ 👁 ️
Sat Dec 01 08:18:24 +0000 2018	Newsweek Win Friday Award Disgusting Hit Piece President Trump President Donald Trump meet world leader Buenos Aries Argentina G20 Summit make history
Tue Nov 27 09:07:49 +0000 2018	Essentially Islamic country anti state Israel right hand SA able face IRAN totally destroy Islamic country mideast end time
Sat Dec 01 08:47:41 +0000 2018	doubt Presidense Oompa Loompa slight clue shortly
Sat Dec 01 07:43:52 +0000 2018	leave red face hype G20 meeting president prime minister explain ask long job
Sat Dec 01 14:01:59 +0000 2018	10 year EU know exist year time election different type MEP MEP want country sovereignty undemocratic EU
Sat Dec 01 21:42:10 +0000 2018	trade deal 29th march remain single market EU win let deceitful control work incompetent
Thu Nov 29 08:34:48 +0000 2018	Argentina operate reciprocity scheme entry Let know Scott Morrison accept return Include corpse Eva Peron unlike Morrison continue work die
Thu Nov 29 23:02:32 +0000 2018	week head G20 hectic week Government Final hearing Daniel Andrews hit ground running win Bronwyn Bishop official portrait unveil
Wed Nov 28 22:28:47 +0000 2018	meet president Trump G20 Maybe Trump aware Scott merely fill PM election month time Trump chagrin likely PM Australia label bark mad cordiality
Sun Dec 02 00:27:09 +0000 2018	staffer write drivel G20 relate drivel sound like PM raid mini bar ask delegate country leader
Wed Dec 05 18:58:11 +0000 2018	sell today PM Save embarrassment suffer time open lying gob
Sat Dec 01 07:33:30 +0000 2018	meet Prime Minister hope sit President leader summit Buenos Aires
Sun Dec 02 05:32:02 +0000 2018	like know read background note PM sit like dummy training wheel OMG
Sat Dec 01 21:37:42 +0000 2018	happen watch Europe happen 40 year Remain leave help poor people save job
Wed Nov 28 09:10:24 +0000 2018	Dear AUS PM Treasurer know guy preoccupy Canberra bubble problem cancel G20 Buenos Aires trip Govt aware bushfire Queensland check
Sat Dec 08 23:02:19 +0000 2018	want hear pledge state housing match Labors commitment build 700 000 residence 10 year
Sat Dec 01 21:31:50 +0000 2018	10 sleep go
Sat Dec 01 22:05:12 +0000 2018	explain Trump know intellect explain Australian
Fri Nov 30 20:00:43 +0000 2018	meet sideline summit Buenos Aires leader hold talk 15 minute
Sat Dec 01 16:19:05 +0000 2018	Australia close partner friend morning agree PM step bilateral FTA talk free trade alive
Thu Nov 29 20:31:00 +0000 2018	Prime Minister say ll friend partner China bid avert grow trade war write
Wed Nov 21 20:53:07 +0000 2018	Accelerate friendship Australia fruitful meeting Prime Ministers Singapore early today
Sat Dec 01 09:19:09 +0000 2018	Remark President Prime Minister pull aside meeting today Buenos Aires
Fri Nov 30 15:08:47 +0000 2018	meet separate meeting G20 OMG begin
Fri Nov 30 07:15:30 +0000 2018	pull aside closed press meeting appear leader schedule
Thu Nov 29 12:10:20 +0000 2018	PM head Argentina treasurer minus scheduled meeting Donald Trump write
Sat Dec 01 21:20:08 +0000 2018	spend day G20 get selfy autograph try convince Australian medium treat novel annoyance
Sat Dec 01 03:58:22 +0000 2018	week MEDIA PM wasn going meet President Trump oh guess FAKE NEWS Scott Morrison Donald Trump hold talk G20 Summit
Fri Nov 30 16:13:31 +0000 2018	meet time Mr Morrison Australian Prime Minister formal meeting hour
Wed Nov 28 00:10:43 +0000 2018	BREAKING Government Desperate Pull Gov Tries Head CrossBench Refer High Court Breach Constitution
