created_at	text
Mon Dec 03 03:29:01 +0000 2018	participation international market effective Public Private partnership Brazil year period 105 Brazilian project auction renew Confirmation trust external public investing country
Tue Dec 04 05:30:44 +0000 2018	goal country evaluate propose action sector economy renewable energy segment forest restoration action
Thu Nov 08 11:40:40 +0000 2018	highlight audiovisual sector move billions year 🇧 🇷 currently represent 46 Brazilian GDP sector grow year responsible direct employment 94 972 people Annually sector collect 13 billion
Mon Dec 10 15:55:16 +0000 2018	Agriculture livestock main sector responsible growth Brazilian economy 3rd quarter year record growth Find
Thu Nov 22 16:57:06 +0000 2018	🇧 🇷 🇨 🇱 sign generation Free Trade Agreement inaugurate ambitious stage value chain integration direct benefit economic operator consumer country
Fri Dec 07 21:03:08 +0000 2018	Data integrate fire management firefight indigenous land present Altogether 542 prescribe burning plan execute Brazil 2018 2017 261 practice adopt 21 protect area
Tue Dec 04 14:16:12 +0000 2018	Brazilian Central Bank predict record Q3 2018 indicator consider data confirm return economic growth Brazil increase sale commerce Read
Fri Nov 23 15:27:06 +0000 2018	Brazilian say goodbye unemployment accord data release CAGED General Register Employed Unemployed Person
Thu Dec 06 21:09:03 +0000 2018	total 231 inspection operation carry Amazon August 2017 July 2018 accord data release Brazil Space
Thu Nov 29 11:06:36 +0000 2018	Brazil launch app help fisherman record share data 20 species fish Amazon gather information help clarify fish migration Amazon environmental factor influence
Wed Nov 21 23:21:19 +0000 2018	Brazilian cocoa production expect increase 50 year data estimate country reach 300 000 ton cocoa year announce annual meeting World Cocoa Foundation WCF São Paulo
Fri Nov 30 07:32:32 +0000 2018	Today G20 important opportunity hope world believe decision interest protection terrorism global warming atmosphere nature goodness humanity India G20 world peace
Sat Dec 01 17:06:33 +0000 2018	bioenergy wring solar wind look recognition financial product don help human breathe oxygen tree Brazil rich email human need living tree asset market invest sense
Sat Dec 01 13:03:26 +0000 2018	grow infrastructure temporary shelter Roraima State help ensure labor social security right Venezuelan arrive Brazil unit aid immigrant neighboring country issue work permit seek new job opportunity
Wed Nov 28 11:30:20 +0000 2018	Brazil UAE build bridge facilitate trade investment flow 2000 bilateral relation country increase number official visit cooperation project
Thu Nov 29 12:21:41 +0000 2018	American friend Brazil need help traitor country wants bring clemency relationship corruption thug stay jail count help Mr
Fri Dec 07 21:07:05 +0000 2018	date 466 million hectare register million rural property represent entire territory Brazil Complete agenda Brazil Space
Wed Nov 28 02:05:26 +0000 2018	Blue Flag Programme know certify water quality sustainability tourism action resort marina tourist boat label benefit area help increase local activity protect environment
Fri Nov 23 11:17:04 +0000 2018	Today day celebrate greatness Blue Amazon Date strengthen protection remember great potential immense maritime area defend preserve Naval Force Brazil
Fri Nov 23 20:01:35 +0000 2018	Fruit partnership Ministry Human Right Brazil government Federal District support project find subway entrance station Galeria do Estados Brasília capital Brazil
Tue Dec 11 19:37:08 +0000 2018	year seven month Brazil international agenda adopt parameter openness integration responsibility solidarity nation Foreign policy line internal growth gradual recovery employment income
Mon Nov 26 13:59:18 +0000 2018	Soon Brazil celebrate 200 year Independence call great action government gathering author country introduce new literature important date
Thu Nov 08 17:49:22 +0000 2018	Brazilian activist right indigenous community win international honorary award recognition outstanding achievement human right Joênia Wapichana indigenous woman lawyer Brazil
Fri Dec 07 21:07:25 +0000 2018	Natural vegetation recovery action foresee Minister Environment year strengthen ecosystem service provision regulation water supply thermal regulation reduce flood risk landslide
Mon Dec 03 08:43:19 +0000 2018	want know kill order summary execution human right defender councilor Marielle Franco
Fri Dec 07 02:50:20 +0000 2018	MichelTemer want know kill order summary execution human right defender councilor Marielle Franco
Thu Dec 06 18:24:45 +0000 2018	Brazil host series event present national environmental policy international community Brazilian pavilion exhibition area open visitation week event
Thu Dec 06 21:04:19 +0000 2018	complex scientific infrastructure build Brazil step close launch new electron accelerator key resolution important worldwide issue strategic area energy health agriculture
Tue Dec 04 05:55:10 +0000 2018	gas know Hcfc release air conditioner refrigeration system implementation project partnership sector polyurethane foam refrigeration air conditioning measure contribute result
Mon Dec 10 16:24:32 +0000 2018	want know kill order summary execution human right defender councilor Marielle Franco Justice et vérité pour
Wed Dec 05 12:27:58 +0000 2018	Innovative effective successful action contribute advance area sustainable agriculture & amp food security Brazilian good practice public policy share partner way reinforce bond solidarity growth
Wed Dec 12 16:53:48 +0000 2018	Foreign Minister meet review recent development free trade agreement negotiation
Fri Nov 09 10:36:12 +0000 2018	Brazil dollar investment Latin America country Like steel aluminum industry local maglev train system affordable
Tue Nov 27 23:34:26 +0000 2018	Concert project launch week Palace 2023 nearly 30 Cd record 100 symphonic work order introduce international audience tradition Brazilian concert music nineteenth century present day
Sun Nov 25 13:16:06 +0000 2018	recognize sacred site indigenous Guarani cultural heritage region know Tava integrate south Brazil Argentina Paraguay site home great ethnic network memory identity tribe
Wed Nov 21 16:38:28 +0000 2018	🇧 🇷 🇨 🇱 ✈ ️ 💼 President Minister Industry Trade Service Brazil Marco Jorge currently official visit country sign free trade agreement contribute boost trade investment flow
Sat Dec 08 05:13:39 +0000 2018	green light
Thu Nov 29 16:04:03 +0000 2018	Friday President Foreign Minister attend Summit morning Leader Summit afternoon event place Buenos Aires Argentina 🇦 🇷
Thu Nov 29 11:06:43 +0000 2018	time initiative aim inform empower citizen Amazon actively contribute sustainable management fishery conservation flood forest app available English
Fri Dec 07 21:02:51 +0000 2018	Indigenous people Brazil present international community way life environmental protection action contribute contain
Wed Dec 12 20:23:56 +0000 2018	Brazilian State own oil company plan invest 84 billion productive activity 2023 Read
Tue Nov 06 18:37:45 +0000 2018	Trade Brazil China continue great result Export soybean China surpass USD billion flow period 2017
Tue Dec 11 18:09:02 +0000 2018	breakfast foreign correspondent Thursday December president highlight transformation country undergo past year Read
Sat Nov 24 16:03:50 +0000 2018	Research Brazilian Digital Game Industry indicate growth region Brazil 2014 2018 number game developer increase 164 addition year 718 game produce country
Wed Nov 28 13:41:14 +0000 2018	government issue joint statement defend increase global ambition fight climate change document focus issue discuss climate conference 🇧 🇷 🇿 🇦 🇨 🇳 🇮 🇳
Sat Dec 01 10:15:03 +0000 2018	［Press Conferences］ Press Conference Foreign Minister Taro Kono Ministry Foreign Affair Japan （ 6th November 2018 50
Sat Dec 01 10:23:55 +0000 2018	Announcement Foreign Ministers Japan Republic Korea Joint Press Occasion Ministry Foreign Affair Japan （ 28th December 2015 ）
Fri Nov 09 09:51:28 +0000 2018	Article document write 1988 list principle govern national foreign policy include mean country Community Latin American Caribbean State example
Mon Nov 26 14:12:17 +0000 2018	President Santiago yesterday official visit Brazil Chile sign Free Trade Agreement conclude month
Sat Dec 01 10:09:13 +0000 2018	Takeshima Ministry Foreign Affair Japan （ 30th July 2014 ）
Tue Dec 04 11:07:21 +0000 2018	Like connect & amp share Late update ISR Solution Electronic Warfare System Cyber Warfare| Avionics |Border Surveillance| Satellite Imaging Visit site
Sun Nov 25 18:56:45 +0000 2018	calculate 35 year miss financial donation gambling court game notice base base presence knowledge put life advancer responsibility
Tue Dec 04 11:01:07 +0000 2018	New Brazilian aviation regulation attract low cost airline great number passenger Chile second large airline start operation Galeão Airport Rio de Janeiro low cost company process offer flight country
Tue Dec 11 15:13:31 +0000 2018	effort prevent foot mouth disease migrate Brazil government send million dose vaccine disease Venezuela Find
Tue Dec 04 08:20:40 +0000 2018	Brazil exceed reduce emission main gas affect target set 2018 reduction 16 date emission hydrofluorocarbon gas fall 36 92
Sat Dec 01 10:34:32 +0000 2018	Situation Senkaku Island Ministry Foreign Affair Japan （ 4th April 2014 ）
Mon Nov 26 09:08:37 +0000 2018	Amazona inaugurate float structure improve quality local fish Pirarucu station equip sustainable technology offer ideal sanitary condition preparation meat sale Thank partner
Sat Dec 01 10:11:46 +0000 2018	【 Agreement Japan Republic Korea Concerning Settlement Problem Regard Property Claim Economic Cooperation】（Wikisource ）
Sat Dec 01 10:29:14 +0000 2018	Japan ODA China — End Momentous Foreign Policy Failure （ 8th November 2018 11
Tue Nov 27 17:38:10 +0000 2018	Travel tip Visit Gruta de Ubajara site access cable car offer panoramic view region mixture Atlantic Forest Cerrado Mata do Cocais Caatinga trace Amazon Forest
Mon Dec 10 12:23:05 +0000 2018	Brazil internationally recognize grow production consumption renewable source Accord report agency Brazil green energy mix large share renewable source world major energy consumer
Sat Nov 24 03:09:00 +0000 2018	Accord President Free Trade sign Chile guarantee bureaucracy legal certainty high regulatory standard country Read
Mon Dec 10 19:29:47 +0000 2018	year government Brazil implement series reform lift country recession matter president state right Brazil Learn
Mon Nov 26 14:20:24 +0000 2018	Brazil need cut tax Brazil need free trading country economic growth
Thu Nov 22 10:57:22 +0000 2018	Brazilian native vegetation rich Hundred live being inhabit find Brazil flora consider great source research key human
Fri Nov 23 20:01:09 +0000 2018	time history Brazil host international early month unprecedented use coffee produce 100 Minas Gerais region Brazil champion 2018 World Brewer Cup Emi Fukahori Switzerland
Tue Dec 04 22:33:40 +0000 2018	Personally hope tree valuable carbon converter financial market grow protection make place forest remain valuable find way help prosper work 🐾 🐾 🐾
Sun Dec 02 18:18:34 +0000 2018	annual gathering world leader tourism representative present Brazil guest honour Schedule October year event help solidify increase bilateral relation China Brazil Read
Tue Nov 27 20:39:47 +0000 2018	live die strong sense responsibility Swedish population Fredrik Reinfeldt Moderate Party Prime Minister Sweden 2006 2014
Thu Nov 22 11:44:56 +0000 2018	Brazil accept challenge reduce CO2 emission 2020 achieve high result deadline possible good management protect area measure combat deforestation incentivize environmental care take govt citizen
Fri Nov 23 19:49:10 +0000 2018	total 10 million destine execution action project receive 20 thousand large volume available type culture promotion
Tue Nov 27 17:38:29 +0000 2018	10 year Brazil invest train health professional improve National Transplant System support organ donation total 1000 team work 500 center
Fri Dec 07 21:03:04 +0000 2018	prescribed burning help reduce vulnerability impact consist fire rainy month burn low grass control manner dry season come combustion material area risk fire decrease
Tue Dec 11 20:30:17 +0000 2018	year President hold bilateral visit country administration participate main forum global governance
Sat Dec 01 09:30:49 +0000 2018	Temer pussycat lot OK take bribe & amp act pal Ramaphosa SA billionaire 10 year Putin foment war Ukraine Modi ultra nationalist jeez compare Xi Temer undoubtedly poor lot
Fri Nov 30 09:13:19 +0000 2018	Flee certain person coup coxinha people sink Brazil Bad exist bolsomínion Run Trump run
Mon Nov 26 14:06:34 +0000 2018	new Brazilian state Amazona enormous abundance species ecosystem cultural diversity Juruá River million hectare house endanger species Mutum fava bird manatee boto local river dolphin
Fri Dec 07 18:44:07 +0000 2018	Brazil child age 16 work apprentice define Federal Constitution 1988 healthy participation marketplace encourage series law provide learn right grow citizen
Mon Dec 10 16:59:00 +0000 2018	President receive early today credential 10 new foreign Ambassador
Wed Nov 21 23:35:20 +0000 2018	Ave Temer rei free market
Fri Nov 23 19:49:02 +0000 2018	500 project year choose list 227 register undergo evaluation highlight factor sociocultural contribution improvement quality life community involve cultural practice
Mon Nov 26 13:58:58 +0000 2018	phase project select 57 author work evaluate total 25 author good score receive incentive publish introduce writings Brazilian
Sun Nov 25 04:59:24 +0000 2018	morning hand 12 * 8 * 79
Sat Dec 01 10:15:48 +0000 2018	［press Conferences］ Extraordinary Press Conference Foreign Minister Taro Kono Ministry Foreign Affair Japan （ 30th October 2018 22
Sat Dec 01 10:16:12 +0000 2018	［Press Releases］ Decision Supreme Court Republic Korea Confirm Exist Judgment Japanese Company （ Statement Foreign Minister Taro Kono ） Ministry Foreign Affair Japan （ 30th October 2018 ）
Mon Dec 03 18:58:13 +0000 2018	project support provide 500 thousand investment development series measure strengthen route creation website selection propose elaborate SMEs startup microentrepreneur
Tue Nov 27 22:03:48 +0000 2018	measure aim invigorate knowledge independence Brazil encourage read invest million creation digital library promotion literary exhibition publish new book theme
Sat Dec 01 10:12:32 +0000 2018	Let Aid South Korean Supreme Court Misperception Fact Wartime Labor （ 21st November 2018 12 15
Sat Dec 01 10:17:59 +0000 2018	Decision Supreme Court Republic Korea Confirm Exist Judgment Japanese Company （ Statement Foreign Minister Taro Kono）｜Ministry Foreign Affair Japan（29th November 2018 ）
Mon Dec 10 02:02:22 +0000 2018	Brazil sign agreement Germany area occupational health safety purpose technical cooperation creation mechanism improve prevention treatment occupational disease accident
Tue Nov 06 20:02:48 +0000 2018	steal communication military intelligence know robot
Sat Dec 08 13:42:17 +0000 2018	2019 Brazil good place visit Thank 25 thousand professional sign free course tourist reception offer government Graduation schedule February year
Sat Dec 01 10:18:44 +0000 2018	Press Conference Chief Cabinet Secretary ［Japanese Government Internet TV］ Prime Minister Japan Cabinet Homepage （ 29th November 2018（A ） ）
Fri Dec 07 21:07:21 +0000 2018	2018 Brazilian Ministry Environment partnership Amazon Fund allocate 200 million strengthen connection productive chain recovery vegetation improve process environmental regularization rural property
Fri Nov 30 01:21:27 +0000 2018	MT do nt worth pant 👎
Wed Nov 28 19:26:19 +0000 2018	Brazil give residence permit 242 Haitian November beginning year country grant 242 humanitarian authorization immigrant Haiti beneficiary seek Federal Police 30 day
Fri Nov 30 11:40:19 +0000 2018	example Leader adopt commitment 2014 promise TI recommendation move far slowly don need new promise implement exist commitment
Wed Dec 12 14:00:24 +0000 2018	week conference Brazil continue reinforce message environmental preservation coexist economic development initiative present meet
Mon Nov 26 14:06:13 +0000 2018	promote knowledge Blue Amazon expect people understand political strategic economic importance maritime territory
Fri Nov 30 04:36:58 +0000 2018	Brazil strong creative population art rich culture
Thu Nov 22 14:18:52 +0000 2018	Brazil highlight advance wetland conservation Dubai government initiative maintenance 27 guarantee protection local biodiversity allow great international support
Thu Nov 29 13:55:27 +0000 2018	Youth ID ID Jovem Portuguese offer half entry benefit artistic cultural sport event free reduce fare seat interstate collective transportation system document valid Brazilian 29 year old
Tue Dec 04 13:15:50 +0000 2018	Index show entrepreneur Brazil confident economy Read
Thu Nov 08 11:58:23 +0000 2018	Brazil want GDP development basic industry fast way Rebuild city steel cement production change people life
Fri Dec 07 10:59:57 +0000 2018	morning dubai singer molest minor brazilian girl dubui police arrest Mr President man rich manipulate case plz strict action thank
Tue Dec 11 19:37:12 +0000 2018	Important trade investment agreement sign little year key one USA & amp Cooperation Facilitation Investment Agreement Angola Chile Colombia Ethiopia Malawi Mexico Mozambique Peru & amp Suriname
Tue Nov 27 17:37:34 +0000 2018	know recently create Brazil Concert project
Fri Nov 23 19:49:06 +0000 2018	famous Brazilian popular cultural expression cordel quadrilha maracatu bumba meu boi idea action pass knowledge expression possible spread territorial boundary
Tue Nov 06 20:03:37 +0000 2018	ask act maintain communication stole signal UN protect use
Tue Nov 27 22:27:34 +0000 2018	Brazilian institution able apply investment fund forward implementation project programme support action reduce climate impact
Sat Nov 10 23:25:35 +0000 2018	Perfect meet
Fri Dec 07 15:04:23 +0000 2018	Yo Aussy Fiat 500L
Mon Dec 03 18:58:10 +0000 2018	tour connect 19 destination mark history colonization mission area region recognize world heritage site mention protect area implementation action deadline October 2020
Fri Nov 30 01:34:11 +0000 2018	Welcome Argentina Welcome G20 🇦 🇷 🌎 🇧 🇷
Fri Nov 30 15:18:43 +0000 2018	initiative allow young people reach great access cultural mean order provide condition great world learn
Fri Nov 09 20:19:07 +0000 2018	Today final day edition Support Brazilian Institute Tourism large event Adventure Ecotourism take place Mato Grosso Sul state present vast Pantanal area
Fri Dec 07 13:15:29 +0000 2018	miss Brazilian role summit week Find
Sat Nov 24 08:46:30 +0000 2018	Brazilian government select 500 initiative reinforce culture promotion country project directly connect popular expression aim spread artistic manifestation region Brazil
Mon Dec 03 18:58:09 +0000 2018	Wonder South America Brazil Argentina Uruguay Paraguay Bolivia join effort create new experience tourist implement integrated guide tour jesuit reduction
Fri Nov 09 12:38:28 +0000 2018	Brazilian Constitution write 30 year ago know important instrument democracy country 7th edition country Constitution ensure series individual guarantee
Fri Dec 07 21:08:02 +0000 2018	Brazil 1st country world reduce sugar industrialize food country sign agreement food industry reduce 144 000 ton sugar specific product 2022 Read
Thu Nov 22 20:16:33 +0000 2018	Brazil participate 27th BASIC Ministerial Meeting Climate Change 19 20 November 2018 New Delhi 🇧 🇷 🇿 🇦 🇮 🇳 🇨 🇳
Mon Dec 03 08:53:58 +0000 2018	Pres Pres PM Pres & amp Pres leader declare common stand reform sideline
Wed Nov 21 16:53:27 +0000 2018	🇧 🇷 🇯 🇵 Brazil Japan relationship win comic book month Brazilian cartoonist Mauricio de Sousa participate launch workpiece tell story Brazilian live Japan
Mon Nov 26 14:06:16 +0000 2018	Blue Amazon support guideline Convention Law Sea geopolitical study ocean highlight decisive position oceanic riverine space people destiny dynamic intl relation
Thu Dec 06 21:09:03 +0000 2018	Brazilian measure stop deforestation search environmental regularization debate day 04 Brazil Space Complete agenda
Tue Nov 27 17:38:34 +0000 2018	Brazil organ donation require family consent addition have National Organ Donation Day Brazilian government incentive activity share information launch campaign importance notify family member
Tue Nov 27 17:38:41 +0000 2018	production flower Serra de Ibiapaba attract attention people spring tourist route Bica Ipú Tianguá Ubajara National Park seek
Sun Nov 11 04:27:18 +0000 2018	Brazil attend 3rd Meeting Culture Wednesday 31 South Africa country leading role Latin American creative industry especially pay TV video demand fair business event electronic game music highlight event
