created_at	text
Tue Dec 11 19:37:12 +0000 2018	Important trade investment agreement sign little year key one USA & amp Cooperation Facilitation Investment Agreement Angola Chile Colombia Ethiopia Malawi Mexico Mozambique Peru & amp Suriname
Wed Nov 28 11:30:20 +0000 2018	Brazil UAE build bridge facilitate trade investment flow 2000 bilateral relation country increase number official visit cooperation project
Wed Nov 21 16:29:09 +0000 2018	🇧 🇷 🇨 🇱 ✈ ️ 💼 President Minister Industry Trade Service Brazil Marco Jorge currently official visit country sign free trade agreement contribute boost trade investment flow
Fri Nov 09 10:36:12 +0000 2018	Brazil dollar investment Latin America country Like steel aluminum industry local maglev train system affordable
Tue Dec 04 22:33:40 +0000 2018	Personally hope tree valuable carbon converter financial market grow protection make place forest remain valuable find way help prosper work 🐾 🐾 🐾
Tue Dec 11 19:37:08 +0000 2018	year seven month Brazil international agenda adopt parameter openness integration responsibility solidarity nation Foreign policy line internal growth gradual recovery employment income
Thu Nov 22 16:57:06 +0000 2018	🇧 🇷 🇨 🇱 sign generation Free Trade Agreement inaugurate ambitious stage value chain integration direct benefit economic operator consumer country
Tue Nov 06 19:36:02 +0000 2018	Brazilian government publish list display 10 innovation industry project select receive investment 300 thousand
Fri Nov 23 20:35:24 +0000 2018	Accord President Free Trade sign Chile guarantee bureaucracy legal certainty high regulatory standard country Read
Sat Dec 01 17:06:33 +0000 2018	bioenergy wring solar wind look recognition financial product don help human breathe oxygen tree Brazil rich email human need living tree asset market invest sense
Mon Dec 03 18:58:13 +0000 2018	project support provide 500 thousand investment development series measure strengthen route creation website selection propose elaborate SMEs startup microentrepreneur
Mon Dec 03 03:29:01 +0000 2018	participation international market effective Public Private partnership Brazil year period 105 Brazilian project auction renew Confirmation trust external public investing country
Tue Nov 27 22:27:34 +0000 2018	Brazilian institution able apply investment fund forward implementation project programme support action reduce climate impact
Thu Dec 06 18:24:45 +0000 2018	Brazil host series event present national environmental policy international community Brazilian pavilion exhibition area open visitation week event
Fri Dec 07 21:02:51 +0000 2018	Indigenous people Brazil present international community way life environmental protection action contribute contain
Wed Dec 05 12:27:58 +0000 2018	Innovative effective successful action contribute advance area sustainable agriculture & amp food security Brazilian good practice public policy share partner way reinforce bond solidarity growth
Sun Nov 25 18:56:45 +0000 2018	calculate 35 year miss financial donation gambling court game notice base base presence knowledge put life advancer responsibility
Mon Dec 03 03:47:19 +0000 2018	12 airport Northeast Midwest Southeast region Brazil announce Council Investment Partnership Programme Presidency Republic concession period 30 year block airport Read
Tue Nov 06 18:37:45 +0000 2018	Trade Brazil China continue great result Export soybean China surpass USD billion flow period 2017
Fri Dec 07 21:24:37 +0000 2018	Trade balance Brazil reach billion surplus November Basic good soy sugar meat seller month Read
Fri Dec 07 21:07:25 +0000 2018	Natural vegetation recovery action foresee Minister Environment year strengthen ecosystem service provision regulation water supply thermal regulation reduce flood risk landslide
Fri Nov 23 20:01:09 +0000 2018	time history Brazil host international early month unprecedented use coffee produce 100 Minas Gerais region Brazil champion 2018 World Brewer Cup Emi Fukahori Switzerland
Mon Dec 10 15:55:16 +0000 2018	Agriculture livestock main sector responsible growth Brazilian economy 3rd quarter year record growth Find
Thu Nov 08 17:49:22 +0000 2018	Brazilian activist right indigenous community win international honorary award recognition outstanding achievement human right Joênia Wapichana indigenous woman lawyer Brazil
Fri Dec 07 21:07:01 +0000 2018	Brazil launch National Strategy Conservation Sustainable Use Wetlands measure contribute country fulfillment commitment
Wed Dec 12 16:53:48 +0000 2018	Foreign Minister meet review recent development free trade agreement negotiation
Mon Nov 26 14:20:24 +0000 2018	Brazil need cut tax Brazil need free trading country economic growth
Fri Dec 07 21:07:21 +0000 2018	2018 Brazilian Ministry Environment partnership Amazon Fund allocate 200 million strengthen connection productive chain recovery vegetation improve process environmental regularization rural property
Thu Nov 22 17:58:44 +0000 2018	President Santiago yesterday official visit Brazil Chile sign Free Trade Agreement conclude month
Fri Dec 07 21:03:25 +0000 2018	Young Apprentice program share immense benefit inclusion labor market future professional give opportunity entrepreneur contribute training spread value culture company
Tue Dec 04 14:16:12 +0000 2018	Brazilian Central Bank predict record Q3 2018 indicator consider data confirm return economic growth Brazil increase sale commerce Read
Sat Nov 24 16:03:50 +0000 2018	Research Brazilian Digital Game Industry indicate growth region Brazil 2014 2018 number game developer increase 164 addition year 718 game produce country
Tue Dec 04 05:55:10 +0000 2018	gas know Hcfc release air conditioner refrigeration system implementation project partnership sector polyurethane foam refrigeration air conditioning measure contribute result
Fri Nov 30 07:32:32 +0000 2018	Today G20 important opportunity hope world believe decision interest protection terrorism global warming atmosphere nature goodness humanity India G20 world peace
Wed Dec 05 17:35:38 +0000 2018	2019 February Sami National Day & amp Elsa Renberg Memorial prize Today doubt Sweden use financial political juristical force achieve Indigenous powerlessness prime method ethnic cleansing suicide Sámi Parliament closely link Socialism
Sat Nov 24 14:42:06 +0000 2018	Brazil expect harvest 238 million ton grain 2018/2019 crop mean growth compare previous period Weather reason positive result Read
Wed Nov 07 19:48:16 +0000 2018	Brazilian secretary tourism Totó Parente participate official ceremony Let work promote sustainable responsible tourism
Wed Nov 07 19:52:21 +0000 2018	✈ ️ 🌍 🔎 2nd day member represent Brazil panel Ministers Tourism Investments tourism link new technology
Fri Dec 07 21:03:04 +0000 2018	prescribed burning help reduce vulnerability impact consist fire rainy month burn low grass control manner dry season come combustion material area risk fire decrease
Tue Nov 27 23:34:26 +0000 2018	Concert project launch week Palace 2023 nearly 30 Cd record 100 symphonic work order introduce international audience tradition Brazilian concert music nineteenth century present day
Tue Dec 04 11:07:21 +0000 2018	Like connect & amp share Late update ISR Solution Electronic Warfare System Cyber Warfare| Avionics |Border Surveillance| Satellite Imaging Visit site
Thu Nov 29 11:06:43 +0000 2018	time initiative aim inform empower citizen Amazon actively contribute sustainable management fishery conservation flood forest app available English
Sat Dec 01 13:03:26 +0000 2018	grow infrastructure temporary shelter Roraima State help ensure labor social security right Venezuelan arrive Brazil unit aid immigrant neighboring country issue work permit seek new job opportunity
Thu Nov 29 13:55:27 +0000 2018	Youth ID ID Jovem Portuguese offer half entry benefit artistic cultural sport event free reduce fare seat interstate collective transportation system document valid Brazilian 29 year old
Thu Nov 22 13:21:34 +0000 2018	Brumadinho city near capital Minas Gerais Belo Horizonte home Inhotim institute large open sky museum Latin America thousand botanical species beautify garden intersperse gallery outdoor art work
Tue Nov 27 17:38:29 +0000 2018	10 year Brazil invest train health professional improve National Transplant System support organ donation total 1000 team work 500 center
Thu Nov 22 14:18:52 +0000 2018	Brazil highlight advance wetland conservation Dubai government initiative maintenance 27 guarantee protection local biodiversity allow great international support
Tue Dec 11 20:30:17 +0000 2018	year President hold bilateral visit country administration participate main forum global governance
Thu Nov 08 06:58:19 +0000 2018	Finally South America dollar buy engine motor
Sat Dec 08 07:10:31 +0000 2018	Brazil finalist sustainable tourism award Check
Fri Nov 23 16:33:21 +0000 2018	Brazilian acknowledge 2017 Mercosur Science Technology Award event recognize research great potential contribute scientific technological innovation development
Fri Nov 30 02:50:03 +0000 2018	Cultural production share citizen culture provide development bridge reach new horizon country work discuss way increase cultural interaction promote wide talk world culture
Mon Nov 26 14:04:29 +0000 2018	region country register job growth September represent 36 rise compare August Confid …
Thu Nov 08 11:49:30 +0000 2018	South America development mining smelting save ore ready build South America railway system think need 10 year ready basic industry
Wed Dec 12 00:38:41 +0000 2018	know find different type Real coin Commemorative coin release Central Bank Brazil find transaction country ✈ ️Find come Brazil
Wed Dec 12 14:00:24 +0000 2018	week conference Brazil continue reinforce message environmental preservation coexist economic development initiative present meet
Fri Dec 07 21:07:09 +0000 2018	Brazil highlight advance Rural Environmental Database strategic geo reference information monitor combat deforestation
Fri Dec 07 18:44:07 +0000 2018	Brazil child age 16 work apprentice define Federal Constitution 1988 healthy participation marketplace encourage series law provide learn right grow citizen
Wed Nov 28 02:05:26 +0000 2018	Blue Flag Programme know certify water quality sustainability tourism action resort marina tourist boat label benefit area help increase local activity protect environment
Mon Nov 26 09:08:37 +0000 2018	Amazona inaugurate float structure improve quality local fish Pirarucu station equip sustainable technology offer ideal sanitary condition preparation meat sale Thank partner
Mon Dec 10 02:02:22 +0000 2018	Brazil sign agreement Germany area occupational health safety purpose technical cooperation creation mechanism improve prevention treatment occupational disease accident
Tue Dec 04 05:30:44 +0000 2018	goal country evaluate propose action sector economy renewable energy segment forest restoration action
Fri Nov 23 20:07:42 +0000 2018	Basic interest rate remain unchanged year Call SELIC important tool control inflation Brazil keep low level record 1999 decision Central Bank Find
Thu Nov 08 11:40:38 +0000 2018	Artist entrepreneur investor producer culture lover invite attend event represent great opportunity discuss understand development creative industry country world
Thu Nov 08 11:40:40 +0000 2018	highlight audiovisual sector move billions year 🇧 🇷 currently represent 46 Brazilian GDP sector grow year responsible direct employment 94 972 people Annually sector collect 13 billion
Fri Nov 09 09:51:28 +0000 2018	Article document write 1988 list principle govern national foreign policy include mean country Community Latin American Caribbean State example
Mon Nov 26 13:27:54 +0000 2018	Water basis life oh great extensive variety life form find midst aquatic environment
Fri Dec 07 21:08:02 +0000 2018	Brazil 1st country world reduce sugar industrialize food country sign agreement food industry reduce 144 000 ton sugar specific product 2022 Read
Thu Dec 06 21:04:19 +0000 2018	complex scientific infrastructure build Brazil step close launch new electron accelerator key resolution important worldwide issue strategic area energy health agriculture
Thu Dec 06 21:09:03 +0000 2018	Brazilian measure stop deforestation search environmental regularization debate day 04 Brazil Space Complete agenda
Sat Dec 01 10:29:14 +0000 2018	Japan ODA China — End Momentous Foreign Policy Failure （ 8th November 2018 11
Sat Nov 10 16:37:10 +0000 2018	Science cover go simple deduction child great solution future country participate science essential bringing well Celebrate make life
Thu Nov 29 00:19:14 +0000 2018	Worsen Earth Matter Conflict Poverty Climate Change Habitat Require Creation United Earth Government Nonprofit Organization Activist Working Earth Matter
Wed Nov 21 23:35:20 +0000 2018	Ave Temer rei free market
Sat Dec 01 10:11:46 +0000 2018	【 Agreement Japan Republic Korea Concerning Settlement Problem Regard Property Claim Economic Cooperation】（Wikisource ）
Fri Nov 30 15:18:43 +0000 2018	initiative allow young people reach great access cultural mean order provide condition great world learn
Wed Dec 05 11:00:01 +0000 2018	meet leader President highlight role bloc development Read
Wed Nov 28 13:41:14 +0000 2018	government issue joint statement defend increase global ambition fight climate change document focus issue discuss climate conference 🇧 🇷 🇿 🇦 🇨 🇳 🇮 🇳
Thu Nov 08 11:58:23 +0000 2018	Brazil want GDP development basic industry fast way Rebuild city steel cement production change people life
Fri Dec 07 10:59:57 +0000 2018	morning dubai singer molest minor brazilian girl dubui police arrest Mr President man rich manipulate case plz strict action thank
Fri Nov 30 15:18:48 +0000 2018	Dissemination culture key building bridge give support knowledge exchange young mind objective open door young Brazilian govt create Youth ID
Tue Nov 27 21:50:57 +0000 2018	Green Climate Fund Board approve accreditation application Brazilian entity 21st meeting hold Bahrain Brazilian Biodiversity Fund
Fri Nov 30 09:13:19 +0000 2018	Flee certain person coup coxinha people sink Brazil Bad exist bolsomínion Run Trump run
Sun Nov 11 04:27:18 +0000 2018	Brazil attend 3rd Meeting Culture Wednesday 31 South Africa country leading role Latin American creative industry especially pay TV video demand fair business event electronic game music highlight event
Sun Dec 02 18:18:34 +0000 2018	annual gathering world leader tourism representative present Brazil guest honour Schedule October year event help solidify increase bilateral relation China Brazil Read
Sat Nov 24 08:46:30 +0000 2018	Brazilian government select 500 initiative reinforce culture promotion country project directly connect popular expression aim spread artistic manifestation region Brazil
Wed Dec 05 09:17:45 +0000 2018	Tic tac
Fri Nov 23 11:17:04 +0000 2018	Today day celebrate greatness Blue Amazon Date strengthen protection remember great potential immense maritime area defend preserve Naval Force Brazil
Fri Nov 30 23:21:21 +0000 2018	Youth ID intend young people age 15 29 belong family monthly income minimum wage
Fri Dec 07 20:35:46 +0000 2018	half 2018 200 thousand young Brazilian enter labor market young people participate program call Jovem Aprendiz Young Apprentice
Mon Nov 26 18:47:36 +0000 2018	Climate Change Green party suddenly fly high Germany Bavarian election result glimpse Sweden Sámi Indigenous people`s future
Fri Nov 30 11:49:00 +0000 2018	example Leader adopt commitment 2014 promise TI recommendation move far slowly don need new promise implement exist commitment
Fri Nov 30 04:36:58 +0000 2018	Brazil strong creative population art rich culture
Sat Nov 10 22:31:42 +0000 2018	president responsible kill lung planet earth fucking government people fuck future planet
Tue Nov 06 20:46:26 +0000 2018	sense humanity barely aware damage planet leader intend giant leap guarantee promote destruction Amazon make country rich world
Mon Dec 10 19:29:47 +0000 2018	year government Brazil implement series reform lift country recession matter president state right Brazil Learn
Wed Nov 28 19:26:19 +0000 2018	Brazil give residence permit 242 Haitian November beginning year country grant 242 humanitarian authorization immigrant Haiti beneficiary seek Federal Police 30 day
Fri Nov 23 20:01:35 +0000 2018	Fruit partnership Ministry Human Right Brazil government Federal District support project find subway entrance station Galeria do Estados Brasília capital Brazil
Mon Dec 03 18:58:10 +0000 2018	tour connect 19 destination mark history colonization mission area region recognize world heritage site mention protect area implementation action deadline October 2020
Thu Nov 08 06:59:40 +0000 2018	dollar
Mon Dec 03 08:52:25 +0000 2018	Pres Pres PM Pres & amp Pres leader declare common stand reform sideline
Sat Dec 08 13:42:17 +0000 2018	2019 Brazil good place visit Thank 25 thousand professional sign free course tourist reception offer government Graduation schedule February year
Mon Nov 26 13:59:22 +0000 2018	aim bring culture participate nation close country lot common traditional religious festival celebrate lot color energy February Holika Carnaval
Mon Dec 10 19:47:55 +0000 2018	Cause Lebanese Merchant Class Stable Ya Know don know misfortune time big fortune Forward History
Mon Dec 03 08:30:00 +0000 2018	Brazilian Pres Russian Pres Indian PM Chinese Pres & amp South African Pres leader emerge economy bloc declare common stand reform sideline
Sun Nov 25 04:59:24 +0000 2018	morning hand 12 * 8 * 79
Tue Dec 04 11:01:07 +0000 2018	New Brazilian aviation regulation attract low cost airline great number passenger Chile second large airline start operation Galeão Airport Rio de Janeiro low cost company process offer flight country
Mon Nov 26 13:58:58 +0000 2018	phase project select 57 author work evaluate total 25 author good score receive incentive publish introduce writings Brazilian
Tue Nov 27 19:33:05 +0000 2018	NEED MARTY PARIS Marty Paris mparis com want Entrepreneurially Help Corporation Grow Card & amp Great option
Sun Nov 25 19:21:46 +0000 2018	huge impact reach low american land Mexico panama Brazil isn grant behalf people good place road strong goverment doom open new fraud opportunity
Thu Nov 22 21:03:52 +0000 2018	Brazil 10 produce country Cocoa basis preparation chocolate originally cultivate Central America today star great agricultural route Brazil production export
Tue Nov 27 22:03:48 +0000 2018	measure aim invigorate knowledge independence Brazil encourage read invest million creation digital library promotion literary exhibition publish new book theme
Tue Nov 27 20:39:47 +0000 2018	live die strong sense responsibility Swedish population Fredrik Reinfeldt Moderate Party Prime Minister Sweden 2006 2014
Thu Nov 22 11:44:56 +0000 2018	Brazil accept challenge reduce CO2 emission 2020 achieve high result deadline possible good management protect area measure combat deforestation incentivize environmental care take govt citizen
Mon Nov 26 13:59:18 +0000 2018	Soon Brazil celebrate 200 year Independence call great action government gathering author country introduce new literature important date
Mon Nov 26 20:23:57 +0000 2018	President call great integration Latin America country 26th Ibero American Summit Guatemala Find
Mon Dec 03 08:43:19 +0000 2018	want know kill order summary execution human right defender councilor Marielle Franco
Fri Dec 07 02:50:20 +0000 2018	MichelTemer want know kill order summary execution human right defender councilor Marielle Franco
Wed Nov 28 13:42:18 +0000 2018	Rio host sport event December athlete 29 country Amazônia Azul Gymnasium great performance 2018 Taekwondo Military World Championship
Mon Dec 10 16:24:32 +0000 2018	want know kill order summary execution human right defender councilor Marielle Franco Justice et vérité pour
Tue Nov 06 19:43:11 +0000 2018	Woodcut print important contribution art culture Brazil pretty popular Northeast region country appearance specially label print cordel booklet
Mon Dec 10 12:23:05 +0000 2018	Brazil internationally recognize grow production consumption renewable source Accord report agency Brazil green energy mix large share renewable source world major energy consumer
Sat Dec 01 10:13:41 +0000 2018	South Korea Breach Rule Law Common Sense Court Wartime Labor Ruling （ 6th November 2018 44 am ）
Fri Dec 07 13:15:29 +0000 2018	miss Brazilian role summit week Find
Mon Nov 26 14:06:13 +0000 2018	promote knowledge Blue Amazon expect people understand political strategic economic importance maritime territory
Fri Nov 09 19:00:57 +0000 2018	President member Constituent Assembly 1988 current constitutional text enact ceremony recall popular enthusiasm participation guide drafting document
Thu Nov 08 11:40:35 +0000 2018	week Brazil receive look brushstrokes movement expression event 40 + buyer South American country expect attend business round
Thu Nov 29 11:06:36 +0000 2018	Brazil launch app help fisherman record share data 20 species fish Amazon gather information help clarify fish migration Amazon environmental factor influence
Fri Nov 09 04:21:39 +0000 2018	think China Brazil trade iron ore Real think
Wed Nov 21 23:21:19 +0000 2018	Brazilian cocoa production expect increase 50 year data estimate country reach 300 000 ton cocoa year announce annual meeting World Cocoa Foundation WCF São Paulo
Mon Nov 26 14:06:16 +0000 2018	Blue Amazon support guideline Convention Law Sea geopolitical study ocean highlight decisive position oceanic riverine space people destiny dynamic intl relation
Sat Nov 10 21:57:04 +0000 2018	diverse wildlife richness natural landscape welcome visitor type tourism region Bonito search site ecotourism area cave resort spring attract thousand tourist year
Fri Nov 23 15:18:06 +0000 2018	Good job
Sat Dec 01 10:23:31 +0000 2018	［STATEMENT］Why Asahi Shimbun Won Change Describe Comfort Women （ 3rd August 2018 59
Fri Nov 23 15:27:06 +0000 2018	Brazilian say goodbye unemployment accord data release CAGED General Register Employed Unemployed Person
Fri Dec 07 21:07:05 +0000 2018	date 466 million hectare register million rural property represent entire territory Brazil Complete agenda Brazil Space
Thu Nov 29 12:21:41 +0000 2018	American friend Brazil need help traitor country wants bring clemency relationship corruption thug stay jail count help Mr
Tue Nov 27 17:38:41 +0000 2018	production flower Serra de Ibiapaba attract attention people spring tourist route Bica Ipú Tianguá Ubajara National Park seek
Tue Dec 04 10:54:03 +0000 2018	Hamas Palestinian resistance movement defend Palestinian people Israeli aggression Hamas rocket defend people ask civilian leave fight place
Thu Nov 22 13:21:31 +0000 2018	people nature art agree art nature contemporary art perfect union bear Brumadinho offer visitor
Tue Dec 11 14:20:20 +0000 2018	want know kill ordered summary execution Marielle Franco
Fri Nov 09 02:04:07 +0000 2018	pro STF
Mon Dec 03 21:35:14 +0000 2018	Brazil proud mixture culture different nation choose migrate country year thousand Jew New Christian Jewish Portuguese origin convert Christianity come search new life Happy
Tue Nov 27 17:38:10 +0000 2018	Travel tip Visit Gruta de Ubajara site access cable car offer panoramic view region mixture Atlantic Forest Cerrado Mata do Cocais Caatinga trace Amazon Forest
Fri Nov 23 19:49:14 +0000 2018	knowledge history identity country expand intertwine great tie regional cultu …
Fri Nov 23 19:45:55 +0000 2018	glad read think Samba Bossa Nova gift playlist feel Brazilian vibe Hope like
Sat Dec 01 10:16:12 +0000 2018	［Press Releases］ Decision Supreme Court Republic Korea Confirm Exist Judgment Japanese Company （ Statement Foreign Minister Taro Kono ） Ministry Foreign Affair Japan （ 30th October 2018 ）
Mon Dec 03 21:59:32 +0000 2018	Brazil stand change ready Change time
Tue Nov 27 11:12:03 +0000 2018	Brazil reach new amazing record number effective organ donor country increase January June 2018 contribution procedure perform people take new turn live
Fri Nov 23 19:49:10 +0000 2018	total 10 million destine execution action project receive 20 thousand large volume available type culture promotion
Sat Nov 10 23:25:35 +0000 2018	Perfect meet
Tue Dec 11 15:13:31 +0000 2018	effort prevent foot mouth disease migrate Brazil government send million dose vaccine disease Venezuela Find
Sun Nov 25 05:19:33 +0000 2018	guy gon na like gun kinda revolution good i m guess do nt kno ur current situation have nt follow yrs hope thing
Sun Nov 25 18:58:19 +0000 2018	well move forward 2014 separate father child orphan keeping belong safe permit official
Sat Dec 01 10:17:59 +0000 2018	Decision Supreme Court Republic Korea Confirm Exist Judgment Japanese Company （ Statement Foreign Minister Taro Kono）｜Ministry Foreign Affair Japan（29th November 2018 ）
Tue Nov 27 17:38:34 +0000 2018	Brazil organ donation require family consent addition have National Organ Donation Day Brazilian government incentive activity share information launch campaign importance notify family member
Thu Nov 29 13:57:06 +0000 2018	Friday President Foreign Minister attend Summit morning Leader Summit afternoon event place Buenos Aires Argentina 🇦 🇷
Fri Nov 30 01:34:11 +0000 2018	Welcome Argentina Welcome G20 🇦 🇷 🌎 🇧 🇷
Fri Nov 09 12:38:28 +0000 2018	Brazilian Constitution write 30 year ago know important instrument democracy country 7th edition country Constitution ensure series individual guarantee
Wed Dec 12 20:23:56 +0000 2018	Brazilian State own oil company plan invest 84 billion productive activity 2023 Read
Sat Dec 01 10:25:09 +0000 2018	Press Conference Chief Cabinet Secretary Prime Minister Japan Cabinet （ 21st November 2018（P ） ）
Thu Nov 22 20:16:33 +0000 2018	Brazil participate 27th BASIC Ministerial Meeting Climate Change 19 20 November 2018 New Delhi 🇧 🇷 🇿 🇦 🇮 🇳 🇨 🇳
Fri Dec 07 21:03:08 +0000 2018	Data integrate fire management firefight indigenous land present Altogether 542 prescribe burning plan execute Brazil 2018 2017 261 practice adopt 21 protect area
Thu Nov 22 10:57:22 +0000 2018	Brazilian native vegetation rich Hundred live being inhabit find Brazil flora consider great source research key human
Mon Dec 03 05:06:50 +0000 2018	genocide order Arab Iranian Afghani Pakistan Armenia Georgia Turk Kurd Yazidi Jew Black German French&amp Spanish Order genocide sign Queen Elizabeth clear Middle East Europe Africa&amp South America occupant create new Britain
Tue Dec 04 08:20:40 +0000 2018	Brazil exceed reduce emission main gas affect target set 2018 reduction 16 date emission hydrofluorocarbon gas fall 36 92
Fri Nov 09 01:22:18 +0000 2018	ohhh por favor
Sat Dec 01 10:22:47 +0000 2018	Asahi Shimbun Blocks Access Article Retract Comfort Women Story （ 11th September 2018 11
Tue Nov 27 01:20:06 +0000 2018	FaceBoook ou por grupo de WhatsApp
Sat Dec 01 10:18:44 +0000 2018	Press Conference Chief Cabinet Secretary ［Japanese Government Internet TV］ Prime Minister Japan Cabinet Homepage （ 29th November 2018（A ） ）
Wed Dec 05 23:58:06 +0000 2018	Brazil expect gain 54 new flight increase frequency month year 160 weekly flight depart country October year 187
Tue Dec 11 18:17:33 +0000 2018	long breakfast remain minute
Sun Nov 25 13:16:06 +0000 2018	recognize sacred site indigenous Guarani cultural heritage region know Tava integrate south Brazil Argentina Paraguay site home great ethnic network memory identity tribe
Sun Nov 25 19:10:16 +0000 2018	live Lebanon organ country 30 year love fabrication identity make sure change believe saleraty 2014 clear isn true dish radio wave
Fri Nov 23 19:49:06 +0000 2018	famous Brazilian popular cultural expression cordel quadrilha maracatu bumba meu boi idea action pass knowledge expression possible spread territorial boundary
Thu Dec 06 01:55:51 +0000 2018	country
Sat Nov 24 14:22:59 +0000 2018	Good post em come Think boutique hostel booking Let know
Tue Dec 11 16:05:41 +0000 2018	seek WordPress web developer create beautiful staining website powerful professional blogging website Contact
Wed Dec 05 23:58:09 +0000 2018	Latin America continue region offer travel Brazil follow Europe North America Afric …
Thu Nov 29 18:56:52 +0000 2018	los zombie son ladrone nadie te tiene miedo los use= zombie thief afraid
Fri Nov 23 19:49:02 +0000 2018	500 project year choose list 227 register undergo evaluation highlight factor sociocultural contribution improvement quality life community involve cultural practice
Tue Dec 04 13:15:50 +0000 2018	Index show entrepreneur Brazil confident economy Read
Sat Dec 01 09:30:49 +0000 2018	Temer pussycat lot OK take bribe & amp act pal Ramaphosa SA billionaire 10 year Putin foment war Ukraine Modi ultra nationalist jeez compare Xi Temer undoubtedly poor lot
Sun Dec 02 15:37:47 +0000 2018	Forget new President say interest make business China cancel Discuss Meeting Climate Issue Brazil well know BolsoAsno
Sun Dec 09 11:18:58 +0000 2018	country smart deliver people ie Brazil
Fri Dec 07 21:07:35 +0000 2018	Bear 1865 Paraíba Leandro Gomes de Barros consider king popular poet time popular poet live solely rhyme story hundred Leandro talk subject lot sense humor
Sat Dec 01 10:26:45 +0000 2018	China Step Effort Demonize Japan Canada｜Miroslav Marinov［a Toronto base writer blogger translator］（4th October 2018 18
Fri Nov 09 09:51:24 +0000 2018	provide mean country diplomatic relation country
Mon Dec 03 18:58:09 +0000 2018	Wonder South America Brazil Argentina Uruguay Paraguay Bolivia join effort create new experience tourist implement integrated guide tour jesuit reduction
Tue Dec 11 18:08:12 +0000 2018	breakfast foreign correspondent Thursday December president highlight transformation country undergo past year Read
Tue Dec 11 15:31:58 +0000 2018	addition reference unit animal diagnostic laboratory support academic research result discovery new vaccine method detect disease
Fri Nov 23 20:07:16 +0000 2018	celebrate African influence Brazil include rich legacy tradition religion folkloric belief cuisine art music sport Visit Museum São Paulo city Ibirapuera Park Visitation hour Tuesday Sunday 10
Fri Dec 07 21:03:13 +0000 2018	Brazil lead yesterday panel day theme relate indigenous people Check complete schedule
Tue Nov 27 17:38:27 +0000 2018	Accord Ministry Health projection 26 400 organ tissue transplant Brazil end year
Thu Dec 06 21:09:03 +0000 2018	total 231 inspection operation carry Amazon August 2017 July 2018 accord data release Brazil Space
Mon Nov 26 14:06:34 +0000 2018	new Brazilian state Amazona enormous abundance species ecosystem cultural diversity Juruá River million hectare house endanger species Mutum fava bird manatee boto local river dolphin
