created_at	text
Sat Nov 10 06:19:01 +0000 2018	China economy reach 27 trillion yuan nearly trillion 2017 accounting 55 percent country total GDP growth
Thu Nov 08 10:36:32 +0000 2018	Huang Kunming head Publicity Department CPC Central Committee urge concerted effort build world
Fri Dec 07 05:25:01 +0000 2018	Chinese premier urge technological innovation support high quality development
Sun Dec 02 03:58:32 +0000 2018	NEW DEFINITION OD DEATH LIVING CELL FUNCTION SUB ATOMIC LEVEL SUBATOMIC MOVEMENT UBATOMIC PARTICLES CELL LIVE FUNCTIONAL LIVING ORGANISM ALIVE SUBATOMIC MOVEMENT STOP CELL DIE ORGAN DIES LIVING ORGANISM DIESDrgianPrakashPHDDELHI
Mon Dec 10 16:23:48 +0000 2018	China Chang lunar probe launch early hour Saturday expect soft landing far moon
Fri Nov 23 11:18:12 +0000 2018	Palace Museum adopt modern approach promote traditional culture
Thu Nov 29 01:49:00 +0000 2018	agree build 45th anniversary establishment diplomatic tie jointly promote development relationship deliver benefit people
Sat Dec 08 01:45:47 +0000 2018	Hello gentleman public statement leader reassure thing work lot uncertainty Keywords need say like certain confident
Thu Dec 06 08:45:19 +0000 2018	China electric auto giant drive future
Thu Nov 22 06:41:23 +0000 2018	Chinese vice premier stress high quality construction Beijing new
Tue Dec 11 12:12:17 +0000 2018	Chinese Vice Premier Liu Tuesday call Treasury Secretary Steven Mnuchin Trade Representative Robert Lighthizer dispute country
Wed Dec 05 05:06:38 +0000 2018	China share future world
Sat Dec 08 01:50:49 +0000 2018	honestly think way bad advice Bolster image good relationship Trump Xi Focus keyword like confidence talk progress
Wed Dec 05 03:42:53 +0000 2018	Escape Chinese villager benefit resettlement project
Thu Dec 06 18:28:42 +0000 2018	track hit bump road right try fix thing fix need cautious Watch stock market sensitive right
Sun Nov 25 21:12:53 +0000 2018	Cop pedestrian brutality kill dog away owner
Wed Nov 28 03:35:54 +0000 2018	Institute bridge gap culture
Thu Nov 08 10:14:46 +0000 2018	China eye enhance mutual trust economic tie
Thu Nov 08 10:39:34 +0000 2018	President stress further reform opening elevate city core competitiveness Shanghai inspection
Thu Dec 06 18:26:24 +0000 2018	Hello gentleman Stock bad shape idea help recover hopefully remain strong schedule big meeting trade advisor big rattle headline positive
Sat Nov 24 06:03:15 +0000 2018	Free Trade Zone expand open
Sun Dec 02 01:10:42 +0000 2018	Leader depth exchange view cooperation country new circumstance informal meeting sideline
Thu Nov 29 11:08:46 +0000 2018	President meet Spanish king cement friendship enhance cooperation
Tue Dec 11 01:49:35 +0000 2018	China pledge jointly protect free trade world order
Thu Nov 22 13:51:37 +0000 2018	China Xinhua net 16 bank participate Yunnan Fanya fraud citizen 43 billion yuan
Mon Nov 26 01:52:14 +0000 2018	1st China College Student Competition hold Qingdao
Mon Nov 26 10:27:23 +0000 2018	😇 I know alloy material noise take account dilatation change temperature earth movement hope take account 😇 With hope help 🙏 😇
Fri Dec 07 04:26:52 +0000 2018	Guo Weimin vice minister State Council Information Office China meet medium representative News
Wed Nov 28 03:28:36 +0000 2018	China call country use upcoming Summit tackle climate change issue reaffirm commitment landmark Paris climate accord
Wed Nov 28 12:02:30 +0000 2018	China allocate 90 98 bln yuan 13 billion dollar alleviation
Sat Nov 10 12:02:54 +0000 2018	Battle China large Oasis emerge decade green
Wed Nov 07 05:43:56 +0000 2018	China adhere open multilateralism Premier Li say 1 + 6 Roundtable leader major international economic financial institution Beijing
Sat Dec 08 01:48:41 +0000 2018	advice meeting fact pleasant use image help terrible stock market situation make call private communicating way take
Thu Nov 22 13:51:12 +0000 2018	text China joint statement
Mon Dec 03 04:15:04 +0000 2018	Chinese President Xi Jinping counterpart Donald Trump hold highly successful meeting Buenos Aires Saturday reach important consensus agree impose new additional tariff
Mon Dec 03 04:05:18 +0000 2018	Travel mountain water New east China trial operation
Sun Dec 09 19:55:53 +0000 2018	China 10 new service end 2018
Wed Dec 12 05:54:07 +0000 2018	logo right hand corner diagram depict
Sat Nov 24 17:03:32 +0000 2018	New Nazi Leader Adolf Shi Cinping
Wed Nov 28 03:36:29 +0000 2018	family secret legacy come light
Mon Nov 26 01:18:36 +0000 2018	Chinese President arrive state visit Chinese head state 13 year Southeastern Asian country
Wed Nov 28 03:16:20 +0000 2018	high speed station China allow passenger check paper ticket year
Wed Nov 28 09:40:18 +0000 2018	train enhance cooperation China
Wed Nov 07 19:32:53 +0000 2018	China upgrade weather strategic partnership
Thu Nov 08 07:37:30 +0000 2018	Check smart B&amp host town 5th
Wed Dec 12 00:58:56 +0000 2018	Book President Xi Jinping remark Initiative publish
Wed Dec 05 03:11:30 +0000 2018	mainland open wide wide improve policy service accord political advisor Wang Yang
Mon Nov 26 01:13:18 +0000 2018	Secret China high speed bullet go jerk free noisy
Mon Nov 26 01:17:14 +0000 2018	Chinese President upcoming visit Spain Argentina Panama Portugal intensify respective bilateral tie G20 cooperation
Tue Nov 27 08:35:36 +0000 2018	Chinese firm launch road upgrading project central
Sun Dec 09 19:56:01 +0000 2018	far Shenzhen Xi go 40 year open
Mon Dec 10 10:30:10 +0000 2018	China pedestrian bridge use
Wed Nov 21 22:39:38 +0000 2018	China agree upgrade tie jointly build
Thu Nov 08 08:38:18 +0000 2018	trip
Thu Nov 29 19:14:17 +0000 2018	Chinese President address house Spanish parliament Senate Congress Deputy Madrid
Tue Nov 27 08:46:23 +0000 2018	Chinese State Councilor Foreign Minister Wang Yi meet visit delegation permanent representative Security Council member
Thu Nov 22 01:50:13 +0000 2018	China agree step legislative exchange
Sun Dec 09 00:54:44 +0000 2018	exhibition commemorate 40th anniversary China reform opening receive million visit Thursday accord organizer
Wed Dec 12 10:12:25 +0000 2018	fast China high speed train pen coin stand edge train move ahead
Mon Nov 26 01:18:24 +0000 2018	Chinese build petrochemical complex operation
Tue Dec 11 01:29:15 +0000 2018	China build railway arch world long span
Thu Nov 29 09:08:08 +0000 2018	Anticipation challenge
Mon Nov 26 01:17:54 +0000 2018	New type high speed train debut China
Thu Nov 29 20:23:23 +0000 2018	summit Anticipation challenge
Thu Nov 08 12:23:38 +0000 2018	Xinhua English anchor make debut
Fri Nov 09 13:44:41 +0000 2018	Chinese Premier Li Keqiang visit attend meeting
Fri Nov 23 11:15:17 +0000 2018	China Caribbean medium forum kick
Thu Nov 29 11:48:03 +0000 2018	40 year minute change
Tue Nov 06 19:10:01 +0000 2018	Beijing Tianjin Hebei present annual Spring Festival celebration
Wed Nov 28 21:03:15 +0000 2018	Video SCIO briefing China Policy Action Address 2018
Sun Dec 09 19:55:46 +0000 2018	Technological advance bring sweeping change China Inner Mongolia past 40 year
Tue Nov 27 07:21:50 +0000 2018	Chinese president leave Spain Argentina Panama Portugal visit G20 summit
Wed Nov 21 22:41:08 +0000 2018	Prime Minister Bakytzhan Sagintayev pay official visit China Nov 21 22 invitation Premier Li Keqiang
Wed Nov 28 13:20:04 +0000 2018	Chinese president arrive state visit visit Chinese head state European nation 13 year
