created_at	text
Sat Dec 01 03:48:52 +0000 2018	China ve personally watch closely trade change want fair trade & amp win accept personally avoid China product possible underestimate American resolve decide Country isn fair trade win accept
Sat Dec 01 15:06:16 +0000 2018	Korea History upmode civil code ethics respect Animal sentiency help end Cat Dog meat trade lead world Government sustainable Vegan planet eradicate meat trade future civilised society Mercy
Tue Dec 04 04:27:59 +0000 2018	Prime Minister Modi promise strengthen bilateral cooperation agree increase trade volume prepare future believe promise solid grow understanding consideration
Sun Dec 02 15:55:36 +0000 2018	fix stupid dumb dumb believe trade war good American lose lot job America Cause rest world work screw America Thank Dumb Donny
Sat Dec 01 04:05:00 +0000 2018	Peter John Smith Christopher Frantz Charles Howard Welch Jessiedy Gonzales Gerochi International Fellowship Christian Jew Canada International Fellowship Christian Jew Welcome Internet Prime Minister Israel Peter Fredericks 🌹 🌴 🙏 💧 The Lord
Thu Dec 06 05:24:59 +0000 2018	Kim Jung Un Moon Jae President post International Civil Aviation Organization
Fri Nov 30 04:35:31 +0000 2018	Moon Jae 20 need know International Civil Aviation Organization manage airspace include missile rocket launch base Montrèal JustinTrudeau PM Canada child Montrèal live Montrèal
Sat Dec 01 08:31:13 +0000 2018	Bless protect God work pray world stability peace harmony nation
Mon Dec 03 03:11:48 +0000 2018	survivor ask trade travel new Zealand adhere rule provide child torture survivor rehab compo treatment
Mon Nov 26 01:05:10 +0000 2018	Delight meet new Korean president discuss UK trade double recent yr & amp worrying situation Korea
Sat Dec 01 06:41:04 +0000 2018	trade deal ve fair mess people common sense appreciate great America long term long overdue Thank
Tue Nov 27 18:27:49 +0000 2018	Mr President pls ban dog meat trade Korea dog beautiful friend man deserve horrific slaughter yr country visit slaughterhouse certainly promise Pls
Sat Dec 01 07:05:34 +0000 2018	Pres Moon Retreat Session 13th Sustainable development possible time peace believe peace Korean Peninsula path contribute advancement humanity
Sat Nov 24 08:11:22 +0000 2018	Pres Moon outline vision innovative inclusive state resolve economic inequality propose create joint APEC Digital Innovation Fund
Wed Nov 28 10:50:50 +0000 2018	see potential engine launch rocket carry application satellite 2021 confidence Korea Aerospace Research Institute dream come true
Tue Dec 04 02:43:24 +0000 2018	World Bank Invest 200 Billion Tackle Climate Change Sure like lot money spend claim doesn exist apply 14 sea wall protect hotel / golf course Ireland global warming didn big phony
Mon Nov 26 09:38:51 +0000 2018	Pres Moon meet OECD Secretary General Angel Gurría today believe inclusive growth key realize people center economy commit closely work
Mon Nov 26 01:19:14 +0000 2018	Kim Jung Un Moon Jae President Land mine 6/ Ottawa Treaty April 2017 HRH Prince Harry attend Landmine Free World 2025 Reception Kensington Palace mark International Awareness Day
Sat Dec 01 03:46:08 +0000 2018	Trump international embarrassment
Mon Nov 26 19:53:48 +0000 2018	help end dog meat trade
Sat Dec 01 05:19:43 +0000 2018	illegal infiltrate control prison system manage vote illegally change landscape politics law protect America
Fri Nov 30 04:33:30 +0000 2018	Dear President Moon 📣 World BEG You 🙏 PLEASE LISTEN Horror Screams Dogs Be ❌ NOT OK ❌ PLEASE Help Time Ban STOP Evil Trade END ‼️
Fri Nov 30 06:50:48 +0000 2018	time extend desire building moment need process stabilize Korean Situation execute Korea Plan high growth economics mus confirm strong united force geopolitics economics strategy diplomacy security
Tue Nov 27 05:25:45 +0000 2018	spay neuter consider number dog save Korea dog meat trade instead
Thu Dec 06 13:49:00 +0000 2018	money binary forex trade DM interested
Tue Dec 04 09:29:38 +0000 2018	Mr President time bring end Korea dog cat meat trade consumption world watch
Sun Nov 25 23:30:58 +0000 2018	agree join force earnestly deal global issue climate condition disaster Notably couldn help touch ASEAN leader consider peace Korean Peninsula issue
Wed Dec 05 18:37:39 +0000 2018	truly barbaric end horrific cruelty suffer inflict cat dog disgusting cat dog meat trade
Sat Dec 01 06:38:18 +0000 2018	people come coordinate buy extra soy bean type campaign China trade mess fix want able help farmer support getting hurt foreign interference / play politics
Thu Nov 22 08:47:15 +0000 2018	student country study Korea today firmly believe future development build foundation exchange run way hope exchange Korea gain deep tie deep understand ASEAN country
Fri Nov 23 07:49:49 +0000 2018	Moon Jae shower love Kim Jong un restore international pariah respect world leader love unrequite Kim busy develop nuke Trump Moon naive
Wed Nov 07 01:31:26 +0000 2018	india PMO RESERVE BANK reputation SINCERE DOMINATING BANK india & amp good OFFER PROMOTION like GREATER RESERVE BANK manager post & amp RIGHT DISTRIBUTION & amp home & amp IRRIGATION farming land SALARIES banking & amp clerical need um * AUD
Sat Dec 01 02:58:10 +0000 2018	Hope continue work Awesome President Trump Hope Country come mutual understanding work God Bless South Korean people
Wed Nov 07 18:21:39 +0000 2018	initiate action Ayodhya capital emerge Ram Rajya Announcement new airport hospital Ayodhya plan development project
Sat Dec 01 12:47:57 +0000 2018	Awesome job PRESIDENT TRUMP world appreciate HARD WORK FULFILL PROMISE THANK GOD leader family
Mon Nov 26 14:16:40 +0000 2018	Let world know original outstanding feature Korean cultural heritage easy Koreas work go forward
Thu Nov 22 09:33:11 +0000 2018	49th Cabinet Meeting Pres Moon share outcome Asean&amp APEC meeting highlight inclusive state narrow gap member economy people center policy priority Korea world focus
Sat Dec 01 05:03:50 +0000 2018	discovery
Sat Dec 01 22:31:57 +0000 2018	good work Mr President USA look good day thank ability stand strong good USA
Mon Dec 10 23:14:32 +0000 2018	Peace human right economy politics culture happy future 19th Government President Moon Jae shake stay end
Sat Dec 01 03:15:16 +0000 2018	know go prison yank chain laugh hysterically
Wed Dec 05 15:16:35 +0000 2018	Today day establish Let moment appreciate tireless effort maintain international peace security Look forward work closely peace prosperity Korean Peninsula
Sat Dec 01 06:51:37 +0000 2018	work ceaselessly help achieve peace ask head state government active support encouragement
Mon Nov 26 13:41:31 +0000 2018	Republic Korea future begin find people life peace politics economy business
Sun Nov 25 23:31:37 +0000 2018	Pres Moon National Assembly Address Propose Government Budget 2019 Plan Fiscal Operation prosper prosper text
Sat Dec 01 08:33:10 +0000 2018	need confirm strong united time open strong investigation localize trust information want responsible wrong moment target sabotage African Situation destroy Africa gov plan economics
Tue Nov 06 22:18:31 +0000 2018	immense joy pride Mrs Kim Jung sook visit Ayodhya wear traditional Indian clothing people India deeply appreciate gesture wear good Justin say
Sun Dec 02 20:07:48 +0000 2018	​ 📢 ⛔ ️ 📛 👊 ATTENTION EPIC GAMER ALT ACCOUNT GAP BIG COPYPASTE SPREAD GOOD WORD REPORT SERIES BOTS DON STOP PEOPLE 📢 ⛔ ️ 📛 👊
Wed Nov 07 05:49:45 +0000 2018	lac diyas World record starvation death world record farmer suicide World record waste medical opportunity World record waste education opportunity World record
Sat Dec 01 03:24:35 +0000 2018	people common sense open mind friend notice turn country short year
Tue Dec 04 00:24:26 +0000 2018	wish look tomorrow ll defend foreign policy good professor lol kid send flight ticket bc i m miss 소맥
Wed Nov 07 02:25:13 +0000 2018	good work bjp
Wed Dec 05 02:11:03 +0000 2018	Beautiful camera work
Sat Dec 01 03:14:54 +0000 2018	Trump criminal Don trust word lie mouth
Thu Nov 08 17:19:57 +0000 2018	Pres Moon military identification tag Sgt Pak Je kwon find today 65 year death war dead Korean Peninsula finding remain fallen hero year occur
Fri Nov 09 02:11:29 +0000 2018	Nice work sir
Sat Dec 01 23:34:41 +0000 2018	safe thank hard work
Sat Dec 01 03:21:12 +0000 2018	hand shake great leader great contry control majority world economy young leader great vision start Build outstanding future middle east different era
Wed Nov 07 04:42:03 +0000 2018	gratify note Lady visit Religious Capital India have inspire history & amp family Ancestry
Sat Dec 01 03:16:33 +0000 2018	good work
Sun Nov 25 23:31:14 +0000 2018	New Southern Policy announce 19th Summit expression Korea strong determination prosper ASEAN
Sat Dec 01 14:10:53 +0000 2018	41 die didn hear damn word morning show piece shit president
Tue Nov 06 19:12:08 +0000 2018	Spiritual Revolution Hon Narendra Modi Dr Subramanian Swamy Swami Ram dev Yogi Adityanath Dr Ramaswamy Based Foundation Reincarnation Scientific Reality Establish World Peace Resuscitate Humanity Free Download Click
Sat Dec 01 15:35:44 +0000 2018	good work sir
Tue Dec 04 01:27:30 +0000 2018	outlaw use consumption dog meat South Korea lie service dog President Bush Sully death witness dog companionship service loyalty Dogs mean food end sick cruel practice
Sat Dec 01 10:54:41 +0000 2018	President Moon President Trump reaffirm commitment closely coordinate achieve common goal early date
Sat Dec 01 14:08:20 +0000 2018	tweet distract lie racism sexism draft dodge bankruptcy adultry money launder tax fraud popular vote / midterm loss low approval illegal wife obstruction Puerto Rico rich tax cut Helsinki fail tariff Nobel loss laugh & amp tear gas kid
Sat Dec 01 21:40:01 +0000 2018	Work deal China economy boom
Wed Dec 05 15:18:51 +0000 2018	Pres Moon 12th World Korean Day Korean Peninsula need united strength Korean people
Sat Dec 01 03:57:13 +0000 2018	great President Moon President Trump work world good place work Thank
Sat Dec 01 05:32:16 +0000 2018	Fair wind follow sea Rest Peace President George Bush
Sun Nov 25 23:31:06 +0000 2018	side agree work build great ROK alliance
Sat Dec 08 18:47:20 +0000 2018	President Moon work closely coordinat …
Sun Dec 02 06:48:07 +0000 2018	economic community unify Korea role unify Korea alliance expect new center gravity Asia end violence expansion Asian dictator Communist Party China
Wed Nov 07 00:50:33 +0000 2018	INDIA PMO telugu state UNITED interested mutton curry & amp chicken biryani & amp BUYING APPLES & amp GREAN PEAS good ORDER RESERVE BANK GOVERNMENT SPENDING HIGH TECHNOLOGY purchase like bullet train INDIA & amp CONNECTED ECONOMY
Sun Dec 02 00:09:52 +0000 2018	Love president great awesome work
Sat Dec 01 21:06:18 +0000 2018	hi don argentina extradition agreement maybe stay
Sat Dec 01 18:38:20 +0000 2018	challenge meet long people willing work hard word promise
Sat Dec 01 16:19:33 +0000 2018	Colbert vote trump 2020 trump he s job Trrump save bidden letter word
Sun Dec 02 00:06:22 +0000 2018	right Work fast people legislator learn
Sat Dec 01 05:25:22 +0000 2018	agree future agreement agreement disagree
Sat Dec 01 03:46:47 +0000 2018	board ICX pretty
Sat Dec 01 23:14:55 +0000 2018	FACEBOOK FIGHT HARD SUPPRESS SHARPSHOOTER TAKE YELLOW VEST PROTESTER FRANCE
Sat Dec 01 03:04:33 +0000 2018	embarrassment country Unfortunately rest world fun call pres long credible leader free world & amp claim moral standard distressing
Thu Nov 22 01:17:08 +0000 2018	ROK police chief INTERPOL exactly diplomat want win necessarily benefit diplomat ll buy buy LG buy
Tue Nov 06 20:44:02 +0000 2018	change future India
Sun Nov 25 23:31:29 +0000 2018	Korean American journey Alliance remain ironclad endure activity present day KATCHI KAPSHIDA Gen Brooks thank dedicated work past half year
Tue Dec 11 12:59:52 +0000 2018	
Sat Nov 10 12:45:00 +0000 2018	read Prime Minister Modi tweet win Seoul Peace Prize write Korean move thoughtfulness like offer heartfelt congratulations Prime Minister Modi
Sat Dec 01 03:06:36 +0000 2018	go forward reach word End prophecy rest catch rest free god bullshit matrix Wake Neo escape Truth world leader End Michael
Sun Dec 02 07:36:11 +0000 2018	Trump jump world fail
Sat Dec 01 13:29:58 +0000 2018	Today good day
Sun Dec 02 01:42:09 +0000 2018	go lie Twitter tag sound like COD tag lol
Wed Nov 07 19:17:16 +0000 2018	visit India tell Prime Minister look great vest duly send meticulously tailor size like thank kind gesture
Sat Dec 01 03:44:54 +0000 2018	Reaffirm commitment closely coordinate effort achieve common goal early date 😂 😂 😂 😂 😂 😂 Just exactly hell mean DOTARD ll tell means isn agreement talk big
Sat Dec 01 15:37:11 +0000 2018	love Liberal Maybe America didn affluent give away money & amp keep debt people patriotically make country well instead think new way sodomize Dem give Trillion Useless debt Gay marriage Fuk
Sat Dec 01 04:15:38 +0000 2018	word salad
Sat Dec 01 04:05:14 +0000 2018	President Russian Agent / Asset & amp compromise RNC hack Simple SCARY
Wed Nov 07 18:08:44 +0000 2018	visit mean social scientist analytical researcher Get ancestral root find meaning past give immense satisfaction propel gallop future endeavour
Sat Dec 01 04:30:25 +0000 2018	2/2 end Koreas give Trump prerogative determine future peninsula Pres Trump time spare situation irreversible
Sat Dec 01 06:56:30 +0000 2018	reaffirm commitment closely coordinate achieve common goal early date lot word exactly
Thu Nov 08 10:44:29 +0000 2018	Prime Minister India send gorgeous garment modernize version traditional Indian costume know Modi Vest wear easily Korea fit perfectly
Sat Dec 01 13:14:57 +0000 2018	point vote Trump office that s provide office toss problem fact Oboma get country head upwards Trump take credit Dem join Cosbey jail
Wed Nov 28 11:16:08 +0000 2018	Congratulation 👏 👏 💜 hope Brazil invest education science technology collaboration astronaut Marcos Ponte know
Sat Dec 01 06:50:29 +0000 2018	WORLD HATE TRUMP
Sat Nov 24 08:11:32 +0000 2018	Pres Moon flight home read Right Dr Jeong Hye shin psychiatrist / counselor think empathy communication basics politics book help realize superficial abstract definition empathy
Tue Dec 04 02:35:18 +0000 2018	Thank hard crucial work live abroad feel proud Korean
Sat Dec 01 05:23:52 +0000 2018	Don come America seriously DONT COME
Sat Dec 01 15:06:09 +0000 2018	reaffirm commitment face bloviate success hell want turn glory reality Face suck
Wed Nov 07 05:39:14 +0000 2018	Sir Crime Law Order situation Priority government improvement Crime situtaion Delhi Haryana change situation atleast improve Police
Sat Dec 01 05:37:23 +0000 2018	America & amp World favor & amp resign lose popular vote BIGLY
Sat Dec 01 03:20:13 +0000 2018	Strike north Korea envade south southKorean national security open uncomfortable
Mon Dec 03 00:55:01 +0000 2018	G20 Leader Pledge Fight Climate Change — Except Oil own Republican Trump
Sun Dec 02 06:17:22 +0000 2018	Hilarious moment Trump wander G20 stage
Sun Nov 25 23:31:23 +0000 2018	World War end 100 year ago 65 year old war Korean Peninsula live day end war mark start path peace prosperity stop journey peace
Sat Dec 01 03:14:56 +0000 2018	Don come
Thu Nov 08 00:52:22 +0000 2018	GREAT JOB YOGIJI 19 MONTH CLEANSING GUNDAS MURDERER THIEF LOFERS TRAITOR PARASITE RAPIST GOOD GENTLE PEOPLE SIGH RELIEF OLD VULTURES TRY COME DEFEAT INDIA WANT PEACEFUL PROSPEROUS INDIA
Sat Dec 01 04:19:27 +0000 2018	illegitimate president disgrace G20 Loathe world leader dictator Putin brush aside Crack form
Mon Nov 26 14:05:40 +0000 2018	Dear Mr President pls promise ban dog meat market Korea dog animal superior intelligence love deserve slaughter Tradition old fashioned change Korea modern civil Thank
Sat Dec 01 03:49:08 +0000 2018	President Moon word
Sun Dec 02 03:38:54 +0000 2018	Life gift care Let help stop Life precious ☮ ️ RT
Wed Dec 12 17:47:27 +0000 2018	believe trail transform path peace DMZ land peace Inter Korean trust important force realize Korean Peninsula free war
Tue Dec 04 01:25:58 +0000 2018	Safe flight home pray peace Korean Peninsula President Moon Jae
Sat Dec 01 04:35:56 +0000 2018	note base marriage count affair commitment isn strong suit Hey Cohen news
Wed Nov 07 00:30:43 +0000 2018	INDIA PMO relative USA spend crore INR cancer treatment MOM COMA & amp good RESERVE BANK pray LORD KRISHNA LOVE & amp know GEETA & amp church & amp fear leopard symbol RBI BLUNDER um * usd AUD inr
Sat Dec 01 23:51:46 +0000 2018	DEMOCRAT CONGRESS START * OWN * investigatgion PLURAL Mueller go subpoena tax return Trump / Russia INDICTMENT COME
Sun Dec 02 15:39:26 +0000 2018	people Trump compromise like President United States Putin Asset America Donald Trump 🇷 
Wed Nov 07 06:28:30 +0000 2018	regard deny Indian Culture
Mon Dec 03 02:40:41 +0000 2018	Hi love design Flyer Poster Brochure Catalog Product Packaging Branding kind Print Media Item Work Knock
Tue Dec 11 22:35:26 +0000 2018	Season Greeting President cat world ask stop torture cat nation‼️The cruelty inflict barbaric ‼️ alive‼️ justifiable reason torture‼
Wed Dec 12 07:02:12 +0000 2018	Dear Moon know world class expert woman right want tell intolerable violation woman right Ji Gu 25 suffocate coercive conversion help 1000 victim like help Ms Gu 🤧 🤧
Thu Nov 08 04:53:51 +0000 2018	Lady Visit India Foremost Festivity Look Traditional Saree Ayodhya Awesome WELCOME Feature Keep Spiritual Value Society Sentiment Share Diwali Warm Greeting Enjoy Appreciate TAJ Mahal Monument Architecture Value GREAT GOD Bless
Thu Nov 22 12:40:05 +0000 2018	bigbang
Thu Nov 29 12:14:45 +0000 2018	solution water energy job limitless think solution immigration problem seek support develop Guatemala check video
Sun Dec 02 18:06:17 +0000 2018	Fake tan fake hair fake president fake fake fake
Thu Nov 08 04:55:50 +0000 2018	great honor welcome meet President Jae South Korea today New York City
Fri Nov 30 05:17:13 +0000 2018	senior American Concern relation North Korea long last Trump president change hopefully year policy Korea change accord effort
Sat Dec 01 05:21:52 +0000 2018	illusive Blahh blahh etc
Mon Nov 26 01:04:24 +0000 2018	Kim Jung Un Moon Jae President Land mine 2/ Ottawa Treaty date 164 state party treaty 32 UN state include United States Russia China India non signatory
Sat Dec 01 03:14:34 +0000 2018	think well involve resign Maybe Mueller cut deal immunity family & amp band grifter close book ugly chapter & amp worth let scot free
Sat Dec 01 23:16:04 +0000 2018	TRAVEL GREEN SEASON Jan March population Good service Good budget & amp Easy animal like help Corporate Incentive Travel Group Student Group Family Reunion Adult Group Religious Group & amp Charity Group Visit
Sat Dec 01 09:09:45 +0000 2018	funny say speak putin owe huge favor What s truth try like man conflict election world shouldn associate
Fri Nov 23 04:36:03 +0000 2018	remember Comfort woman agreement korea promise
Sun Dec 02 08:37:12 +0000 2018	Hey look president actually get result foreign policy Obama get result guess Iran
Sat Dec 01 03:17:01 +0000 2018	Enjoy shit come
Sat Dec 01 21:39:15 +0000 2018	Yep Free speech
Sun Nov 25 04:36:57 +0000 2018	Pres Moon Vice Pres Pence remark ironclad Korea alliance mark 65th anniversary year chief drive force process establish permanent peace Korean Peninsula
Mon Dec 10 04:40:43 +0000 2018	free iphone offer registation
Wed Nov 21 16:27:14 +0000 2018	country world watch
Sat Dec 01 05:01:25 +0000 2018	time choice turn central you … into little different take life whole … all life long slowly turn central thing heavenly creature hellish creature
Sun Dec 02 12:05:18 +0000 2018	Win iphone Xs Free
Sun Dec 02 04:34:53 +0000 2018	support independence ethnic minority China establish diplomatic relation develop economic community
Tue Nov 27 01:17:09 +0000 2018	country proud world watch disgust
Mon Dec 03 14:46:43 +0000 2018	instagram neeringdawn christopher wray abuse position attack mother fight child attempt life collude russian & amp dirty police officer tell get bullet twit know use weapon
Wed Nov 07 03:46:54 +0000 2018	World Family
Sat Dec 01 12:36:12 +0000 2018	Job run world BS go
Sun Dec 02 04:43:29 +0000 2018	Putin look pile 💩 💩 💩 that Check G20 film Clear control NSTIONAL SECURITY COMPROMISE BLACKMAIL GOOD YOU 😂 😂 😂
Sat Dec 01 14:10:26 +0000 2018	Trump FAIL negotiation North Korea FACT Kim Jong play Don Con like fiddle try develop nuclear bomb GREAT intelligence agency report Traitor Trump doesn listen great brain say
Sat Dec 01 03:51:56 +0000 2018	Claim 200 hour click ROLL button FreeBitcoin Biggest Legit Bitcoin Faucet World LINK BIO
Sun Dec 02 14:06:29 +0000 2018	Christmas season strain budget Want peaceful Christmas Download FREE everydollar app bring peace life budget checkbook free
Sun Nov 11 02:21:50 +0000 2018	Lady Kim Jung sook proud give speech music present strength young people world
Sat Dec 01 03:16:42 +0000 2018	announcement Kyeah let talk soon know know blowhard real plan timeline total assed jerk
Tue Dec 04 06:26:33 +0000 2018	positive attitude world positive result
Sun Dec 02 23:13:31 +0000 2018	Cohen Lawyer Drop BOMBSHELL Trump New Court Filing Cohen cooperate mysterious separate open inquiry conduct NY AG Office
Sun Dec 02 06:47:26 +0000 2018	South Korea unify North Korea ROK alliance upgrade step ROK alliance balance center China Russia Japan support independence ethnic minority China establish diplomatic relation develop
Sat Dec 01 03:19:13 +0000 2018	realDonaldTrump President Moon President Trump reaffirm commitment closely coordinate achieve common goal early date
Sat Dec 01 15:14:24 +0000 2018	noble endeavor bring peace Korean Peninsula strengthen ROK alliance President George Bush long remember heart Korean people
Wed Dec 05 15:10:46 +0000 2018	enjoy weekend President Moon Jae Lady Kim Jung sook tranquil time Bongjeongsa seven World Heritage list Buddhist mountain monastery Korea
Sat Dec 01 05:04:19 +0000 2018	Moon President Trump reaffirm commitment closely coordinate achieve common goal early date
Sun Dec 02 12:59:00 +0000 2018	RT President Moon President Trump reaffirm commitment closely coordinate achieve common goal early date
Tue Nov 06 18:48:14 +0000 2018	•bofor Scam •2 G Spectrum Scam 2008 •Satyam Scam 2009 •Commonwealth Game Scam 2010 •Coal Scam 2012 •Chopper Scam 2012 •Tata truck scam 2012 •Adarsh Scam 2012 decide wisely government come future india
Fri Dec 07 09:40:01 +0000 2018	If / when Kim Jong un visit Seoul prayer unity spirit amazing Korean people win day & amp Peace Treaty reluctant sign believe Korea tweet chain share
Sat Dec 01 03:22:29 +0000 2018	Ur pathetic work know moor discernible principle guide decision make Anonymous Real patriot prefer president don commit treason
Sat Dec 01 03:44:39 +0000 2018	puppet45 russian asset & amp lie traitor
Sun Dec 02 00:10:35 +0000 2018	Trump Right Thank Jesus God Bless Trump President Trump weep light Christmas Tree say season truly Jesus Son God Fake News CNN win report
Thu Nov 08 15:39:23 +0000 2018	great tribute Indian culture tradition
Tue Nov 06 17:55:26 +0000 2018	matter honour & amp pride Mrs Kim Jung sook Lady Republic Korea visit Ayodhya wear traditional Indian clothing good relation South Korea & amp visit bring country close Kudos noble gesture Awesome
Fri Nov 30 00:31:48 +0000 2018	Hey follow G20 account tell today good time Tatiana cc Trump
Sat Dec 01 21:30:44 +0000 2018	don hear scream cry nation like world despise call ur nation TORTURERS & amp EATER 🆘 CIVILIZED NATION EVOLVE ❗
Thu Dec 06 15:11:39 +0000 2018	God Speed people South Korea
Fri Dec 07 14:07:06 +0000 2018	embrace Export remain key economy president eg follow trajectory populist bashing recognise reality Interesting stat Moon speech btw
Mon Dec 03 11:59:16 +0000 2018	happen INCREDIBLE deal North Korea KIM WON beat hand like TREMENDOUSLY INCREDIBLY negotiate foolishly buy art deal demand money talk complete bollock
Tue Nov 27 07:36:11 +0000 2018	President Moon embark today visit Czechoslovakia Argentina G20 New Zealand trip span continent ll deliver live update visit aim peace Korean Peninsula expansion diplomatic horizon
Fri Nov 30 16:08:26 +0000 2018	HRH Crown Prince Mohammed bin Salman meet President South Korea sideline Leader Summit 🇸 🇦 🇰 🇷
Mon Dec 03 01:31:09 +0000 2018	thank visit country Argentine citizen feel proud presence welcome hope enjoy stay thank effort good country day Kind regard Marcelo
Sat Dec 01 03:49:03 +0000 2018	wow meet world domination Fuck Donald
Tue Dec 04 04:36:53 +0000 2018	Yupee peace korea model peace world
Sat Dec 01 23:24:20 +0000 2018	Moon Kim Xi say like World peace Let
Sat Dec 01 03:20:42 +0000 2018	TruthLeaks John Solomon Hill disclose tonight member Clinton Foundation cooperate Huber CF probe person Justin Cooper immunity Justin proxy Braverman second source Cooper
Mon Dec 10 14:15:47 +0000 2018	refraction light like warm sunshine 2019 START Business Taiwan WORLD DNAA Act Taiwan 莫澤林
Sun Dec 02 04:34:38 +0000 2018	Korea unify Korea ROK alliance upgrade step ROK alliance balance center China Russia Japan
Tue Dec 04 04:27:50 +0000 2018	hope bilateral cooperation bring peace prosperity Asia ll forget India country long history diverse culture dynamic people thank people India give warm welcome
Mon Nov 26 23:05:37 +0000 2018	Manufacturing foundation economy Korea main strength manufacturing pick steam local economy revitalize economy able grow
Sat Dec 01 13:07:30 +0000 2018	word happen promise denuclearization Trump tell get month month ago far safe World Orange Clown promise Old Circus Trump CIF Clown Chief
Sat Dec 01 07:02:29 +0000 2018	story shed light anecdote student activist human right lawyer experience lead President make tireless effort bring peace Korean Peninsula
Sat Nov 24 07:47:18 +0000 2018	snow cover city White world make pure
Mon Nov 26 23:39:35 +0000 2018	adorable stop practice country torture abuse eat dog puppy horrible barbaric thank
Sat Dec 01 10:34:22 +0000 2018	good Great deal maker Love President thank God get American people
Wed Nov 07 02:40:13 +0000 2018	feel proudy today india culture attract body Excellent
Sat Dec 01 07:51:21 +0000 2018	rid tariff fine don know heck Stop toot horn embarrassing world know
Fri Nov 30 11:40:06 +0000 2018	Luckily include elephant room Trump help solve urgent issue climate change suggestion equal allowance capita tradable require share planet want live
Thu Nov 08 13:48:23 +0000 2018	PM MODI LEADER WORLD WANT COME SOON SHREE RAM MANDIR PM MODI FAN
Wed Nov 07 04:44:37 +0000 2018	show respect affection culture Thank happy
Sat Dec 01 03:14:58 +0000 2018	Election reform National voter ID
Sun Dec 02 00:50:06 +0000 2018	Mr President unreliable come stick implement agreement stick current
Sat Dec 01 03:42:27 +0000 2018	Trump 2016 Russia Trump 2017 RUSSIA DEALS LOANS Trump yesterday Everybody know Trump Tower Moscow project open
Sun Dec 02 02:51:08 +0000 2018	Noticed tweet mention Pres SK drain nat Treasury pay NK winter Olympic game go SK have protest oust Prez Moon NK Sanction violation process play
Sat Dec 01 08:37:34 +0000 2018	Trump fraud fake fakir liar thief
Sat Dec 01 17:13:28 +0000 2018	leader pay tribute GeorgeHWBush Trump post summit news conference respect Bush family
Sat Dec 01 15:05:25 +0000 2018	deep condolence American people loss President George Bush United States President Bush dedicated world peace security take lead role end Cold War reconcile West East
Sun Dec 02 06:44:58 +0000 2018	Islam Massacre 669 + Million Non Muslim 622AD
Sun Nov 25 23:31:04 +0000 2018	Pres Moon leave Singapore wrapping relate summit give true sense world change enable faith possibility humanity move era cooperation
Tue Nov 06 20:13:57 +0000 2018	inform President Donald Trump meet Chairman Kim Jong un State Affair Commission North Korea like express gratitude leader difficult decision reflect courage wisdom
Sat Dec 01 03:13:48 +0000 2018	moon thebluehouseeng commitment moonriver wow trump
Sat Dec 01 13:02:21 +0000 2018	Look Virtual assistant task Data entry data mining web research copy past PDF excel expert feel free contact
Sun Dec 09 22:46:18 +0000 2018	Sir Congress leader Nehru Jacket Modified modernize gift Congress leader Patel statue Modify tall world
Sat Dec 01 07:50:10 +0000 2018	Fuck trump day die festival world
Sat Dec 01 06:39:29 +0000 2018	think suit call President Moon consider time spend World freakcunt
Wed Nov 28 15:20:57 +0000 2018	G20 Friend
Sat Dec 01 04:29:50 +0000 2018	1/2 begin President Trump good trying help Koreas peninsula government Koreas mistaken deal America addition overestimate position & amp underestimate Pres Trump
Mon Dec 03 22:33:54 +0000 2018	Mr Trump good President good leader world see MAGA
Thu Nov 08 19:18:17 +0000 2018	Congratulations Seven Music love Boy Wings ARMY song dance dream enthusiasm BTS energize give strength young people world
Sun Dec 02 20:43:53 +0000 2018	Finally listen Democrat ask month ago listen Democrat
Sun Dec 02 00:53:25 +0000 2018	respectfully Pres Moon little close DPRK report USA turn energy advantage sincerely hope upgrade disastrous DPRK nation see strategic benefit cost avoid regime change2
Sat Dec 01 03:22:14 +0000 2018	see Putin congratulate Crown Prince murder USA Washington post journalist 🤮 🤮 🤮
Sat Dec 01 11:18:31 +0000 2018	Uh yes love President isn President free leave America vote win stop cry ll okay ll
Sat Dec 01 18:16:51 +0000 2018	Good job
Sat Dec 01 08:19:29 +0000 2018	honest fuck look like toddler shit pant sit let mommy change
Thu Nov 22 12:08:36 +0000 2018	Thank support journey peace certainly 10 people world thankful 2018 Happy
Sun Dec 02 07:48:06 +0000 2018	success G20 ignorant & amp heartless jerk doesn care doesn understand diplomacy show lack knowledge & amp competence elect disruptor chief
Sat Dec 01 03:08:05 +0000 2018	point right mind believe Trump say
Sat Dec 01 13:59:22 +0000 2018	George Bush traitor member Skull & amp Bone work world government
Sat Dec 01 03:18:09 +0000 2018	Witch Hunt Investigate Mueller COHEN LIE FAKE NEWS HOOKED Facebook Jail Try
Fri Nov 23 21:43:28 +0000 2018	Kim Jung Un Moon Jae President Korea Reunification VIdeo Day Buddhist monk Koreas hold joint service
Mon Dec 03 15:59:51 +0000 2018	President Republic Korea Moon Jae hold bilateral meeting Pres Macri invite Korean company join national foreign mining company country work lithium mining
Fri Nov 30 03:20:56 +0000 2018	prayer offer peace Korean Peninsula St Peter Basilica today resound echo hope heart people Koreas people world desire peace
Thu Dec 06 17:44:19 +0000 2018	Moon Jae President War time restriction remove 3/ view Korea leader Military Division Military Commander Remove war time law restriction regulation Kim visit [ define military drawdown ]
Sat Dec 01 04:10:24 +0000 2018	resign don
Mon Dec 10 08:47:28 +0000 2018	Pres Moon 2018 hope human right democracy peace prosperity materialize Korean Peninsula endeavor hope entire world
Sat Nov 10 17:33:59 +0000 2018	Time change time atrocity history STOP 209 K ✍ ️ ⬇ ️ 🐶 😱 pass amendment propose Congressman Changwon Pyo & amp Congressman Sangdon Lee
Tue Dec 04 01:12:39 +0000 2018	Safe travel
Sat Dec 01 03:14:59 +0000 2018	President Trump effective leader country talk politician promise Nationalism make America Patriotism keep America America Safe Strong
Tue Nov 06 18:05:48 +0000 2018	Legend Queen Heo Hwang ok bind country culturally & amp visit promote people people tie Princess Ayodhya go 000 year ago & amp Lady visit Ayodhya denote life sort come circle Incredible
Sat Dec 01 05:54:58 +0000 2018	Oh stahp know hate Sign literate people America
Thu Nov 22 01:20:17 +0000 2018	Interpol chief citizenship course covert operation interest office ll likely Korean spy plan
Wed Nov 07 14:40:22 +0000 2018	strengthen bond
Thu Nov 22 01:19:15 +0000 2018	Happy Hope Thanksgiving good stand collective endeavor create peace Korean Peninsula world wish happy holiday
Mon Nov 26 13:47:33 +0000 2018	Ssirum / Ssireum case Koreas joint inscription Representative List
Wed Nov 21 18:56:20 +0000 2018	cold winter good time good change good people help good animal
Sat Dec 01 15:05:23 +0000 2018	President Moon President Macri discuss way bilateral cooperation Korea Argentina summit meeting today
Sat Dec 01 04:43:53 +0000 2018	Saudi Crown Prince Mohammed bin Salman MSB high five Russian President Vladimir Putin MBS order death & amp dismemberment Washington Post journalist Jamal Khashoggi accord CIA Putin believe responsible death roughly 20 Russian journalist
Wed Nov 28 17:04:22 +0000 2018	SK President hold summit meeting sideline G20 Summit Buenos Aires Choi suk
Fri Nov 23 22:14:54 +0000 2018	Kim Jung Un Moon Jae President Korea Reunification km North South Roadway prayer dead July 2018 South Korea Seven Buddhist temple list UNESCO World Heritage Site
Sat Dec 01 06:54:57 +0000 2018	hell tell trump retweet lie post trump try pass Canadian resettlement package American
Thu Dec 06 04:35:32 +0000 2018	need Unique CUSTOM Intro Video Logo Animation 30 YouTube Channel Website Company Business check service
Thu Nov 22 01:14:08 +0000 2018	Pres Moon proud newly elect President Kim Jong Yang Korean head send congratulations people
Mon Nov 26 11:55:05 +0000 2018	Pres Moon Ssirum / Ssireum inscribe list Korea submit application separately jointly apply later result recent inter Korean cooperation
Sat Nov 24 08:11:37 +0000 2018	single head state government ASEAN give sense inclusiveness fundamentally Asian value inclusiveness surely hold Asia change world warm hearted place
Mon Nov 26 11:56:30 +0000 2018	Congrats South North Korea ssireum add UNESCO list intangible cultural asset
Sun Dec 02 01:37:56 +0000 2018	Love country Hate president
Wed Nov 07 18:13:00 +0000 2018	come way South Korea find root find root
Sun Nov 25 23:31:12 +0000 2018	Today day thank parent cheer college entrance exam taker deeply thank parent support test taker date
Sun Nov 25 23:31:01 +0000 2018	leader member state demonstrate determination thoughtful consideration promote mutual benefit economic cooperation focus make life meaningful
Wed Dec 12 09:30:47 +0000 2018	Pres Moon inspection dismantle guard post jointly conduct soldier Koreas mark watershed moment 65 year division Korean Peninsula
Sat Dec 01 03:51:08 +0000 2018	thrilled meet delusional xenophobic homophobic sexist moronic corrupt low IQ perverted co conspiriter
Wed Dec 12 04:19:09 +0000 2018	country deny climate change democracy Hope EU Japan Korea stick trouble time Japan need independent
Fri Dec 07 22:12:23 +0000 2018	Christmas Tree Memorial Hall 28 movement democracy Daegu City South Korea
Tue Dec 04 00:00:53 +0000 2018	Welcome New Zealand apologise awful weather thank South Korea sharing singer world like 김재중 김준수 hope day long block promote music Korean TV station 🕊 ️
Tue Dec 11 15:37:16 +0000 2018	know love
Sat Dec 01 13:13:24 +0000 2018	smile laugh destroy country & amp year repair voluntarily & amp safe million cost rid
Sat Dec 01 13:10:38 +0000 2018	common goal destroy economy statement show ignorant insist
Wed Nov 07 03:22:49 +0000 2018	Mrs Kang Kyung Wha isn political preference president ve support current pro preference merely pragmatic DPRK dealings
Sun Nov 25 07:46:22 +0000 2018	Meet newborn puppy Gomi Pungsan dog North Korea Gomi puppy bear Nov healthy Pres Moon FL Kim take care mom Gomi puppy courtyard residence afternoon
Fri Nov 09 01:22:44 +0000 2018	Kim Jung Un Moon Jae Korea Reunification week mark 100 year end World War November 11 1918 11 am Canadian troop leave Europe return home War end Troop home Korean war USA troop home
Sat Dec 01 07:30:04 +0000 2018	Congratulations SALUTE Way Cool like 🌐 ☺ 💗 💋 😇 🌹 🤗 🌐 ☺ 💗 💋 😇 🌹 🤗 🌐 WORLD 🌐 PEACE 💗 & amp LOVE 💗 2 🌐 ☺ 💗 💋 😇 🌹 🤗 🌐 ☺ 💗 💋 😇 🌹 🤗 🌐
Sat Dec 01 11:37:25 +0000 2018	Alliance strengthen
Sat Dec 01 23:29:29 +0000 2018	Good relationship facilitate great Leadership Great Job Sir
Tue Dec 04 13:56:43 +0000 2018	Good job trust 🍀 🌹 🌈
Sun Dec 02 08:15:38 +0000 2018	Agreement & amp Freely Trust Respect Begin Luck
Tue Dec 04 12:24:07 +0000 2018	Mr President pls save million poor dog Korea stop dog meat country dog love food let live peace save life animal superior intelligence lovable faithful yr country modern
Sat Dec 01 03:14:27 +0000 2018	President Moon people buy opportunity carve funding display classy restroom politics
Sat Dec 01 05:40:01 +0000 2018	like think gon na one 🤦 🏾‍ ♀ ️ people don like Asian fr
Sun Dec 02 14:24:44 +0000 2018	shutter think commitment
Sun Dec 02 00:24:58 +0000 2018	nearly 50 year ago honor serve shoulder shoulder ROK soldier DMZ remember service Republic Korea great fondness unit base south Injim River
Sat Dec 01 04:16:26 +0000 2018	Mr President express respect want believe commitment goodwill Xi Jinping party represent substantive change draw cake
Sat Nov 10 14:46:28 +0000 2018	THING DIGITAL PAYMENT PAYMENT BLINK EYE FRACTION SECONDS COME REFUND MODE TAKE 10 DAY
Sun Dec 02 13:28:48 +0000 2018	Good UNs Agenda climate change remind begin clean Pacific Ocean radiation Fukishima Don point worry till eat seafood Reef need resurrect
Sat Dec 01 03:20:55 +0000 2018	care
Mon Nov 26 15:17:26 +0000 2018	Thank make possible South & amp North Korea exchange gift gifted dog puppy think wonderful puppy gift President Trump son Barron Trump 🇸 🇰 🇷 🇰 🇵
Sat Dec 01 22:33:13 +0000 2018	person 45 work money pocket family pocket White house place personal business pay tax citizen United States benefit presence White House
Sat Dec 01 17:27:41 +0000 2018	true President
Sun Nov 25 14:58:42 +0000 2018	Like long awaited news beautifully colored autumn leave fall North Fall air
Thu Nov 08 10:56:55 +0000 2018	Julie Payette Governor General Canada give special gift picture Korean Peninsula take directly outer space look Korean peninsula blue sea spacecraft divide say
Sat Dec 01 11:22:30 +0000 2018	Great job
Sat Dec 01 10:37:01 +0000 2018	iPhone es safe penny dead ppl
Tue Nov 27 03:34:10 +0000 2018	wonder long credit
Sat Dec 01 03:22:21 +0000 2018	Blogs moon Chinese
Wed Nov 28 11:52:30 +0000 2018	Malaysian living SKorea prohibit sleep SKorean order order SAMSUNG SKorean slave hell duty Resign
Wed Nov 07 09:27:13 +0000 2018	Dishonor proceeding initiate present Chief Justice India disobey order past Chief Justice India hearing day day form 29 / October/2018 refuse hear argument litigation Ram Janam Bhoomi Title Suit Case
Wed Dec 05 15:16:44 +0000 2018	hello Pungsan dog send North Korea inter Korean summit Pyongyang Happy get
Sun Dec 02 04:23:10 +0000 2018	write intern
Mon Dec 03 18:03:46 +0000 2018	President Trump deliver promise unconventional strategy tactic People sick pompus pre tense grandstand power need leader merely puppet financier trump tick box
Sat Dec 01 06:22:35 +0000 2018	Lovely picture Joy progress friendship good
Sun Dec 09 21:43:43 +0000 2018	do nt know propoganda say Donald jail Jail nice i m court order mental angry breakdown want good New York friendly keep peace
Sun Dec 02 05:46:26 +0000 2018	Hi morsh professional web designer visit profile know detail thank Fiver account
Sat Dec 01 04:46:28 +0000 2018	stay leave take profit
Sun Dec 02 11:25:37 +0000 2018	kangaroo walk bar
Sat Dec 01 06:56:55 +0000 2018	Vladimir Putin run military intelligence operation help Donald Trump win Trump Organization plan Putin expensive gift Uh oh ~Maddow call bribe & amp treason indictable impeachable spin keep remove
Fri Nov 30 22:16:57 +0000 2018	🚨 Happen President South Korean President Moon Jae meet 🇺 🇸 🇰 🇷
Thu Nov 29 14:09:50 +0000 2018	bring justice
Sat Dec 01 03:45:39 +0000 2018	common goal horrible write tweet mean convey sort information useful American People
Mon Nov 26 00:36:24 +0000 2018	start small year old talk sick step talk god hear hope talk hear Like little hope help talk
Fri Nov 09 11:29:14 +0000 2018	Difficult escape difficult aspect life test Fear life life people fight battle
Sat Dec 01 03:24:25 +0000 2018	TIME SEND COWNS 🤡 STARRING BOB MUELLER 🤡 AMERICA CLOWN 🤡 in CHIEF
Sat Dec 01 05:04:23 +0000 2018	Second creepy greet G20
Sat Dec 01 02:55:27 +0000 2018	Congratulations new puppy go speak illegal slaughter consumption Sad dog kill ignorant man eat stamina
Mon Nov 26 15:59:32 +0000 2018	Shame race eat
Sat Dec 01 07:01:29 +0000 2018	Great job 👍 🏻 Working ♥ ️
Sat Dec 01 23:29:28 +0000 2018	Thank president trump great job
Sat Dec 01 22:33:11 +0000 2018	Trump great job
Thu Nov 29 16:02:37 +0000 2018	Welcome Argentina hope stay pleasant 🇰 🇷 🇦 🇷 Bienvenido presidente 🙏 🙏 🙏 🙏
Tue Dec 04 01:29:47 +0000 2018	Stop use consumption dog meat Asia Stop dog farm unfathomable abuse love caring animal Service dog President Bush Sully
Mon Dec 10 18:00:35 +0000 2018	Totally foreign country officer want know stuff hearing noise think blue Steve try everybody express hear noise hearing voice plain simple officer tell don want rush don
Wed Nov 28 21:20:11 +0000 2018	know come Argentina G20
Sat Dec 01 03:15:43 +0000 2018	Peace Strength Appreciate 🇺 🇸 🙏
Wed Dec 05 15:18:20 +0000 2018	Pres Moon 3rd Commemorative Ceremony Jangjin Campaign Heroe Today express profound tribute soul depart hero statement Permanent peace draw close Korean Peninsula
Sat Dec 01 16:50:32 +0000 2018	Great Job President Trump
Sat Dec 01 23:27:24 +0000 2018	Great job usual Mr President God Bless
Sat Dec 01 04:05:42 +0000 2018	Luis Gustavo Lopez 18 intensive care man walk family tire shop say kill Mexican beat Lopez metal bar Lopez family blame attacker motivation President Donald Trump
Wed Nov 28 21:29:25 +0000 2018	Mr President pls save million dog Korea brutally slaughter food food beloved animal supreme intelligence faithfulness
Sat Dec 01 13:14:42 +0000 2018	Mr President South Korea feel safe effort
Wed Nov 07 06:48:30 +0000 2018	relationship East & amp south asia include China ancient time 1st century
Tue Nov 06 19:15:01 +0000 2018	Hope change Korea
Fri Nov 30 01:39:49 +0000 2018	Welcome Argentina Welcome G20 🇦 🇷 🌎 🇰 🇷
Fri Dec 07 01:45:47 +0000 2018	Congrat puppy going speak illegal slaughter consumption Sad dog kill ignorant man eat stamina
Thu Nov 22 08:47:12 +0000 2018	week Pres Moon schedule attend Korea ASEAN summit ASEAN +3 summit EAS Singapore APEC summit Papua New Guinea hope enhance tie ASEAN APEC member country forthwith
Tue Nov 06 18:21:42 +0000 2018	emotional relationship India South Korea long relationship way
Sat Dec 01 06:15:33 +0000 2018	TRUMP MOB MOB MOB WATCH VIDEO Trum Mob Family & amp Business READ
Sat Dec 01 03:21:42 +0000 2018	tweet completely vague positive try
Sat Dec 01 16:29:55 +0000 2018	President Moon Jaein congratulations puppy going speak illegal slaughter consumption Sad dog kill ignorant man eat stamina
Sun Dec 02 18:28:15 +0000 2018	great job Mr President AMERICA GREAT
Sat Dec 01 03:22:28 +0000 2018	know moon red commie censor medium South Korea
Wed Dec 05 21:31:13 +0000 2018	Community hate greet christmas day Sorry
Sat Dec 01 03:24:52 +0000 2018	fuckin lefty troll appear President seemingly instantaneously Oh yeah bot MAGA
Sun Dec 02 09:50:14 +0000 2018	Hey nick moon river Lol bad joke Congratulations meeting promotion mike Khan
Sat Dec 01 03:21:58 +0000 2018	blimp
Sat Dec 01 22:46:27 +0000 2018	Moder fuck
Sun Dec 02 00:37:01 +0000 2018	Korea relation United States develop amicably
Sun Nov 11 05:04:57 +0000 2018	Leave India spend day India kind generous people Live god appear reside eye Prime Minister Modi man know value harmony entire life — just India history
Tue Dec 04 04:32:13 +0000 2018	Thank warm welcome President beloved Korean people history
Tue Nov 06 21:29:51 +0000 2018	Hello Good Night Friend
Sat Dec 01 14:55:11 +0000 2018	take Photo Op long Trump attack President Jae week like time Trump attack democracy
Sat Dec 01 10:34:45 +0000 2018	poor leadership G20 Elect real president Russian puppet
Mon Dec 10 10:24:22 +0000 2018	Don hope elderly relative separate South North border family
Wed Dec 12 15:10:44 +0000 2018	Great progress Koreas
Sat Dec 01 15:56:18 +0000 2018	Great job Mr President good USA Silance naysayer
Wed Nov 07 05:36:12 +0000 2018	Hon ble PM sir PM year 2014 Sir know Crime rate exactly Bad Delhi today year ago situtaion NCR situation Haryana
Sat Dec 01 21:33:07 +0000 2018	find hilarious SK president twitter handle come Johnny Mercer song
Sat Dec 01 03:19:29 +0000 2018	want rapist fat slob greedy / selfish / dim witted prick bad president United States history
Wed Dec 12 11:14:05 +0000 2018	make progress slowly surely
Sun Nov 25 23:31:17 +0000 2018	Pres Moon 20th Korea ASEAN Summit believe boundless potential united strength firm vision create people center community text
Sun Dec 02 03:37:35 +0000 2018	heck job mr President don listen Goon
Mon Dec 10 21:35:30 +0000 2018	Moon Jae Kim Jung Un President small time Kim come visit Moon invite Kim Christmas dinner Blue House return home Pyongyang photo release follow day
Fri Nov 30 03:20:50 +0000 2018	Special Mass Peace Korean Peninsula write book Psalms love truth meet justice peace embrace kiss Korean Peninsula text
Fri Nov 30 20:51:23 +0000 2018	Dear President Help 🆘 🐶 ⬇ ️ WELCOME Argentina
Mon Nov 26 12:53:06 +0000 2018	21st century fast connected digital society
Sat Dec 01 04:38:09 +0000 2018	Trump liar Watch flip
Fri Nov 30 11:40:07 +0000 2018	G20 Summit 💶 💴 💵 💸 💰 💷 💳 💸 💵 💴 💶 💷 💰 💳 Let bring Animal 🙏 🏼
Sun Nov 25 01:00:03 +0000 2018	do nt come country love Country CONTROL
Tue Dec 11 05:43:00 +0000 2018	Kim Jung Un Moon Jae President Buddhist monk trek DMZ Kim come Christmas dinner Pyongyang Muslim mosque inside Iranian Embassy problem [ Repression Religion Korea
Sat Dec 01 14:55:36 +0000 2018	South Korea make great progress Proud
Thu Nov 29 20:19:00 +0000 2018	listen CRY ur nation STOP ❌ consumption meat embarrasing Hundred people include march protest event JULY 2018 ✔ why END
Sat Dec 01 10:38:16 +0000 2018	Hey Dotard know Bush senior die today guess wouldn honor president stillalive
Wed Nov 07 02:28:47 +0000 2018	Yess lady republic Korea visit ayodhya wear indian traditional clothes pride proud thing appreciate thank come india happy joy
Mon Nov 26 01:12:24 +0000 2018	Kim Jung Un Moon Jae President Land mine 5/ Ottawa Treaty Video Rowing help control mind lose leg South Korean soldier Ha Jae heon lose leg North Korean patrol border
Sat Dec 01 14:43:36 +0000 2018	President Trump great thing Nation bad Un American Liberal Trumper Republican political people block progress
Mon Nov 26 15:23:02 +0000 2018	hand peace puppy
Sun Dec 02 04:11:50 +0000 2018	stand President Trump good thing country hope especially Obomas shit
Thu Dec 06 18:51:58 +0000 2018	save life cancer pl ease donation restoration 1973 520 BMW car sos help xxx
Sat Dec 01 04:32:59 +0000 2018	Donnie new friend friend /s
Sat Dec 01 04:37:29 +0000 2018	President Moon want commend resolve peace brother north bring prosperity Korean Trump Kim deserve tthe Nobel Peace Prize bring breakthrough God bless
Sat Dec 01 12:07:07 +0000 2018	President George Bush lead long successful beautiful life presence see absolute joy life true pride family accomplishment great beginning end truly wonderful man miss
Sat Dec 01 14:51:44 +0000 2018	Way push American car country bitch yes trump bitch moon
Sat Dec 01 16:41:00 +0000 2018	fake phony
Sun Dec 02 15:20:25 +0000 2018	Korea summit pave way forward close coordination Warm applaus Pre Moon & amp Pre Trump Hope ongoing peace process gain momentum
Wed Nov 07 00:00:24 +0000 2018	pretty like get knock feather 😶 come land great folklore devoid fascinating story
Thu Dec 06 12:22:15 +0000 2018	South Korean move unilaterally establish relation NoKo despite USA have sign end peace treaty Moon angle solo Peace Prize sharing emperor Trump Need place
Wed Dec 05 15:10:51 +0000 2018	glimpse President Moon summer holiday read Human Act Han Kang National Champion Kim Seongdong photographer Jin Cheon gyu Pyongyang Time Flow Seoul Time Gyeryongdae military complex hike Mt Jangtae
Wed Dec 05 15:17:37 +0000 2018	Pres Moon Joint Press Conference appreciation go President remark remain partner end complete denuclearization achieve Korean Peninsula text
Sun Dec 02 15:40:28 +0000 2018	hi today dear
Wed Dec 05 19:47:13 +0000 2018	allow country betray promise elect monster care
Sun Dec 02 04:01:23 +0000 2018	go tweet citizen loathe man steal election long use like PM
Wed Nov 07 08:56:56 +0000 2018	give immense pleasure head foreign country follow ritual tradition Country real proud moment
Sat Dec 01 11:36:07 +0000 2018	Words action North Korea proliferation nuclear weapon prove
Sun Dec 02 00:05:44 +0000 2018	Donald Trump change swamp leave try say plan work plan
Sat Dec 01 03:52:35 +0000 2018	goal mean business goal
Tue Dec 04 07:19:32 +0000 2018	deal NK & amp need Do nt sound like good relationship NK do nt need test anymore bc they re Nuclear & amp single stride disarmament
Sat Dec 01 03:57:01 +0000 2018	Look Presidently President Look
Wed Nov 21 21:00:40 +0000 2018	help end barbaric practice end Help fight
Sat Dec 01 04:45:20 +0000 2018	good honest man deplorable illegitimate president NK cooperate trump
Fri Nov 30 12:26:04 +0000 2018	President South Korea Moon Jae lament communist dictatorship equal North Korea throw flower river Castro terrorist want confiscate freedom height ridicule
Thu Dec 06 20:45:26 +0000 2018	Hey ex military guy deeply respect pass kind message people enormous movement Especially 10 year Merry Christmas Moon
Sat Dec 01 12:52:24 +0000 2018	Sir Look Forward meet personal Level day Friend God Bless Country
Sat Dec 01 10:50:50 +0000 2018	orange buffoon shake hand like normal person
Sun Nov 25 09:35:51 +0000 2018	Thank President effort Thank North Korea decision
Sat Dec 01 04:14:56 +0000 2018	Good korean peninsular peace jap south korea sleep
Thu Dec 06 20:46:30 +0000 2018	Hey President ex military guy understand deeply respect pass kind message people enormous movement 10 year Merry Christmas Moon
Sat Dec 01 04:08:30 +0000 2018	trick lie matter trivial
Sat Dec 01 03:24:36 +0000 2018	tell old Sonny
Sat Nov 24 08:11:23 +0000 2018	truly share pain empathetic people apart politics believe live life deep understanding
Tue Nov 06 23:26:10 +0000 2018	Korea occupy North 1987 Draft constitution Kim Il Sung 30 year Korea leader change North Korea agent North Korea ruin execute reason mad North korea book tell
Sat Dec 01 13:16:37 +0000 2018	sorry national embarrassment different mood swing lunch cheap hustler liar complement crazy orange hair sucker
Tue Dec 04 18:52:21 +0000 2018	Pls stop dog meat forever Korea dog beautiful animal deserve love slaughter stand picture Pls let live peace
Wed Nov 07 06:51:54 +0000 2018	unfortunately legacy relationship miss region hope ll unite
Sat Dec 01 16:52:48 +0000 2018	order chicken steak
Sat Dec 01 13:00:56 +0000 2018	Oh wish hold Putin hand instead guy
Tue Nov 06 19:39:32 +0000 2018	FL Kim Jung sook visit Nov FL delegation attend ground breaking ceremony Queen Suriratna Heo Hwang ok Memorial join celebration
Mon Dec 10 15:45:41 +0000 2018	Stop stroke public gross
Wed Nov 07 12:12:53 +0000 2018	see lady Aarti carry Diyas 100 Hindu
Sat Dec 01 03:50:56 +0000 2018	Hey Racist traitor Mueller know summer lol time
Thu Nov 29 13:52:19 +0000 2018	country embrassement
Wed Dec 05 15:14:47 +0000 2018	Planning mountain hiking weekend go short hiking trip Bugak mountain Pres Moon Sunday follow Moonsteps Click
Sun Dec 09 21:53:35 +0000 2018	hope cooperate something go Friendly social gathering labor resource
Sun Dec 02 16:09:17 +0000 2018	Let hope AMERICAN CITIZENS JOBS RUN ALIEN OUTERSPACE GOAT GET OFFICE MAGA 🚂 🚂 🚂
Sat Dec 01 03:17:21 +0000 2018	fail country
Sat Dec 01 05:31:32 +0000 2018	stand close stinky piece shit like Trump
Sun Dec 02 00:41:12 +0000 2018	photo Country Shame
Mon Dec 10 05:20:31 +0000 2018	country need like
Sun Nov 25 01:05:05 +0000 2018	Kim Jung Un Moon Jae President Arrowhead Hill road military road clear landmine Buddhist monk pose threat Buddhist monk wish cross DMZ north South South North seek alm Leo Montrèal
Sun Nov 25 01:06:13 +0000 2018	Kim Jung Un Moon Jae President Arrowhead Hill road military road clear landmine Buddhist monk pose threat Buddhist monk wish cross DMZ north South South North walk Leo Montrèal
Sat Dec 01 04:37:57 +0000 2018	step Find common goal
Sat Dec 01 06:57:18 +0000 2018	Good
Sat Dec 01 21:30:45 +0000 2018	ll provide good social medium marketing
Sat Dec 01 03:15:35 +0000 2018	come retweet
Wed Dec 12 11:43:31 +0000 2018	come photocard
Sat Dec 01 03:17:12 +0000 2018	course South Korean line Russian ll line Congress
Thu Nov 29 19:56:46 +0000 2018	PRESIDENT MOON KNOW THING BRING BTS PIOLA NEED
Sun Dec 02 12:28:25 +0000 2018	Thank love country President Trump
Mon Dec 03 23:47:55 +0000 2018	Moon Jae Kim Jung Un President 6/ Korea army commander Majesty Jewel Vault Order Garter Star Honi soit qui mal pense
Sat Dec 01 03:17:00 +0000 2018	know buy man Russia correct EVERYBODY knows ve buy pay Putin Fucking Traitorous piece shit
Sat Dec 01 03:42:51 +0000 2018	Trumpster sick prove day day decency care monster bad human Hitler know thing work head butt embarrass
Sat Dec 01 05:44:35 +0000 2018	Thank Mr PresidentSir proud country
Sat Dec 01 10:06:22 +0000 2018	President Trump Let people people Great Biafra Nation Kingdom God Bless IPOB
Fri Nov 30 17:55:45 +0000 2018	number lead local medium Argentina cover Pres Moon visit Argentina mark Korean President visit country 14 year attendance
Sun Dec 09 06:59:23 +0000 2018	Hello Mario Campanella New York feel like disgrace i m spend money order budgeting saving feel like disgrace want schedule successful
Sat Nov 10 02:13:12 +0000 2018	Look good
Wed Dec 05 19:33:53 +0000 2018	Remember George Bush super anticommunist Communism destroy country people Let learn Bush
Sat Dec 01 03:17:53 +0000 2018	laugh Trump ball s * * * corrupt come White House disinfect
Tue Nov 06 19:49:14 +0000 2018	* Help Little Mythili Undergo Liver Transplant * Read
Thu Nov 22 21:03:20 +0000 2018	Kim Jung Un Moon Jae President seven thousand Canadian take Korean war 516 die Memorial Cemetery 378 Canadian 21 Canadian list miss action presume dead
Sun Dec 02 02:48:27 +0000 2018	DJT & amp South Korea great time REAL American alive pass kid wonderful exceptional POTUS Imagine rapidly achievement accomplish didn like Superman
Thu Nov 08 10:26:25 +0000 2018	hi James USA friend
Sat Dec 01 09:39:48 +0000 2018	Trump friend
Wed Nov 07 00:27:31 +0000 2018	Good think country religion
Sat Dec 01 22:46:44 +0000 2018	Good luck
Wed Nov 07 01:12:45 +0000 2018	good
Tue Nov 06 21:29:51 +0000 2018	Hello Good Night Sir
Sat Dec 01 03:16:47 +0000 2018	Hey treason boy Time right thing country RESIGN
Sat Dec 01 03:15:14 +0000 2018	Fool 6000 time
Thu Nov 08 13:50:04 +0000 2018	THOUSEND CORE HAPPY DEWALI PLACE RAM JANUM BHUMI
Tue Dec 11 19:55:48 +0000 2018	Come sir treat Nihari
Thu Nov 22 01:25:16 +0000 2018	good deal Marianne
Fri Dec 07 21:02:30 +0000 2018	Good news Tatiana
Sat Dec 01 14:08:43 +0000 2018	Hey Dan pic President Scumbag SCROTUS screw people country
Sat Dec 01 22:32:20 +0000 2018	Moon know dangerous fool
Sat Dec 01 22:59:32 +0000 2018	CNN gay tendency hold hand panel discuss month 24 hrs day lol
Sat Nov 24 03:50:44 +0000 2018	snow ❄ ️of season blanket hope pure white snowfall represent come Korean Peninsula like ancestor wish come spring cold winter
Sun Nov 25 17:48:12 +0000 2018	Aww adorable wish good health
Sat Dec 01 18:39:30 +0000 2018	Fuck whine bitch Thank allow thousand cartel drug smuggler invade border need close care poverty hunger violence
Wed Nov 28 21:37:49 +0000 2018	YEaH mum confirm go come Argentina talk
Sat Dec 01 06:42:25 +0000 2018	ll penthouse ll penthouse 🍊 💩
Mon Dec 10 17:55:33 +0000 2018	Albany New York field Albany New York fail latik Tamika Tamika female Albany medical field literally host totally fail fail community
Wed Nov 07 04:14:45 +0000 2018	Korian 1st lady join Buddhist country celebrate Diwali Lord Budha Lord Ram
Tue Nov 06 19:10:41 +0000 2018	new version Ram Leela soon Lord Hanuman inform Shriram find Sanjeevani medicine Laxman ad copy samsung
Sat Dec 08 00:07:30 +0000 2018	amazing respect 💫 🙏 🏻all good country people south Korea ♥ ️ 🇰 🇷
Fri Nov 09 05:53:19 +0000 2018	Good morning Mr Narender Modi jee Include Petrol Diesel GST
Tue Dec 04 09:31:24 +0000 2018	Mr President great advancement Korean society abolish torture dog cat country
Sat Dec 01 22:35:18 +0000 2018	hope adult watch dumb ass trump away country
Sat Nov 24 08:11:34 +0000 2018	2019 ASEAN Republic Korea Commemorative Summit inaugural Korea Mekong summit hold Korea year look forward welcome ASEAN leader peaceful Korean Peninsula
Mon Dec 03 05:35:24 +0000 2018	pay fee aid
Sat Dec 01 05:28:13 +0000 2018	President Moon Duh America country flag Sad
Tue Nov 06 18:22:21 +0000 2018	Mam Thanks visit Hindustan India South Korea good friend Korean heart
Tue Nov 27 03:00:51 +0000 2018	love dog man good friend stop people torture eat
Sun Dec 02 07:41:17 +0000 2018	Moon Jae Kim Jung Un President 3/ Korea army commander 20 guard post DMZ remove realize disorient drift far South find barracks
Mon Nov 26 17:04:24 +0000 2018	Kim Jung Un Moon Jae President Korean Buddhist monk walk 3 km DeMilitarized Zone day North South South North beg food pray dead return night monastery pray peace
Sun Dec 02 13:03:15 +0000 2018	explain Perjury Trap mean tell truth mean lie mean lie trap tell truth trap Mueller Create Perjury Trap Vanity Fai
Sat Dec 01 04:21:01 +0000 2018	Let hope well
Tue Dec 04 23:58:58 +0000 2018	stink fish fish stink
Mon Dec 03 01:14:23 +0000 2018	😂 🤣 😂 Dummy glad figure big mistake tariff Damaging country clueless clown deal maker failure Mr bankruptcy
Sat Dec 01 08:07:22 +0000 2018	trust
Sun Dec 02 20:50:25 +0000 2018	outta 🤣 🤣 🤣 Classic trump
Sat Nov 24 02:49:15 +0000 2018	Senator symbol faithful servant freedom United States hold dear Mourn death Senator McCain extend deep sympathy bereaved family honor memory
Wed Nov 07 10:44:12 +0000 2018	good people country join celebrate beautiful festival 💜 ❤ ️
Thu Dec 06 01:03:04 +0000 2018	이제 PHONE DONALD TRUMP WORSHIP
Sun Dec 02 07:33:26 +0000 2018	Moon Jae Kim Jung Un President 1/ Dictionary say de·fec·tion /dəˈfekSH n/ noun desertion country cause favor oppose South Korea say North Korean soldier defect South
Thu Nov 29 14:02:01 +0000 2018	Dear Japan SoKo good dispute case request Japan appeal verdict ICJ
Sat Dec 01 05:51:50 +0000 2018	post Geo Bush pass away wake notify country pass president quote man child SAD
Sun Dec 02 04:49:54 +0000 2018	Mr President Sir well save America God bless family good people work achieve greatness 🙏 💐
Mon Dec 03 00:31:43 +0000 2018	Moon bat lie North NUKE Deal Exoneration North NUKE Place cause mess 20 yr ago China suck Trump consider Liberal South Korea treacherous betrayer allow manner undesirable scam country
Wed Nov 07 04:47:29 +0000 2018	Yes attire notice Attite reflect attitude gesture appreciate show get feminine dressing sense traditionally look good drape
Fri Nov 23 17:27:53 +0000 2018	Kim Jung Un Moon Jae President Khuan Ban Mai ขึ้นบ้านใหม่ Buddhist rite encourage good fortune prosperity new dwell inhabitant [ N&lt & gt Roadway fiber optic cable ] picture 3 km roadway monk
Sat Dec 01 05:25:37 +0000 2018	Watch trump crime family lead jail want TV
Fri Dec 07 15:28:48 +0000 2018	undretand teknologi walk zet beach Air force Indonesia America big family ready father
Sat Dec 01 03:17:00 +0000 2018	mr fish 63 million people trust believe president say hold
Sat Dec 01 10:56:41 +0000 2018	Obama hater act like Trump hater hang treason people need life Stupid people
Fri Nov 09 18:54:43 +0000 2018	firefighter scene disaster today Firefighters Day day remember selfless sacrifice dedication firefighting hero heroine thank
Sat Dec 01 04:07:25 +0000 2018	stop tweet video Trump say wants build Trump Tower Moscow viral video Let tweet
Thu Nov 29 23:53:51 +0000 2018	Mr President South Korea today take visit Let tell omit tell disappear people remember terrorist kill combat
Wed Dec 05 15:18:06 +0000 2018	Pres Moon depart day trip October 13 21 visit update journey peace Europe
Sat Dec 01 03:24:43 +0000 2018	start special council investigate crooked HC deplorable USA look stupid let away crap political reason assure 2020
Wed Dec 05 13:13:41 +0000 2018	Carefull DC target miss submarine missile false flag attack sure Korea regime feels empower artificially Kim able propagandise luxury people talk work tech
Thu Nov 08 10:56:45 +0000 2018	Extend heartfelt thank President Berset Let cheer unify Korean team Switzerland meet woman ice hockey
Wed Nov 28 10:51:03 +0000 2018	Pres Moon effort place domestically build satellite orbit Nuri successfully test launch today Goheung South Jeolla Province
