created_at	text
Thu Nov 29 12:14:45 +0000 2018	solution water energy job limitless think solution immigration problem seek support develop Guatemala check video
Sun Nov 25 23:30:58 +0000 2018	agree join force earnestly deal global issue climate condition disaster Notably couldn help touch ASEAN leader consider peace Korean Peninsula issue
Sat Dec 01 07:05:34 +0000 2018	Pres Moon Retreat Session 13th Sustainable development possible time peace believe peace Korean Peninsula path contribute advancement humanity
Sat Dec 01 03:15:16 +0000 2018	know go prison yank chain laugh hysterically
Tue Dec 04 02:43:24 +0000 2018	World Bank Invest 200 Billion Tackle Climate Change Sure like lot money spend claim doesn exist apply 14 sea wall protect hotel / golf course Ireland global warming didn big phony
Wed Nov 21 18:56:20 +0000 2018	cold winter good time good change good people help good animal
Wed Nov 28 21:29:25 +0000 2018	Mr President pls save million dog Korea brutally slaughter food food beloved animal supreme intelligence faithfulness
Sun Dec 02 13:28:48 +0000 2018	Good UNs Agenda climate change remind begin clean Pacific Ocean radiation Fukishima Don point worry till eat seafood Reef need resurrect
Sun Nov 25 17:48:12 +0000 2018	Aww adorable wish good health
Sat Dec 01 15:06:16 +0000 2018	Korea History upmode civil code ethics respect Animal sentiency help end Cat Dog meat trade lead world Government sustainable Vegan planet eradicate meat trade future civilised society Mercy
Sat Dec 01 22:31:57 +0000 2018	good work Mr President USA look good day thank ability stand strong good USA
Sat Dec 01 23:16:04 +0000 2018	TRAVEL GREEN SEASON Jan March population Good service Good budget & amp Easy animal like help Corporate Incentive Travel Group Student Group Family Reunion Adult Group Religious Group & amp Charity Group Visit
Fri Nov 30 06:50:48 +0000 2018	time extend desire building moment need process stabilize Korean Situation execute Korea Plan high growth economics mus confirm strong united force geopolitics economics strategy diplomacy security
Tue Dec 04 01:27:30 +0000 2018	outlaw use consumption dog meat South Korea lie service dog President Bush Sully death witness dog companionship service loyalty Dogs mean food end sick cruel practice
Wed Dec 12 04:19:09 +0000 2018	country deny climate change democracy Hope EU Japan Korea stick trouble time Japan need independent
Tue Nov 27 13:09:12 +0000 2018	challenging moment Government duty bind provide support business muster energy
Mon Dec 03 00:55:01 +0000 2018	G20 Leader Pledge Fight Climate Change — Except Oil own Republican Trump
Sat Nov 24 08:11:22 +0000 2018	Pres Moon outline vision innovative inclusive state resolve economic inequality propose create joint APEC Digital Innovation Fund
Sun Dec 02 00:53:25 +0000 2018	respectfully Pres Moon little close DPRK report USA turn energy advantage sincerely hope upgrade disastrous DPRK nation see strategic benefit cost avoid regime change2
Fri Nov 23 04:36:03 +0000 2018	remember Comfort woman agreement korea promise
Sat Dec 01 05:03:50 +0000 2018	discovery
Sat Dec 01 18:40:52 +0000 2018	deep condolence American people loss President George Bush United States President Bush dedicated world peace security take lead role end Cold War reconcile West East
Sat Dec 01 04:45:20 +0000 2018	good honest man deplorable illegitimate president NK cooperate trump
Sat Dec 01 21:06:18 +0000 2018	hi don argentina extradition agreement maybe stay
Sat Dec 01 04:14:56 +0000 2018	Good korean peninsular peace jap south korea sleep
Sat Dec 01 13:29:58 +0000 2018	Today good day
Sat Dec 01 08:33:10 +0000 2018	need confirm strong united time open strong investigation localize trust information want responsible wrong moment target sabotage African Situation destroy Africa gov plan economics
Fri Dec 07 09:40:01 +0000 2018	If / when Kim Jong un visit Seoul prayer unity spirit amazing Korean people win day & amp Peace Treaty reluctant sign believe Korea tweet chain share
Sat Dec 01 04:29:50 +0000 2018	1/2 begin President Trump good trying help Koreas peninsula government Koreas mistaken deal America addition overestimate position & amp underestimate Pres Trump
Tue Dec 04 08:06:37 +0000 2018	Thank healthy President
Sat Dec 01 15:16:52 +0000 2018	rest peace careful health president 💙 💙 💙 💙 💙
Sat Dec 01 13:16:37 +0000 2018	sorry national embarrassment different mood swing lunch cheap hustler liar complement crazy orange hair sucker
Sat Dec 01 03:21:12 +0000 2018	hand shake great leader great contry control majority world economy young leader great vision start Build outstanding future middle east different era
Sun Dec 02 04:43:29 +0000 2018	Putin look pile 💩 💩 💩 that Check G20 film Clear control NSTIONAL SECURITY COMPROMISE BLACKMAIL GOOD YOU 😂 😂 😂
Sat Dec 01 08:31:13 +0000 2018	Bless protect God work pray world stability peace harmony nation
Sat Dec 01 03:21:42 +0000 2018	tweet completely vague positive try
Sat Dec 01 18:16:51 +0000 2018	Good job
Fri Nov 30 11:40:06 +0000 2018	Luckily include elephant room Trump help solve urgent issue climate change suggestion equal allowance capita tradable require share planet want live
Sat Nov 10 02:13:12 +0000 2018	Look good
Thu Dec 06 04:35:32 +0000 2018	need Unique CUSTOM Intro Video Logo Animation 30 YouTube Channel Website Company Business check service
Wed Nov 07 02:25:13 +0000 2018	good work bjp
Mon Dec 10 23:14:32 +0000 2018	Peace human right economy politics culture happy future 19th Government President Moon Jae shake stay end
Sat Dec 01 06:57:18 +0000 2018	Good
Tue Dec 04 01:29:47 +0000 2018	Stop use consumption dog meat Asia Stop dog farm unfathomable abuse love caring animal Service dog President Bush Sully
Sat Dec 01 03:16:33 +0000 2018	good work
Sat Dec 01 06:51:37 +0000 2018	work ceaselessly help achieve peace ask head state government active support encouragement
Mon Dec 10 13:33:52 +0000 2018	
Wed Nov 07 18:21:39 +0000 2018	initiate action Ayodhya capital emerge Ram Rajya Announcement new airport hospital Ayodhya plan development project
Sat Dec 01 05:25:22 +0000 2018	agree future agreement agreement disagree
Sat Dec 01 15:35:44 +0000 2018	good work sir
Sun Dec 02 04:49:54 +0000 2018	Mr President Sir well save America God bless family good people work achieve greatness 🙏 💐
Sat Dec 01 22:46:44 +0000 2018	Good luck
Tue Dec 04 12:24:07 +0000 2018	Mr President pls save million poor dog Korea stop dog meat country dog love food let live peace save life animal superior intelligence lovable faithful yr country modern
Fri Nov 09 05:53:19 +0000 2018	Good morning Mr Narender Modi jee Include Petrol Diesel GST
Wed Dec 05 15:18:51 +0000 2018	Pres Moon 12th World Korean Day Korean Peninsula need united strength Korean people
Thu Nov 08 00:52:22 +0000 2018	GREAT JOB YOGIJI 19 MONTH CLEANSING GUNDAS MURDERER THIEF LOFERS TRAITOR PARASITE RAPIST GOOD GENTLE PEOPLE SIGH RELIEF OLD VULTURES TRY COME DEFEAT INDIA WANT PEACEFUL PROSPEROUS INDIA
Sat Dec 01 23:29:29 +0000 2018	Good relationship facilitate great Leadership Great Job Sir
Tue Dec 04 13:56:43 +0000 2018	Good job trust 🍀 🌹 🌈
Wed Nov 07 01:12:45 +0000 2018	good
Tue Nov 06 21:29:51 +0000 2018	Hello Good Night Friend
Tue Nov 06 21:29:51 +0000 2018	Hello Good Night Sir
Sun Nov 25 07:46:22 +0000 2018	Meet newborn puppy Gomi Pungsan dog North Korea Gomi puppy bear Nov healthy Pres Moon FL Kim take care mom Gomi puppy courtyard residence afternoon
Sun Dec 02 12:27:23 +0000 2018	clearly retrograde step force United States intransigence Bernes say
Sat Dec 01 03:44:54 +0000 2018	Reaffirm commitment closely coordinate effort achieve common goal early date 😂 😂 😂 😂 😂 😂 Just exactly hell mean DOTARD ll tell means isn agreement talk big
Sun Nov 25 23:31:37 +0000 2018	Pres Moon National Assembly Address Propose Government Budget 2019 Plan Fiscal Operation prosper prosper text
Sat Dec 01 03:15:14 +0000 2018	Fool 6000 time
Sat Dec 01 05:19:43 +0000 2018	illegal infiltrate control prison system manage vote illegally change landscape politics law protect America
Thu Nov 22 01:25:16 +0000 2018	good deal Marianne
Fri Dec 07 21:02:30 +0000 2018	Good news Tatiana
Sat Dec 01 13:10:38 +0000 2018	common goal destroy economy statement show ignorant insist
Sat Nov 24 08:11:37 +0000 2018	single head state government ASEAN give sense inclusiveness fundamentally Asian value inclusiveness surely hold Asia change world warm hearted place
Sat Dec 01 03:20:13 +0000 2018	guess somebody finely get understand strong relationship w/ Korea vital national security
Sat Dec 01 22:32:20 +0000 2018	Moon know dangerous fool
Thu Nov 08 04:53:51 +0000 2018	Lady Visit India Foremost Festivity Look Traditional Saree Ayodhya Awesome WELCOME Feature Keep Spiritual Value Society Sentiment Share Diwali Warm Greeting Enjoy Appreciate TAJ Mahal Monument Architecture Value GREAT GOD Bless
Wed Nov 07 05:39:14 +0000 2018	Sir Crime Law Order situation Priority government improvement Crime situtaion Delhi Haryana change situation atleast improve Police
Mon Nov 26 23:05:37 +0000 2018	Manufacturing foundation economy Korea main strength manufacturing pick steam local economy revitalize economy able grow
Thu Nov 22 08:47:15 +0000 2018	student country study Korea today firmly believe future development build foundation exchange run way hope exchange Korea gain deep tie deep understand ASEAN country
Mon Nov 26 01:06:23 +0000 2018	Land mine 3/ Ottawa Treaty Convention Prohibition Use Stockpiling Production Transfer Anti Personnel Mines Destruction know Ottawa Treaty aim eliminate anti personnel landmine
Sun Dec 02 20:07:48 +0000 2018	​ 📢 ⛔ ️ 📛 👊 ATTENTION EPIC GAMER ALT ACCOUNT GAP BIG COPYPASTE SPREAD GOOD WORD REPORT SERIES BOTS DON STOP PEOPLE 📢 ⛔ ️ 📛 👊
Thu Nov 22 09:33:11 +0000 2018	49th Cabinet Meeting Pres Moon share outcome Asean&amp APEC meeting highlight inclusive state narrow gap member economy people center policy priority Korea world focus
Sat Dec 01 06:22:35 +0000 2018	Lovely picture Joy progress friendship good
Tue Nov 27 03:18:36 +0000 2018	cruelty dog animal Korea Treat animal humanely End sickening dog meat cruelty stop exploitation like breeding animal Shameful
Sun Dec 02 00:24:58 +0000 2018	nearly 50 year ago honor serve shoulder shoulder ROK soldier DMZ remember service Republic Korea great fondness unit base south Injim River
Mon Nov 26 01:04:24 +0000 2018	Kim Jung Un Moon Jae President Land mine 2/ Ottawa Treaty date 164 state party treaty 32 UN state include United States Russia China India non signatory
Wed Nov 07 00:50:33 +0000 2018	INDIA PMO telugu state UNITED interested mutton curry & amp chicken biryani & amp BUYING APPLES & amp GREAN PEAS good ORDER RESERVE BANK GOVERNMENT SPENDING HIGH TECHNOLOGY purchase like bullet train INDIA & amp CONNECTED ECONOMY
Mon Dec 03 01:31:46 +0000 2018	Week Later FEMA Trailer Available Camp Fire Butte County Paradise Survivor — THOUSANDS Live Shelter / Tent
Wed Nov 07 05:49:45 +0000 2018	lac diyas World record starvation death world record farmer suicide World record waste medical opportunity World record waste education opportunity World record
Tue Dec 04 07:19:32 +0000 2018	deal NK & amp need Do nt sound like good relationship NK do nt need test anymore bc they re Nuclear & amp single stride disarmament
Thu Nov 29 20:19:00 +0000 2018	listen CRY ur nation STOP ❌ consumption meat embarrasing Hundred people include march protest event JULY 2018 ✔ why END
Sun Dec 02 08:15:38 +0000 2018	Agreement & amp Freely Trust Respect Begin Luck
Fri Dec 07 14:07:06 +0000 2018	embrace Export remain key economy president eg follow trajectory populist bashing recognise reality Interesting stat Moon speech btw
Mon Nov 26 17:04:24 +0000 2018	Kim Jung Un Moon Jae President Korean Buddhist monk walk 3 km DeMilitarized Zone day North South South North beg food pray dead return night monastery pray peace
Sun Dec 02 15:55:36 +0000 2018	fix stupid dumb dumb believe trade war good American lose lot job America Cause rest world work screw America Thank Dumb Donny
Sat Dec 01 03:48:52 +0000 2018	China ve personally watch closely trade change want fair trade & amp win accept personally avoid China product possible underestimate American resolve decide Country isn fair trade win accept
Mon Nov 26 09:38:51 +0000 2018	Pres Moon meet OECD Secretary General Angel Gurría today believe inclusive growth key realize people center economy commit closely work
Sat Dec 01 21:40:01 +0000 2018	Work deal China economy boom
Sun Dec 02 00:50:06 +0000 2018	Mr President unreliable come stick implement agreement stick current
Mon Nov 26 13:41:31 +0000 2018	Republic Korea future begin find people life peace politics economy business
Wed Nov 07 01:31:26 +0000 2018	india PMO RESERVE BANK reputation SINCERE DOMINATING BANK india & amp good OFFER PROMOTION like GREATER RESERVE BANK manager post & amp RIGHT DISTRIBUTION & amp home & amp IRRIGATION farming land SALARIES banking & amp clerical need um * AUD
Wed Nov 07 04:47:29 +0000 2018	Yes attire notice Attite reflect attitude gesture appreciate show get feminine dressing sense traditionally look good drape
Wed Nov 07 10:44:12 +0000 2018	good people country join celebrate beautiful festival 💜 ❤ ️
Fri Nov 23 02:31:28 +0000 2018	Moon Jae Video Day war China United States inevitable
Mon Dec 03 19:02:59 +0000 2018	little vague isn
Fri Nov 30 00:31:48 +0000 2018	Hey follow G20 account tell today good time Tatiana cc Trump
Sat Dec 01 23:14:55 +0000 2018	FACEBOOK FIGHT HARD SUPPRESS SHARPSHOOTER TAKE YELLOW VEST PROTESTER FRANCE
Sat Dec 01 16:19:33 +0000 2018	Colbert vote trump 2020 trump he s job Trrump save bidden letter word
Thu Nov 29 14:02:01 +0000 2018	Dear Japan SoKo good dispute case request Japan appeal verdict ICJ
Sat Dec 01 10:12:36 +0000 2018	RESIST trump IMPEACHMENT New Federal Employee Mission Statement
Sat Dec 01 03:20:13 +0000 2018	Strike north Korea envade south southKorean national security open uncomfortable
Wed Nov 28 00:57:51 +0000 2018	Hello Mario age 23 hope New York accept nation nation accept New York
Fri Dec 07 15:28:48 +0000 2018	undretand teknologi walk zet beach Air force Indonesia America big family ready father
Sun Dec 02 06:48:07 +0000 2018	economic community unify Korea role unify Korea alliance expect new center gravity Asia end violence expansion Asian dictator Communist Party China
Wed Nov 28 11:23:33 +0000 2018	Ah obviously fight
Sat Dec 01 14:08:20 +0000 2018	tweet distract lie racism sexism draft dodge bankruptcy adultry money launder tax fraud popular vote / midterm loss low approval illegal wife obstruction Puerto Rico rich tax cut Helsinki fail tariff Nobel loss laugh & amp tear gas kid
Sun Dec 02 15:39:26 +0000 2018	people Trump compromise like President United States Putin Asset America Donald Trump 🇷 
Fri Dec 07 01:45:47 +0000 2018	Congrat puppy going speak illegal slaughter consumption Sad dog kill ignorant man eat stamina
Sat Nov 10 17:33:59 +0000 2018	Time change time atrocity history STOP 209 K ✍ ️ ⬇ ️ 🐶 😱 pass amendment propose Congressman Changwon Pyo & amp Congressman Sangdon Lee
Thu Nov 29 01:32:36 +0000 2018	Wonderful step invlove mission Ex Proof power Socket Inlet
Sat Dec 01 02:55:27 +0000 2018	Congratulations new puppy go speak illegal slaughter consumption Sad dog kill ignorant man eat stamina
Tue Nov 06 20:44:02 +0000 2018	change future India
Sun Nov 11 05:04:57 +0000 2018	Leave India spend day India kind generous people Live god appear reside eye Prime Minister Modi man know value harmony entire life — just India history
Sun Dec 02 03:38:54 +0000 2018	Life gift care Let help stop Life precious ☮ ️ RT
Sat Dec 01 13:02:21 +0000 2018	Look Virtual assistant task Data entry data mining web research copy past PDF excel expert feel free contact
Fri Nov 23 17:27:53 +0000 2018	Kim Jung Un Moon Jae President Khuan Ban Mai ขึ้นบ้านใหม่ Buddhist rite encourage good fortune prosperity new dwell inhabitant [ N&lt & gt Roadway fiber optic cable ] picture 3 km roadway monk
Tue Nov 06 17:55:26 +0000 2018	matter honour & amp pride Mrs Kim Jung sook Lady Republic Korea visit Ayodhya wear traditional Indian clothing good relation South Korea & amp visit bring country close Kudos noble gesture Awesome
Sat Nov 24 08:11:32 +0000 2018	Pres Moon flight home read Right Dr Jeong Hye shin psychiatrist / counselor think empathy communication basics politics book help realize superficial abstract definition empathy
Sun Nov 25 14:58:42 +0000 2018	Like long awaited news beautifully colored autumn leave fall North Fall air
Sat Dec 01 12:47:57 +0000 2018	Awesome job PRESIDENT TRUMP world appreciate HARD WORK FULFILL PROMISE THANK GOD leader family
Sat Dec 01 13:25:54 +0000 2018	accept deep condolence
Sat Dec 01 06:56:30 +0000 2018	reaffirm commitment closely coordinate achieve common goal early date lot word exactly
Wed Nov 28 11:16:08 +0000 2018	Congratulation 👏 👏 💜 hope Brazil invest education science technology collaboration astronaut Marcos Ponte know
Sun Nov 25 23:31:01 +0000 2018	leader member state demonstrate determination thoughtful consideration promote mutual benefit economic cooperation focus make life meaningful
Sat Nov 24 02:49:15 +0000 2018	Senator symbol faithful servant freedom United States hold dear Mourn death Senator McCain extend deep sympathy bereaved family honor memory
Fri Nov 23 21:43:28 +0000 2018	Kim Jung Un Moon Jae President Korea Reunification VIdeo Day Buddhist monk Koreas hold joint service
Sat Dec 01 14:55:11 +0000 2018	take Photo Op long Trump attack President Jae week like time Trump attack democracy
Sun Nov 25 23:31:23 +0000 2018	World War end 100 year ago 65 year old war Korean Peninsula live day end war mark start path peace prosperity stop journey peace
Sat Dec 01 13:18:30 +0000 2018	fight American people enjoy time Argentina 🇦 🇷
Tue Nov 06 22:18:31 +0000 2018	immense joy pride Mrs Kim Jung sook visit Ayodhya wear traditional Indian clothing people India deeply appreciate gesture wear good Justin say
Wed Dec 05 15:16:35 +0000 2018	Today day establish Let moment appreciate tireless effort maintain international peace security Look forward work closely peace prosperity Korean Peninsula
Tue Nov 27 03:34:10 +0000 2018	wonder long credit
Mon Nov 26 14:05:40 +0000 2018	Dear Mr President pls promise ban dog meat market Korea dog animal superior intelligence love deserve slaughter Tradition old fashioned change Korea modern civil Thank
Mon Dec 03 00:40:06 +0000 2018	Trump frequently describe warm personal relationship Kim argue help achieve diplomatic breakthrough Trump critic warm word FAIL YIELD CONCRETE CONCESSION world authoritarian state
Sat Dec 01 01:20:15 +0000 2018	President Moon President Trump reaffirm commitment closely coordinate achieve common goal early date
Sun Dec 02 09:50:14 +0000 2018	Hey nick moon river Lol bad joke Congratulations meeting promotion mike Khan
Sun Dec 02 14:01:23 +0000 2018	OMG Collusion Chinese Haha
Mon Nov 26 13:41:30 +0000 2018	Pres Moon Ssirum / Ssireum inscribe list Korea submit application separately jointly apply later result recent inter Korean cooperation
Fri Nov 30 04:35:31 +0000 2018	Moon Jae 20 need know International Civil Aviation Organization manage airspace include missile rocket launch base Montrèal JustinTrudeau PM Canada child Montrèal live Montrèal
Tue Dec 04 18:52:21 +0000 2018	Pls stop dog meat forever Korea dog beautiful animal deserve love slaughter stand picture Pls let live peace
Sat Dec 01 03:46:47 +0000 2018	board ICX pretty
Sat Dec 01 14:10:26 +0000 2018	Trump FAIL negotiation North Korea FACT Kim Jong play Don Con like fiddle try develop nuclear bomb GREAT intelligence agency report Traitor Trump doesn listen great brain say
Sat Dec 01 04:05:42 +0000 2018	Luis Gustavo Lopez 18 intensive care man walk family tire shop say kill Mexican beat Lopez metal bar Lopez family blame attacker motivation President Donald Trump
Sat Dec 01 03:16:03 +0000 2018	Everybody look happy breath fresh air President Trump
Sun Nov 25 23:31:17 +0000 2018	Pres Moon 20th Korea ASEAN Summit believe boundless potential united strength firm vision create people center community text
Sat Dec 01 03:19:13 +0000 2018	realDonaldTrump President Moon President Trump reaffirm commitment closely coordinate achieve common goal early date
Sat Dec 01 03:16:42 +0000 2018	announcement Kyeah let talk soon know know blowhard real plan timeline total assed jerk
Thu Nov 08 23:43:48 +0000 2018	fight dog cat China Asia wait die live skin live desmember live blowtorching way give water think right
Sat Dec 01 05:04:19 +0000 2018	Moon President Trump reaffirm commitment closely coordinate achieve common goal early date
Sun Dec 02 12:59:00 +0000 2018	RT President Moon President Trump reaffirm commitment closely coordinate achieve common goal early date
Sat Dec 01 18:39:30 +0000 2018	Fuck whine bitch Thank allow thousand cartel drug smuggler invade border need close care poverty hunger violence
Sat Dec 01 16:29:55 +0000 2018	President Moon Jaein congratulations puppy going speak illegal slaughter consumption Sad dog kill ignorant man eat stamina
Sun Dec 02 20:50:25 +0000 2018	outta 🤣 🤣 🤣 Classic trump
Thu Dec 06 04:57:40 +0000 2018	Hello need kind logo Contact kind design works Check Designer 007 design flat minimalist logo 15
Sat Dec 01 08:10:35 +0000 2018	need Talk
Sat Dec 01 04:30:25 +0000 2018	2/2 end Koreas give Trump prerogative determine future peninsula Pres Trump time spare situation irreversible
Tue Dec 04 00:00:53 +0000 2018	Welcome New Zealand apologise awful weather thank South Korea sharing singer world like 김재중 김준수 hope day long block promote music Korean TV station 🕊 ️
Sat Dec 01 17:27:52 +0000 2018	stupid president revenge stupid swared protect korea citizen totally shhhhhhhhhhhhhhhhhhhhhhhhhhhhhhhhihhhhhht
Sat Dec 01 22:59:32 +0000 2018	CNN gay tendency hold hand panel discuss month 24 hrs day lol
Wed Nov 28 16:36:54 +0000 2018	follow west moral decay lift ban abortion evil root procedure clear througout history Stay strong
Tue Nov 06 18:05:48 +0000 2018	Legend Queen Heo Hwang ok bind country culturally & amp visit promote people people tie Princess Ayodhya go 000 year ago & amp Lady visit Ayodhya denote life sort come circle Incredible
Tue Dec 04 01:43:35 +0000 2018	go sure soon later post
Sat Dec 01 18:38:20 +0000 2018	challenge meet long people willing work hard word promise
Mon Nov 26 01:12:24 +0000 2018	Kim Jung Un Moon Jae President Land mine 5/ Ottawa Treaty Video Rowing help control mind lose leg South Korean soldier Ha Jae heon lose leg North Korean patrol border
Sun Dec 02 04:10:07 +0000 2018	Yes need bbfs presidency like extra strange different past president
Sat Dec 01 04:35:56 +0000 2018	note base marriage count affair commitment isn strong suit Hey Cohen news
Tue Nov 06 19:15:01 +0000 2018	Hope change Korea
Sun Dec 02 04:57:56 +0000 2018	Trump HOPE HARD Putin call later night
Sat Dec 01 21:30:44 +0000 2018	don hear scream cry nation like world despise call ur nation TORTURERS & amp EATER 🆘 CIVILIZED NATION EVOLVE ❗
Tue Nov 06 19:49:14 +0000 2018	* Help Little Mythili Undergo Liver Transplant * Read
Mon Nov 26 01:19:14 +0000 2018	Kim Jung Un Moon Jae President Land mine 6/ Ottawa Treaty April 2017 HRH Prince Harry attend Landmine Free World 2025 Reception Kensington Palace mark International Awareness Day
Wed Dec 05 15:10:46 +0000 2018	enjoy weekend President Moon Jae Lady Kim Jung sook tranquil time Bongjeongsa seven World Heritage list Buddhist mountain monastery Korea
Sun Dec 02 00:37:01 +0000 2018	Korea relation United States develop amicably
Wed Dec 05 15:18:20 +0000 2018	Pres Moon 3rd Commemorative Ceremony Jangjin Campaign Heroe Today express profound tribute soul depart hero statement Permanent peace draw close Korean Peninsula
Sat Dec 01 07:02:29 +0000 2018	story shed light anecdote student activist human right lawyer experience lead President make tireless effort bring peace Korean Peninsula
Sun Dec 02 00:21:47 +0000 2018	hater stand achieve Obama
Sat Dec 01 11:36:07 +0000 2018	Words action North Korea proliferation nuclear weapon prove
Sat Dec 01 03:19:29 +0000 2018	want rapist fat slob greedy / selfish / dim witted prick bad president United States history
Tue Dec 04 09:29:38 +0000 2018	Mr President time bring end Korea dog cat meat trade consumption world watch
Wed Nov 07 00:26:06 +0000 2018	resource start war abki bar population control bill Sarkar
Sat Dec 01 03:51:56 +0000 2018	Claim 200 hour click ROLL button FreeBitcoin Biggest Legit Bitcoin Faucet World LINK BIO
Wed Nov 28 08:27:39 +0000 2018	deceive badly use aid SKorean staff ruin position power President Trump warn
Sun Dec 02 04:34:53 +0000 2018	support independence ethnic minority China establish diplomatic relation develop economic community
Tue Nov 06 19:12:08 +0000 2018	Spiritual Revolution Hon Narendra Modi Dr Subramanian Swamy Swami Ram dev Yogi Adityanath Dr Ramaswamy Based Foundation Reincarnation Scientific Reality Establish World Peace Resuscitate Humanity Free Download Click
Sat Dec 01 17:41:34 +0000 2018	God bless president God bless United States America
Fri Nov 30 05:17:13 +0000 2018	senior American Concern relation North Korea long last Trump president change hopefully year policy Korea change accord effort
Sat Dec 01 13:34:49 +0000 2018	oh Pres Moon feel confident lie thieve accomplice murder wannabe dictator hand pocket protect ass sir
Sun Dec 02 01:12:01 +0000 2018	sure well long run God Bless
Sun Dec 02 07:35:21 +0000 2018	Moon Jae Kim Jung Un President 2/ definition defection Korea army commander go AWOL Northern Division later disorient report duty Southern Division
Wed Dec 05 15:17:37 +0000 2018	Pres Moon Joint Press Conference appreciation go President remark remain partner end complete denuclearization achieve Korean Peninsula text
Tue Nov 06 18:15:57 +0000 2018	emotional relationship Ayodhya India long ago increase broadly
Sat Dec 01 13:07:30 +0000 2018	word happen promise denuclearization Trump tell get month month ago far safe World Orange Clown promise Old Circus Trump CIF Clown Chief
Mon Nov 26 14:16:40 +0000 2018	Let world know original outstanding feature Korean cultural heritage easy Koreas work go forward
Thu Nov 29 19:56:46 +0000 2018	PRESIDENT MOON KNOW THING BRING BTS PIOLA NEED
Thu Nov 22 08:47:12 +0000 2018	week Pres Moon schedule attend Korea ASEAN summit ASEAN +3 summit EAS Singapore APEC summit Papua New Guinea hope enhance tie ASEAN APEC member country forthwith
Wed Nov 07 12:36:41 +0000 2018	narrative India change slowly surely long term
Sat Dec 01 09:09:45 +0000 2018	funny say speak putin owe huge favor What s truth try like man conflict election world shouldn associate
Sat Dec 01 23:34:41 +0000 2018	safe thank hard work
Tue Nov 06 23:26:10 +0000 2018	Korea occupy North 1987 Draft constitution Kim Il Sung 30 year Korea leader change North Korea agent North Korea ruin execute reason mad North korea book tell
Wed Nov 07 07:31:24 +0000 2018	need Ram mandir
Sat Dec 01 03:19:09 +0000 2018	need freeze
Sat Dec 01 22:33:13 +0000 2018	person 45 work money pocket family pocket White house place personal business pay tax citizen United States benefit presence White House
Mon Nov 26 01:01:47 +0000 2018	Kim Jung Un Moon Jae President Land mine 1/ Ottawa Treaty South Korea like North Korea sign treaty believe use landmine crucial defense territory
Sat Dec 01 18:06:39 +0000 2018	boss Trump
Sat Dec 01 13:00:56 +0000 2018	Oh wish hold Putin hand instead guy
Sat Dec 01 06:56:55 +0000 2018	Vladimir Putin run military intelligence operation help Donald Trump win Trump Organization plan Putin expensive gift Uh oh ~Maddow call bribe & amp treason indictable impeachable spin keep remove
Wed Dec 12 17:47:27 +0000 2018	believe trail transform path peace DMZ land peace Inter Korean trust important force realize Korean Peninsula free war
Sat Dec 01 03:14:59 +0000 2018	President Trump effective leader country talk politician promise Nationalism make America Patriotism keep America America Safe Strong
Tue Nov 06 20:13:57 +0000 2018	inform President Donald Trump meet Chairman Kim Jong un State Affair Commission North Korea like express gratitude leader difficult decision reflect courage wisdom
Wed Nov 07 05:43:43 +0000 2018	need ur help sir
Tue Nov 06 22:43:34 +0000 2018	Hi sir need attention
Mon Dec 10 05:20:31 +0000 2018	country need like
Sat Dec 01 08:19:29 +0000 2018	honest fuck look like toddler shit pant sit let mommy change
Sat Dec 01 03:16:42 +0000 2018	guess try cozy illegal project China
Fri Nov 30 04:33:30 +0000 2018	Dear President Moon 📣 World BEG You 🙏 PLEASE LISTEN Horror Screams Dogs Be ❌ NOT OK ❌ PLEASE Help Time Ban STOP Evil Trade END ‼️
Mon Dec 03 14:46:43 +0000 2018	instagram neeringdawn christopher wray abuse position attack mother fight child attempt life collude russian & amp dirty police officer tell get bullet twit know use weapon
Sat Nov 24 04:34:03 +0000 2018	41 day harassment school kid Wakad School flout RTE integral venerable Indian Constitution clear PCMC DYDE NCPCR MSCPCR etc mum care 100 odd kid harass School collect ransom money extortion HLP
Fri Nov 23 10:50:30 +0000 2018	40 day harassment school kid Wakad School flout RTE integral venerable Indian Constitution clear PCMC DYDE NCPCR MSCPCR etc mum care 100 odd kid harass School collect ransom money extortion HLP
Sat Dec 01 06:41:04 +0000 2018	trade deal ve fair mess people common sense appreciate great America long term long overdue Thank
Thu Nov 08 01:06:59 +0000 2018	WAIT 70 YEAR BRAVE MAN LIKE MODI YOGI LION HEARTED HONEST PATRIOTIC TEAM FINALLY GOD SEND 5000 YEAR POOJA VRIT TAPAS SACRIFICE NONVIOLENCE TOLERANCE PRAYER YIELDED DESIRE RESULT LET FOOLISHLY LOSE
Sat Dec 01 09:59:02 +0000 2018	great nation stand strong Thank
Tue Nov 06 18:21:42 +0000 2018	emotional relationship India South Korea long relationship way
Sat Dec 01 06:33:13 +0000 2018	common goal stick average joe
Tue Dec 11 22:35:26 +0000 2018	Season Greeting President cat world ask stop torture cat nation‼️The cruelty inflict barbaric ‼️ alive‼️ justifiable reason torture‼
Wed Nov 07 09:37:19 +0000 2018	Team ntalent wish Happy Deepawali
Fri Nov 23 07:49:49 +0000 2018	Moon Jae shower love Kim Jong un restore international pariah respect world leader love unrequite Kim busy develop nuke Trump Moon naive
Wed Nov 07 00:00:24 +0000 2018	pretty like get knock feather 😶 come land great folklore devoid fascinating story
Sat Dec 01 12:57:16 +0000 2018	Look little chubby disheveled Donny Tough couple day resign misery
Tue Dec 04 04:27:59 +0000 2018	Prime Minister Modi promise strengthen bilateral cooperation agree increase trade volume prepare future believe promise solid grow understanding consideration
Sun Dec 02 02:51:08 +0000 2018	Noticed tweet mention Pres SK drain nat Treasury pay NK winter Olympic game go SK have protest oust Prez Moon NK Sanction violation process play
Sat Dec 01 04:16:26 +0000 2018	Mr President express respect want believe commitment goodwill Xi Jinping party represent substantive change draw cake
Sat Dec 01 03:24:52 +0000 2018	fuckin lefty troll appear President seemingly instantaneously Oh yeah bot MAGA
Sat Dec 01 02:58:10 +0000 2018	Hope continue work Awesome President Trump Hope Country come mutual understanding work God Bless South Korean people
Tue Nov 06 17:58:05 +0000 2018	Modi sir question need salary
Sat Dec 01 05:40:01 +0000 2018	like think gon na one 🤦 🏾‍ ♀ ️ people don like Asian fr
Tue Dec 04 01:25:58 +0000 2018	Safe flight home pray peace Korean Peninsula President Moon Jae
Thu Nov 22 01:20:17 +0000 2018	Interpol chief citizenship course covert operation interest office ll likely Korean spy plan
Thu Nov 08 10:56:45 +0000 2018	Extend heartfelt thank President Berset Let cheer unify Korean team Switzerland meet woman ice hockey
Thu Nov 22 12:08:36 +0000 2018	Thank support journey peace certainly 10 people world thankful 2018 Happy
Fri Nov 30 03:13:03 +0000 2018	Moon Jae 20 meeting post Vladimir Putin
Mon Nov 26 17:08:55 +0000 2018	Kim Jung Un Moon Jae President Buddha kilometer walk Korea Reunification sure road 100 clear landmine rebuild road 10 foot don want Buddhist monk step old landmine
Sat Dec 01 03:48:31 +0000 2018	say yesterday go Argentina protest Russia return ship hypocrite
Tue Dec 04 00:24:26 +0000 2018	wish look tomorrow ll defend foreign policy good professor lol kid send flight ticket bc i m miss 소맥
Sat Dec 01 13:04:14 +0000 2018	Add letter huge difference President Moon meet President Moron
Sat Dec 01 12:07:07 +0000 2018	President George Bush lead long successful beautiful life presence see absolute joy life true pride family accomplishment great beginning end truly wonderful man miss
Sun Nov 25 23:31:14 +0000 2018	New Southern Policy announce 19th Summit expression Korea strong determination prosper ASEAN
Tue Dec 04 04:27:50 +0000 2018	hope bilateral cooperation bring peace prosperity Asia ll forget India country long history diverse culture dynamic people thank people India give warm welcome
Thu Nov 22 21:03:20 +0000 2018	Kim Jung Un Moon Jae President seven thousand Canadian take Korean war 516 die Memorial Cemetery 378 Canadian 21 Canadian list miss action presume dead
Thu Nov 22 01:14:20 +0000 2018	Pres Moon proud newly elect President Kim Jong Yang Korean head send congratulations people
Wed Nov 28 21:16:58 +0000 2018	dumb idiot Czechoslovakia 1992 26 year ago
Tue Dec 04 01:12:39 +0000 2018	Safe travel
Mon Nov 26 00:36:24 +0000 2018	start small year old talk sick step talk god hear hope talk hear Like little hope help talk
Sat Dec 01 03:14:29 +0000 2018	Good act fast
Fri Nov 30 11:40:07 +0000 2018	G20 Summit 💶 💴 💵 💸 💰 💷 💳 💸 💵 💴 💶 💷 💰 💳 Let bring Animal 🙏 🏼
Sat Dec 01 14:52:21 +0000 2018	truth tell hand JFK assassination heroin import body bag Vietnam contra cocaine deal WTC attack crime humanity legacy
Wed Nov 07 00:28:44 +0000 2018	Population control bill
Mon Nov 26 01:05:10 +0000 2018	Delight meet new Korean president discuss UK trade double recent yr & amp worrying situation Korea
Sun Dec 02 09:32:57 +0000 2018	need record Phone website link
Sat Dec 01 06:38:18 +0000 2018	people come coordinate buy extra soy bean type campaign China trade mess fix want able help farmer support getting hurt foreign interference / play politics
Wed Nov 07 02:40:13 +0000 2018	feel proudy today india culture attract body Excellent
Fri Nov 30 03:20:50 +0000 2018	Special Mass Peace Korean Peninsula write book Psalms love truth meet justice peace embrace kiss Korean Peninsula text
Sat Dec 01 10:06:22 +0000 2018	President Trump Let people people Great Biafra Nation Kingdom God Bless IPOB
Sun Dec 09 06:59:23 +0000 2018	Hello Mario Campanella New York feel like disgrace i m spend money order budgeting saving feel like disgrace want schedule successful
Sat Dec 01 02:40:33 +0000 2018	MIND CONTROL IMPLANT
Sat Dec 01 03:15:16 +0000 2018	Awesome go need Thank you ❤ ️ 🇺 🇸 ❤ ️ 🇺 🇸
Mon Dec 03 18:16:02 +0000 2018	basically say yup waste
Sat Dec 01 06:50:29 +0000 2018	WORLD HATE TRUMP
Sat Dec 01 05:01:25 +0000 2018	time choice turn central you … into little different take life whole … all life long slowly turn central thing heavenly creature hellish creature
Sun Nov 25 04:36:57 +0000 2018	Pres Moon Vice Pres Pence remark ironclad Korea alliance mark 65th anniversary year chief drive force process establish permanent peace Korean Peninsula
Sat Nov 10 22:43:10 +0000 2018	aid MB SAMSUNG HYUNDAI KIA cj Mongol support cj Mongol news day leave
Sat Dec 01 12:36:12 +0000 2018	Job run world BS go
Sun Dec 09 00:19:47 +0000 2018	like feed shit
Sat Dec 01 03:20:42 +0000 2018	TruthLeaks John Solomon Hill disclose tonight member Clinton Foundation cooperate Huber CF probe person Justin Cooper immunity Justin proxy Braverman second source Cooper
Wed Nov 07 06:51:54 +0000 2018	unfortunately legacy relationship miss region hope ll unite
Sat Dec 01 05:21:52 +0000 2018	illusive Blahh blahh etc
Sat Dec 01 14:43:36 +0000 2018	President Trump great thing Nation bad Un American Liberal Trumper Republican political people block progress
Thu Nov 22 08:04:42 +0000 2018	Kim Jung Un Moon Jae President Post minute ago
Sat Dec 01 03:06:36 +0000 2018	go forward reach word End prophecy rest catch rest free god bullshit matrix Wake Neo escape Truth world leader End Michael
Sat Dec 01 05:37:23 +0000 2018	America & amp World favor & amp resign lose popular vote BIGLY
Thu Nov 22 16:18:22 +0000 2018	Use link start earn money self legit withdraw R1000
Wed Nov 07 18:08:44 +0000 2018	visit mean social scientist analytical researcher Get ancestral root find meaning past give immense satisfaction propel gallop future endeavour
Wed Nov 07 00:27:31 +0000 2018	Good think country religion
Sat Dec 01 11:37:35 +0000 2018	Well quick win long
Tue Dec 11 03:38:48 +0000 2018	Bohemian Groove leader korea Rest time support use sns Talk Facebook Instagram YouTube twitter tireed
Sat Dec 01 03:57:13 +0000 2018	great President Moon President Trump work world good place work Thank
Tue Dec 04 02:35:18 +0000 2018	Thank hard crucial work live abroad feel proud Korean
Sat Dec 01 23:24:20 +0000 2018	Moon Kim Xi say like World peace Let
Sat Dec 01 16:41:00 +0000 2018	fake phony
Sun Dec 02 20:43:53 +0000 2018	Finally listen Democrat ask month ago listen Democrat
Mon Dec 10 15:45:41 +0000 2018	Stop stroke public gross
Sun Dec 02 15:40:28 +0000 2018	hi today dear
Sat Dec 01 03:17:27 +0000 2018	head need resign thank
Sat Dec 01 07:27:56 +0000 2018	time witness injustice act train character passive presence eventually lose ability defend love
Fri Nov 30 22:16:57 +0000 2018	🚨 Happen President South Korean President Moon Jae meet 🇺 🇸 🇰 🇷
Sun Dec 02 00:05:44 +0000 2018	Donald Trump change swamp leave try say plan work plan
Sat Dec 01 10:56:41 +0000 2018	Obama hater act like Trump hater hang treason people need life Stupid people
Sat Dec 01 03:51:08 +0000 2018	thrilled meet delusional xenophobic homophobic sexist moronic corrupt low IQ perverted co conspiriter
Sat Dec 01 03:57:01 +0000 2018	Look Presidently President Look
Wed Dec 05 02:11:03 +0000 2018	Beautiful camera work
Sun Nov 25 23:31:04 +0000 2018	Pres Moon leave Singapore wrapping relate summit give true sense world change enable faith possibility humanity move era cooperation
Sat Dec 01 03:14:54 +0000 2018	Trump criminal Don trust word lie mouth
Wed Dec 12 07:02:12 +0000 2018	Dear Moon know world class expert woman right want tell intolerable violation woman right Ji Gu 25 suffocate coercive conversion help 1000 victim like help Ms Gu 🤧 🤧
Wed Nov 07 05:43:18 +0000 2018	Sorry ur response
Sat Dec 01 03:42:51 +0000 2018	Trumpster sick prove day day decency care monster bad human Hitler know thing work head butt embarrass
Sat Dec 01 12:34:26 +0000 2018	Creepy hand hold Donny
Sat Dec 01 07:35:12 +0000 2018	handshake Uh Huh
Sun Dec 09 21:53:35 +0000 2018	hope cooperate something go Friendly social gathering labor resource
Fri Nov 09 10:29:29 +0000 2018	Commander Gen Vincent Brooks write ROK Joint Chief Staff quarterly magazine confident spirit Dong Ju Gong Jae 동주공제 prevail
Mon Nov 26 01:08:37 +0000 2018	Land mine 4/ Ottawa Treaty China Russia USA Korea sign treaty
Fri Nov 09 02:11:29 +0000 2018	Nice work sir
Sat Dec 01 11:22:30 +0000 2018	Great job
Sat Dec 01 10:37:01 +0000 2018	iPhone es safe penny dead ppl
Sun Nov 25 23:31:29 +0000 2018	Korean American journey Alliance remain ironclad endure activity present day KATCHI KAPSHIDA Gen Brooks thank dedicated work past half year
Sat Dec 01 11:15:19 +0000 2018	Isn moron congratulate Trump historical mid term election win
Sat Dec 01 14:10:53 +0000 2018	41 die didn hear damn word morning show piece shit president
Wed Nov 07 05:36:12 +0000 2018	Hon ble PM sir PM year 2014 Sir know Crime rate exactly Bad Delhi today year ago situtaion NCR situation Haryana
Tue Dec 04 07:24:28 +0000 2018	God bless & amp protect Pres Trump ❤ ️
Sat Dec 01 04:08:30 +0000 2018	trick lie matter trivial
Sat Dec 01 03:24:36 +0000 2018	tell old Sonny
Sat Dec 01 03:13:45 +0000 2018	retweet waste 781D 13H 46 M leave office suppose
Sat Dec 01 03:45:39 +0000 2018	common goal horrible write tweet mean convey sort information useful American People
Sat Dec 01 03:24:25 +0000 2018	TIME SEND COWNS 🤡 STARRING BOB MUELLER 🤡 AMERICA CLOWN 🤡 in CHIEF
Sun Dec 02 01:42:09 +0000 2018	go lie Twitter tag sound like COD tag lol
Sat Dec 01 07:01:29 +0000 2018	Great job 👍 🏻 Working ♥ ️
Sat Dec 01 23:29:28 +0000 2018	Thank president trump great job
Sat Dec 01 22:33:11 +0000 2018	Trump great job
Mon Dec 03 00:31:43 +0000 2018	Moon bat lie North NUKE Deal Exoneration North NUKE Place cause mess 20 yr ago China suck Trump consider Liberal South Korea treacherous betrayer allow manner undesirable scam country
Sun Nov 25 01:00:03 +0000 2018	do nt come country love Country CONTROL
Wed Nov 07 12:12:53 +0000 2018	see lady Aarti carry Diyas 100 Hindu
Sat Dec 01 03:50:56 +0000 2018	Hey Racist traitor Mueller know summer lol time
Sat Dec 01 13:14:57 +0000 2018	point vote Trump office that s provide office toss problem fact Oboma get country head upwards Trump take credit Dem join Cosbey jail
Wed Nov 07 03:46:54 +0000 2018	World Family
Mon Dec 03 11:59:16 +0000 2018	happen INCREDIBLE deal North Korea KIM WON beat hand like TREMENDOUSLY INCREDIBLY negotiate foolishly buy art deal demand money talk complete bollock
Sat Dec 01 18:47:42 +0000 2018	Counterspy ring 📞 recent excessive push pawn +3216 * * * signal effort useless counterproductive
Sat Dec 08 18:47:20 +0000 2018	President Moon work closely coordinat …
Mon Dec 03 18:03:46 +0000 2018	President Trump deliver promise unconventional strategy tactic People sick pompus pre tense grandstand power need leader merely puppet financier trump tick box
Sun Dec 02 07:55:19 +0000 2018	course real bromance
Sat Dec 01 16:50:32 +0000 2018	Great Job President Trump
Sat Dec 01 23:27:24 +0000 2018	Great job usual Mr President God Bless
Sat Dec 01 13:14:42 +0000 2018	Mr President South Korea feel safe effort
Sat Dec 01 03:14:34 +0000 2018	think well involve resign Maybe Mueller cut deal immunity family & amp band grifter close book ugly chapter & amp worth let scot free
Sat Dec 01 04:45:30 +0000 2018	course cult cult
Sun Dec 02 00:09:52 +0000 2018	Love president great awesome work
Mon Nov 26 15:23:02 +0000 2018	hand peace puppy
Sat Dec 01 05:31:32 +0000 2018	stand close stinky piece shit like Trump
Sat Dec 01 03:18:27 +0000 2018	roll blunt smoke
Wed Nov 07 11:01:00 +0000 2018	glad surprised care read 👇 👇
Thu Dec 06 00:23:51 +0000 2018	care abandond promise Shame dog eat country Shame Shame Shame
Sun Dec 02 06:44:58 +0000 2018	Islam Massacre 669 + Million Non Muslim 622AD
Sun Dec 02 18:28:15 +0000 2018	great job Mr President AMERICA GREAT
Sat Dec 01 15:14:24 +0000 2018	noble endeavor bring peace Korean Peninsula strengthen ROK alliance President George Bush long remember heart Korean people
Sat Dec 01 05:23:52 +0000 2018	Don come America seriously DONT COME
Tue Nov 06 18:48:14 +0000 2018	•bofor Scam •2 G Spectrum Scam 2008 •Satyam Scam 2009 •Commonwealth Game Scam 2010 •Coal Scam 2012 •Chopper Scam 2012 •Tata truck scam 2012 •Adarsh Scam 2012 decide wisely government come future india
Sun Dec 02 00:06:22 +0000 2018	right Work fast people legislator learn
Thu Nov 08 10:44:29 +0000 2018	Prime Minister India send gorgeous garment modernize version traditional Indian costume know Modi Vest wear easily Korea fit perfectly
Sat Dec 01 13:13:24 +0000 2018	smile laugh destroy country & amp year repair voluntarily & amp safe million cost rid
Wed Nov 21 16:27:14 +0000 2018	country world watch
Thu Nov 08 15:39:23 +0000 2018	great tribute Indian culture tradition
Tue Nov 27 01:17:09 +0000 2018	country proud world watch disgust
Sun Dec 02 07:36:11 +0000 2018	Trump jump world fail
Tue Nov 06 18:37:02 +0000 2018	ARMY Indian ARMY happy Strong power thank 😊 💜 💜 💜
Thu Nov 22 12:40:05 +0000 2018	bigbang
Sat Dec 01 03:14:56 +0000 2018	Don come
Wed Dec 05 19:47:13 +0000 2018	allow country betray promise elect monster care
Sun Nov 25 23:31:06 +0000 2018	side agree work build great ROK alliance
Wed Nov 07 06:28:30 +0000 2018	regard deny Indian Culture
Thu Dec 06 15:11:39 +0000 2018	God Speed people South Korea
Sat Dec 01 15:56:18 +0000 2018	Great job Mr President good USA Silance naysayer
Fri Nov 23 17:19:03 +0000 2018	Kim Jung Un Moon Jae President Fiber optic Photo Day Buddhist monk Thailand hold string chant pray House blessing ceremony
Sat Dec 01 13:37:24 +0000 2018	believe 100 Mr President work hard American people President care America
Tue Dec 04 06:26:33 +0000 2018	positive attitude world positive result
Fri Nov 09 01:22:44 +0000 2018	Kim Jung Un Moon Jae Korea Reunification week mark 100 year end World War November 11 1918 11 am Canadian troop leave Europe return home War end Troop home Korean war USA troop home
Mon Dec 03 17:06:14 +0000 2018	Amazon gift card Offer
Sat Dec 01 22:44:21 +0000 2018	White House Holiday card
Sun Dec 02 02:48:27 +0000 2018	DJT & amp South Korea great time REAL American alive pass kid wonderful exceptional POTUS Imagine rapidly achievement accomplish didn like Superman
Sat Dec 01 03:49:03 +0000 2018	wow meet world domination Fuck Donald
Tue Dec 04 04:36:53 +0000 2018	Yupee peace korea model peace world
Sat Nov 24 08:11:34 +0000 2018	2019 ASEAN Republic Korea Commemorative Summit inaugural Korea Mekong summit hold Korea year look forward welcome ASEAN leader peaceful Korean Peninsula
Sat Dec 01 04:10:24 +0000 2018	resign don
Sun Dec 02 03:37:35 +0000 2018	heck job mr President don listen Goon
Sat Dec 01 04:15:38 +0000 2018	word salad
Sat Nov 24 07:47:18 +0000 2018	snow cover city White world make pure
Sat Dec 01 04:06:15 +0000 2018	drive insane inferior black man Obama way intelligent hardworking well educate healthy well look genetically inferior lazy whiny spoil ugly fat pathetic ass
Fri Nov 23 16:52:30 +0000 2018	Kim Jung Un Moon Jae President Fiber optic cable data restrict sanction km military North South roadway connect need drainage ditch fiber optic cable install ditch
Thu Nov 08 19:18:17 +0000 2018	Congratulations Seven Music love Boy Wings ARMY song dance dream enthusiasm BTS energize give strength young people world
Wed Nov 07 04:44:37 +0000 2018	show respect affection culture Thank happy
Sat Dec 01 03:23:28 +0000 2018	challenge Congress hope prayer work Thank look latitude friend abroad 👌 🇺 🇸 💗 🇺 🇸 🙏 😉 👍
Sat Dec 01 03:17:12 +0000 2018	course South Korean line Russian ll line Congress
Sun Dec 09 22:46:18 +0000 2018	Sir Congress leader Nehru Jacket Modified modernize gift Congress leader Patel statue Modify tall world
Mon Dec 03 01:09:59 +0000 2018	Moon bat commit treason collude Kim jong un NUKE China
Sat Dec 01 03:04:33 +0000 2018	embarrassment country Unfortunately rest world fun call pres long credible leader free world & amp claim moral standard distressing
Sat Dec 01 03:13:49 +0000 2018	10 trump supporter think tweet meltdown currently melt Check
Sat Dec 01 07:50:10 +0000 2018	Fuck trump day die festival world
Sat Dec 01 06:39:29 +0000 2018	think suit call President Moon consider time spend World freakcunt
Sat Dec 01 03:48:24 +0000 2018	got play North Korea Stop whine donnie Mueller get close
Wed Nov 28 21:37:49 +0000 2018	YEaH mum confirm go come Argentina talk
Thu Dec 06 12:22:15 +0000 2018	South Korean move unilaterally establish relation NoKo despite USA have sign end peace treaty Moon angle solo Peace Prize sharing emperor Trump Need place
Sat Dec 01 02:09:36 +0000 2018	Love President want talk Thank ❤ ️ ❤ ️
Mon Dec 03 05:35:24 +0000 2018	pay fee aid
Sat Dec 01 03:16:15 +0000 2018	Hey remember rocket man weapon BigMac bad brain end heart attack
Sat Dec 01 03:14:50 +0000 2018	proud President Trump turn 18 year old time 2020 election PROUDLY elect 🇺 🇸
Mon Dec 03 22:33:54 +0000 2018	Mr Trump good President good leader world see MAGA
Sun Dec 02 07:48:06 +0000 2018	success G20 ignorant & amp heartless jerk doesn care doesn understand diplomacy show lack knowledge & amp competence elect disruptor chief
Mon Dec 10 09:41:31 +0000 2018	Pres Moon 2018 hope human right democracy peace prosperity materialize Korean Peninsula endeavor hope entire world
Wed Dec 05 15:14:47 +0000 2018	Planning mountain hiking weekend go short hiking trip Bugak mountain Pres Moon Sunday follow Moonsteps Click
Sat Dec 01 03:17:01 +0000 2018	Enjoy shit come
Sat Dec 01 03:49:08 +0000 2018	President Moon word
Sat Dec 01 03:42:27 +0000 2018	Trump 2016 Russia Trump 2017 RUSSIA DEALS LOANS Trump yesterday Everybody know Trump Tower Moscow project open
Sat Dec 01 04:45:18 +0000 2018	totally shit bed come Total loser
Wed Dec 05 15:16:44 +0000 2018	hello Pungsan dog send North Korea inter Korean summit Pyongyang Happy get
Sun Dec 02 00:32:24 +0000 2018	walk away & amp leave stand like President Argentina priceless show blow dementia realize
Sat Dec 01 13:59:22 +0000 2018	George Bush traitor member Skull & amp Bone work world government
Mon Dec 10 17:55:33 +0000 2018	Albany New York field Albany New York fail latik Tamika Tamika female Albany medical field literally host totally fail fail community
Tue Nov 27 07:43:17 +0000 2018	President Moon embark today visit Czechoslovakia Argentina G20 New Zealand trip span continent ll deliver live update visit aim peace Korean Peninsula expansion diplomatic horizon
Thu Nov 22 01:19:15 +0000 2018	Happy Hope Thanksgiving good stand collective endeavor create peace Korean Peninsula world wish happy holiday
Sat Dec 01 04:19:27 +0000 2018	illegitimate president disgrace G20 Loathe world leader dictator Putin brush aside Crack form
Wed Nov 07 09:51:38 +0000 2018	happy diwali president&amp Korea share ancient bond year lady celebrate Indian great gesture strengthen bond diwali bring prosperity & amp richness nation relation
Thu Nov 08 13:48:23 +0000 2018	PM MODI LEADER WORLD WANT COME SOON SHREE RAM MANDIR PM MODI FAN
Sun Dec 02 06:17:22 +0000 2018	Hilarious moment Trump wander G20 stage
Wed Nov 28 10:51:03 +0000 2018	Pres Moon effort place domestically build satellite orbit Nuri successfully test launch today Goheung South Jeolla Province
Mon Dec 10 14:15:47 +0000 2018	refraction light like warm sunshine 2019 START Business Taiwan WORLD DNAA Act Taiwan 莫澤林
Wed Dec 05 15:18:06 +0000 2018	Pres Moon depart day trip October 13 21 visit update journey peace Europe
Thu Nov 08 04:55:50 +0000 2018	great honor welcome meet President Jae South Korea today New York City
Sat Dec 01 07:51:21 +0000 2018	rid tariff fine don know heck Stop toot horn embarrassing world know
Mon Dec 03 02:40:41 +0000 2018	Hi love design Flyer Poster Brochure Catalog Product Packaging Branding kind Print Media Item Work Knock
Sun Dec 02 15:20:25 +0000 2018	Korea summit pave way forward close coordination Warm applaus Pre Moon & amp Pre Trump Hope ongoing peace process gain momentum
Sun Nov 11 02:21:50 +0000 2018	Lady Kim Jung sook proud give speech music present strength young people world
Fri Nov 23 22:14:54 +0000 2018	Kim Jung Un Moon Jae President Korea Reunification km North South Roadway prayer dead July 2018 South Korea Seven Buddhist temple list UNESCO World Heritage Site
Sun Dec 02 13:03:15 +0000 2018	explain Perjury Trap mean tell truth mean lie mean lie trap tell truth trap Mueller Create Perjury Trap Vanity Fai
Mon Dec 10 18:00:35 +0000 2018	Totally foreign country officer want know stuff hearing noise think blue Steve try everybody express hear noise hearing voice plain simple officer tell don want rush don
Sat Dec 01 10:34:22 +0000 2018	good Great deal maker Love President thank God get American people
Mon Dec 03 01:20:42 +0000 2018	Moon bat liberal thug plan Implement Anti America send huge money Kim jong un NUKE Radical liberal Policy HURT common sense Conservative fake news medium tell Lock
Sat Nov 10 12:45:00 +0000 2018	read Prime Minister Modi tweet win Seoul Peace Prize write Korean move thoughtfulness like offer heartfelt congratulations Prime Minister Modi
Fri Nov 30 03:20:56 +0000 2018	prayer offer peace Korean Peninsula St Peter Basilica today resound echo hope heart people Koreas people world desire peace
Sat Dec 01 07:30:04 +0000 2018	Congratulations SALUTE Way Cool like 🌐 ☺ 💗 💋 😇 🌹 🤗 🌐 ☺ 💗 💋 😇 🌹 🤗 🌐 WORLD 🌐 PEACE 💗 & amp LOVE 💗 2 🌐 ☺ 💗 💋 😇 🌹 🤗 🌐 ☺ 💗 💋 😇 🌹 🤗 🌐
Wed Nov 07 19:17:16 +0000 2018	visit India tell Prime Minister look great vest duly send meticulously tailor size like thank kind gesture
Wed Nov 07 00:30:43 +0000 2018	INDIA PMO relative USA spend crore INR cancer treatment MOM COMA & amp good RESERVE BANK pray LORD KRISHNA LOVE & amp know GEETA & amp church & amp fear leopard symbol RBI BLUNDER um * usd AUD inr
Fri Nov 09 18:54:43 +0000 2018	firefighter scene disaster today Firefighters Day day remember selfless sacrifice dedication firefighting hero heroine thank
Sun Dec 02 16:09:17 +0000 2018	Let hope AMERICAN CITIZENS JOBS RUN ALIEN OUTERSPACE GOAT GET OFFICE MAGA 🚂 🚂 🚂
Sun Dec 02 00:56:09 +0000 2018	Check designer 007 design flat minimalistic logo 10
Sat Dec 01 15:06:09 +0000 2018	reaffirm commitment face bloviate success hell want turn glory reality Face suck
Tue Nov 06 19:16:35 +0000 2018	Honourable Modi ji cabinet rank minister ministry increase percent GDP 15 month
Tue Nov 06 19:39:32 +0000 2018	FL Kim Jung sook visit Nov FL delegation attend ground breaking ceremony Queen Suriratna Heo Hwang ok Memorial join celebration
Fri Nov 30 08:08:59 +0000 2018	number lead local medium Argentina cover Pres Moon visit Argentina mark Korean President visit country 14 year attendance
Sat Dec 01 15:15:17 +0000 2018	HAPPINESS LIE Eternal life Death Day come soul speak permission wretch happy 11 105 Brother learn Creator Guidance Quran language
Thu Dec 06 18:22:45 +0000 2018	Kim Jung Un Moon Jae President reason prevent Kim Jung Un travel Seoul December 18 2018 train passenger return Railway Inspection train currently run North western line
Thu Dec 06 20:45:26 +0000 2018	Hey ex military guy deeply respect pass kind message people enormous movement Especially 10 year Merry Christmas Moon
Thu Nov 08 17:19:57 +0000 2018	Pres Moon military identification tag Sgt Pak Je kwon find today 65 year death war dead Korean Peninsula finding remain fallen hero year occur
Sat Nov 10 14:46:28 +0000 2018	THING DIGITAL PAYMENT PAYMENT BLINK EYE FRACTION SECONDS COME REFUND MODE TAKE 10 DAY
Thu Dec 06 20:46:30 +0000 2018	Hey President ex military guy understand deeply respect pass kind message people enormous movement 10 year Merry Christmas Moon
Thu Nov 08 10:56:55 +0000 2018	Julie Payette Governor General Canada give special gift picture Korean Peninsula take directly outer space look Korean peninsula blue sea spacecraft divide say
Wed Dec 05 15:10:36 +0000 2018	Pres Moon say airplane observe North Korea mountain river street Pyeongyang time appear land sign division visible point view
Wed Dec 05 15:10:51 +0000 2018	glimpse President Moon summer holiday read Human Act Han Kang National Champion Kim Seongdong photographer Jin Cheon gyu Pyongyang Time Flow Seoul Time Gyeryongdae military complex hike Mt Jangtae
Sat Dec 01 15:05:23 +0000 2018	President Moon President Macri discuss way bilateral cooperation Korea Argentina summit meeting today
Wed Nov 28 17:04:22 +0000 2018	SK President hold summit meeting sideline G20 Summit Buenos Aires Choi suk
