created_at	text
Sat Dec 01 04:43:24 +0000 2018	John Brennan Trump Iceberg Lies Deceit Corruption & amp Criminality Steadily Surface
Mon Dec 03 02:40:41 +0000 2018	Hi love design Flyer Poster Brochure Catalog Product Packaging Branding kind Print Media Item Work Knock
Sat Dec 01 13:02:21 +0000 2018	Look Virtual assistant task Data entry data mining web research copy past PDF excel expert feel free contact
Mon Dec 03 01:20:42 +0000 2018	Moon bat liberal thug plan Implement Anti America send huge money Kim jong un NUKE Radical liberal Policy HURT common sense Conservative fake news medium tell Lock
Sat Dec 01 07:02:29 +0000 2018	story shed light anecdote student activist human right lawyer experience lead President make tireless effort bring peace Korean Peninsula
Mon Dec 03 00:55:01 +0000 2018	G20 Leader Pledge Fight Climate Change — Except Oil own Republican Trump
Sat Dec 01 14:08:20 +0000 2018	tweet distract lie racism sexism draft dodge bankruptcy adultry money launder tax fraud popular vote / midterm loss low approval illegal wife obstruction Puerto Rico rich tax cut Helsinki fail tariff Nobel loss laugh & amp tear gas kid
Sat Nov 24 08:11:32 +0000 2018	Pres Moon flight home read Right Dr Jeong Hye shin psychiatrist / counselor think empathy communication basics politics book help realize superficial abstract definition empathy
Fri Nov 23 16:52:30 +0000 2018	Kim Jung Un Moon Jae President Fiber optic cable data restrict sanction km military North South roadway connect need drainage ditch fiber optic cable install ditch
Mon Dec 03 03:05:05 +0000 2018	don money ll pay cent 100 00 donate humane shelter choice 🐾 🐾 🐶
Wed Dec 05 15:10:51 +0000 2018	glimpse President Moon summer holiday read Human Act Han Kang National Champion Kim Seongdong photographer Jin Cheon gyu Pyongyang Time Flow Seoul Time Gyeryongdae military complex hike Mt Jangtae
Mon Dec 10 23:14:32 +0000 2018	Peace human right economy politics culture happy future 19th Government President Moon Jae shake stay end
Mon Nov 26 01:04:24 +0000 2018	Kim Jung Un Moon Jae President Land mine 2/ Ottawa Treaty date 164 state party treaty 32 UN state include United States Russia China India non signatory
Thu Nov 29 23:53:51 +0000 2018	Mr President South Korea today take visit Let tell omit tell disappear people remember terrorist kill combat
Thu Nov 08 23:43:48 +0000 2018	fight dog cat China Asia wait die live skin live desmember live blowtorching way give water think right
Sat Nov 24 08:11:22 +0000 2018	Pres Moon outline vision innovative inclusive state resolve economic inequality propose create joint APEC Digital Innovation Fund
Tue Dec 04 00:24:26 +0000 2018	wish look tomorrow ll defend foreign policy good professor lol kid send flight ticket bc i m miss 소맥
Mon Dec 10 09:41:31 +0000 2018	Pres Moon 2018 hope human right democracy peace prosperity materialize Korean Peninsula endeavor hope entire world
Sun Dec 02 16:09:17 +0000 2018	Let hope AMERICAN CITIZENS JOBS RUN ALIEN OUTERSPACE GOAT GET OFFICE MAGA 🚂 🚂 🚂
Sat Dec 01 22:59:32 +0000 2018	CNN gay tendency hold hand panel discuss month 24 hrs day lol
Sun Dec 02 06:48:07 +0000 2018	economic community unify Korea role unify Korea alliance expect new center gravity Asia end violence expansion Asian dictator Communist Party China
Sat Dec 01 22:33:13 +0000 2018	person 45 work money pocket family pocket White house place personal business pay tax citizen United States benefit presence White House
Mon Nov 26 01:06:23 +0000 2018	Land mine 3/ Ottawa Treaty Convention Prohibition Use Stockpiling Production Transfer Anti Personnel Mines Destruction know Ottawa Treaty aim eliminate anti personnel landmine
Sat Dec 01 10:54:41 +0000 2018	President Moon President Trump reaffirm commitment closely coordinate achieve common goal early date
Sat Dec 01 08:33:10 +0000 2018	need confirm strong united time open strong investigation localize trust information want responsible wrong moment target sabotage African Situation destroy Africa gov plan economics
Sat Dec 01 04:05:00 +0000 2018	Peter John Smith Christopher Frantz Charles Howard Welch Jessiedy Gonzales Gerochi International Fellowship Christian Jew Canada International Fellowship Christian Jew Welcome Internet Prime Minister Israel Peter Fredericks 🌹 🌴 🙏 💧 The Lord
Mon Dec 10 15:45:41 +0000 2018	Stop stroke public gross
Sun Nov 25 23:31:12 +0000 2018	Today day thank parent cheer college entrance exam taker deeply thank parent support test taker date
Wed Dec 12 17:47:27 +0000 2018	believe trail transform path peace DMZ land peace Inter Korean trust important force realize Korean Peninsula free war
Tue Dec 04 04:27:59 +0000 2018	Prime Minister Modi promise strengthen bilateral cooperation agree increase trade volume prepare future believe promise solid grow understanding consideration
Tue Dec 04 02:43:24 +0000 2018	World Bank Invest 200 Billion Tackle Climate Change Sure like lot money spend claim doesn exist apply 14 sea wall protect hotel / golf course Ireland global warming didn big phony
Wed Nov 07 02:20:44 +0000 2018	Right statement
Sat Dec 01 03:18:27 +0000 2018	roll blunt smoke
Tue Nov 06 21:29:51 +0000 2018	Hello Good Night Friend
Tue Nov 06 21:29:51 +0000 2018	Hello Good Night Sir
Thu Dec 06 13:49:00 +0000 2018	money binary forex trade DM interested
Mon Nov 26 23:05:37 +0000 2018	Manufacturing foundation economy Korea main strength manufacturing pick steam local economy revitalize economy able grow
Wed Nov 07 18:21:39 +0000 2018	initiate action Ayodhya capital emerge Ram Rajya Announcement new airport hospital Ayodhya plan development project
Fri Nov 30 12:26:04 +0000 2018	President South Korea Moon Jae lament communist dictatorship equal North Korea throw flower river Castro terrorist want confiscate freedom height ridicule
Fri Nov 30 06:50:48 +0000 2018	time extend desire building moment need process stabilize Korean Situation execute Korea Plan high growth economics mus confirm strong united force geopolitics economics strategy diplomacy security
Sat Dec 01 07:00:35 +0000 2018	Moon President Trump reaffirm commitment closely coordinate achieve common goal early date
Sat Dec 01 03:14:42 +0000 2018	Resign right thing
Sat Dec 01 06:56:30 +0000 2018	reaffirm commitment closely coordinate achieve common goal early date lot word exactly
Sat Dec 01 03:19:13 +0000 2018	realDonaldTrump President Moon President Trump reaffirm commitment closely coordinate achieve common goal early date
Sun Dec 02 12:59:00 +0000 2018	RT President Moon President Trump reaffirm commitment closely coordinate achieve common goal early date
Mon Dec 10 18:00:35 +0000 2018	Totally foreign country officer want know stuff hearing noise think blue Steve try everybody express hear noise hearing voice plain simple officer tell don want rush don
Sat Dec 01 04:05:14 +0000 2018	President Russian Agent / Asset & amp compromise RNC hack Simple SCARY
Wed Nov 21 21:00:40 +0000 2018	help end barbaric practice end Help fight
Sun Dec 02 06:17:22 +0000 2018	Hilarious moment Trump wander G20 stage
Thu Nov 22 16:18:22 +0000 2018	Use link start earn money self legit withdraw R1000
Sun Dec 02 04:34:38 +0000 2018	Korea unify Korea ROK alliance upgrade step ROK alliance balance center China Russia Japan
Sat Nov 10 14:46:28 +0000 2018	THING DIGITAL PAYMENT PAYMENT BLINK EYE FRACTION SECONDS COME REFUND MODE TAKE 10 DAY
Sat Dec 01 03:16:46 +0000 2018	like Putin MBS right
Sun Nov 25 23:31:01 +0000 2018	leader member state demonstrate determination thoughtful consideration promote mutual benefit economic cooperation focus make life meaningful
Sat Dec 01 03:14:54 +0000 2018	Trump criminal Don trust word lie mouth
Thu Dec 06 05:24:59 +0000 2018	Kim Jung Un Moon Jae President post International Civil Aviation Organization
Thu Nov 22 02:51:46 +0000 2018	Congrats Interpol right choice Russia
Sun Dec 02 08:37:12 +0000 2018	Hey look president actually get result foreign policy Obama get result guess Iran
Sat Dec 01 03:51:08 +0000 2018	thrilled meet delusional xenophobic homophobic sexist moronic corrupt low IQ perverted co conspiriter
Sat Dec 01 03:14:34 +0000 2018	think well involve resign Maybe Mueller cut deal immunity family & amp band grifter close book ugly chapter & amp worth let scot free
Sat Dec 01 03:17:00 +0000 2018	mr fish 63 million people trust believe president say hold
Sun Dec 02 00:06:22 +0000 2018	right Work fast people legislator learn
Sun Dec 02 03:11:06 +0000 2018	mean President Obama donnie case confuse
Sat Dec 01 03:16:47 +0000 2018	Hey treason boy Time right thing country RESIGN
Wed Nov 07 08:56:56 +0000 2018	give immense pleasure head foreign country follow ritual tradition Country real proud moment
Sun Dec 02 03:38:54 +0000 2018	Life gift care Let help stop Life precious ☮ ️ RT
Sun Nov 25 23:30:58 +0000 2018	agree join force earnestly deal global issue climate condition disaster Notably couldn help touch ASEAN leader consider peace Korean Peninsula issue
Wed Nov 07 05:39:14 +0000 2018	Sir Crime Law Order situation Priority government improvement Crime situtaion Delhi Haryana change situation atleast improve Police
Sun Dec 02 00:10:35 +0000 2018	Trump Right Thank Jesus God Bless Trump President Trump weep light Christmas Tree say season truly Jesus Son God Fake News CNN win report
Sat Dec 01 03:15:44 +0000 2018	pay ask visa Mueller wait dickhead
Tue Dec 04 01:25:58 +0000 2018	Safe flight home pray peace Korean Peninsula President Moon Jae
Sun Dec 02 21:24:28 +0000 2018	Right dinner Trump skip leave Moon pay check
Sat Dec 01 06:39:29 +0000 2018	think suit call President Moon consider time spend World freakcunt
Sun Dec 02 06:47:26 +0000 2018	South Korea unify North Korea ROK alliance upgrade step ROK alliance balance center China Russia Japan support independence ethnic minority China establish diplomatic relation develop
Mon Dec 10 14:15:47 +0000 2018	refraction light like warm sunshine 2019 START Business Taiwan WORLD DNAA Act Taiwan 莫澤林
Sat Dec 01 03:08:05 +0000 2018	point right mind believe Trump say
Sun Dec 02 04:57:56 +0000 2018	Trump HOPE HARD Putin call later night
Sat Dec 01 15:05:23 +0000 2018	President Moon President Macri discuss way bilateral cooperation Korea Argentina summit meeting today
Mon Dec 03 11:59:16 +0000 2018	happen INCREDIBLE deal North Korea KIM WON beat hand like TREMENDOUSLY INCREDIBLY negotiate foolishly buy art deal demand money talk complete bollock
Sat Dec 01 03:44:54 +0000 2018	Reaffirm commitment closely coordinate effort achieve common goal early date 😂 😂 😂 😂 😂 😂 Just exactly hell mean DOTARD ll tell means isn agreement talk big
Sat Dec 01 03:14:56 +0000 2018	time 🤷 🏻‍ ♂ ️ 🙋 🏻‍ ♂ ️ 🙋 🏻‍ ♂ ️ 🖕 🏼 🖕 🏼 🖕 🏼 🖕 🏼 🖕 🏼 🖕 🏼
Fri Nov 30 04:35:31 +0000 2018	Moon Jae 20 need know International Civil Aviation Organization manage airspace include missile rocket launch base Montrèal JustinTrudeau PM Canada child Montrèal live Montrèal
Sat Dec 01 03:20:13 +0000 2018	guess somebody finely get understand strong relationship w/ Korea vital national security
Tue Nov 27 07:43:17 +0000 2018	President Moon embark today visit Czechoslovakia Argentina G20 New Zealand trip span continent ll deliver live update visit aim peace Korean Peninsula expansion diplomatic horizon
Sat Dec 01 17:27:52 +0000 2018	stupid president revenge stupid swared protect korea citizen totally shhhhhhhhhhhhhhhhhhhhhhhhhhhhhhhhihhhhhht
Mon Nov 26 18:52:01 +0000 2018	careful spy GPS track cute
Sat Dec 01 08:31:13 +0000 2018	Bless protect God work pray world stability peace harmony nation
Sat Dec 01 13:10:38 +0000 2018	common goal destroy economy statement show ignorant insist
Sun Dec 09 06:59:23 +0000 2018	Hello Mario Campanella New York feel like disgrace i m spend money order budgeting saving feel like disgrace want schedule successful
Tue Dec 04 04:27:50 +0000 2018	hope bilateral cooperation bring peace prosperity Asia ll forget India country long history diverse culture dynamic people thank people India give warm welcome
Sat Dec 01 15:15:11 +0000 2018	kid right monster war criminal time mealy mouth hallmark sentimentality Learn history eh
Wed Nov 07 09:27:13 +0000 2018	Dishonor proceeding initiate present Chief Justice India disobey order past Chief Justice India hearing day day form 29 / October/2018 refuse hear argument litigation Ram Janam Bhoomi Title Suit Case
Mon Nov 26 01:19:14 +0000 2018	Kim Jung Un Moon Jae President Land mine 6/ Ottawa Treaty April 2017 HRH Prince Harry attend Landmine Free World 2025 Reception Kensington Palace mark International Awareness Day
Sat Dec 01 03:21:12 +0000 2018	hand shake great leader great contry control majority world economy young leader great vision start Build outstanding future middle east different era
Sat Dec 01 03:16:42 +0000 2018	announcement Kyeah let talk soon know know blowhard real plan timeline total assed jerk
Fri Dec 07 14:07:06 +0000 2018	embrace Export remain key economy president eg follow trajectory populist bashing recognise reality Interesting stat Moon speech btw
Mon Dec 10 13:33:52 +0000 2018	
Sat Nov 24 04:34:03 +0000 2018	41 day harassment school kid Wakad School flout RTE integral venerable Indian Constitution clear PCMC DYDE NCPCR MSCPCR etc mum care 100 odd kid harass School collect ransom money extortion HLP
Fri Nov 23 10:50:30 +0000 2018	40 day harassment school kid Wakad School flout RTE integral venerable Indian Constitution clear PCMC DYDE NCPCR MSCPCR etc mum care 100 odd kid harass School collect ransom money extortion HLP
Sat Dec 01 18:39:30 +0000 2018	Fuck whine bitch Thank allow thousand cartel drug smuggler invade border need close care poverty hunger violence
Sat Dec 01 03:48:31 +0000 2018	say yesterday go Argentina protest Russia return ship hypocrite
Sun Dec 02 00:05:44 +0000 2018	Donald Trump change swamp leave try say plan work plan
Sat Dec 01 23:51:46 +0000 2018	DEMOCRAT CONGRESS START * OWN * investigatgion PLURAL Mueller go subpoena tax return Trump / Russia INDICTMENT COME
Sat Dec 01 15:37:11 +0000 2018	love Liberal Maybe America didn affluent give away money & amp keep debt people patriotically make country well instead think new way sodomize Dem give Trillion Useless debt Gay marriage Fuk
Sun Nov 25 23:31:14 +0000 2018	New Southern Policy announce 19th Summit expression Korea strong determination prosper ASEAN
Mon Nov 26 12:53:06 +0000 2018	21st century fast connected digital society
Sat Nov 10 12:45:00 +0000 2018	read Prime Minister Modi tweet win Seoul Peace Prize write Korean move thoughtfulness like offer heartfelt congratulations Prime Minister Modi
Tue Dec 11 05:43:00 +0000 2018	Kim Jung Un Moon Jae President Buddhist monk trek DMZ Kim come Christmas dinner Pyongyang Muslim mosque inside Iranian Embassy problem [ Repression Religion Korea
Sat Dec 01 03:46:08 +0000 2018	Trump international embarrassment
Sat Dec 01 08:07:22 +0000 2018	trust
Tue Dec 04 13:56:43 +0000 2018	Good job trust 🍀 🌹 🌈
Sat Dec 01 03:42:51 +0000 2018	Trumpster sick prove day day decency care monster bad human Hitler know thing work head butt embarrass
Sat Dec 01 03:44:39 +0000 2018	puppet45 russian asset & amp lie traitor
Thu Nov 08 10:44:29 +0000 2018	Prime Minister India send gorgeous garment modernize version traditional Indian costume know Modi Vest wear easily Korea fit perfectly
Sun Dec 02 08:15:38 +0000 2018	Agreement & amp Freely Trust Respect Begin Luck
Sun Nov 25 23:31:37 +0000 2018	Pres Moon National Assembly Address Propose Government Budget 2019 Plan Fiscal Operation prosper prosper text
Mon Nov 26 11:55:05 +0000 2018	Pres Moon Ssirum / Ssireum inscribe list Korea submit application separately jointly apply later result recent inter Korean cooperation
Sun Nov 25 23:31:04 +0000 2018	Pres Moon leave Singapore wrapping relate summit give true sense world change enable faith possibility humanity move era cooperation
Sat Dec 01 21:39:15 +0000 2018	Yep Free speech
Sat Dec 01 06:51:37 +0000 2018	work ceaselessly help achieve peace ask head state government active support encouragement
Wed Nov 07 19:17:16 +0000 2018	visit India tell Prime Minister look great vest duly send meticulously tailor size like thank kind gesture
Sun Dec 02 12:05:18 +0000 2018	Win iphone Xs Free
Sat Nov 24 08:11:37 +0000 2018	single head state government ASEAN give sense inclusiveness fundamentally Asian value inclusiveness surely hold Asia change world warm hearted place
Sat Dec 01 05:56:00 +0000 2018	🖕 🏽Your 🖕 🏻filthy 🖕 🏼lies 🖕 🏿and 🖕 🏾crime 🖕 be 🖕 🏿exposed 🖕 🏾in the 🖕 🏼Democrat House 🖕 🏾 January 🖕 Watch 🖕 🏿all 🖕 🏾 every 🖕 TV channel ❗ You️ 🖕 🏿will 🖕 🏼be 🖕 🏾the laughing 🖕 🏽stock 🖕 🏻ENJOY ❗ ️Plus 🖕 🏽You fat old 🖕 🏾 😘 ‼️
Sat Dec 01 16:52:48 +0000 2018	order chicken steak
Thu Nov 22 08:47:12 +0000 2018	week Pres Moon schedule attend Korea ASEAN summit ASEAN +3 summit EAS Singapore APEC summit Papua New Guinea hope enhance tie ASEAN APEC member country forthwith
Sat Dec 01 11:36:07 +0000 2018	Words action North Korea proliferation nuclear weapon prove
Sat Nov 10 22:43:10 +0000 2018	aid MB SAMSUNG HYUNDAI KIA cj Mongol support cj Mongol news day leave
Sat Dec 01 17:13:28 +0000 2018	leader pay tribute GeorgeHWBush Trump post summit news conference respect Bush family
Wed Nov 28 21:29:25 +0000 2018	Mr President pls save million dog Korea brutally slaughter food food beloved animal supreme intelligence faithfulness
Sat Dec 01 11:50:37 +0000 2018	trust pathological liar
Sat Dec 01 05:03:50 +0000 2018	discovery
Mon Dec 10 04:40:43 +0000 2018	free iphone offer registation
Tue Nov 06 20:13:57 +0000 2018	inform President Donald Trump meet Chairman Kim Jong un State Affair Commission North Korea like express gratitude leader difficult decision reflect courage wisdom
Sun Dec 02 14:06:29 +0000 2018	Christmas season strain budget Want peaceful Christmas Download FREE everydollar app bring peace life budget checkbook free
Sun Dec 02 04:34:53 +0000 2018	support independence ethnic minority China establish diplomatic relation develop economic community
Sat Dec 01 04:19:27 +0000 2018	illegitimate president disgrace G20 Loathe world leader dictator Putin brush aside Crack form
Wed Nov 28 17:04:22 +0000 2018	SK President hold summit meeting sideline G20 Summit Buenos Aires Choi suk
Wed Nov 28 08:27:39 +0000 2018	deceive badly use aid SKorean staff ruin position power President Trump warn
Sun Dec 02 07:48:06 +0000 2018	success G20 ignorant & amp heartless jerk doesn care doesn understand diplomacy show lack knowledge & amp competence elect disruptor chief
Sat Dec 01 16:40:49 +0000 2018	truly embarrassing American folk like Trump Trust forgive make mistake
Wed Nov 07 00:00:24 +0000 2018	pretty like get knock feather 😶 come land great folklore devoid fascinating story
Sun Nov 25 23:31:29 +0000 2018	Korean American journey Alliance remain ironclad endure activity present day KATCHI KAPSHIDA Gen Brooks thank dedicated work past half year
Sat Dec 01 21:40:01 +0000 2018	Work deal China economy boom
Sun Dec 02 15:39:26 +0000 2018	people Trump compromise like President United States Putin Asset America Donald Trump 🇷 
Tue Dec 04 07:24:28 +0000 2018	God bless & amp protect Pres Trump ❤ ️
Wed Nov 28 16:36:54 +0000 2018	follow west moral decay lift ban abortion evil root procedure clear througout history Stay strong
Sat Dec 01 04:35:56 +0000 2018	note base marriage count affair commitment isn strong suit Hey Cohen news
Wed Dec 05 15:16:35 +0000 2018	Today day establish Let moment appreciate tireless effort maintain international peace security Look forward work closely peace prosperity Korean Peninsula
Mon Nov 26 14:05:40 +0000 2018	Dear Mr President pls promise ban dog meat market Korea dog animal superior intelligence love deserve slaughter Tradition old fashioned change Korea modern civil Thank
Mon Nov 26 13:45:18 +0000 2018	Pres Moon meet OECD Secretary General Angel Gurría today believe inclusive growth key realize people center economy commit closely work
Sat Dec 01 03:14:59 +0000 2018	President Trump effective leader country talk politician promise Nationalism make America Patriotism keep America America Safe Strong
Sat Dec 01 22:31:57 +0000 2018	good work Mr President USA look good day thank ability stand strong good USA
Wed Nov 07 00:27:31 +0000 2018	Good think country religion
Mon Nov 26 11:56:30 +0000 2018	Congrats South North Korea ssireum add UNESCO list intangible cultural asset
Fri Nov 23 07:49:49 +0000 2018	Moon Jae shower love Kim Jong un restore international pariah respect world leader love unrequite Kim busy develop nuke Trump Moon naive
Mon Dec 03 15:59:51 +0000 2018	President Republic Korea Moon Jae hold bilateral meeting Pres Macri invite Korean company join national foreign mining company country work lithium mining
Tue Dec 04 12:24:07 +0000 2018	Mr President pls save million poor dog Korea stop dog meat country dog love food let live peace save life animal superior intelligence lovable faithful yr country modern
Sat Dec 01 06:56:55 +0000 2018	Vladimir Putin run military intelligence operation help Donald Trump win Trump Organization plan Putin expensive gift Uh oh ~Maddow call bribe & amp treason indictable impeachable spin keep remove
Sat Dec 01 05:19:43 +0000 2018	illegal infiltrate control prison system manage vote illegally change landscape politics law protect America
Mon Dec 10 10:24:22 +0000 2018	Don hope elderly relative separate South North border family
Sat Dec 01 09:59:02 +0000 2018	great nation stand strong Thank
Sat Dec 01 14:10:26 +0000 2018	Trump FAIL negotiation North Korea FACT Kim Jong play Don Con like fiddle try develop nuclear bomb GREAT intelligence agency report Traitor Trump doesn listen great brain say
Mon Nov 26 13:41:31 +0000 2018	Republic Korea future begin find people life peace politics economy business
Sat Dec 01 13:34:49 +0000 2018	oh Pres Moon feel confident lie thieve accomplice murder wannabe dictator hand pocket protect ass sir
Sun Nov 25 01:05:05 +0000 2018	Kim Jung Un Moon Jae President Arrowhead Hill road military road clear landmine Buddhist monk pose threat Buddhist monk wish cross DMZ north South South North seek alm Leo Montrèal
Sun Nov 25 01:06:13 +0000 2018	Kim Jung Un Moon Jae President Arrowhead Hill road military road clear landmine Buddhist monk pose threat Buddhist monk wish cross DMZ north South South North walk Leo Montrèal
Sat Dec 01 05:25:37 +0000 2018	Watch trump crime family lead jail want TV
Wed Nov 28 11:23:33 +0000 2018	Ah obviously fight
Wed Nov 07 05:36:12 +0000 2018	Hon ble PM sir PM year 2014 Sir know Crime rate exactly Bad Delhi today year ago situtaion NCR situation Haryana
Thu Nov 22 09:33:11 +0000 2018	49th Cabinet Meeting Pres Moon share outcome Asean&amp APEC meeting highlight inclusive state narrow gap member economy people center policy priority Korea world focus
Tue Nov 06 18:37:02 +0000 2018	ARMY Indian ARMY happy Strong power thank 😊 💜 💜 💜
Sat Dec 01 11:18:31 +0000 2018	Uh yes love President isn President free leave America vote win stop cry ll okay ll
Fri Nov 23 17:19:03 +0000 2018	Kim Jung Un Moon Jae President Fiber optic Photo Day Buddhist monk Thailand hold string chant pray House blessing ceremony
Wed Nov 28 15:20:57 +0000 2018	G20 Friend
Sat Dec 01 06:38:18 +0000 2018	people come coordinate buy extra soy bean type campaign China trade mess fix want able help farmer support getting hurt foreign interference / play politics
Sat Dec 01 03:18:09 +0000 2018	Witch Hunt Investigate Mueller COHEN LIE FAKE NEWS HOOKED Facebook Jail Try
Tue Nov 06 19:49:14 +0000 2018	* Help Little Mythili Undergo Liver Transplant * Read
Thu Nov 22 21:03:20 +0000 2018	Kim Jung Un Moon Jae President seven thousand Canadian take Korean war 516 die Memorial Cemetery 378 Canadian 21 Canadian list miss action presume dead
Tue Nov 06 19:12:08 +0000 2018	Spiritual Revolution Hon Narendra Modi Dr Subramanian Swamy Swami Ram dev Yogi Adityanath Dr Ramaswamy Based Foundation Reincarnation Scientific Reality Establish World Peace Resuscitate Humanity Free Download Click
Mon Nov 26 01:12:24 +0000 2018	Kim Jung Un Moon Jae President Land mine 5/ Ottawa Treaty Video Rowing help control mind lose leg South Korean soldier Ha Jae heon lose leg North Korean patrol border
Sat Dec 01 03:16:42 +0000 2018	guess try cozy illegal project China
Sat Dec 01 14:52:21 +0000 2018	truth tell hand JFK assassination heroin import body bag Vietnam contra cocaine deal WTC attack crime humanity legacy
Sun Dec 02 00:29:38 +0000 2018	Shut campaign promise
Sun Dec 02 12:03:14 +0000 2018	Australian Prim Mincer Jackboot Licking Fascist Commandant jail Doctor Journalist Whistleblower Citizen Reporting Crime Abus Unconstitutional Government Commit
Sat Dec 01 03:14:48 +0000 2018	Stay trouble
Thu Nov 29 14:09:50 +0000 2018	bring justice
Sat Dec 01 05:04:23 +0000 2018	Second creepy greet G20
Sat Dec 01 03:02:09 +0000 2018	Trey Gowdy Rhino & amp Loyalty Bad AG
Thu Nov 29 16:02:37 +0000 2018	Welcome Argentina hope stay pleasant 🇰 🇷 🇦 🇷 Bienvenido presidente 🙏 🙏 🙏 🙏
Sat Dec 01 03:04:33 +0000 2018	embarrassment country Unfortunately rest world fun call pres long credible leader free world & amp claim moral standard distressing
Sat Dec 01 03:06:36 +0000 2018	go forward reach word End prophecy rest catch rest free god bullshit matrix Wake Neo escape Truth world leader End Michael
Sat Dec 01 03:42:27 +0000 2018	Trump 2016 Russia Trump 2017 RUSSIA DEALS LOANS Trump yesterday Everybody know Trump Tower Moscow project open
Wed Nov 28 21:20:11 +0000 2018	know come Argentina G20
Fri Nov 30 01:39:49 +0000 2018	Welcome Argentina Welcome G20 🇦 🇷 🌎 🇰 🇷
Mon Dec 03 05:35:24 +0000 2018	pay fee aid
Sun Nov 11 05:04:57 +0000 2018	Leave India spend day India kind generous people Live god appear reside eye Prime Minister Modi man know value harmony entire life — just India history
Sat Dec 01 03:21:58 +0000 2018	blimp
Fri Dec 07 01:45:47 +0000 2018	Congrat puppy going speak illegal slaughter consumption Sad dog kill ignorant man eat stamina
Sat Dec 01 10:34:45 +0000 2018	poor leadership G20 Elect real president Russian puppet
Sat Dec 01 16:29:55 +0000 2018	President Moon Jaein congratulations puppy going speak illegal slaughter consumption Sad dog kill ignorant man eat stamina
Sat Dec 01 02:55:27 +0000 2018	Congratulations new puppy go speak illegal slaughter consumption Sad dog kill ignorant man eat stamina
Tue Nov 06 19:10:41 +0000 2018	new version Ram Leela soon Lord Hanuman inform Shriram find Sanjeevani medicine Laxman ad copy samsung
Sun Dec 02 04:43:29 +0000 2018	Putin look pile 💩 💩 💩 that Check G20 film Clear control NSTIONAL SECURITY COMPROMISE BLACKMAIL GOOD YOU 😂 😂 😂
Sun Dec 02 02:51:08 +0000 2018	Noticed tweet mention Pres SK drain nat Treasury pay NK winter Olympic game go SK have protest oust Prez Moon NK Sanction violation process play
Fri Nov 30 20:51:23 +0000 2018	Dear President Help 🆘 🐶 ⬇ ️ WELCOME Argentina
Sat Dec 01 15:05:25 +0000 2018	deep condolence American people loss President George Bush United States President Bush dedicated world peace security take lead role end Cold War reconcile West East
Fri Nov 30 00:31:48 +0000 2018	Hey follow G20 account tell today good time Tatiana cc Trump
Sat Dec 01 03:13:49 +0000 2018	10 trump supporter think tweet meltdown currently melt Check
Thu Dec 06 18:51:58 +0000 2018	save life cancer pl ease donation restoration 1973 520 BMW car sos help xxx
Fri Nov 30 11:40:07 +0000 2018	G20 Summit 💶 💴 💵 💸 💰 💷 💳 💸 💵 💴 💶 💷 💰 💳 Let bring Animal 🙏 🏼
Mon Nov 26 17:11:38 +0000 2018	Kim Jung Un Moon Jae President Buddha kilometer walk 3/ Korea Reunification lie fiber optic cable underneath road Leo Montrèal Commander
Sat Dec 01 21:30:44 +0000 2018	don hear scream cry nation like world despise call ur nation TORTURERS & amp EATER 🆘 CIVILIZED NATION EVOLVE ❗
Sat Nov 24 02:49:15 +0000 2018	Senator symbol faithful servant freedom United States hold dear Mourn death Senator McCain extend deep sympathy bereaved family honor memory
Mon Nov 26 17:08:55 +0000 2018	Kim Jung Un Moon Jae President Buddha kilometer walk Korea Reunification sure road 100 clear landmine rebuild road 10 foot don want Buddhist monk step old landmine
Sun Nov 25 14:58:42 +0000 2018	Like long awaited news beautifully colored autumn leave fall North Fall air
Fri Nov 09 10:29:29 +0000 2018	Commander Gen Vincent Brooks write ROK Joint Chief Staff quarterly magazine confident spirit Dong Ju Gong Jae 동주공제 prevail
Wed Nov 28 10:50:50 +0000 2018	see potential engine launch rocket carry application satellite 2021 confidence Korea Aerospace Research Institute dream come true
Sun Nov 11 02:21:50 +0000 2018	Lady Kim Jung sook proud give speech music present strength young people world
Fri Nov 30 03:20:50 +0000 2018	Special Mass Peace Korean Peninsula write book Psalms love truth meet justice peace embrace kiss Korean Peninsula text
Sun Nov 25 23:31:23 +0000 2018	World War end 100 year ago 65 year old war Korean Peninsula live day end war mark start path peace prosperity stop journey peace
Sat Dec 01 01:24:50 +0000 2018	HRH Crown Prince Mohammed bin Salman meet President South Korea sideline Leader Summit 🇸 🇦 🇰 🇷
Thu Dec 06 11:53:32 +0000 2018	measure commendable feat Congratulations Sonny 100th goal European League
Sat Dec 01 15:14:24 +0000 2018	noble endeavor bring peace Korean Peninsula strengthen ROK alliance President George Bush long remember heart Korean people
Wed Dec 05 15:14:47 +0000 2018	Planning mountain hiking weekend go short hiking trip Bugak mountain Pres Moon Sunday follow Moonsteps Click
Sat Dec 01 07:05:34 +0000 2018	Pres Moon Retreat Session 13th Sustainable development possible time peace believe peace Korean Peninsula path contribute advancement humanity
Sun Nov 25 04:36:57 +0000 2018	Pres Moon Vice Pres Pence remark ironclad Korea alliance mark 65th anniversary year chief drive force process establish permanent peace Korean Peninsula
Wed Dec 05 15:18:06 +0000 2018	Pres Moon depart day trip October 13 21 visit update journey peace Europe
Wed Dec 05 15:17:37 +0000 2018	Pres Moon Joint Press Conference appreciation go President remark remain partner end complete denuclearization achieve Korean Peninsula text
Thu Nov 22 08:47:15 +0000 2018	student country study Korea today firmly believe future development build foundation exchange run way hope exchange Korea gain deep tie deep understand ASEAN country
Fri Nov 30 03:20:56 +0000 2018	prayer offer peace Korean Peninsula St Peter Basilica today resound echo hope heart people Koreas people world desire peace
Thu Nov 08 17:19:57 +0000 2018	Pres Moon military identification tag Sgt Pak Je kwon find today 65 year death war dead Korean Peninsula finding remain fallen hero year occur
Thu Nov 08 10:56:55 +0000 2018	Julie Payette Governor General Canada give special gift picture Korean Peninsula take directly outer space look Korean peninsula blue sea spacecraft divide say
Sun Nov 25 07:46:22 +0000 2018	Meet newborn puppy Gomi Pungsan dog North Korea Gomi puppy bear Nov healthy Pres Moon FL Kim take care mom Gomi puppy courtyard residence afternoon
