created_at	text
Tue Dec 11 03:16:09 +0000 2018	Future Indonesian Fishery Digitalization Driving Industry Global Maritime Axis realistic dream Indonesia President come power
Fri Nov 23 08:22:59 +0000 2018	Rural development right thing end boost local economic growth reduce poverty migration city
Mon Dec 10 09:37:24 +0000 2018	Sir IMP defame human right violation online Fake Trial Tribunal Human Right Act
Fri Dec 07 09:19:44 +0000 2018	Pump approx GDP public health system focus provide universal FREE PHC service enable win big 2019 prove vote winner
Fri Dec 07 11:00:56 +0000 2018	contribution anti level rise affect island neighbour
Mon Dec 03 06:49:00 +0000 2018	Indonesia support torture & amp violence woman UK national & amp trap horrible country 11 month immigration lie torture & amp take UK ID Indonesian government police prosecutor support immigration criminal
Wed Nov 07 07:33:15 +0000 2018	flat line 3Q low growth decade & amp negative celebrate
Wed Nov 07 01:01:03 +0000 2018	Woman underwear salung pupuwit Chair Pilipino National Language Pili Pino Chosen Refine Pilipino hard study University Philippines Diliman Quezon City Philippines primer State University Country
Mon Nov 26 12:33:56 +0000 2018	realise overproduce deforest precious natural resource futur desperately search way rid Maybe time think reduce palm oil production good humanity
Tue Dec 04 09:52:12 +0000 2018	Like connect share Late update Innovative Intelligence & amp Surveillance System Electronic Warfare System Cyber Warfare| Avionics |Border Surveillance| Satellite Imaging Visit site
Mon Dec 10 06:12:31 +0000 2018	ALFA RIO WANTO WANT MONEY MILLION ALFA RIO WANTO WORK ALFA RIO WANTO MONEY ALFA RIO WANTO WAGE 50 WEEK ALFA RIO WANTO WORK ALFA RIO WANTO MONEY ALFA RIO WANTO WORK
Tue Dec 04 17:15:23 +0000 2018	checkout student learn navigate challenge information landscape master skill news literacy
Sat Nov 24 08:20:35 +0000 2018	connect city highway reduce cost time distance drive efficient effective delivery product boost potential local economy development end reduce poverty
Sun Nov 25 06:26:32 +0000 2018	water resource irrigation development weir dam irrigation canal key factor develop potential local economy fulfill need padi produce capacity
Tue Nov 27 01:09:51 +0000 2018	
Sun Dec 09 04:34:55 +0000 2018	Mr President say Hope Indonesian content GOD give work hard forward care wonderful Bless day
Mon Dec 10 07:10:54 +0000 2018	Let kampret hate well know opposition beat hard work try disgusting way drag
Mon Dec 03 06:48:12 +0000 2018	Dirty work Indonesian Immigration & amp hotel security torture occasion Harass constantly Filthy indonesian authority reward idiot Photo injury
Thu Dec 06 15:14:13 +0000 2018	year Indonesia Government fail creat regulation strengthen national rice industry order produce high quality & amp cheap rice people increase Farmer Exchange Rate & amp economic growth rate reduce Current Account Deficit
Sun Dec 02 09:24:06 +0000 2018	year Indonesia Government fail creat condition strengthen national rice industry order produce high quality & amp cheap rice poeple increase Farmer Exchange Rates&amp economic growth rate reduce Current Account Deficit
Sun Dec 02 09:24:12 +0000 2018	increase Farmer Exchange Rate increase national rate growth reduce Current Account Deficit Refference
Sat Nov 10 11:56:19 +0000 2018	journalist refugee Indonesia tell world man lead Indonesia love peace strong economy love Indonesian
Fri Dec 07 14:27:53 +0000 2018	fall love want freedom health economy Thank humanity know terrible experience possible welcome normal thought opportunity business think primitive
Tue Dec 04 06:46:10 +0000 2018	Work work work
Sat Dec 01 15:44:53 +0000 2018	year Indonesia Government fail creat condition strengthen national rice industry order produce high quality&amp cheap rice poeple increase Farmer Exchange Rates&amp national growth rate reduce Current Account Deficit
Sun Dec 02 09:24:13 +0000 2018	Indonesia require presidential candidate bravery swear import rice create regulation stimulate Waste Energy Exchange development concept produce electric & amp high quality & amp cheap rice poeple leadership
Sat Dec 01 09:41:03 +0000 2018	Dear Mr President Indonesia till need write proclaimation need freedom country build education government country
Sun Dec 02 09:24:04 +0000 2018	Indonesia new & amp renewable energy development handicap
Mon Dec 10 12:08:31 +0000 2018	Defend Positive Negative Negative Positive force give length distance mean long solution Bring force close limit strength reach state UNITY TARGET HOME
Tue Nov 27 14:05:43 +0000 2018	President Jokowi wrap joint statement amid China disagreement trade Despite global economic uncertainty remain optimistic search emerge opportunity amid trade friction
Tue Dec 04 06:01:25 +0000 2018	slytherin rite slytherin abt thug abt strong dedication
Fri Nov 09 06:31:42 +0000 2018	work fitness gym Kelapa Gading 2008 2015 gym start picture website consent period year request remove picture permission oblige
Wed Dec 05 08:06:20 +0000 2018	health crisis Lead scientist agree slash greenhouse gas emission 2030 avert disaster Join demand leader increase commitment action
Tue Dec 04 09:41:41 +0000 2018	Lie Jakarta Coverup Canberra Civil War West Papua Australian funding train Indonesian military police boycott ADF Afppend royal commission
Wed Nov 21 21:18:30 +0000 2018	Word mouth heal little Alexander eye eliminate suspend 1172 12 hour Appeal send 28/10/18 Italian Government Silence PETITION
Sat Dec 08 01:38:09 +0000 2018	improve onward
Mon Dec 10 06:22:02 +0000 2018	OPEN WEBSITE
Sun Dec 02 05:24:29 +0000 2018	semangat bapak stay unbothered work hard
Sat Dec 01 15:44:52 +0000 2018	rice importer country contribute Current Account Deficit cause Rupiah rate depreciation Indonesia learn Thailand way produce high quality cheap rice people rice export commodity
Sat Nov 24 10:26:45 +0000 2018	ignore woman
Sun Dec 09 01:09:39 +0000 2018	deep condolence victim take involve papua development construction continuation good people papua
Mon Nov 26 10:23:20 +0000 2018	good work pak
Fri Dec 07 14:33:42 +0000 2018	Hater human victim Duty Duty Duty Duty Duty Obstruction sector Monster
Wed Nov 07 01:22:51 +0000 2018	buck forget remember Sanskrit word Mahal Good Day Regard people Indonesia God
Sun Dec 02 09:24:10 +0000 2018	Unfortunatelly valuable waste burn leave decay source disease Green House Gas emission hotel restaurant & amp Maternity Hospital rat / mouse & amp snake
Sat Dec 01 15:44:58 +0000 2018	Indonesia require president candidate bravery swear import rice create regulation stimulate Waste Energy Exchange concept produce electric & amp high quality & amp cheap rice poeple leadership
Tue Dec 04 08:26:26 +0000 2018	G20 & amp growth GDP Quarterly G7 avg growth USA close trend increase key country non G7 Asia China India Indonesia growth Indonesia RISING trend
Sat Dec 01 15:44:55 +0000 2018	Unfortunatelly valuable waste burn leave decay source disease Green House Gas emission hotel restaurant Maternity Hospital rat / mouse & amp snake
Tue Nov 27 06:06:32 +0000 2018	Masuk good work
Thu Dec 06 15:14:16 +0000 2018	2016 Indonesia paddy production 75 million ton produce 20 million ton rice husk produce 703 MW electric Unfortunatelly waste burn leave decay source disease GHG emission hotel restaurant&amp Maternity Hospital rat
Sun Dec 02 14:00:00 +0000 2018	2016 Indonesia paddy production 75 million ton produce 20 million ton rice husk produce 703 MW electric Unfortunatelly waste burn leave decay source disease GHG emission hotel restaurant&amp Maternity Hospital snake
Sat Dec 08 14:20:59 +0000 2018	fun Mr President family deserve ain spend lot money family quality time good time Mr President
Tue Dec 11 02:01:09 +0000 2018	Need improve integrity professionalism
Sun Dec 02 14:00:03 +0000 2018	Indonesia require presidential candidate bravery swear import rice create regulation stimulate Waste Energy Exchange concept produce electric high quality & amp cheap rice people leadership
Sun Dec 09 12:00:17 +0000 2018	know help China million Muslim concentration camp human right atrocity & amp care
Tue Nov 27 17:02:04 +0000 2018	Ttue Leader speak optkmism courage deny reality future Bright country
Thu Dec 06 15:14:18 +0000 2018	Indonesia require presidential candidate bravery swear import rice create regulation initiate Waste Energy Exchange concept produce electric high quality & amp cheap rice people tenure
Thu Dec 06 01:04:58 +0000 2018	Indonesia require presidential candidate bravery swear import rice create regulation initiate Waste Energy Exchange concept produce electric high quality & amp cheap rice people leadership
Tue Dec 04 06:30:45 +0000 2018	sir plz help indian human
Thu Nov 29 17:43:51 +0000 2018	wonderful human God bless President
Sat Dec 01 15:44:55 +0000 2018	RMEC Scheme make Thailand rice mill industry efficient Specific Energy Consumption Average 19 kwh / ton&amp Specific Cost Average USD 37 / ton 2016 Thailand rice mill industry able produce high quality&amp cheap rice&amp make rice export product
Fri Dec 07 14:41:42 +0000 2018	Hater human victim Duty Duty Duty Duty Duty Obstruction sector Monster Primitive staying year
Tue Nov 06 22:49:09 +0000 2018	perk have work office Senayan I m excited
Thu Nov 29 03:51:39 +0000 2018	Bapak president firm believer Indonesian Tourism commit like open Selangit lake Toba Lombok
Thu Dec 06 15:14:12 +0000 2018	year Indonesian people spend money purchase expensive rice fuel & amp electric cause high inflation weaken people purchase power & amp uncotrolled worker wage raise protest bother investment climate & amp weaken economic growth
Sat Dec 01 15:44:55 +0000 2018	2016 Indonesia paddy production 75 million ton produce 20 million ton rice husk waste energy potency 341 000 360 GJ / yr equal 703 MW electric power
Sun Dec 02 13:59:55 +0000 2018	year Indonesian people spend money purchase expensive rice fuel & amp electric cause high inflation rate weaken people purchase power&amp uncotrolled worker wage raise protest bother investment climate&amp weaken economic growth
Sat Dec 08 04:41:59 +0000 2018	Quality time ya Pak 👍 👍 👍 Balance life
Sat Dec 01 15:44:52 +0000 2018	year Indonesian people spend money purchase expensive rice fuel&amp electric cause high inflation rate weaken people purchase power&amp uncotrolled worker wage raise protest bother investment climate&amp weaken economic grwoth
Fri Dec 07 09:57:16 +0000 2018	island bodh person skilly reach trunk surface motorboatpassenger endanger island doctor mightious chance save prita Aranya bring technology compressionairtubechainsaw pagan site lakri fave income+federal
Thu Nov 08 04:45:52 +0000 2018	VESSEL INDONESIAN NAVAL CADET TIME CHANGE SHIP DEWARUCI EX FOREIGN SELVES RELIEF BOROBUDUR TEMPLE AMAZING SHIP HV PROUD LET ASAP
Sat Dec 01 15:44:56 +0000 2018	effect Energy&amp Mineral Resources Ministry Regulation 21/2016 Electricity Power Purchasing Biomass Power PT PLN fullfill local electricty requirement strengthen national rice industry produce high quality&amp cheap rice poeple
Thu Dec 06 15:14:17 +0000 2018	effect Energy & amp Mineral Resources Ministry Regulation 21 2016 Electricity Power Purchasing Biomass Power PT PLN fullfill local electricty need strengthen national rice industry produce high quality & amp cheap rice people
Thu Nov 22 12:52:56 +0000 2018	Hello Dear Mehedi Creative Logo / Graphic Designer Priority client satisfaction hope enjoy work order send unlimited Revision logo design choice gig
Sat Nov 10 11:56:52 +0000 2018	Quarter quarter go hide
Wed Nov 21 23:15:32 +0000 2018	Yes good Mr Presiden support pray Indonesia big unity NKRI red white flag
Fri Nov 09 04:22:06 +0000 2018	evidence stabilizer trim run away Pilot force trim nose factor Wait CVR find PK LQP fly level fast VMO nose trim
Thu Dec 06 00:02:00 +0000 2018	Palm oil unavoidable sustainable
Tue Dec 04 09:44:55 +0000 2018	Lie Jakarta Coverup Canberra Civil War West Papua Australian funding train ofIndonesian military police boycott ADF Afppend royal commission
Fri Nov 09 11:25:59 +0000 2018	President Jokowi officially open 37 km East Brebe Sewaka segment Km Pemalang Batang Sewaka SS Pemalang Central Java morning area area region region island island integrate New Emerging economy point
Fri Dec 07 05:31:35 +0000 2018	live Indonesia 12 year deport wife file extension KITAP immigration officer revoke extension specify reason hard work stay live Indonesia throw away
Wed Nov 07 00:43:04 +0000 2018	Gat Andres Bonifacio President Republic Independent Asia President Emilio Aguinaldo Aguinaldo Simbang Gabi Spain Second Crusade Christian
Wed Nov 07 18:20:45 +0000 2018	Presiden Indonesia Jokowi Fail Electricity Teluk Bintuni West Papua city OIL Gas city GROW
Mon Dec 03 05:29:43 +0000 2018	15 20 Year Indonesia World Loose Youth Ca nt Find Solution
Sun Dec 02 03:41:42 +0000 2018	Whilst opposition leader Prabowo Subianto flirt religious nutter radical group incumbent Indonesian president Joko Widodo busy work transform country modern civilized develop nation
Wed Dec 05 04:44:46 +0000 2018	Sory Pak like City kita motor City solid sesuai maybe sory great bagi sartifikat true people want buat lama success sory Joko great 👍 🍁
Thu Dec 06 15:14:13 +0000 2018	Contrast Indonesia electrify people import & amp dirty energy source Thailand Feed Tariff & amp Rice Mill Energy Conservation / RMEC Scheme early 2000 electrifying people & amp rice mill industry Rice Husk Power Plant RHPP
Tue Dec 04 13:20:58 +0000 2018	immediately review head count regulator ministry country reason regulation Indonesia people regulatory body reduce head count regulation streamline
Sat Dec 01 15:44:53 +0000 2018	Contrast Indonesia electrify people import&amp dirty energy source Thailand Feed Tariff&amp Rice Mill Energy Conservation / RMEC Scheme early 2000 electrifying people&amp rice mill industry Rice Husk Power Plant RHPP
Tue Dec 04 10:24:55 +0000 2018	fight day night live country don play terrorist terrorist supporter
Sat Dec 08 02:33:47 +0000 2018	guess clarification prove love eat hoax daily meal Happy eat
Tue Dec 04 02:47:23 +0000 2018	get Cimaja hour night think break hour go Big Jokowi 👏 👏 👏
Sun Dec 09 23:24:16 +0000 2018	agree Mr President ask Indonesia start shift green renewable energy ban use fossil fuel & amp coal world temperature sea level rise bring disaster earthquake drought & amp flood Thank
Sat Dec 01 09:48:46 +0000 2018	funny different etnis Indonesia claim doesn Hindu nation original alpha bethical Indonesian word
Sun Nov 25 12:01:36 +0000 2018	Indonesia GDP Region Econography perspective Urban center gravity economic growth Indonesia GDP 2017 USD 015 Bio nominal
Thu Dec 06 03:35:56 +0000 2018	Gas pool
Tue Dec 04 02:16:09 +0000 2018	year Indonesian people spend money purchase expensive rice fuel&amp electric cause high inflation rate weaken people purchase power&amp uncotrolled worker wage raise protest bother investment climate&amp weaken economic growth
Sun Nov 11 01:35:02 +0000 2018	rapid industrialisation china
Thu Dec 06 04:20:36 +0000 2018	recent year
Thu Nov 08 02:06:09 +0000 2018	let learn f * * * * * star politician word calm positive
Fri Dec 07 12:49:14 +0000 2018	People satanic mind label Jokowi PKI Partai Komunis Indonesia people normal healthy mind dub Jokowi PKI President Keen Intellect
Tue Nov 27 07:22:13 +0000 2018	Let share information Donald Trump Benjamin Netanyahu Vladimir Putin Steve Bullocks partnership ambush Muslim wife daughter big organized crime fail communist crusade
Thu Nov 22 01:31:45 +0000 2018	Learn Islam Indonesia insult Islam
Wed Nov 21 19:07:12 +0000 2018	Ban nationwide plastic use right afford
Fri Dec 07 07:44:07 +0000 2018	Evil minded people label Jokowi PKI Partai Komunis Indonesia people normal healthy mind dub Jokowi PKI President Keen Intellect
Sat Nov 10 09:48:59 +0000 2018	like see Bapak President anthusiasm participate event feel wall separate feel closeness
Thu Nov 22 10:04:35 +0000 2018	Announcement Foreign Ministers Japan Republic Korea Joint Press Occasion （ December 28th 2015 ） Ministry Foreign Affair Japan
Sat Dec 01 09:51:32 +0000 2018	hope country Republic Nederland China England government apart country Indonesia land Thank
Wed Nov 07 00:15:04 +0000 2018	child like smile Mr President 😊 😊
Mon Dec 03 11:10:35 +0000 2018	explain export million ton bauxite ore aluminum producer import large amount alumina aluminum oxide raw material manufacturing product
Thu Nov 22 06:35:27 +0000 2018	morning president Jokowi appoint coronate new Indonesian National Army Chief Staff General Andika Perkasa serve Kopassus serve National Army Commander Congratulation new Chief Staff
Sun Nov 25 12:34:57 +0000 2018	right
Thu Dec 06 00:09:07 +0000 2018	uncommon particularly Yogyakarta & amp Solo dignitary possibly incline deny existence Almigty God worship keris & amp form mystical tool define SYRIQ
Fri Nov 09 01:07:34 +0000 2018	CVR prove Boeing excuse wrong Angle Attack sensor
Sat Nov 24 05:12:08 +0000 2018	Goodnews earthquake strike Lombok NTB area vicinity normal Mount Rinjani quake hit Lombok open trekker Let visit Lombok enjoy scenic natural beauty
Thu Nov 08 02:30:38 +0000 2018	guy smart Indonesian proud
Wed Dec 05 17:23:06 +0000 2018	Don stop right ya pak
Sun Nov 11 01:30:39 +0000 2018	election timing necessary act firmly airline breaking rule include owner Don hesitate fire ring palace remember nation interest priority carefull ring person
Fri Dec 07 01:41:53 +0000 2018	God Blessing Peace Safety Security Prosperity Beloved Indonesia Beloved People Beloved Indonesia Excellency Pdt Joko Widodo People World
Thu Nov 29 00:56:07 +0000 2018	Play domino game game suitable kill time sure happy play waiting download enjoy
Sat Nov 10 09:39:52 +0000 2018	obama bicycle
Thu Nov 29 02:08:57 +0000 2018	hope Rp
Thu Dec 06 05:18:45 +0000 2018	SKorea Cosmetic industry Politician begin seminar export aid visit twitt
Tue Dec 11 01:35:33 +0000 2018	Congratulations Good point God bless & amp God Bless
Tue Dec 11 00:38:25 +0000 2018	saudiararabia&amp yaman God
Fri Nov 09 04:58:36 +0000 2018	Philippines increase tobacco tax finance
Sat Dec 08 04:28:30 +0000 2018	know healthy relationship roast throw sarcasm joke
Fri Nov 30 11:49:00 +0000 2018	example Leader adopt commitment 2014 promise TI recommendation move far slowly don need new promise implement exist commitment
Fri Nov 09 03:01:00 +0000 2018	don Novel Baswedan claim national hero tragedy dark solve
Thu Dec 06 11:00:24 +0000 2018	see article Jakarta Post Surely Bacan main island Wallace deserve recognition help bring tourism resource conservation livelihood memorial create Wallace honor
Wed Nov 21 14:50:16 +0000 2018	like ur systematic approach Indonesia right path
Wed Nov 28 15:33:45 +0000 2018	critic hate white cat choose Africa global way
Sun Dec 09 11:15:52 +0000 2018	Exercise morning good health ~*~ 🌸 ~*~ 🇰 🇷 ~*~ 🌸 ~*~ 🇰 🇷 ~*~ 🌸
Fri Nov 23 07:49:55 +0000 2018	Mr President right track 🌟 👏 👍 👍
Sat Nov 24 15:47:26 +0000 2018	proud Mr PRESIDENT good President God bless health longevity Amen Bless Indonesian people God give Mr President
Sat Dec 08 08:16:23 +0000 2018	Hi dear Wanna free gift card code online 100 work guarantee
Fri Nov 23 07:18:29 +0000 2018	Juz sky light self camera 2013
Sun Dec 02 07:18:03 +0000 2018	Mr President Jokowi real hero hesitate right thing Mauliate
Sat Dec 01 09:50:18 +0000 2018	Hindi Hindustand hindu kingdom land till need freedom country Moslem Christian Hindu nation Indonesia right doktrin religion
Mon Dec 03 03:35:03 +0000 2018	President parliament tremendous outcome progress plan valuable citizen contribute nation principally notion teenager execution initiate good Indonesia
Fri Nov 23 07:21:00 +0000 2018	Juz sky light Self camera iPhone 2013
Sun Nov 25 02:51:48 +0000 2018	proud Mr President Best President bless Indonesian people Yes God give good man like good NKRI Pancasila God bless health longevity Sir AMEN
Wed Dec 12 02:47:28 +0000 2018	Great post Good morning Greeting night
Mon Dec 03 03:32:24 +0000 2018	President parliament tremendous outcome progress plan valuable citizen contribute nation principally notion teenager initiate good Indonesia
Fri Nov 09 06:12:39 +0000 2018	bad idea need preemptive action mitigate call sontoloyo competent leader organization lot tough subordinate compensate reconcile
Mon Dec 03 06:44:26 +0000 2018	Freedom want freedom UK ID donot like Bali donot want stay Indonesia & amp want & amp want stay corrupt immigration torture provide false info&amp harrass hotel staff
Fri Dec 07 07:47:36 +0000 2018	Smart
Mon Dec 10 08:54:48 +0000 2018	right sexual abuse indonesia
Fri Dec 07 07:19:57 +0000 2018	Chainsaw tree maffia active Samosir Island Stop Thank
Sat Dec 08 23:58:37 +0000 2018	Critical analysis Lionair JT610 investigation Boeing response & amp unresolved danger 737MAX operation
Sat Nov 24 09:22:16 +0000 2018	Dear Mr president excusme talk 2019 president twice job mr president
Mon Nov 26 11:52:29 +0000 2018	close intimate President public salute MR PRESIDENT GOD BLESSING TIME JOKOWI 2X
Wed Nov 07 01:10:55 +0000 2018	Basketball like PBA NBA FIBA personal ambition compare reach Highest Office Land Indonesia lean National Language Bahasa Indonesia mask shall drag demean people
Fri Nov 30 11:51:49 +0000 2018	Asmlkm President hope hesitate continue JOBS till 2nd period Amin YRA Merdeka Wlkmslm Wr Br
Fri Dec 07 06:45:49 +0000 2018	need fee visit aid
Thu Dec 06 21:32:08 +0000 2018	Trus
Tue Dec 11 23:42:01 +0000 2018	Obviously good start express numerous time previously absolutely require Independent Decisive Leadership Nation widely Let strive come CONSTITUTIONALIZED 20YrsRenBangNas Collective Goal
Sun Dec 09 03:29:23 +0000 2018	Family start end True value
Sat Nov 10 03:20:09 +0000 2018	check point Especially point bung
Sun Dec 09 03:04:03 +0000 2018	Awesome thumb statement Mr President
Wed Dec 05 02:42:01 +0000 2018	free lunch
Fri Nov 09 06:23:45 +0000 2018	ACTION Worth Consider require ABSOLUTE HONESTY invite AMICABLE PEACEFUL public reconciliation Ahok & amp Ustadz Rozieq
Sun Dec 02 04:30:50 +0000 2018	realise winner Available usual High promotion indonesia TV Free America singer try America president Asia
Sun Dec 02 15:45:31 +0000 2018	Join pkdde
Wed Dec 05 11:57:23 +0000 2018	Goodjobs strong keeppry
Fri Nov 23 14:14:08 +0000 2018	Good job
Fri Dec 07 06:12:29 +0000 2018	Nice job
Fri Dec 07 04:17:31 +0000 2018	GOOD JOB
Tue Dec 11 11:20:44 +0000 2018	Good Job
Tue Nov 27 22:35:22 +0000 2018	beautiful country civilized people lead Orangutan sex slave scream captor visit
Thu Nov 22 10:01:48 +0000 2018	tolong dibantu ya gankz boy like share subscribe youtube channel ya klik link
Wed Nov 21 16:00:29 +0000 2018	Good job sir
Fri Nov 23 15:13:13 +0000 2018	Good job pak
Tue Nov 27 03:12:55 +0000 2018	Good job pakde
Thu Nov 29 04:54:29 +0000 2018	Good Job sir
Mon Dec 03 07:29:53 +0000 2018	Good job Mr President
Fri Dec 07 09:35:04 +0000 2018	param sir president view document tv shearing noble lakri treespecy trunk div year flood waterturbine dam special compressure aircraft chainsaw lead diver precious karma act bodhiq gonggg ghana lake toomany trunk safe sailing
Sun Dec 02 04:32:10 +0000 2018	realise winner Available usual High promotion indonesia TV Free America singer try America president Asia expensive company vote
Fri Nov 09 12:44:51 +0000 2018	good job 👍 👍
Sat Nov 10 17:06:48 +0000 2018	Good job Pak De
Mon Nov 26 06:22:19 +0000 2018	Good job mr president
Mon Dec 10 17:28:17 +0000 2018	Good job Mr president
Sun Dec 09 08:16:12 +0000 2018	Good Job Tuan
Tue Dec 11 06:24:35 +0000 2018	Good job Mas Jokowi
Sat Dec 01 15:44:54 +0000 2018	fulfill rice husk requirement reach 500 ton / day RHPP create Eco Industrial Cluster / Estate local farmers&amp rice mill industry strengthen Thailand rice industry Thailand rice import January August 2018 million ton 735 530 ton Indonesia
Mon Dec 10 09:17:47 +0000 2018	let rich people outside slut people underestimate pain uncountable violence year nation opportunity life time
Wed Nov 28 19:52:43 +0000 2018	Join
Mon Nov 26 15:55:39 +0000 2018	Sedap Good job Mr President
Sun Dec 02 11:29:36 +0000 2018	Good Job Mr President
Tue Dec 11 22:55:02 +0000 2018	Love ur job
Thu Nov 08 00:16:53 +0000 2018	Mrip new vario
Mon Dec 10 09:19:13 +0000 2018	let rich people outside priority slut people underestimate pain uncountable violence year nation opportunity life time
Thu Nov 29 06:01:21 +0000 2018	Good Job Thank Mr Jokowi
Mon Dec 10 09:21:28 +0000 2018	let rich people outside priority slut people underestimate pain uncountable violence year nation high profitable brand opportunity life time
Thu Nov 29 07:20:17 +0000 2018	cruelty kill
Fri Nov 23 08:36:35 +0000 2018	lot thing include immediate regular maintenance service improvement integrate mode transportation safety environmental safeguard
Wed Dec 05 06:32:37 +0000 2018	great job president 😍 😍
Mon Dec 03 01:06:41 +0000 2018	sticker express kind expression happy sad amazed shock scared disappoint angry confused fall love
Wed Nov 07 04:58:46 +0000 2018	2014
Sat Nov 24 06:19:32 +0000 2018	Good job mr president Indonesia
Sun Dec 09 05:09:12 +0000 2018	Cape dech
Mon Dec 10 21:42:00 +0000 2018	FOREIGN AID INDONESIA CEASE PEND ROYAL COMMISSION AUSTRALIA COMPLICITY MASS MURDER TORTURE WEST PAPUA INDONESIA LOMBOK TREATY
Fri Nov 23 06:22:00 +0000 2018	salut pak Presiden know start
Thu Nov 29 14:18:22 +0000 2018	hmmm smell bulshit 😷
Sun Dec 02 05:11:52 +0000 2018	telepathy steal high classified info subject instruct act dangerously eg crash car donate fund thief attack people true lucrative
Fri Dec 07 01:41:36 +0000 2018	Deepest Condolence Beloved Indonesia Beloved People Beloved Indonesia Excellency Pdt Joko Widodo Deep Grief Lose Tragedy
Fri Nov 09 02:18:35 +0000 2018	Deeply Apologize Late Tweet Honorable Indonesia People Indonesia Excellency Pdt Joko Widodo
Sun Dec 09 03:55:10 +0000 2018	Dream believe happen
Sun Dec 02 23:30:50 +0000 2018	Deeply Deeply Apologize Have Plea Honorable Beloved Indonesia Beloved People Beloved Indonesia Excellency Pdt Joko Widodo
Mon Dec 10 07:29:48 +0000 2018	Australia Indonesian West Papuan Genocide cover come end
Fri Nov 09 17:36:04 +0000 2018	help sign petition
Sat Dec 01 06:53:57 +0000 2018	mother lee hsien loong malaysian criminal mohamed ismail nedumaran rajkumari teck boon huat question Indonesia govt reveal Decades career criminal activity etc
Sat Dec 08 03:41:53 +0000 2018	Nice try pak happy
Sat Dec 01 15:44:59 +0000 2018	case year leadership able export rice elect president ready resign leadership ready
Sat Nov 10 14:01:07 +0000 2018	good head good heart formidable combination Nelson Mandela Thank Mr President Selamat Hari Pahlawan
Sat Dec 08 04:01:00 +0000 2018	Happy long week end Sir Save Family Inspiring Power GOD Regard
Wed Nov 07 00:29:12 +0000 2018	see movie Pain Gain perpetrator likely watch movie carry act similar happen target group
Thu Dec 06 10:46:34 +0000 2018	pls help man input positive brain Miris liatnya
Thu Dec 06 01:04:58 +0000 2018	case year leadership able export rice elect president ready resign voluntarily leadership brave swear
Thu Dec 06 15:14:19 +0000 2018	case year tenure able export rice elect president ready resign voluntarily leadership brave swear
Sun Dec 09 07:15:13 +0000 2018	sweet word God bless Mr Jokowi family Thanks country proud Indonesian 🇮 🇩 wait pisang man
Wed Nov 07 01:15:38 +0000 2018	good faith personally whim caprice outward philandering thick face imagine Saddam Hussein Iraq way 1991 attack Kuwait Brunei Darussalam lie near beneath
Wed Nov 07 00:38:33 +0000 2018	true Philippines colonize Spain 400 year equally true Spain colonize Arab 400 year Strike fact Noli Tangere Huwag Mo Akong Salangin Touch Dr Jose Rizal KKK
Thu Nov 29 11:28:21 +0000 2018	bravo viva forever
Mon Dec 03 07:54:14 +0000 2018	advantage soon ll invite start cloud
Fri Nov 09 06:41:38 +0000 2018	period time rejoin gym person sign gym manager give pretty good deal month problem ensue member gesture reciprocate favorable fashion lead big problem
Fri Nov 30 14:02:42 +0000 2018	Professor President Respect
Sat Nov 10 09:40:22 +0000 2018	veri interisting amazing Mr Jkw
Fri Dec 07 09:07:57 +0000 2018	pak Jokowi
Sun Dec 09 04:45:06 +0000 2018	family goal president goal ❤ ️
Wed Nov 07 12:58:27 +0000 2018	Alhamdulillah Tank Mr President Indonesian people
Sat Dec 08 10:03:13 +0000 2018	yeah president Family
Tue Nov 27 10:59:15 +0000 2018	propose truce peace think relief solution [ Unless invest energy it ]
Wed Nov 07 01:17:13 +0000 2018	Sarawak Indonesia don think King Salman Saudi Arabia shall agree don pass
Sat Dec 08 10:33:23 +0000 2018	Good tweet year
Sun Dec 09 12:51:47 +0000 2018	specific Bob
Fri Nov 30 06:38:09 +0000 2018	Hmmmmmmm 10 jam
Mon Dec 10 16:41:13 +0000 2018	30 novel wow
Mon Dec 03 06:50:54 +0000 2018	leadership lot criminal produce & amp support Indonesia horrible leadership provide nation speak lot lie way notice Shame
Thu Nov 22 11:39:11 +0000 2018	GOD bless team Mr President
Sat Dec 08 10:59:39 +0000 2018	God bless family Pak
Fri Nov 23 00:35:52 +0000 2018	Nek Ono presiden yo pasare rame
Sun Dec 09 05:47:26 +0000 2018	love Majesty Mr President Joko Widodo familly
Mon Nov 26 11:44:59 +0000 2018	Program Sosial nomor Pilih Presiden nomor 2️⃣ 👆 🏽 ✌ 🏽 * Yuk iseng2 Vote
Sun Dec 02 12:58:43 +0000 2018	Dec 2016 call 212 Action million muslim & amp non muslim protest Jakarta Governor ahok blasphemy Qur million friendly people reach Monas attend peaceful reunion 212 Thank GOD 😊
Thu Nov 08 02:08:09 +0000 2018	memang 👍 👍 👍 🤘 🤘 🤘
Tue Dec 04 02:56:44 +0000 2018	visioner leader world 😍 😍 😍 😍
Mon Dec 03 06:33:39 +0000 2018	day carry abuse harrassment torture Indonesia
Sun Dec 09 03:49:35 +0000 2018	Dream believe happen xxxx 🍎 🍎 🍎 🍎 🍎 🐍 🐍 🐍 🌑 🌑 🌑 🌑 🌑 🌑 🌏 🌏 🗽 🗽 🗽 🗽
Mon Nov 26 13:19:26 +0000 2018	thank Mr President Joko Widodo Negara Kesatuan Republik Indonesia God bless stefantommy
Mon Nov 26 19:06:46 +0000 2018	Stop separate family Indonesia insult Islam Islamic value
Wed Nov 28 03:58:37 +0000 2018	PUSH Pray Happen Lord good impossible Indonesia bangkit
Sun Nov 11 00:54:57 +0000 2018	Selmat hri pahlawan pakdhe presiden GOD BLESS FAMILY 😍 😍 😍 😍 😍
Sat Nov 10 14:47:31 +0000 2018	Congrat 10 follow
Thu Nov 29 10:54:57 +0000 2018	Yes Mr Presidet ready UMKM love Indonesia God 🇲 🇨 💚
Sun Dec 09 23:19:56 +0000 2018	Joko Widodo insult family life insult Islam
Wed Dec 05 12:33:55 +0000 2018	Lady diana & amp mohammed al fayed attend gala charity
Wed Nov 07 00:32:57 +0000 2018	mutiny Bahasa Brunei Darussalam Philippines colonize Spain 400 year come King Philip II National Language Pilipino semblance Philippines Spain
Tue Dec 04 09:43:58 +0000 2018	like jacket Mister President Jokowi & amp like jacket actre Agnes /Agnez Mo
Wed Dec 05 02:34:40 +0000 2018	Hi click support GoFundMe campaign Little Buggs Life
Tue Dec 04 02:14:42 +0000 2018	2018 break promise stop rice import
Sun Dec 02 05:10:16 +0000 2018	note special method telepathy hypnosis spike water pipe sedative conditioning mind sedative esp Note true magic spirit
Sun Dec 02 12:53:49 +0000 2018	2105 break promise stop rice import
Wed Nov 07 00:56:00 +0000 2018	father Senator Ramon Magsaysay Jr unlike theirs Surname Spanish DR Jose Rizal National Hero generation Filipino Chinese Surname Mercado Pilipino palengke market salung bubola Brassier salung guguhit
Fri Nov 09 08:27:27 +0000 2018	listen stop patriarchist attitude shame man think rape pelanggaran ringan decide blame victim speak instead Sad
Wed Nov 07 00:46:55 +0000 2018	Spanish Prayle like Father Damaso Noli Tangere Surname Dino original Spanish Surname unlike President President Diosdado Macapagal father President Gloria Macapagal Arroyo President Ramon Magsaysay
Thu Dec 06 00:11:26 +0000 2018	want separatism military approach afraid get bad diplomacy
Fri Nov 09 11:28:40 +0000 2018	Pejagan Pemalang Toll Road toll extend 57 km link Pejagan Brebe Pemalang Central Java Indonesia toll road continuation Kanci Pejagan Toll Road Trans Java Toll Road
Tue Dec 11 22:33:24 +0000 2018	Season Greeting President cat world ask stop torture cat nation‼️The cruelty inflict barbaric ‼️ alive‼️ justifiable reason torture‼
Sun Dec 09 04:37:48 +0000 2018	Sehat selalu bapakku dukung kopi indonesia maju terus bangsa kita bravo pak president Jokowin mean win moral win nation win ego lately Don afraid pak totally understand support cause know way lead
Fri Nov 09 06:36:16 +0000 2018	remove photo head gym manager angry sit boxing ring demand know month remain contract say contract end plan renew end renew 3rd contract
