created_at	text
Wed Dec 05 08:06:20 +0000 2018	health crisis Lead scientist agree slash greenhouse gas emission 2030 avert disaster Join demand leader increase commitment action
Sat Dec 01 15:44:55 +0000 2018	RMEC Scheme make Thailand rice mill industry efficient Specific Energy Consumption Average 19 kwh / ton&amp Specific Cost Average USD 37 / ton 2016 Thailand rice mill industry able produce high quality&amp cheap rice&amp make rice export product
Fri Dec 07 09:19:44 +0000 2018	Pump approx GDP public health system focus provide universal FREE PHC service enable win big 2019 prove vote winner
Thu Dec 06 15:14:13 +0000 2018	Contrast Indonesia electrify people import & amp dirty energy source Thailand Feed Tariff & amp Rice Mill Energy Conservation / RMEC Scheme early 2000 electrifying people & amp rice mill industry Rice Husk Power Plant RHPP
Sun Dec 02 09:24:04 +0000 2018	Indonesia new & amp renewable energy development handicap
Sat Dec 01 15:44:53 +0000 2018	Contrast Indonesia electrify people import&amp dirty energy source Thailand Feed Tariff&amp Rice Mill Energy Conservation / RMEC Scheme early 2000 electrifying people&amp rice mill industry Rice Husk Power Plant RHPP
Thu Dec 06 15:14:17 +0000 2018	effect Energy & amp Mineral Resources Ministry Regulation 21 2016 Electricity Power Purchasing Biomass Power PT PLN fullfill local electricty need strengthen national rice industry produce high quality & amp cheap rice people
Sun Dec 09 23:24:16 +0000 2018	agree Mr President ask Indonesia start shift green renewable energy ban use fossil fuel & amp coal world temperature sea level rise bring disaster earthquake drought & amp flood Thank
Sat Dec 01 15:44:56 +0000 2018	effect Energy&amp Mineral Resources Ministry Regulation 21/2016 Electricity Power Purchasing Biomass Power PT PLN fullfill local electricty requirement strengthen national rice industry produce high quality&amp cheap rice poeple
Fri Dec 07 14:27:53 +0000 2018	fall love want freedom health economy Thank humanity know terrible experience possible welcome normal thought opportunity business think primitive
Sun Nov 25 06:26:32 +0000 2018	water resource irrigation development weir dam irrigation canal key factor develop potential local economy fulfill need padi produce capacity
Tue Dec 11 03:16:09 +0000 2018	Future Indonesian Fishery Digitalization Driving Industry Global Maritime Axis realistic dream Indonesia President come power
Fri Dec 07 12:49:14 +0000 2018	People satanic mind label Jokowi PKI Partai Komunis Indonesia people normal healthy mind dub Jokowi PKI President Keen Intellect
Sat Dec 01 15:44:55 +0000 2018	2016 Indonesia paddy production 75 million ton produce 20 million ton rice husk waste energy potency 341 000 360 GJ / yr equal 703 MW electric power
Sun Dec 02 09:24:13 +0000 2018	Indonesia require presidential candidate bravery swear import rice create regulation stimulate Waste Energy Exchange development concept produce electric & amp high quality & amp cheap rice poeple leadership
Fri Dec 07 07:44:07 +0000 2018	Evil minded people label Jokowi PKI Partai Komunis Indonesia people normal healthy mind dub Jokowi PKI President Keen Intellect
Fri Nov 23 08:22:59 +0000 2018	Rural development right thing end boost local economic growth reduce poverty migration city
Sat Dec 01 15:44:58 +0000 2018	Indonesia require president candidate bravery swear import rice create regulation stimulate Waste Energy Exchange concept produce electric & amp high quality & amp cheap rice poeple leadership
Wed Nov 07 01:01:03 +0000 2018	Woman underwear salung pupuwit Chair Pilipino National Language Pili Pino Chosen Refine Pilipino hard study University Philippines Diliman Quezon City Philippines primer State University Country
Sun Dec 02 14:00:03 +0000 2018	Indonesia require presidential candidate bravery swear import rice create regulation stimulate Waste Energy Exchange concept produce electric high quality & amp cheap rice people leadership
Fri Dec 07 11:00:56 +0000 2018	contribution anti level rise affect island neighbour
Fri Nov 23 08:36:35 +0000 2018	lot thing include immediate regular maintenance service improvement integrate mode transportation safety environmental safeguard
Thu Dec 06 15:14:18 +0000 2018	Indonesia require presidential candidate bravery swear import rice create regulation initiate Waste Energy Exchange concept produce electric high quality & amp cheap rice people tenure
Thu Dec 06 01:04:58 +0000 2018	Indonesia require presidential candidate bravery swear import rice create regulation initiate Waste Energy Exchange concept produce electric high quality & amp cheap rice people leadership
Thu Dec 06 00:02:00 +0000 2018	Palm oil unavoidable sustainable
Sat Nov 24 08:20:35 +0000 2018	connect city highway reduce cost time distance drive efficient effective delivery product boost potential local economy development end reduce poverty
Sat Nov 10 14:01:07 +0000 2018	good head good heart formidable combination Nelson Mandela Thank Mr President Selamat Hari Pahlawan
Tue Nov 27 01:09:51 +0000 2018	
Sat Dec 01 15:44:55 +0000 2018	Unfortunatelly valuable waste burn leave decay source disease Green House Gas emission hotel restaurant Maternity Hospital rat / mouse & amp snake
Sun Dec 02 09:24:10 +0000 2018	Unfortunatelly valuable waste burn leave decay source disease Green House Gas emission hotel restaurant & amp Maternity Hospital rat / mouse & amp snake
Tue Nov 27 10:59:15 +0000 2018	propose truce peace think relief solution [ Unless invest energy it ]
Thu Nov 22 01:54:18 +0000 2018	Palm oil unleash environmental catastrophe Indonesia
Wed Nov 07 01:22:51 +0000 2018	buck forget remember Sanskrit word Mahal Good Day Regard people Indonesia God
Tue Dec 11 23:42:01 +0000 2018	Obviously good start express numerous time previously absolutely require Independent Decisive Leadership Nation widely Let strive come CONSTITUTIONALIZED 20YrsRenBangNas Collective Goal
Sun Dec 02 09:24:12 +0000 2018	increase Farmer Exchange Rate increase national rate growth reduce Current Account Deficit Refference
Sun Dec 09 11:15:52 +0000 2018	Exercise morning good health ~*~ 🌸 ~*~ 🇰 🇷 ~*~ 🌸 ~*~ 🇰 🇷 ~*~ 🌸
Fri Dec 07 01:41:53 +0000 2018	God Blessing Peace Safety Security Prosperity Beloved Indonesia Beloved People Beloved Indonesia Excellency Pdt Joko Widodo People World
Sun Dec 09 01:09:39 +0000 2018	deep condolence victim take involve papua development construction continuation good people papua
Thu Dec 06 15:14:12 +0000 2018	year Indonesian people spend money purchase expensive rice fuel & amp electric cause high inflation weaken people purchase power & amp uncotrolled worker wage raise protest bother investment climate & amp weaken economic growth
Sun Dec 02 13:59:55 +0000 2018	year Indonesian people spend money purchase expensive rice fuel & amp electric cause high inflation rate weaken people purchase power&amp uncotrolled worker wage raise protest bother investment climate&amp weaken economic growth
Thu Dec 06 15:14:16 +0000 2018	2016 Indonesia paddy production 75 million ton produce 20 million ton rice husk produce 703 MW electric Unfortunatelly waste burn leave decay source disease GHG emission hotel restaurant&amp Maternity Hospital rat
Sun Dec 02 14:00:00 +0000 2018	2016 Indonesia paddy production 75 million ton produce 20 million ton rice husk produce 703 MW electric Unfortunatelly waste burn leave decay source disease GHG emission hotel restaurant&amp Maternity Hospital snake
Sat Dec 01 15:44:52 +0000 2018	year Indonesian people spend money purchase expensive rice fuel&amp electric cause high inflation rate weaken people purchase power&amp uncotrolled worker wage raise protest bother investment climate&amp weaken economic grwoth
Mon Dec 03 06:48:12 +0000 2018	Dirty work Indonesian Immigration & amp hotel security torture occasion Harass constantly Filthy indonesian authority reward idiot Photo injury
Wed Nov 07 01:15:38 +0000 2018	good faith personally whim caprice outward philandering thick face imagine Saddam Hussein Iraq way 1991 attack Kuwait Brunei Darussalam lie near beneath
Fri Nov 23 14:14:08 +0000 2018	Good job
Fri Dec 07 04:17:31 +0000 2018	GOOD JOB
Tue Dec 11 11:20:44 +0000 2018	Good Job
Sat Nov 24 15:47:26 +0000 2018	proud Mr PRESIDENT good President God bless health longevity Amen Bless Indonesian people God give Mr President
Wed Nov 21 16:00:29 +0000 2018	Good job sir
Fri Nov 23 15:13:13 +0000 2018	Good job pak
Tue Nov 27 03:12:55 +0000 2018	Good job pakde
Thu Nov 29 04:54:29 +0000 2018	Good Job sir
Mon Dec 03 07:29:53 +0000 2018	Good job Mr President
Fri Dec 07 15:11:54 +0000 2018	feel wonder difficult find good people judge fall love easy time hurt want honor
Sat Dec 08 04:28:30 +0000 2018	know healthy relationship roast throw sarcasm joke
Fri Nov 09 12:44:51 +0000 2018	good job 👍 👍
Sat Nov 10 17:06:48 +0000 2018	Good job Pak De
Mon Nov 26 06:22:19 +0000 2018	Good job mr president
Mon Dec 10 17:28:17 +0000 2018	Good job Mr president
Sun Dec 09 08:16:12 +0000 2018	Good Job Tuan
Tue Dec 11 06:24:35 +0000 2018	Good job Mas Jokowi
Wed Nov 07 07:33:15 +0000 2018	flat line 3Q low growth decade & amp negative celebrate
Mon Nov 26 15:55:39 +0000 2018	Sedap Good job Mr President
Sun Dec 02 11:29:36 +0000 2018	Good Job Mr President
Wed Nov 28 15:33:45 +0000 2018	critic hate white cat choose Africa global way
Mon Nov 26 12:33:56 +0000 2018	realise overproduce deforest precious natural resource futur desperately search way rid Maybe time think reduce palm oil production good humanity
Tue Nov 27 14:05:43 +0000 2018	President Jokowi wrap joint statement amid China disagreement trade Despite global economic uncertainty remain optimistic search emerge opportunity amid trade friction
Wed Nov 07 18:18:36 +0000 2018	Good
Mon Nov 26 10:23:20 +0000 2018	good work pak
Thu Nov 29 06:01:21 +0000 2018	Good Job Thank Mr Jokowi
Sat Dec 08 14:20:59 +0000 2018	fun Mr President family deserve ain spend lot money family quality time good time Mr President
Wed Nov 07 10:26:10 +0000 2018	Look good
Fri Dec 07 07:59:24 +0000 2018	Good vision
Fri Dec 07 09:45:57 +0000 2018	Good Mister
Fri Nov 30 00:06:07 +0000 2018	Good pak
Mon Dec 10 02:53:50 +0000 2018	Good family
Tue Nov 27 06:06:32 +0000 2018	Masuk good work
Sun Dec 02 09:24:06 +0000 2018	year Indonesia Government fail creat condition strengthen national rice industry order produce high quality & amp cheap rice poeple increase Farmer Exchange Rates&amp economic growth rate reduce Current Account Deficit
Thu Dec 06 15:14:13 +0000 2018	year Indonesia Government fail creat regulation strengthen national rice industry order produce high quality & amp cheap rice people increase Farmer Exchange Rate & amp economic growth rate reduce Current Account Deficit
Wed Nov 07 11:28:43 +0000 2018	Waowww good
Fri Nov 09 14:04:28 +0000 2018	good congratulations
Tue Nov 27 08:48:03 +0000 2018	Good presiden
Thu Nov 29 03:59:46 +0000 2018	Good 👍 🙏
Sun Dec 02 12:57:32 +0000 2018	Good exercise today
Sun Dec 09 12:03:22 +0000 2018	Good luck Mr president
Sun Nov 25 02:51:48 +0000 2018	proud Mr President Best President bless Indonesian people Yes God give good man like good NKRI Pancasila God bless health longevity Sir AMEN
Sat Nov 24 06:19:32 +0000 2018	Good job mr president Indonesia
Sat Nov 24 12:24:26 +0000 2018	Good luck pa presiden
Fri Dec 07 06:12:36 +0000 2018	good Mr president
Thu Nov 29 04:15:09 +0000 2018	Customer Service POKERASTRO SMS +85581297799 PIN BBM DC8B743C Whatsapp +85581297799 LINE POKERASTRO WECHAT POKERASTRO Layanan Live Chat 24JAM ONLINE
Sun Dec 09 11:23:48 +0000 2018	Jokowi good throw shade lol 😂 😂 😂
Thu Nov 29 03:51:39 +0000 2018	Bapak president firm believer Indonesian Tourism commit like open Selangit lake Toba Lombok
Thu Nov 08 04:04:48 +0000 2018	good news indonesian electrical motor project look like VARIO
Sat Nov 24 01:44:01 +0000 2018	Good president
Mon Nov 26 07:24:52 +0000 2018	Good President 👍 👍 👍
Mon Dec 03 04:45:50 +0000 2018	good bless mr president 💕 🙏
Tue Dec 11 01:40:03 +0000 2018	Good word 👍 👍 🇮 🇩 🇮 🇩
Sat Dec 01 15:44:53 +0000 2018	year Indonesia Government fail creat condition strengthen national rice industry order produce high quality&amp cheap rice poeple increase Farmer Exchange Rates&amp national growth rate reduce Current Account Deficit
Fri Nov 23 14:11:20 +0000 2018	Good luck dan God Bless
Sat Dec 01 09:50:18 +0000 2018	Hindi Hindustand hindu kingdom land till need freedom country Moslem Christian Hindu nation Indonesia right doktrin religion
Sun Dec 02 05:10:16 +0000 2018	note special method telepathy hypnosis spike water pipe sedative conditioning mind sedative esp Note true magic spirit
Thu Nov 22 06:11:48 +0000 2018	good president help follow twitter
Fri Nov 09 06:12:39 +0000 2018	bad idea need preemptive action mitigate call sontoloyo competent leader organization lot tough subordinate compensate reconcile
Sun Dec 09 02:43:05 +0000 2018	that s choose sir good family leader
Sun Dec 09 12:46:56 +0000 2018	Good Guy cc
Sat Dec 08 01:23:55 +0000 2018	good morning president follow
Wed Dec 12 02:47:28 +0000 2018	Great post Good morning Greeting night
Fri Nov 09 04:58:36 +0000 2018	Philippines increase tobacco tax finance
Fri Nov 09 06:44:19 +0000 2018	speak gym manager issue couldn come understanding request refund remaining month leave prepaid contract end lose money bc pay high fee want refund account
Tue Dec 11 02:01:09 +0000 2018	Need improve integrity professionalism
Tue Dec 04 02:16:09 +0000 2018	year Indonesian people spend money purchase expensive rice fuel&amp electric cause high inflation rate weaken people purchase power&amp uncotrolled worker wage raise protest bother investment climate&amp weaken economic growth
Sun Dec 09 11:26:38 +0000 2018	leadership example Pak 👍 🏻 good parenting start
Tue Dec 11 01:35:33 +0000 2018	Congratulations Good point God bless & amp God Bless
Sun Dec 09 03:29:23 +0000 2018	Family start end True value
Sat Dec 08 01:38:09 +0000 2018	improve onward
Wed Nov 28 03:58:37 +0000 2018	PUSH Pray Happen Lord good impossible Indonesia bangkit
Sun Dec 02 12:58:43 +0000 2018	Dec 2016 call 212 Action million muslim & amp non muslim protest Jakarta Governor ahok blasphemy Qur million friendly people reach Monas attend peaceful reunion 212 Thank GOD 😊
Sat Nov 10 11:56:19 +0000 2018	journalist refugee Indonesia tell world man lead Indonesia love peace strong economy love Indonesian
Tue Dec 04 08:26:26 +0000 2018	G20 & amp growth GDP Quarterly G7 avg growth USA close trend increase key country non G7 Asia China India Indonesia growth Indonesia RISING trend
Tue Dec 04 09:52:12 +0000 2018	Like connect share Late update Innovative Intelligence & amp Surveillance System Electronic Warfare System Cyber Warfare| Avionics |Border Surveillance| Satellite Imaging Visit site
Sun Dec 02 04:32:10 +0000 2018	realise winner Available usual High promotion indonesia TV Free America singer try America president Asia expensive company vote
Mon Dec 10 05:55:51 +0000 2018	Racism Chinese obstruct /insult Local nation abuse United states America kick away Happen year
Thu Dec 06 11:00:24 +0000 2018	see article Jakarta Post Surely Bacan main island Wallace deserve recognition help bring tourism resource conservation livelihood memorial create Wallace honor
Mon Dec 03 06:14:48 +0000 2018	Fight dul 💪 God Bless you 😇
Tue Dec 04 13:20:58 +0000 2018	immediately review head count regulator ministry country reason regulation Indonesia people regulatory body reduce head count regulation streamline
Sun Nov 25 12:01:36 +0000 2018	Indonesia GDP Region Econography perspective Urban center gravity economic growth Indonesia GDP 2017 USD 015 Bio nominal
Wed Nov 21 19:07:12 +0000 2018	Ban nationwide plastic use right afford
Fri Nov 09 06:41:38 +0000 2018	period time rejoin gym person sign gym manager give pretty good deal month problem ensue member gesture reciprocate favorable fashion lead big problem
Thu Dec 06 03:35:56 +0000 2018	Gas pool
Sat Dec 01 09:48:46 +0000 2018	funny different etnis Indonesia claim doesn Hindu nation original alpha bethical Indonesian word
Fri Nov 09 11:25:59 +0000 2018	President Jokowi officially open 37 km East Brebe Sewaka segment Km Pemalang Batang Sewaka SS Pemalang Central Java morning area area region region island island integrate New Emerging economy point
Mon Nov 26 19:06:46 +0000 2018	Stop separate family Indonesia insult Islam Islamic value
Mon Nov 26 06:55:38 +0000 2018	Action pak
Thu Nov 08 22:10:47 +0000 2018	PT Suzuki Indomobil Sale Indonesia officially state 3rd June 2016 authorize dealership NORMAL feel vibration Indonesia mean sell Indonesia share similar feature
Tue Dec 04 02:27:39 +0000 2018	Talk
Sat Nov 24 05:12:08 +0000 2018	Goodnews earthquake strike Lombok NTB area vicinity normal Mount Rinjani quake hit Lombok open trekker Let visit Lombok enjoy scenic natural beauty
Sun Dec 02 04:30:50 +0000 2018	realise winner Available usual High promotion indonesia TV Free America singer try America president Asia
Sat Nov 10 11:56:52 +0000 2018	Quarter quarter go hide
Wed Nov 07 00:38:33 +0000 2018	true Philippines colonize Spain 400 year equally true Spain colonize Arab 400 year Strike fact Noli Tangere Huwag Mo Akong Salangin Touch Dr Jose Rizal KKK
Sat Dec 08 04:41:59 +0000 2018	Quality time ya Pak 👍 👍 👍 Balance life
Sun Dec 09 12:24:33 +0000 2018	Joss Mr Presiden Jokowi 2periode luv
Fri Dec 07 10:21:43 +0000 2018	ACTION
Wed Nov 07 00:43:04 +0000 2018	Gat Andres Bonifacio President Republic Independent Asia President Emilio Aguinaldo Aguinaldo Simbang Gabi Spain Second Crusade Christian
Tue Nov 27 16:41:27 +0000 2018	selfie he s change wood
Sat Nov 24 09:22:16 +0000 2018	Dear Mr president excusme talk 2019 president twice job mr president
Sat Nov 10 09:39:52 +0000 2018	obama bicycle
Fri Dec 07 06:45:49 +0000 2018	need fee visit aid
Thu Nov 08 16:46:55 +0000 2018	Joss
Tue Nov 27 17:02:04 +0000 2018	Ttue Leader speak optkmism courage deny reality future Bright country
Sat Dec 01 09:41:03 +0000 2018	Dear Mr President Indonesia till need write proclaimation need freedom country build education government country
Fri Dec 07 14:33:42 +0000 2018	Hater human victim Duty Duty Duty Duty Duty Obstruction sector Monster
Fri Dec 07 09:57:16 +0000 2018	island bodh person skilly reach trunk surface motorboatpassenger endanger island doctor mightious chance save prita Aranya bring technology compressionairtubechainsaw pagan site lakri fave income+federal
Mon Dec 10 09:36:07 +0000 2018	mantap boss
Sat Dec 01 15:44:52 +0000 2018	rice importer country contribute Current Account Deficit cause Rupiah rate depreciation Indonesia learn Thailand way produce high quality cheap rice people rice export commodity
Mon Dec 03 03:32:24 +0000 2018	President parliament tremendous outcome progress plan valuable citizen contribute nation principally notion teenager initiate good Indonesia
Mon Dec 03 14:39:55 +0000 2018	chance time
Mon Dec 10 12:08:31 +0000 2018	Defend Positive Negative Negative Positive force give length distance mean long solution Bring force close limit strength reach state UNITY TARGET HOME
Mon Dec 10 12:23:56 +0000 2018	LAW HUNTING LAW RESULT OKNUM PENEGAK HUKUM TERLIBAT
Sun Nov 11 01:35:02 +0000 2018	rapid industrialisation china
Tue Nov 27 06:13:25 +0000 2018	Oke google mas mas itu
Sun Dec 09 09:25:05 +0000 2018	Joss President cc
Sun Dec 09 04:34:55 +0000 2018	Mr President say Hope Indonesian content GOD give work hard forward care wonderful Bless day
Fri Dec 07 14:41:42 +0000 2018	Hater human victim Duty Duty Duty Duty Duty Obstruction sector Monster Primitive staying year
Fri Dec 07 04:23:42 +0000 2018	need
Sat Dec 08 04:18:41 +0000 2018	team
Mon Dec 10 08:54:48 +0000 2018	right sexual abuse indonesia
Thu Dec 06 09:23:07 +0000 2018	Samosir Island Tomok hill chainsaw tree maffia learn Make wood board spot tourist move good place Soon Samosir Island desert Thank
Tue Dec 04 04:12:48 +0000 2018	joss ilke proud mr president
Mon Dec 03 05:29:43 +0000 2018	15 20 Year Indonesia World Loose Youth Ca nt Find Solution
Wed Nov 07 18:20:45 +0000 2018	Presiden Indonesia Jokowi Fail Electricity Teluk Bintuni West Papua city OIL Gas city GROW
Mon Dec 03 03:35:03 +0000 2018	President parliament tremendous outcome progress plan valuable citizen contribute nation principally notion teenager execution initiate good Indonesia
Tue Nov 27 07:22:13 +0000 2018	Let share information Donald Trump Benjamin Netanyahu Vladimir Putin Steve Bullocks partnership ambush Muslim wife daughter big organized crime fail communist crusade
Fri Dec 07 05:31:35 +0000 2018	live Indonesia 12 year deport wife file extension KITAP immigration officer revoke extension specify reason hard work stay live Indonesia throw away
Fri Dec 07 15:30:10 +0000 2018	need Korea employer
Fri Nov 09 06:36:16 +0000 2018	remove photo head gym manager angry sit boxing ring demand know month remain contract say contract end plan renew end renew 3rd contract
Sun Dec 09 20:46:39 +0000 2018	need pak de
Sun Dec 09 05:39:20 +0000 2018	love thing photo person dress expression huh
Wed Nov 21 21:18:30 +0000 2018	Word mouth heal little Alexander eye eliminate suspend 1172 12 hour Appeal send 28/10/18 Italian Government Silence PETITION
Sun Dec 09 20:08:51 +0000 2018	need Indonesia leader
Thu Dec 06 02:44:12 +0000 2018	wanna know play letter haven arrive
Tue Dec 11 22:33:24 +0000 2018	Season Greeting President cat world ask stop torture cat nation‼️The cruelty inflict barbaric ‼️ alive‼️ justifiable reason torture‼
Mon Dec 10 17:21:57 +0000 2018	chase build fantastic
Fri Nov 30 11:49:00 +0000 2018	example Leader adopt commitment 2014 promise TI recommendation move far slowly don need new promise implement exist commitment
Tue Dec 04 17:15:23 +0000 2018	checkout student learn navigate challenge information landscape master skill news literacy
Sun Dec 09 12:54:44 +0000 2018	Mari kita saling menghormati setiap profesi apapun itu Sehat terus Pakde highly appreciate humble person respect 😊 😉
Thu Nov 22 03:31:33 +0000 2018	President Appraiser Boss Scorer vs 888 tell
Thu Dec 06 09:54:36 +0000 2018	handler heed
Mon Dec 10 06:12:31 +0000 2018	ALFA RIO WANTO WANT MONEY MILLION ALFA RIO WANTO WORK ALFA RIO WANTO MONEY ALFA RIO WANTO WAGE 50 WEEK ALFA RIO WANTO WORK ALFA RIO WANTO MONEY ALFA RIO WANTO WORK
Sat Nov 10 09:48:59 +0000 2018	like see Bapak President anthusiasm participate event feel wall separate feel closeness
Thu Nov 22 12:52:56 +0000 2018	Hello Dear Mehedi Creative Logo / Graphic Designer Priority client satisfaction hope enjoy work order send unlimited Revision logo design choice gig
Wed Nov 07 13:24:14 +0000 2018	Safety pak Nice 👌
Fri Dec 07 01:41:36 +0000 2018	Deepest Condolence Beloved Indonesia Beloved People Beloved Indonesia Excellency Pdt Joko Widodo Deep Grief Lose Tragedy
Mon Dec 03 06:50:54 +0000 2018	leadership lot criminal produce & amp support Indonesia horrible leadership provide nation speak lot lie way notice Shame
Tue Dec 04 06:46:10 +0000 2018	Work work work
Fri Dec 07 10:11:26 +0000 2018	INCLUDE
Mon Dec 03 12:47:56 +0000 2018	LOL sir
Thu Dec 06 05:18:45 +0000 2018	SKorea Cosmetic industry Politician begin seminar export aid visit twitt
Wed Dec 05 13:37:42 +0000 2018	open boking cod include room TB164 / BB47kg / bra33b WA 082291881288
Wed Nov 07 01:10:55 +0000 2018	Basketball like PBA NBA FIBA personal ambition compare reach Highest Office Land Indonesia lean National Language Bahasa Indonesia mask shall drag demean people
Sat Dec 08 03:44:08 +0000 2018	Soon Samosir Island desert Chainsawing tree maffia bussy change island dessert Investment camel future Thank
Thu Nov 08 04:45:52 +0000 2018	VESSEL INDONESIAN NAVAL CADET TIME CHANGE SHIP DEWARUCI EX FOREIGN SELVES RELIEF BOROBUDUR TEMPLE AMAZING SHIP HV PROUD LET ASAP
Thu Nov 29 05:58:53 +0000 2018	Copy paste
Sat Dec 08 00:15:29 +0000 2018	know guy good road
Mon Dec 03 06:44:26 +0000 2018	Freedom want freedom UK ID donot like Bali donot want stay Indonesia & amp want & amp want stay corrupt immigration torture provide false info&amp harrass hotel staff
Mon Dec 03 11:10:35 +0000 2018	explain export million ton bauxite ore aluminum producer import large amount alumina aluminum oxide raw material manufacturing product
Sun Dec 09 10:24:22 +0000 2018	Credit 👏 👏 👏 👏
Mon Dec 10 07:10:54 +0000 2018	Let kampret hate well know opposition beat hard work try disgusting way drag
Fri Dec 07 08:01:44 +0000 2018	people love Jokowi
Tue Nov 27 03:56:05 +0000 2018	cheat promote artist Japan instruction
Thu Nov 22 14:23:08 +0000 2018	Safe Flight Pakdhe ❤ 🇮 🇩
Wed Nov 07 00:32:57 +0000 2018	mutiny Bahasa Brunei Darussalam Philippines colonize Spain 400 year come King Philip II National Language Pilipino semblance Philippines Spain
Wed Dec 05 11:57:23 +0000 2018	Goodjobs strong keeppry
Fri Nov 23 06:22:00 +0000 2018	salut pak Presiden know start
Fri Dec 07 06:12:29 +0000 2018	Nice job
Fri Nov 09 06:31:42 +0000 2018	work fitness gym Kelapa Gading 2008 2015 gym start picture website consent period year request remove picture permission oblige
Sat Nov 24 09:34:51 +0000 2018	wish honeymoon ahahaha
Wed Dec 12 05:38:50 +0000 2018	Bismillah transparent spend money mandatory
Fri Nov 09 11:28:59 +0000 2018	Rock Roll BosQ
Mon Dec 10 11:55:39 +0000 2018	Let positively contribute lovely country base background rock
Mon Nov 26 05:27:55 +0000 2018	babe
Tue Dec 11 22:55:02 +0000 2018	Love ur job
Sat Dec 01 09:51:32 +0000 2018	hope country Republic Nederland China England government apart country Indonesia land Thank
Mon Dec 03 01:14:43 +0000 2018	psi younggenereation program2 manusiakan pooryoung educati library essence og religion science wise humanity politic youthpeacekeepingforce diplomatic course base PANCASILUM hi grace political Ayo herr prabowo auch sandi get wise 🤣
Sun Dec 09 03:23:35 +0000 2018	Kaesang
Wed Dec 05 06:32:37 +0000 2018	great job president 😍 😍
Sat Dec 08 04:03:35 +0000 2018	brand
Sun Dec 02 05:24:29 +0000 2018	semangat bapak stay unbothered work hard
Sun Dec 09 05:09:12 +0000 2018	Cape dech
Wed Dec 12 05:26:24 +0000 2018	Love Mr Presiden
Thu Dec 06 02:44:56 +0000 2018	hello dear president longtime meet follow twitter
Mon Nov 26 11:52:29 +0000 2018	close intimate President public salute MR PRESIDENT GOD BLESSING TIME JOKOWI 2X
Tue Dec 04 06:01:25 +0000 2018	slytherin rite slytherin abt thug abt strong dedication
Mon Dec 03 06:33:39 +0000 2018	day carry abuse harrassment torture Indonesia
Thu Nov 22 01:31:45 +0000 2018	Learn Islam Indonesia insult Islam
Sun Dec 09 11:01:46 +0000 2018	fix luv pak
Sat Dec 08 23:58:37 +0000 2018	Critical analysis Lionair JT610 investigation Boeing response & amp unresolved danger 737MAX operation
Sat Dec 08 04:01:00 +0000 2018	Happy long week end Sir Save Family Inspiring Power GOD Regard
Tue Nov 06 22:49:09 +0000 2018	perk have work office Senayan I m excited
Fri Nov 09 06:23:45 +0000 2018	ACTION Worth Consider require ABSOLUTE HONESTY invite AMICABLE PEACEFUL public reconciliation Ahok & amp Ustadz Rozieq
Mon Dec 10 06:22:02 +0000 2018	OPEN WEBSITE
Sat Dec 01 15:44:54 +0000 2018	2006 Thailand 36 unit RHPP totally 572 63 MW install capacity consume 800 ton rice husk perMW / year 2006 rice husk price reach 000 bath 25 /ton
Mon Dec 03 04:26:58 +0000 2018	real father nation Yes
Thu Nov 22 16:08:22 +0000 2018	Hello brother thank connect Amin Habib Managing Director Barclays Bank Dubai
Thu Nov 08 14:42:01 +0000 2018	Whaooo World champion
Thu Nov 29 11:14:57 +0000 2018	Video dan lagunya keren wonderful world Louis Armstrong 😍
Sat Nov 24 07:59:34 +0000 2018	Nature Wonderfull Indonesia
Fri Dec 07 06:49:45 +0000 2018	fanbase army masuk dong
Fri Dec 07 09:35:04 +0000 2018	param sir president view document tv shearing noble lakri treespecy trunk div year flood waterturbine dam special compressure aircraft chainsaw lead diver precious karma act bodhiq gonggg ghana lake toomany trunk safe sailing
Sun Dec 09 05:04:03 +0000 2018	Iya Pak Presiden good heart nation
Fri Dec 07 07:19:57 +0000 2018	Chainsaw tree maffia active Samosir Island Stop Thank
Sun Dec 09 05:47:26 +0000 2018	love Majesty Mr President Joko Widodo familly
Fri Nov 30 06:42:15 +0000 2018	tek talk 😅 😂 ✌
Tue Dec 04 02:56:44 +0000 2018	visioner leader world 😍 😍 😍 😍
Sun Dec 09 12:51:47 +0000 2018	specific Bob
Fri Nov 09 11:28:40 +0000 2018	Pejagan Pemalang Toll Road toll extend 57 km link Pejagan Brebe Pemalang Central Java Indonesia toll road continuation Kanci Pejagan Toll Road Trans Java Toll Road
Fri Nov 09 04:22:06 +0000 2018	evidence stabilizer trim run away Pilot force trim nose factor Wait CVR find PK LQP fly level fast VMO nose trim
Mon Dec 10 16:41:13 +0000 2018	30 novel wow
Wed Dec 05 01:51:32 +0000 2018	president wanna ask Asian Game mascot yg ada di jalan sudirman miss sir especially yg bimbin terbalik itu cute 😭 😍 meet ☹ ️ thank ❤ ️
Sun Dec 09 12:00:17 +0000 2018	know help China million Muslim concentration camp human right atrocity & amp care
Fri Nov 30 01:36:21 +0000 2018	Ay don rit wat ay writ et twit itis taim
Tue Dec 04 14:53:18 +0000 2018	Aranyaka shishy Sadhaka Aranyanaadnatha whirl bud long pouration complimentcomplementation planter treasure jap microbe field ceremony flora plus rep Georgia medical microbe presence pure heaven LAW saikee saik POOJ shy
Sat Dec 08 08:16:23 +0000 2018	Hi dear Wanna free gift card code online 100 work guarantee
Mon Dec 10 21:42:00 +0000 2018	FOREIGN AID INDONESIA CEASE PEND ROYAL COMMISSION AUSTRALIA COMPLICITY MASS MURDER TORTURE WEST PAPUA INDONESIA LOMBOK TREATY
Sun Dec 02 03:41:42 +0000 2018	Whilst opposition leader Prabowo Subianto flirt religious nutter radical group incumbent Indonesian president Joko Widodo busy work transform country modern civilized develop nation
Mon Dec 10 09:17:47 +0000 2018	let rich people outside slut people underestimate pain uncountable violence year nation opportunity life time
Wed Dec 05 04:44:46 +0000 2018	Sory Pak like City kita motor City solid sesuai maybe sory great bagi sartifikat true people want buat lama success sory Joko great 👍 🍁
Mon Dec 10 09:19:13 +0000 2018	let rich people outside priority slut people underestimate pain uncountable violence year nation opportunity life time
Mon Dec 10 09:21:28 +0000 2018	let rich people outside priority slut people underestimate pain uncountable violence year nation high profitable brand opportunity life time
Sun Nov 11 01:30:39 +0000 2018	election timing necessary act firmly airline breaking rule include owner Don hesitate fire ring palace remember nation interest priority carefull ring person
Sun Dec 09 04:37:48 +0000 2018	Sehat selalu bapakku dukung kopi indonesia maju terus bangsa kita bravo pak president Jokowin mean win moral win nation win ego lately Don afraid pak totally understand support cause know way lead
Fri Nov 30 11:51:49 +0000 2018	Asmlkm President hope hesitate continue JOBS till 2nd period Amin YRA Merdeka Wlkmslm Wr Br
Fri Nov 30 06:38:09 +0000 2018	Hmmmmmmm 10 jam
Tue Dec 04 02:47:23 +0000 2018	get Cimaja hour night think break hour go Big Jokowi 👏 👏 👏
Wed Dec 12 12:51:17 +0000 2018	controversial content 2018 17 +
Sat Nov 10 14:47:31 +0000 2018	Congrat 10 follow
Sun Dec 02 04:18:03 +0000 2018	leader limit kick Perindo surabaya jakarta 25 12
Mon Dec 03 06:49:00 +0000 2018	Indonesia support torture & amp violence woman UK national & amp trap horrible country 11 month immigration lie torture & amp take UK ID Indonesian government police prosecutor support immigration criminal
