created_at	text
Tue Dec 04 10:24:55 +0000 2018	fight day night live country don play terrorist terrorist supporter
Fri Dec 07 14:33:42 +0000 2018	Hater human victim Duty Duty Duty Duty Duty Obstruction sector Monster
Mon Dec 10 09:37:24 +0000 2018	Sir IMP defame human right violation online Fake Trial Tribunal Human Right Act
Tue Dec 11 01:57:49 +0000 2018	Congrats Corruption
Fri Dec 07 14:41:42 +0000 2018	Hater human victim Duty Duty Duty Duty Duty Obstruction sector Monster Primitive staying year
Fri Nov 09 04:22:06 +0000 2018	evidence stabilizer trim run away Pilot force trim nose factor Wait CVR find PK LQP fly level fast VMO nose trim
Wed Dec 12 05:38:50 +0000 2018	Bismillah transparent spend money mandatory
Mon Dec 10 06:12:31 +0000 2018	ALFA RIO WANTO WANT MONEY MILLION ALFA RIO WANTO WORK ALFA RIO WANTO MONEY ALFA RIO WANTO WAGE 50 WEEK ALFA RIO WANTO WORK ALFA RIO WANTO MONEY ALFA RIO WANTO WORK
Thu Dec 06 15:14:12 +0000 2018	year Indonesian people spend money purchase expensive rice fuel & amp electric cause high inflation weaken people purchase power & amp uncotrolled worker wage raise protest bother investment climate & amp weaken economic growth
Fri Dec 07 09:19:44 +0000 2018	Pump approx GDP public health system focus provide universal FREE PHC service enable win big 2019 prove vote winner
Sat Dec 08 14:20:59 +0000 2018	fun Mr President family deserve ain spend lot money family quality time good time Mr President
Wed Nov 21 14:50:16 +0000 2018	like ur systematic approach Indonesia right path
Tue Dec 11 02:01:09 +0000 2018	Need improve integrity professionalism
Sat Dec 01 15:44:52 +0000 2018	year Indonesian people spend money purchase expensive rice fuel&amp electric cause high inflation rate weaken people purchase power&amp uncotrolled worker wage raise protest bother investment climate&amp weaken economic grwoth
Sun Dec 02 13:59:55 +0000 2018	year Indonesian people spend money purchase expensive rice fuel & amp electric cause high inflation rate weaken people purchase power&amp uncotrolled worker wage raise protest bother investment climate&amp weaken economic growth
Mon Dec 10 06:22:02 +0000 2018	OPEN WEBSITE
Fri Nov 23 00:02:57 +0000 2018	
Tue Dec 04 09:52:12 +0000 2018	Like connect share Late update Innovative Intelligence & amp Surveillance System Electronic Warfare System Cyber Warfare| Avionics |Border Surveillance| Satellite Imaging Visit site
Sun Nov 25 06:26:32 +0000 2018	water resource irrigation development weir dam irrigation canal key factor develop potential local economy fulfill need padi produce capacity
Mon Dec 03 05:29:43 +0000 2018	15 20 Year Indonesia World Loose Youth Ca nt Find Solution
Thu Nov 22 10:54:32 +0000 2018	ARMS EMBARGO INDONESIA STATE SPONSORED TERRORIST SLAUGHTER WEST PAPUANS COVER
Fri Nov 23 08:22:59 +0000 2018	Rural development right thing end boost local economic growth reduce poverty migration city
Fri Dec 07 11:00:56 +0000 2018	contribution anti level rise affect island neighbour
Sun Nov 25 12:01:36 +0000 2018	Indonesia GDP Region Econography perspective Urban center gravity economic growth Indonesia GDP 2017 USD 015 Bio nominal
Sun Nov 25 12:34:57 +0000 2018	right
Sat Dec 01 15:44:58 +0000 2018	Indonesia require president candidate bravery swear import rice create regulation stimulate Waste Energy Exchange concept produce electric & amp high quality & amp cheap rice poeple leadership
Sun Dec 02 14:00:03 +0000 2018	Indonesia require presidential candidate bravery swear import rice create regulation stimulate Waste Energy Exchange concept produce electric high quality & amp cheap rice people leadership
Sun Dec 02 09:24:13 +0000 2018	Indonesia require presidential candidate bravery swear import rice create regulation stimulate Waste Energy Exchange development concept produce electric & amp high quality & amp cheap rice poeple leadership
Thu Dec 06 15:14:18 +0000 2018	Indonesia require presidential candidate bravery swear import rice create regulation initiate Waste Energy Exchange concept produce electric high quality & amp cheap rice people tenure
Thu Dec 06 01:04:58 +0000 2018	Indonesia require presidential candidate bravery swear import rice create regulation initiate Waste Energy Exchange concept produce electric high quality & amp cheap rice people leadership
Wed Dec 05 17:23:06 +0000 2018	Don stop right ya pak
Tue Dec 04 06:30:45 +0000 2018	sir plz help indian human
Thu Nov 29 17:43:51 +0000 2018	wonderful human God bless President
Thu Nov 22 14:23:08 +0000 2018	Safe Flight Pakdhe ❤ 🇮 🇩
Fri Nov 23 07:18:29 +0000 2018	Juz sky light self camera 2013
Thu Nov 22 10:04:35 +0000 2018	Announcement Foreign Ministers Japan Republic Korea Joint Press Occasion （ December 28th 2015 ） Ministry Foreign Affair Japan
Fri Nov 23 07:21:00 +0000 2018	Juz sky light Self camera iPhone 2013
Wed Dec 12 02:47:28 +0000 2018	Great post Good morning Greeting night
Fri Nov 23 07:49:55 +0000 2018	Mr President right track 🌟 👏 👍 👍
Wed Nov 21 19:07:12 +0000 2018	Ban nationwide plastic use right afford
Tue Dec 04 02:16:09 +0000 2018	year Indonesian people spend money purchase expensive rice fuel&amp electric cause high inflation rate weaken people purchase power&amp uncotrolled worker wage raise protest bother investment climate&amp weaken economic growth
Sun Dec 02 05:11:52 +0000 2018	telepathy steal high classified info subject instruct act dangerously eg crash car donate fund thief attack people true lucrative
Thu Dec 06 00:11:26 +0000 2018	want separatism military approach afraid get bad diplomacy
Tue Dec 04 02:47:23 +0000 2018	get Cimaja hour night think break hour go Big Jokowi 👏 👏 👏
Sun Dec 02 07:18:03 +0000 2018	Mr President Jokowi real hero hesitate right thing Mauliate
Sun Dec 02 09:24:06 +0000 2018	year Indonesia Government fail creat condition strengthen national rice industry order produce high quality & amp cheap rice poeple increase Farmer Exchange Rates&amp economic growth rate reduce Current Account Deficit
Thu Dec 06 15:14:13 +0000 2018	year Indonesia Government fail creat regulation strengthen national rice industry order produce high quality & amp cheap rice people increase Farmer Exchange Rate & amp economic growth rate reduce Current Account Deficit
Sat Dec 01 15:44:54 +0000 2018	fulfill rice husk requirement reach 500 ton / day RHPP create Eco Industrial Cluster / Estate local farmers&amp rice mill industry strengthen Thailand rice industry Thailand rice import January August 2018 million ton 735 530 ton Indonesia
Mon Nov 26 11:52:29 +0000 2018	close intimate President public salute MR PRESIDENT GOD BLESSING TIME JOKOWI 2X
Tue Dec 11 03:16:09 +0000 2018	Future Indonesian Fishery Digitalization Driving Industry Global Maritime Axis realistic dream Indonesia President come power
Sat Nov 10 11:56:19 +0000 2018	journalist refugee Indonesia tell world man lead Indonesia love peace strong economy love Indonesian
Tue Nov 27 14:05:43 +0000 2018	President Jokowi wrap joint statement amid China disagreement trade Despite global economic uncertainty remain optimistic search emerge opportunity amid trade friction
Fri Nov 09 06:23:45 +0000 2018	ACTION Worth Consider require ABSOLUTE HONESTY invite AMICABLE PEACEFUL public reconciliation Ahok & amp Ustadz Rozieq
Mon Dec 03 03:32:24 +0000 2018	President parliament tremendous outcome progress plan valuable citizen contribute nation principally notion teenager initiate good Indonesia
Sun Dec 02 12:58:43 +0000 2018	Dec 2016 call 212 Action million muslim & amp non muslim protest Jakarta Governor ahok blasphemy Qur million friendly people reach Monas attend peaceful reunion 212 Thank GOD 😊
Mon Nov 26 06:55:38 +0000 2018	Action pak
Wed Nov 07 07:33:15 +0000 2018	flat line 3Q low growth decade & amp negative celebrate
Fri Nov 09 06:44:19 +0000 2018	speak gym manager issue couldn come understanding request refund remaining month leave prepaid contract end lose money bc pay high fee want refund account
Sun Dec 09 12:00:17 +0000 2018	know help China million Muslim concentration camp human right atrocity & amp care
Sun Dec 09 08:38:17 +0000 2018	Counter attack Mr President
Fri Nov 09 06:36:16 +0000 2018	remove photo head gym manager angry sit boxing ring demand know month remain contract say contract end plan renew end renew 3rd contract
Fri Dec 07 15:30:10 +0000 2018	need Korea employer
Fri Nov 09 06:12:39 +0000 2018	bad idea need preemptive action mitigate call sontoloyo competent leader organization lot tough subordinate compensate reconcile
Sat Dec 08 04:41:59 +0000 2018	Quality time ya Pak 👍 👍 👍 Balance life
Mon Dec 10 21:42:00 +0000 2018	FOREIGN AID INDONESIA CEASE PEND ROYAL COMMISSION AUSTRALIA COMPLICITY MASS MURDER TORTURE WEST PAPUA INDONESIA LOMBOK TREATY
Fri Dec 07 10:21:43 +0000 2018	ACTION
Fri Dec 07 14:27:53 +0000 2018	fall love want freedom health economy Thank humanity know terrible experience possible welcome normal thought opportunity business think primitive
Mon Dec 03 05:12:38 +0000 2018	Internatinal Day People Disability
Thu Dec 06 21:32:08 +0000 2018	Trus
Wed Dec 05 02:42:01 +0000 2018	free lunch
Thu Dec 06 05:18:45 +0000 2018	SKorea Cosmetic industry Politician begin seminar export aid visit twitt
Wed Dec 05 11:57:23 +0000 2018	Goodjobs strong keeppry
Sat Dec 01 15:44:52 +0000 2018	rice importer country contribute Current Account Deficit cause Rupiah rate depreciation Indonesia learn Thailand way produce high quality cheap rice people rice export commodity
Sat Dec 01 15:44:56 +0000 2018	effect Energy&amp Mineral Resources Ministry Regulation 21/2016 Electricity Power Purchasing Biomass Power PT PLN fullfill local electricty requirement strengthen national rice industry produce high quality&amp cheap rice poeple
Thu Dec 06 15:14:17 +0000 2018	effect Energy & amp Mineral Resources Ministry Regulation 21 2016 Electricity Power Purchasing Biomass Power PT PLN fullfill local electricty need strengthen national rice industry produce high quality & amp cheap rice people
Sat Dec 01 15:44:53 +0000 2018	year Indonesia Government fail creat condition strengthen national rice industry order produce high quality&amp cheap rice poeple increase Farmer Exchange Rates&amp national growth rate reduce Current Account Deficit
Tue Dec 04 09:44:55 +0000 2018	Lie Jakarta Coverup Canberra Civil War West Papua Australian funding train ofIndonesian military police boycott ADF Afppend royal commission
Sat Dec 08 08:16:23 +0000 2018	Hi dear Wanna free gift card code online 100 work guarantee
Sat Dec 01 15:44:55 +0000 2018	RMEC Scheme make Thailand rice mill industry efficient Specific Energy Consumption Average 19 kwh / ton&amp Specific Cost Average USD 37 / ton 2016 Thailand rice mill industry able produce high quality&amp cheap rice&amp make rice export product
Mon Dec 03 05:22:10 +0000 2018	G20 & amp growth GDP Quarterly G7 avg growth USA close trend increase key country non G7 Asia China India Indonesia growth Indonesia RISING trend
Sat Dec 08 03:44:08 +0000 2018	Soon Samosir Island desert Chainsawing tree maffia bussy change island dessert Investment camel future Thank
Sat Dec 08 03:41:49 +0000 2018	Samosir Island touristic area Stop chainsaw tree maffia Sawing woodboard spot Totally insane Tourist don want saw sound day afther day head Stop Thank
Sat Nov 10 11:56:52 +0000 2018	Quarter quarter go hide
Fri Nov 30 11:40:19 +0000 2018	example Leader adopt commitment 2014 promise TI recommendation move far slowly don need new promise implement exist commitment
Thu Dec 06 09:23:07 +0000 2018	Samosir Island Tomok hill chainsaw tree maffia learn Make wood board spot tourist move good place Soon Samosir Island desert Thank
Sat Nov 24 13:58:52 +0000 2018	Prettt ah
Sun Nov 25 10:37:45 +0000 2018	Prett ah
Sun Dec 09 07:22:45 +0000 2018	Preeeeeet ah
Tue Dec 11 13:15:32 +0000 2018	Pret ah
Wed Nov 28 15:33:45 +0000 2018	critic hate white cat choose Africa global way
Thu Nov 22 02:20:04 +0000 2018	Reply ah
Tue Dec 04 06:01:25 +0000 2018	slytherin rite slytherin abt thug abt strong dedication
Tue Nov 27 07:22:13 +0000 2018	Let share information Donald Trump Benjamin Netanyahu Vladimir Putin Steve Bullocks partnership ambush Muslim wife daughter big organized crime fail communist crusade
Mon Dec 10 11:55:39 +0000 2018	Let positively contribute lovely country base background rock
Thu Nov 08 04:04:48 +0000 2018	good news indonesian electrical motor project look like VARIO
Thu Nov 08 04:45:52 +0000 2018	VESSEL INDONESIAN NAVAL CADET TIME CHANGE SHIP DEWARUCI EX FOREIGN SELVES RELIEF BOROBUDUR TEMPLE AMAZING SHIP HV PROUD LET ASAP
Wed Dec 05 08:06:20 +0000 2018	health crisis Lead scientist agree slash greenhouse gas emission 2030 avert disaster Join demand leader increase commitment action
Sat Nov 24 08:20:35 +0000 2018	connect city highway reduce cost time distance drive efficient effective delivery product boost potential local economy development end reduce poverty
Fri Dec 07 06:45:49 +0000 2018	need fee visit aid
Wed Nov 07 01:01:03 +0000 2018	Woman underwear salung pupuwit Chair Pilipino National Language Pili Pino Chosen Refine Pilipino hard study University Philippines Diliman Quezon City Philippines primer State University Country
Fri Nov 09 11:25:59 +0000 2018	President Jokowi officially open 37 km East Brebe Sewaka segment Km Pemalang Batang Sewaka SS Pemalang Central Java morning area area region region island island integrate New Emerging economy point
Fri Dec 07 07:19:57 +0000 2018	Chainsaw tree maffia active Samosir Island Stop Thank
Sun Dec 02 09:24:04 +0000 2018	2014 promise stop rice import
Sat Dec 01 15:44:50 +0000 2018	2014 promise stop Indonesia rice import
Mon Dec 10 12:08:31 +0000 2018	Defend Positive Negative Negative Positive force give length distance mean long solution Bring force close limit strength reach state UNITY TARGET HOME
Thu Nov 08 22:10:47 +0000 2018	PT Suzuki Indomobil Sale Indonesia officially state 3rd June 2016 authorize dealership NORMAL feel vibration Indonesia mean sell Indonesia share similar feature
Thu Dec 06 15:14:13 +0000 2018	Contrast Indonesia electrify people import & amp dirty energy source Thailand Feed Tariff & amp Rice Mill Energy Conservation / RMEC Scheme early 2000 electrifying people & amp rice mill industry Rice Husk Power Plant RHPP
Tue Dec 11 23:42:01 +0000 2018	Obviously good start express numerous time previously absolutely require Independent Decisive Leadership Nation widely Let strive come CONSTITUTIONALIZED 20YrsRenBangNas Collective Goal
Sat Dec 01 15:44:53 +0000 2018	Contrast Indonesia electrify people import&amp dirty energy source Thailand Feed Tariff&amp Rice Mill Energy Conservation / RMEC Scheme early 2000 electrifying people&amp rice mill industry Rice Husk Power Plant RHPP
Mon Dec 03 03:35:03 +0000 2018	President parliament tremendous outcome progress plan valuable citizen contribute nation principally notion teenager execution initiate good Indonesia
Mon Dec 10 07:10:54 +0000 2018	Let kampret hate well know opposition beat hard work try disgusting way drag
