created_at	text
Sat Nov 10 07:06:31 +0000 2018	Meet Reiko Abe learn work promote quality infrastructure improve mobility connectivity India
Sat Dec 01 01:23:03 +0000 2018	Dear Modiji Good morning talk connectivity outside India ensure connectivity retiree Ensure connectivity renotifying amend gratuity act 01 01 2016 want remain connected Jai Hind
Sat Dec 01 04:43:06 +0000 2018	John Brennan Trump Iceberg Lies Deceit Corruption & amp Criminality Steadily Surface
Sat Dec 08 23:47:46 +0000 2018	suggestion invest badland Letter Rogatory mire corruption
Sat Nov 24 04:12:43 +0000 2018	🇯 🇵 bullet train fast safe comfortable Alfa new generation model capable carry passenger 360 km / h Find
Thu Nov 29 18:21:34 +0000 2018	Genetic defect crazy thief fabrication prostitution terrorism immigration invasion ethnic Korean Listen carefully colonize French Macron regime Renault Nissan
Wed Nov 07 07:59:40 +0000 2018	continue engage fight terrorism cooperation international community
Sun Dec 02 14:11:33 +0000 2018	Hi love design Flyer Poster Brochure Catalog Product Packaging Branding kind Print Media Item Work Knock
Mon Dec 10 13:57:45 +0000 2018	France collapse communist state refugee cartel Refugee slave Chinese trader Chinese trader send money China money launder Swiss bank
Mon Dec 03 09:07:18 +0000 2018	hope influence anti Japan / US rogue recently policy shift anti Trump
Fri Dec 07 13:32:18 +0000 2018	Canada warn year ago siphon data network platform supplier & amp installer refuse believe Australian NZ British Japanese Intelligence Canadian privacy compromise IC official artificially defuse
Wed Dec 05 21:38:44 +0000 2018	Major Maglev Infrastructure Upgrade Coast Coast Alaska W/ Connection Russia Initial Trillion Infrastructure Package W/ Money Distribyted 20 Year
Sun Dec 02 02:57:05 +0000 2018	Arrest Head State Ruin Equality Diplomatic Tie & amp Global Unity Endanger Peace & amp Security Turning World Upside
Wed Nov 07 08:04:36 +0000 2018	Pray victim Boston Bombing Int community unite fight terrorism
Sat Dec 08 17:29:44 +0000 2018	200 cosmetic money launder agent China Lotte Department Store Korea work
Tue Dec 11 11:44:55 +0000 2018	turkey anti saudi jurno opposition atheist furiously keep khagoshi murder alive Putin give high get friendly Saudi prince china soft stance khagohi india currency swap
Wed Nov 28 06:12:37 +0000 2018	Infrastructure development key pillar Japan contribution global sustainable development Learn role 🇯 🇵 company play article
Sun Nov 25 12:29:36 +0000 2018	Wow push national health database cradle grave Powerful health data science ⁦⁩ ⁦⁩
Thu Dec 06 10:46:49 +0000 2018	aware prone fool anti national element country India defame Culture ask kill Braminical Patriarchy don exist
Sat Dec 08 15:32:29 +0000 2018	forget Carlos Ghosn human right violation right defense charter detain person 10 day guard see interrogate 00 day thank liberate carlos ghosn respect international treaty democracy
Sun Dec 09 02:23:42 +0000 2018	week illegal detention Carlos Ghosn human right violation right defense charter detain person 10 day guard see interrogate 00 day thank liberate carlos ghosn respect international treaty freedom
Tue Dec 04 01:21:05 +0000 2018	human right violation right defense charter detain person 10 day guard see interrogate 00 day thank liberate carlos ghosn respect international treaty democracy
Tue Nov 27 11:29:22 +0000 2018	Completely destroy completely Korean economic industry crawl Let annihilate crawl Thief fabrication prostitution terrorism immigration invasion ethnic Korean
Sat Dec 01 02:59:22 +0000 2018	Namo Sir Greatest Proud put great effort India Proud good effort take kerb corruption work meagre effect far need push hard huge corruption go PWD/ CPWD/ UPRN/
Sun Dec 02 00:24:48 +0000 2018	oh corruption trio knee putin hey netanyahu
Mon Dec 10 04:28:27 +0000 2018	week illegal detention Carlos Ghosn human right violation right defense charter detain person 10 day guard see interrogate 00 day thank liberate carlos ghosn
Fri Nov 30 07:31:44 +0000 2018	Today G20 important opportunity hope world believe decision interest protection terrorism global warming atmosphere nature goodness humanity India G20 world peace
Fri Nov 30 03:23:42 +0000 2018	fly 20 hour Prime Minister Abe land Buenos Aires late night attend G20 leader meet number bilateral meeting
Thu Dec 06 09:23:48 +0000 2018	twitter CEO Islamist terrorist arrest Japan terror law
Wed Dec 12 15:41:19 +0000 2018	week illegal detention Carlos Ghosn & amp Greg Kelly human right violation right defense charter detain person 10 day guard see interrogate 00 day Japanese government release Carlos Ghosn & amp Greg Kelly
Sat Dec 01 03:17:12 +0000 2018	Translation Trump low IQ loser destroy country economy spite people vote
Mon Dec 03 04:13:25 +0000 2018	loan son law launder dirty money bribe teach child extortionist tax cheat country harbor disgraceful treasonous president lie Yes Yes & amp Yes
Mon Nov 26 10:55:17 +0000 2018	spend finance old age steadily decrease financing system depend labor market opportunity younger middle age Budgest go wrong way
Wed Dec 12 15:15:29 +0000 2018	know agreement China Russia infect UK Institute Statecraft´s Integrity attack twitter non public account infect unlawful transfer Russian operation Sir Alan Duncan UK MoS
Sat Dec 01 16:36:34 +0000 2018	Donald Trump attack Constitution free press FBI special counsel military Congress Supreme Court anti American president history GOP support America recover GOP win
Sat Dec 01 19:58:44 +0000 2018	Sudan support terror raise Sudan list terrorism
Sat Nov 24 01:34:24 +0000 2018	Mr Shinzo mindful State Dept Screen Actor Guild News Media Nitrous Oxide / Verse airborne gas weapon World Leader expose gas negotiate important matter citizen slaughter USA Truth hide terrorist News Medium SAG
Wed Nov 07 07:59:39 +0000 2018	terrorist attack Copenhagen send sincere condolence victim family
Sat Dec 01 15:37:17 +0000 2018	trilateral Summit JAI leader Japan America & amp India PM Shri Ji conclude ago Buenos Aires Leader exchange view Indo Pacific maritime connectivity issue
Mon Nov 26 08:53:41 +0000 2018	Lobbying enhance economic growth enhance resilience
Sat Dec 01 21:12:35 +0000 2018	Blow ass she`s frigging waste space 🇬 🇧 🇺 🇸
Fri Nov 30 17:50:43 +0000 2018	Narendra Modi emerge false & amp Flop Prime Minister India poor farmer country agony Delhi Modi party funding abroad
Sat Nov 10 04:44:39 +0000 2018	global health leader gender equality champion hope join Festival Mandela 100 commitment quality education health 🇯 🇵 ⭕ ️ 🌏
Sat Dec 01 03:20:10 +0000 2018	look example lke money
Wed Nov 07 07:59:39 +0000 2018	resolutely condemn despicable act attack freedom expression pluralistic value
Thu Nov 29 16:53:56 +0000 2018	Like fuck Military Mad Val date look like
Sun Nov 25 12:24:51 +0000 2018	Great panel impress ⁦⁩ push infrastructure national health database 2020 generation medical infrastructure legislation Japan ready ⁦⁩ ⁦⁩
Mon Dec 10 05:09:31 +0000 2018	nation criminal state conceal death situation foreigner state Gurumi Anpan murderous country anti Japanese victory rate high
Fri Nov 23 14:38:46 +0000 2018	Japan 👀 too & amp Heavily armed North Korean solder approach South Korean solder DMZ solder war country shake hand chat politely smile Korea connect historic Happy Thanksgiving
Sat Nov 24 11:17:08 +0000 2018	Illicit massacre dictatorship strategy National Chinese genetic defect crazy thief fabrication prostitution terrorism Ethnicity Exile Korean
Thu Dec 06 04:08:38 +0000 2018	Learn holistic approach address issue malaria take lead chemical company 🇯 🇵 late
Sun Dec 09 20:23:04 +0000 2018	IPOOFTA say sound like slow forward step line dance reach sky leave step reach ground right step
Sat Dec 01 04:57:09 +0000 2018	Japanese Mind & amp Technology Indian yoga Amercan money save mankind JAI need peaceful independent Indo Pacific region
Sat Dec 01 08:03:12 +0000 2018	Right friend frighten human Right
Tue Dec 04 07:42:00 +0000 2018	Today International Day Person Watch late video feature 🇯 🇵 effort raise public awareness society 🇲 🇳
Thu Dec 06 14:56:38 +0000 2018	Japan elevate hospitality Learn Japan vision use sensor facilitate smooth flow people provide service
Sat Dec 01 12:57:29 +0000 2018	China implement Orwellian dystopia expand sea space lead game change technology make artificial human baby 10years time democracy LOSE
Sun Dec 02 10:54:24 +0000 2018	truly think press strong cooperation ok plus include India feasible workforce one propel forward
Wed Dec 05 08:02:58 +0000 2018	pranam London uk direct flight start Ahmedabad airport cruz service start Gujarat port open japan business house 200 office Ahmedabad city
Thu Nov 22 21:26:21 +0000 2018	Excuse Crass English Abe San Amazing New Guinea APEC Carlos Ghosn Arrest Assistant Evidently Japan Knows Negotiate Private Execution FOREIGN BORN Jail Death Tiny Cell Significant Difference
Sun Dec 02 08:47:51 +0000 2018	start act like Earth need real leader integrity
Sat Dec 01 10:35:38 +0000 2018	Hey Don sell country United States
Sat Dec 01 04:16:10 +0000 2018	pretty imagine translation effect asshole blow Putin man room
Sat Dec 01 03:09:15 +0000 2018	Prime Minister join global leader G20 leader meet Buenos Aires Argentina PM Abe welcome President Macri host meeting
Sat Dec 01 10:45:42 +0000 2018	Meet Yuko Morishige founder 🇯 🇵 company support woman group 🇧 🇫 fight vocational training manufacture shea butter & amp import 🇯 🇵 Learn work
Thu Nov 29 06:30:14 +0000 2018	start wonder robot earth turn human slave start murder human sigh human go cause extinction didn learn movie ahhh
Sun Dec 02 00:57:50 +0000 2018	Translation Donald Trump pathetic example human live fact fall ass backward WH utterly mind fuddle laughable disgrace G20 dumbfound
Tue Nov 06 21:51:27 +0000 2018	light legal country Family tear apart Needless slaughter & amp take wildlife life incarceration right
Sat Nov 24 04:09:06 +0000 2018	Japan international cooperation capacity building extend area music Self Defense Force provide technical assistance military band Papua New Guinea intensive practice band perform
Fri Nov 30 04:04:08 +0000 2018	save night
Sat Dec 01 09:38:15 +0000 2018	Excellent President know believe free accept endorsement lightly stray path legit type stuff good luck
Thu Nov 08 21:51:32 +0000 2018	Prime Minister Abe receive courtesy Mr Mevlüt Çavuşoğlu Minister Foreign Affair Republic Turkey Prime Minister Office
Thu Nov 22 18:00:57 +0000 2018	Prime Minister Abe hold 14th meeting Council Economic Fiscal Policy 2018 Prime Minister Office
Tue Dec 11 20:32:26 +0000 2018	Prime Minister Abe hold 16th meeting Council Economic Fiscal Policy 2018 Prime Minister Office
Mon Dec 03 01:02:02 +0000 2018	hijack revision immigration law opposition object opposition party take table immigrant invader take administration like Germany France Terrorism end
Sun Dec 02 00:30:46 +0000 2018	important issue discuss human right issue China CCP world dictatorial ruthless government
Wed Dec 12 16:22:47 +0000 2018	Imagine State Own Apartment Blocks State Own Apartment fair Rental price fair Rental price People good manage month People Money Hybridcars EMU
Thu Nov 08 05:54:51 +0000 2018	Hold fruitful extensive talk PM Today discussion focus aspect relate good economic tie strong cooperation area defence security
Fri Nov 30 18:44:22 +0000 2018	Proud block PRIME MINISTER ask funding project good finalist Grand Challenge clearing round PATENT pend project ensure price necessary crop high low
Sun Dec 02 00:56:23 +0000 2018	Donald Trump pathetic example human live fact fall ass backward WH utterly mind fuddle laughable disgrace
Mon Dec 10 15:45:32 +0000 2018	Stop stroke public gross
Mon Dec 10 08:15:58 +0000 2018	scum earth company take bribe foreign government shadowban dissident obvious
Sat Dec 01 23:30:04 +0000 2018	G20AGENDA Investments Imbalance Poverty Unemployment Low Income Earnings 85 World Population Low World Economy Growth Rate Low GDP 140 Nation
Thu Nov 08 04:17:08 +0000 2018	Infrastructure Japan High speed rail project India
Sun Dec 02 19:01:07 +0000 2018	Universal Health Coverage institution like work improve health service Learn JICA share expertise experience accelerate achievement global scale
Thu Dec 06 11:10:45 +0000 2018	PM Abe year tenure visit Japan twice play tennis Majesty Emperor hugely contribute enhance amicable Japan relation President George Bush man integrity love Japanese people
Sat Dec 01 12:54:48 +0000 2018	ok free trade want tariff money go government
Sat Dec 08 12:33:46 +0000 2018	signal intelligence infrastructure nepal nepal gov allow china hugely invest local fiber optic cable
Thu Nov 22 22:20:56 +0000 2018	Nitrous Oxide / Verse airborne gas offensively weapon world population Victim expose gas subdue take captive kill replace terror soldier State Dept Screen Actor Guild & amp News Medium terrorist Use candle clear air
Sun Dec 02 02:00:38 +0000 2018	fact matter Christian Muslim Falungongs Human right activist dissident evil CCP doesn care long go organized team destroy kill way solve problem get kill CCP completely
Sat Dec 01 03:16:38 +0000 2018	mean blow
Sat Dec 08 01:12:00 +0000 2018	Dear say financing support illegal act assure destruction
Sat Dec 01 16:50:46 +0000 2018	nice cooperation major Oriental Occidental Powers safeguard crucial Pacific area Kudos excellent grasp foreign policy situation
Thu Nov 22 05:32:09 +0000 2018	
Sat Dec 01 06:43:45 +0000 2018	G20 summit begin Argentina summit meeting President Trump Prime Minister Mody Japan India seal agree work closely common goal free open Indo Pacific
Tue Nov 27 10:17:57 +0000 2018	Prime Minister Abe Prime Minister Morrison join blessing start Ichthys LNG project INPEX Darwin big LNG project Japan invest
Tue Nov 27 08:00:42 +0000 2018	Toyama join promote innovative solution improve create sustainable urban environment address need age society
Sat Dec 01 06:44:03 +0000 2018	Translate Japanese G20 summit begin Argentina Utilize opportunity hold summit meet President Trump Prime Minister Mody Japan India seal agree work closely common goal free open Indo Pacific
Sun Dec 02 00:47:58 +0000 2018	G20 summit begin Argentina Utilize opportunity hold summit meet President Trump Prime Minister Mody Japan India seal agree work closely common goal free open Indo Pacific
Sat Dec 01 19:14:18 +0000 2018	Tell stop print money disaster
Sun Dec 02 00:29:26 +0000 2018	padding Trump pocket Follow money Mueller
Fri Dec 07 14:43:21 +0000 2018	eu france india japan Australia usa differently throw globel infrastructure kind project help increase tourism
Mon Dec 03 00:54:58 +0000 2018	G20 Leader Pledge Fight Climate Change — Except Oil own Republican Trump
Thu Nov 08 14:55:52 +0000 2018	June 21 2018 Prime Minister Shinzo Abe visit Osaka Prefecture order gauge state damage cause epicenter northern Prefecture
Sat Dec 01 03:18:26 +0000 2018	Right realize impeach Trump hold plan USA remove naive country believe help Watch Rachel air tonight
Sat Dec 01 06:18:27 +0000 2018	Curious money social networking
Wed Dec 12 15:38:15 +0000 2018	okay Mr Tusk Brexit happen Boris Rees Mogg promise free trade deal nation state Milky Way soon sovereign rich economy universe
Mon Dec 03 21:45:57 +0000 2018	old generation didn choose Brexit distract financial failure David Cameron
Mon Dec 10 21:38:40 +0000 2018	time France Europe action Japan government clearly sponsor international national abduction Apply article 224 joint custody resolve issue
Tue Nov 27 10:18:16 +0000 2018	occasion summit meet Darwin Prime Minister Abe Prime Minister Morrison Australia witness exchange document cooperation Japan Australia area
Sat Dec 01 05:20:58 +0000 2018	agree send Godzilla fight Winnie Pooh
Mon Dec 03 18:56:41 +0000 2018	ji help Usha Devi Fight Cancer
Sun Dec 02 07:18:01 +0000 2018	♥ ️ 🇯 🇵 🇮 🇳 🇸 ♥ ️ expect stability World rule low freedom economy India Pacific Strategy ﾟ∀ﾟ
Sat Dec 08 05:24:33 +0000 2018	china china bear japan ese send prison charge
Sat Nov 10 21:49:44 +0000 2018	STOP Prime Minister Japan doesn respect international rule Destroy ocean slaugheter dolphin send sane dolphin end captivity SHAME JAPAN
Sat Dec 01 15:36:22 +0000 2018	Right Get
Sat Dec 01 04:36:35 +0000 2018	ah aha read say say free open trade like build collusion oh wait isn wrong
Mon Dec 03 09:38:44 +0000 2018	Prime Minister Abe complete entire schedule trip Latin America leave airport Asunción Paraguay late night Paraguayan official extend warm farewell
Sat Dec 01 14:06:57 +0000 2018	search old meritorious Yogi ji know fight fight road parliament go away request God send form meet tell
Sat Dec 01 07:03:11 +0000 2018	PM Abe G20 Summit 2018 start Argentina President Trump Prime Minister Modi hold Japan India Summit time agree closely cooperate realize share goal Free Open Indo Pacific
Sat Dec 01 11:36:07 +0000 2018	right
Thu Dec 06 12:42:13 +0000 2018	human scrap
Fri Nov 09 07:04:25 +0000 2018	Sh ABE REQUEST HELP SUPPLY BOILER GENUINE Price&amp REQUEST FINANCE ENHANCE UNIT RECEIVE REPLY PL HELP RECOMEND
Fri Dec 07 16:01:33 +0000 2018	japan Australia France india toggather come money free srilanka hubuntota port soon srilanka stabilize partner collaboratively sympathetic friendly regime help
Thu Dec 06 09:50:24 +0000 2018	man 100 Islamic abuse bharman time FIR file Twitter CEO Jack Dorsey hurt Brahmin community
Fri Nov 23 13:40:26 +0000 2018	Sir kindly action Ricoh Japan Brutally loot Ricoh India 2013 cleaning 2018 11 15info Ricoh Award Highest Gold Rating EcoVadis Global Supplier Survey Times Row
Thu Dec 06 13:05:53 +0000 2018	shed little light
Sat Dec 01 03:22:52 +0000 2018	JAI ho Mutual cooperation sustainable growth peaceful world way forward
Fri Dec 07 00:02:21 +0000 2018	dear prime minister enjoy see country criticize foreign government Japanese people rank world regard child abduction Think 20 year society
Tue Nov 27 10:18:13 +0000 2018	joint press occasion meet Prime Minister Abe Prime Minister Morrison Australia express strengthen tie cooperate bilateral global issue exchange uniform rugby national team
Sun Dec 02 02:42:21 +0000 2018	right trump idiot
Sat Dec 01 04:53:08 +0000 2018	definitely fuck right
Thu Dec 06 16:59:11 +0000 2018	sir guy partial leave lean businessman failed miserably provide neutral platform social medium hv soft corner terrorist block account Indian counterpart spew venom PM Modi Irony
Sat Dec 01 03:19:43 +0000 2018	president speak tear people glorify fun mixture
Tue Dec 04 01:05:45 +0000 2018	Prime Minister Abe President Vazquez speak joint press occasion leader emphasize significance PM Abe visit strong commitment further bilateral relationship area include economy society sport
Fri Nov 30 14:39:54 +0000 2018	Prime Minister Japan morning build deep good relationship play quick round golf Trump International Golf Club
Wed Nov 28 12:00:51 +0000 2018	use opportunity vastly expand industry automation instead Low skilled worker industry need lay transfer Japan Upper House begin debate bill expand use foreign labor Japan Times
Sat Dec 01 10:13:02 +0000 2018	Absuitly right JAI 👌 👏 👏
Sun Dec 02 06:34:09 +0000 2018	Timothy 10 love money root evil
Fri Nov 23 14:02:45 +0000 2018	Shinzo Abe Human Living Expression Nobel Prize
Thu Dec 06 12:46:21 +0000 2018	human heart
Wed Dec 05 23:44:37 +0000 2018	million Japanese people wish labor overtime work go 340 000 foreign worker company want cheap labor return enter Japanese people like Nissan
Fri Nov 30 17:58:46 +0000 2018	RSS NAZI fanatic Modi WOW GENOCIDE MINORITY continue India Globalist financial terrorist rule & amp loot India like USA AMAZON NETFLIX FACEBOOK GOOGLE WALMART MICROSOFT IBM CONGRESS / BJP puppet FRAUD CENTRAL BANKSTERS aka British empire EAST INDIA COM
Sat Dec 01 07:24:45 +0000 2018	Translation G20 summit begin Argentina Utilize opportunity hold summit meet President Trump Prime Minister Mody Japan India seal agree work closely common goal free open Indo Pacific
Thu Dec 06 09:23:47 +0000 2018	Thank Shirt Bilateral Cooperation India & amp Japan Best Friend
Wed Nov 07 05:25:28 +0000 2018	Prime Minister Abe visit Yamanashi Prefecture Mr Narendra Modi Prime Minister India
Mon Nov 26 11:26:50 +0000 2018	System & amp Electronic Warfare capability pioneer provide solution & amp Govt customer worldwide
Sat Nov 10 11:56:15 +0000 2018	Feku Modi doesn Money Flood Relief Kerala 3000 Crore Statue
Fri Nov 30 08:14:53 +0000 2018	Japan acquire 150 AW109LUH Light Utility Helicopter helicopter
Tue Dec 04 07:16:33 +0000 2018	go right head ↖ ↗
Sat Dec 01 09:13:22 +0000 2018	translate English G20 summit begin Argentina Utilize opportunity hold summit meet President Trump Prime Minister Mody Japan India seal agree work closely common goal free open Indo Pacific
Wed Dec 05 05:23:46 +0000 2018	Holy shit ill fitting suit fat ass blow dry mother fucker
Sat Dec 01 19:25:48 +0000 2018	Prime Minister Abe arrive Buenos Aires Argentina G20 meeting November 29 30th PM Abe welcome President Macri series meeting President Trump Prime Minister Modi India President Xi China
Fri Dec 07 08:06:41 +0000 2018	Japan Luck Investing Intelligence Labor Maglev Working Solution Doesn Guarantee Good Positioning
Sat Dec 01 19:11:48 +0000 2018	demeaning spectacle Japanese people watch prime minister Shinzo Abe blatantly lie fellate embarrass nation traitorous corrupt low IQ military service dodge cowardly American president Abe bring shame Japan
Sat Dec 01 04:05:03 +0000 2018	trust Donald Trump Mr Prime Minister
Sat Dec 01 19:36:16 +0000 2018	G20 leader meet Prime Minister Abe bilateral meeting President Macri Argentina sign guestbook CCK fruitful discussion celebrate 120 year diplomatic tie country
Sat Dec 01 05:16:30 +0000 2018	G20 summit begin Argentina Utilize opportunity hold summit meet President Trump Prime Minister Mody Japan India seal agree work closely common goal free open Indo Pacific say
Sat Dec 01 03:15:36 +0000 2018	Yep gas control twitter right
Sat Dec 01 04:08:07 +0000 2018	Guy right wear hillarys paint suit
Sun Dec 02 06:17:09 +0000 2018	Hilarious moment Trump wander G20 stage
Thu Nov 29 01:07:57 +0000 2018	Prime Minister Abe leave G20 leader meet Buenos Aires Argentina official visit Uruguay Paraguay
Sun Dec 02 10:10:38 +0000 2018	Betrayal claim Labour daily deceit & amp lie Classic blame opponent sin & amp crime contempt show public combine level demonisation minority clearly show & amp simply fit serve
Sun Dec 02 11:14:16 +0000 2018	Have complete official schedule Buenos Aires include G20 meeting Prime Minister Abe depart destination Montevideo Uruguay
Tue Nov 27 08:45:34 +0000 2018	Joint Meeting Council Economic Fiscal Policy Council Investments Future et al
Sun Dec 02 13:38:53 +0000 2018	China Japan agree accelerate negotiation regional free trade deal
Tue Dec 04 09:41:43 +0000 2018	Prime Minister Abe retune Tokyo visit Argentina Uruguay Paraguay Japan assume presidency G20 take role Argentina
Sat Dec 01 03:51:19 +0000 2018	thrilled meet delusional xenophobic homophobic sexist moronic corrupt low IQ perverted co conspiriter
Wed Nov 07 09:27:18 +0000 2018	need help consider twit
Thu Nov 08 20:53:52 +0000 2018	meet Prime Minister bilateral relation Japan G20 term presidency 2019 continue grow steadily field
Thu Nov 22 23:44:43 +0000 2018	adore Japan super human obsession perfection cleanliness patriotism Jai Ho
Sat Dec 01 03:16:07 +0000 2018	know think idiot donnie know right
Sat Dec 01 03:14:56 +0000 2018	think well involve resign Maybe Mueller cut deal immunity family & amp band grifter close book ugly chapter & amp worth let scot free
Mon Dec 03 21:02:34 +0000 2018	Stop accept foreign scum White Chinese expat industry ruin country African turn Detroit
Tue Dec 04 15:11:36 +0000 2018	god heave well solve
Sat Dec 01 13:46:31 +0000 2018	Funny Trump retweet foreign language tweet doesn understand believe say Fat Man Trump Spineless Turd Muffin 😂 🤣 😂 🤣 😂
Sat Dec 01 12:08:56 +0000 2018	say think feel stand clumsy stupid evil callous self important money grab lie misogynist
Tue Dec 04 02:16:09 +0000 2018	year Indonesian people spend money purchase expensive rice fuel&amp electric cause high inflation rate weaken people purchase power&amp uncotrolled worker wage raise protest bother investment climate&amp weaken economic growth
Thu Nov 08 01:15:40 +0000 2018	Japan Free Open Indo Pacific Strategy Cooperation Maritime Law Enforcement Capacity Building
Fri Nov 09 06:43:36 +0000 2018	Like tank light heavy armoured vehicle platform canbe supply carrier heavy gun turret surveillance grid communication relay
Fri Nov 09 08:27:40 +0000 2018	Facism completely rearrange social structure meet demand cyber kinetic age planing farhead ai super metallic sub muscular age age powr ny solar wind hydrocarbon site semi offgrid power plant local highly efficient pwr storage
Sat Dec 01 17:00:20 +0000 2018	Trade UK Japan problem anymore Focus mess backyard get money sort EU problem
Sat Dec 01 22:38:57 +0000 2018	do nt think foreign country join trump screw american know tell truth
Sun Dec 09 19:35:34 +0000 2018	iron private property
Thu Dec 06 18:47:49 +0000 2018	Congratulations Twitter fall identical public broadcast station
Sat Dec 01 19:56:40 +0000 2018	Ahahaha straight trolling right Oh pile pile
Sat Dec 01 17:54:45 +0000 2018	Dutch Ukraine – European Union Association referendum 61 IGNORE real democracy low turn mean vote count
Thu Nov 08 07:09:18 +0000 2018	Furthermore dolphin whale meat accord article high toxin mercury level build health risk people consume reason END
Sun Dec 02 01:09:06 +0000 2018	PM Abe year G20 Summit come end Japan take presidency 2019 June welcome leader G20 Osaka look forward engage candid discussion challenge international community face
Fri Dec 07 00:51:29 +0000 2018	dear Abe san kidnapping charge press France involve international politics use common Sense think good interest child Let talk I m Tokyo ill buy coffee
Thu Nov 29 14:52:47 +0000 2018	kill American public gov innocent
Mon Dec 10 02:05:51 +0000 2018	Friendship opposite hand straightforward public
Sat Dec 01 06:18:13 +0000 2018	Soooo substance Retweet Japanese tweet look cool right
Wed Dec 05 21:36:18 +0000 2018	marketing strategy work Figure Financial
Tue Dec 11 21:21:54 +0000 2018	imprison Ceo kill reputation free market economy
Sat Nov 10 07:06:50 +0000 2018	Prime Minister Abe hold summit meeting event Mr Narendra Modi Prime Minister India Prime Minister Office
Tue Dec 04 17:28:21 +0000 2018	Stop whale crime don need whale eat don tell world crime scientifically justified
Sat Dec 01 06:46:33 +0000 2018	like Bolton don speak read foreign langauge joke America president nt go prison soon Resign Traitor
Sat Dec 01 03:44:27 +0000 2018	Putin bitch right 👇 👇 👇 👇 🤡 🤡 🤡 🤡 🤡
Sun Dec 02 01:34:47 +0000 2018	Abe say hey leave ball Answer yeah right ball Abe dick middle
Wed Dec 12 18:46:53 +0000 2018	wait till UK good deal Think long wait
Sun Dec 02 15:02:10 +0000 2018	Woww great achievement prime minister & amp mission
Thu Nov 08 21:50:51 +0000 2018	Prime Minister Abe hold 21st meeting Council Investments Future Prime Minister Office
Fri Nov 30 05:27:00 +0000 2018	30 year remember life lose recommit response need bold action sufficient investment turn tide voice hear support edit attach
Mon Dec 10 20:01:01 +0000 2018	usa trend domino effect someday ultimatly go help china Russian replace patrol dollar patrol ruble yuan
Sat Dec 01 16:01:21 +0000 2018	Japan welcome international talent create innovative business support offer government eco system stimulate new business lead entrepreneur world
Sat Dec 01 03:43:46 +0000 2018	Translation President real Dotard stroke ego weak low IQ
Mon Nov 26 09:55:50 +0000 2018	Noguchi Memorial Institute Medical Research fight infectious disease
Tue Dec 04 08:20:26 +0000 2018	didn understand word GOOD speak american good night america
Sun Dec 02 03:26:42 +0000 2018	Vladimir Putin meet Prime Minister Japan Shinzo Abe sideline G20 summit
Sat Dec 01 21:09:45 +0000 2018	sell anymore British bomb Saudi Arabia husband make lot money BAE System Lockheed Martin
Tue Dec 11 04:52:43 +0000 2018	end Diet session Prime Minister Abe hold press conference December 10 outline key legislative achievement approval supplementary budget session Video interpretation forthcom
Tue Nov 27 10:18:21 +0000 2018	Prime Minister Abe Prime Minister Morrison Australia pay respect Darwin War Memorial
Sat Dec 01 05:57:45 +0000 2018	dies age 94 sign NAFTA Dec 17 1992 leave office represent step fulfillment dream Dead hemisphere united economic cooperation today 🙏 fix mistake
Sat Dec 01 10:59:16 +0000 2018	suit coat get little snug Maybe lie late night cheeto watch
Thu Nov 08 21:51:43 +0000 2018	Prime Minister Abe hold summit meeting event Tun Dr Mahathir bin Mohamad Prime Minister Malaysia Prime Minister Office
Fri Nov 30 22:41:17 +0000 2018	🚨 Happen President Prime Minister Japan Prime Minister India prior start trilateral meeting
Tue Dec 11 20:32:12 +0000 2018	Prime Minister Abe hold press conference Prime Minister Office
Sat Dec 01 04:18:00 +0000 2018	pray relationship strong nature devolp ower country wish healthy happy life
Thu Nov 22 15:01:51 +0000 2018	Economic Leader Meeting Event Second Day
Sat Dec 01 02:59:18 +0000 2018	start flight Delhi Bunoes Aires Ushuaia develop trade tourism South America
Sat Dec 01 03:16:37 +0000 2018	Right President tweet like retweet stop read people 1st right president tweet nasty waste doesn read
Sat Dec 01 05:39:37 +0000 2018	PM Working Day & amp Night People wonder PM Modi manage work break
Fri Nov 30 08:09:16 +0000 2018	Dear Excellency Japan develop attack helicopter rotor blade locate leave right NOTAR
Sat Dec 01 06:56:21 +0000 2018	20 summit Prime minister Japan & amp president meet JAI Japan America India trilateral close cooperation nation augur world peace & amp stability 🇮 🇳 🇯 🇵 🇺 🇸 ✌ 🏻
Sat Dec 01 12:47:20 +0000 2018	GREAT leader vast & amp strong Nation Blessing unity work well live people
Sun Dec 02 15:53:20 +0000 2018	Prime Minister Abe receive guard honor Independence Square Montevideo Prime Minister pay respect hero independence
Sun Dec 02 06:38:23 +0000 2018	start free Carlos Ghosn illegally detain proof Japan beautiful dictatorship
Mon Dec 03 05:05:10 +0000 2018	Theresa ignore UK public sign UN Migrant Pact public haven tell know like like deal bad UK somebody help UK maybe
Tue Nov 27 19:48:27 +0000 2018	French Macron Canada Trudeau indecisive Obama beauty night nation die result invasion immigrant China Korea destroy immigration invasion
Tue Nov 27 10:41:24 +0000 2018	Prime Minister Abe receive courtesy 2025 Japan World Exposition Committee Prime Minister Office
Tue Dec 04 06:07:25 +0000 2018	horizon meet truly global team outstanding talent come 🇯 🇵 materialize innovative technology
Sat Dec 01 16:32:54 +0000 2018	Free trade Europe high import tarrif European country refuse pay BNP NATO pay protection joke Tusk
Tue Dec 04 18:57:23 +0000 2018	history human kind
Sun Dec 02 23:27:32 +0000 2018	Prime Minister Abe arrive Asunción Paraguay final destination trip Latin America Prime Minister greet Paraguayan official receive guard honor
Sat Dec 01 05:22:37 +0000 2018	wake inauguration 20 Summit Argentina successful interaction Abe Shinzo Japan President Trump Prime Minister Modi India fruitful interaction cooperation Indo Pacific region free fair
Tue Dec 04 01:06:07 +0000 2018	Prime Minister Abe arrive Montevideo Uruguay mark official visit Japanese prime minister country receive warm welcome Uruguayan official airport
Tue Nov 27 10:17:26 +0000 2018	Prime Minister Abe arrive Port Moresby Papua New Guinea attend APEC leader meet Prime Minister Mrs Abe welcome traditional dance airport
Mon Dec 10 07:51:37 +0000 2018	& amp service Kansai Int Airport improve open duty free high quality fruit shop new route & amp improve emergency preparedness gateway active
Mon Dec 10 09:12:14 +0000 2018	economy Indian friend enemy stop play clock dagger
Tue Dec 04 01:06:02 +0000 2018	Prime Minister Abe engagement Uruguay meet Uruguayan citizen Japanese origin Prime Minister Abe express appreciation hard work dedication stress Japan
Tue Dec 04 05:25:52 +0000 2018	YaY ZorZ Maglev Continue Operating Advantage W/ Handling Military Nuke Economics Best Way Handle Gaining Ground
Thu Dec 06 10:23:29 +0000 2018	Dear help talk beg consider Kindly view tweet
Mon Dec 10 09:14:19 +0000 2018	economy India ask help USA come currency rupee devaluation
Sun Dec 02 12:28:21 +0000 2018	mean dictator rule nation terror financial support country Japan understand mean
Sun Dec 02 23:27:37 +0000 2018	Prime Minister Abe complete historic visit Uruguay mark official trip Japanese Prime Minister PM Abe leave destination Latin America trip Asunción Paraguay
Mon Dec 10 03:46:49 +0000 2018	damage £ 39B win get UK long throw good money bad long fuel gravy train translate Tusky
Sat Nov 10 18:51:53 +0000 2018	tweeter have plan good send mail japan let official know detail learn japan history
Mon Nov 26 08:22:23 +0000 2018	Sport powerful enabler Sustainable Blue Economy Read
Sun Dec 02 04:28:04 +0000 2018	bonding sir nd ji strong positivity effect Nice work betterment world 🙏 🙂
Mon Dec 10 23:33:34 +0000 2018	guy Right vote people power guy leave mate sort different mafia award contract
Wed Dec 12 17:39:53 +0000 2018	Good Japanese ^^ Let way way ensure time right Tokyo 2020 Olympic Game
Mon Dec 03 21:08:13 +0000 2018	G20 Summit begin Argentina mark opportunity Trump President Mody Prime Minister trilateral summit meeting agree continue closely cooperate common goal India Pacific free open
Sun Dec 02 06:46:39 +0000 2018	G20 summit inaugurate Argentina Take advantage opportunity hold summit meeting Trump President Mody Prime Minister Mr Trilateral & amp Japan mark agree cooperate closely common goal free open India Pacific Ocean
Sat Dec 01 03:52:58 +0000 2018	PM Abe speak utilise spare time G20 host trilateral meeting India say nation Australia Canada support free & amp open Asia Pacific
Wed Nov 28 05:27:56 +0000 2018	meet
Sat Dec 01 05:49:10 +0000 2018	G20 dialogue immediately tackle terrible problem call medium free speech young man woman job journo harm million falsehood hatred lie
Sat Dec 01 05:00:43 +0000 2018	Trump free open Indo Pacific likely provoke China alarm Asian nation drive region tense zero sum competition confrontational posture risk pointless Cold War Beijing Translation Trump enemy people
Tue Dec 04 17:04:33 +0000 2018	disgrace jc wil recover
Fri Nov 30 08:57:03 +0000 2018	meet & amp trilateral meet indicate India grow diplomatic & amp economic power year Proud global arena
Wed Nov 07 05:21:56 +0000 2018	[ From staff Prime Minister Abe welcome visit Prime Minister Modi India Japan hold summit meeting 🇯 🇵 🇮 🇳 video compile highlight look
Thu Nov 22 12:38:53 +0000 2018	economic leader dolphin TODAY year leave closed aquarium need HELP RIGHT WAIT LONG OK people say SAVE GROUPS OFFER HELP
Mon Dec 03 14:44:50 +0000 2018	G20 summit inaugurate Argentina Take advantage opportunity hold summit meeting Trump President Mody Prime Minister Mr Trilateral Japan mark agree cooperate closely common goal free open India Pacific
Sat Dec 01 05:26:35 +0000 2018	G20 summit inaugurate Argentina Take advantage opportunity hold summit meet Pres Trump Pres Mody PM Mr Trilateral Japan mark agree cooperate closely common goal free open India Pacific Ocean
Tue Nov 27 10:17:18 +0000 2018	APEC leader meeting start second day cooperation Japan Papua New Guinea area sewerage system upgrade find place Port Moresby include pump station near APEC Haus conference venue
Thu Nov 22 12:26:18 +0000 2018	MR SUGA HEART DOLPHIN NEEDS WORK HARD PEOPLE MONEY DESERVE SANCTUARY GROUP OFFER HELP
Sat Dec 01 15:56:18 +0000 2018	commitment free open maritime passage Indian ocean Pacific ocean debase concern piracy ethnic persecution plight suffer Rohingya amid danger suffer fisherman littoral people ameliorate
Sun Dec 02 15:47:24 +0000 2018	Prime Minister Abe hold meet Mr Peter Martin Christian President Federated States Micronesia Diet
Wed Nov 28 05:39:51 +0000 2018	Prime Minister Abe hold summit meeting event Majesty King Abdullah II ibn Al Hussein King Hashemite Kingdom Prime Minister Office
Sat Dec 01 21:21:47 +0000 2018	xenophobic old woman win PM hopefully win brexit Saudi mate know bomb civilian make husband money kill journalist oppose Shame
Sat Dec 01 03:55:05 +0000 2018	free open India Pacific Ocean speak big Pacific Ocean trump small ocean way insult rest world wonder want near
Tue Dec 11 11:03:28 +0000 2018	ask stop conservative censorship nation include Japan Jack Dorsey learn precious conservative politician Japan
Tue Nov 27 08:51:45 +0000 2018	Good timing 35 cost 10 billion yen 88 million additional order exceed trillion yen order 100 fighter
Sun Dec 02 07:29:08 +0000 2018	Prime Minister Abe attend National Congress Town Village Mayor hold Tokyo
Tue Dec 04 04:17:08 +0000 2018	Illicit massacre dictatorshipism Immigration invasion nation China Russia Korea crush destroy economic industry Axis evil lawless immigrant aggression state morality ethics
Fri Nov 30 18:03:27 +0000 2018	brain miraculous thing Think processing power powerful computer shame control center dizzying number physical task feed brain learning
Fri Nov 09 08:17:38 +0000 2018	1920 industrial age base carben fuel 1950 hight industrial age 1960 2000 dawn computer age semi automated machine computer work different layere 2005 2020 reach cyberkinetic becoming1 lead man machine team
Mon Dec 10 23:35:44 +0000 2018	ready gent national abduction abduction press conference week ll send link French government note USA take lead human right Sanction
Sat Dec 01 16:36:40 +0000 2018	Congratulations Sir grand success 20 Summit prove global leader government foreign policy fully get huge benefit support develop country like USA Japan JAI Bharath Jaiho Modiji
Sun Dec 02 15:01:01 +0000 2018	trade deal tie EU advisor say wrong have tell country wait bit long deal vote mean lose trust
Mon Dec 10 11:14:18 +0000 2018	10 Day Holiday work possible supercomputer found they re human
Sat Dec 01 07:10:10 +0000 2018	business got kill ur unplanned GST implementation lodge complaint time reply way GST want relief pay high interest market money got stick GST destroy earn
Mon Dec 10 12:45:10 +0000 2018	possible REALIZATION Heart Thought opposite stand face face ECONOMICS TECH need people meet embrace REALIZE SINGLE UNIT PEOPLE WAY DIRECTION HOME Let & amp Cross
Tue Dec 04 11:57:26 +0000 2018	world trust trump
Thu Dec 06 10:32:27 +0000 2018	Glad able meet Mr Dorsey lovely shirt Bird fly free mean like dolphin swim past consider good publicity bring stop
Wed Nov 07 11:18:42 +0000 2018	Prime Minister meet Yamanashi hold talk day deepen India Japan tie
Sat Nov 24 04:33:45 +0000 2018	41 day harassment school kid Wakad School flout RTE integral venerable Indian Constitution clear PCMC DYDE NCPCR MSCPCR etc mum care 100 odd kid harass School collect ransom money extortion HLP
Fri Nov 23 10:53:31 +0000 2018	40 day harassment school kid Wakad School flout RTE integral venerable Indian Constitution clear PCMC DYDE NCPCR MSCPCR etc mum care 100 odd kid harass School collect ransom money extortion HLP
Wed Dec 12 16:22:28 +0000 2018	focus Economy EMU year overdue
Wed Nov 07 05:25:14 +0000 2018	Press Conference Prime Minister Abe issue civilian worker Korean Peninsula October 30
Wed Dec 05 20:43:13 +0000 2018	Prime Minister Abe country admirable existence learn telepathy hypnosis magic use spirit admire want protect
Sat Dec 01 17:02:07 +0000 2018	EUcopresident Place Brexit negative economy overall irresponsible show EU politician divide Diversity possibility experience politician know Japan stabilize UK Northern Ireland expand EU
Wed Dec 12 14:19:44 +0000 2018	Morris Cerullo Missonary expel India 1992 Police declare persona non grata Indian Government enter India 2018 Bangladesh Radical preacher Abdur Razzak come India week Sushma Swaraj aware
Sat Nov 10 06:35:36 +0000 2018	Takeshima enemy country occupy illegal completely eradicate Korean economy completely thoroughly stupid dirty Korean person Devastate terror prostitution people
Sun Dec 09 20:57:42 +0000 2018	thank Mr Prime Minister Japanese law prosecutor detain suspect 23 day charge repeatedly extend detention file new accusation awyer allow present interrogation session
Sat Dec 01 23:51:35 +0000 2018	DEMOCRAT CONGRESS START * OWN * investigatgion PLURAL Mueller go subpoena tax return Trump / Russia INDICTMENT COME
Mon Dec 10 13:17:57 +0000 2018	Bullet train project JICA team shock find govt didn follow land acquisition norm
Fri Nov 30 19:55:13 +0000 2018	lose House bigly minimal Senate gain lose governor seat 338 state legislature seat gain historic victory watch
Thu Nov 22 15:02:04 +0000 2018	Prime Minister Abe receive courtesy Ms Tsveta Karayancheva President National Assembly Republic Bulgaria Prime Minister Office
Wed Nov 07 21:38:52 +0000 2018	Prime Minister deeply grateful warm word solidarity encourage kindness Natural disaster challenge difficulty thought Australian affect recent drought
Thu Nov 22 15:01:53 +0000 2018	Prime Minister Abe hold summit meeting event Mr Roch Marc Christian Kabore President Burkina Faso Prime Minister Office
Tue Nov 27 10:18:02 +0000 2018	Darwin Prime Minister address televise press conference PM Abe highlight outcome meeting ASEAN East Asia Summit bilateral meeting Prime Minister Morrison Australia
Fri Nov 30 19:13:36 +0000 2018	Ty PM Strengthen Trilateral relation Trade Commerce Defence leading Nations Preparedness & amp Strengthen Indian Economy Trade tie & amp Investment Prospect India Global Force Reckon
Sat Dec 01 03:57:26 +0000 2018	1/2 1945 Japan devastate death defeat WW2 country recover miraculously secret Korean War 1950 military asset western ally arrive Korea Japan Japanese economy resuscitate Military Keynesianism
Mon Nov 26 05:42:59 +0000 2018	answer crime Steal whale slaughter rest drive calf sea
Sat Dec 01 08:32:20 +0000 2018	good republican way push wrong way hate new republican passion George Bush good man good human Nuff say FU TRUMP
Wed Nov 07 10:30:08 +0000 2018	Congratulations good friend Prime Minister HUGE election victory Japan look forward year work New York week 🇺 🇸 🇯 🇵
Tue Nov 27 10:18:24 +0000 2018	Prime Minister Abe arrive Darwin Australia welcome Australian representative airport
Sat Nov 10 05:11:13 +0000 2018	China Korea North Korea absurd nation know action cause great deal trouble country world word leader country lie
Fri Dec 07 13:14:30 +0000 2018	Wapo & amp Fox need interview Japan possess depth knowledge Huawei current historical multi faceted modus operandi Imagine Mi6 FBI government time public corporation
Sat Dec 01 03:16:09 +0000 2018	international embarrassment
Sat Dec 01 15:17:51 +0000 2018	Good meeting Prime Minister sideline European Union like minded partner defence rule base multilateralism Historic bilateral trade agreement come force early year
Sun Dec 02 11:06:13 +0000 2018	Magnificent float & amp umbrella beautiful light & amp music — know Japan float festival Come enjoy Chichibu Night Festival Learn
Wed Dec 05 15:25:31 +0000 2018	forgive immigration invader Democratic Party Deep State try destroy United States dictatorship dictatorship lawless immigration immigration invasion National affair China Korea Russia
Fri Nov 30 18:00:34 +0000 2018	ain capitalism friend parasitism bad kind egg war love / battle dodge chicken hawk bore silly sip exotic drink ignore challenge home pick fight abroad REVOLT Solution 99
Thu Nov 08 04:55:40 +0000 2018	Prime Minster come Trump Tower dinner importantly great landslide victory Japan congratulate behalf American people
Tue Dec 04 07:11:13 +0000 2018	way metro project burn forest ash Tribal land flood zone forest open creation integrate township
Sat Dec 01 21:33:20 +0000 2018	don know Crooked Hillary Lines & amp Box Look Like Tiny Apartment Want & amp Develop Trump President Mody Prime Minister Mr Trilateral like try read Melania write Best Word
Tue Nov 27 10:16:44 +0000 2018	[ From staff Prime Minister Abe attend East Asia Summit Singapore hold summit meet Prime Minister Scott Morrison Australia compile key scene video look
Sat Dec 01 19:57:05 +0000 2018	presence Prime Minister Abe President Macri occasion 120th anniversary diplomatic relationship Japan Argentina bilateral agreement promotion protection investment sign Buenos Aires
Thu Nov 08 17:07:28 +0000 2018	JapanGov digital gateway Japan Follow late insight
Sat Dec 08 16:01:15 +0000 2018	urge fair Chinese enterprise
Sat Dec 01 18:41:52 +0000 2018	United commitment defend rule base international order propaganda Trump
Sun Dec 02 12:39:02 +0000 2018	Maybot plan sign UN migration pact cover media blackout big sellout Brexit sabotage
Sat Dec 01 05:39:29 +0000 2018	Free Carole Ghosn Ceo Nissan
Sat Dec 01 09:53:48 +0000 2018	Great development international Arena
Tue Dec 04 09:11:26 +0000 2018	Japan adopt cash basis accounting assess income tax liability Rationale Generally employment certainty employee hire day fire day
Mon Nov 26 06:12:33 +0000 2018	Kitakyushu City 🇯 🇵 lead industrial hub extensive experience deal w/ challenge 1950s year city award Partnership Award thank civic engagement & amp intl cooperation protect environment
Tue Dec 04 19:13:48 +0000 2018	World secure
Tue Nov 27 06:57:46 +0000 2018	[ From staff November 24 Prime Minister Abe visit Fukushima Prefecture observe Tohoku reconstruction person place underway compile highlight visit minute video look
Mon Dec 10 17:59:24 +0000 2018	President Trump entire state way express hear stuff hear noise don citizen Express hear inability apart inability find employment
Sat Dec 01 03:55:05 +0000 2018	PEACE purpose Unity republic Union cost self destruction Shun destroy human body un naturally Shun development destroy Nature know Prakrithi&amp Purusha inseparable unity divide follow unnatural thought line
Sun Dec 02 23:50:56 +0000 2018	Prime Minister Abe receive President Abdo Benitez Paraguay Asunción leader engage discussion way strengthen tie country celebrate 100th anniversary diplomatic relationship
Sun Dec 09 14:50:38 +0000 2018	meet Mr Jack Dorsey CEO Twitter receive customized shirt Welcome Japan Mr Dorsey continue use social medium actively way enhance democratic Twitter support Stockholder please
Tue Dec 04 09:12:59 +0000 2018	Japan adopt cash basis accounting assess income tax liability employee receive salary Rationale Generally employment certainty employee hire day fire day
Sat Nov 24 01:42:47 +0000 2018	State Dept w / SAG terror soldier Quebec advance French North American Republic Territory exterminate population New nation replace Canada USA Mexico region help world candle expose Screen Actor Guild
Tue Dec 04 01:05:12 +0000 2018	Prime Minister Abe President Abdo Benitez witness sign document provide assistance medical equipment dredge Paraguay River leader reveal commemorative logo 100th anniversary diplomatic tie
Sun Dec 02 11:48:03 +0000 2018	visiy Japan free
Sun Dec 02 11:52:26 +0000 2018	visit Japan free
Mon Dec 03 12:43:57 +0000 2018	hey look falklands get oil ready build runway sheep penny fuel jet wow good trade deal trust tories general election strong stable
Sat Dec 08 10:14:19 +0000 2018	Shame Japan Killing dolphin day & amp year entertainment Wildlife belong wild human
Mon Dec 03 04:06:23 +0000 2018	Thank M Ivanka obviously person great skill /intelligence / experience
Thu Dec 06 12:55:39 +0000 2018	Thank Prime Minister conversation afternoon Appreciate use Twitter reach people Japan directly leadership issue face world climate change 🗾 🏯 🗻 🎎 🎌 🌏
Sat Dec 01 04:20:16 +0000 2018	wonderful initiative ofJAI meet joyful moment farsightedness mutual cooperation culmination world peace & amp prosperity kudos ji
Tue Nov 27 10:17:28 +0000 2018	Have complete official engagement Darwin Prime Minister Abe depart Port Moresby Papua New Guinea attend APEC leader meet
Sun Dec 02 06:17:23 +0000 2018	President Trump Vice President Pence justice world People conscience look video child go misery human treatment pay attention 救救我们的孩子
Sun Dec 02 12:56:12 +0000 2018	year Indonesia Government fail creat condition strengthen national rice industry order produce high quality & amp cheap rice poeple increase Farmer Exchange Rates&amp economic growth rate reduce Current Account Deficit
Wed Nov 21 20:03:09 +0000 2018	Watch Japan improve quality life
Fri Nov 30 09:24:56 +0000 2018	Press Conference November 30 Deputy Chief Cabinet Secretary Nishimura
Mon Dec 03 08:00:00 +0000 2018	Japan Prime Minister congratulate President historic mid term victory 14 second Video priceless Potus reaction
Sat Dec 01 04:10:00 +0000 2018	November 30 2018 09 34PM
Fri Dec 07 08:11:56 +0000 2018	Japan Build Global Maglev America Get Cut Ideal Global Northern Setup
Sat Dec 01 21:48:59 +0000 2018	Celebrate 120th anniversary diplomatic relationship Prime Minister Abe President Macri address audience contribute strengthen tie nation leader highlight recent achievement especially trade investment
Sat Dec 01 03:23:32 +0000 2018	great Sound good Free trade
Sat Nov 24 23:30:53 +0000 2018	beautiful wedding plan
Sat Dec 01 02:00:31 +0000 2018	Yes true leader JAI group change destiny billion bring world order Order bully use force need stop force/ soft power stop bully welcome Jai good world peace billion human being india
Sat Dec 01 22:00:55 +0000 2018	Don trust Donald Trump screw way
Thu Dec 06 10:39:29 +0000 2018	Hey astonishingly fuckin scum TRUST
Wed Nov 07 10:58:25 +0000 2018	Estonia world lead county information technology New business steadily create visit country mark Japan Prime Minister take opportunity hope deepen economic tie
Thu Nov 08 22:01:50 +0000 2018	Prime Minister Abe visit FY2018 Fall Special Exhibition commemorate 150th anniversary Meiji Restoration Dynamic Period Meiji Dawn Modern Japan hold National Archive Japan
Wed Nov 21 16:31:57 +0000 2018	improve quality life dolphin whale brutally slaughter
Thu Nov 22 07:47:37 +0000 2018	visit JGSDF Camp Narashino Australian Prime Minister Turnbull please time month Manila warmly welcome Malcolm visit Japan
Tue Nov 27 10:17:55 +0000 2018	visit Darwin Australia Prime Minister Abe receive briefing crew Japan Coast Guard patrol vessel Echigo PM Abe address crew express appreciation devotion commitment
Sat Dec 01 21:38:54 +0000 2018	Yep Free speech
Tue Nov 27 10:16:53 +0000 2018	PM Abe visit Australian city Darwin Prime Minister Scott Morrison extend sincere condolence honor perish war Read
Tue Dec 04 01:05:22 +0000 2018	Prime Minister Abe speak meet Paraguayan citizen Japanese descent official engagement Asunción warmly welcome vibrant nikkei community reassure continue support Japan community
Wed Nov 07 17:17:11 +0000 2018	Prime Minister Japan work help balance side Trade Japan investment make Country begin
Fri Nov 30 19:45:48 +0000 2018	correct posture kudos foreign policy maker
Thu Dec 06 16:03:40 +0000 2018	G20 Summit hold trilateral meet
Sat Dec 01 06:13:13 +0000 2018	great head govt come strengthen relationship focus cooperation area national interest indo Pacific
Tue Dec 11 11:54:23 +0000 2018	talk kagoshi turkish jail kgoshi murder serve purpose divert attention turkey hymen slaughter house long go use turkey crime
Tue Dec 04 01:02:43 +0000 2018	joint press session Prime Minister Abe President Abdo Benitez emphasize significant development bilateral relationship Japan Paraguay express high expectation 100th anniversary diplomatic tie celebrate 2019
Sat Dec 01 01:20:03 +0000 2018	JAI ki Jai ho Good closeness President PM Japan nation similarity problem cooperation problem solve
Sat Dec 01 17:39:52 +0000 2018	GOD DAMN international shade throw
Tue Nov 27 10:17:52 +0000 2018	leave Darwin Australia Prime Minister Abe pay visit memorial Japanese submarine 124 Minister Northern Territory leader welcome local citizen Australian Japanese
Sat Dec 01 04:42:05 +0000 2018	Creat history Japan America India stand equality World War ll
Sat Dec 01 03:16:24 +0000 2018	Don trust Trump try build wall Pacific Ocean
Fri Nov 09 06:02:04 +0000 2018	Upgrade Sqribble PROFESSIONAL 2018 FULLY Load Sqribble 150 NEW Hot & amp Premium Template 99 000 + Article ENHANCED Content Engine UNLIMITED Storage 900 + learn Regular Price 147 Special Launch Price Time 97 Buy
Tue Dec 04 07:32:19 +0000 2018	Let involve Dear
Sat Dec 01 07:49:17 +0000 2018	historic meeting sideline PM meeting JAI Japan America India trilateral Close cooperation nation augur world peace stability
Thu Dec 06 23:57:52 +0000 2018	block Twitter ad Twitter unfairly block conservative content blessing nation people love admire appreciate
Thu Nov 22 12:29:31 +0000 2018	MR PRIME MINISTER HELP DOLPHIN OK STATE BARELY SURVIVING GROUP OFFER HELP SEND SANCTUARY PENGUIN TODAY
Sat Dec 01 23:19:18 +0000 2018	Person sell turn free trade deal USA don leave pointless
Sat Dec 01 10:02:43 +0000 2018	great international image building याalso improve pok military solution
Sat Dec 01 10:25:11 +0000 2018	Don trust Abe go long
Fri Nov 30 17:50:47 +0000 2018	historic meeting sideline 20 Summit PM PM meeting JAI Japan America India trilateral Close cooperation nation augur world peace stability
Fri Nov 09 06:51:23 +0000 2018	walk path interest policy fail fall like indian princely state fall Britain
Sat Nov 24 19:55:13 +0000 2018	G20 Member pompous connive murderous monster MohamedBinSalman & amp father boot
Thu Dec 06 12:28:00 +0000 2018	Prime Minister Abe meet Mr Jack Dorsey CEO Twitter office PM Abe meet Mr Jack Dorsey CEO Twitter receive customized shirt Welcome Japan Mr Dorsey continue use social medium actively
Sat Dec 01 03:17:07 +0000 2018	Don trust Trump try build wall middle Pacific Ocean
Thu Nov 22 22:31:12 +0000 2018	imagine border
Sat Dec 01 16:04:45 +0000 2018	free iphone offer registration
Mon Dec 10 04:40:24 +0000 2018	free iphone offer registation
Sat Dec 01 05:55:43 +0000 2018	🖕 🏽Your 🖕 🏻filthy 🖕 🏼lies 🖕 🏿and 🖕 🏾crime 🖕 be 🖕 🏿exposed 🖕 🏾in the 🖕 🏼Democrat House 🖕 🏾 January 🖕 Watch 🖕 🏿all 🖕 🏾 every 🖕 TV channel ❗ You️ 🖕 🏿will 🖕 🏼be 🖕 🏾the laughing 🖕 🏽stock 🖕 🏻ENJOY ❗ ️Plus 🖕 🏽You fat old 🖕 🏾 😘 ‼️
Fri Nov 23 06:44:27 +0000 2018	generation introduce 1000 KM / per Hour bullet train
Thu Nov 08 05:07:28 +0000 2018	PM Abe heartily welcome Prime Minister India visit 🇯 🇵 lose time take lakeside Lake Yamanaka autumn leave glory invite summer house dine
Wed Nov 28 04:37:01 +0000 2018	NSA say meet Japan PM Shinzo Abe point transform trilateral PM
Fri Nov 23 17:09:17 +0000 2018	country send greeting Prime Minister japan hope Japan take example Turkey provide benefit world peace humanitarian aid suit Empire
Sun Dec 09 05:56:52 +0000 2018	work train people good job man robat team chiese introduce ai course school level
Mon Nov 26 18:31:32 +0000 2018	COMMUNITY POLICING MAKE PEOPLE FEEL SECURED HEART MIND
Thu Dec 06 11:53:27 +0000 2018	Protect asshole
Sun Dec 02 05:29:41 +0000 2018	stop kill dolphin whale Argentina beg stop kill watch Captivity wrong shame
Thu Nov 22 15:29:27 +0000 2018	Ah yes truly live new era country world promote government love twitter
Sat Dec 01 03:14:24 +0000 2018	melting cause small hand tweet mean Trump hand 40 small currently melt trend meltdown Check
Sun Dec 02 05:23:16 +0000 2018	JAI Japan America India good Exmpl Entire world great country Jointly come fwd Fulfillment alongwith outstanding quality Suppwr strategic Plng Excellent Maritime Devp & amp permanently peace Info Pacific
Wed Nov 21 15:47:48 +0000 2018	Stop kill whale contravention international law Don start horror Taiji
Thu Nov 22 09:37:11 +0000 2018	sure high quality offer lot people need offer
Mon Dec 03 20:33:08 +0000 2018	😂 😂 nice act need young people foreign
Mon Dec 10 09:08:13 +0000 2018	insist foreign worker come Japan treat fairly equal access national healthcare service
Sat Dec 01 06:34:40 +0000 2018	Good grief donnie look like truss pinch
Wed Dec 05 00:58:29 +0000 2018	Asahi Shimbun Korean company terroTV ASAHI sun knock full NHK TBS Constitutional Democratic Party Chinese Korean people group Pluck
Sun Dec 02 00:57:38 +0000 2018	Thank remain agenda 2019 Encouraging sign result well wish success look forward work
Tue Nov 27 05:26:35 +0000 2018	Love Bharat friendship base mutual respect trust Long live land rise sun
Wed Nov 07 08:06:41 +0000 2018	50th annv Japan Korea normalize diplomatic relation gift photo father foreign min visit Korea http / …
Sat Dec 01 13:24:29 +0000 2018	personal transition Standing dear friend President Trump Indian PM Modi G20 vow World good place live
Sat Dec 01 14:13:50 +0000 2018	Remember time distract cohen bank tax agency raid FBI tweet foreign language
Fri Dec 07 14:45:31 +0000 2018	cross country trans continental driving motorhome expidtion van travel easily throw massive road infrastrucher project east central asia
Tue Dec 04 14:27:10 +0000 2018	JAI democratic cooperation foundation safe world future
Fri Nov 23 06:08:27 +0000 2018	Sweden black friday City Gothenburg free 24 year socialism regime finally
Sat Dec 01 06:53:40 +0000 2018	open trade economy grow
Sat Dec 01 15:14:05 +0000 2018	G20 summit inaugurate Argentina Take advantage opportunity hold summit meeting Trump President Mody Prime Minister Mr Trilateral Japan mark agree cooperate closely common goal
Wed Dec 05 18:26:49 +0000 2018	meet President PM PM sideline recent G20 meet Buenos Aires iteration Japan India JAI grouping summit level
Mon Dec 10 17:46:38 +0000 2018	Totally phone server employer town city light totally totally choose Republican
Sun Dec 02 04:36:42 +0000 2018	realise winner Available usual High promotion indonesia TV Free America singer try America president Asia expensive company vote
Sat Dec 01 17:43:33 +0000 2018	Japan welcome UK bilateral free trade agreement long EU law
Sat Dec 01 10:21:59 +0000 2018	Trump probably understand Abe tweet way understand international trade treat long time ally
Sat Dec 01 08:09:53 +0000 2018	Neighbor Peace profound Loved god trust
Wed Nov 07 08:06:01 +0000 2018	Reunite PM Neill Papua New Guinea Receive warm welcome visit July residence http / …
Sat Dec 01 09:52:29 +0000 2018	day later Japan maritime self defence force soron class submarine report silent coast Australia prompt strong protest Australia
Wed Nov 07 08:05:18 +0000 2018	Finish productive roundtable discuss topic Abenomic Japan economic relation & amp TPP
Sun Dec 02 01:14:56 +0000 2018	Translation orange president hand statement read G20 say please big win midterm look laugh say Arigato nundiska Orange wanting offend read
Sat Dec 01 07:18:16 +0000 2018	nice India strong Internationally
Wed Dec 12 06:45:23 +0000 2018	◆ Deep state Japan
Fri Nov 30 11:40:19 +0000 2018	example Leader adopt commitment 2014 promise TI recommendation move far slowly don need new promise implement exist commitment
Sun Dec 02 09:24:34 +0000 2018	share value share value Japan didn muslim immigrant EU permission take million muslim economic immigrant share value
Wed Dec 05 02:58:48 +0000 2018	Wealth / national fortune expense crucify planet humanity close safety national international government condemn World child future citizen NM
Mon Dec 10 19:27:08 +0000 2018	Block protest woman censorship
Sat Dec 01 03:15:49 +0000 2018	President Trump effective leader country talk politician promise Nationalism make America Patriotism keep America America Safe Strong
Sat Dec 01 00:54:51 +0000 2018	excellent initiative take India boost foreign relation help country long run especially information technology space research defence
Sat Dec 01 03:19:42 +0000 2018	Lol chance trump able read chance able read book keep push executive order sign intelligence report give
Wed Nov 07 08:04:40 +0000 2018	Enjoy discuss future world generation build university
Sat Dec 01 02:08:51 +0000 2018	ask broadcast live watch gym 😉 👍 🇸
Sat Dec 01 09:16:38 +0000 2018	Hello Prime Minister Best wish Japanese
Sun Dec 02 18:35:08 +0000 2018	prime minister mr trilateral
Sat Dec 01 16:42:36 +0000 2018	love japan Love india ❤ ️ ❤ ️ Strong bond 🇮 🇳 🇯 🇵
Wed Dec 05 15:58:59 +0000 2018	force parent special need kid institution
Mon Dec 10 22:30:13 +0000 2018	Block protest Twitter censorship woman
Tue Dec 11 09:29:30 +0000 2018	Block protest Twitter censorship woman Twitter
Tue Dec 11 22:34:41 +0000 2018	Block protest censorship woman
Sun Nov 25 05:58:10 +0000 2018	Welcome Imperial palace tour Imperial Palace Ground take place twice day choose Japanese English Chinese guide tour admission free
Sun Dec 02 07:05:15 +0000 2018	Jail Catalan leader denounce Spanish Constitutional Court block right access international justice stonewall appeal recourse injustice Today December 1st begin
Sat Dec 01 03:23:14 +0000 2018	Thank Prime Minister Shinzo
Sun Nov 25 11:01:29 +0000 2018	roundtable series kick week event feat hold London 🇬 🇧 W/ expert hold depth dialogue 🇯 🇵 competitive edge & amp implication global marketplace
Sat Dec 01 15:15:33 +0000 2018	Mr Trilateral Japan mark agree cooperate closely common goal free open India Pacific Ocean
Wed Nov 21 17:55:08 +0000 2018	Ghosn People save NISSAN NOssan today deal let walk
Wed Dec 12 15:02:42 +0000 2018	mind tell busy look interest
Tue Dec 04 14:17:39 +0000 2018	tooth brush free continue time place
Sat Dec 01 03:18:41 +0000 2018	Abe visit ll cherish historical memory welcome motorcade year Thank American memory international one right backyard President Trump 🌴 🇺 🇸 🕊 We ❤ ️Trump
Sat Dec 01 12:25:27 +0000 2018	Hon NaMoji thank raise Bharat profile international level want thank work people Bharat get ready office 2019 Jai Bharat 🙏 🏼
Thu Nov 08 12:25:02 +0000 2018	fully agree PM cherish close friendship visit Japan see new milestone India Japan Special Strategic Global Partnership
Sat Nov 10 05:02:02 +0000 2018	North Korea see big recently develop nuclear weapon China show violent movement military economic aspect Korea ve ridiculous act Japan
Sat Nov 24 02:44:17 +0000 2018	hello prime minister help follow twitter
Wed Dec 05 18:54:03 +0000 2018	Learn depth universality Japanese culture philosophy continue earn global appeal
Sun Dec 09 23:45:58 +0000 2018	appoint Edward Rutwack Secretary Defense Matisse dismiss Discard ROK alliance Korean Army South Korea South Korea Korea buffer line trust Korean China absolutely Russia
Sun Dec 02 20:35:37 +0000 2018	wear bright jacket stand people notice Give insignificant suppose plan
Tue Nov 27 07:24:18 +0000 2018	Let share information Donald Trump Benjamin Netanyahu Vladimir Putin Steve Bullocks partnership ambush Muslim wife daughter big organized crime fail communist crusade
Fri Nov 23 14:05:08 +0000 2018	Deep State
Sun Dec 02 23:13:29 +0000 2018	Cohen Lawyer Drop BOMBSHELL Trump New Court Filing Cohen cooperate mysterious separate open inquiry conduct NY AG Office
Sun Dec 02 07:36:31 +0000 2018	Japan Gov authorize dump Radioactive Waste Pacific Ocean Killing Multiple Species & amp Leave Alaskan Fishing Fleets Pacific Dead Zone Poisoning Pacific Japan Political Economic Tie TEPCO
Sat Dec 01 21:59:16 +0000 2018	Yes free strike trade deal master yhe EU let
Tue Nov 27 10:17:20 +0000 2018	Japan Self Defense Force provide technical assistance military band Papua New Guinea close cooperation intensive practice band perform APEC leader meet Port Moresby
Sat Dec 01 08:35:17 +0000 2018	Shinzo Abe chapter book Social Psychology World Peace Primer Amazon find free PDF
Sat Dec 01 21:12:29 +0000 2018	Give make sure don power execute free trade agreement don point
Sat Dec 01 05:18:29 +0000 2018	Trump happy modi ji acronym JAI Japan America India reflect friendship leader Strong India relation important development country
Thu Nov 08 03:44:03 +0000 2018	hi prime minister thank follow twitter
Sat Dec 01 23:16:44 +0000 2018	Japans message don let Deal happen message company hesitate UK global don fuck
Thu Dec 06 10:24:04 +0000 2018	lookin bit like Alan Watts day
Sun Dec 02 10:35:56 +0000 2018	useless let strong negotiate give country away bureau crate laugh pathetic way deal
Sat Dec 01 22:00:48 +0000 2018	backstop keep UK trap custom union prevent actually sign trade deal day PM meet discuss TRADE option 2025 +
Sat Nov 24 16:26:20 +0000 2018	752 AD old relation
Sat Dec 01 03:57:33 +0000 2018	2/2 Currently collusion North & amp South Koreas make Japan indispensable foreign policy East Asia Japan make lot benefit correct positioning Koreas run round circle past decade
Thu Dec 06 11:54:29 +0000 2018	hello know reason Japan birth rate fall speak Janpanese speak Chinese email 1219689616 com contact soon possible tell Japanese yong people marry 日本人口生育率低下原因。谢谢 ！ ！
Sun Dec 02 01:09:57 +0000 2018	Couldn agree state
Mon Dec 03 17:53:17 +0000 2018	Awesome retweet Chinese plain stupid
Sun Dec 02 02:34:57 +0000 2018	job country remacht peace government wanna punish sexual abuse economy obstruction
Sun Dec 02 02:37:06 +0000 2018	job country rematch peace government wanna punish sexual abuse economy obstruction
Thu Nov 08 10:40:51 +0000 2018	PM visit FANUC Corporation pioneer usage application technology particularly robotics
Wed Nov 28 12:14:37 +0000 2018	Mr Prime Minister speak future president Brazil
Sat Dec 01 05:43:49 +0000 2018	Kya bat salute prime minister
Fri Dec 07 07:16:29 +0000 2018	prime minister
Tue Dec 04 02:16:37 +0000 2018	rice importer country contribute Current Account Deficit cause Rupiah rate depreciation Indonesia learn Thailand way produce high quality cheap rice people rice export commodity
Sun Dec 02 13:02:49 +0000 2018	Indonesia require presidential candidate bravery swear import rice create regulation stimulate Waste Energy Exchange concept produce electric high quality & amp cheap rice people leadership
Sat Nov 10 19:55:12 +0000 2018	plan dump water ocean
Mon Dec 03 17:59:02 +0000 2018	people outside Japan hear word Nagasaki think atomic bombing tragic event obliterate city global awareness rich fascinating past
Wed Dec 05 22:00:44 +0000 2018	ATTN Proposal 1billion USD upgrade Train System India 10million solar farm improve power India twitter facilitate global growth sustainability Open Idea Talk
Sun Dec 02 03:06:02 +0000 2018	EU moment technically free trade agreement Japan take year read referendum
Sat Dec 01 03:45:30 +0000 2018	Prime Minister Mr Trilateral accurate terrible translation
Thu Dec 06 12:12:34 +0000 2018	astoundingly obsequious cringe induce statement head state Truly extraordinary
Tue Dec 04 16:54:03 +0000 2018	state jc indendent give condition
Tue Dec 04 02:19:42 +0000 2018	RMEC Scheme make Thailand rice mill industry efficient Specific Energy Consumption Average 19 kwh / ton&amp Specific Cost Average USD 37 / ton 2016 Thailand rice mill industry able produce high quality&amp cheap rice&amp make rice export product
Sun Dec 02 13:00:39 +0000 2018	effect Energy&amp Mineral Resources Ministry Regulation 21/2016 Electricity Power Purchasing Biomass Power PT PLN fullfill local electricty requirement strengthen national rice industry produce high quality&amp cheap rice poeple
Sat Dec 01 16:52:37 +0000 2018	interested limit damage Brexit limit deal mantra totally contradict false claim defend free trade
Sat Nov 10 07:31:38 +0000 2018	Japanese successfully boost Japan competitive edge manufacturing bringing & amp introduce innovative technology & amp know lesser known global company Find
Sat Dec 01 06:55:52 +0000 2018	JAI Sir say mean victory alliance mark great country friend leader culture come good global betterness good alliance proud Wish
Sat Dec 01 03:18:17 +0000 2018	Witch Hunt Investigate Mueller COHEN LIE FAKE NEWS HOOKED Facebook Jail Try
Wed Nov 07 10:59:17 +0000 2018	Great day meeting Prime Minister Japan
Sat Nov 24 11:12:29 +0000 2018	Hello Prime ministry challenge Japanese citizenship
Thu Dec 06 02:43:49 +0000 2018	hello prime minister good day help follow twitter
Tue Nov 27 10:18:27 +0000 2018	PM Abe blessing vast sea stretch Pacific Indian Ocean enjoy nation large small & amp prosper year East Asia Summit share country vision realize Free & amp Open Indo Pacific
Mon Dec 03 06:24:11 +0000 2018	Replace Car Epod Car make / sell Pollute City cure Global warming 27 cause vehicle 7 M annual death Health loss £ 62B 86 fuel waste
Wed Nov 07 08:03:53 +0000 2018	Delight Look forward forge strong Japan tie President
Sat Dec 08 01:22:44 +0000 2018	hello prime minister good morning follow
Thu Dec 06 18:08:03 +0000 2018	State w / have book children/ adult art video highlight cherry blossom upstairs
Sat Dec 01 03:15:45 +0000 2018	guess try cozy illegal project China
Sun Dec 02 00:25:00 +0000 2018	Trump look constipated world stage
Sat Nov 10 17:36:14 +0000 2018	Japan don passport ask political asylum subordinate Taiwan reject interview wonder guy table deal China need help global gangster
Mon Nov 26 09:05:41 +0000 2018	Prime Minister Abe visit Fukushima Prefecture
Sat Dec 01 08:30:15 +0000 2018	Honorable Prime Minister forgive unmitigatingly bad man high office
Fri Nov 30 23:26:57 +0000 2018	Great work nation respect Hon ble Prime Minister Shri modi Sahib ji
Thu Dec 06 10:21:43 +0000 2018	good Honorable Prime Minister long think like
Sat Nov 24 20:12:45 +0000 2018	Deep state Japan
Sat Dec 01 16:19:39 +0000 2018	India earn respect world power present Govt undeterred policy sardonic PM Chaiwala & amp question father popularity PM buffet reply like JAI JAI ho Modi Ji
Fri Nov 30 17:59:21 +0000 2018	stand जय
Wed Nov 07 08:06:54 +0000 2018	President Park Prime Minister renew commitment reconciliation friendship
Thu Nov 22 12:34:05 +0000 2018	MR PRIME MINISTER ABE DOLPHIN TODAY NEED DIE SOMEBODY RESCUE FAST OK SAY DOLPHIN DIE SAVE PENGUIN
Sat Dec 01 11:41:49 +0000 2018	proud Prime minister Modiji great effort great leader unite cooperate
Thu Dec 06 17:40:25 +0000 2018	President Donald Trump Japanese Prime Minister Shinzo Abe revolutionary artist kingdom hold world peace talk agen nuclear abolition
Wed Nov 28 07:07:29 +0000 2018	come save
Sat Dec 01 19:57:11 +0000 2018	ABE SHINZO TOKYO JAPAN think sufficient POWER PROJECT globe & amp like POWER SHORTAGE excess bill hard earn REALITY today like yesterday world war well think PLAN 1000 year PEACE um *
Sat Nov 10 12:44:14 +0000 2018	Abe propose speed Northern Territory negotiation Putin Japan state crazy idea chance
Thu Dec 06 10:10:40 +0000 2018	Dear Comb Hair meeting Head State basic Grooming Standard Place
Sat Dec 01 05:28:02 +0000 2018	post like run away create huge mess forget job home Rest Peace President Bush hope pain free smile beloved wife Barbara
Thu Dec 06 18:25:19 +0000 2018	Endless Possibility Star Diamond Star Project Nevada
Sat Dec 01 03:16:10 +0000 2018	Prime Minister love comment Trump historic midterm lol know cheeky
Sun Dec 02 08:24:02 +0000 2018	Party stupidity xenophobia damage nation criminal charge bring lead
Fri Dec 07 07:54:30 +0000 2018	Dear Prime minister Seasons Greeting speak Asian Million cat brutally torture superstitious / unscientific belief produce health benifits‼️ Cat love companion food
Sun Dec 02 11:20:28 +0000 2018	devious trying conceal legal advice NI backstop permanent lie Parliament say British Prime Minister countenance regulatory border Irish Sea
Fri Nov 30 12:26:15 +0000 2018	reach Argentina hold trilateral meeting Trump 20 summit
Wed Nov 28 09:41:35 +0000 2018	encourage military agitate WWIII illegally deny pre emptive action unfriendly fire subjugate Asians&amp Pacific Islander
Mon Dec 10 09:09:59 +0000 2018	Indian face currency devaluation problem ask help USA treasury state department discuss Indian counterpart come sideline dollar effect
Wed Dec 12 17:35:29 +0000 2018	Sir British don want brexit 1 mm help brexit criminal checkmate bent/ illegal project collapse future generation young British depend
Thu Dec 06 13:05:59 +0000 2018	Prime Minister Abe meet Mr Jack Dorsey CEO Twitter office
Thu Dec 06 13:20:09 +0000 2018	hello sir prime minister thank apply democracy Carlos ghosn detention illegal justice
Mon Dec 03 03:52:51 +0000 2018	Oh hysterical wonder Japanese Prime Minister didn simply donald completely blind disrespect disliked leader
Mon Dec 03 05:54:54 +0000 2018	Hon ble prime minister good morning thing jai ok Japan maybe real friend remember policy nation freedom Sbg
Mon Dec 10 04:42:41 +0000 2018	Thank Japan relief Thank Mr Prime Minister 🇯 🇵 🇮 🇩
Mon Dec 10 05:10:22 +0000 2018	Prime Minister Abe Happy Sunday refresh want smile soon
Mon Dec 03 18:00:16 +0000 2018	remarkably resurface century later revive strength speed Nagasaki region follow lift ban Christianity 1873 atomic bombing Nagasaki think big mistake USA
Mon Dec 10 20:12:31 +0000 2018	usa request indian stop play hand china action benefit china india cutoff central asia
Wed Nov 07 08:04:56 +0000 2018	come State dinner President Obama host joke receive http / …
Fri Nov 30 00:52:07 +0000 2018	South Korea illegally occupy Takeshima enemy country completely embargo Korean economy hydrofluoric acid refine petroleum crawl ruin day soon possible
Fri Nov 23 11:53:23 +0000 2018	Thank Prime Minister help rebuild nation Philippines shape support good president Filipino people crave long time Arigato gozaimasu Maraming maraming salamat 🇵 🇭 🇯 🇵
Sat Dec 01 12:47:27 +0000 2018	respect call Trump Prime Minister Abe didn President guess know bullshit
Sat Dec 01 04:52:15 +0000 2018	Prime Minister Abe trump republican crony like win race United States America
Thu Nov 22 13:28:45 +0000 2018	Bash migrant invader Especially Korean Chinese Southeast Asian Af
Mon Dec 03 18:02:16 +0000 2018	Aarey forest Mumbai burn coincidence people oppose metro project aarey forest & amp suddenly massive fire aarey forest sabotage
Sat Dec 01 20:45:32 +0000 2018	Mr President wholeheartedly agree word state think
Sat Dec 01 07:00:20 +0000 2018	copy photo modhi send meet G20
Sun Dec 02 18:19:52 +0000 2018	Japan & amp Germany reunite pay single penny destruction cause WW2 NOPE gold accumulate Germany tooth pull Jewish prisoner wealthy economy come blood & amp murder
Wed Nov 07 10:59:17 +0000 2018	Look forward see friend Prime Minister Japan noon discuss North Korea Tra …
Mon Dec 03 08:16:13 +0000 2018	Mr Prime Minister hope pay attention Hokkaido area Chinese Communist Party buying
Sun Dec 02 23:37:26 +0000 2018	Look family country history dare person like prime minister country
Sat Dec 01 18:45:48 +0000 2018	Sir plse help syndrome child
Tue Nov 06 21:19:19 +0000 2018	world win Republican Party regain peace order world regenerate great America base economy mighty military force Crush axe evil China Korea Iran Russia mar genocide immigration invasion
Sat Dec 01 21:41:32 +0000 2018	whilst appearance world stage Tomorrow oblivion
Fri Nov 30 17:59:58 +0000 2018	OBAMA real OSAMA & amp fraud gang DOJ / FBI / SEC / FINRA LOOT PARTNERSHIP cover prove crime July 2011 openly Join loot OBAMA presidency exit FRAUD TRUMP STOP ARREST SEC / FINRA
Sun Nov 25 00:29:16 +0000 2018	Hello Mr Prime Minister think worthy democracy hold person 10 day custody deprive liberty speak carlos ghosn
Fri Nov 30 02:48:07 +0000 2018	Prime Minister Abe san meet discuss child abduction abuse Japan discuss article 766 civil code 224 Penal code supporter try avoid Japan shame
Mon Dec 03 08:17:47 +0000 2018	Dear Prime Minister possible discuss issue parental abduction Japan confidence found family improve birth rate explain easily wish
Mon Dec 03 18:01:29 +0000 2018	Today Int Day Person Meet Dr Kenji Kuno spend 10 year create inclusive society Malaysia learn work
Sat Dec 01 03:20:59 +0000 2018	decide tRump ac rook thug America screw
Sat Dec 01 03:22:44 +0000 2018	Obama administration attack President trump people infiltrate system people NSA Edward Snowden expose
Wed Nov 07 08:05:14 +0000 2018	Honor speak 1st Prime Minister Japan house Congress Japan alliance Alliance hope
Wed Dec 12 16:57:14 +0000 2018	gladly trade deal country aren EU treat member state like disgrace
Tue Dec 04 02:13:48 +0000 2018	2014 promise stop Indonesia rice import
Tue Dec 04 06:48:54 +0000 2018	PM Abe nikkei community start 81 immigrant reach 10 000 visit Paraguay Japanese Prime Minister child welcome big smile Read
Fri Nov 30 18:00:16 +0000 2018	address Nation near future Video Injustice SAGA detailed fact
Sun Dec 02 04:41:21 +0000 2018	day PM meet discuss trade opportunity Brexit
Sun Dec 09 12:41:01 +0000 2018	viewer opinion try influence close door ad end
Mon Nov 26 13:50:03 +0000 2018	Day 1983 ignore Taiji dolphin slaughter Fukushima radiation leak disgrace Japan 🇯 🇵 whale slaughter AIN research Stop world watch wait
Thu Nov 29 02:30:19 +0000 2018	Day 1985 ignore Taiji dolphin slaughter Fukushima radiation leak disgrace Japan 🇯 🇵 whale slaughter AIN research Stop world watch wait
Tue Nov 27 13:21:50 +0000 2018	roundtable hold Munich 🇩 🇪 Munich roundtable feature era age population 🇯 🇵 🇩 🇪 expert discuss way forward promote bilateral partnership
Fri Nov 30 16:51:16 +0000 2018	meeting sideline say deficit come
Sun Nov 25 16:08:25 +0000 2018	Day 1982 ignore Taiji dolphin slaughter Fukushima radiation leak disgrace Japan 🇯 🇵 whale slaughter AIN research Stop world watch wait
Tue Nov 27 12:44:03 +0000 2018	Day 1984 ignore Taiji dolphin slaughter Fukushima radiation leak disgrace Japan 🇯 🇵 whale slaughter AIN research Stop world watch wait
Sat Dec 01 03:22:37 +0000 2018	blimp
Fri Dec 07 11:11:42 +0000 2018	Tweet think important role mutate real intention world director world individual border wall religion culture thank thought Prime Minister
Fri Nov 30 14:38:54 +0000 2018	G20 leader killer feel sit amidst scary
Tue Nov 27 10:16:48 +0000 2018	PM Abe January 1942 Japanese submarine 124 sink water coast Darwin Australia visit Japanese prime minister site offer flower memorial Read
Fri Nov 30 18:39:36 +0000 2018	Guess Trump Tower Moscow coverup Mr Jamal Ahmad Khashoggi savage murder meltdown POTUS & amp Co issue G20 forget CLIMATE CHANGE
Wed Nov 28 09:06:01 +0000 2018	webpage update w/ late news & amp number 3Q corporate pre tax profit mark record high JPY 41 trillion Visit page learn policy success plan & amp effort good future
Wed Dec 12 01:42:01 +0000 2018	Meet CanguRo rideable robot develop Japanese researcher redefine future mobility
Sun Dec 02 08:33:43 +0000 2018	New G20 chair want imbalance population agenda
Wed Dec 12 08:47:32 +0000 2018	AMAZONAS BOYCOTT stop buy good Brazil till stop cut lung globe
Sat Dec 01 01:17:58 +0000 2018	meeting say country strategic partner leader good friend Japan USA India acronym JAI Jai India mean success send good message
Sat Dec 01 16:30:09 +0000 2018	Sir benefit entire ews category India beneficial superficial engrossed maze making grow start useful
Wed Nov 28 07:08:16 +0000 2018	trilateral meeting G20 Read
Wed Nov 28 07:03:08 +0000 2018	trilat meet G20
Thu Nov 29 21:44:13 +0000 2018	🇯 🇵 PM 🇫 🇷 Pres hold summit 🇦 🇷
Wed Dec 12 20:09:07 +0000 2018	Maybe great trade deal work way Greek financially crush ll Donald
Fri Nov 30 20:19:07 +0000 2018	PM meeting & amp Japan PM Country Strategic Partner & amp Leader good friend Japan USA India acronym JAI Jai India mean success Send good Message
Mon Dec 03 00:50:50 +0000 2018	good Abe san & amp Japan successful G20 Osaka year
Sat Dec 01 11:24:54 +0000 2018	Good combination trination day country race development new initiative JAI urge World peace Stability Japan ment perseverance & amp tech America Super power India tech power HR
Sat Dec 01 18:40:43 +0000 2018	know Heaven God state John 40 John 16 47 14 Act 16 30 31 Like info Consider reading Die Tonight God Let Heaven Available
Sun Dec 02 04:17:05 +0000 2018	leader G20 meeting listen Theresa Deal Dead Kaplonked go happen Deal lie ready WTO rule Small medium Business wait big business win accept DEAL DEAL
Sat Dec 01 12:48:43 +0000 2018	Good day UK ` ` UK UN2018 ´ ´ 🇬 🇧 🇺 🇳 Good day Theresa 21 Century UK prime figure Roland Jackson confirm Gibraltar Sovereignty support UK
Wed Dec 12 15:11:26 +0000 2018	remember vote 62 family nation don let Scotland
Sat Dec 01 17:08:53 +0000 2018	& amp like world BIG SHAM contrive serve interest expense
Sat Dec 01 03:51:33 +0000 2018	umm yeah sure say couldn say well mean woulda say different
Sun Dec 02 12:56:53 +0000 2018	Contrast Indonesia electrify people import&amp dirty energy source Thailand Feed Tariff&amp Rice Mill Energy Conservation / RMEC Scheme early 2000 electrifying people&amp rice mill industry Rice Husk Power Plant RHPP
Wed Nov 07 21:40:16 +0000 2018	Thank Ms Ivanka warm message look forward continue work enhance Japan Alliance empower woman bright future
Tue Dec 04 02:19:10 +0000 2018	fulfill rice husk requirement reach 500 ton / day RHPP create Eco Industrial Cluster / Estate local farmers&amp rice mill industry strengthen Thailand rice industry Thailand rice import January August 2018 million ton 735 530 ton Indonesia
Thu Nov 22 16:47:41 +0000 2018	meet entrepreneur work accessibility issue learn design philosophy renown architect use wooden material contemporary design Explore Japan see page
Wed Nov 07 12:00:28 +0000 2018	Press Conference November Chief Cabinet Secretary Suga
Tue Nov 27 09:54:11 +0000 2018	Press Conference November 27 Chief Cabinet Secretary Suga
Wed Nov 21 22:40:52 +0000 2018	Meet Nayomi Oi environmentally conscious surf shop owner instrumental promote local effort clean beach Fukui Prefecture Learn effort
Sat Nov 10 17:20:02 +0000 2018	Extremely grateful PM warm reception home truly honour gesture PM Abe teach Japanese way eat food chopstick
Thu Nov 22 07:47:58 +0000 2018	Malcolm thank heartwarming compliment like pay deep respect outstanding leadership look forward continue work hand hand peace prosperity region
Wed Nov 07 11:00:39 +0000 2018	Sincerely appreciate Donald warm word condolence solidarity precious support include volunteer Forces Iwakuni confident bond country fortify ordeal ve time
Mon Nov 26 02:57:48 +0000 2018	PM Abe dignified atmosphere participate Niiname sai Shinkaden Shrine ceremony perform solemnly Imperial Court offer thank abundant harvest pray Imperial Household flourish nation enjoy tranquility Nov 23
Tue Nov 27 18:27:42 +0000 2018	Umeko Tsuda Meiji era 1868 1912 found academic center high edu institution 👩 woman 👧 Discover pioneer work change shape education woman 🇯 🇵
Sat Dec 01 07:58:29 +0000 2018	Japan open era research genomic medicine Learn Japan competitive edge Dr Kuniko Sunami work
Thu Nov 29 12:01:25 +0000 2018	300 day match Kamaishi City Learn 🇯 🇵 Arigato Thank Host Town Initiative program w/ 🇦 🇺 archive
Sun Dec 09 09:32:37 +0000 2018	Yoko Hasegawa preserve 175 year old tradition sake manufacture Niigata decade pass daughter Enjoy cultural beauty Niigata tasty sake Tomodachi
Wed Nov 28 07:57:26 +0000 2018	hold trilateral meeting PM Japanese Premier Shinzo week sideline
Sat Dec 01 11:24:53 +0000 2018	PM Ji PM hold trilateral meeting sideline 20 Summit Buenos Aires Argentina
Thu Nov 08 09:32:56 +0000 2018	Japan lead way sustainable waste processing Discover innovative technology develop SEKISUI CHEMICAL Co LTD convert waste gas ethanol
Sat Dec 01 03:05:48 +0000 2018	JAI HO PM coin word JAI trilateral meet Japan country play big role World peace prosperity & amp stability
Sat Dec 01 03:14:13 +0000 2018	PM President Japanese PM meet Buenos Aires historic JAI Japan America India trilateral sideline ongoing 20 Summit
Wed Dec 05 22:13:51 +0000 2018	🇯 🇵 establish virtuous circle growth & amp scale Learn 🇯 🇵 green innovation article
Fri Nov 09 06:35:44 +0000 2018	Read Political History Modern Japan lead scholar Japanese politics diplomacy modern history learn Japan modernization impact modern globalization Japan
Tue Nov 27 06:08:46 +0000 2018	[ From Secretariat HQs Nov woman youth team 🇨 🇴 visit 🇯 🇵 Sport Diplomacy visit school Kazo City Saitama Pref Find
Fri Nov 23 09:59:45 +0000 2018	nice Japan PM chance discuss good job result CPTPP trade deal look forward continue work effort cut plastic pollution world safe peaceful place live
