created_at	text
Thu Nov 22 11:46:20 +0000 2018	Turkey favor free trade free movement person field expect responsible action matter economy trade
Mon Nov 26 11:22:37 +0000 2018	Speak International Symposium Drug Policy Public Health President say act uncompromisingly drug dealer steal child health terrorist organization send young people death
Sat Dec 01 20:21:39 +0000 2018	Erdogan say Islamic world international public opinion satisfy reveal responsible murder
Sat Nov 24 12:29:09 +0000 2018	invest fail economy investment smoke slightest whim Turkish dictatorship
Fri Dec 07 16:10:20 +0000 2018	Hi President Jamal Hasogdis Murder Case Solve International Testing Committee establish Istanbul International politics exclude Saudi heir rank
Mon Dec 10 09:46:54 +0000 2018	desxerve felicitation marx attorny want international trap John bank contracter contact world program way attorny killer louis bagi cool owner tire producer kool
Wed Dec 05 08:07:39 +0000 2018	approve atrocity disregard parameter global trade system
Sat Nov 24 11:06:01 +0000 2018	progress Turkey achieve 16 17 year strike example far nation come join hand work hard period country grow annually despite global financial crisis coup attempt
Mon Dec 03 18:09:20 +0000 2018	summit president say international community responsible suffering |i people particularly state political solution way achieve last
Wed Nov 28 08:18:17 +0000 2018	important use national trade dismantle imperialist shackle hit arm
Sun Dec 09 13:06:02 +0000 2018	INTERNATIONAL PROCESS INITIATE MURDER AUTHOR RUSSIAN MONARCHY GANOVA LUDMILA novel illegitimacy Putin POWER RUSSIA
Fri Nov 23 11:19:07 +0000 2018	President attend 3rd International Women Justice Summit hold Istanbul Women Democracy Association theme Family Empowerment
Tue Dec 04 08:33:45 +0000 2018	Speak Turkey Venezuela Business Forum alongside Venezuelan counterpart Nicolas Maduro President say need increase Turkey export Venezuela need trade stable sustainable
Thu Dec 06 11:39:02 +0000 2018	barbarism Al Saud unfold midst international silence silence money wealth Saudi people
Sat Nov 24 13:06:00 +0000 2018	claude muller shop rome italy antiquity General international al want gan 500 good place shop pay bill owner know come mer hand
Sat Nov 24 13:15:33 +0000 2018	general international al nation al truck diver get kidnap woman hide nearly death approach sleep truck truck ks key return Damian roten distribute shop edtgwork happen Sunday Swedish
Sun Nov 25 19:56:56 +0000 2018	Ödeme Yürütme Yöntem / Metod execution payment Swift Transfer MT103 Finan Kurumu Alimi / Receive Financial Institute Isim /Name Swiss National Bank SNB Swift Kodu /Swift Code SNBZCHZZ XXX Son Kredit / Financial Creditt / Final Creditted Name / Isim RAIFFEISENBANK
Thu Nov 29 07:15:16 +0000 2018	Turkish President Turkey nation address challenge face global economy week G20 summit Argentina
Thu Nov 29 11:06:33 +0000 2018	discuss G20 meeting challenge global economy face
Thu Nov 08 09:57:43 +0000 2018	adjust view nature environment life world long livable place
Wed Nov 28 21:43:47 +0000 2018	president say wide range challenge global economy face discuss meet president say discuss Manbij issue counterpart Trump Argentina
Sun Dec 02 18:24:37 +0000 2018	open border 2welcome Syrian refugy smart way dumb & amp manipulate world usual 😼 sametime ask & amp wait Huge international donation Refugy get honn fair
Mon Dec 10 16:59:30 +0000 2018	International Criminal
Sun Nov 25 15:40:07 +0000 2018	Police barricade Istiklal Avenue Istanbul rally protest woman disperse street police intervention November 25 International Day Elimination rally
Fri Nov 23 11:45:27 +0000 2018	International woman justice summit
Thu Nov 08 17:57:01 +0000 2018	President Erdoğan increase national income capita 500 11 000 step take economy Globally rank 17th term national income 13th term purchase power parity
Thu Dec 06 06:07:26 +0000 2018	great job concern case time turn case international committee
Wed Dec 12 16:18:59 +0000 2018	present humanitarian message behalf Iraqi refugee Turkey official international community human right organization world convey suffering wait neglect
Sun Dec 09 18:32:35 +0000 2018	reject offer investigation leak drop investigation return 25 billion dollar Saudi investment lift embargo Withdraw label terrorist group
Thu Nov 08 14:18:24 +0000 2018	ban western medium channel Muslim international organisation check terrorism america al
Tue Nov 27 11:11:02 +0000 2018	Mr Tamim love smart leader Arab country continue smart investment country
Wed Nov 28 13:35:53 +0000 2018	President address 34th Session COMCEC order break imperialist shackle arm utmost importance use national currency trade
Thu Dec 06 12:22:42 +0000 2018	Turkey forge trade cultural partnership Latin American country
Wed Nov 28 10:35:25 +0000 2018	bank Porc grill algerie embassy chairman receive bank raiffeisen switzerland feel free contact hans rudolf tommer leimen strasse basel account bank chairman raifeisenb ank
Fri Nov 23 19:10:54 +0000 2018	interpol system salt pepper mode gessnerallee Zurich salt pepper mode boutique Garuda muller gertrud chantal billions unpayed order leather swat shirt producer Turqui heavy cotton victim nabil malek usa 40 county property
Thu Dec 06 09:59:32 +0000 2018	Turkey ask Human Right Watch Turkey formally request United Nations conduct international independent investigation Khashoggi death
Mon Nov 26 11:34:06 +0000 2018	ap lou gutman clean oil credit line system mercure injection sure die jear later avoid visa supermarket les amourin kav iar white iran truck killer gang spsoriasis gang steal ton kaviar lausanne dr carlo
Thu Nov 08 01:29:03 +0000 2018	People know people think kid come Muakakki help build mechanical engine
Sun Dec 09 00:33:20 +0000 2018	Dear Brother President salaamu alaikum lend authority influence office international standing help
Fri Nov 23 19:14:03 +0000 2018	heavy victim italy Florence leather interpol system salt pepper mode mr Georges Kirtikar Scherrer burgin cancel course bankrupsy April 1980 Garuda cancel 1991 sell broker live insurance broker heritage trier
Wed Nov 21 19:58:53 +0000 2018	President Erdoğan meet President Trump dinner host President Macron France honor head state government international organization spouse
Wed Dec 12 17:02:37 +0000 2018	don know translate original Turkish actually say break international law invade Syria support Islamic State brother Hajin attack Kurd American win rest Syria burn
Thu Nov 22 11:53:25 +0000 2018	Idlib question resolve line spirit Astana give rise pain new tension suffer Uphold principle agree Astana key find sustainable political solution Syrian crisis
Sat Nov 24 20:50:28 +0000 2018	Amin 🇹 🇷 🇹 🇷 🇹 🇷
Sun Nov 25 18:32:02 +0000 2018	read crooked eu tony blair illegal ngo common purpose founder julia middleton uk fraud subversion infiltration heck eu international court unlawful
Sat Dec 01 15:17:17 +0000 2018	President Recep Tayyip Erdoğan Argentinian capital city Buenos Aires G20 Leader Summit receive Prime Minister Japan Shinzo Abe
Thu Nov 08 13:39:27 +0000 2018	physicist scientist world million invite disprove mechanical engine formula answer stand
Thu Nov 08 05:50:05 +0000 2018	President Erdoğan Istanbul Airport architecture construction operation financing project source pride Turkey set example world thank contribute huge project
Tue Dec 04 14:28:07 +0000 2018	Turkish President Erdogan Sir Anti persecution policy progress prosperity world Greetings Economic Development Director Omar ALhunaiti
Tue Nov 27 13:53:58 +0000 2018	Great Global Leader
Sat Dec 01 15:56:07 +0000 2018	President Recep Tayyip Erdoğan Argentinian capital city Buenos Aires G20 Leader Summit meet President Mauricio Macri Argentina
Tue Dec 04 13:15:03 +0000 2018	economy collapse help ppl sake work hard ppl freedom vote cheer want suppress
Sat Dec 01 15:36:42 +0000 2018	President Recep Tayyip Erdoğan Argentinian capital city Buenos Aires G20 Leader Summit meet President Vladimir Putin Russian Federation
Sat Dec 01 18:04:43 +0000 2018	President Recep Tayyip Erdoğan Argentinian capital city Buenos Aires G20 Leader Summit meet President Donald Trump United States
Tue Nov 27 20:19:15 +0000 2018	Hi melina year work experience logo design work lot company love work project unlimited revision satisfaction Thank melina
Wed Dec 05 11:30:56 +0000 2018	need lawyer & amp Ngo human right law social development education economy & amp technology stop defend & amp sponsor Zionist & amp fascist
Wed Dec 05 18:28:19 +0000 2018	word power Muslim community turn word hopefully direction child word wrong
Wed Nov 28 21:29:52 +0000 2018	president say wide range challenge global economy face discuss meet
Tue Dec 04 13:33:18 +0000 2018	Strategically advantageous flawless position Global Historical Process
Tue Dec 11 06:09:14 +0000 2018	Assalamualaikum sir live saudi arabia macca work problem family turkey visa come agree country Sir
Fri Nov 30 21:56:39 +0000 2018	President attend special session hold G20 Leader Summit Argentina capital Buenos Aires
Thu Nov 08 15:21:08 +0000 2018	Quadrilateral Summit Joint Statement President Chancellor express support inclusive Syrian lead political process facilitate UN
Mon Dec 10 09:47:03 +0000 2018	place produc gang old tire rec overer yv erdon vd old ool pl ace daily loose lung stomac tolns bloogd goesx russia louis bagi marx tire farmer tire producer delev aux sarl international want tire cancer tire produce
Wed Dec 12 18:00:20 +0000 2018	🤲 🏻 🤲 🏻 🤲 🏻 👍 👍 🇹 🇷 🇹 🇷 👏 👏 👏 👏 👏 destroy Non stop Work work work
Wed Nov 28 08:59:59 +0000 2018	tension escalate Black Sea period world suffer clutch political economic military threat please Russia Ukraine stand
Thu Nov 29 12:52:19 +0000 2018	sausage smoke hamburger smoke engin gas sell co0sher sausage
Sat Nov 10 21:31:50 +0000 2018	good Killer Crown Prince
Sun Nov 25 19:56:44 +0000 2018	dear mr erdogan tis coordinate verify help nessesairy cheat swiss national BANK USUAL FRAUD TRY BLOCK PAY MILITARY DEBTS PAY BANK Ödeme Bankasi bank Swift Banka Swift FNNBTRISXXXcurrency / Para birimi GBP
Mon Dec 10 23:32:09 +0000 2018	great leader world
Wed Nov 21 17:03:04 +0000 2018	common purpose eu link spy infiltration country cause unrest undermine democratically elect gov
Mon Dec 03 07:35:47 +0000 2018	President Paraguayan counterpart Mario Abdo Benitez agree strengthen bilateral relation meeting capital Asuncion Sunday
Thu Dec 06 11:47:42 +0000 2018	free press exploit action Al Saud scoop pre high purpose worthy initiative
Wed Nov 07 11:28:56 +0000 2018	United Nations open Case arrest assault citizen Turkey Turkish dictatorial regimes/ FREE IRAQI FORCE
Sat Nov 24 13:34:37 +0000 2018	shine sky peace try chance study work Turkey couldn hear voice Algeria true
Thu Dec 06 12:02:29 +0000 2018	future Washington Post newspaper display suffer Saudi people Khashoggi
Mon Dec 10 12:40:46 +0000 2018	President Erdoğan call open border million refugee flock Turkey meet people head soil harsh measure foremost barbed wire wall
Fri Nov 09 13:20:26 +0000 2018	USE HF ACID DISSOLVE BODY HOLLYWOOD TRICK WORK REAL LIFE HF ACID MINIMAL IMPACT SKIN TEAM NEED TEST SODIUM HYDROXIDE KNOW BODY DISSOLVE
Wed Dec 05 07:13:46 +0000 2018	continue enhance bilateral multilateral relation Latin American Caribbean country
Sat Nov 10 13:08:22 +0000 2018	European political leader help world coma safe place live forget wwo people day modern time 2018 Sade hope bi come net
Tue Dec 11 08:47:23 +0000 2018	Appreciative & amp Great Work & amp Thank Oh Sir 😊 😊 👍 👍 ❤ ❤ Specially Love Pakistan 💚 💚 💚 💚 💚 😍 😍 😍 😍 😍 💐 💐 💐 💕 💕 👏 👏 👏 🙌 🙌
Wed Nov 28 13:55:28 +0000 2018	panel discussion President motto World Bigger hold Tuesday Argentina capital Buenos Aires Directorate Communication
Sun Dec 09 17:24:51 +0000 2018	5/6 think effective stabil way prevent national socialism fascism secure democratic law order germany europe german kaiser
Fri Nov 23 09:59:02 +0000 2018	Love professionally Turkish woman work
Fri Nov 23 18:12:49 +0000 2018	interpol system meet shave cream find killed woman anus man woman
Sun Dec 02 09:48:30 +0000 2018	valuable world leader address issue responsibility organisation industrialise emerge economy ❤ ️Tayyip
Tue Nov 27 09:39:06 +0000 2018	Energy Min concrete step utilize geopolitical position energy trading hub
Sat Nov 24 22:55:39 +0000 2018	Speak ceremony Istanbul Medeniyet University President say University center freedom pioneer change world
Mon Dec 10 15:22:41 +0000 2018	bless reward Turkey flourish fast pray Turkey success development field live world
Sat Nov 10 01:20:57 +0000 2018	Russia Say Start Deliver 400 Defense System Turkey 2019
Wed Dec 12 11:50:03 +0000 2018	Wonderful work love Turkey
Thu Nov 29 13:47:57 +0000 2018	siemens share hack into0 share sceen system fat medntal desease wo insure hand houscleaner fat
Wed Nov 07 12:33:01 +0000 2018	Globally rank 17th term national income 13th term purchase power parity
Mon Dec 10 15:15:16 +0000 2018	day people world difficult decision leave country search safety well live Refugee asylum seeker
Tue Dec 04 10:49:03 +0000 2018	Absolutely correct Turkey economic position downgrade week G20 Argentina right downgrade complete corrupt con UN crook
Fri Nov 09 15:08:12 +0000 2018	stop Live word Hmmm plus 22 fighter die Assad need stop undercut
Wed Nov 07 06:56:41 +0000 2018	President Erdoğan Istanbul Airport go service European air space need restructure Istanbul major transfer hub greatly change intercontinental flight route
Sat Nov 24 12:21:49 +0000 2018	t6haleb merzkani fake Irving Irving interpol Afripol system love jou jour friendship putin pope
Fri Nov 23 12:44:45 +0000 2018	Turkey Erdogan meet Saudi Crown Prince G20 summit Haber President say meet Crown Prince visit summit broadcaster Haber report Thursday
Sat Nov 24 17:40:03 +0000 2018	send Chechen Ozbek immigrant help people do nt send ⬇ ⬇ ⬇
Mon Nov 26 14:29:32 +0000 2018	human umma shame haven say single word Uyghur Muslim good friend devil china genocide Uyghur Muslim
Sun Nov 25 00:49:58 +0000 2018	Muslim unite work
Wed Nov 28 06:49:39 +0000 2018	go happen quid pro quo Russian GRU & amp FSB agent help Trump steal election illegal exchange Trump hand approach Russia treason Helsinki
Sat Dec 01 20:46:15 +0000 2018	Turkish President reiterate murder issue world Turkey
Thu Dec 06 11:25:30 +0000 2018	Europe receive refugee non gender overcome difficulty life Saudi close border face brother besiege
Tue Dec 04 08:01:10 +0000 2018	resolve preserve momentum achieve past year enhance relation say news conference alongside Venezuelan counterpart Nicolas Maduro capital Caracas
Wed Nov 28 08:17:14 +0000 2018	good leader lot people don work
Wed Nov 28 07:47:49 +0000 2018	allow want establish economic political hegemony Mediterranean
Wed Nov 28 15:46:19 +0000 2018	FREEDOM POLITICAL PRISONER FREE DEMIRTAS FREEDOM KURDS FREEDOM CYPRIOT FREEDOM TURKS SYRIA BELONG SYRIAN
Wed Nov 21 16:31:46 +0000 2018	want Turkey old dark day vanish darkness
Tue Dec 04 22:50:14 +0000 2018	Japan ODA China — End Momentous Foreign Policy Failure JAPANForward （ 8th November 2018 11
Wed Nov 07 06:57:01 +0000 2018	Istanbul Airport source pride Turkey set example world
Mon Dec 03 12:51:50 +0000 2018	copy steal researchu team handy locate colleague kidnapo group inform algeria president chelbani farid seller massesw killer wioth abbou government sale hiod vacc ibnationsw government sale
Sun Dec 02 12:05:08 +0000 2018	medium follow mean create shock world medium hope surprise problem world economy problem Saudi Arabia
Sat Dec 08 18:41:41 +0000 2018	Lady Erdoğan responsible life quality future generation today
Sun Dec 09 19:22:14 +0000 2018	absolutely fuckjng right comment france police treat citizen start urself ur treatment opposition kurd Ur fascist country allow kurd kurdish name
Sat Nov 10 13:54:21 +0000 2018	President Erdoğan pursue social aid policy embrace people walk life include orphan elderly disabled people woman substance addict terror victim increase social aid payment 38 billion lira year
Wed Dec 12 11:45:06 +0000 2018	good Muslim leader world help oppress one Allah reward world
Tue Dec 04 05:55:41 +0000 2018	allow organization northern Syria pose threat security country region
Wed Nov 21 19:02:38 +0000 2018	President Erdoğan speak phone President Trump leader exchange view Jamal Khashoggi murder ongoing FETO investigation anti terror fight Syria bilateral economic relation
Sun Dec 02 09:49:32 +0000 2018	valuable world leader address issue responsibility organisation industrialise emerge economy
Sat Nov 10 11:57:16 +0000 2018	Mr President want KSA announc killers jamal khasho Istanbul police ca nt find are steal hotel room
Sat Dec 08 05:40:58 +0000 2018	Assalam alikum president syed Mudassar Azad kashmir Muzaffarabad job prime minister Azad jumma & amp kashmir turkey 🇹 🇷 free Meeting
Thu Dec 06 00:51:18 +0000 2018	promote world peace fair distribution energy urge humanity
Wed Nov 21 18:18:23 +0000 2018	Assalamualaikum wbt Look Saudi Arabia ye terrorist group thank
Thu Nov 22 23:04:32 +0000 2018	President Erdoğan attend Paris 100th anniversary commemorations armistice end World War
Sun Dec 09 17:25:19 +0000 2018	role germany sbrenista genocide research love market hate human being
Wed Nov 21 16:13:47 +0000 2018	President praise 2013 Gezi Park protest supporter terror group like PKK Fetullah Terrorist Organization FETO
Wed Dec 05 00:45:45 +0000 2018	Release audio & amp evidence murder world double standard game sanction & amp punishment apply weak body
Sat Nov 24 11:55:21 +0000 2018	Aslmwlkm plz necessary step ensure safety Muslim india million muslim look yiu send strong message govt india
Tue Nov 27 06:42:33 +0000 2018	Turkey terrorist state leader history world imprison people lock & amp & amp weak need Mr President
Thu Nov 22 11:53:48 +0000 2018	world turn blind eye kill ten thousand innocent people regime interest watch sideline participate game
Sat Nov 10 19:25:52 +0000 2018	President Paris attend commemoration 100th anniversary armistice end World War meet United Nations Secretary General António Guterres
Wed Dec 05 09:13:27 +0000 2018	love idealised Pray country pakistan safe hand wait turkey lead world God bless
Thu Nov 22 10:19:59 +0000 2018	report Syrian refugee child woman exploit Turkey believe let happen tell
Fri Nov 30 20:52:29 +0000 2018	official account Turkish Presidency English statement well correct English President Recep Tayyip Erdogan bilateral meeting President Chile Sebastian Piñera G20 Summit Argentina
Mon Dec 10 15:19:56 +0000 2018	Translation 17th large economy world fact place humanitarian aid lot money heart rich 🇹 🇷 love India
Mon Dec 10 11:22:23 +0000 2018	World Human rigts day
Wed Nov 28 09:00:02 +0000 2018	Turkey Operation Euphrates Shield burst DAESH bubble region Turkey take field see kind project DAESH constantly pump exaggerated frighten world actually
Thu Nov 08 17:06:39 +0000 2018	urge Turkey friend action terrorist organization FETÖ member claim life 251 Turkish citizen night July 15 2016
Fri Nov 23 01:07:50 +0000 2018	President hit critic detention people link 2013 Gezi park protest
Mon Dec 10 16:29:38 +0000 2018	serve human right help truly Give right person citizen Human right council work eradicate sex violence war end
Fri Nov 30 22:15:26 +0000 2018	President Recep Tayyip Erdoğan Argentina G20 Leader Summit receive Prime Minister Mark Rutte Netherlands
Mon Dec 10 23:36:27 +0000 2018	good speech world human right day
Thu Nov 08 19:27:05 +0000 2018	great job Mr President turkey find jamal khashogji body melt acid dear president police taksim wedding ring steal hotel room titanic city taksim honey moon
Tue Dec 11 03:11:23 +0000 2018	English translation 17th large economy world fact place humanitarian aid arise fact money rich heart rich
Wed Nov 21 16:08:54 +0000 2018	work pave way youth field
Sat Nov 24 07:54:08 +0000 2018	past president family kill opposition tribue private plane jeep machine gun wild animal human
Sun Nov 25 17:38:21 +0000 2018	prove conclusion journalist body dissolve acid HF Acid Hollywood movie trick work real life replace Calcium bone attack flesh fat hair
Wed Dec 12 08:38:57 +0000 2018	rouiller bernard piguet gang steal family thit themm death foundation ambassador silvester stallone present wse hear abouthn jour moscow case open offer foundation inside rouilledr serge cash heroin cash ownedr stallon
Thu Nov 08 11:19:01 +0000 2018	advice world strong leadership excellent leadership World opinion insaAllaha
Wed Nov 28 19:40:55 +0000 2018	phone conversation president Turkey discuss bilateral relation recent maritime tension
Wed Nov 21 15:10:55 +0000 2018	need improve organisation Airline continue ignore valid case law cite claim August negligible lack duty care & amp unreasonable service flight Public WARN deeply FLAWED airline & amp operation Justice require
Fri Nov 23 19:15:15 +0000 2018	coup ask John bank return merchandise suppose have stolenen entail 70 million comission ailed family member denounce kidnap messy geneva family members family member Airoport pick nabil malek mothe
Sun Nov 25 19:29:08 +0000 2018	150 000 000 00 CHF mr ERDOGAN LEAGAL HERITAGE HANS RUDOLPH TOBLER GHANA LPEASE VERIFY ARRIVE LAUSANNE BANK SWIFT HACKER BASEL TRIING FALSIFY IBAN THANK PREVENT KAVIAR IRAN TRUCK KILLERS LOUIS BAGI
Wed Dec 05 08:54:43 +0000 2018	God bless protect Islam Religion & amp Tell truth world ur muslim bro frm Somalia love muslim Community world & amp Allah save palestinian frm hands israil
Wed Dec 12 08:38:27 +0000 2018	rouiller bernard piguet gang steal family thit themm death foundation ambassador silvester stallone present wse hear abouthn jour moscow case open offer foundation inside rouilledr serge cash heroin cash ownedr stallon kopy trump
Mon Nov 26 14:50:16 +0000 2018	make Muslim world look great great thinking Allah bless good sake Muslim Ummah Ameen
Tue Nov 06 19:22:48 +0000 2018	Great Turkey tripple power year catch world clean energy Turkey wind energy country position 2019 help reduce pollution soon
Fri Nov 23 19:14:10 +0000 2018	ailed family member denounce kidnap messy geneva family members family member Airoport pick nabil malek mother escape Lebanon check chain producer Turqui 1989 heavy victim italy Florence leather
Tue Dec 04 22:07:27 +0000 2018	【 Agreement Japan Republic Korea Concerning Settlement Problem Regard Property Claim Economic Cooperation】（Wikisource ）
Thu Nov 08 20:05:39 +0000 2018	tell remember USA good world destroy humanlifes leader like Mr Erdogan Putin Xi Jinping Ram Kovind
Sat Dec 08 15:37:27 +0000 2018	know yellow vest spontaneous movement declare place demonstration police force fireman mobile intervene location define command Paris Prefecture injury
Tue Nov 27 22:41:32 +0000 2018	great leader Turks lucky leader Turkey follow work
Wed Dec 12 08:45:14 +0000 2018	inform mr trump nessesary open intgernationakl investigation
Mon Nov 26 20:21:39 +0000 2018	Congratulations pursue identity butcher murderer ie Crown Prince MbS
Mon Dec 03 09:24:15 +0000 2018	President Paraguayan President Mario Abdo Benitez meeting leader chair group meeting
Mon Dec 03 09:17:20 +0000 2018	lion Muslim world
Sat Dec 01 10:44:18 +0000 2018	HAHAHAHAHA SIGNIFICANT OMEN TURKISH SULTANATE MIDDLE ROOM COFFIN ERDOGAN SULTANATE READY BURIAL
Sat Nov 24 11:06:53 +0000 2018	President Erdoğan goal country increase export volume 500 billion national income trillion area design production advance friend
Mon Dec 10 19:16:40 +0000 2018	Yes God continue bless change world power love
Sat Dec 01 07:58:58 +0000 2018	President meet Dutch Prime Minister Mark Rutte sideline G20 Leader Summit Buenos Aires Argentina President Erdoğan hold talk President Xi Jinping China President Sebastian Pinera Chile
Fri Nov 30 09:52:39 +0000 2018	God Save Turkey Turkish administration strong message tyranny world case Saudi Regime Afaf Aniba Human Right Activist Algeria
Mon Dec 03 21:40:21 +0000 2018	Holland tat almak
Sun Dec 09 10:51:09 +0000 2018	Turqui victim nabil malek stomc ulcer destoy roh meat stomac bleedig non stop stomac model kill hidden death
Tue Nov 27 06:22:08 +0000 2018	dare arrest Citizen worker call world leader unfortunately Citizen NASA worker Turkish jail
Wed Nov 21 16:23:49 +0000 2018	pursue policy base justice fairness conscience brotherly geography display stance issue include objection World big African policy Palestinian issue Al Quds Syrian crisis
Sun Dec 02 00:43:47 +0000 2018	Mr play card carefully case summit look like Saudi Arabia Turkey got case laugh criticise say think
Thu Nov 22 06:56:22 +0000 2018	wait Saddam Hussein invade Kuwait world rise case sit bay watch genocide commit
Wed Nov 28 06:53:25 +0000 2018	world wait President Turkey publicly release recording evidence murder inside Saudi Embassy president courage integrity release Wait
Sat Nov 24 10:05:10 +0000 2018	shop robbery surveillance hairless national bank shop robbery surveillance happen Istanbul Ankara
Tue Nov 27 11:11:36 +0000 2018	Cut crap big sponsor jihadist group big terrorist organization
Sun Dec 09 09:44:24 +0000 2018	WISH TURKEY SUPER POWER MIDDLE EAST DE DEVIL KINGDOM SAUDI ARABIA VE KILLER IDIOT PRINCE KILL INNOCENT JOURNALIST
Wed Dec 05 07:15:36 +0000 2018	Speak press conference Esenboğa Airport follow Latin America tour President say continue enhance bilateral multilateral relation Latin American Caribbean country
Mon Nov 26 10:21:25 +0000 2018	shearson lehmann lehman brothers oil credit line 500 mio steal son pierre alain marx tzo buy neuchatel chaux de fonds base supermarket chain ambassy bern fake visa falsify passport escape to0 kidnapp sherason lehmann leman brother attorn
Mon Dec 03 13:34:55 +0000 2018	nice wow nice find wifi password remember recall net passward
Sat Nov 10 09:04:37 +0000 2018	Good morning sir Good workable prisoner exchange Transcript speech deliver delegation Conference
Thu Dec 06 11:58:53 +0000 2018	khalifa stand firmly speak wrong doer oppressor world assembly Long live reign Allah
Wed Dec 12 19:20:42 +0000 2018	let control drive driver safety soul family passenger thank join allah swt Grand country guidance trust Lord Allah swt 99 name thing Power Thanksgiving
Fri Nov 09 08:51:25 +0000 2018	Sir need open pubic library lab
Wed Nov 28 05:27:50 +0000 2018	Trump meet bin Salman G20 amid Khashoggi fallout
Sat Nov 24 11:34:52 +0000 2018	member era hope co0me call member married ense4mble4 marriage3 agency specialized algeria shit know ear ring dress ystematisch operierte Metall teile traewger innovation lausanne rue centrale das erfunden spionage
Tue Nov 27 08:59:33 +0000 2018	Yes President meet Saudi Crown Prince summit demand Saudi answer Khashoggi murder body provide family finally peace
Fri Nov 30 15:41:48 +0000 2018	Russian President Putin Saudi Crown Prince bin Salman embrace laugh G20 Argentina
Mon Dec 10 17:44:01 +0000 2018	want honour
Sun Dec 02 17:19:11 +0000 2018	EXCLUSIVE KOPY CARPETS OSEC SWISS WORKING CONTRACT TRAVELLINGT
Thu Dec 06 10:10:07 +0000 2018	Saudi Arabia suffer fate Khashoggi wait
Wed Nov 28 07:04:03 +0000 2018	Grand Jirga meet decide future
Thu Nov 29 12:12:47 +0000 2018	President Erdoğan telephone conversation President Trump tension Russia Ukraine Black Sea bilateral issue agenda discuss phone
Thu Nov 08 13:45:06 +0000 2018	Local Government Policy Board convene chairmanship President Presidential Complex
Thu Nov 08 05:50:13 +0000 2018	Turkey Istanbul Airport go service important transit hub north south east west ax Istanbul Airport connect 60 country 20 trillion economy vast area serve
Wed Nov 28 10:12:58 +0000 2018	President Recep Tayyip Erdoğan receive Secretary General Organization Islamic Cooperation Dr Yousef bin Ahmad Al Othaimeen Turkey 34th Ministerial Session COMCEC
Thu Dec 06 12:04:28 +0000 2018	Salman son unable manage lead American company lead Saudi Arabia America found Saudi Arabia assume American loyalty
Mon Dec 03 12:01:35 +0000 2018	Mutanoglu express happiness rebirth Somalia note country shift static self develop economy Turkey contribution [ development ] make happy say
Sat Nov 24 08:23:07 +0000 2018	Mr President stop provoke world Greece ca nt br ally spend money gun people scare feel like do nt democracy Greece enemy
Wed Nov 28 13:40:54 +0000 2018	President hold phone conversation Russian Ukrainian counterpart recent tension country Black Sea underline importance resolve problem diplomacy
Tue Dec 04 13:55:17 +0000 2018	future Turk bright integrity sincerity
Fri Dec 07 08:29:17 +0000 2018	sevim apply EUROPEAN UNION UN NATO embargo turkey thing go punish chef tahip erdogan he s law germany policy prove love kurd turk today go hunger strike day poeple hunger strike
Wed Dec 05 09:40:45 +0000 2018	FREE DEMIRTAS FREEDOM POLITICAL PRISONER
Wed Nov 28 21:30:09 +0000 2018	agree meet G20 discuss concern important issue bilateral relationship add statement
Fri Nov 30 22:15:12 +0000 2018	President Recep Tayyip Erdoğan Argentina G20 Leader Summit meet President Sebastian Pinera Chile
Fri Nov 30 20:02:50 +0000 2018	President Recep Tayyip Erdoğan Argentina G20 Leader Summit meet President Xi Jinping China
Sat Nov 10 12:44:16 +0000 2018	know put bounty ringleader Qandil collude terrorist point ringleader Iraq target conduct patrol arm arm Syrian member organization think deceive
Sat Dec 08 17:53:13 +0000 2018	dare talk violence French Police Kurdish people kill
Sat Nov 24 07:46:05 +0000 2018	Fake News coming form Qatar Washington Post big money destroy try build Specialy Elected Fake muslim lady Ilhan Omar Qatar big money Ilhan Omar elect 🍁 👽
Wed Dec 12 11:45:51 +0000 2018	President speak Turkish Defense Industry Summit ▪ ️We strengthen Atak Helicopter ▪ ️We launch operation east Euphrates day ▪ ️T625 multi role helicopter name Gökbey
Tue Nov 27 10:23:17 +0000 2018	say reason meet MBS summit later week German newspaper report
Tue Nov 27 21:09:29 +0000 2018	White House say President meet counterpa summit doesn plan meet Crown Prince think meet try bring Erdogan MbS Eventually salesman
Tue Nov 27 13:52:43 +0000 2018	Speak AK Party Parliamentary Group Meeting President say Turkey slight concession these s eastern Mediterranean area
Mon Dec 10 15:00:12 +0000 2018	human right Turkey & amp powerful President change eventually ll ll option maybe leave jail nuclear bomb Turkey don belong family bang bang brother
Wed Nov 07 06:57:24 +0000 2018	President Erdoğan allow want engulf Idlib entire Syria fire blood provoke regime resurrect DAESH stop destroy terrorist group east Euphrates
Wed Nov 21 19:46:16 +0000 2018	think right know medium uk cover maybe time bring open turkish army raid common purpose turkey know graduate urge country
Sat Nov 10 19:23:48 +0000 2018	President arrive attend commemoration hold 100th anniversary armistice end World War
Mon Nov 26 17:42:52 +0000 2018	G20 Leader Summit hold Buenos Aires November 30 December 2018 new phase Today Turkey panel organize Turkish Presidency hold title World Big November 27
Wed Nov 07 12:34:24 +0000 2018	President Erdoğan assume engage activity Eastern Mediterranean Aegean cost Turkey start understand wrong allow bandit sea punish terrorist Syria
Mon Nov 26 16:06:26 +0000 2018	Frend brother know daily sitution good frend close frend person cab feelin know diffucalt sitution think gett historical moment
Sun Nov 25 10:38:28 +0000 2018	visit turkey 10 dear find Turkish youth smoke lot dangerous pls policy control
Sun Dec 09 05:35:24 +0000 2018	comment Kosovos army transformation realy want positive thank
Wed Nov 07 18:52:41 +0000 2018	World Leader 🇹 🇷
Thu Nov 22 11:54:22 +0000 2018	importance attach today Turkey Russia Iran trilateral summit dear brother Hassan Rouhani host dear friend Vladimir Putin attend reflect Turkey care future Syrian brother sister
Mon Dec 03 12:03:37 +0000 2018	Kremlin spokesman Dmitry Peskov ask high President Vladimir Putin Saudi crown prince G20 summit Argentina say good personal relation basis effective bilateral cooperation
Sat Dec 08 15:32:38 +0000 2018	protester violent people yellow vest belong ultra left black block come european country loot burn car unacceptable police force exemplary death 30 wound Safe
Wed Nov 28 05:53:40 +0000 2018	Lady Erdoğan attend promotion meet Women Write Future Project
Sat Dec 08 17:10:33 +0000 2018	whitch place come cafe don`t forgett
Fri Nov 23 16:59:17 +0000 2018	STOP GENOCIDE KURD RESPECT EU COURT DECISION FREE DEMIRTAS FREEDOM POLITICAL PRISONER
Thu Nov 29 19:19:31 +0000 2018	😂 😂 😂 😂 Stupid poor president arrive Argentina G20 think like Crown Prince Mohammad Bin Salman intelligent rich person Hold head Saudi people 🇸 🇦 💚 🇸 🇦
Sat Dec 08 12:09:57 +0000 2018	Lion Islamic world
Fri Nov 23 17:49:18 +0000 2018	wld Jerusalem & amp AlAqsa Muslim & amp Arab UNITY hav way stand w / Palestinian & amp time normalize w / occupation regime UNSC reform
Sat Nov 24 09:27:46 +0000 2018	say Khalifa Allah continue guide protect strengthen continuously support defend oppress reign long Amin thumma Amin
Wed Nov 28 21:50:35 +0000 2018	Turkey Pres agree ask return seize vessel
Wed Nov 21 17:10:02 +0000 2018	watch msm uk cover learn common purpose take country benefit master eu eu want turkey wealth
Tue Nov 27 00:40:46 +0000 2018	السلام عليكم President Erdogan need help conspiracy harm intelligence service information network mean Egypt Sudan muslim brother support true sufism way life whatsapp
Sat Nov 24 10:13:10 +0000 2018	60 millon robbery gang pay kidnapping senator rain fortune 45 million family fortune senator rain empty pay innovation magazine de clear shop robbery
Mon Dec 10 17:36:18 +0000 2018	Salam sir easy visa polecy pakistani visist turkey
Sat Nov 10 09:16:28 +0000 2018	World king sultan erdogan
Wed Nov 28 15:29:39 +0000 2018	putter president world
Sun Dec 02 10:36:46 +0000 2018	World leader Recep Tayyip Erdogan
Sat Dec 08 17:36:30 +0000 2018	Hero Islamic world
Thu Dec 06 02:28:30 +0000 2018	want Muslim ruler world Pakistan
Wed Nov 07 12:33:35 +0000 2018	allow initiative aim usurp natural resource Eastern Mediterranean
Fri Nov 09 09:50:06 +0000 2018	Free 20 USD paxos token telegram bot easy = = & gt
Mon Nov 26 15:09:17 +0000 2018	Brotherhood Empathy Compassion Lest forget unwaveringly stand Turkish brother need help Allah nation shall triumph prosper Strong 💪 💪 💪
Thu Nov 22 10:32:03 +0000 2018	President meet Crown Prince visit summit spokesman quote say Thursday
Wed Nov 07 03:53:26 +0000 2018	need person list man literally IMPRISON POLITICAL OPPONENT JOURNALIST
Fri Nov 09 01:37:38 +0000 2018	sabah smile oda nature yagmur love call world lovely turkey Beach dag parks clubs universite heritage recall love
Thu Nov 22 11:48:31 +0000 2018	country host million Syrian Turkey continue strive voluntary safe repatriation refugee last solution create common ground party Syrian dispute
Thu Nov 29 13:29:11 +0000 2018	faverge lausanne salt pepper mode gessnerallee non exist address
Sat Nov 24 19:59:48 +0000 2018	Hello Erdogan leo nice good follow
Mon Dec 10 11:30:00 +0000 2018	Watch video closely day disgusted like drag street getting kill like Saddam Qaddafi Future
Mon Dec 03 11:35:26 +0000 2018	Erdoğan world leader people leader venezuala Turkey millitary base venezuala
Sun Nov 25 17:13:10 +0000 2018	Shameful Caught Financing AlQaeda Terrorist Syria pretend bomb ISIS terrorist destroy Syria&amp Syrian
Tue Nov 27 08:14:18 +0000 2018	FREEDOM POLITICAL PRISONER FREE DEMIRTAS STOP GENOCIDE KURD
Tue Dec 04 13:23:03 +0000 2018	hero Muslim world
Thu Dec 06 10:07:44 +0000 2018	Trump money prince Mohammed bin Salman Search ll find
Thu Nov 29 16:18:44 +0000 2018	Turkish intelligence official kidnap Abdullah Ocalan African country demand release disclosure fate
Tue Nov 27 15:22:55 +0000 2018	Leader head state demand Saudi Prince answer atrocity commit Khashoggi wonder Saudi able provide Khashoggi family body
Mon Dec 10 15:07:31 +0000 2018	bring old writing style turkish arabic alphabet
Sun Dec 02 22:01:45 +0000 2018	laude muller merz denis kidnapper expensive yacht club owner california los angeles hold delevaux porc chicken fam 72 kidnapper claude muller denis mez account weibel moreparkfake passport jovic kidnap sign
Fri Nov 09 14:03:24 +0000 2018	President pay visit November 10 11 2018 attend commemorative event mark 100th anniversary armistice end World War invitation President Emmanuel Macron France
Sun Dec 02 11:48:20 +0000 2018	President murder Saudi journalist Jamal Khashoggi issue Turkey world
Sat Nov 24 15:49:17 +0000 2018	launch great development initiative area city
Sun Dec 02 22:02:04 +0000 2018	laude muller merz denis kidnapper expensive yacht club owner california los angeles hold delevaux porc chicken fam 72 kidnapper claude muller denis mez account weibel moreparkfake passport jovic kidnap sign transger
Thu Nov 08 11:16:15 +0000 2018	request Muslim report anti Islamic tweet man
Fri Nov 23 18:48:13 +0000 2018	powerful political leader contemporary world
Thu Nov 29 15:44:55 +0000 2018	Ardoyan good president world
Sat Dec 01 21:31:44 +0000 2018	say murder world issue
Tue Dec 11 09:05:52 +0000 2018	smoke heroin stallone denis merz kurtrt debeta income heroin smoker metal tub producer silvester stallone heroin smoker metal tub producer silvester stallone heroin
Wed Dec 12 15:33:53 +0000 2018	ist time step illiterate soon com don close ur eye fool
Sat Dec 08 18:31:22 +0000 2018	France Police shoot fellow citizen like dog duck Donald
Mon Dec 03 11:40:46 +0000 2018	establishment strong Somali army country ability eliminate threat accord
Fri Nov 23 19:15:21 +0000 2018	escape Lebanon check chain producer Turqui 1989 heavy victim italy Florence leather
Sat Nov 10 20:09:13 +0000 2018	good leader islamic world
Tue Dec 11 07:56:15 +0000 2018	great leader Muslim world
Fri Nov 23 19:13:53 +0000 2018	broker live insurance broker heritage trier fail family member denounce kidnap messy geneva family members family member Airoport pick nabil malek mother escape Lebanon check chain producer Turqui 1989
Sun Dec 09 11:06:35 +0000 2018	HELLO offer good quality logo design related service reasonable visit order design
Wed Nov 21 18:29:26 +0000 2018	elevate country designer producer status sector
Sun Dec 02 21:40:17 +0000 2018	lub select bol catamarang winner yacht club ownerkidnap senator rain invite kidnap i m selectesten yacht club california marx bagi merz weibel alle als Geisel Datei
Mon Dec 10 16:25:56 +0000 2018	rahisi turkish good world
Tue Dec 11 13:14:32 +0000 2018	President World Long Live Erdogan
Sun Dec 09 13:30:07 +0000 2018	black proxenette jimmy go italian fashion fair victim
Mon Dec 10 18:05:44 +0000 2018	Sir role model life Stay bless real hero Muslim world
Sat Nov 24 10:03:29 +0000 2018	ambassy president declare shop robbery surveillance les grand magazine innovation lausanne neighbor
Thu Dec 06 11:32:32 +0000 2018	Trump isolate Ibn Salman people care human right allow injustice stand face want shed blood
Wed Dec 05 07:57:44 +0000 2018	man wear suit hang tie well entire earth day peaceful quiet
Thu Nov 08 17:53:23 +0000 2018	Speak education consultation meeting President say member nation develop build place homeland world constantly advance culture civilization
Thu Nov 22 11:52:57 +0000 2018	necessary avoid fait accomplis pretext fight terrorism resist separatist effort seek undermine Syria territorial integrity national security neighboring country
Sat Nov 24 16:02:43 +0000 2018	Best wish endeavour good world
Mon Dec 10 21:32:48 +0000 2018	hope Islamic world ❤ ️ 🇹 🇷
Tue Dec 11 05:47:44 +0000 2018	powerful political leader contemporary turbulent world
Tue Dec 11 09:48:13 +0000 2018	Welcome new world Macron
Mon Nov 26 13:50:18 +0000 2018	welcome guy fund terrorist host different actually Qatari live injustice life government insist protect killer murder
Thu Nov 08 07:02:47 +0000 2018	carry work understand map route youth
Thu Dec 06 13:41:40 +0000 2018	Trump insistence support Ben Salman nominate enter Guinness encyclopedia dumb man history
Tue Nov 27 18:43:10 +0000 2018	Recep Tayyip Erdogan & amp Allama Khadim Hussain Rizvi ReaL Leader Muslim UmmAh Note Ask Leader Feel Pain Ummah
Fri Nov 30 17:05:48 +0000 2018	Turkish president attend special session G20 summit President Recep Tayyip Erdogan leader attend special session G20 Leader Summit
Wed Dec 05 22:51:39 +0000 2018	bring Ottoman Empire time Islamic native language Arabic
Wed Dec 12 15:22:28 +0000 2018	stop abet genocide ban account Erdogan expel ~1/3 million Kurdish people Afrin return true owner propose extend mass ethnic expulsion annihilation million
Sun Dec 09 01:03:24 +0000 2018	Father mother probably close person call moslem leader world today uighur brother sister China
Sat Nov 10 06:49:32 +0000 2018	pray brother sister kill earthquake tsunami Indonesia wish speedy recovery wound offer deep condolence people Indonesia Turkey prepare power help Indonesia heal wound
Thu Nov 08 20:49:27 +0000 2018	CSI dis service Sort
Thu Dec 06 11:40:33 +0000 2018	America build national economy aid blackmail Gulf prince Strategy maks America fall day night
Wed Dec 12 15:18:17 +0000 2018	stop abet genocide ban account Erdogan expel nearly 1/3 million Kurdish people Afrin return true owner million ethnic cleansing approach scale Nazi
Wed Dec 12 15:25:12 +0000 2018	stop abet genocide ban account Erdogan expel ~1/3 million Kurdish people Afrin return true owner propose Nazi scale extend expulsion annihilation million
Thu Nov 08 13:05:40 +0000 2018	successful world king sultan erdogan
Fri Nov 09 12:10:22 +0000 2018	Hi new gig need relate service message
Sat Nov 10 06:46:56 +0000 2018	undefeated military career great general 20th century Mustafa Kemal defeat Britih Empire Napoleon Hitler Fail Mustafa Kemal Muhammad Ali Jinnah great leader 20th century world
Mon Dec 10 08:50:51 +0000 2018	inform mr putin car exiboition paris
Wed Nov 07 16:38:27 +0000 2018	President Erdoğan Ukrainian authority friendship require display solidarity aftermath July 15 continue cooperation future fully remove FETO presence Ukraine
Sun Dec 02 21:45:17 +0000 2018	los angeles kidnapping rain family invite yacht club member owner sailing club exclusive usa bol winner catamaran kidnapping
Wed Nov 28 07:45:03 +0000 2018	President attend G20 Leader Summit host Argentina Nov 30 Dec 2018 pay official visit Paraguay Venezuela Dec 2018
Sat Nov 10 18:56:03 +0000 2018	destroy celebrate & amp commemorate sad Turkish population celebrate owne fall past Right Mr
Thu Dec 06 10:32:39 +0000 2018	Great Leader Muslim World Allah bless
Mon Dec 10 14:57:18 +0000 2018	good leader world RECEP TAYYIP ERDOGAN Canada love ERDOGAN
Mon Dec 10 21:28:48 +0000 2018	hope Islamic world ❤ ️ ❤ ️ 🇹 🇷 🇹 🇷
Sat Nov 24 17:45:53 +0000 2018	hear voice help Stop agent country do nt send
Fri Dec 07 10:30:01 +0000 2018	country deny Veteran benefit soldier discriminate Yes office discriminate soldier give prime time youth India security
Fri Nov 30 03:54:14 +0000 2018	Erdogan
Mon Nov 26 17:59:40 +0000 2018	good Somali boy love rajab Turkish miss president world
Tue Nov 27 18:17:54 +0000 2018	Devam devam Greece Number careful dear need urgent help diplomatic skill try responsibe person world know insecure shame Grow President child
Thu Nov 08 11:21:07 +0000 2018	leader proud leader thi Muslim world Pakistan 🇵 🇰 🇵 🇰
Sat Dec 01 18:31:22 +0000 2018	President meet Russian counterpart Vladimir Putin sideline G20 summit
Sat Nov 10 18:58:29 +0000 2018	Guterre plan acceptable Turkish Cypriot slave win war 1974 agreement sign deal valid Greek United Nations forget 🇹 🇷 🇹 🇷 🇹 🇷
Fri Nov 30 00:50:00 +0000 2018	cancel meet shortly refusal meet
Wed Nov 28 18:32:14 +0000 2018	leader real proof spy Arabia Saoudia consulat blackmail MBS manipulat world opinion avainst try distroy KSA economy let happen 🍁 👽
Wed Dec 12 17:02:07 +0000 2018	like area secure mean like Afrin Bab Cerablus Azaz 😂 😂 fuck turkey ✌ 🏻
Sat Nov 10 11:12:46 +0000 2018	Turkey continue effort fair world
Sat Dec 01 20:11:46 +0000 2018	think Saudi Arabia keep collude Russia go eat date
Sat Nov 24 06:26:54 +0000 2018	University center freedom pioneer change
Sun Nov 25 15:27:21 +0000 2018	Turkey need release tape STOP Corruption Cover Good Friend Business Interest MBS Saudi Butcher world call Little Saddam Release Tape Cover stop
Sun Dec 02 08:55:49 +0000 2018	Asslam alaikum Happy Sindhi culture day Iam proud Sindhi
Mon Nov 26 12:37:40 +0000 2018	pahu8d mixt marocco algeria long african hair want gang boss martial art shit soleil rouge black gym gold gym jass ersize
Tue Dec 04 22:18:11 +0000 2018	South Korea Breach Rule Law Common Sense Court Wartime Labor Ruling JAPANForward （ 6th November 2018 44 am ）
Sun Dec 02 07:17:05 +0000 2018	President meet President Turkey discuss bilateral cooperation situation Idlib meeting leader meet inauguration gas pipeline offshore section
Tue Dec 11 11:30:45 +0000 2018	💚 🌷 Bismillah Ask Allah Almighty protect long healthy life service footstep HabibAllah ❤ ️ 🌹 🌹 🌹 ❣ ✨ 💙 🙏 Ameen ya Rabbal Alameen al Fatiha
Sat Dec 01 22:56:32 +0000 2018	President crisis resolve urgently Yemen independence sovereignty territorial integrity unity preserve 🇹 🇷 🇾 🇪
Sat Nov 24 13:27:27 +0000 2018	Turkey World king sultan erdogan love Bangladeshi
Sat Dec 01 14:55:06 +0000 2018	important lider World proud
Wed Dec 12 08:30:17 +0000 2018	rouiller rege tolen russian baby handicape hide death russa SOGGOD HEAR ABOUTH JKOUR CASE OPEN HANDIC AP FOUNDATION ILINOLIS JEWLERY SHOP VENEZUELA FAVERGES GANG LAUSANNE ITH SOZIAQL EMPLOYE
Wed Nov 28 21:18:08 +0000 2018	kamelcaravan hold kidnapping ensence sale pope psychphate delevaux serge roessli rare silk carpet chelbani boss prepeare groung galic camel meat sell itegyptin way roh camel meat sand sun kook meat kill camel sin 1995 stat
Fri Nov 30 11:38:23 +0000 2018	Luckily include elephant room Trump help solve urgent issue climate change suggestion equal allowance capita tradable require share planet want live
Fri Nov 23 02:06:24 +0000 2018	Sir Assalamualaikum regard family Turkish people heartiest congratulations birthday Prophet SEE effort nice Glimpse book Crown Sonia Sonia Ka Taj available youtube twitter pl listen naat
Fri Nov 23 23:24:26 +0000 2018	Selam president far feel Saudi embassy let Mr khashoggi consulate job USA send istanbul saudi embassy reason kill USA USA local gov Law Tramp able help MBS
Wed Nov 07 19:34:10 +0000 2018	condemn terror attack Pittsburgh synagogue extend heartfelt condolence family victim American people Turkey unequivocally condemn form terrorism part world regardless target
Mon Dec 10 23:35:01 +0000 2018	great meritocratic leader public turkey
Sat Nov 24 19:55:13 +0000 2018	G20 Member pompous connive murderous monster MohamedBinSalman & amp father boot
Sat Nov 24 12:41:00 +0000 2018	swisswide passport ready convoy steal county world tour return swiss foreign worker
Mon Dec 10 09:36:24 +0000 2018	tire producer ancer old tire recoverer owner owner kill louis bagi pierre alain marx delevaux abbou lie stomac cancer rally tire cancer bentley roll tires producer tractor tire plroducer
Tue Dec 11 07:28:14 +0000 2018	Salam alaikum Palestine special need marry child medical report house zinc plate difficult winter wish build house child sick00970595603703
Thu Nov 22 11:54:06 +0000 2018	today summit Tehran Turkey clearly state resort method disregard civilian life play hand terrorist
Wed Nov 28 12:33:58 +0000 2018	statement publish follow meet National Security Council chairmanship President state Turkey allow fait accompli Syria use right self defense
Thu Nov 22 10:34:16 +0000 2018	📌 Turkey Erdogan meet Saudi Crown Prince G20 summit Erdogan spokesman
Wed Dec 05 18:03:17 +0000 2018	Dear Mister President i m Syrian girl need help family harm Turkey help story kid hear woman say ya Mustasim Mutasim help i m go Mister President Erdoğan help
Wed Dec 05 18:18:39 +0000 2018	Dear Mister President i m Syrian girl need help family harm Turkey help story kid hear woman say ya Mutasim Mutasim help i m go Mister President Erdoğan help
Fri Nov 09 08:54:50 +0000 2018	Allah bless turkey people great leader world Recep tayyip erdogan
Tue Nov 06 17:41:05 +0000 2018	time world join turkey pressure kingdom savage murderer face justice
Thu Dec 06 10:52:15 +0000 2018	world medium allow incident incident Khachhoggi
Wed Dec 12 13:56:56 +0000 2018	Inshaallah lion arab world israel Rest puppet america nato & amp europe
Mon Dec 10 09:47:10 +0000 2018	kn tire exporter switzerland algeria bentley ross ferrari tires racing tire DONTREACT CONSIDER WAR MOBILISATION POPULATION
Thu Nov 22 23:35:22 +0000 2018	Economic threat intimidate nation
Wed Dec 12 16:33:07 +0000 2018	President Erdoğan determine turn east Euphrates peaceful livable place true owner like area secure Syria
Wed Nov 21 16:08:44 +0000 2018	President Erdoğan Country decision obtain natural gas accordance circumstance respect Pressure violate state sovereign right prevent serve citizen benefit
Wed Nov 28 05:50:04 +0000 2018	nin
Mon Dec 10 19:20:47 +0000 2018	2018 winner Presidential Culture Arts Grand Award designate
Sat Dec 01 22:45:36 +0000 2018	big fan handling case like champion
Fri Nov 09 11:08:37 +0000 2018	wait send message world close embassy kill cut tie
Tue Dec 04 13:28:41 +0000 2018	Muslim people world support Turkey long say truth
Wed Dec 12 14:17:04 +0000 2018	admire true leader muslim world ALLAH bless Love pakistan
Thu Nov 08 17:41:00 +0000 2018	member nation constantly advanced culture civilization
Mon Dec 03 20:14:15 +0000 2018	sun templer secte lausanne university club helvetian addre woman weare clergy fribourg mass killer findable internet coat thite rise cruzien cross avois university lausanne
Fri Nov 23 21:22:51 +0000 2018	President Erdogan Halima & amp kindly request meet Bin Salman G20 meeting thank
Mon Dec 10 08:49:46 +0000 2018	order model fashion cut vagina use prostitute private porno channel
Fri Nov 23 06:47:02 +0000 2018	
Wed Nov 21 16:23:53 +0000 2018	pursue policy base justice fairness conscience brotherly geography
Tue Dec 04 16:23:59 +0000 2018	order hear need hard rock attitude aaanddd business strategy
Wed Nov 28 19:44:09 +0000 2018	long Mr Erdogan understand Vladamir Putin true friend Donald modern day Judas guess fine speak
Sat Nov 10 06:32:53 +0000 2018	disgusting person allow remember celebrate Banned Athan & amp Islamic tradition Ban Arabic language fun Quran verses Banned Hijab Kill practice Islam Abandoned Aqsa
Sat Nov 24 11:22:04 +0000 2018	Turkey Iran refuse return citizen leave Japan illegal stay harm Turkish Iranian Japanese have historically good relation
Sun Dec 02 02:58:26 +0000 2018	Vladimir Putin meet President Turkey Recep Tayyip Erdogan sideline G20 summit
Fri Nov 30 10:14:22 +0000 2018	swiss bol sailing gang bath tub sailing getaz romang gang hamburger seller camel caravan kidnapper pay bol sailing participation pay kidnapping hold kidnappecd 17 jear bol participater ledarnsaiol
Mon Nov 26 10:30:59 +0000 2018	LADY LAUNCH FIR 4KHASHOGGI MURDER FIANCÉE REMAIND OUTSIDE CONSULATE 1st time 2nd time 💥
Wed Dec 05 23:50:38 +0000 2018	special room shower like Egypt airport traveler use Turkish airline hajj umrah change ihram appreciate haji pilgrimage
Mon Dec 10 08:49:01 +0000 2018	car exibition pasris dthe delevaux gang want coup order model porno animal sex alöl cut agin car salon gebneva paris exposer salon autom ob ile paris exposant
Tue Dec 04 22:45:31 +0000 2018	Press Conference Chief Cabinet Secretary Prime Minister Japan Cabinet （ 21st November 2018（P ） ）
Thu Nov 08 11:32:25 +0000 2018	ll judge HUGE victory Second Amendment pro judge confirm Senate
Sun Dec 02 08:50:34 +0000 2018	person earth feign indignation MBS human right abuse credibility zero issue don want Saudi crown prince protect pariah 20 summit
Mon Dec 03 21:54:31 +0000 2018	sanction particularly individual government country come invest steal nonrenewable resource gold coltan etc doubt invest
Thu Dec 06 10:59:26 +0000 2018	take step strengthen Turkey Uzbekistan strategic cooperation
Tue Nov 06 18:16:37 +0000 2018	Write Post day Erdogan declare Turkey move heaven earth reveal fact Khashoggi case exercise herculean strength free journalist wrongly incarcerate
Wed Dec 05 13:12:19 +0000 2018	talk daesh finish ally
Tue Dec 04 22:37:25 +0000 2018	［STATEMENT］ Asahi Shimbun Won Change Describe Comfort Woman JAPANForward （ 3rd August 2018 59
Thu Nov 22 11:51:51 +0000 2018	Allah present 🇹 🇷 🇹 🇷 🇹 🇷 🇸 🇴 🇸 🇴 🇸 🇴 ❤ ❤ ❤ Love Muslim Arround world ❤ ❤ ❤
Wed Dec 12 14:33:37 +0000 2018	Dear president leader turkish gift fr m Allah muslim world love respect fr0 m pakistan ✌
Sat Nov 10 10:55:25 +0000 2018	Mustafa kamal man army inspirational personality unforgettable truth nation builder remember leader justice unity humanity Allah bless TURKEY islamic world
Thu Dec 06 11:55:38 +0000 2018	American people change value justice order compliment Trump Ben Salman
Wed Dec 05 02:34:06 +0000 2018	believe Nicolás Maduro politician dialogue isn genocide
Thu Dec 06 10:07:05 +0000 2018	case Ahmed bin Abdul Aziz overcome arrival rule Sudais correct term Europe Saudi world polar
Thu Dec 06 10:20:40 +0000 2018	case Khashoggi like dot sea Act Salman son kind torment humiliation enslave Arab people migrate becom brother
Sat Nov 10 13:04:00 +0000 2018	Mr Erdogan King Salman son bring mention absolutely responsible have Khashoggi murder Trump son law Kushner great plan Saudi Arabia turn satanic haraam state Trump win helpful
Sat Dec 08 01:12:17 +0000 2018	die Shame Imaan Quality Muslim anymore don deserve leader Muslim world
Tue Nov 27 14:44:46 +0000 2018	Good Muslim leader come rule Muslim state Omer Bin Abdul Aziz good era Muslim inshallah leadership wafagakoum Allah protect Muslim nation Mr President
Wed Dec 12 11:08:41 +0000 2018	No1 leader 21st century
Tue Dec 04 22:27:59 +0000 2018	Press Conference Chief Cabinet Secretary ［Japanese Government Internet TV］ Prime Minister Japan Cabinet Homepage （ 29th November 2018（A ） ）
Thu Dec 06 11:39:55 +0000 2018	medium stand strongly responsible human right issue repeat tragedy
Thu Dec 06 12:06:25 +0000 2018	date record cause America demise affair President Trump Saudi wife Ibn Salman
Mon Nov 26 18:13:52 +0000 2018	highly recommend watch Promise highly acclaimed film Armenian Genocide Armenian culture treasure world bravery remember world eye
Sun Nov 25 18:46:43 +0000 2018	common purpose south africa hear eu want invest project vere coincidental common purpose
Sun Nov 11 00:07:01 +0000 2018	celebrate end begin war birthday party legalization bad b / c people think themselves 😏
Sat Nov 24 05:29:15 +0000 2018	woman work life strengthen country proud success
Sun Dec 09 10:52:30 +0000 2018	Turqui victim nabil malek stomc ulcer destoy roh meat stomac bleedig non stop stomac model kill hidden death TMC OERLIKON SWITZERLAND HEAD OFFICE WEIBEL MOREPARK GANG SHOWS ROOM OWNDERS RIOTA BAGI MARX KURT DEBETA
Thu Nov 29 12:54:01 +0000 2018	nabil malek freezer truck share hacker nabil malek use handy frequenz distroyer kidnapping provoque land plane crash detec table aviation tower neutralise plane frequence
Fri Nov 30 21:05:41 +0000 2018	leader Idea Welfare Nations South Africa Turkey forward
Sat Nov 10 06:08:44 +0000 2018	succeed contribution result Modern Turkey inevitable Pakistani mesmerize Ottoman Empire
Wed Dec 05 07:55:20 +0000 2018	Slave buy easy today man sell Africa slavery aware happen ignorant bastard act free buy sell costume jewelry fake money today print money buy nation funny slave
Mon Nov 26 16:50:58 +0000 2018	Allah safe
Tue Dec 11 09:06:02 +0000 2018	smoker metal tub producer silvester stallone Moscow target smoking heroin stallone denis merz kurtrt debeta income Silvia ester stallone heroin producer 22 person staff moskow woman kliller hemoroid stomac cancer loose
Wed Nov 21 16:08:47 +0000 2018	TurkStream Project transport 31 billion cubic meter natural gas annually advantage country nation neighbor plan transfer half natural gas transport Europe
Tue Dec 04 17:16:29 +0000 2018	🔆 Do want follower ❓ Follow & amp retweet this 🔸 Follow rt & amp like 🔸 Followback everyone 🔸 🔆 Turn notification 🏧
Mon Nov 26 13:15:33 +0000 2018	President meet Emir Sheikh Tamim bin Hamad Al Thani Qatar Istanbul attend 4th meeting Turkey Qatar High Strategic Committee
Mon Dec 03 21:16:32 +0000 2018	stop take advantage country country don want Venezuela Erdogan
Mon Nov 26 17:27:05 +0000 2018	great Lion great Legend
Sat Dec 01 18:59:56 +0000 2018	young Saudi Crown Prince tactic sharpen expect help government crisis backlash inconceivable plot sure power question raise concern
Mon Dec 10 18:04:05 +0000 2018	Hey recept taijin erdogan Let HDP group peace flippet
Sun Nov 25 21:19:35 +0000 2018	Mr Erdogan don ask extradition 18 Saudi man Saudi arrest stand trail Turkey maybe talk truth
Tue Nov 27 10:46:59 +0000 2018	Love Leader Allah safe evil power success plan
Wed Dec 05 14:58:49 +0000 2018	USA tel Pakistani citizen terrorist & amp bar fate deserve
Wed Dec 12 14:53:11 +0000 2018	exactly area Turkish army liberate Peaceful livable Afrin kidnapping theft property resource rape murder whim Jihadist Turkey import train equip export Idlib
Fri Nov 09 06:32:29 +0000 2018	believe nation stand face tyranny learn justice excellency don think time world know happen Saudi consulate day justice need serve
Fri Dec 07 01:00:45 +0000 2018	🇵 🇰 ♥ ️ ♥ ️ ♥ ️ 🇹 🇷 🇹 🇷 🇹 🇷 🇵 🇰 🇵 🇰 🇵 🇰 ♥ ️ ♥ ️ 🇹 🇷 🇹 🇷 🇹 🇷 🇹 🇷 Tyab ordagan ZINDABAD Sir grate leader muslim Pakistaniblove sir
Thu Nov 22 00:24:52 +0000 2018	Erdogan Kosova happen Muslim country didn accept Kosova Interpol think close ally Maybe talk do nt forget 10 million Shqipetar Arnavut TURKAY ALLA
Fri Nov 09 09:23:05 +0000 2018	Good nation path
Wed Nov 21 19:02:17 +0000 2018	wow ur lead Homosexuell group yes look like smile
Tue Dec 11 01:36:27 +0000 2018	Great economy Humantarian aid close Humantarian Aid country face economy crisis donate Palestine
Thu Nov 29 19:56:10 +0000 2018	Right Twitter dog insult attack killer Derecho Los perro de Twitter de MBS insultan atacan Erdogan
Mon Dec 03 12:11:19 +0000 2018	Argue Turkey large foreign military training base Somalia Mutanoglu say benefit military base well come year
Wed Nov 21 17:10:55 +0000 2018	eu link common purpose corruption work uk
Wed Nov 21 16:08:38 +0000 2018	TurkStream project historic proportion energy geopolitics region
Fri Nov 23 15:48:07 +0000 2018	President meet President Mohamed Abdullahi Mohamed Farmajo Somalia Vahdettin Mansion Istanbul
Thu Nov 29 23:59:27 +0000 2018	Guitar Use Thick Alternating Current Iron Wire Ground Earth Pole Neutral LinePhase GroundEarth ReasonTeslaStepperTeslaBattery TelevisionTerrestrialTowerHighPowerTransmission TauMuonLepton Ultrasound TerrorAttack
Thu Nov 08 17:06:49 +0000 2018	urge party assume principled stance terrorist organization Syria
Sat Dec 08 10:35:57 +0000 2018	Good day Mr President Mr President help Army inshaAllah army fully mean appeal Kosovar Allah xh rehatlık versin
Thu Dec 06 12:00:58 +0000 2018	Ben Salman teenager rule reflect influence White House politician
Sun Dec 09 13:27:51 +0000 2018	nabil malek istambul hotel casino murder replace blood gang kidnap jean claude mimran attorney senator rain senegal sugar contract get american citizen kidnap mandate arrestation president bush president clinton arrestation andate
Mon Dec 03 19:19:04 +0000 2018	God Bless Thanksgiving Thee Lord Allah Creator thank
Mon Nov 26 17:22:02 +0000 2018	Good continue search hope naturally degrade body part find little doubt search result hopeful result
Wed Nov 21 16:08:49 +0000 2018	President Erdoğan TurkStream project historic proportion bilateral relation energy geopolitics region exert great effort Russian friend
Wed Nov 28 18:11:16 +0000 2018	SALAM ISMAIL FRIEND ACTION KURDE SLOGAN PRESIDENT HELP KURDE CRUEL SITUATION SWISS LIKE VISA CARD GOVERNMENT 150 SFR /DAY AMBASSY BERN MEMET SEKER MONEY POOR ISMAIL
Wed Nov 07 06:57:07 +0000 2018	destroy terrorist group east Euphrates
Tue Dec 11 08:47:05 +0000 2018	heroin smoker metal tub producer silvester stallone heroin smoker metal tub producer silvester stallone Moscow target smoking heroin stallone denis merz kurtrt debeta income
Wed Nov 28 21:15:01 +0000 2018	kamelcaravan hold kidnapping ensence sale pope psychphate delevaux serge roessli rare silk carpet chelbani boss prepeare groung galic camel meat sell itegyptin way roh camel meat sand sun kook meat kill camel sin
Mon Dec 10 15:49:16 +0000 2018	Humanity fact directly relate good heart pious prejudice pride
Tue Nov 27 05:12:26 +0000 2018	banish
Tue Dec 04 22:41:47 +0000 2018	［EDITORIAL Dissolve Comfort Women Foundation South Korea Put Ties Japan Risk JAPANForward （ 29th November 2018 11 27
Sat Nov 24 15:43:30 +0000 2018	news indian muslim come india address muslim railly bulandshahar uttar pradesh india true
Thu Nov 29 14:26:52 +0000 2018	Welcome g20
Thu Dec 06 11:33:31 +0000 2018	horizon crime blood shed case Salman son continue rule
Sun Nov 25 14:09:11 +0000 2018	POWER ASK EYT ACCOUNT DON WASTE ASK WEAR
Thu Dec 06 13:37:12 +0000 2018	President Putin pay election campaign relate America decision support Salman son
Tue Dec 04 17:14:44 +0000 2018	Thank support Mr words action reference sovereign country Turkey Venezuela form brotherhood
Mon Nov 26 15:11:11 +0000 2018	great leader great nation God bless family people 😊 👍 🏻
Sun Dec 02 01:19:14 +0000 2018	Turkish vs army click link watch video blow
Sat Nov 10 21:39:31 +0000 2018	President visit Picasso Bleu et rise exhibition Paris Follow exhibition visit President Erdoğan attend dinner President Macron France host Orsay Museum honor foreign head state
Mon Nov 26 09:40:25 +0000 2018	good decision
Mon Dec 03 12:51:33 +0000 2018	falsify vaccination sale copy basle vaccination falsifierd unicef accination falsify anilmaql beef camel dunky vaccinatio0n check klill egypt typic al jewlery maker kill hide denouncement special secret code inventet
Sat Nov 10 21:38:30 +0000 2018	President visit Picasso Bleu et rise exhibition Paris Follow exhibition visit President Erdoğan attend dinner President Emmanuel Macron France host Orsay Museum honor foreign head state
Sat Nov 24 19:36:02 +0000 2018	fate
Thu Nov 29 20:33:22 +0000 2018	puppet
Thu Dec 06 12:08:40 +0000 2018	Putin Russian president plant Trump result decision trump support Ben Salman
Thu Nov 29 15:24:19 +0000 2018	bring justice
Thu Dec 06 12:00:29 +0000 2018	Trump able offer distinctive gift Putin good decision support Ben Salman
Fri Nov 09 06:30:00 +0000 2018	border heart reach Constantinople everybody starve let starve care people care refugee care palace
Sat Nov 24 12:25:56 +0000 2018	4th meeting Turkey Qatar High Strategic Committee set hold Istanbul Nov 26 meeting jointly preside President Emir Sheikh Tamim bin Hamad Al Thani Qatar
Wed Dec 05 07:22:56 +0000 2018	President Erdoğan invite student Adana Ticaret Odası High School visit nearby July 15 Martyr Memorial tea host Presidential Complex
Mon Nov 26 16:09:34 +0000 2018	prince handsome
Wed Dec 12 13:33:02 +0000 2018	hope election
Wed Nov 07 18:00:45 +0000 2018	Sir great people Ashish Kumar kalbhor India big fan want live country want cityzenship country pharmacist student job country Thankyou sir
Thu Nov 29 15:18:36 +0000 2018	distinguish rest leader liar distinction
Wed Nov 28 08:51:47 +0000 2018	NSA Bolton confirm meet
Sat Dec 01 12:53:03 +0000 2018	President Erdoğan don care victim Turkey meet President Chile Vote
Sun Dec 02 00:56:12 +0000 2018	Close encounter Buenos Aires friday Turkish President bite unhappy MBS close eye Courtesy
Sat Nov 10 14:39:44 +0000 2018	see good
Wed Dec 12 16:27:39 +0000 2018	President Erdoğan long threat DAESH Syria know pretext stalling tactic know DAESH element region feed train keep ready necessary
Thu Nov 29 18:49:36 +0000 2018	President arrive summit
Wed Nov 28 08:31:50 +0000 2018	TAETER BOTSWCHAFT BARBECUE OFFICIEL EXCUSE WANT SWISS PRESIDENT AUGUST 2003 AROU ND EXPLOSED GAS BARBECUE EMPTY RAINS HERITIER TOOKEN KIDNAPPED PAY AIR ALGERIE PLANE HOLD PR ISO = N SO = N SENATOR RAINS PAY ALGER
Fri Nov 23 13:37:39 +0000 2018	need help Prime Minister Erdogon
Fri Dec 07 14:18:51 +0000 2018	Nagano conduct Beethoven Clockwerk Orange G20 Welcome hell Edition
Tue Dec 04 22:21:40 +0000 2018	［Press Releases］ Decision Supreme Court Republic Korea Confirm Exist Judgment Japanese Company （ Statement Foreign Minister Taro Kono ） Ministry Foreign Affair Japan （ 30th October 2018 ）
Sun Nov 25 18:43:00 +0000 2018	Nuff respect hear don let light truth depart path
Fri Dec 07 22:00:25 +0000 2018	servant
Wed Dec 05 04:56:40 +0000 2018	Salam need support help raise fund Dr Hayat recently graduate UTS detail mention follow link GoFundme Dr Hayat
Sat Nov 24 07:52:27 +0000 2018	rouiller serge past president son machine gun dangerous animal hotel construction evephant tiger rhinoceros lion Gepards leopard especiallyally killed private plane detectable radar use machine gun
Wed Dec 05 16:58:51 +0000 2018	la aynı cümleler ama kimse Macron diktatör demedi
Tue Nov 06 17:40:02 +0000 2018	let justice prevail khashoggi kill crown Prince order kill face justice
Thu Nov 08 19:22:24 +0000 2018	demand justice assisination Jamal Kashaoggi MBS admit remain
Tue Nov 27 10:57:01 +0000 2018	Turkish border guard kill wife
Tue Nov 27 10:46:19 +0000 2018	fate Yaasmi
Sat Nov 10 09:17:08 +0000 2018	think Gazi Mustafa Kemal give independence Turkish nation Turkey common country lose Ottoman Empire capable leadership Turkey prosperous prosperous state create respectable position
Tue Dec 04 22:24:38 +0000 2018	Decision Supreme Court Republic Korea Confirm Exist Judgment Japanese Company （ Statement Foreign Minister Taro Kono）｜Ministry Foreign Affair Japan（29th November 2018 ）
Wed Dec 12 15:10:07 +0000 2018	corporation abet genocide Erdogan say expel 1/3 million people Afrin basis ethnicity million
Sat Dec 08 21:26:19 +0000 2018	Ethnic genocide Mass kill Woman right violence Attack2funeral Illegal execution Theft&amp extortion Burn book docs destruction hist artefact Faith center destruction Kidnapp / kill 10 children&gt hostage 11 Deliberate Fire / explosion
Sat Nov 24 03:34:11 +0000 2018	Btw meet sideline summit
Fri Nov 30 01:36:56 +0000 2018	Welcome Argentina Welcome G20 🇦 🇷 🌎 🇹 🇷
Sat Dec 01 11:14:19 +0000 2018	Trump cancel meet
Tue Dec 11 05:27:06 +0000 2018	hello sir akmal muslim malaysia want ask ur concern ughyur ethnic China possibility action protect discrimination pleasure message Thank lot sir Allah bless ur country
Sun Dec 09 13:24:58 +0000 2018	Turqui wsas ictim adolf ogi past swiss president gang stomac cancer ulcerr loose blood order fur shoe underwear model kidnapps kill blood
Sat Nov 10 17:58:54 +0000 2018	Hold press conference Esenboğa Airport depart President say today work establishment peace calm region past
Tue Dec 11 09:07:52 +0000 2018	inform algeria minister helbani gang crude sylvestger stallone arledtte fritsch kill moskow fresh human ells brain injection 1300killerd arlette friotsc dr carlos fritsc stallone gang
Wed Nov 07 21:03:28 +0000 2018	hello prisedent know kind hearted person help save family
Sun Dec 02 06:02:26 +0000 2018	good relationship Turkey get good President meet President sideline summit
Sat Nov 24 07:52:32 +0000 2018	kill African tribe rouiller serge past president family kill opposition tribue
Tue Dec 04 22:29:56 +0000 2018	Korea Long History Trafficking Woman — Even Japanese Come JAPANForward （ 25th November 2017 12 15
Thu Dec 06 13:44:41 +0000 2018	Loss economy support Salman son worth new 9/11 loss
Wed Nov 21 18:26:01 +0000 2018	Turkey remain Great Turkey join Israel defeat Russia & amp Mullahs Friend Turkey
Thu Nov 29 16:10:23 +0000 2018	President Buenos Aires attend G20 Summit
Mon Dec 03 19:21:26 +0000 2018	video Turkey dictator deny unpunished crime commit party racist killer name Video G20 summit Argentina
Mon Dec 03 04:46:46 +0000 2018	Allah protect Sir Muslim leader strive protect Ummah
Sun Nov 25 12:44:34 +0000 2018	great Muslim leader love Mr Tayab Erdogan lead Muslim Muslim Block visa border currency
Sun Nov 25 21:15:20 +0000 2018	iranian kaviar go port kill hold deasapear switzerland bagi gang marx eat caviar 110 jear old
Sat Dec 08 18:26:51 +0000 2018	West wall security welfare start shake migrant Muslims citizen
Thu Nov 08 15:02:29 +0000 2018	need month visit Japan Turkey season Allah kind heart ability visit Japan drainage clean koi fish swim freely rest life like private pond aquarium home
Sun Dec 02 01:18:03 +0000 2018	Canadian involve Counter Terrorism good heart believe right Khashoggi kill Mohammed bin Salman Prince murderer
Fri Nov 30 17:56:52 +0000 2018	G20 Leader Summit Kick Argentina
Thu Nov 29 18:09:51 +0000 2018	Erdogan false thief support terrorism kick
Sat Nov 10 12:28:44 +0000 2018	2023 goal signify determination world advanced country term economy democracy
Fri Nov 23 12:21:04 +0000 2018	like help save child save
Wed Nov 28 02:46:02 +0000 2018	Almighty Allah swt bless great Leader protect way
Wed Dec 05 08:01:34 +0000 2018	Leader lead tell like puppet
Tue Dec 11 08:37:33 +0000 2018	hemoroid lose blood plane travel kidnapped moove boss syle4vester stallone attorney merz denisw kurt debeta kenedy safe kidnapper barry goldwater kidnapper notarized jamel jegen no0tary de isle
Thu Dec 06 10:53:01 +0000 2018	intelligence Trem Build country economy aid blackmail Gulf prince fragile building relation
Tue Nov 27 12:04:13 +0000 2018	Turkish border guard kill wife ؟ ؟ ؟ ؟ ؟
Sun Dec 02 11:34:38 +0000 2018	Khasshogi soul haunt forever Kudos unequivocally raise issue G20
Mon Nov 26 04:28:32 +0000 2018	invest country economy collapse stupid invest country like
Fri Nov 09 17:59:36 +0000 2018	President receive Chairman Presidential Council Libya Fayez Al Sarraj Vahdettin Mansion ht …
Fri Nov 09 15:25:49 +0000 2018	President receive Chairman Presidential Council Libya Fayez Al Sarraj Vahdettin Mansion
Sat Dec 01 23:17:59 +0000 2018	like dog bone Slow roasting spit roast BS SA
Tue Dec 04 16:22:50 +0000 2018	dear sir respect sir love turkey Turkey vry beautiful country
Wed Dec 12 17:57:39 +0000 2018	Erdogan see true owner Turkish racist islamist like ally Idlib al Kaida Turkish government openly racist Turkish pride Europe shame
Sun Dec 09 17:25:14 +0000 2018	willy wimmer member german goverment say „ helmut kohl chancellor germany didn want moslem country europe 45 07 45 22
Tue Dec 04 11:44:03 +0000 2018	experianced good estimate president hina port container come agriculture help seed iran china china tourist watsch rob bery hav een month jear jail vsurveillian
Mon Dec 03 04:19:23 +0000 2018	genocide order Arab Iranian Afghani Pakistan Armenia Georgia Turk Kurd Yazidi Jew Black German French&amp Spanish Order genocide sign Queen Elizabeth clear Middle East Europe Africa&amp South America occupant create new Britain
Wed Nov 28 01:10:10 +0000 2018	meet G20 amid fallout
Fri Nov 30 20:27:55 +0000 2018	Lady Erdoğan attend official event G20 leader spouse
Wed Dec 05 09:25:44 +0000 2018	Thank people Turkey host
Mon Dec 03 22:34:34 +0000 2018	gp order army malek kidnap steal ming sell china museum accuse astrid bek senator rain china jail run away payment guaranty
Wed Nov 21 16:35:23 +0000 2018	President Erdoğan civilization custom form backyard colony welfare build people suffering blood labor underground richness doom fall piece soon later like glass palace
Wed Nov 21 17:11:43 +0000 2018	eu link common purpose
Sun Dec 02 18:16:24 +0000 2018	trailer trash consider fuck terrorist shit brain filth
Mon Dec 10 18:58:50 +0000 2018	successor great Empire peace great ottoman Empire feel pain muslim brother humanity love leader live long ⚔ 🇵 🇰 🇹 🇷 ⚔ ✌
Wed Dec 05 01:48:49 +0000 2018	ahead spend good journey politics career life respect Deen Islam incoming day dua Allah happy family member Allah solve country problem Allah progress day night family
Wed Dec 05 15:03:36 +0000 2018	go question crime USA & amp diplomat kill citizen Islamabad Pakistan
Wed Dec 12 11:35:18 +0000 2018	Tell victim loot rape turkish back mercenary plenty proof turkey worsen situation
Sun Dec 02 16:11:25 +0000 2018	work place exceptionell good morality oinvite endress hauser exceptionell good und president erdogan
Sat Nov 24 11:21:55 +0000 2018	demiere silvia power attorney senator rain kill
Thu Nov 22 11:54:43 +0000 2018	Turkey try stop bloodshed Syria crisis break discrimination rush help Syrian brother sister Today past Syrian brother sister suffer nosebleed
Tue Nov 27 07:40:48 +0000 2018	arrest bar key throw away forever
Wed Nov 21 20:13:00 +0000 2018	Bitch cause problem join Serpent & amp empower Mullah
Mon Dec 10 11:18:04 +0000 2018	President Europe security welfare shake Muslim immigrant Europe people
Fri Nov 23 23:29:14 +0000 2018	think fool easily main reason choose kill Mr khashoggi Turkish soil Dear President kind good man muslim Othman gov need revenge saudi gov let Turkish dignity
Tue Dec 04 12:29:20 +0000 2018	Have look good ruin Turkey Venezuela style seriously wannabe dictator like Erdogan pay visit actual dictator like Maduro earth interact pariah like
Tue Dec 04 22:48:38 +0000 2018	China Step Effort Demonize Japan Canada｜Miroslav Marinov［a Toronto base writer blogger translator］（4th October 2018 18
Tue Nov 27 09:12:10 +0000 2018	Look like Democrat Soros Clinton Obama come Erdogan Turkey operate remember Libya divide Country destroy Soros use money Democrat follow like little minion
Wed Dec 05 05:20:27 +0000 2018	Plz good relationship country Pakistan
Fri Nov 09 13:12:56 +0000 2018	NOTE HF ACID DISSOLVE FLESH MATTER STRONG MINIMAL IMPACT SKIN NEED LOOK SODIUM HYDROXIDE DRAIN CLEANER LARGE QUANTITY DISSOLVE BODY POOL LIQUID
Sat Nov 24 12:02:34 +0000 2018	help support come Turkey invest mean
Mon Dec 10 14:57:47 +0000 2018	know Democracy hate Maybe invent Greek
Wed Dec 12 12:20:03 +0000 2018	nice person
Tue Dec 04 06:18:22 +0000 2018	Lady Erdoğan attend ceremony delivery TİKA wheelchair ambulance aid Paraguay
Tue Dec 04 22:34:57 +0000 2018	Asahi Shimbun Blocks Access Article Retract Comfort Women Story JAPANForward （ 11th September 2018 11
Wed Nov 07 07:00:06 +0000 2018	incident Eastern Mediterranean Aegean show Naval Force strong unit allow initiative aim render impossible Turkey set foot sea
Sat Dec 01 18:43:06 +0000 2018	congratulations beat MSb kill order kill country kill people country
Tue Nov 27 10:39:07 +0000 2018	Good opportunity settle Qatar Yemen Syria Muslim Brotherhood
Mon Nov 26 15:35:24 +0000 2018	Let Forget Bermuda Triangle Trouble & amp Agree Meet Deal BURY Evidence Pre Meditate Abduction Torture Death Dismemberment & amp Dissolution Body Want & gt
Sat Dec 01 20:36:54 +0000 2018	killing wasn discussion say reveal leader raise matter
Sat Dec 01 21:08:07 +0000 2018	Attend meeting President President Pm
Mon Nov 26 13:12:29 +0000 2018	plan
Wed Nov 07 11:35:18 +0000 2018	Dear President Resul Kılınçarslan 24 year old Physically Handicapped High School Graduate Current Score Ekpssden Prepare University Foundation
Sat Dec 08 09:34:06 +0000 2018	appear magnet radical nut head religious zealot Islamist regime President
Wed Nov 21 16:33:43 +0000 2018	Mr President salute Nigeria able lead Muslim ummah carry
Sat Nov 24 13:18:07 +0000 2018	approach truck driver Kontrol truck fur dive border return truck
Fri Nov 09 05:29:56 +0000 2018	Develop Lake Van line Lake Como Italy attract Million Tourist
Thu Dec 06 11:58:38 +0000 2018	need change son Salman American spring occur America
Fri Nov 23 01:07:57 +0000 2018	Health Food Policy Council convene chairmanship President Çankaya Palace Ankara
Mon Dec 03 10:02:07 +0000 2018	asalam 3likum hope Allah grace hero ummah request expand operation kurdish area finish terrorist هجين place
Wed Nov 28 09:44:56 +0000 2018	President Erdoğan right narrow boundary brotherhood Islam draw Lord Prophet believer place heart Muslim Ummah billion people humanity
Wed Nov 28 18:44:35 +0000 2018	decision guy
Mon Dec 10 13:55:44 +0000 2018	President lecture country democracy human right freedom
Thu Nov 08 14:16:12 +0000 2018	team find evidence HF acid local Saudi Consulate sewer nearby chemical dissolve flesh matter concentration
Fri Nov 09 17:35:48 +0000 2018	time stop look sample need collect analyze find chemical dissolve human animal body HF Acid CHEMICAL
Wed Nov 21 14:48:34 +0000 2018	European scandal False narco state Kosovo introduce Nazi fee 100 Serbian food product European Union silent Mogerini Merkel Macron Erdogan support Nazi fee
Tue Nov 27 01:42:04 +0000 2018	Hon ble ENABLE FOLLOW & amp EQUALITY AURA ENHANCE GDP TRILLION & amp HOLD SOLUTION Inconvenience cause deeply regret BRgds
Sat Nov 24 22:59:52 +0000 2018	Tell invest
Sat Dec 01 23:54:27 +0000 2018	find legal solution Saudi believe gossip proof Believe Allah justice good conflict Saudi remove union ummah 73 need don trust owner terroristPKKs
Sat Dec 08 23:29:52 +0000 2018	dream meet Recep tayyip Erdogan hard Like man fotlr sake allah allah protect mr Erdogan
Sun Dec 09 20:20:39 +0000 2018	good evening Mr Erdogan believe adalet don want people Turkey happen Today visit country Turkey man beit son push people
Fri Nov 23 16:55:03 +0000 2018	historical Constantinople second stop stupidity Aegean go seriously like take seriously Trump joke
Sun Dec 09 17:25:01 +0000 2018	6/6 current example nazism german state
Fri Nov 23 18:12:00 +0000 2018	al mulle moskow victim lynx coat re4are fur coats moskow victim Makler lausanne gang shavi9ng Feet cream sexual part gel rape woman refuse t6o sign family live insurance
Mon Nov 26 21:29:15 +0000 2018	treat Christian
Wed Nov 28 16:53:41 +0000 2018	tel conversation inform audacious act aggression Russian Fed Ukraine water Kerch Strait action Ukraine response particular introduction martial law regime Agree Recep Tayyap Erdogan raise issue
Wed Dec 12 07:34:15 +0000 2018	jewlery shop ölas vegas gettin apparantely 1million night sale resolve attorney rufi partner oberwil bl greedy way friendly way faverge gang fakle marry divorse morepark tojegen jamel delevaux
Thu Nov 29 13:26:37 +0000 2018	address
Tue Nov 27 18:17:11 +0000 2018	President visit South American country Argentina Paraguay Venezuela Nov 30 Dec
Thu Dec 06 14:24:51 +0000 2018	Asslamu Alaikum sir
Fri Dec 07 14:06:23 +0000 2018	milk die cow
Sat Nov 24 13:57:09 +0000 2018	Deliver speech closing ceremony MUSIAD EXPO President say help support come Turkey invest mean
Wed Dec 12 08:40:20 +0000 2018	kopy trump 12 komplice hire inside intern ational want heroin blood loose gang handicap foundation alain blance attorney
Tue Dec 11 08:43:44 +0000 2018	car radio seller kill car owner drive trough switzerland foreign buy car radio lthe staff stallone attorney loose blood sit hemoroide stomac cancer lung cancer check sylvester stallone si
Sun Dec 02 20:37:17 +0000 2018	Ethiopia Arab country America want Somalia exist Somali leader wake late trust Turk brother want help sincerely stand foot
Wed Dec 12 11:19:02 +0000 2018	America terrorist country arm terrorist syria kill million civillian syria Turkey wabts peace region unlike america america want petroleum israel state syria go happen
Wed Dec 12 11:20:47 +0000 2018	America terrorist country arm terrorist syria kill million civillian syria Turkey want peace region unlike america america want petroleum israel state syria go happen
Sat Nov 10 12:34:13 +0000 2018	need action word
Sat Nov 24 20:07:54 +0000 2018	humanitarian moral decision lift ban
Wed Nov 28 22:46:36 +0000 2018	situation china
Tue Dec 11 22:52:50 +0000 2018	way treat political opponent
Tue Dec 04 00:23:51 +0000 2018	leave country welcome overwhelming number Venezuelan help launder money criminal mafia cause havoc starve million Venezuelan
Tue Nov 27 09:25:16 +0000 2018	good special toTurkey Qatar friend ship well all 😇
Thu Nov 29 03:29:07 +0000 2018	decision time Turkey Trump Putin
Mon Dec 10 20:43:30 +0000 2018	right Turkey survive great country great leader good nation
Fri Nov 09 10:08:29 +0000 2018	correct
Wed Dec 05 17:29:12 +0000 2018	hello nice meeting person sir ask reasonable question
Thu Nov 08 17:57:05 +0000 2018	take revolutionary step social integration disable people
Sun Nov 25 14:38:52 +0000 2018	Aslam alikum sir good leader request come tea home pleasure Pakistani 🙏 🙏 🙏
Sat Nov 24 12:18:28 +0000 2018	sir Assalam
Tue Dec 11 09:06:12 +0000 2018	blood anus mouth nose attorney denis medrz dan bally moser bagi brain cell fresh cell silvester stallone staff abbou lie belong 17 algeriaqmn MOROCCO TUNESIA WANT FARID CHELBANI RELATION SHIP ASK ALGERIAQN PRESIDENT FARID CHEL
Sat Dec 08 16:35:55 +0000 2018	hear turkey power muslim country help rohingya muslim turkey pakistan saudia arabia muslim silent people kill sister mother rape indian army help
Sat Dec 08 16:39:15 +0000 2018	hear turkey power muslim country help rohingya muslim turkey pakistan saudia arabia muslim silent jammu kashmir people kill sister mother rape indian army help
Wed Nov 28 19:58:54 +0000 2018	dispute arise Russia Ukraine ment Conceal murder Journalist jamal kashoggi turn medias eye conflict Russia Ukraine Abd play Trump worry fall Kingdom
Sun Dec 09 20:24:13 +0000 2018	happen bursa people strange country come visit Oman live Muscat tell animal beit son say Arab people animal sorry sir
Wed Dec 12 14:01:48 +0000 2018	Abandon secular nationalism establish Khilafah Ummah Muhammad see creator heaven earth Allah swt please
Tue Nov 27 18:41:07 +0000 2018	Assalmualaikum Mr Pres Allah swt Grand pray good trip thank
Mon Dec 10 12:02:18 +0000 2018	basel port aport killer kidnapper gang
Thu Dec 06 00:02:08 +0000 2018	Venezuelan citizen learn speak Chinese Russian Turkish language easy
Tue Nov 27 02:03:51 +0000 2018	Mashallah true friends4 ❤
Sat Nov 24 11:57:58 +0000 2018	Olympic Game Fifa avoid putin attorny common tribune usinedss connection separate surveille use Fifa Olympic Game fraud credit card robbery Tim nabil malek
Sat Nov 10 00:47:02 +0000 2018	transform link Pan beautiful landscape tourist destination carve Lakeside Road kiosk resort Garden park promenade build Villas
Sun Nov 25 05:11:58 +0000 2018	Indian muslim trouble good leader Like Arab watch indian news channel voice indian Muslim
Mon Nov 26 13:13:58 +0000 2018	order message sample
Mon Nov 26 12:05:40 +0000 2018	kill mongoleia truibue family tsteal tent horse laude muller sell exibition collecter kidnapped stuff china order white caviar seller gang
Wed Nov 21 15:48:55 +0000 2018	Hello miracle exist cure sort disease spell sort contact email genuine answer lot husband help Email capitalcure com / hangout drzanziba com
Sat Nov 10 06:46:29 +0000 2018	GDP get 909 Billion Dollor 2018 / September November/2018 714 Billion Dollor happen economy
Mon Nov 26 23:03:29 +0000 2018	4th meeting Turkey Qatar High Strategic Committee hold attendance President Qatari Emir Sheikh Tamim bin Hamad Al Thani Istanbul Follow meet Turkish Qatari minister sign strategic cooperation protocol
Sat Nov 10 12:03:14 +0000 2018	sample need take analysis need HF Acid matter pure DISSOLVE FLESH
Sat Nov 24 10:25:18 +0000 2018	bitcoin beg btc register site wouldn dime Bitcoin Wallet Blockchain good news 030btc 23btc 036btc 26btc 060btc 47btc sapp +13232379702
Sun Nov 11 00:21:45 +0000 2018	today work establishment peace calm region past
Mon Dec 03 02:42:09 +0000 2018	Good
Tue Dec 04 21:25:39 +0000 2018	crush aka cow muter drinker 🐄 🐄 🤣 🤣 love power 🙏 💓 💓
Wed Nov 28 08:32:33 +0000 2018	IA AIR ALGERIE DAMMAQGED PLANE OFFR GAZ GRILL
Thu Nov 29 14:00:39 +0000 2018	plane crash emercancy sea eat shark
Sun Nov 25 19:35:51 +0000 2018	RATHAUSGASSE 584410 LIESTAL SWITZERLAND IBAN HESAP CH2880773000000622053 150 000 000 00 Kurumu Alimi
Mon Dec 03 12:47:47 +0000 2018	Rise Indonesian Muslim 🇲 🇨
Thu Dec 06 17:54:14 +0000 2018	BULANDSHAHAR VIOLENCE Thank Goodness BJP offshoot RSS GRD Great Proponent ADITIYANATH YOGI Cow animal turn MOTHER COW thousand year ago 21st Century Reverered Biological Mother responsible
Fri Nov 30 00:51:58 +0000 2018	good
Tue Dec 04 06:56:56 +0000 2018	Good Mr president
Wed Dec 12 10:40:41 +0000 2018	Good luck
Mon Dec 10 11:08:38 +0000 2018	Sir lot love pakistan Waiting rule usmania ALLAH shower blessing
Fri Nov 23 18:34:07 +0000 2018	need help come forward
Sat Nov 24 11:52:17 +0000 2018	Plz come Pakistan
Wed Dec 12 07:34:21 +0000 2018	want establishmemnnt part reason arn morepark marriedoutmarriage divorsed ownership establishment
Tue Nov 27 01:36:20 +0000 2018	CHIT BLINDFOLD little kid see BEAT know joke caption know REASON beat
Wed Nov 21 17:00:20 +0000 2018	President address 43rd mukhtar meet presidential complex
Tue Nov 27 14:10:05 +0000 2018	need smoke order
Sat Dec 01 21:51:47 +0000 2018	⁦⁩ row fellow ⁦⁩ analyst ⁦⁩ ⁦⁩ press conference
Wed Dec 12 03:22:14 +0000 2018	Matter Grave concern need address save oppress people China
Mon Nov 26 17:24:56 +0000 2018	Journalist dissolve chemical HF Acid identify soften bone leave flesh untouched Exposure mean AMPUTATION affect body action progressive
Tue Dec 04 18:24:52 +0000 2018	Good mr Racep ordogaan
Wed Nov 07 15:48:54 +0000 2018	new plan make agree murder
Sun Dec 09 13:29:27 +0000 2018	call dragula tthey copy metal dent kill bite model milano roma model agency get turk arn 70 insure sugar kidnapper divorse muller steal Dornach mariage order paper falsify fgill falsify fingerprint passport
Thu Nov 22 17:37:20 +0000 2018	push make threat watch country fall apart
Wed Nov 28 10:17:08 +0000 2018	waste Turkey time today notting happen islamic country
Mon Dec 03 11:58:15 +0000 2018	ISTANBUL Somalia need better address medium representative say senior official Turkey lead news agency Sunday need well tackle Somalia foot say Mutanoglu deputy director general chief editor Anadolu Agency
Sun Dec 09 05:42:09 +0000 2018	Good speech Turkish lady
Wed Nov 21 16:24:05 +0000 2018	President Erdoğan chair Health Food Policy Council meeting
Tue Dec 11 09:11:44 +0000 2018	million jear tratment fresh brain cell atgtorneys kill brain cell inject attorny dr carlos fritsc fresh brain ell liient debeta kurt lients silvester stallon attornery staff
Sat Nov 10 13:40:24 +0000 2018	President speech commemoration ceremony Ghazi Mustafa Kemal Atatürk 2023 goal signify determination world advanced country term economy democracy
Tue Nov 27 10:57:12 +0000 2018	Invest 1000usd bitcoin 4000usd 2weeks triple bitcoin miner DM contact bicharddomnic com whatsapp +13237445238
Thu Nov 29 07:16:46 +0000 2018	good trip well wish
Fri Dec 07 09:04:53 +0000 2018	Good morning hypocrite
Wed Dec 05 10:37:40 +0000 2018	aoa dear tayyab sb grant chance live chance meet member jamat islami Pakistan honest person master chemistry wait
Wed Nov 28 22:51:37 +0000 2018	disgusting people twitter pretend Turk try ruin Turkey make horrific comment Islam unprovoked Turkish Twitter help stop madness Stop person impeachorangeman crazy
Sun Nov 25 21:11:11 +0000 2018	iranian kaviar go export port kill truck bagi marx gang reason want 110 jear old eat daily expensiv iranian kaviar
Sat Dec 01 11:33:03 +0000 2018	want Call Palestine & amp Kashmir barma syria lose find Muslimine umah
Sat Nov 10 12:27:16 +0000 2018	That s short time good
Fri Nov 23 15:37:03 +0000 2018	know Arab nation advise shall forever peace
Wed Nov 07 13:21:21 +0000 2018	Assalam Alikum peace sir hear news turkey go produce local health care product suggest remove patency anticancer drug India reduce cost treatment bost economy
Wed Dec 05 09:17:46 +0000 2018	Insha Allah Egyptian live Turkey hope Turkey country forever
Wed Nov 28 23:06:19 +0000 2018	strong respect Turkey border overextend Constantinople belong Europe
Tue Dec 04 13:02:57 +0000 2018	Good luck Turkey Love prayer Pakistan
Sun Dec 09 17:24:37 +0000 2018	4/6 Germany lot terrorist pkk feto dhkp al qaida isis know terrorist 9/11 come germany
Fri Nov 30 12:04:49 +0000 2018	hi erdogan dollar i ve germany crime szen lose jassir arafat family sadam hussain fpund lose child
Sat Dec 08 23:18:36 +0000 2018	Today Turkey panel discussion organize Turkish Presidency Directorate Communication hold Dec 12 London Title Turkey Role Change Middle East event fourth Today Turkey panel discussion series
Tue Nov 27 08:12:11 +0000 2018	Soros like plage push country bankrupty gain gamble country people
Sun Dec 02 16:09:48 +0000 2018	oinvite endress hauser exceptionell good und president erdogan
Mon Dec 10 17:38:26 +0000 2018	Right Sir Allah almighty bless country man salute effort Ummah
Sun Nov 25 21:47:46 +0000 2018	1400 kg month psoriasis bath retraite populaire insurance broker farid chelbani spsoriasis friend
Wed Dec 12 15:15:48 +0000 2018	fuck jihadi
Sun Dec 09 07:57:43 +0000 2018	don want country shouldn want EU cage poverty
Mon Dec 10 16:23:16 +0000 2018	want traval turk good contiation
Sat Dec 01 20:36:05 +0000 2018	meet frankly
Wed Nov 28 00:46:08 +0000 2018	ca nt understand Turkish know speak beloved Prophet Hazrat Muhammad Beautiful speech beautifully deliver Love Pakistan Mr Rajab Ordugan honest brave leader love nation
Tue Dec 04 16:29:39 +0000 2018	Erdo have affair Venezuela Tyrant ain guy syrian regime supporter drama 2012 lie care Syrian Tyrant like alike
Mon Nov 26 23:24:48 +0000 2018	Turkey Qatar repeatedly show true friend
Tue Dec 04 20:54:07 +0000 2018	31 Mart ent
Mon Dec 10 10:38:17 +0000 2018	check immigrant deasapear switzuerland
Sat Nov 10 17:38:27 +0000 2018	commemorate mercy Ghazi Mustafa Kemal Atatürk Chief Commander Independence War President 80th anniversary pass Ghazi Mustafa Kemal extend gratitude martyr veteran pass eternity
Tue Nov 27 04:35:14 +0000 2018	good thing expect Islam
Sat Dec 01 02:05:27 +0000 2018	🇹 🇷 President meet 🇨 🇳 President Xi Jinping leader meet time year
Wed Nov 07 05:29:50 +0000 2018	listen speech Urdu proud good Muslim
Thu Nov 08 14:17:12 +0000 2018	Let game begin
Sun Nov 25 21:21:47 +0000 2018	wash caviar joung skin
Wed Dec 05 09:57:53 +0000 2018	Great request great dream Egyptian citizen live Turkey family hope meet Mr President hope Turkey country forever
Mon Dec 03 17:40:43 +0000 2018	Good evening meet president Egyptian man live Turkey family
Mon Nov 26 19:22:16 +0000 2018	say meet ☺ ️ ☺ ️
Sat Nov 24 13:33:13 +0000 2018	security Damian roten property insurance broker truck killer
Wed Nov 28 16:08:21 +0000 2018	Yee Haw em Cowboy eat dirt
Sun Nov 25 21:11:52 +0000 2018	iran president inform sin 2000 kill iranian kaviar fruck
Sat Nov 10 01:13:09 +0000 2018	Love well wish President good people Long Live Turkey people
Thu Nov 22 11:45:38 +0000 2018	ll blood stain hand Syria
Sat Nov 10 06:25:25 +0000 2018	filthy mouth national embarrassment
Sun Dec 02 21:15:31 +0000 2018	example Muslims leader Love TayyipErdogen ALLAH shower blessing ur family friend country people Allah protect evil strength fright Ameen Suma Ameen
Thu Nov 08 19:50:07 +0000 2018	Speak ceremony mark start new academic year Health Science University President say area field healthcare longer imitate look
Sat Nov 24 03:30:49 +0000 2018	don understand Turkish like post Mr Erdogan Post think unlike Long Live Mr Erdogan Turkish like wounderful Leader like country
Fri Dec 07 13:56:44 +0000 2018	determine let People Alliance disrupt
Sun Dec 09 13:23:39 +0000 2018	human killer game consider tghis loosing morning mouth anus urin anatorklia start brasil soya porc soya braziuil check wich country brasil soya NEED ASSISTANCE LAUSANNE LOUIS BAGI ANDCLUB MED SWIRTZERLAND
Fri Nov 23 18:18:56 +0000 2018	& amp Xi Jinping
Sat Nov 10 11:43:17 +0000 2018	don Khashoggi Tape use effectively Pentagon ask HELL Assad Syria
Sat Dec 08 08:04:27 +0000 2018	help hepatitis gang kill de shedit movie maker family make dragula druide ceremony boss abbou lie louis bagi lest victimms course lung cer moskow blood smoking cancer
Thu Nov 08 17:57:17 +0000 2018	President Erdoğan Turkey continue defend right interest Crimean Tatar irrespective live Crimea leave region follow occupation
Sat Dec 08 08:07:41 +0000 2018	help hepatitis gang kill de shedit movie maker family make dragula druide ceremony boss abbou lie louis bagi lest victimms course lung cer moskow blood smoking cancer LUNGEN CANCER
Sat Dec 08 08:06:29 +0000 2018	help hepatitis gang kill de shedit movie maker family make dragula druide ceremony boss abbou lie louis bagi lest victimms course lung cer moskow blood smoking cancer LUNG CANCER
Tue Dec 04 11:43:24 +0000 2018	kidnap gang navy fuel usa delegation china get rolex hold condamed wor wactch hold know worldwide governmen ts miss knowledge adviser difficult situation
Sat Dec 08 08:09:53 +0000 2018	help hepatitis gang kill de shedit movie maker family make dragula druide ceremony boss abbou lie louis bagi lest victimms course lung cer moskow blood smoking cancer LUNG CANCER DRUIDE RHEY CEREMONY
Thu Nov 29 13:34:45 +0000 2018	check worldwide boutique garuda faverge lausanne stamp gertrud muller send vergotten gertrud muller hotel follower inside aviation destroyer terroristr get fake identity read send hedr behalf alias de roosa arlette
Tue Dec 04 05:55:35 +0000 2018	Lady Erdoğan attend ceremony equipment delivery Dr Ricardo Gutierrez Children Hospital Argentina
Fri Nov 30 04:23:47 +0000 2018	Welcome President 🇹 🇷 arrive Argentina participate 🇹 🇷
Mon Dec 10 17:18:19 +0000 2018	Presidential Communication Director Saudi Arabia refusal extradite suspect killer journalist Jamal Khashoggi disappointing
Wed Dec 12 16:58:14 +0000 2018	determine turn east Euphrates peaceful livable place true owner
Mon Nov 26 19:08:19 +0000 2018	Turkish President Turkey Qatar support hard time prove true friend time
Tue Dec 04 11:13:05 +0000 2018	continue high level Turkish State historian speak 100 year high time responsible repair crime
Sun Dec 02 01:25:01 +0000 2018	⁦⁩ say interest harm Saudi Arabian state Saudi royal family believe bring light aspect murder prosecution perpetrator interest Saudi Arabia
Fri Nov 09 18:10:33 +0000 2018	President Recep Tayyip Erdoğan issue message 80th anniversary pass Ghazi Mustafa Kemal Atatürk commemorate respect Ghazi Mustafa Kemal founder Republic 80th anniversary pass eternity
