created_at	text
Tue Nov 06 19:22:48 +0000 2018	Great Turkey tripple power year catch world clean energy Turkey wind energy country position 2019 help reduce pollution soon
Tue Nov 27 09:39:06 +0000 2018	Energy Min concrete step utilize geopolitical position energy trading hub
Fri Nov 23 01:07:57 +0000 2018	Health Food Policy Council convene chairmanship President Çankaya Palace Ankara
Fri Nov 30 07:01:11 +0000 2018	Turkish President Turkey nation address challenge face global economy week G20 summit Argentina
Wed Nov 28 21:43:47 +0000 2018	president say wide range challenge global economy face discuss meet president say discuss Manbij issue counterpart Trump Argentina
Wed Nov 21 16:08:38 +0000 2018	TurkStream project historic proportion energy geopolitics region
Wed Nov 07 13:21:21 +0000 2018	Assalam Alikum peace sir hear news turkey go produce local health care product suggest remove patency anticancer drug India reduce cost treatment bost economy
Tue Dec 11 11:30:45 +0000 2018	💚 🌷 Bismillah Ask Allah Almighty protect long healthy life service footstep HabibAllah ❤ ️ 🌹 🌹 🌹 ❣ ✨ 💙 🙏 Ameen ya Rabbal Alameen al Fatiha
Wed Nov 21 16:08:49 +0000 2018	President Erdoğan TurkStream project historic proportion bilateral relation energy geopolitics region exert great effort Russian friend
Thu Nov 29 11:06:33 +0000 2018	discuss G20 meeting challenge global economy face
Mon Nov 26 12:44:42 +0000 2018	Speak International Symposium Drug Policy Public Health President say act uncompromisingly drug dealer steal child health terrorist organization send young people death
Thu Nov 08 19:50:07 +0000 2018	Speak ceremony mark start new academic year Health Science University President say area field healthcare longer imitate look
Tue Dec 04 11:44:03 +0000 2018	experianced good estimate president hina port container come agriculture help seed iran china china tourist watsch rob bery hav een month jear jail vsurveillian
Wed Nov 28 21:29:24 +0000 2018	delevaux fake common wealth passport expire gertrud chantal muller add muller delevaux fake car number switzerland kill ernst muller lizern kidnap louis bagi seller boss killer boss sattlit map usa water place wait poision water
Sat Nov 24 11:06:01 +0000 2018	progress Turkey achieve 16 17 year strike example far nation come join hand work hard period country grow annually despite global financial crisis coup attempt
Wed Nov 21 16:24:05 +0000 2018	President Erdoğan chair Health Food Policy Council meeting
Wed Nov 21 15:10:55 +0000 2018	need improve organisation Airline continue ignore valid case law cite claim August negligible lack duty care & amp unreasonable service flight Public WARN deeply FLAWED airline & amp operation Justice require
Sun Dec 02 16:11:25 +0000 2018	work place exceptionell good morality oinvite endress hauser exceptionell good und president erdogan
Wed Nov 07 06:56:41 +0000 2018	President Erdoğan Istanbul Airport go service European air space need restructure Istanbul major transfer hub greatly change intercontinental flight route
Thu Dec 06 00:51:18 +0000 2018	promote world peace fair distribution energy urge humanity
Tue Dec 04 08:33:45 +0000 2018	Speak Turkey Venezuela Business Forum alongside Venezuelan counterpart Nicolas Maduro President say need increase Turkey export Venezuela need trade stable sustainable
Wed Nov 07 12:12:33 +0000 2018	Turkey get advanced health tourism pass year
Sat Nov 10 09:04:37 +0000 2018	Good morning sir Good workable prisoner exchange Transcript speech deliver delegation Conference
Wed Dec 05 11:30:56 +0000 2018	need lawyer & amp Ngo human right law social development education economy & amp technology stop defend & amp sponsor Zionist & amp fascist
Thu Nov 08 09:57:43 +0000 2018	adjust view nature environment life world long livable place
Fri Nov 23 23:29:14 +0000 2018	think fool easily main reason choose kill Mr khashoggi Turkish soil Dear President kind good man muslim Othman gov need revenge saudi gov let Turkish dignity
Wed Nov 21 14:48:34 +0000 2018	European scandal False narco state Kosovo introduce Nazi fee 100 Serbian food product European Union silent Mogerini Merkel Macron Erdogan support Nazi fee
Tue Nov 27 18:41:07 +0000 2018	Assalmualaikum Mr Pres Allah swt Grand pray good trip thank
Sat Nov 10 19:25:52 +0000 2018	President Paris attend commemoration 100th anniversary armistice end World War meet United Nations Secretary General António Guterres
Thu Dec 06 13:44:41 +0000 2018	Loss economy support Salman son worth new 9/11 loss
Wed Nov 28 21:29:52 +0000 2018	president say wide range challenge global economy face discuss meet
Mon Dec 10 23:32:09 +0000 2018	great leader world
Tue Nov 27 13:53:58 +0000 2018	Great Global Leader
Sun Dec 09 11:06:35 +0000 2018	HELLO offer good quality logo design related service reasonable visit order design
Mon Dec 10 23:36:27 +0000 2018	good speech world human right day
Sun Dec 02 06:02:26 +0000 2018	good relationship Turkey get good President meet President sideline summit
Tue Nov 27 00:40:46 +0000 2018	السلام عليكم President Erdogan need help conspiracy harm intelligence service information network mean Egypt Sudan muslim brother support true sufism way life whatsapp
Thu Dec 06 11:55:38 +0000 2018	American people change value justice order compliment Trump Ben Salman
Mon Dec 10 17:38:20 +0000 2018	love sir allah long life peace healthy
Sun Nov 11 01:41:27 +0000 2018	President visit Picasso Bleu et rise exhibition Paris Follow exhibition visit President Erdoğan attend dinner President Macron France host Orsay Museum honor foreign head state
Fri Nov 23 19:15:21 +0000 2018	escape Lebanon check chain producer Turqui 1989 heavy victim italy Florence leather
Wed Nov 28 17:01:53 +0000 2018	tel conversation inform audacious act aggression Russian Fed Ukraine water Kerch Strait action Ukraine response particular introduction martial law regime Agree Recep Tayyap Erdogan raise issue
Thu Nov 22 11:53:25 +0000 2018	Idlib question resolve line spirit Astana give rise pain new tension suffer Uphold principle agree Astana key find sustainable political solution Syrian crisis
Fri Nov 09 18:02:26 +0000 2018	President pay visit November 10 11 2018 attend commemorative event mark 100th anniversary armistice end World War invitation President Emmanuel Macron France
Thu Nov 08 20:05:39 +0000 2018	tell remember USA good world destroy humanlifes leader like Mr Erdogan Putin Xi Jinping Ram Kovind
Fri Nov 23 19:14:10 +0000 2018	ailed family member denounce kidnap messy geneva family members family member Airoport pick nabil malek mother escape Lebanon check chain producer Turqui 1989 heavy victim italy Florence leather
Mon Nov 26 10:21:25 +0000 2018	shearson lehmann lehman brothers oil credit line 500 mio steal son pierre alain marx tzo buy neuchatel chaux de fonds base supermarket chain ambassy bern fake visa falsify passport escape to0 kidnapp sherason lehmann leman brother attorn
Wed Dec 05 08:07:39 +0000 2018	approve atrocity disregard parameter global trade system
Thu Nov 22 23:04:32 +0000 2018	President Erdoğan attend Paris 100th anniversary commemorations armistice end World War
Tue Dec 04 22:07:27 +0000 2018	【 Agreement Japan Republic Korea Concerning Settlement Problem Regard Property Claim Economic Cooperation】（Wikisource ）
Sun Nov 11 02:55:15 +0000 2018	President arrive attend commemoration hold 100th anniversary armistice end World War
Tue Dec 04 13:33:18 +0000 2018	Strategically advantageous flawless position Global Historical Process
Sat Nov 10 00:47:02 +0000 2018	transform link Pan beautiful landscape tourist destination carve Lakeside Road kiosk resort Garden park promenade build Villas
Mon Dec 10 20:27:07 +0000 2018	Masha allah Almighty Allah bless Mr Erdogan peace healthy life
Sat Nov 10 14:39:44 +0000 2018	see good
Wed Dec 12 16:17:12 +0000 2018	Congratulations President Erdogan leadership inspiration country God bless Turkey health wisdom continue lead
Mon Dec 10 15:19:56 +0000 2018	Translation 17th large economy world fact place humanitarian aid lot money heart rich 🇹 🇷 love India
Sun Nov 25 19:56:56 +0000 2018	Ödeme Yürütme Yöntem / Metod execution payment Swift Transfer MT103 Finan Kurumu Alimi / Receive Financial Institute Isim /Name Swiss National Bank SNB Swift Kodu /Swift Code SNBZCHZZ XXX Son Kredit / Financial Creditt / Final Creditted Name / Isim RAIFFEISENBANK
Thu Dec 06 10:53:01 +0000 2018	intelligence Trem Build country economy aid blackmail Gulf prince fragile building relation
Fri Nov 23 19:13:53 +0000 2018	broker live insurance broker heritage trier fail family member denounce kidnap messy geneva family members family member Airoport pick nabil malek mother escape Lebanon check chain producer Turqui 1989
Sat Dec 08 10:35:57 +0000 2018	Good day Mr President Mr President help Army inshaAllah army fully mean appeal Kosovar Allah xh rehatlık versin
Thu Nov 08 05:50:13 +0000 2018	Turkey Istanbul Airport go service important transit hub north south east west ax Istanbul Airport connect 60 country 20 trillion economy vast area serve
Mon Nov 26 17:22:02 +0000 2018	Good continue search hope naturally degrade body part find little doubt search result hopeful result
Thu Nov 08 05:50:05 +0000 2018	President Erdoğan Istanbul Airport architecture construction operation financing project source pride Turkey set example world thank contribute huge project
Fri Nov 09 12:10:22 +0000 2018	Hi new gig need relate service message
Sat Dec 01 20:46:15 +0000 2018	Turkish President reiterate murder issue world Turkey
Tue Dec 11 03:11:23 +0000 2018	English translation 17th large economy world fact place humanitarian aid arise fact money rich heart rich
Sun Nov 25 05:11:58 +0000 2018	Indian muslim trouble good leader Like Arab watch indian news channel voice indian Muslim
Sun Dec 02 11:48:20 +0000 2018	President murder Saudi journalist Jamal Khashoggi issue Turkey world
Sat Nov 10 21:38:30 +0000 2018	President visit Picasso Bleu et rise exhibition Paris Follow exhibition visit President Erdoğan attend dinner President Emmanuel Macron France host Orsay Museum honor foreign head state
Fri Nov 30 11:38:23 +0000 2018	Luckily include elephant room Trump help solve urgent issue climate change suggestion equal allowance capita tradable require share planet want live
Sat Nov 10 18:58:29 +0000 2018	Guterre plan acceptable Turkish Cypriot slave win war 1974 agreement sign deal valid Greek United Nations forget 🇹 🇷 🇹 🇷 🇹 🇷
Mon Dec 10 11:18:04 +0000 2018	President Europe security welfare shake Muslim immigrant Europe people
Wed Nov 21 17:10:02 +0000 2018	watch msm uk cover learn common purpose take country benefit master eu eu want turkey wealth
Tue Dec 04 22:34:57 +0000 2018	Asahi Shimbun Blocks Access Article Retract Comfort Women Story JAPANForward （ 11th September 2018 11
Wed Nov 28 12:33:58 +0000 2018	statement publish follow meet National Security Council chairmanship President state Turkey allow fait accompli Syria use right self defense
Mon Dec 10 23:35:01 +0000 2018	great meritocratic leader public turkey
Mon Dec 03 02:42:09 +0000 2018	Good
Sun Dec 09 20:20:39 +0000 2018	good evening Mr Erdogan believe adalet don want people Turkey happen Today visit country Turkey man beit son push people
Fri Nov 30 00:51:58 +0000 2018	good
Tue Dec 04 06:56:56 +0000 2018	Good Mr president
Wed Dec 12 10:40:41 +0000 2018	Good luck
Tue Dec 11 01:36:27 +0000 2018	Great economy Humantarian aid close Humantarian Aid country face economy crisis donate Palestine
Mon Nov 26 11:34:06 +0000 2018	ap lou gutman clean oil credit line system mercure injection sure die jear later avoid visa supermarket les amourin kav iar white iran truck killer gang spsoriasis gang steal ton kaviar lausanne dr carlo
Mon Dec 10 08:49:01 +0000 2018	car exibition pasris dthe delevaux gang want coup order model porno animal sex alöl cut agin car salon gebneva paris exposer salon autom ob ile paris exposant
Wed Nov 21 16:08:47 +0000 2018	TurkStream Project transport 31 billion cubic meter natural gas annually advantage country nation neighbor plan transfer half natural gas transport Europe
Tue Dec 04 22:37:25 +0000 2018	［STATEMENT］ Asahi Shimbun Won Change Describe Comfort Woman JAPANForward （ 3rd August 2018 59
Wed Nov 21 16:23:49 +0000 2018	pursue policy base justice fairness conscience brotherly geography display stance issue include objection World big African policy Palestinian issue Al Quds Syrian crisis
Mon Dec 03 12:01:35 +0000 2018	Mutanoglu express happiness rebirth Somalia note country shift static self develop economy Turkey contribution [ development ] make happy say
Fri Nov 09 09:23:05 +0000 2018	Good nation path
Sat Dec 08 18:41:41 +0000 2018	Lady Erdoğan responsible life quality future generation today
Fri Nov 09 01:37:38 +0000 2018	sabah smile oda nature yagmur love call world lovely turkey Beach dag parks clubs universite heritage recall love
Thu Dec 06 11:39:02 +0000 2018	barbarism Al Saud unfold midst international silence silence money wealth Saudi people
Tue Dec 04 18:24:52 +0000 2018	Good mr Racep ordogaan
Sat Dec 08 23:18:36 +0000 2018	Today Turkey panel discussion organize Turkish Presidency Directorate Communication hold Dec 12 London Title Turkey Role Change Middle East event fourth Today Turkey panel discussion series
Tue Dec 04 13:15:03 +0000 2018	economy collapse help ppl sake work hard ppl freedom vote cheer want suppress
Sun Dec 02 09:49:32 +0000 2018	valuable world leader address issue responsibility organisation industrialise emerge economy
Thu Dec 06 18:41:22 +0000 2018	need change son Salman American spring occur America
Sun Dec 09 05:42:09 +0000 2018	Good speech Turkish lady
Wed Nov 21 17:03:04 +0000 2018	common purpose eu link spy infiltration country cause unrest undermine democratically elect gov
Tue Dec 04 05:55:41 +0000 2018	allow organization northern Syria pose threat security country region
Sun Dec 02 09:48:30 +0000 2018	valuable world leader address issue responsibility organisation industrialise emerge economy ❤ ️Tayyip
Sat Nov 10 12:28:44 +0000 2018	2023 goal signify determination world advanced country term economy democracy
Wed Nov 28 08:17:14 +0000 2018	good leader lot people don work
Sat Dec 08 18:26:51 +0000 2018	West wall security welfare start shake migrant Muslims citizen
Mon Nov 26 09:40:25 +0000 2018	good decision
Thu Nov 29 07:16:46 +0000 2018	good trip well wish
Fri Dec 07 09:04:53 +0000 2018	Good morning hypocrite
Fri Nov 09 13:12:56 +0000 2018	NOTE HF ACID DISSOLVE FLESH MATTER STRONG MINIMAL IMPACT SKIN NEED LOOK SODIUM HYDROXIDE DRAIN CLEANER LARGE QUANTITY DISSOLVE BODY POOL LIQUID
Thu Dec 06 11:40:33 +0000 2018	America build national economy aid blackmail Gulf prince Strategy maks America fall day night
Sat Nov 10 12:27:16 +0000 2018	That s short time good
Tue Nov 27 10:23:17 +0000 2018	say reason meet MBS summit later week German newspaper report
Wed Nov 28 13:55:28 +0000 2018	panel discussion President motto World Bigger hold Tuesday Argentina capital Buenos Aires Directorate Communication
Thu Dec 06 09:59:32 +0000 2018	Turkey ask Human Right Watch Turkey formally request United Nations conduct international independent investigation Khashoggi death
Tue Dec 04 13:02:57 +0000 2018	Good luck Turkey Love prayer Pakistan
Mon Nov 26 14:50:16 +0000 2018	make Muslim world look great great thinking Allah bless good sake Muslim Ummah Ameen
Mon Dec 03 13:34:55 +0000 2018	nice wow nice find wifi password remember recall net passward
Thu Nov 22 11:46:20 +0000 2018	Turkey favor free trade free movement person field expect responsible action matter economy trade
Sun Nov 25 15:27:21 +0000 2018	Turkey need release tape STOP Corruption Cover Good Friend Business Interest MBS Saudi Butcher world call Little Saddam Release Tape Cover stop
Sun Dec 02 16:09:48 +0000 2018	oinvite endress hauser exceptionell good und president erdogan
Wed Nov 28 08:31:50 +0000 2018	TAETER BOTSWCHAFT BARBECUE OFFICIEL EXCUSE WANT SWISS PRESIDENT AUGUST 2003 AROU ND EXPLOSED GAS BARBECUE EMPTY RAINS HERITIER TOOKEN KIDNAPPED PAY AIR ALGERIE PLANE HOLD PR ISO = N SO = N SENATOR RAINS PAY ALGER
Fri Nov 09 18:10:33 +0000 2018	President Recep Tayyip Erdoğan issue message 80th anniversary pass Ghazi Mustafa Kemal Atatürk commemorate respect Ghazi Mustafa Kemal founder Republic 80th anniversary pass eternity
Wed Dec 05 05:20:27 +0000 2018	Plz good relationship country Pakistan
Wed Nov 07 07:00:06 +0000 2018	incident Eastern Mediterranean Aegean show Naval Force strong unit allow initiative aim render impossible Turkey set foot sea
Mon Dec 10 15:22:41 +0000 2018	bless reward Turkey flourish fast pray Turkey success development field live world
Wed Nov 07 11:28:56 +0000 2018	United Nations open Case arrest assault citizen Turkey Turkish dictatorial regimes/ FREE IRAQI FORCE
Sat Nov 24 13:33:13 +0000 2018	security Damian roten property insurance broker truck killer
Mon Dec 10 16:23:16 +0000 2018	want traval turk good contiation
Thu Nov 22 11:52:57 +0000 2018	necessary avoid fait accomplis pretext fight terrorism resist separatist effort seek undermine Syria territorial integrity national security neighboring country
Sat Nov 24 19:59:48 +0000 2018	Hello Erdogan leo nice good follow
Sat Dec 01 21:31:44 +0000 2018	say murder world issue
Tue Dec 11 08:37:33 +0000 2018	hemoroid lose blood plane travel kidnapped moove boss syle4vester stallone attorney merz denisw kurt debeta kenedy safe kidnapper barry goldwater kidnapper notarized jamel jegen no0tary de isle
Fri Nov 09 16:12:43 +0000 2018	HF acid dispose body feel like water skin penetrate bone turn soft Death result immediate medical attention amputation expose Sodium Hydroxide chemical
Mon Dec 10 15:49:16 +0000 2018	Humanity fact directly relate good heart pious prejudice pride
Wed Dec 12 15:33:53 +0000 2018	ist time step illiterate soon com don close ur eye fool
Mon Nov 26 17:59:40 +0000 2018	good Somali boy love rajab Turkish miss president world
Sat Nov 10 01:13:09 +0000 2018	Love well wish President good people Long Live Turkey people
Mon Nov 26 17:08:48 +0000 2018	hot waste german tv vox emission call hot oder schrott want russia usa
Wed Dec 05 05:29:44 +0000 2018	true big loss Turkish Government beg friendship Modi & amp India need update bio Fake News Think Tank suit good Za Mid 😅 😁 😜 😎
Tue Dec 04 14:28:07 +0000 2018	Turkish President Erdogan Sir Anti persecution policy progress prosperity world Greetings Economic Development Director Omar ALhunaiti
Wed Nov 28 21:30:09 +0000 2018	agree meet G20 discuss concern important issue bilateral relationship add statement
Sat Nov 24 11:22:04 +0000 2018	Turkey Iran refuse return citizen leave Japan illegal stay harm Turkish Iranian Japanese have historically good relation
Thu Dec 06 11:39:55 +0000 2018	medium stand strongly responsible human right issue repeat tragedy
Wed Nov 21 16:08:44 +0000 2018	President Erdoğan Country decision obtain natural gas accordance circumstance respect Pressure violate state sovereign right prevent serve citizen benefit
Wed Dec 05 13:39:44 +0000 2018	Land air Operation Iranian
Tue Nov 27 04:35:14 +0000 2018	good thing expect Islam
Mon Dec 10 20:43:30 +0000 2018	right Turkey survive great country great leader good nation
Sun Nov 25 15:54:19 +0000 2018	Dear Mr President retire entrepreneur mother old assist life project option moment look partnership long term project Need protective hand
Sat Dec 08 15:44:31 +0000 2018	DEMISSION MACRON SOS
Fri Nov 09 17:35:48 +0000 2018	time stop look sample need collect analyze find chemical dissolve human animal body HF Acid CHEMICAL
Mon Dec 10 08:50:51 +0000 2018	inform mr putin car exiboition paris
Sat Nov 24 12:29:09 +0000 2018	invest fail economy investment smoke slightest whim Turkish dictatorship
Sat Nov 10 12:34:13 +0000 2018	need action word
Wed Nov 07 05:29:50 +0000 2018	listen speech Urdu proud good Muslim
Tue Dec 04 08:01:10 +0000 2018	resolve preserve momentum achieve past year enhance relation say news conference alongside Venezuelan counterpart Nicolas Maduro capital Caracas
Wed Dec 05 16:58:51 +0000 2018	la aynı cümleler ama kimse Macron diktatör demedi
Tue Nov 27 14:44:22 +0000 2018	President Recep Tayyip Erdoğan chair meet National Security Council Presidential Complex https / …
Sat Dec 08 15:37:27 +0000 2018	know yellow vest spontaneous movement declare place demonstration police force fireman mobile intervene location define command Paris Prefecture injury
Tue Nov 27 09:25:16 +0000 2018	good special toTurkey Qatar friend ship well all 😇
Mon Dec 03 17:40:43 +0000 2018	Good evening meet president Egyptian man live Turkey family
Sat Nov 24 11:55:21 +0000 2018	Aslmwlkm plz necessary step ensure safety Muslim india million muslim look yiu send strong message govt india
Sat Nov 10 06:08:44 +0000 2018	succeed contribution result Modern Turkey inevitable Pakistani mesmerize Ottoman Empire
Sat Dec 08 08:00:19 +0000 2018	issue hope
Sun Dec 02 12:05:08 +0000 2018	medium follow mean create shock world medium hope surprise problem world economy problem Saudi Arabia
Mon Dec 10 12:48:13 +0000 2018	Thank effort security force justice Mr Jamal Khashoggi
Thu Nov 08 15:21:08 +0000 2018	Quadrilateral Summit Joint Statement President Chancellor express support inclusive Syrian lead political process facilitate UN
Sat Nov 24 22:55:39 +0000 2018	Speak ceremony Istanbul Medeniyet University President say University center freedom pioneer change world
Tue Nov 27 01:42:04 +0000 2018	Hon ble ENABLE FOLLOW & amp EQUALITY AURA ENHANCE GDP TRILLION & amp HOLD SOLUTION Inconvenience cause deeply regret BRgds
Mon Nov 26 15:09:17 +0000 2018	Brotherhood Empathy Compassion Lest forget unwaveringly stand Turkish brother need help Allah nation shall triumph prosper Strong 💪 💪 💪
Wed Nov 28 08:32:33 +0000 2018	IA AIR ALGERIE DAMMAQGED PLANE OFFR GAZ GRILL
Thu Nov 29 12:54:01 +0000 2018	nabil malek freezer truck share hacker nabil malek use handy frequenz distroyer kidnapping provoque land plane crash detec table aviation tower neutralise plane frequence
Sat Nov 24 13:34:37 +0000 2018	shine sky peace try chance study work Turkey couldn hear voice Algeria true
Sat Nov 10 13:40:24 +0000 2018	President speech commemoration ceremony Ghazi Mustafa Kemal Atatürk 2023 goal signify determination world advanced country term economy democracy
Wed Nov 28 04:44:30 +0000 2018	Bolton listen Khashoggi tape doesn speak Arabic ve hear people color creed cry pain language universal unmistakable
Mon Dec 03 12:03:37 +0000 2018	Kremlin spokesman Dmitry Peskov ask high President Vladimir Putin Saudi crown prince G20 summit Argentina say good personal relation basis effective bilateral cooperation
Tue Nov 27 17:21:55 +0000 2018	Turkish armed force secret DAESH create train armed tunnel vision strategic goal destabilize Muslim region pay unethical mercenary like black water Pakistan destroy FATA Afghanistan
Wed Dec 12 15:46:32 +0000 2018	peaceful area Syria Turkey invade land grab imperialism want Erdogan / Turkey didn year ISIS hold north Syria ISIS defeat want step footstep
Wed Nov 21 18:18:23 +0000 2018	Assalamualaikum wbt Look Saudi Arabia ye terrorist group thank
Sat Nov 10 13:36:47 +0000 2018	OP ED intelligence source send uk tape Jamal khasho torture tape go miss going release possible medium confirm time Cobra
Sat Nov 24 11:34:52 +0000 2018	member era hope co0me call member married ense4mble4 marriage3 agency specialized algeria shit know ear ring dress ystematisch operierte Metall teile traewger innovation lausanne rue centrale das erfunden spionage
Mon Dec 10 15:00:12 +0000 2018	human right Turkey & amp powerful President change eventually ll ll option maybe leave jail nuclear bomb Turkey don belong family bang bang brother
Wed Dec 05 10:37:40 +0000 2018	aoa dear tayyab sb grant chance live chance meet member jamat islami Pakistan honest person master chemistry wait
Mon Dec 03 11:58:15 +0000 2018	ISTANBUL Somalia need better address medium representative say senior official Turkey lead news agency Sunday need well tackle Somalia foot say Mutanoglu deputy director general chief editor Anadolu Agency
Wed Nov 28 18:11:16 +0000 2018	SALAM ISMAIL FRIEND ACTION KURDE SLOGAN PRESIDENT HELP KURDE CRUEL SITUATION SWISS LIKE VISA CARD GOVERNMENT 150 SFR /DAY AMBASSY BERN MEMET SEKER MONEY POOR ISMAIL
Thu Nov 08 17:53:23 +0000 2018	Speak education consultation meeting President say member nation develop build place homeland world constantly advance culture civilization
Wed Dec 05 06:06:40 +0000 2018	Kindly return Jamal Khashoggi MRIP BODY PARTS AGGRIEVED FAMILY politics dead man body part VALUE HUMAN
Thu Nov 08 15:02:29 +0000 2018	need month visit Japan Turkey season Allah kind heart ability visit Japan drainage clean koi fish swim freely rest life like private pond aquarium home
Wed Dec 12 14:53:11 +0000 2018	exactly area Turkish army liberate Peaceful livable Afrin kidnapping theft property resource rape murder whim Jihadist Turkey import train equip export Idlib
Thu Nov 08 17:06:39 +0000 2018	urge Turkey friend action terrorist organization FETÖ member claim life 251 Turkish citizen night July 15 2016
Mon Dec 03 04:19:23 +0000 2018	genocide order Arab Iranian Afghani Pakistan Armenia Georgia Turk Kurd Yazidi Jew Black German French&amp Spanish Order genocide sign Queen Elizabeth clear Middle East Europe Africa&amp South America occupant create new Britain
Tue Dec 04 17:14:44 +0000 2018	Thank support Mr words action reference sovereign country Turkey Venezuela form brotherhood
Sun Dec 02 11:34:38 +0000 2018	Khasshogi soul haunt forever Kudos unequivocally raise issue G20
Sat Nov 24 10:25:18 +0000 2018	bitcoin beg btc register site wouldn dime Bitcoin Wallet Blockchain good news 030btc 23btc 036btc 26btc 060btc 47btc sapp +13232379702
Thu Nov 08 17:57:01 +0000 2018	President Erdoğan increase national income capita 500 11 000 step take economy Globally rank 17th term national income 13th term purchase power parity
Wed Dec 12 19:20:42 +0000 2018	let control drive driver safety soul family passenger thank join allah swt Grand country guidance trust Lord Allah swt 99 name thing Power Thanksgiving
Sun Dec 02 01:18:03 +0000 2018	Canadian involve Counter Terrorism good heart believe right Khashoggi kill Mohammed bin Salman Prince murderer
Thu Nov 29 13:28:53 +0000 2018	check vergotten hand language bring i8nto terminal koming frequence terrorism russian plane emercancy land come nabil malek organize crash insurer plane ship packbord delevaux sarl lpcate travel
Tue Dec 04 07:21:12 +0000 2018	Physically WATERS Azov Sea property Russia Don forget
Tue Dec 04 22:29:56 +0000 2018	Korea Long History Trafficking Woman — Even Japanese Come JAPANForward （ 25th November 2017 12 15
Wed Nov 28 07:47:04 +0000 2018	President Recep Tayyip Erdoğan chairing meet National Security Council Presidential Complex http …
Thu Dec 06 11:47:42 +0000 2018	free press exploit action Al Saud scoop pre high purpose worthy initiative
Fri Dec 07 10:30:01 +0000 2018	country deny Veteran benefit soldier discriminate Yes office discriminate soldier give prime time youth India security
Thu Nov 08 20:49:27 +0000 2018	CSI dis service Sort
Sat Nov 10 13:08:22 +0000 2018	European political leader help world coma safe place live forget wwo people day modern time 2018 Sade hope bi come net
Sat Nov 10 12:03:14 +0000 2018	sample need take analysis need HF Acid matter pure DISSOLVE FLESH
Tue Dec 11 09:11:44 +0000 2018	million jear tratment fresh brain cell atgtorneys kill brain cell inject attorny dr carlos fritsc fresh brain ell liient debeta kurt lients silvester stallon attornery staff
Sat Dec 01 20:21:39 +0000 2018	Erdogan say Islamic world international public opinion satisfy reveal responsible murder
Sat Nov 24 15:49:17 +0000 2018	launch great development initiative area city
Tue Nov 27 18:17:54 +0000 2018	Devam devam Greece Number careful dear need urgent help diplomatic skill try responsibe person world know insecure shame Grow President child
Wed Nov 07 19:34:10 +0000 2018	condemn terror attack Pittsburgh synagogue extend heartfelt condolence family victim American people Turkey unequivocally condemn form terrorism part world regardless target
Mon Nov 26 17:42:52 +0000 2018	G20 Leader Summit hold Buenos Aires November 30 December 2018 new phase Today Turkey panel organize Turkish Presidency hold title World Big November 27
Wed Nov 07 06:57:01 +0000 2018	Istanbul Airport source pride Turkey set example world
Tue Nov 27 14:32:58 +0000 2018	serhat sight disabled look brother gokhan aricanin killer year help send letter authority want reach WhatsApp number +447771191195
Wed Nov 28 10:35:25 +0000 2018	bank Porc grill algerie embassy chairman receive bank raiffeisen switzerland feel free contact hans rudolf tommer leimen strasse basel account bank chairman raifeisenb ank
Mon Nov 26 18:11:31 +0000 2018	SHAME RUTHLESS DICTATOR HYPOCRITE LIAR WAY BEHAVE SAUDI ARABIA CARE HUMAN RIGHT ISSUE ARREST 60 THOUSAND INNOCENT PEOPLE ATTEMPT COUP QATAR MONEY BLIND
Thu Nov 08 11:19:01 +0000 2018	advice world strong leadership excellent leadership World opinion insaAllaha
Sat Nov 24 10:13:10 +0000 2018	60 millon robbery gang pay kidnapping senator rain fortune 45 million family fortune senator rain empty pay innovation magazine de clear shop robbery
Wed Dec 12 16:09:04 +0000 2018	Feel sorry Turk public hear true story Opposition news shut arrest Turkey Akp rogue terrorist state
Wed Nov 28 05:53:40 +0000 2018	Lady Erdoğan attend promotion meet Women Write Future Project
Thu Nov 22 00:24:52 +0000 2018	Erdogan Kosova happen Muslim country didn accept Kosova Interpol think close ally Maybe talk do nt forget 10 million Shqipetar Arnavut TURKAY ALLA
Sun Dec 02 21:02:55 +0000 2018	United Nations source justice instead cruelty
Sun Nov 25 17:13:10 +0000 2018	Shameful Caught Financing AlQaeda Terrorist Syria pretend bomb ISIS terrorist destroy Syria&amp Syrian
Thu Dec 06 11:58:53 +0000 2018	khalifa stand firmly speak wrong doer oppressor world assembly Long live reign Allah
Sat Nov 24 07:54:08 +0000 2018	past president family kill opposition tribue private plane jeep machine gun wild animal human
Fri Nov 30 09:52:39 +0000 2018	God Save Turkey Turkish administration strong message tyranny world case Saudi Regime Afaf Aniba Human Right Activist Algeria
Mon Dec 10 17:18:19 +0000 2018	Presidential Communication Director Saudi Arabia refusal extradite suspect killer journalist Jamal Khashoggi disappointing
Tue Dec 11 09:06:12 +0000 2018	blood anus mouth nose attorney denis medrz dan bally moser bagi brain cell fresh cell silvester stallone staff abbou lie belong 17 algeriaqmn MOROCCO TUNESIA WANT FARID CHELBANI RELATION SHIP ASK ALGERIAQN PRESIDENT FARID CHEL
Fri Nov 23 11:38:32 +0000 2018	President attend 3rd International Women Justice Summit hold Istanbul Women Democracy Association theme Family Empowerment
Sat Nov 24 07:52:27 +0000 2018	rouiller serge past president son machine gun dangerous animal hotel construction evephant tiger rhinoceros lion Gepards leopard especiallyally killed private plane detectable radar use machine gun
Sat Dec 08 01:12:17 +0000 2018	die Shame Imaan Quality Muslim anymore don deserve leader Muslim world
Thu Dec 06 17:54:14 +0000 2018	BULANDSHAHAR VIOLENCE Thank Goodness BJP offshoot RSS GRD Great Proponent ADITIYANATH YOGI Cow animal turn MOTHER COW thousand year ago 21st Century Reverered Biological Mother responsible
Mon Nov 26 18:08:44 +0000 2018	REAL HAPPEN FACE HISTORY ACCEPT
Thu Nov 29 14:00:39 +0000 2018	plane crash emercancy sea eat shark
Sat Dec 01 11:33:03 +0000 2018	want Call Palestine & amp Kashmir barma syria lose find Muslimine umah
Sat Dec 08 08:04:27 +0000 2018	help hepatitis gang kill de shedit movie maker family make dragula druide ceremony boss abbou lie louis bagi lest victimms course lung cer moskow blood smoking cancer
Fri Nov 09 06:30:00 +0000 2018	border heart reach Constantinople everybody starve let starve care people care refugee care palace
Wed Dec 05 04:56:40 +0000 2018	Salam need support help raise fund Dr Hayat recently graduate UTS detail mention follow link GoFundme Dr Hayat
Tue Dec 11 20:27:29 +0000 2018	Netanyahu PM apartheid state occupy defenseless people land 60 + yrs violation UN resolution blood Palestinian hand cover crime attack Turkey Want lesson humanity Read 10 commandment
Sun Dec 02 01:25:01 +0000 2018	⁦⁩ say interest harm Saudi Arabian state Saudi royal family believe bring light aspect murder prosecution perpetrator interest Saudi Arabia
Tue Dec 11 05:27:06 +0000 2018	hello sir akmal muslim malaysia want ask ur concern ughyur ethnic China possibility action protect discrimination pleasure message Thank lot sir Allah bless ur country
Fri Nov 09 08:51:25 +0000 2018	Sir need open pubic library lab
Sat Nov 24 10:03:29 +0000 2018	ambassy president declare shop robbery surveillance les grand magazine innovation lausanne neighbor
Fri Nov 09 06:32:29 +0000 2018	believe nation stand face tyranny learn justice excellency don think time world know happen Saudi consulate day justice need serve
Thu Nov 08 13:45:06 +0000 2018	Local Government Policy Board convene chairmanship President Presidential Complex
Sun Dec 02 22:01:45 +0000 2018	laude muller merz denis kidnapper expensive yacht club owner california los angeles hold delevaux porc chicken fam 72 kidnapper claude muller denis mez account weibel moreparkfake passport jovic kidnap sign
Sun Dec 02 08:50:34 +0000 2018	person earth feign indignation MBS human right abuse credibility zero issue don want Saudi crown prince protect pariah 20 summit
Sun Dec 02 22:02:04 +0000 2018	laude muller merz denis kidnapper expensive yacht club owner california los angeles hold delevaux porc chicken fam 72 kidnapper claude muller denis mez account weibel moreparkfake passport jovic kidnap sign transger
Wed Nov 07 12:33:01 +0000 2018	Globally rank 17th term national income 13th term purchase power parity
Sat Nov 24 13:06:00 +0000 2018	claude muller shop rome italy antiquity General international al want gan 500 good place shop pay bill owner know come mer hand
Sat Nov 10 06:46:29 +0000 2018	GDP get 909 Billion Dollor 2018 / September November/2018 714 Billion Dollor happen economy
Wed Nov 28 18:32:14 +0000 2018	leader real proof spy Arabia Saoudia consulat blackmail MBS manipulat world opinion avainst try distroy KSA economy let happen 🍁 👽
Tue Dec 11 06:09:14 +0000 2018	Assalamualaikum sir live saudi arabia macca work problem family turkey visa come agree country Sir
Thu Nov 08 01:40:09 +0000 2018	oda think like zeki yagmur koku flower whisper Oda lokanta singing hava ciecik koku Turkish patriot dance
Wed Nov 21 16:35:23 +0000 2018	President Erdoğan civilization custom form backyard colony welfare build people suffering blood labor underground richness doom fall piece soon later like glass palace
Mon Dec 03 19:19:04 +0000 2018	God Bless Thanksgiving Thee Lord Allah Creator thank
Fri Nov 09 13:20:26 +0000 2018	USE HF ACID DISSOLVE BODY HOLLYWOOD TRICK WORK REAL LIFE HF ACID MINIMAL IMPACT SKIN TEAM NEED TEST SODIUM HYDROXIDE KNOW BODY DISSOLVE
Tue Nov 27 18:17:11 +0000 2018	President visit South American country Argentina Paraguay Venezuela Nov 30 Dec
Wed Dec 05 07:57:44 +0000 2018	man wear suit hang tie well entire earth day peaceful quiet
Mon Dec 03 18:09:20 +0000 2018	summit president say international community responsible suffering |i people particularly state political solution way achieve last
Thu Nov 29 12:52:19 +0000 2018	sausage smoke hamburger smoke engin gas sell co0sher sausage
Tue Dec 04 11:43:24 +0000 2018	kidnap gang navy fuel usa delegation china get rolex hold condamed wor wactch hold know worldwide governmen ts miss knowledge adviser difficult situation
Sat Nov 24 16:37:33 +0000 2018	boss
Mon Nov 26 17:24:56 +0000 2018	Journalist dissolve chemical HF Acid identify soften bone leave flesh untouched Exposure mean AMPUTATION affect body action progressive
Sat Nov 24 09:27:46 +0000 2018	say Khalifa Allah continue guide protect strengthen continuously support defend oppress reign long Amin thumma Amin
Sat Nov 10 12:44:16 +0000 2018	know put bounty ringleader Qandil collude terrorist point ringleader Iraq target conduct patrol arm arm Syrian member organization think deceive
Sat Dec 08 21:26:19 +0000 2018	Ethnic genocide Mass kill Woman right violence Attack2funeral Illegal execution Theft&amp extortion Burn book docs destruction hist artefact Faith center destruction Kidnapp / kill 10 children&gt hostage 11 Deliberate Fire / explosion
Wed Dec 05 09:13:27 +0000 2018	love idealised Pray country pakistan safe hand wait turkey lead world God bless
Tue Nov 27 10:46:59 +0000 2018	Love Leader Allah safe evil power success plan
Thu Nov 08 14:16:12 +0000 2018	team find evidence HF acid local Saudi Consulate sewer nearby chemical dissolve flesh matter concentration
Sat Nov 10 18:56:03 +0000 2018	destroy celebrate & amp commemorate sad Turkish population celebrate owne fall past Right Mr
Thu Nov 29 16:18:44 +0000 2018	Turkish intelligence official kidnap Abdullah Ocalan African country demand release disclosure fate
Sat Nov 24 11:06:53 +0000 2018	President Erdoğan goal country increase export volume 500 billion national income trillion area design production advance friend
Fri Nov 09 05:29:56 +0000 2018	Develop Lake Van line Lake Como Italy attract Million Tourist
Sun Nov 25 17:38:21 +0000 2018	prove conclusion journalist body dissolve acid HF Acid Hollywood movie trick work real life replace Calcium bone attack flesh fat hair
Tue Dec 04 10:49:03 +0000 2018	Absolutely correct Turkey economic position downgrade week G20 Argentina right downgrade complete corrupt con UN crook
Mon Dec 10 20:09:49 +0000 2018	OK boss
Wed Nov 07 12:33:35 +0000 2018	allow initiative aim usurp natural resource Eastern Mediterranean
Mon Dec 10 18:22:17 +0000 2018	Dear Erdogan like request speak Ulama general public imprison crime raise voice talk Pakistani PM
Mon Dec 10 11:07:52 +0000 2018	Thousand Iraqi force abandon home decade conflict violence urgent need Accelerate admission process refugee&amp resettlement
Mon Dec 03 12:11:19 +0000 2018	Argue Turkey large foreign military training base Somalia Mutanoglu say benefit military base well come year
Sat Nov 10 06:04:00 +0000 2018	Note Rajab chairman Delegation Com like Contact Protcol Dirctor presidncy
Mon Dec 10 15:15:16 +0000 2018	day people world difficult decision leave country search safety well live Refugee asylum seeker
Sun Dec 02 09:58:49 +0000 2018	old archive Follow money trail
Sun Dec 02 00:43:47 +0000 2018	Mr play card carefully case summit look like Saudi Arabia Turkey got case laugh criticise say think
Wed Nov 28 07:47:49 +0000 2018	allow want establish economic political hegemony Mediterranean
Wed Nov 28 07:45:03 +0000 2018	President attend G20 Leader Summit host Argentina Nov 30 Dec 2018 pay official visit Paraguay Venezuela Dec 2018
Mon Nov 26 04:28:32 +0000 2018	invest country economy collapse stupid invest country like
Fri Nov 23 09:59:02 +0000 2018	Love professionally Turkish woman work
Wed Dec 05 08:54:43 +0000 2018	God bless protect Islam Religion & amp Tell truth world ur muslim bro frm Somalia love muslim Community world & amp Allah save palestinian frm hands israil
Tue Dec 11 14:08:50 +0000 2018	Cultural Art Policy Council convene chairmanship President designate 2018 winner Presidential Culture Arts Grand Award ceremony hold Presidential Complex Dec 19
Thu Nov 29 12:12:47 +0000 2018	President Erdoğan telephone conversation President Trump tension Russia Ukraine Black Sea bilateral issue agenda discuss phone
Sat Nov 24 16:02:43 +0000 2018	Best wish endeavour good world
Sun Dec 09 17:25:19 +0000 2018	role germany sbrenista genocide research love market hate human being
Sat Dec 08 17:10:33 +0000 2018	whitch place come cafe don`t forgett
Wed Nov 28 08:59:59 +0000 2018	tension escalate Black Sea period world suffer clutch political economic military threat please Russia Ukraine stand
Thu Nov 22 11:54:06 +0000 2018	today summit Tehran Turkey clearly state resort method disregard civilian life play hand terrorist
Sun Nov 25 10:52:53 +0000 2018	Listen heart help message save planet Earth
Thu Nov 08 23:09:39 +0000 2018	HF Acid industrial chemical ZERO household use DISSOLVE FLESH LIQUIDATE JOURNALIST BODY cleanup effort body dispose
Sat Nov 10 09:17:08 +0000 2018	think Gazi Mustafa Kemal give independence Turkish nation Turkey common country lose Ottoman Empire capable leadership Turkey prosperous prosperous state create respectable position
Fri Nov 23 01:07:50 +0000 2018	President hit critic detention people link 2013 Gezi park protest
Sat Nov 24 06:26:54 +0000 2018	University center freedom pioneer change
Tue Nov 27 20:19:15 +0000 2018	Hi melina year work experience logo design work lot company love work project unlimited revision satisfaction Thank melina
Wed Nov 28 18:44:34 +0000 2018	GAD BIG
Tue Nov 27 05:12:26 +0000 2018	banish
Tue Nov 27 06:42:33 +0000 2018	Turkey terrorist state leader history world imprison people lock & amp & amp weak need Mr President
Mon Dec 03 10:02:07 +0000 2018	asalam 3likum hope Allah grace hero ummah request expand operation kurdish area finish terrorist هجين place
Sat Dec 01 20:34:42 +0000 2018	President & amp hold meeting last 50 minute summit discuss Manbij PKK SDF North Syria & amp Halkbank issue memorable detail Pres Trump button jacket 1st time meeting photo
Wed Dec 12 12:02:01 +0000 2018	President speak Turkish Defense Industry Summit ▪ ️We strengthen Atak Helicopter ▪ ️We launch operation east Euphrates day ▪ ️T625 multi role helicopter name Gökbey
Thu Nov 08 17:06:49 +0000 2018	urge party assume principled stance terrorist organization Syria
Sun Dec 09 07:57:43 +0000 2018	don want country shouldn want EU cage poverty
Tue Dec 04 22:09:19 +0000 2018	Let Aid South Korean Supreme Court Misperception Fact Wartime Labor JAPANForward （ 21st November 2018 12 15
Tue Dec 04 20:50:59 +0000 2018	complete South American tour include visit Argentina Paraguay Venezuela hold official talk occasion 20 Leader Summit
Thu Nov 29 20:40:12 +0000 2018	drop LSD Hallucinate Join Liberal MKultra Zombie La La Land 🌈 🦄 🦋 😻 🙈 🙉 🙊 🐏 🐑 🌨 ️ ❄ ️ 🌀 💉 🧿 💣 💥
Thu Dec 06 08:10:37 +0000 2018	IM 10 ABD CILDIRIN FINIS GAD BIG
Wed Nov 28 09:00:02 +0000 2018	Turkey Operation Euphrates Shield burst DAESH bubble region Turkey take field see kind project DAESH constantly pump exaggerated frighten world actually
Sat Dec 01 18:32:37 +0000 2018	GAD BIG BALANS YESTERDAY
Mon Dec 10 16:29:38 +0000 2018	serve human right help truly Give right person citizen Human right council work eradicate sex violence war end
Thu Nov 29 13:39:57 +0000 2018	need recognise moment fight war West 10 000 die conflict start pressure need UK irrelevant power
Mon Nov 26 11:48:49 +0000 2018	lausanne leather fur shop shitty fur coat designer joelle marechall want mass want fur bring moskow propduce coats lausanne fur shop moskow lou gutmann killer
Sun Dec 02 07:17:05 +0000 2018	President meet President Turkey discuss bilateral cooperation situation Idlib meeting leader meet inauguration gas pipeline offshore section
Thu Dec 06 12:02:29 +0000 2018	future Washington Post newspaper display suffer Saudi people Khashoggi
Wed Nov 07 03:53:26 +0000 2018	need person list man literally IMPRISON POLITICAL OPPONENT JOURNALIST
Tue Dec 11 13:14:32 +0000 2018	President World Long Live Erdogan
Wed Nov 21 17:53:32 +0000 2018	President President Vladimir Putin Russian Federation attend ceremony completion offshore section TurkStream Project
Thu Nov 22 23:35:22 +0000 2018	Economic threat intimidate nation
Sat Nov 10 10:55:25 +0000 2018	Mustafa kamal man army inspirational personality unforgettable truth nation builder remember leader justice unity humanity Allah bless TURKEY islamic world
Sun Dec 09 20:24:13 +0000 2018	happen bursa people strange country come visit Oman live Muscat tell animal beit son say Arab people animal sorry sir
Fri Nov 09 15:08:12 +0000 2018	stop Live word Hmmm plus 22 fighter die Assad need stop undercut
Sat Dec 08 15:32:38 +0000 2018	protester violent people yellow vest belong ultra left black block come european country loot burn car unacceptable police force exemplary death 30 wound Safe
Thu Dec 06 10:07:05 +0000 2018	case Ahmed bin Abdul Aziz overcome arrival rule Sudais correct term Europe Saudi world polar
Wed Dec 12 18:00:20 +0000 2018	🤲 🏻 🤲 🏻 🤲 🏻 👍 👍 🇹 🇷 🇹 🇷 👏 👏 👏 👏 👏 destroy Non stop Work work work
Thu Nov 29 04:17:14 +0000 2018	imprison half Turkish population power force Gay Dictator Kurdish language teacher arrest
Wed Dec 12 11:19:02 +0000 2018	America terrorist country arm terrorist syria kill million civillian syria Turkey wabts peace region unlike america america want petroleum israel state syria go happen
Wed Dec 12 11:20:47 +0000 2018	America terrorist country arm terrorist syria kill million civillian syria Turkey want peace region unlike america america want petroleum israel state syria go happen
Sat Nov 10 13:54:21 +0000 2018	President Erdoğan pursue social aid policy embrace people walk life include orphan elderly disabled people woman substance addict terror victim increase social aid payment 38 billion lira year
Fri Nov 09 09:31:05 +0000 2018	Turkish nation clarify United building solid foundation fraternal society well wish 😍
Fri Nov 23 19:14:03 +0000 2018	heavy victim italy Florence leather interpol system salt pepper mode mr Georges Kirtikar Scherrer burgin cancel course bankrupsy April 1980 Garuda cancel 1991 sell broker live insurance broker heritage trier
Sun Nov 25 21:58:50 +0000 2018	need support Kashmir bleed 70 year dozen people kill rape everyday Indian force
Fri Nov 30 21:56:39 +0000 2018	President attend special session hold G20 Leader Summit Argentina capital Buenos Aires
Wed Nov 28 11:49:41 +0000 2018	porc horse meat grill slaughtery lausanne cheaf bucher morc boss
Wed Nov 21 18:29:26 +0000 2018	elevate country designer producer status sector
Fri Nov 23 13:37:39 +0000 2018	need help Prime Minister Erdogon
Mon Dec 03 11:35:26 +0000 2018	Erdoğan world leader people leader venezuala Turkey millitary base venezuala
Thu Dec 06 10:07:31 +0000 2018	long White House defend Salman son harm
Wed Dec 12 11:45:06 +0000 2018	good Muslim leader world help oppress one Allah reward world
Mon Dec 10 18:05:44 +0000 2018	Sir role model life Stay bless real hero Muslim world
Tue Dec 04 22:48:38 +0000 2018	China Step Effort Demonize Japan Canada｜Miroslav Marinov［a Toronto base writer blogger translator］（4th October 2018 18
Thu Nov 22 13:07:40 +0000 2018	fact check
Mon Nov 26 12:40:11 +0000 2018	pahu8d mixt marocco algeria long african hair want gang boss martial art shit soleil rouge black gym gold gym jass ersize
Sun Dec 09 12:38:23 +0000 2018	🔥 Isla mic Sta te Sham Wila yah Khayr 13 🔥 PKK Murtaddin Kill Injured Targeted Dhiban Area
Sun Dec 09 17:23:49 +0000 2018	1/6 Salamun Alaikum Mister President think Germany need second denazification important keyword nsu verfassungsschutz polizei reinhard gehlen bnd „ npd „ pegidia „ afd latent nazi party prestage way introduce national socialism
Thu Nov 22 11:48:31 +0000 2018	country host million Syrian Turkey continue strive voluntary safe repatriation refugee last solution create common ground party Syrian dispute
Sun Nov 25 18:32:02 +0000 2018	read crooked eu tony blair illegal ngo common purpose founder julia middleton uk fraud subversion infiltration heck eu international court unlawful
Fri Nov 23 18:34:07 +0000 2018	need help come forward
Fri Nov 23 23:24:26 +0000 2018	Selam president far feel Saudi embassy let Mr khashoggi consulate job USA send istanbul saudi embassy reason kill USA USA local gov Law Tramp able help MBS
Wed Nov 21 16:23:53 +0000 2018	pursue policy base justice fairness conscience brotherly geography
Mon Dec 03 11:40:46 +0000 2018	establishment strong Somali army country ability eliminate threat accord
Sun Dec 09 15:24:15 +0000 2018	Tweet Multiple Language 🔥 Isla mic Sta te Sham Wila yah Khayr 13 🔥 PKK Murtaddin Kill Injured Targeted Dhiban Area
Sat Nov 10 21:31:50 +0000 2018	good Killer Crown Prince
Tue Nov 27 13:52:43 +0000 2018	Speak AK Party Parliamentary Group Meeting President say Turkey slight concession these s eastern Mediterranean area
Wed Nov 07 12:34:24 +0000 2018	President Erdoğan assume engage activity Eastern Mediterranean Aegean cost Turkey start understand wrong allow bandit sea punish terrorist Syria
Wed Nov 07 15:48:54 +0000 2018	new plan make agree murder
Tue Dec 04 22:36:11 +0000 2018	Asahi Shimbun Reject Temper Language Comfort Women JAPANForward （ 3rd August 2018 47
Tue Dec 11 07:28:14 +0000 2018	Salam alaikum Palestine special need marry child medical report house zinc plate difficult winter wish build house child sick00970595603703
Sat Nov 10 22:14:46 +0000 2018	100 YEAR AGO 1/5 TURKEY 😎 🌴
Thu Dec 06 11:36:37 +0000 2018	long White House defend Salman son harm hurt defense
Wed Nov 21 16:13:47 +0000 2018	President praise 2013 Gezi Park protest supporter terror group like PKK Fetullah Terrorist Organization FETO
Sat Nov 24 08:23:07 +0000 2018	Mr President stop provoke world Greece ca nt br ally spend money gun people scare feel like do nt democracy Greece enemy
Wed Nov 28 19:44:09 +0000 2018	long Mr Erdogan understand Vladamir Putin true friend Donald modern day Judas guess fine speak
Wed Nov 07 05:01:19 +0000 2018	Khalifa Allah continue protect bless tread human right infringe Allah defend coup like defend Believer Gawatuil Badr
Mon Dec 03 10:46:33 +0000 2018	assebly consul
Sat Dec 01 18:04:43 +0000 2018	President Recep Tayyip Erdoğan Argentinian capital city Buenos Aires G20 Leader Summit meet President Donald Trump United States
Sat Nov 10 17:38:27 +0000 2018	commemorate mercy Ghazi Mustafa Kemal Atatürk Chief Commander Independence War President 80th anniversary pass Ghazi Mustafa Kemal extend gratitude martyr veteran pass eternity
Sat Nov 10 17:58:54 +0000 2018	Hold press conference Esenboğa Airport depart President say today work establishment peace calm region past
Thu Nov 29 20:29:42 +0000 2018	Right Twitter dog insult attack killer Derecho Los perro de Twitter de MBS insultan atacan Erdogan
Wed Dec 05 23:50:38 +0000 2018	special room shower like Egypt airport traveler use Turkish airline hajj umrah change ihram appreciate haji pilgrimage
Wed Dec 05 18:03:17 +0000 2018	Dear Mister President i m Syrian girl need help family harm Turkey help story kid hear woman say ya Mustasim Mutasim help i m go Mister President Erdoğan help
Wed Dec 05 18:18:39 +0000 2018	Dear Mister President i m Syrian girl need help family harm Turkey help story kid hear woman say ya Mutasim Mutasim help i m go Mister President Erdoğan help
Sat Dec 01 02:21:23 +0000 2018	leader Idea Welfare Nations South Africa Turkey forward
Sun Dec 09 10:51:09 +0000 2018	Turqui victim nabil malek stomc ulcer destoy roh meat stomac bleedig non stop stomac model kill hidden death
Sat Dec 01 12:53:03 +0000 2018	President Erdoğan don care victim Turkey meet President Chile Vote
Sun Nov 25 19:29:08 +0000 2018	150 000 000 00 CHF mr ERDOGAN LEAGAL HERITAGE HANS RUDOLPH TOBLER GHANA LPEASE VERIFY ARRIVE LAUSANNE BANK SWIFT HACKER BASEL TRIING FALSIFY IBAN THANK PREVENT KAVIAR IRAN TRUCK KILLERS LOUIS BAGI
Mon Dec 03 12:51:33 +0000 2018	falsify vaccination sale copy basle vaccination falsifierd unicef accination falsify anilmaql beef camel dunky vaccinatio0n check klill egypt typic al jewlery maker kill hide denouncement special secret code inventet
Mon Dec 10 11:22:23 +0000 2018	World Human rigts day
Sun Dec 09 17:24:37 +0000 2018	4/6 Germany lot terrorist pkk feto dhkp al qaida isis know terrorist 9/11 come germany
Mon Dec 03 21:54:31 +0000 2018	sanction particularly individual government country come invest steal nonrenewable resource gold coltan etc doubt invest
Sat Dec 08 23:29:52 +0000 2018	dream meet Recep tayyip Erdogan hard Like man fotlr sake allah allah protect mr Erdogan
Sat Nov 24 13:08:25 +0000 2018	roten Damian shop owner know moon calendar pick stuff moon day day moon
Tue Dec 04 22:18:11 +0000 2018	South Korea Breach Rule Law Common Sense Court Wartime Labor Ruling JAPANForward （ 6th November 2018 44 am ）
Thu Dec 06 11:25:30 +0000 2018	Europe receive refugee non gender overcome difficulty life Saudi close border face brother besiege
Wed Dec 05 18:28:19 +0000 2018	word power Muslim community turn word hopefully direction child word wrong
Tue Dec 04 21:19:30 +0000 2018	mr President somalian student need turkish schoolarship thank mr president
Tue Dec 04 16:23:59 +0000 2018	order hear need hard rock attitude aaanddd business strategy
Sat Nov 10 06:32:53 +0000 2018	disgusting person allow remember celebrate Banned Athan & amp Islamic tradition Ban Arabic language fun Quran verses Banned Hijab Kill practice Islam Abandoned Aqsa
Sat Dec 01 08:19:30 +0000 2018	talk
Thu Dec 06 06:07:26 +0000 2018	great job concern case time turn case international committee
Tue Dec 04 13:28:41 +0000 2018	Muslim people world support Turkey long say truth
Thu Dec 06 12:04:28 +0000 2018	Salman son unable manage lead American company lead Saudi Arabia America found Saudi Arabia assume American loyalty
Fri Nov 09 08:51:11 +0000 2018	WANT KNOW LEBRON JAMES WELL 10 MATTER 👑 👑
Tue Dec 04 12:29:20 +0000 2018	Have look good ruin Turkey Venezuela style seriously wannabe dictator like Erdogan pay visit actual dictator like Maduro earth interact pariah like
Wed Nov 07 06:36:37 +0000 2018	Allah bless moment need leader like Bangladesh
Wed Nov 28 06:28:12 +0000 2018	slam sir Pakistan live istanbul need help sir
Tue Nov 27 09:12:10 +0000 2018	Look like Democrat Soros Clinton Obama come Erdogan Turkey operate remember Libya divide Country destroy Soros use money Democrat follow like little minion
Wed Dec 12 08:54:49 +0000 2018	transmit mr putin Algeria got samecase 600wheelchair user sell weelchair degonda lausanne italo gang call faverge gan
Sat Nov 10 13:48:42 +0000 2018	Abkhazia support independence Abkhazia UN Recognize independence Abkhazia 🙏
Fri Nov 23 19:10:54 +0000 2018	interpol system salt pepper mode gessnerallee Zurich salt pepper mode boutique Garuda muller gertrud chantal billions unpayed order leather swat shirt producer Turqui heavy cotton victim nabil malek usa 40 county property
Mon Nov 26 16:06:26 +0000 2018	Frend brother know daily sitution good frend close frend person cab feelin know diffucalt sitution think gett historical moment
Tue Dec 04 06:18:22 +0000 2018	Lady Erdoğan attend ceremony delivery TİKA wheelchair ambulance aid Paraguay
Sun Dec 02 17:19:11 +0000 2018	EXCLUSIVE KOPY CARPETS OSEC SWISS WORKING CONTRACT TRAVELLINGT
Sat Nov 24 11:57:58 +0000 2018	Olympic Game Fifa avoid putin attorny common tribune usinedss connection separate surveille use Fifa Olympic Game fraud credit card robbery Tim nabil malek
Thu Nov 22 11:53:48 +0000 2018	world turn blind eye kill ten thousand innocent people regime interest watch sideline participate game
Thu Nov 08 14:17:53 +0000 2018	team find evidence significant quantity Sodium Hydroxide location BODY CHEW HF Acid
Thu Dec 06 11:32:32 +0000 2018	Trump isolate Ibn Salman people care human right allow injustice stand face want shed blood
Fri Nov 23 01:07:54 +0000 2018	President chair Social Policy Council meeting
Sun Dec 09 19:22:14 +0000 2018	absolutely fuckjng right comment france police treat citizen start urself ur treatment opposition kurd Ur fascist country allow kurd kurdish name
Sat Nov 24 17:40:03 +0000 2018	send Chechen Ozbek immigrant help people do nt send ⬇ ⬇ ⬇
Mon Nov 26 13:12:29 +0000 2018	plan
Wed Dec 12 03:22:14 +0000 2018	Matter Grave concern need address save oppress people China
Sun Nov 25 15:40:07 +0000 2018	Police barricade Istiklal Avenue Istanbul rally protest woman disperse street police intervention November 25 International Day Elimination rally
Tue Dec 11 09:07:52 +0000 2018	inform algeria minister helbani gang crude sylvestger stallone arledtte fritsch kill moskow fresh human ells brain injection 1300killerd arlette friotsc dr carlos fritsc stallone gang
Mon Nov 26 17:25:42 +0000 2018	HF Acid HOLLYWOOD trick dissolve digest Human Flesh
Fri Nov 30 10:14:22 +0000 2018	swiss bol sailing gang bath tub sailing getaz romang gang hamburger seller camel caravan kidnapper pay bol sailing participation pay kidnapping hold kidnappecd 17 jear bol participater ledarnsaiol
Mon Nov 26 16:50:58 +0000 2018	Allah safe
Sat Nov 24 12:25:56 +0000 2018	4th meeting Turkey Qatar High Strategic Committee set hold Istanbul Nov 26 meeting jointly preside President Emir Sheikh Tamim bin Hamad Al Thani Qatar
Sat Dec 08 05:40:58 +0000 2018	Assalam alikum president syed Mudassar Azad kashmir Muzaffarabad job prime minister Azad jumma & amp kashmir turkey 🇹 🇷 free Meeting
Sun Dec 09 18:32:35 +0000 2018	reject offer investigation leak drop investigation return 25 billion dollar Saudi investment lift embargo Withdraw label terrorist group
Sun Nov 25 19:56:44 +0000 2018	dear mr erdogan tis coordinate verify help nessesairy cheat swiss national BANK USUAL FRAUD TRY BLOCK PAY MILITARY DEBTS PAY BANK Ödeme Bankasi bank Swift Banka Swift FNNBTRISXXXcurrency / Para birimi GBP
Tue Nov 27 14:44:46 +0000 2018	Good Muslim leader come rule Muslim state Omer Bin Abdul Aziz good era Muslim inshallah leadership wafagakoum Allah protect Muslim nation Mr President
Sat Nov 10 13:04:00 +0000 2018	Mr Erdogan King Salman son bring mention absolutely responsible have Khashoggi murder Trump son law Kushner great plan Saudi Arabia turn satanic haraam state Trump win helpful
Mon Dec 03 08:56:46 +0000 2018	President Paraguayan counterpart Mario Abdo Benitez agree strengthen bilateral relation meeting capital Asuncion Sunday
Wed Nov 28 13:40:54 +0000 2018	President hold phone conversation Russian Ukrainian counterpart recent tension country Black Sea underline importance resolve problem diplomacy
Mon Dec 03 09:24:15 +0000 2018	President Paraguayan President Mario Abdo Benitez meeting leader chair group meeting
Tue Nov 27 14:10:27 +0000 2018	Long live
Thu Nov 08 19:27:05 +0000 2018	great job Mr President turkey find jamal khashogji body melt acid dear president police taksim wedding ring steal hotel room titanic city taksim honey moon
Fri Nov 23 11:48:01 +0000 2018	speech subtitle English word need hear Muslim Ummah
Tue Dec 04 12:03:24 +0000 2018	Venezeula good ally saudia arab gether friendly ally
Mon Dec 10 19:16:40 +0000 2018	Yes God continue bless change world power love
Sat Dec 08 22:30:36 +0000 2018	call student write letter hear voice
Sat Dec 08 08:07:41 +0000 2018	help hepatitis gang kill de shedit movie maker family make dragula druide ceremony boss abbou lie louis bagi lest victimms course lung cer moskow blood smoking cancer LUNGEN CANCER
Sat Dec 08 08:06:29 +0000 2018	help hepatitis gang kill de shedit movie maker family make dragula druide ceremony boss abbou lie louis bagi lest victimms course lung cer moskow blood smoking cancer LUNG CANCER
Wed Nov 28 19:40:55 +0000 2018	phone conversation president Turkey discuss bilateral relation recent maritime tension
Thu Nov 08 17:41:00 +0000 2018	member nation constantly advanced culture civilization
Mon Dec 10 15:26:00 +0000 2018	President lecture country democracy human right freedom
Sat Nov 10 13:34:22 +0000 2018	
Sat Nov 24 22:59:52 +0000 2018	Tell invest
Tue Dec 04 13:10:10 +0000 2018	Allah protect protect Turkey great man
Wed Dec 05 08:39:46 +0000 2018	Speak press conference Esenboğa Airport follow Latin America tour President say continue enhance bilateral multilateral relation Latin American Caribbean country
Thu Nov 08 15:52:58 +0000 2018	Local Administration Policy Council convene chairmanship President
Fri Nov 30 14:35:54 +0000 2018	President Buenos Aires attend G20 Summit
Tue Nov 27 06:22:08 +0000 2018	dare arrest Citizen worker call world leader unfortunately Citizen NASA worker Turkish jail
Sat Nov 24 12:06:19 +0000 2018	Millet memleket Long Live Turkey Long live Pakistan
Tue Nov 27 14:10:05 +0000 2018	need smoke order
Tue Dec 04 16:29:39 +0000 2018	Erdo have affair Venezuela Tyrant ain guy syrian regime supporter drama 2012 lie care Syrian Tyrant like alike
Sun Dec 02 06:53:15 +0000 2018	President crisis resolve urgently Yemen independence sovereignty territorial integrity unity preserve 🇹 🇷 🇾 🇪
Mon Nov 26 23:03:29 +0000 2018	4th meeting Turkey Qatar High Strategic Committee hold attendance President Qatari Emir Sheikh Tamim bin Hamad Al Thani Istanbul Follow meet Turkish Qatari minister sign strategic cooperation protocol
Mon Nov 26 21:29:15 +0000 2018	treat Christian
Thu Nov 08 19:50:12 +0000 2018	Presidential Cabinet convene chairmanship President Presidential Complex
Wed Nov 21 17:00:20 +0000 2018	President address 43rd mukhtar meet presidential complex
Tue Nov 06 17:58:10 +0000 2018	President attend funeral Turkish businessman Abdullah Tivnikli
Thu Nov 29 12:03:15 +0000 2018	President receive Secretary State John Kerry
Thu Nov 22 06:56:22 +0000 2018	wait Saddam Hussein invade Kuwait world rise case sit bay watch genocide commit
Mon Dec 03 04:46:46 +0000 2018	Allah protect Sir Muslim leader strive protect Ummah
Sun Nov 25 21:19:35 +0000 2018	Mr Erdogan don ask extradition 18 Saudi man Saudi arrest stand trail Turkey maybe talk truth
Mon Nov 26 19:08:19 +0000 2018	Turkish President Turkey Qatar support hard time prove true friend time
Sat Dec 08 08:09:53 +0000 2018	help hepatitis gang kill de shedit movie maker family make dragula druide ceremony boss abbou lie louis bagi lest victimms course lung cer moskow blood smoking cancer LUNG CANCER DRUIDE RHEY CEREMONY
Tue Nov 27 13:20:22 +0000 2018	Long live president Assalamwalaikum
Wed Nov 28 06:53:25 +0000 2018	world wait President Turkey publicly release recording evidence murder inside Saudi Embassy president courage integrity release Wait
Sat Nov 24 14:08:46 +0000 2018	Deliver speech closing ceremony MUSIAD EXPO President say help support come Turkey invest mean
Sat Dec 01 08:12:12 +0000 2018	President meet Dutch Prime Minister Mark Rutte sideline G20 Leader Summit Buenos Aires Argentina President Erdoğan hold talk President Xi Jinping China President Sebastian Pinera Chile
Sat Nov 24 05:25:48 +0000 2018	President meet President Mohamed Abdullahi Mohamed Farmajo Somalia Vahdettin Mansion Istanbul
Wed Nov 28 00:46:08 +0000 2018	ca nt understand Turkish know speak beloved Prophet Hazrat Muhammad Beautiful speech beautifully deliver Love Pakistan Mr Rajab Ordugan honest brave leader love nation
Sat Nov 24 13:15:33 +0000 2018	general international al nation al truck diver get kidnap woman hide nearly death approach sleep truck truck ks key return Damian roten distribute shop edtgwork happen Sunday Swedish
Thu Dec 06 14:24:51 +0000 2018	Asslamu Alaikum sir
Fri Dec 07 14:06:23 +0000 2018	milk die cow
Mon Dec 10 18:58:50 +0000 2018	successor great Empire peace great ottoman Empire feel pain muslim brother humanity love leader live long ⚔ 🇵 🇰 🇹 🇷 ⚔ ✌
Tue Dec 11 08:47:23 +0000 2018	Appreciative & amp Great Work & amp Thank Oh Sir 😊 😊 👍 👍 ❤ ❤ Specially Love Pakistan 💚 💚 💚 💚 💚 😍 😍 😍 😍 😍 💐 💐 💐 💕 💕 👏 👏 👏 🙌 🙌
Fri Nov 09 17:59:36 +0000 2018	President receive Chairman Presidential Council Libya Fayez Al Sarraj Vahdettin Mansion ht …
Thu Nov 08 05:51:10 +0000 2018	President write op ed Washington Post Turkey effort enlighten Khashoggi kill
Sat Dec 01 18:31:22 +0000 2018	President meet Russian counterpart Vladimir Putin sideline G20 summit
Wed Nov 28 21:18:08 +0000 2018	kamelcaravan hold kidnapping ensence sale pope psychphate delevaux serge roessli rare silk carpet chelbani boss prepeare groung galic camel meat sell itegyptin way roh camel meat sand sun kook meat kill camel sin 1995 stat
Wed Nov 28 21:15:01 +0000 2018	kamelcaravan hold kidnapping ensence sale pope psychphate delevaux serge roessli rare silk carpet chelbani boss prepeare groung galic camel meat sell itegyptin way roh camel meat sand sun kook meat kill camel sin
Thu Nov 22 11:54:22 +0000 2018	importance attach today Turkey Russia Iran trilateral summit dear brother Hassan Rouhani host dear friend Vladimir Putin attend reflect Turkey care future Syrian brother sister
Sun Nov 25 10:38:28 +0000 2018	visit turkey 10 dear find Turkish youth smoke lot dangerous pls policy control
Sat Dec 08 16:35:55 +0000 2018	hear turkey power muslim country help rohingya muslim turkey pakistan saudia arabia muslim silent people kill sister mother rape indian army help
Sat Dec 08 16:39:15 +0000 2018	hear turkey power muslim country help rohingya muslim turkey pakistan saudia arabia muslim silent jammu kashmir people kill sister mother rape indian army help
Tue Dec 04 22:52:57 +0000 2018	President welcome official ceremony President Paraguay Mario Abdo Benitez Lopez Palace Asuncion
Sun Nov 25 18:59:16 +0000 2018	God bless protect Sir
Wed Dec 05 00:45:45 +0000 2018	Release audio & amp evidence murder world double standard game sanction & amp punishment apply weak body
Thu Nov 22 13:56:21 +0000 2018	Long live Erdogan 🙏 🏻 🙏 🏻 😘
Sun Dec 02 18:24:37 +0000 2018	open border 2welcome Syrian refugy smart way dumb & amp manipulate world usual 😼 sametime ask & amp wait Huge international donation Refugy get honn fair
Wed Nov 28 22:46:36 +0000 2018	situation china
Tue Dec 11 22:52:50 +0000 2018	way treat political opponent
Sat Nov 10 17:27:55 +0000 2018	President attend ceremony hold Anıtkabir 80th anniversary pass Mustafa Kemal Atatürk founder Republic Turkey
Wed Nov 28 13:26:34 +0000 2018	President address 34th Session COMCEC order break imperialist shackle arm utmost importance use national currency trade
Fri Nov 30 20:52:29 +0000 2018	official account Turkish Presidency English statement well correct English President Recep Tayyip Erdogan bilateral meeting President Chile Sebastian Piñera G20 Summit Argentina
Wed Nov 28 07:04:03 +0000 2018	Grand Jirga meet decide future
Mon Nov 26 15:55:12 +0000 2018	Long live Mr president 🇹 🇷 🇹 🇷 🇹 🇷
Thu Nov 29 07:31:09 +0000 2018	muller gmbh camel caeravan killer freeze hamburger sell camel caravan killer place sell china
Wed Nov 28 16:55:21 +0000 2018	course
Sat Nov 24 13:15:39 +0000 2018	approach truck driver Kontrol truck fur
Tue Dec 04 13:55:17 +0000 2018	future Turk bright integrity sincerity
Thu Nov 08 21:31:43 +0000 2018	Mr President hand blood
Sun Dec 09 17:24:51 +0000 2018	5/6 think effective stabil way prevent national socialism fascism secure democratic law order germany europe german kaiser
Mon Nov 26 13:41:49 +0000 2018	President meet Emir Sheikh Tamim bin Hamad Al Thani Qatar Istanbul attend 4th meeting Turkey Qatar High Strategic Committee
Thu Dec 06 12:00:29 +0000 2018	Trump able offer distinctive gift Putin good decision support Ben Salman
Wed Dec 12 11:50:03 +0000 2018	Wonderful work love Turkey
Sun Nov 25 14:09:11 +0000 2018	POWER ASK EYT ACCOUNT DON WASTE ASK WEAR
Wed Nov 07 16:38:27 +0000 2018	President Erdoğan Ukrainian authority friendship require display solidarity aftermath July 15 continue cooperation future fully remove FETO presence Ukraine
Wed Dec 12 14:13:33 +0000 2018	Strong Turkish Lira 🇹 🇷 🤫
Mon Nov 26 17:35:49 +0000 2018	absulately right Sir God bless protect
Wed Nov 21 16:31:46 +0000 2018	want Turkey old dark day vanish darkness
Wed Nov 21 17:10:55 +0000 2018	eu link common purpose corruption work uk
Sat Dec 01 23:54:27 +0000 2018	find legal solution Saudi believe gossip proof Believe Allah justice good conflict Saudi remove union ummah 73 need don trust owner terroristPKKs
Wed Nov 07 18:52:41 +0000 2018	World Leader 🇹 🇷
Tue Nov 27 03:27:01 +0000 2018	thank brother king erdogan help Dora seek ineed come turkey family
Thu Dec 06 13:17:04 +0000 2018	maE Lion KinG maE wisH wanna HuG
Mon Nov 26 12:56:04 +0000 2018	Request Great Leader start train connection connect Turkey Qatar Iran Pakistan time connect country build bridge
Sat Dec 08 12:09:57 +0000 2018	Lion Islamic world
Sun Nov 25 17:28:26 +0000 2018	MONSTER Involve Arming&amp Funding AlQaeda / WhiteHelmets Syria bring bfr time OUST SHAME
Mon Nov 26 14:29:32 +0000 2018	human umma shame haven say single word Uyghur Muslim good friend devil china genocide Uyghur Muslim
Sun Nov 25 00:49:58 +0000 2018	Muslim unite work
Mon Nov 26 01:43:41 +0000 2018	AUSTRALIA totally racist & amp paranoid paranoid indigenous people Chinese Muslim Indian south Italian Sudanese mentally sick society need hour Australia total revolution thank UNCLE
Sun Dec 09 13:23:39 +0000 2018	human killer game consider tghis loosing morning mouth anus urin anatorklia start brasil soya porc soya braziuil check wich country brasil soya NEED ASSISTANCE LAUSANNE LOUIS BAGI ANDCLUB MED SWIRTZERLAND
Mon Dec 10 12:02:18 +0000 2018	basel port aport killer kidnapper gang
Mon Dec 03 04:09:03 +0000 2018	Hi Sir wish meet breakfast strong Muslim Leader possible near blue mosque today Btw Malaysia
Mon Dec 10 09:46:54 +0000 2018	desxerve felicitation marx attorny want international trap John bank contracter contact world program way attorny killer louis bagi cool owner tire producer kool
Thu Dec 06 00:02:08 +0000 2018	Venezuelan citizen learn speak Chinese Russian Turkish language easy
Sat Dec 08 17:53:13 +0000 2018	dare talk violence French Police Kurdish people kill
Thu Nov 29 13:29:11 +0000 2018	faverge lausanne salt pepper mode gessnerallee non exist address
Sat Nov 10 09:16:28 +0000 2018	World king sultan erdogan
Wed Nov 28 15:29:39 +0000 2018	putter president world
Sun Dec 02 10:36:46 +0000 2018	World leader Recep Tayyip Erdogan
Sat Dec 08 17:36:30 +0000 2018	Hero Islamic world
Thu Nov 29 23:59:27 +0000 2018	Guitar Use Thick Alternating Current Iron Wire Ground Earth Pole Neutral LinePhase GroundEarth ReasonTeslaStepperTeslaBattery TelevisionTerrestrialTowerHighPowerTransmission TauMuonLepton Ultrasound TerrorAttack
Fri Nov 23 19:15:15 +0000 2018	coup ask John bank return merchandise suppose have stolenen entail 70 million comission ailed family member denounce kidnap messy geneva family members family member Airoport pick nabil malek mothe
Sun Nov 25 08:22:32 +0000 2018	Great Muslim leader Allah protect Salute Somali brother
Mon Dec 10 11:30:00 +0000 2018	Watch video closely day disgusted like drag street getting kill like Saddam Qaddafi Future
Tue Dec 04 13:23:03 +0000 2018	hero Muslim world
Sat Nov 10 01:20:44 +0000 2018	course UN duty
Tue Dec 04 16:22:50 +0000 2018	dear sir respect sir love turkey Turkey vry beautiful country
Sun Dec 02 12:42:15 +0000 2018	want scoolclass meetin past sc oolfriend endress billionaire 150 include attorny bankrupsy departmentz organize divorsed marriage orn bill billion bebt old bud insure cashbill billion in
Fri Nov 23 18:48:13 +0000 2018	powerful political leader contemporary world
Thu Nov 29 15:44:55 +0000 2018	Ardoyan good president world
Mon Dec 03 09:17:20 +0000 2018	lion Muslim world
Wed Nov 28 02:46:02 +0000 2018	Almighty Allah swt bless great Leader protect way
Wed Nov 28 06:49:39 +0000 2018	go happen quid pro quo Russian GRU & amp FSB agent help Trump steal election illegal exchange Trump hand approach Russia treason Helsinki
Fri Nov 23 18:12:00 +0000 2018	al mulle moskow victim lynx coat re4are fur coats moskow victim Makler lausanne gang shavi9ng Feet cream sexual part gel rape woman refuse t6o sign family live insurance
Sat Nov 24 13:18:07 +0000 2018	approach truck driver Kontrol truck fur dive border return truck
Wed Nov 28 23:06:19 +0000 2018	strong respect Turkey border overextend Constantinople belong Europe
Sat Nov 10 20:09:13 +0000 2018	good leader islamic world
Tue Dec 11 07:56:15 +0000 2018	great leader Muslim world
Mon Nov 26 13:50:18 +0000 2018	welcome guy fund terrorist host different actually Qatari live injustice life government insist protect killer murder
Mon Dec 10 16:25:56 +0000 2018	rahisi turkish good world
Fri Nov 23 15:37:03 +0000 2018	know Arab nation advise shall forever peace
Wed Nov 07 21:03:28 +0000 2018	hello prisedent know kind hearted person help save family
Tue Dec 04 21:25:39 +0000 2018	crush aka cow muter drinker 🐄 🐄 🤣 🤣 love power 🙏 💓 💓
Wed Nov 28 05:50:04 +0000 2018	nin
Mon Nov 26 10:30:59 +0000 2018	LADY LAUNCH FIR 4KHASHOGGI MURDER FIANCÉE REMAIND OUTSIDE CONSULATE 1st time 2nd time 💥
Thu Nov 22 12:53:09 +0000 2018	Albanian Kosovo start armed try kill innocent Serb people Kosovo curse save Serbian people Kosovo Metohija Help Serbia protect people genocide
Thu Nov 22 20:31:58 +0000 2018	love bold stand brutal kill Saudi journalist
Mon Dec 10 17:44:01 +0000 2018	want honour
Mon Dec 10 21:32:48 +0000 2018	hope Islamic world ❤ ️ 🇹 🇷
Tue Dec 11 05:47:44 +0000 2018	powerful political leader contemporary turbulent world
Tue Dec 11 09:48:13 +0000 2018	Welcome new world Macron
Sat Dec 08 18:20:32 +0000 2018	wanna talk democracy^^
Wed Nov 21 19:02:38 +0000 2018	President Erdoğan speak phone President Trump leader exchange view Jamal Khashoggi murder ongoing FETO investigation anti terror fight Syria bilateral economic relation
Wed Dec 12 17:02:07 +0000 2018	like area secure mean like Afrin Bab Cerablus Azaz 😂 😂 fuck turkey ✌ 🏻
Fri Nov 23 21:43:53 +0000 2018	Salam Pakistan passport arrival list turkish territory do nt wait visit enjoy long holiday november 2018
Thu Nov 22 11:54:43 +0000 2018	Turkey try stop bloodshed Syria crisis break discrimination rush help Syrian brother sister Today past Syrian brother sister suffer nosebleed
Tue Dec 04 22:32:09 +0000 2018	200 000 South Korean Wartime Sex Slave Fake News say Historian Interview Dr Ikuhiko Hata｜JAPANForward（5th April 2017 12 31
Sat Nov 24 10:05:10 +0000 2018	shop robbery surveillance hairless national bank shop robbery surveillance happen Istanbul Ankara
Thu Nov 08 13:05:40 +0000 2018	successful world king sultan erdogan
Wed Nov 21 20:57:49 +0000 2018	Completion Ceremony Offshore Section TurkStream Project
Wed Nov 28 09:44:56 +0000 2018	President Erdoğan right narrow boundary brotherhood Islam draw Lord Prophet believer place heart Muslim Ummah billion people humanity
Sun Nov 25 19:29:17 +0000 2018	KNOW KIDNAPPERS WEALTHY JINDUJA FAMILY GENEVA INDIA IRAN LONDON ASHOK LEYLAND OWNERS
Tue Nov 27 21:09:29 +0000 2018	White House say President meet counterpa summit doesn plan meet Crown Prince think meet try bring Erdogan MbS Eventually salesman
Sat Dec 01 21:51:47 +0000 2018	⁦⁩ row fellow ⁦⁩ analyst ⁦⁩ ⁦⁩ press conference
Wed Nov 28 16:03:18 +0000 2018	people protest inhumane criminal bad day
Thu Dec 06 10:32:39 +0000 2018	Great Leader Muslim World Allah bless
Mon Dec 10 14:57:18 +0000 2018	good leader world RECEP TAYYIP ERDOGAN Canada love ERDOGAN
Mon Dec 10 21:28:48 +0000 2018	hope Islamic world ❤ ️ ❤ ️ 🇹 🇷 🇹 🇷
Mon Dec 03 10:44:06 +0000 2018	steal handied theirs olleague becheley franc victim team kill ictim elf aquitain
Mon Nov 26 15:11:11 +0000 2018	great leader great nation God bless family people 😊 👍 🏻
Sun Dec 02 21:15:31 +0000 2018	example Muslims leader Love TayyipErdogen ALLAH shower blessing ur family friend country people Allah protect evil strength fright Ameen Suma Ameen
Thu Nov 08 11:21:07 +0000 2018	leader proud leader thi Muslim world Pakistan 🇵 🇰 🇵 🇰
Thu Dec 06 02:28:30 +0000 2018	want Muslim ruler world Pakistan
Mon Dec 10 00:15:50 +0000 2018	pakistan come turkey meet
Sat Nov 10 16:09:01 +0000 2018	Ok President Erdogan way guy operate release audio internationally start blame confirm audio audio public
Fri Nov 23 12:44:45 +0000 2018	Turkey Erdogan meet Saudi Crown Prince G20 summit Haber President say meet Crown Prince visit summit broadcaster Haber report Thursday
Sat Nov 10 11:12:46 +0000 2018	Turkey continue effort fair world
Sat Dec 01 23:37:30 +0000 2018	President say evidence kill minute share evidence country demand
Wed Nov 21 16:08:54 +0000 2018	work pave way youth field
Sun Dec 02 08:55:49 +0000 2018	Asslam alaikum Happy Sindhi culture day Iam proud Sindhi
Mon Nov 26 11:34:41 +0000 2018	Neuchatel CH aeria supermarket yvedrdon chaux de fonds fritsch clinic prevent psoriasis exemas passiv virus holder copy toMr trump Mr putin twitter dr carlo fritsch clinic prevent psoriasis exemas passiv virus holder copy
Fri Nov 23 13:31:06 +0000 2018	Report Bermuda Triangle & amp Meeting BURY Evidence BRUTAL Murder Journalist
Tue Dec 04 22:30:45 +0000 2018	Son Comfort Women Perjurer Yoshida Remove Unbearable Apology Inscription JAPANForward （ 15th 2017 12 15
Thu Nov 22 13:19:08 +0000 2018	pussy shelter half refugee willingness continue fully support unprecedented effort host address need million refugee million Syrian people 👏 🏽
Wed Nov 28 06:58:29 +0000 2018	Foreign Force leave & amp Afghan
Mon Nov 26 13:49:08 +0000 2018	Summary Week November 19 25 2018
Sat Nov 24 13:27:27 +0000 2018	Turkey World king sultan erdogan love Bangladeshi
Sat Dec 01 14:55:06 +0000 2018	important lider World proud
Wed Dec 12 11:08:41 +0000 2018	No1 leader 21st century
Sat Nov 24 12:41:00 +0000 2018	swisswide passport ready convoy steal county world tour return swiss foreign worker
Sun Dec 02 21:45:17 +0000 2018	los angeles kidnapping rain family invite yacht club member owner sailing club exclusive usa bol winner catamaran kidnapping
Sat Nov 24 11:21:55 +0000 2018	demiere silvia power attorney senator rain kill
Sun Dec 09 10:52:30 +0000 2018	Turqui victim nabil malek stomc ulcer destoy roh meat stomac bleedig non stop stomac model kill hidden death TMC OERLIKON SWITZERLAND HEAD OFFICE WEIBEL MOREPARK GANG SHOWS ROOM OWNDERS RIOTA BAGI MARX KURT DEBETA
Sat Nov 10 07:32:51 +0000 2018	agent Freemasons leader Republic Turkey possible thing rub Islam pass Recep Tayyip Erdoğan wake spirit Islam Turkey Long live Erdoğan Burn hell Mustafa Kemal Atatürk
Fri Nov 09 08:54:50 +0000 2018	Allah bless turkey people great leader world Recep tayyip erdogan
Tue Nov 06 17:41:05 +0000 2018	time world join turkey pressure kingdom savage murderer face justice
Thu Dec 06 10:52:15 +0000 2018	world medium allow incident incident Khachhoggi
Wed Dec 12 13:56:56 +0000 2018	Inshaallah lion arab world israel Rest puppet america nato & amp europe
Tue Nov 27 18:43:10 +0000 2018	Recep Tayyip Erdogan & amp Allama Khadim Hussain Rizvi ReaL Leader Muslim UmmAh Note Ask Leader Feel Pain Ummah
Wed Dec 12 16:22:52 +0000 2018	speech Terrorist Erdogan shitty Terrorist rapist Islamist Armee
Tue Nov 27 22:41:32 +0000 2018	great leader Turks lucky leader Turkey follow work
Wed Dec 12 08:40:20 +0000 2018	kopy trump 12 komplice hire inside intern ational want heroin blood loose gang handicap foundation alain blance attorney
Sat Nov 24 03:30:49 +0000 2018	don understand Turkish like post Mr Erdogan Post think unlike Long Live Mr Erdogan Turkish like wounderful Leader like country
Wed Dec 12 16:33:07 +0000 2018	President Erdoğan determine turn east Euphrates peaceful livable place true owner like area secure Syria
Mon Dec 10 19:20:47 +0000 2018	2018 winner Presidential Culture Arts Grand Award designate
Mon Dec 10 12:40:46 +0000 2018	President Erdoğan call open border million refugee flock Turkey meet people head soil harsh measure foremost barbed wire wall
Tue Dec 11 04:33:35 +0000 2018	hedef 31 mart
Fri Nov 30 04:23:47 +0000 2018	Welcome President 🇹 🇷 arrive Argentina participate 🇹 🇷
Thu Dec 06 12:22:42 +0000 2018	Turkey forge trade cultural partnership Latin American country
Fri Nov 09 11:08:37 +0000 2018	wait send message world close embassy kill cut tie
Wed Dec 12 14:17:04 +0000 2018	admire true leader muslim world ALLAH bless Love pakistan
Sun Dec 02 01:19:14 +0000 2018	Turkish vs army click link watch video blow
Thu Dec 06 10:47:46 +0000 2018	map draw Ibn Salman determine money cooperation leader world large nation run exclude people desire
Mon Dec 10 15:07:31 +0000 2018	bring old writing style turkish arabic alphabet
Mon Dec 10 10:41:23 +0000 2018	frefuse sozial department lausanne investigation come debeta kurt place chauderon social department
Wed Dec 05 07:55:20 +0000 2018	Slave buy easy today man sell Africa slavery aware happen ignorant bastard act free buy sell costume jewelry fake money today print money buy nation funny slave
Tue Dec 04 20:54:07 +0000 2018	31 Mart ent
Tue Dec 04 22:50:14 +0000 2018	Japan ODA China — End Momentous Foreign Policy Failure JAPANForward （ 8th November 2018 11
Wed Dec 05 07:22:56 +0000 2018	President Erdoğan invite student Adana Ticaret Odası High School visit nearby July 15 Martyr Memorial tea host Presidential Complex
Wed Nov 21 15:48:55 +0000 2018	Hello miracle exist cure sort disease spell sort contact email genuine answer lot husband help Email capitalcure com / hangout drzanziba com
Thu Nov 22 11:51:51 +0000 2018	Allah present 🇹 🇷 🇹 🇷 🇹 🇷 🇸 🇴 🇸 🇴 🇸 🇴 ❤ ❤ ❤ Love Muslim Arround world ❤ ❤ ❤
Wed Dec 12 14:33:37 +0000 2018	Dear president leader turkish gift fr m Allah muslim world love respect fr0 m pakistan ✌
Sun Dec 09 07:53:50 +0000 2018	sure EU want join Macron Junker EU huge prison people EU finish call leader
Wed Nov 07 18:00:45 +0000 2018	Sir great people Ashish Kumar kalbhor India big fan want live country want cityzenship country pharmacist student job country Thankyou sir
Wed Dec 12 16:18:59 +0000 2018	present humanitarian message behalf Iraqi refugee Turkey official international community human right organization world convey suffering wait neglect
Wed Nov 21 19:58:53 +0000 2018	President Erdoğan meet President Trump dinner host President Macron France honor head state government international organization spouse
Wed Dec 05 22:51:39 +0000 2018	bring Ottoman Empire time Islamic native language Arabic
Sat Nov 10 06:46:56 +0000 2018	undefeated military career great general 20th century Mustafa Kemal defeat Britih Empire Napoleon Hitler Fail Mustafa Kemal Muhammad Ali Jinnah great leader 20th century world
Wed Dec 12 17:02:37 +0000 2018	don know translate original Turkish actually say break international law invade Syria support Islamic State brother Hajin attack Kurd American win rest Syria burn
Mon Nov 26 10:17:28 +0000 2018	Dear Sir see medium happy catch MBs killer Khashoggi sir force 2create enormity
Mon Nov 26 18:13:52 +0000 2018	highly recommend watch Promise highly acclaimed film Armenian Genocide Armenian culture treasure world bravery remember world eye
Fri Dec 07 08:29:17 +0000 2018	sevim apply EUROPEAN UNION UN NATO embargo turkey thing go punish chef tahip erdogan he s law germany policy prove love kurd turk today go hunger strike day poeple hunger strike
Thu Nov 08 13:39:27 +0000 2018	physicist scientist world million invite disprove mechanical engine formula answer stand
Sat Dec 01 20:11:46 +0000 2018	think Saudi Arabia keep collude Russia go eat date
Sat Nov 24 07:46:05 +0000 2018	Fake News coming form Qatar Washington Post big money destroy try build Specialy Elected Fake muslim lady Ilhan Omar Qatar big money Ilhan Omar elect 🍁 👽
Wed Dec 12 16:58:14 +0000 2018	determine turn east Euphrates peaceful livable place true owner
Sun Nov 11 00:21:45 +0000 2018	today work establishment peace calm region past
Mon Dec 10 09:47:10 +0000 2018	kn tire exporter switzerland algeria bentley ross ferrari tires racing tire DONTREACT CONSIDER WAR MOBILISATION POPULATION
Sat Nov 24 17:45:53 +0000 2018	hear voice help Stop agent country do nt send
Sun Dec 09 01:03:24 +0000 2018	Father mother probably close person call moslem leader world today uighur brother sister China
Wed Nov 28 22:17:15 +0000 2018	12 mile ☺ ️from Greece
Sat Nov 24 07:43:11 +0000 2018	Lady Erdoğan condition family bear shape stance life
Wed Nov 07 06:57:24 +0000 2018	President Erdoğan allow want engulf Idlib entire Syria fire blood provoke regime resurrect DAESH stop destroy terrorist group east Euphrates
Wed Nov 28 22:18:04 +0000 2018	12 mile
Wed Dec 12 16:27:39 +0000 2018	President Erdoğan long threat DAESH Syria know pretext stalling tactic know DAESH element region feed train keep ready necessary
Tue Nov 27 01:36:20 +0000 2018	CHIT BLINDFOLD little kid see BEAT know joke caption know REASON beat
Tue Dec 04 11:13:05 +0000 2018	continue high level Turkish State historian speak 100 year high time responsible repair crime
Mon Nov 26 19:49:15 +0000 2018	Summary Week November 11 2018
Tue Dec 04 22:41:47 +0000 2018	［EDITORIAL Dissolve Comfort Women Foundation South Korea Put Ties Japan Risk JAPANForward （ 29th November 2018 11 27
Wed Nov 28 05:27:50 +0000 2018	Trump meet bin Salman G20 amid Khashoggi fallout
Sat Dec 01 21:08:07 +0000 2018	Attend meeting President President Pm
Fri Nov 30 15:41:48 +0000 2018	Russian President Putin Saudi Crown Prince bin Salman embrace laugh G20 Argentina
Wed Dec 05 07:13:46 +0000 2018	continue enhance bilateral multilateral relation Latin American Caribbean country
Sat Nov 10 06:49:32 +0000 2018	pray brother sister kill earthquake tsunami Indonesia wish speedy recovery wound offer deep condolence people Indonesia Turkey prepare power help Indonesia heal wound
Sat Nov 24 05:29:15 +0000 2018	woman work life strengthen country proud success
Thu Nov 08 17:57:17 +0000 2018	President Erdoğan Turkey continue defend right interest Crimean Tatar irrespective live Crimea leave region follow occupation
