created_at	text
Wed Dec 12 11:19:02 +0000 2018	America terrorist country arm terrorist syria kill million civillian syria Turkey wabts peace region unlike america america want petroleum israel state syria go happen
Wed Dec 12 11:20:47 +0000 2018	America terrorist country arm terrorist syria kill million civillian syria Turkey want peace region unlike america america want petroleum israel state syria go happen
Thu Nov 22 11:52:57 +0000 2018	necessary avoid fait accomplis pretext fight terrorism resist separatist effort seek undermine Syria territorial integrity national security neighboring country
Thu Nov 08 17:06:39 +0000 2018	urge Turkey friend action terrorist organization FETÖ member claim life 251 Turkish citizen night July 15 2016
Wed Dec 12 16:22:52 +0000 2018	speech Terrorist Erdogan shitty Terrorist rapist Islamist Armee
Mon Nov 26 12:44:42 +0000 2018	Speak International Symposium Drug Policy Public Health President say act uncompromisingly drug dealer steal child health terrorist organization send young people death
Tue Nov 27 06:42:33 +0000 2018	Turkey terrorist state leader history world imprison people lock & amp & amp weak need Mr President
Thu Nov 08 15:45:45 +0000 2018	Presidential Spokesperson Kalın allow terrorist formation east Euphrates
Sun Dec 09 17:24:37 +0000 2018	4/6 Germany lot terrorist pkk feto dhkp al qaida isis know terrorist 9/11 come germany
Wed Dec 12 16:09:04 +0000 2018	Feel sorry Turk public hear true story Opposition news shut arrest Turkey Akp rogue terrorist state
Wed Nov 21 18:18:23 +0000 2018	Assalamualaikum wbt Look Saudi Arabia ye terrorist group thank
Sun Dec 02 01:18:03 +0000 2018	Canadian involve Counter Terrorism good heart believe right Khashoggi kill Mohammed bin Salman Prince murderer
Sun Nov 25 15:27:21 +0000 2018	Turkey need release tape STOP Corruption Cover Good Friend Business Interest MBS Saudi Butcher world call Little Saddam Release Tape Cover stop
Wed Dec 12 18:15:31 +0000 2018	want peaceful solution real terrorist Idlib want destroy Kurd Hey Oglum Kerdogan Anane Götene Sikerim hey Manyak Domuz ibne
Wed Dec 12 18:15:08 +0000 2018	Erdogan filthy terrorist way Ottoman Slap promise American Manbij love Ottoman Slap
Fri Nov 23 16:57:56 +0000 2018	say poor oppresed terrorist 2015 fix historical mistake help stop oppression
Tue Dec 04 14:28:07 +0000 2018	Turkish President Erdogan Sir Anti persecution policy progress prosperity world Greetings Economic Development Director Omar ALhunaiti
Sun Nov 25 17:13:10 +0000 2018	Shameful Caught Financing AlQaeda Terrorist Syria pretend bomb ISIS terrorist destroy Syria&amp Syrian
Thu Nov 08 05:50:05 +0000 2018	President Erdoğan Istanbul Airport architecture construction operation financing project source pride Turkey set example world thank contribute huge project
Mon Nov 26 13:50:18 +0000 2018	welcome guy fund terrorist host different actually Qatari live injustice life government insist protect killer murder
Tue Dec 04 15:02:21 +0000 2018	terrorist dictator
Mon Dec 10 23:36:27 +0000 2018	good speech world human right day
Thu Nov 08 14:18:24 +0000 2018	ban western medium channel Muslim international organisation check terrorism america al
Thu Dec 06 10:47:46 +0000 2018	map draw Ibn Salman determine money cooperation leader world large nation run exclude people desire
Sat Dec 01 20:21:39 +0000 2018	Erdogan say Islamic world international public opinion satisfy reveal responsible murder
Sat Nov 24 07:54:08 +0000 2018	past president family kill opposition tribue private plane jeep machine gun wild animal human
Sat Nov 10 12:44:16 +0000 2018	know put bounty ringleader Qandil collude terrorist point ringleader Iraq target conduct patrol arm arm Syrian member organization think deceive
Wed Nov 21 17:10:55 +0000 2018	eu link common purpose corruption work uk
Thu Nov 29 18:09:51 +0000 2018	Erdogan false thief support terrorism kick
Wed Nov 21 19:02:38 +0000 2018	President Erdoğan speak phone President Trump leader exchange view Jamal Khashoggi murder ongoing FETO investigation anti terror fight Syria bilateral economic relation
Sat Nov 24 12:29:09 +0000 2018	invest fail economy investment smoke slightest whim Turkish dictatorship
Sun Dec 02 18:16:24 +0000 2018	trailer trash consider fuck terrorist shit brain filth
Sun Dec 02 06:53:15 +0000 2018	President crisis resolve urgently Yemen independence sovereignty territorial integrity unity preserve 🇹 🇷 🇾 🇪
Sat Nov 24 22:55:39 +0000 2018	Speak ceremony Istanbul Medeniyet University President say University center freedom pioneer change world
Sat Nov 10 21:31:50 +0000 2018	good Killer Crown Prince
Sun Dec 09 13:23:39 +0000 2018	human killer game consider tghis loosing morning mouth anus urin anatorklia start brasil soya porc soya braziuil check wich country brasil soya NEED ASSISTANCE LAUSANNE LOUIS BAGI ANDCLUB MED SWIRTZERLAND
Wed Nov 07 06:57:07 +0000 2018	destroy terrorist group east Euphrates
Thu Dec 06 10:53:01 +0000 2018	intelligence Trem Build country economy aid blackmail Gulf prince fragile building relation
Thu Nov 22 11:46:20 +0000 2018	Turkey favor free trade free movement person field expect responsible action matter economy trade
Thu Nov 08 17:06:49 +0000 2018	urge party assume principled stance terrorist organization Syria
Thu Nov 22 11:54:06 +0000 2018	today summit Tehran Turkey clearly state resort method disregard civilian life play hand terrorist
Thu Dec 06 09:59:32 +0000 2018	Turkey ask Human Right Watch Turkey formally request United Nations conduct international independent investigation Khashoggi death
Tue Nov 27 11:11:36 +0000 2018	Cut crap big sponsor jihadist group big terrorist organization
Wed Nov 21 16:13:47 +0000 2018	President praise 2013 Gezi Park protest supporter terror group like PKK Fetullah Terrorist Organization FETO
Tue Dec 11 01:36:27 +0000 2018	Great economy Humantarian aid close Humantarian Aid country face economy crisis donate Palestine
Mon Dec 10 15:26:00 +0000 2018	President lecture country democracy human right freedom
Thu Dec 06 10:07:44 +0000 2018	Trump money prince Mohammed bin Salman Search ll find
Wed Dec 12 16:18:59 +0000 2018	present humanitarian message behalf Iraqi refugee Turkey official international community human right organization world convey suffering wait neglect
Thu Nov 29 11:06:33 +0000 2018	discuss G20 meeting challenge global economy face
Mon Dec 10 11:22:23 +0000 2018	World Human rigts day
Sun Dec 09 17:24:51 +0000 2018	5/6 think effective stabil way prevent national socialism fascism secure democratic law order germany europe german kaiser
Mon Dec 10 18:22:17 +0000 2018	Dear Erdogan like request speak Ulama general public imprison crime raise voice talk Pakistani PM
Sun Nov 25 18:16:20 +0000 2018	Salamoalakm sir Pakistani leave Dubai come turkey money plea help sir thankful
Wed Dec 05 11:30:56 +0000 2018	need lawyer & amp Ngo human right law social development education economy & amp technology stop defend & amp sponsor Zionist & amp fascist
Wed Dec 05 14:58:49 +0000 2018	USA tel Pakistani citizen terrorist & amp bar fate deserve
Tue Dec 04 13:55:17 +0000 2018	future Turk bright integrity sincerity
Wed Nov 28 06:49:39 +0000 2018	go happen quid pro quo Russian GRU & amp FSB agent help Trump steal election illegal exchange Trump hand approach Russia treason Helsinki
Thu Nov 29 07:15:16 +0000 2018	Turkish President Turkey nation address challenge face global economy week G20 summit Argentina
Sun Dec 09 18:32:35 +0000 2018	reject offer investigation leak drop investigation return 25 billion dollar Saudi investment lift embargo Withdraw label terrorist group
Sat Nov 24 13:15:33 +0000 2018	general international al nation al truck diver get kidnap woman hide nearly death approach sleep truck truck ks key return Damian roten distribute shop edtgwork happen Sunday Swedish
Wed Nov 07 05:01:19 +0000 2018	Khalifa Allah continue protect bless tread human right infringe Allah defend coup like defend Believer Gawatuil Badr
Thu Dec 06 11:39:02 +0000 2018	barbarism Al Saud unfold midst international silence silence money wealth Saudi people
Mon Dec 10 16:29:38 +0000 2018	serve human right help truly Give right person citizen Human right council work eradicate sex violence war end
Thu Dec 06 13:41:40 +0000 2018	Trump insistence support Ben Salman nominate enter Guinness encyclopedia dumb man history
Thu Nov 29 13:28:53 +0000 2018	check vergotten hand language bring i8nto terminal koming frequence terrorism russian plane emercancy land come nabil malek organize crash insurer plane ship packbord delevaux sarl lpcate travel
Wed Nov 07 19:34:10 +0000 2018	condemn terror attack Pittsburgh synagogue extend heartfelt condolence family victim American people Turkey unequivocally condemn form terrorism part world regardless target
Wed Nov 28 21:43:47 +0000 2018	president say wide range challenge global economy face discuss meet president say discuss Manbij issue counterpart Trump Argentina
Mon Dec 03 10:02:07 +0000 2018	asalam 3likum hope Allah grace hero ummah request expand operation kurdish area finish terrorist هجين place
Wed Nov 07 06:57:24 +0000 2018	President Erdoğan allow want engulf Idlib entire Syria fire blood provoke regime resurrect DAESH stop destroy terrorist group east Euphrates
Wed Dec 12 13:59:29 +0000 2018	Like Afrin military plunder people Shame
Thu Nov 29 20:29:42 +0000 2018	Right Twitter dog insult attack killer Derecho Los perro de Twitter de MBS insultan atacan Erdogan
Tue Dec 11 03:11:23 +0000 2018	English translation 17th large economy world fact place humanitarian aid arise fact money rich heart rich
Thu Dec 06 11:39:55 +0000 2018	medium stand strongly responsible human right issue repeat tragedy
Sun Nov 25 05:59:34 +0000 2018	case hadn hear Islam slay innocent human equivalent slay mankind King Salman bin Abdulaziz
Mon Dec 10 15:19:56 +0000 2018	Translation 17th large economy world fact place humanitarian aid lot money heart rich 🇹 🇷 love India
Thu Nov 08 11:16:15 +0000 2018	request Muslim report anti Islamic tweet man
Wed Nov 21 18:29:26 +0000 2018	elevate country designer producer status sector
Fri Nov 30 09:52:39 +0000 2018	God Save Turkey Turkish administration strong message tyranny world case Saudi Regime Afaf Aniba Human Right Activist Algeria
Mon Nov 26 14:29:32 +0000 2018	human umma shame haven say single word Uyghur Muslim good friend devil china genocide Uyghur Muslim
Sun Dec 02 08:50:34 +0000 2018	person earth feign indignation MBS human right abuse credibility zero issue don want Saudi crown prince protect pariah 20 summit
Mon Nov 26 13:20:34 +0000 2018	money
Mon Nov 26 21:45:27 +0000 2018	Turkey want money Qatar
Thu Dec 06 11:32:32 +0000 2018	Trump isolate Ibn Salman people care human right allow injustice stand face want shed blood
Mon Nov 26 17:35:49 +0000 2018	absulately right Sir God bless protect
Sat Nov 24 13:18:07 +0000 2018	approach truck driver Kontrol truck fur dive border return truck
Wed Nov 28 06:53:25 +0000 2018	world wait President Turkey publicly release recording evidence murder inside Saudi Embassy president courage integrity release Wait
Mon Dec 10 23:35:01 +0000 2018	great meritocratic leader public turkey
Tue Nov 27 01:42:04 +0000 2018	Hon ble ENABLE FOLLOW & amp EQUALITY AURA ENHANCE GDP TRILLION & amp HOLD SOLUTION Inconvenience cause deeply regret BRgds
Wed Dec 05 16:58:51 +0000 2018	la aynı cümleler ama kimse Macron diktatör demedi
Wed Nov 28 18:11:16 +0000 2018	SALAM ISMAIL FRIEND ACTION KURDE SLOGAN PRESIDENT HELP KURDE CRUEL SITUATION SWISS LIKE VISA CARD GOVERNMENT 150 SFR /DAY AMBASSY BERN MEMET SEKER MONEY POOR ISMAIL
Sat Nov 24 13:15:39 +0000 2018	approach truck driver Kontrol truck fur
Mon Dec 10 15:00:12 +0000 2018	human right Turkey & amp powerful President change eventually ll ll option maybe leave jail nuclear bomb Turkey don belong family bang bang brother
Sun Dec 02 09:58:49 +0000 2018	old archive Follow money trail
Sun Dec 02 01:16:33 +0000 2018	⁦⁩ say interest harm Saudi Arabian state Saudi royal family believe bring light aspect murder prosecution perpetrator interest Saudi Arabia
Thu Dec 06 11:47:42 +0000 2018	free press exploit action Al Saud scoop pre high purpose worthy initiative
Mon Nov 26 18:11:31 +0000 2018	SHAME RUTHLESS DICTATOR HYPOCRITE LIAR WAY BEHAVE SAUDI ARABIA CARE HUMAN RIGHT ISSUE ARREST 60 THOUSAND INNOCENT PEOPLE ATTEMPT COUP QATAR MONEY BLIND
Sat Dec 08 10:04:05 +0000 2018	BRASIL ROTTERDAM PORC SOYA EXPORT LOANDRY MONEY
Thu Nov 29 13:39:57 +0000 2018	need recognise moment fight war West 10 000 die conflict start pressure need UK irrelevant power
Mon Dec 10 09:47:10 +0000 2018	kn tire exporter switzerland algeria bentley ross ferrari tires racing tire DONTREACT CONSIDER WAR MOBILISATION POPULATION
Mon Dec 03 18:09:20 +0000 2018	summit president say international community responsible suffering |i people particularly state political solution way achieve last
Thu Nov 29 16:18:44 +0000 2018	Turkish intelligence official kidnap Abdullah Ocalan African country demand release disclosure fate
Tue Nov 06 17:41:41 +0000 2018	blood money axis murderer
Wed Nov 28 09:44:56 +0000 2018	President Erdoğan right narrow boundary brotherhood Islam draw Lord Prophet believer place heart Muslim Ummah billion people humanity
Wed Dec 12 08:38:57 +0000 2018	rouiller bernard piguet gang steal family thit themm death foundation ambassador silvester stallone present wse hear abouthn jour moscow case open offer foundation inside rouilledr serge cash heroin cash ownedr stallon
Tue Dec 04 22:27:59 +0000 2018	Press Conference Chief Cabinet Secretary ［Japanese Government Internet TV］ Prime Minister Japan Cabinet Homepage （ 29th November 2018（A ） ）
Wed Nov 21 15:21:04 +0000 2018	Lady Erdoğan Fight child labor priority state
Wed Dec 12 08:38:27 +0000 2018	rouiller bernard piguet gang steal family thit themm death foundation ambassador silvester stallone present wse hear abouthn jour moscow case open offer foundation inside rouilledr serge cash heroin cash ownedr stallon kopy trump
Wed Dec 05 07:55:20 +0000 2018	Slave buy easy today man sell Africa slavery aware happen ignorant bastard act free buy sell costume jewelry fake money today print money buy nation funny slave
Tue Dec 04 22:21:09 +0000 2018	［press Conferences］ Extraordinary Press Conference Foreign Minister Taro Kono Ministry Foreign Affair Japan （ 30th October 2018 22
Tue Dec 04 22:20:22 +0000 2018	［Press Conferences］ Press Conference Foreign Minister Taro Kono Ministry Foreign Affair Japan （ 6th November 2018 50
Mon Dec 10 13:41:30 +0000 2018	Pardon Human right Siz mi dediniz
Wed Dec 05 07:13:46 +0000 2018	continue enhance bilateral multilateral relation Latin American Caribbean country
Thu Dec 06 11:40:33 +0000 2018	America build national economy aid blackmail Gulf prince Strategy maks America fall day night
Thu Nov 29 13:34:45 +0000 2018	check worldwide boutique garuda faverge lausanne stamp gertrud muller send vergotten gertrud muller hotel follower inside aviation destroyer terroristr get fake identity read send hedr behalf alias de roosa arlette
Fri Nov 09 05:28:30 +0000 2018	run right Turkish dictator right way shame USA
Sun Dec 02 21:15:31 +0000 2018	example Muslims leader Love TayyipErdogen ALLAH shower blessing ur family friend country people Allah protect evil strength fright Ameen Suma Ameen
Mon Dec 10 18:05:04 +0000 2018	Happy human right day restore Kurd right
Mon Nov 26 11:34:41 +0000 2018	Neuchatel CH aeria supermarket yvedrdon chaux de fonds fritsch clinic prevent psoriasis exemas passiv virus holder copy toMr trump Mr putin twitter dr carlo fritsch clinic prevent psoriasis exemas passiv virus holder copy
Mon Dec 10 09:46:54 +0000 2018	desxerve felicitation marx attorny want international trap John bank contracter contact world program way attorny killer louis bagi cool owner tire producer kool
Fri Dec 07 16:10:20 +0000 2018	Hi President Jamal Hasogdis Murder Case Solve International Testing Committee establish Istanbul International politics exclude Saudi heir rank
Wed Nov 07 12:34:24 +0000 2018	President Erdoğan assume engage activity Eastern Mediterranean Aegean cost Turkey start understand wrong allow bandit sea punish terrorist Syria
Wed Nov 21 16:08:44 +0000 2018	President Erdoğan Country decision obtain natural gas accordance circumstance respect Pressure violate state sovereign right prevent serve citizen benefit
Sun Dec 09 11:06:35 +0000 2018	HELLO offer good quality logo design related service reasonable visit order design
Tue Nov 27 15:22:55 +0000 2018	Leader head state demand Saudi Prince answer atrocity commit Khashoggi wonder Saudi able provide Khashoggi family body
Tue Dec 04 10:49:03 +0000 2018	Absolutely correct Turkey economic position downgrade week G20 Argentina right downgrade complete corrupt con UN crook
Tue Dec 04 08:01:10 +0000 2018	resolve preserve momentum achieve past year enhance relation say news conference alongside Venezuelan counterpart Nicolas Maduro capital Caracas
Tue Dec 04 17:14:44 +0000 2018	Thank support Mr words action reference sovereign country Turkey Venezuela form brotherhood
Tue Dec 04 22:38:43 +0000 2018	Announcement Foreign Ministers Japan Republic Korea Joint Press Occasion Ministry Foreign Affair Japan （ 28th December 2015 ）
Mon Dec 10 08:49:46 +0000 2018	order model fashion cut vagina use prostitute private porno channel
Fri Nov 23 20:30:47 +0000 2018	hope Allah SWT pray citizen Indonesia 🇮 🇩 fight Palestina 🇵 🇸 ll support stand Allahu Akbar 🙏 🙏 🙏
Mon Dec 10 16:35:58 +0000 2018	Right sir rich heart ❤ 💕 🙌
Mon Dec 10 11:32:17 +0000 2018	Human right Day Kashmir shut Joint Hurriyat
Sun Dec 02 07:17:05 +0000 2018	President meet President Turkey discuss bilateral cooperation situation Idlib meeting leader meet inauguration gas pipeline offshore section
Sat Dec 01 23:17:59 +0000 2018	like dog bone Slow roasting spit roast BS SA
Mon Dec 03 18:27:57 +0000 2018	continue high level Turkish State historian speak 100 year high time responsible repair crime
Fri Nov 30 22:15:26 +0000 2018	President Recep Tayyip Erdoğan Argentina G20 Leader Summit receive Prime Minister Mark Rutte Netherlands
Sat Dec 08 18:41:41 +0000 2018	Lady Erdoğan responsible life quality future generation today
Sun Nov 25 15:40:07 +0000 2018	Police barricade Istiklal Avenue Istanbul rally protest woman disperse street police intervention November 25 International Day Elimination rally
Mon Dec 03 19:21:26 +0000 2018	video Turkey dictator deny unpunished crime commit party racist killer name Video G20 summit Argentina
Wed Nov 28 15:46:19 +0000 2018	FREEDOM POLITICAL PRISONER FREE DEMIRTAS FREEDOM KURDS FREEDOM CYPRIOT FREEDOM TURKS SYRIA BELONG SYRIAN
Wed Nov 28 21:29:52 +0000 2018	president say wide range challenge global economy face discuss meet
Sat Nov 24 07:46:05 +0000 2018	Fake News coming form Qatar Washington Post big money destroy try build Specialy Elected Fake muslim lady Ilhan Omar Qatar big money Ilhan Omar elect 🍁 👽
Wed Dec 05 03:42:28 +0000 2018	help stop violence Muslim form Middle Eastern NATO instead want fight Kurdistan
Sat Dec 01 08:12:12 +0000 2018	President meet Dutch Prime Minister Mark Rutte sideline G20 Leader Summit Buenos Aires Argentina President Erdoğan hold talk President Xi Jinping China President Sebastian Pinera Chile
Mon Nov 26 17:25:42 +0000 2018	HF Acid HOLLYWOOD trick dissolve digest Human Flesh
Sat Nov 10 06:49:32 +0000 2018	pray brother sister kill earthquake tsunami Indonesia wish speedy recovery wound offer deep condolence people Indonesia Turkey prepare power help Indonesia heal wound
Sat Nov 10 13:36:47 +0000 2018	OP ED intelligence source send uk tape Jamal khasho torture tape go miss going release possible medium confirm time Cobra
Sun Dec 09 13:06:02 +0000 2018	INTERNATIONAL PROCESS INITIATE MURDER AUTHOR RUSSIAN MONARCHY GANOVA LUDMILA novel illegitimacy Putin POWER RUSSIA
Sat Nov 24 06:26:54 +0000 2018	University center freedom pioneer change
Tue Nov 27 00:40:46 +0000 2018	السلام عليكم President Erdogan need help conspiracy harm intelligence service information network mean Egypt Sudan muslim brother support true sufism way life whatsapp
Wed Nov 28 10:12:58 +0000 2018	President Recep Tayyip Erdoğan receive Secretary General Organization Islamic Cooperation Dr Yousef bin Ahmad Al Othaimeen Turkey 34th Ministerial Session COMCEC
Mon Dec 03 12:51:50 +0000 2018	copy steal researchu team handy locate colleague kidnapo group inform algeria president chelbani farid seller massesw killer wioth abbou government sale hiod vacc ibnationsw government sale
Mon Dec 03 20:14:15 +0000 2018	sun templer secte lausanne university club helvetian addre woman weare clergy fribourg mass killer findable internet coat thite rise cruzien cross avois university lausanne
Tue Dec 04 22:07:27 +0000 2018	【 Agreement Japan Republic Korea Concerning Settlement Problem Regard Property Claim Economic Cooperation】（Wikisource ）
Wed Dec 12 19:20:42 +0000 2018	let control drive driver safety soul family passenger thank join allah swt Grand country guidance trust Lord Allah swt 99 name thing Power Thanksgiving
Fri Nov 23 11:19:07 +0000 2018	President attend 3rd International Women Justice Summit hold Istanbul Women Democracy Association theme Family Empowerment
Mon Dec 03 12:11:19 +0000 2018	Argue Turkey large foreign military training base Somalia Mutanoglu say benefit military base well come year
Sun Dec 02 01:19:14 +0000 2018	Turkish vs army click link watch video blow
Sun Dec 02 18:24:37 +0000 2018	open border 2welcome Syrian refugy smart way dumb & amp manipulate world usual 😼 sametime ask & amp wait Huge international donation Refugy get honn fair
Tue Dec 04 22:54:47 +0000 2018	Situation Senkaku Island Ministry Foreign Affair Japan （ 4th April 2014 ）
Sun Nov 25 18:43:00 +0000 2018	Nuff respect hear don let light truth depart path
Mon Dec 10 15:02:47 +0000 2018	write rubbish believe know right ///
Fri Nov 09 08:51:25 +0000 2018	Sir need open pubic library lab
Tue Dec 11 08:43:44 +0000 2018	car radio seller kill car owner drive trough switzerland foreign buy car radio lthe staff stallone attorney loose blood sit hemoroide stomac cancer lung cancer check sylvester stallone si
Sat Nov 24 13:06:00 +0000 2018	claude muller shop rome italy antiquity General international al want gan 500 good place shop pay bill owner know come mer hand
Tue Dec 11 20:27:29 +0000 2018	Netanyahu PM apartheid state occupy defenseless people land 60 + yrs violation UN resolution blood Palestinian hand cover crime attack Turkey Want lesson humanity Read 10 commandment
Tue Dec 04 22:50:14 +0000 2018	Japan ODA China — End Momentous Foreign Policy Failure JAPANForward （ 8th November 2018 11
Wed Nov 21 16:08:47 +0000 2018	TurkStream Project transport 31 billion cubic meter natural gas annually advantage country nation neighbor plan transfer half natural gas transport Europe
Tue Nov 27 14:44:46 +0000 2018	Good Muslim leader come rule Muslim state Omer Bin Abdul Aziz good era Muslim inshallah leadership wafagakoum Allah protect Muslim nation Mr President
Mon Dec 10 17:36:05 +0000 2018	long lecture Turkey democracy human right freedom
Wed Dec 12 07:34:15 +0000 2018	jewlery shop ölas vegas gettin apparantely 1million night sale resolve attorney rufi partner oberwil bl greedy way friendly way faverge gang fakle marry divorse morepark tojegen jamel delevaux
Sat Nov 10 11:04:37 +0000 2018	Restore vision real power permit right include dislike Turkey destiny beckon
Wed Nov 28 07:47:49 +0000 2018	allow want establish economic political hegemony Mediterranean
Tue Dec 04 00:23:51 +0000 2018	leave country welcome overwhelming number Venezuelan help launder money criminal mafia cause havoc starve million Venezuelan
Mon Nov 26 12:06:07 +0000 2018	kill mongoleia truibue family tsteal tent horse laude muller sell exibition collecter kidnapped stuff china order white caviar seller gang
Sat Nov 10 06:46:29 +0000 2018	GDP get 909 Billion Dollor 2018 / September November/2018 714 Billion Dollor happen economy
Mon Dec 10 17:38:26 +0000 2018	Right Sir Allah almighty bless country man salute effort Ummah
Mon Dec 03 12:03:37 +0000 2018	Kremlin spokesman Dmitry Peskov ask high President Vladimir Putin Saudi crown prince G20 summit Argentina say good personal relation basis effective bilateral cooperation
Sat Nov 24 07:52:27 +0000 2018	rouiller serge past president son machine gun dangerous animal hotel construction evephant tiger rhinoceros lion Gepards leopard especiallyally killed private plane detectable radar use machine gun
Wed Dec 05 14:44:35 +0000 2018	Turkey right speak truth forget kill Russian diplomat Turkish soil
Mon Dec 10 20:43:30 +0000 2018	right Turkey survive great country great leader good nation
Tue Nov 27 21:09:29 +0000 2018	White House say President meet counterpa summit doesn plan meet Crown Prince think meet try bring Erdogan MbS Eventually salesman
Wed Nov 28 12:33:58 +0000 2018	statement publish follow meet National Security Council chairmanship President state Turkey allow fait accompli Syria use right self defense
Sat Nov 10 12:28:44 +0000 2018	2023 goal signify determination world advanced country term economy democracy
Tue Dec 04 16:14:03 +0000 2018	Great Mr Diomond president Mind Thank Help day Night People Rajab Ismail Salah Somalia
Sun Dec 09 19:22:14 +0000 2018	absolutely fuckjng right comment france police treat citizen start urself ur treatment opposition kurd Ur fascist country allow kurd kurdish name
Sat Dec 08 21:26:19 +0000 2018	Ethnic genocide Mass kill Woman right violence Attack2funeral Illegal execution Theft&amp extortion Burn book docs destruction hist artefact Faith center destruction Kidnapp / kill 10 children&gt hostage 11 Deliberate Fire / explosion
Tue Nov 27 09:12:10 +0000 2018	Look like Democrat Soros Clinton Obama come Erdogan Turkey operate remember Libya divide Country destroy Soros use money Democrat follow like little minion
Thu Dec 06 11:33:31 +0000 2018	horizon crime blood shed case Salman son continue rule
Sun Dec 09 17:25:19 +0000 2018	role germany sbrenista genocide research love market hate human being
Thu Nov 08 11:19:01 +0000 2018	advice world strong leadership excellent leadership World opinion insaAllaha
Wed Nov 21 16:23:49 +0000 2018	pursue policy base justice fairness conscience brotherly geography display stance issue include objection World big African policy Palestinian issue Al Quds Syrian crisis
Wed Nov 21 16:23:53 +0000 2018	pursue policy base justice fairness conscience brotherly geography
Thu Dec 06 13:44:41 +0000 2018	Loss economy support Salman son worth new 9/11 loss
Wed Nov 07 06:56:41 +0000 2018	President Erdoğan Istanbul Airport go service European air space need restructure Istanbul major transfer hub greatly change intercontinental flight route
Sat Nov 24 09:27:46 +0000 2018	say Khalifa Allah continue guide protect strengthen continuously support defend oppress reign long Amin thumma Amin
Wed Nov 21 19:46:16 +0000 2018	think right know medium uk cover maybe time bring open turkish army raid common purpose turkey know graduate urge country
Thu Nov 08 15:02:29 +0000 2018	need month visit Japan Turkey season Allah kind heart ability visit Japan drainage clean koi fish swim freely rest life like private pond aquarium home
Sat Nov 10 18:58:29 +0000 2018	Guterre plan acceptable Turkish Cypriot slave win war 1974 agreement sign deal valid Greek United Nations forget 🇹 🇷 🇹 🇷 🇹 🇷
Tue Dec 11 09:07:52 +0000 2018	inform algeria minister helbani gang crude sylvestger stallone arledtte fritsch kill moskow fresh human ells brain injection 1300killerd arlette friotsc dr carlos fritsc stallone gang
Fri Nov 09 13:12:56 +0000 2018	NOTE HF ACID DISSOLVE FLESH MATTER STRONG MINIMAL IMPACT SKIN NEED LOOK SODIUM HYDROXIDE DRAIN CLEANER LARGE QUANTITY DISSOLVE BODY POOL LIQUID
Sat Nov 10 21:39:31 +0000 2018	President visit Picasso Bleu et rise exhibition Paris Follow exhibition visit President Erdoğan attend dinner President Macron France host Orsay Museum honor foreign head state
Sat Dec 01 15:17:17 +0000 2018	President Recep Tayyip Erdoğan Argentinian capital city Buenos Aires G20 Leader Summit receive Prime Minister Japan Shinzo Abe
Sat Nov 10 21:38:30 +0000 2018	President visit Picasso Bleu et rise exhibition Paris Follow exhibition visit President Erdoğan attend dinner President Emmanuel Macron France host Orsay Museum honor foreign head state
Fri Nov 09 17:35:48 +0000 2018	time stop look sample need collect analyze find chemical dissolve human animal body HF Acid CHEMICAL
Mon Dec 03 11:40:46 +0000 2018	establishment strong Somali army country ability eliminate threat accord
Sat Nov 24 08:23:07 +0000 2018	Mr President stop provoke world Greece ca nt br ally spend money gun people scare feel like do nt democracy Greece enemy
Tue Dec 04 13:15:03 +0000 2018	economy collapse help ppl sake work hard ppl freedom vote cheer want suppress
Tue Dec 11 11:30:45 +0000 2018	💚 🌷 Bismillah Ask Allah Almighty protect long healthy life service footstep HabibAllah ❤ ️ 🌹 🌹 🌹 ❣ ✨ 💙 🙏 Ameen ya Rabbal Alameen al Fatiha
Wed Nov 28 23:06:19 +0000 2018	strong respect Turkey border overextend Constantinople belong Europe
Mon Dec 10 16:59:30 +0000 2018	International Criminal
Wed Dec 05 07:15:36 +0000 2018	Speak press conference Esenboğa Airport follow Latin America tour President say continue enhance bilateral multilateral relation Latin American Caribbean country
Wed Dec 05 06:06:40 +0000 2018	Kindly return Jamal Khashoggi MRIP BODY PARTS AGGRIEVED FAMILY politics dead man body part VALUE HUMAN
Wed Dec 12 17:02:37 +0000 2018	don know translate original Turkish actually say break international law invade Syria support Islamic State brother Hajin attack Kurd American win rest Syria burn
Wed Dec 05 08:54:43 +0000 2018	God bless protect Islam Religion & amp Tell truth world ur muslim bro frm Somalia love muslim Community world & amp Allah save palestinian frm hands israil
Wed Dec 12 00:55:10 +0000 2018	man trust
Tue Dec 11 05:27:06 +0000 2018	hello sir akmal muslim malaysia want ask ur concern ughyur ethnic China possibility action protect discrimination pleasure message Thank lot sir Allah bless ur country
Sat Nov 10 16:09:01 +0000 2018	Ok President Erdogan way guy operate release audio internationally start blame confirm audio audio public
Wed Nov 21 14:48:34 +0000 2018	European scandal False narco state Kosovo introduce Nazi fee 100 Serbian food product European Union silent Mogerini Merkel Macron Erdogan support Nazi fee
Sat Dec 08 05:40:58 +0000 2018	Assalam alikum president syed Mudassar Azad kashmir Muzaffarabad job prime minister Azad jumma & amp kashmir turkey 🇹 🇷 free Meeting
Wed Dec 05 18:28:19 +0000 2018	word power Muslim community turn word hopefully direction child word wrong
Wed Nov 21 16:08:49 +0000 2018	President Erdoğan TurkStream project historic proportion bilateral relation energy geopolitics region exert great effort Russian friend
Mon Nov 26 13:12:29 +0000 2018	plan
Fri Nov 23 11:45:27 +0000 2018	International woman justice summit
Thu Nov 08 19:27:05 +0000 2018	great job Mr President turkey find jamal khashogji body melt acid dear president police taksim wedding ring steal hotel room titanic city taksim honey moon
Wed Nov 21 16:08:38 +0000 2018	TurkStream project historic proportion energy geopolitics region
Wed Nov 21 15:10:55 +0000 2018	need improve organisation Airline continue ignore valid case law cite claim August negligible lack duty care & amp unreasonable service flight Public WARN deeply FLAWED airline & amp operation Justice require
Wed Dec 05 09:40:45 +0000 2018	FREE DEMIRTAS FREEDOM POLITICAL PRISONER
Fri Nov 30 17:05:48 +0000 2018	Turkish president attend special session G20 summit President Recep Tayyip Erdogan leader attend special session G20 Leader Summit
Wed Nov 28 05:27:50 +0000 2018	Trump meet bin Salman G20 amid Khashoggi fallout
Wed Nov 28 04:44:30 +0000 2018	Bolton listen Khashoggi tape doesn speak Arabic ve hear people color creed cry pain language universal unmistakable
Sat Nov 10 19:03:44 +0000 2018	trust president solve problem inshAllah 🇹 🇷
Sat Dec 01 18:04:43 +0000 2018	President Recep Tayyip Erdoğan Argentinian capital city Buenos Aires G20 Leader Summit meet President Donald Trump United States
Sun Dec 02 00:43:47 +0000 2018	Mr play card carefully case summit look like Saudi Arabia Turkey got case laugh criticise say think
Tue Nov 27 13:53:58 +0000 2018	Great Global Leader
Wed Nov 21 19:58:53 +0000 2018	President Erdoğan meet President Trump dinner host President Macron France honor head state government international organization spouse
Fri Nov 09 06:30:00 +0000 2018	border heart reach Constantinople everybody starve let starve care people care refugee care palace
Tue Dec 04 13:10:10 +0000 2018	Allah protect protect Turkey great man
Fri Nov 30 03:54:14 +0000 2018	Erdogan
Tue Dec 04 22:21:40 +0000 2018	［Press Releases］ Decision Supreme Court Republic Korea Confirm Exist Judgment Japanese Company （ Statement Foreign Minister Taro Kono ） Ministry Foreign Affair Japan （ 30th October 2018 ）
Thu Dec 06 05:06:40 +0000 2018	Sir big fan present Presidency
Fri Nov 30 00:50:00 +0000 2018	cancel meet shortly refusal meet
Wed Nov 28 06:58:29 +0000 2018	Foreign Force leave & amp Afghan
Tue Dec 04 07:54:06 +0000 2018	
Wed Dec 12 17:02:07 +0000 2018	like area secure mean like Afrin Bab Cerablus Azaz 😂 😂 fuck turkey ✌ 🏻
Mon Dec 03 04:46:46 +0000 2018	Allah protect Sir Muslim leader strive protect Ummah
Thu Nov 22 12:47:32 +0000 2018	Turkey Erdogan meet Saudi Crown Prince G20 summit Haber President say meet Crown Prince visit summit broadcaster Haber report Thursday
Mon Nov 26 19:12:21 +0000 2018	4th meeting Turkey Qatar High Strategic Committee hold attendance President Qatari Emir Sheikh Tamim bin Hamad Al Thani Istanbul Follow meet Turkish Qatari minister sign strategic cooperation protocol
Sat Dec 01 18:31:22 +0000 2018	President meet Russian counterpart Vladimir Putin sideline G20 summit
Sat Dec 08 01:12:17 +0000 2018	die Shame Imaan Quality Muslim anymore don deserve leader Muslim world
Sat Nov 24 12:41:00 +0000 2018	swisswide passport ready convoy steal county world tour return swiss foreign worker
Wed Dec 05 13:28:26 +0000 2018	present Islamic Quiz Google Assistant
Fri Nov 09 09:50:06 +0000 2018	Free 20 USD paxos token telegram bot easy = = & gt
Tue Dec 04 22:24:38 +0000 2018	Decision Supreme Court Republic Korea Confirm Exist Judgment Japanese Company （ Statement Foreign Minister Taro Kono）｜Ministry Foreign Affair Japan（29th November 2018 ）
Mon Dec 10 12:40:46 +0000 2018	President Erdoğan call open border million refugee flock Turkey meet people head soil harsh measure foremost barbed wire wall
Sat Nov 24 19:55:13 +0000 2018	G20 Member pompous connive murderous monster MohamedBinSalman & amp father boot
Mon Nov 26 20:21:39 +0000 2018	Congratulations pursue identity butcher murderer ie Crown Prince MbS
Sun Nov 25 18:59:16 +0000 2018	God bless protect Sir
Tue Dec 04 13:33:18 +0000 2018	Strategically advantageous flawless position Global Historical Process
Sat Nov 10 12:34:13 +0000 2018	need action word
Tue Nov 27 08:14:18 +0000 2018	FREEDOM POLITICAL PRISONER FREE DEMIRTAS STOP GENOCIDE KURD
Thu Dec 06 06:07:26 +0000 2018	great job concern case time turn case international committee
Tue Dec 04 22:09:19 +0000 2018	Let Aid South Korean Supreme Court Misperception Fact Wartime Labor JAPANForward （ 21st November 2018 12 15
Thu Nov 22 23:35:22 +0000 2018	Economic threat intimidate nation
Mon Dec 03 21:54:31 +0000 2018	sanction particularly individual government country come invest steal nonrenewable resource gold coltan etc doubt invest
Wed Nov 28 18:03:48 +0000 2018	agree meet G20 discuss concern important issue bilateral relationship add statement
Sat Dec 01 22:45:36 +0000 2018	big fan handling case like champion
Wed Nov 21 16:31:46 +0000 2018	want Turkey old dark day vanish darkness
Sun Dec 09 00:33:20 +0000 2018	Dear Brother President salaamu alaikum lend authority influence office international standing help
Fri Nov 23 21:22:51 +0000 2018	President Erdogan Halima & amp kindly request meet Bin Salman G20 meeting thank
Mon Dec 03 23:15:30 +0000 2018	navy usa rain travel payer ardinger china innocent jail gang empoy alcatel china nabil malek invite summerpalace kill delegation german employ nabil malek tis coup vice president china alcatel
Sat Dec 08 18:26:51 +0000 2018	West wall security welfare start shake migrant Muslims citizen
Fri Nov 30 02:31:10 +0000 2018	2018 officially begin President touch Argentina today know
Wed Nov 28 07:45:03 +0000 2018	President attend G20 Leader Summit host Argentina Nov 30 Dec 2018 pay official visit Paraguay Venezuela Dec 2018
Wed Dec 12 16:33:07 +0000 2018	President Erdoğan determine turn east Euphrates peaceful livable place true owner like area secure Syria
Wed Dec 12 14:13:33 +0000 2018	Strong Turkish Lira 🇹 🇷 🤫
Thu Dec 06 10:59:26 +0000 2018	take step strengthen Turkey Uzbekistan strategic cooperation
Wed Nov 28 21:15:01 +0000 2018	kamelcaravan hold kidnapping ensence sale pope psychphate delevaux serge roessli rare silk carpet chelbani boss prepeare groung galic camel meat sell itegyptin way roh camel meat sand sun kook meat kill camel sin
Tue Nov 27 08:59:33 +0000 2018	Yes President meet Saudi Crown Prince summit demand Saudi answer Khashoggi murder body provide family finally peace
Tue Nov 27 10:57:01 +0000 2018	Turkish border guard kill wife
Fri Nov 23 16:59:17 +0000 2018	STOP GENOCIDE KURD RESPECT EU COURT DECISION FREE DEMIRTAS FREEDOM POLITICAL PRISONER
Fri Nov 30 15:41:48 +0000 2018	Russian President Putin Saudi Crown Prince bin Salman embrace laugh G20 Argentina
Wed Nov 28 21:18:08 +0000 2018	kamelcaravan hold kidnapping ensence sale pope psychphate delevaux serge roessli rare silk carpet chelbani boss prepeare groung galic camel meat sell itegyptin way roh camel meat sand sun kook meat kill camel sin 1995 stat
Fri Nov 30 21:56:39 +0000 2018	President attend special session hold G20 Leader Summit Argentina capital Buenos Aires
Sat Nov 24 11:55:21 +0000 2018	Aslmwlkm plz necessary step ensure safety Muslim india million muslim look yiu send strong message govt india
Mon Nov 26 17:42:52 +0000 2018	G20 Leader Summit hold Buenos Aires November 30 December 2018 new phase Today Turkey panel organize Turkish Presidency hold title World Big November 27
Thu Nov 29 19:19:31 +0000 2018	😂 😂 😂 😂 Stupid poor president arrive Argentina G20 think like Crown Prince Mohammad Bin Salman intelligent rich person Hold head Saudi people 🇸 🇦 💚 🇸 🇦
Fri Nov 30 22:15:12 +0000 2018	President Recep Tayyip Erdoğan Argentina G20 Leader Summit meet President Sebastian Pinera Chile
Fri Nov 30 20:02:50 +0000 2018	President Recep Tayyip Erdoğan Argentina G20 Leader Summit meet President Xi Jinping China
Mon Dec 03 20:42:52 +0000 2018	Halk ac
Sun Nov 25 15:54:19 +0000 2018	Dear Mr President retire entrepreneur mother old assist life project option moment look partnership long term project Need protective hand
Wed Nov 07 11:28:56 +0000 2018	United Nations open Case arrest assault citizen Turkey Turkish dictatorial regimes/ FREE IRAQI FORCE
Fri Nov 23 13:37:39 +0000 2018	need help Prime Minister Erdogon
Sun Nov 25 08:22:32 +0000 2018	Great Muslim leader Allah protect Salute Somali brother
Mon Nov 26 15:09:17 +0000 2018	Brotherhood Empathy Compassion Lest forget unwaveringly stand Turkish brother need help Allah nation shall triumph prosper Strong 💪 💪 💪
Sun Nov 25 12:44:34 +0000 2018	great Muslim leader love Mr Tayab Erdogan lead Muslim Muslim Block visa border currency
Sun Nov 25 19:29:08 +0000 2018	150 000 000 00 CHF mr ERDOGAN LEAGAL HERITAGE HANS RUDOLPH TOBLER GHANA LPEASE VERIFY ARRIVE LAUSANNE BANK SWIFT HACKER BASEL TRIING FALSIFY IBAN THANK PREVENT KAVIAR IRAN TRUCK KILLERS LOUIS BAGI
Wed Nov 28 07:04:03 +0000 2018	Grand Jirga meet decide future
Sat Dec 01 15:56:07 +0000 2018	President Recep Tayyip Erdoğan Argentinian capital city Buenos Aires G20 Leader Summit meet President Mauricio Macri Argentina
Sun Nov 25 18:32:02 +0000 2018	read crooked eu tony blair illegal ngo common purpose founder julia middleton uk fraud subversion infiltration heck eu international court unlawful
Sat Dec 01 15:36:42 +0000 2018	President Recep Tayyip Erdoğan Argentinian capital city Buenos Aires G20 Leader Summit meet President Vladimir Putin Russian Federation
Tue Nov 27 12:04:13 +0000 2018	Turkish border guard kill wife ؟ ؟ ؟ ؟ ؟
Thu Nov 22 11:51:51 +0000 2018	Allah present 🇹 🇷 🇹 🇷 🇹 🇷 🇸 🇴 🇸 🇴 🇸 🇴 ❤ ❤ ❤ Love Muslim Arround world ❤ ❤ ❤
Sat Dec 08 23:29:52 +0000 2018	dream meet Recep tayyip Erdogan hard Like man fotlr sake allah allah protect mr Erdogan
Mon Dec 10 11:31:43 +0000 2018	Hinduism muslim secular state India
Tue Dec 04 06:18:22 +0000 2018	Lady Erdoğan attend ceremony delivery TİKA wheelchair ambulance aid Paraguay
Thu Nov 29 12:54:01 +0000 2018	nabil malek freezer truck share hacker nabil malek use handy frequenz distroyer kidnapping provoque land plane crash detec table aviation tower neutralise plane frequence
Sat Nov 10 13:54:21 +0000 2018	President Erdoğan pursue social aid policy embrace people walk life include orphan elderly disabled people woman substance addict terror victim increase social aid payment 38 billion lira year
Wed Nov 28 02:46:02 +0000 2018	Almighty Allah swt bless great Leader protect way
Wed Dec 05 08:07:39 +0000 2018	approve atrocity disregard parameter global trade system
Mon Nov 26 12:05:03 +0000 2018	kill mongoleia truibue family tsteal tent horse laude muller sell exibition collecter kidnapped stuff
Sat Dec 08 18:31:22 +0000 2018	France Police shoot fellow citizen like dog duck Donald
Wed Dec 12 15:14:40 +0000 2018	corporation abet genocide Erdogan expel nearly 1/3 million Kurdish people Afrin return true owner million like Partition India
Wed Dec 12 15:10:07 +0000 2018	corporation abet genocide Erdogan say expel 1/3 million people Afrin basis ethnicity million
Sat Nov 10 13:40:24 +0000 2018	President speech commemoration ceremony Ghazi Mustafa Kemal Atatürk 2023 goal signify determination world advanced country term economy democracy
Mon Dec 10 09:47:03 +0000 2018	place produc gang old tire rec overer yv erdon vd old ool pl ace daily loose lung stomac tolns bloogd goesx russia louis bagi marx tire farmer tire producer delev aux sarl international want tire cancer tire produce
Mon Dec 10 09:36:24 +0000 2018	tire producer ancer old tire recoverer owner owner kill louis bagi pierre alain marx delevaux abbou lie stomac cancer rally tire cancer bentley roll tires producer tractor tire plroducer
Sun Dec 02 20:37:17 +0000 2018	Ethiopia Arab country America want Somalia exist Somali leader wake late trust Turk brother want help sincerely stand foot
Sun Dec 09 17:25:01 +0000 2018	6/6 current example nazism german state
Wed Nov 28 08:32:33 +0000 2018	IA AIR ALGERIE DAMMAQGED PLANE OFFR GAZ GRILL
Thu Nov 29 14:00:39 +0000 2018	plane crash emercancy sea eat shark
Wed Nov 07 16:38:27 +0000 2018	President Erdoğan Ukrainian authority friendship require display solidarity aftermath July 15 continue cooperation future fully remove FETO presence Ukraine
Thu Nov 22 12:53:09 +0000 2018	Albanian Kosovo start armed try kill innocent Serb people Kosovo curse save Serbian people Kosovo Metohija Help Serbia protect people genocide
Sat Dec 01 23:54:27 +0000 2018	find legal solution Saudi believe gossip proof Believe Allah justice good conflict Saudi remove union ummah 73 need don trust owner terroristPKKs
Wed Nov 21 17:03:04 +0000 2018	common purpose eu link spy infiltration country cause unrest undermine democratically elect gov
Sun Dec 02 02:58:26 +0000 2018	Vladimir Putin meet President Turkey Recep Tayyip Erdogan sideline G20 summit
Wed Nov 21 20:57:49 +0000 2018	Completion Ceremony Offshore Section TurkStream Project
Thu Nov 29 12:03:15 +0000 2018	President receive Secretary State John Kerry
Fri Nov 30 12:04:49 +0000 2018	hi erdogan dollar i ve germany crime szen lose jassir arafat family sadam hussain fpund lose child
Thu Nov 08 17:53:23 +0000 2018	Speak education consultation meeting President say member nation develop build place homeland world constantly advance culture civilization
Sat Dec 01 20:46:15 +0000 2018	Turkish President reiterate murder issue world Turkey
Wed Nov 28 16:03:18 +0000 2018	people protest inhumane criminal bad day
Sat Nov 10 13:04:00 +0000 2018	Mr Erdogan King Salman son bring mention absolutely responsible have Khashoggi murder Trump son law Kushner great plan Saudi Arabia turn satanic haraam state Trump win helpful
Wed Nov 28 10:35:25 +0000 2018	bank Porc grill algerie embassy chairman receive bank raiffeisen switzerland feel free contact hans rudolf tommer leimen strasse basel account bank chairman raifeisenb ank
Mon Nov 26 04:28:32 +0000 2018	invest country economy collapse stupid invest country like
Mon Dec 03 12:01:35 +0000 2018	Mutanoglu express happiness rebirth Somalia note country shift static self develop economy Turkey contribution [ development ] make happy say
Tue Nov 06 18:16:37 +0000 2018	Write Post day Erdogan declare Turkey move heaven earth reveal fact Khashoggi case exercise herculean strength free journalist wrongly incarcerate
Mon Nov 26 17:24:56 +0000 2018	Journalist dissolve chemical HF Acid identify soften bone leave flesh untouched Exposure mean AMPUTATION affect body action progressive
Thu Nov 22 06:44:03 +0000 2018	strongly believe mr Erdogan execute Turkish people end mental hospital
Wed Nov 07 15:48:54 +0000 2018	new plan make agree murder
Mon Nov 26 11:34:06 +0000 2018	ap lou gutman clean oil credit line system mercure injection sure die jear later avoid visa supermarket les amourin kav iar white iran truck killer gang spsoriasis gang steal ton kaviar lausanne dr carlo
Wed Nov 28 08:59:59 +0000 2018	tension escalate Black Sea period world suffer clutch political economic military threat please Russia Ukraine stand
Thu Nov 08 17:57:01 +0000 2018	President Erdoğan increase national income capita 500 11 000 step take economy Globally rank 17th term national income 13th term purchase power parity
Sat Nov 24 11:06:01 +0000 2018	progress Turkey achieve 16 17 year strike example far nation come join hand work hard period country grow annually despite global financial crisis coup attempt
Wed Nov 28 05:53:40 +0000 2018	Lady Erdoğan attend promotion meet Women Write Future Project
Thu Nov 29 14:26:52 +0000 2018	Welcome g20
Thu Nov 22 10:34:16 +0000 2018	📌 Turkey Erdogan meet Saudi Crown Prince G20 summit Erdogan spokesman
Wed Nov 28 18:32:14 +0000 2018	leader real proof spy Arabia Saoudia consulat blackmail MBS manipulat world opinion avainst try distroy KSA economy let happen 🍁 👽
Tue Dec 04 22:45:31 +0000 2018	Press Conference Chief Cabinet Secretary Prime Minister Japan Cabinet （ 21st November 2018（P ） ）
Thu Dec 06 11:25:30 +0000 2018	Europe receive refugee non gender overcome difficulty life Saudi close border face brother besiege
Tue Nov 27 10:46:59 +0000 2018	Love Leader Allah safe evil power success plan
Thu Nov 29 20:33:22 +0000 2018	puppet
Sat Dec 08 16:48:10 +0000 2018	President Europe security welfare shake Muslim immigrant Europe people
Wed Nov 07 13:21:21 +0000 2018	Assalam Alikum peace sir hear news turkey go produce local health care product suggest remove patency anticancer drug India reduce cost treatment bost economy
Sun Dec 02 12:05:08 +0000 2018	medium follow mean create shock world medium hope surprise problem world economy problem Saudi Arabia
Thu Nov 08 17:57:17 +0000 2018	President Erdoğan Turkey continue defend right interest Crimean Tatar irrespective live Crimea leave region follow occupation
Wed Dec 05 15:03:36 +0000 2018	go question crime USA & amp diplomat kill citizen Islamabad Pakistan
Thu Nov 29 15:24:19 +0000 2018	bring justice
Sat Dec 01 18:43:06 +0000 2018	congratulations beat MSb kill order kill country kill people country
Wed Nov 28 16:53:41 +0000 2018	tel conversation inform audacious act aggression Russian Fed Ukraine water Kerch Strait action Ukraine response particular introduction martial law regime Agree Recep Tayyap Erdogan raise issue
Thu Nov 29 15:18:36 +0000 2018	distinguish rest leader liar distinction
Sat Nov 10 09:17:08 +0000 2018	think Gazi Mustafa Kemal give independence Turkish nation Turkey common country lose Ottoman Empire capable leadership Turkey prosperous prosperous state create respectable position
Sun Dec 02 00:56:12 +0000 2018	Close encounter Buenos Aires friday Turkish President bite unhappy MBS close eye Courtesy
Thu Nov 29 18:49:36 +0000 2018	President arrive summit
Fri Dec 07 14:18:51 +0000 2018	Nagano conduct Beethoven Clockwerk Orange G20 Welcome hell Edition
Wed Nov 21 17:53:32 +0000 2018	President President Vladimir Putin Russian Federation attend ceremony completion offshore section TurkStream Project
Wed Nov 28 13:26:34 +0000 2018	President address 34th Session COMCEC order break imperialist shackle arm utmost importance use national currency trade
Sat Nov 24 03:34:11 +0000 2018	Btw meet sideline summit
Fri Nov 30 01:36:56 +0000 2018	Welcome Argentina Welcome G20 🇦 🇷 🌎 🇹 🇷
Sat Dec 01 11:14:19 +0000 2018	Trump cancel meet
Thu Nov 22 10:32:03 +0000 2018	President meet Crown Prince visit summit spokesman quote say Thursday
Thu Nov 08 05:50:13 +0000 2018	Turkey Istanbul Airport go service important transit hub north south east west ax Istanbul Airport connect 60 country 20 trillion economy vast area serve
Tue Nov 27 13:19:25 +0000 2018	Speak AK Party Parliamentary Group Meeting President say Turkey slight concession these s eastern Mediterranean area
Tue Dec 04 16:29:39 +0000 2018	Erdo have affair Venezuela Tyrant ain guy syrian regime supporter drama 2012 lie care Syrian Tyrant like alike
Wed Nov 28 08:31:50 +0000 2018	TAETER BOTSWCHAFT BARBECUE OFFICIEL EXCUSE WANT SWISS PRESIDENT AUGUST 2003 AROU ND EXPLOSED GAS BARBECUE EMPTY RAINS HERITIER TOOKEN KIDNAPPED PAY AIR ALGERIE PLANE HOLD PR ISO = N SO = N SENATOR RAINS PAY ALGER
Thu Nov 29 16:10:23 +0000 2018	President Buenos Aires attend G20 Summit
Wed Nov 07 07:00:06 +0000 2018	incident Eastern Mediterranean Aegean show Naval Force strong unit allow initiative aim render impossible Turkey set foot sea
Fri Nov 30 20:52:29 +0000 2018	official account Turkish Presidency English statement well correct English President Recep Tayyip Erdogan bilateral meeting President Chile Sebastian Piñera G20 Summit Argentina
Fri Nov 30 17:56:52 +0000 2018	G20 Leader Summit Kick Argentina
Sun Dec 02 11:34:38 +0000 2018	Khasshogi soul haunt forever Kudos unequivocally raise issue G20
Wed Nov 28 01:10:10 +0000 2018	meet G20 amid fallout
Fri Nov 30 20:27:55 +0000 2018	Lady Erdoğan attend official event G20 leader spouse
Wed Dec 05 09:25:44 +0000 2018	Thank people Turkey host
Wed Nov 28 09:00:02 +0000 2018	Turkey Operation Euphrates Shield burst DAESH bubble region Turkey take field see kind project DAESH constantly pump exaggerated frighten world actually
Tue Nov 27 07:40:48 +0000 2018	arrest bar key throw away forever
Wed Nov 28 21:50:35 +0000 2018	Turkey Pres agree ask return seize vessel
Mon Nov 26 15:35:24 +0000 2018	Let Forget Bermuda Triangle Trouble & amp Agree Meet Deal BURY Evidence Pre Meditate Abduction Torture Death Dismemberment & amp Dissolution Body Want & gt
Sat Dec 01 21:08:07 +0000 2018	Attend meeting President President Pm
Sun Dec 02 12:42:15 +0000 2018	want scoolclass meetin past sc oolfriend endress billionaire 150 include attorny bankrupsy departmentz organize divorsed marriage orn bill billion bebt old bud insure cashbill billion in
Sat Nov 24 12:25:56 +0000 2018	4th meeting Turkey Qatar High Strategic Committee set hold Istanbul Nov 26 meeting jointly preside President Emir Sheikh Tamim bin Hamad Al Thani Qatar
Wed Nov 28 19:58:54 +0000 2018	dispute arise Russia Ukraine ment Conceal murder Journalist jamal kashoggi turn medias eye conflict Russia Ukraine Abd play Trump worry fall Kingdom
Fri Nov 23 23:29:14 +0000 2018	think fool easily main reason choose kill Mr khashoggi Turkish soil Dear President kind good man muslim Othman gov need revenge saudi gov let Turkish dignity
Sun Dec 09 20:20:39 +0000 2018	good evening Mr Erdogan believe adalet don want people Turkey happen Today visit country Turkey man beit son push people
Thu Nov 08 05:51:10 +0000 2018	President write op ed Washington Post Turkey effort enlighten Khashoggi kill
Wed Nov 07 06:57:01 +0000 2018	Istanbul Airport source pride Turkey set example world
Tue Nov 27 09:39:06 +0000 2018	Energy Min concrete step utilize geopolitical position energy trading hub
Tue Dec 04 22:52:57 +0000 2018	President welcome official ceremony President Paraguay Mario Abdo Benitez Lopez Palace Asuncion
Sun Dec 02 11:48:20 +0000 2018	President murder Saudi journalist Jamal Khashoggi issue Turkey world
Thu Nov 08 15:21:08 +0000 2018	Quadrilateral Summit Joint Statement President Chancellor express support inclusive Syrian lead political process facilitate UN
Mon Nov 26 13:41:49 +0000 2018	President meet Emir Sheikh Tamim bin Hamad Al Thani Qatar Istanbul attend 4th meeting Turkey Qatar High Strategic Committee
Wed Dec 12 12:02:01 +0000 2018	President speak Turkish Defense Industry Summit ▪ ️We strengthen Atak Helicopter ▪ ️We launch operation east Euphrates day ▪ ️T625 multi role helicopter name Gökbey
Wed Nov 28 13:55:28 +0000 2018	panel discussion President motto World Bigger hold Tuesday Argentina capital Buenos Aires Directorate Communication
Fri Nov 09 18:10:33 +0000 2018	President Recep Tayyip Erdoğan issue message 80th anniversary pass Ghazi Mustafa Kemal Atatürk commemorate respect Ghazi Mustafa Kemal founder Republic 80th anniversary pass eternity
Sat Nov 10 17:38:27 +0000 2018	commemorate mercy Ghazi Mustafa Kemal Atatürk Chief Commander Independence War President 80th anniversary pass Ghazi Mustafa Kemal extend gratitude martyr veteran pass eternity
Wed Nov 28 08:51:47 +0000 2018	NSA Bolton confirm meet
Sat Nov 24 07:43:11 +0000 2018	Lady Erdoğan condition family bear shape stance life
Sat Nov 10 17:27:55 +0000 2018	President attend ceremony hold Anıtkabir 80th anniversary pass Mustafa Kemal Atatürk founder Republic Turkey
Sun Nov 11 02:55:15 +0000 2018	President arrive attend commemoration hold 100th anniversary armistice end World War
Mon Dec 03 08:56:46 +0000 2018	President Paraguayan counterpart Mario Abdo Benitez agree strengthen bilateral relation meeting capital Asuncion Sunday
Sat Nov 10 21:30:27 +0000 2018	President Paris attend commemoration 100th anniversary armistice end World War meet United Nations Secretary General António Guterres
Wed Dec 05 07:22:56 +0000 2018	President Erdoğan invite student Adana Ticaret Odası High School visit nearby July 15 Martyr Memorial tea host Presidential Complex
Thu Nov 29 12:12:47 +0000 2018	President Erdoğan telephone conversation President Trump tension Russia Ukraine Black Sea bilateral issue agenda discuss phone
Wed Nov 21 16:35:23 +0000 2018	President Erdoğan civilization custom form backyard colony welfare build people suffering blood labor underground richness doom fall piece soon later like glass palace
Sat Dec 08 23:18:36 +0000 2018	Today Turkey panel discussion organize Turkish Presidency Directorate Communication hold Dec 12 London Title Turkey Role Change Middle East event fourth Today Turkey panel discussion series
Tue Dec 11 14:08:50 +0000 2018	Cultural Art Policy Council convene chairmanship President designate 2018 winner Presidential Culture Arts Grand Award ceremony hold Presidential Complex Dec 19
Fri Nov 09 18:02:26 +0000 2018	President pay visit November 10 11 2018 attend commemorative event mark 100th anniversary armistice end World War invitation President Emmanuel Macron France
Thu Nov 22 11:53:25 +0000 2018	Idlib question resolve line spirit Astana give rise pain new tension suffer Uphold principle agree Astana key find sustainable political solution Syrian crisis
