created_at	text
Mon Apr 05 17:37:35 +0000 2021	fracaso economía educación seguridad democracia derechos humanos vacunación gobierno 83 seguro 👎
Thu Apr 08 23:31:51 +0000 2021	acceso equitativo federal salud prioridad vacunando fundamental sigamos cuidándonos respetemos recomendaciones sanitarias 🇦 🇷 ⬆ ️
Wed Apr 07 13:56:30 +0000 2021	acceso equitativo federal salud prioridad estaría viendo países
Wed Apr 07 23:46:32 +0000 2021	Controlar contagios Mejorar sistema sanitario Pagarle médicos Vacunar Testear Controlar contagio 🙄 🙄
Fri Apr 09 15:56:57 +0000 2021	entra vigencia Ley Nº 27 610 acceso Interrupción Voluntaria Embarazo hilo contamos tenés acceder derecho segura
Thu Apr 01 14:16:50 +0000 2021	gob pliega órden FMI debemos reducir Población puntas matando niños ancianos niños vacunar Escuelas desinfestar viejos Hospitales Públicos acuden Hosp dolencia infestan Covid
Sun Apr 04 19:03:19 +0000 2021	educación tantos derechos ciudadanos necesita vuelta
Tue Apr 06 22:24:26 +0000 2021	primavera circule Personal esencial todxs trabajadorxs industria comercio Volver educación virtual homeoffice xa adm restricción circulación nocturna xa apertura aparato económico industrial comercial
Wed Mar 31 15:30:41 +0000 2021	favor campaña política vacunas vacunados gestionen otoño ínfimo población vacunada Hagan hablen ven hechas argentinos podridos relato
Wed Mar 31 04:36:47 +0000 2021	Presidente tomó juramento ministro Justicia Derechos Humanos Martín Soria
Wed Apr 07 13:48:40 +0000 2021	nota parar quebrar cerrar emigrar empresas intenten
Thu Apr 08 16:28:42 +0000 2021	encerraron población cuarentena larga absurda mundo servido destruyeron economía países serios deje perder trabaje seriamente testee vacune
Wed Apr 07 13:20:34 +0000 2021	Acceso equitativo Jodeme
Wed Apr 07 22:03:34 +0000 2021	gente mayoría relajo olvido obreros salud educación falta consideración enorme abundan hipócritas solidarios donar tapitas Gracias Cuidarnos
Thu Apr 08 00:10:05 +0000 2021	afecta economía cierre escuelas cierre escuelas disminuye circulación virus reduce cantidad pasajeros transporte público
Thu Apr 08 01:05:40 +0000 2021	competencias competencios deportivas deportivos na oficiales oficialas oficialos grupos grupas turisticos turisticas actividades recreativas recreativos sociales
Wed Apr 07 21:50:44 +0000 2021	QUERES MEZCLAR POLÍTICA PANDEMIA DISCURSO CHICANAS MENCIONANDO ABANDONO SISTEMA SANITARIO GOBIERNO FIJATE TRABÓ LENGUA LEER TENES DISARTRIA TOMASTE
Thu Apr 08 16:02:09 +0000 2021	Sabés persona vacunada dosis considerar protección adecuada dosis dosis Gracias
Thu Apr 08 00:19:51 +0000 2021	queda acatar órdenes favor gobierno vote pandemia triste gente centro atención colapse sistema salud sr tiemble mano sacar ejército calle
Tue Apr 06 22:28:06 +0000 2021	lleve COVID MUERTE DIGNA salva KAPELUZ 2050 llaman gobierno historia
Sat Apr 10 15:11:22 +0000 2021	sos gobierno récorda 57500 muertes VACUNATORIO VIP TESTEOS VACUNAS Abandonados personal sanitario adultos mayores ROBARON VACUNAS
Thu Apr 08 16:23:43 +0000 2021	ud mediocre traen vacunas gotas bajos niveles efectividad vacunan vip armen plan serio vacunación lleguen dosis negocien proveedores mentir incluyan educación economía
Sat Apr 10 21:20:15 +0000 2021	vivís AMBA recordá transporte público trabajadores esenciales comunidad educativa tengan emergencias turnos vacunación personal autorizado viajar necesitás Certificado Único Habilitante Circulación
Wed Apr 07 13:32:15 +0000 2021	Acceso equitativo pelotas robaron vacunas hijos puta
Wed Apr 07 22:39:33 +0000 2021	Seguiiiii empujando gente pobreza nomas Empezaste medidas esclavitud vuelta tortaaaaa pueblo canse
Wed Apr 07 15:24:38 +0000 2021	Hipócrita cualidad
Wed Apr 07 13:15:24 +0000 2021	Acceso afiliado militantes boludos
Wed Apr 07 22:57:46 +0000 2021	Córtenla DELINCUENTES Basta atropellar derechos naturales salir masa pedir renuncias
Fri Apr 09 02:52:11 +0000 2021	HORA POLÍTICA BAJE OLIMPO VEA REALIDAD EMPOBRECIDA SOCIEDAD Trabajen Bronce dejen mortificarnos peleas tribuneras
Wed Apr 07 23:07:08 +0000 2021	virus mata vulnerables edad avanzada prohiben circulación entran rango etario intereses respuesta 0rden Mundial quebrar disponen recursos someterlos
Wed Apr 07 23:06:11 +0000 2021	virus mata vulnerable edad avanzada prohiben circulación entran rango etario intereses respuesta Orden Mundial quebrar disponen recursos someterlos
Thu Apr 01 11:01:14 +0000 2021	Proyección mapping Casa Rosada homenaje Madres Abuelas Plaza Mayo cumplirse 45 años golpe cívico militar
Wed Apr 07 18:11:30 +0000 2021	Amigo ayudar trabajadores economía informal pequeños emprendedores país
Wed Apr 07 12:59:21 +0000 2021	Jajajajajajajajajajajjajajajajajajajajaja protegen suficiente dejen meterles dedo orto puntos
Wed Mar 31 17:57:28 +0000 2021	Venezuela presidente Junio política comenzar vacunar población mueren médicos enfermeras falta materiales prevención
Tue Apr 06 22:24:44 +0000 2021	queres reir espanta empresas
Thu Apr 08 17:54:29 +0000 2021	10 población Dee sos millones mitad recibio 2da dosis Campeones aplaudir derrotas
Wed Mar 31 15:38:59 +0000 2021	TRAEN VACUNAS 50 000 CONTAGIOS DIARIOS 000 MUERTES DIARIAS GOBIERNO ACABADO INSTANTE
Tue Apr 06 20:57:32 +0000 2021	vacunar 10 población obligan docentes alumnos presencialidad escuelas judiciales mantienen virtualidad
Tue Apr 06 22:50:53 +0000 2021	robaron vacunas robaron dinero futuro deuda pague macri quisieron
Tue Mar 30 23:13:13 +0000 2021	300k población 45 m Restá dosis vencieron arribos Dimitan cargo manga hijos remil puta
Tue Apr 06 14:45:48 +0000 2021	56500 muertes VACUNATORIO VIP VACUNAS
Tue Mar 30 23:29:29 +0000 2021	660 000 personas dosis vacunaron 14 población INÚTILES MENTIROSOS discursito tribunero
Tue Apr 06 13:39:26 +0000 2021	sociedad invita colegios viajar transporte público precario docentes tomar medidas inventar contagia trabajando Vacunen abran instituciones alto contagio
Tue Apr 06 22:24:49 +0000 2021	REVÉS IMPUESTOS RESTRICCIONES PRESIÓN SINDICAL CIERRES PYMES COMERCIO EMPRESAS FALLABELLA HIPÓCRITAS CÍNICOS IRRESPONSABLES
Thu Apr 08 05:19:33 +0000 2021	expresan refieren competencias deportivas oficiales sábado 17/04 comienza torneo metropolitano hockey AIRE LIBRE AMATEUR torneo OFICIAL suspenden siento decepcionada acercaba única fuente ingreso
Sun Apr 04 20:45:10 +0000 2021	seguís seguimos damos difusión actividades campo popular & lt Seguirnos EMPODERA permite romper agenda imponen multimedios nacionales Gracias continuar bregando patria justa soberana Sigamonos
Wed Mar 31 15:49:51 +0000 2021	inicio diciembre vacunación aplicar dosis 10 población Uruguay comenzo vacunar principios marzo vacunado 17 habitantes inutiles incompetentes estafadores
Tue Mar 30 19:58:30 +0000 2021	ENTIENDO VEN PASA CHILE PARAGUAY URUGUAY BRASIL PORQUÉ HAGAMOS CAMPAÑA CONCIENCIA CUIDARNOS
Wed Mar 31 23:15:26 +0000 2021	Caba vacunan Decile Larreta venda vacunas postor gratuita
Tue Apr 06 13:34:50 +0000 2021	funcionando presencialidad Vayan escuelas Cierren vacunar criminales jueguen salud familias trabajadores educación fallecidos brotes VACUNEN DOCENTES
Thu Apr 08 02:00:45 +0000 2021	PUTA PARIO ANUNCIO PODES ALBERSO FERNANDEZ RENUNCIES ARMAN CIRCO TAPAR INFLACION HIJOS PUTA
Thu Apr 08 13:48:52 +0000 2021	vidas docentes comunidad educativa importa impone oposición paga votos escuelas generan relajación circulación Ningun docente ejerce profesión vida médicos policías
Thu Apr 08 00:35:31 +0000 2021	Consulta tonta llaman esenciales viajar transporte público mayoría laburantes joden quejan laburo
Wed Apr 07 23:32:58 +0000 2021	Incapaces vacunar personal sanitario 100 falta dato mostrar inutilidad gobierno Entreguen llave recepción fracaso grande historia 😠 😠 😠
Sat Apr 03 14:07:36 +0000 2021	56000 muertes VACUNATORIO VIP testear rastrear aislar VACUNAS Kiosquito AA Vizzotti runfla genocidas
Thu Apr 08 00:05:49 +0000 2021	alcanzo aumento pobreza 10 pérdida millones puestos país arrastrando mierda lograrán calles escucha VAYAN
Thu Apr 08 13:15:22 +0000 2021	57000 muertes VACUNATORIO VIP VACUNAS TESTEOS
Thu Apr 08 01:11:46 +0000 2021	57000 muertes VACUNATORIO VIP vemos viernes
Wed Apr 07 22:12:43 +0000 2021	politica pandemia minutos pusimos condiciones sistema salud ABANDONADO afano vacunas agenda paralela enfocada justicia quilombo salvar Kris gines sarasa guzman massa vuelve masss
Sat Apr 03 23:18:04 +0000 2021	Pronta mejoría presi
Fri Apr 02 08:51:37 +0000 2021	realidad manga ladrones tercerización empresas traen vacunas chorros HDP odio pobreeza argentina manga delicuentes curran vacunas ensima roban
Fri Apr 09 23:31:44 +0000 2021	57000 muertes siguen sumando VACUNATORIOS VIP kiosquito AA 60 millones vacunas mintieron imbeciles malas personas diría excelentísimo prescindente MISERABLES
Thu Apr 08 01:29:35 +0000 2021	virus circula año científicamente medidas año siguen violando Constitución Nacional dnu DURAR ETERNIDAD ☝ 🏼 🥴 🤦 🏻‍ ♀ ️ 👎 🏼 😠
Sat Apr 10 23:05:56 +0000 2021	57500 muertes VACUNATORIO VIP VACUNAS señor GOLLAN dando indicación nivel científico crucen dedos presidente imbecil profundo mala persona miserable
Sun Apr 04 21:16:41 +0000 2021	dosis 56000 muertes VACUNATORIO VIP Trayendo puchos mantener kiosquito delincuentes AA Genocidas
Wed Apr 07 22:18:20 +0000 2021	infraestructura recursos personal cubrir protocolos escuelas caso omiso tapar realidad hablar salarios atrasados preocupa tarifas « atrasadas »
Wed Apr 07 21:43:39 +0000 2021	Gracias querido presidente pronta mejoria
Wed Apr 07 23:04:52 +0000 2021	gusta haga política pandemia forro política hiciste vos vacunando Cámpora infeliz viernes 00 00 HRS salimos
Sun Apr 04 18:21:11 +0000 2021	Pfizer Moderna 1/2 pelo planes 1/2 pelo logística sanitaria 1/2 pelo vacunas 1/2 pelo GOBIERNO 1/2 PELO MER
Thu Apr 01 17:25:48 +0000 2021	tenes razón mundo ama sociedad votó gobernar agua lados Deja chicanear labura pueblo
Wed Apr 07 01:11:26 +0000 2021	Íbamos volver mejores 😡 🤦 🏽‍ ♂ ️
Fri Apr 02 18:43:28 +0000 2021	Bolivia Reprimen mujeres cocaleras Paz Bolivia
Wed Mar 31 19:08:54 +0000 2021	vacuna sinopharm datos eficacia disminucion riesgo dosis diferir 2da ARabes aplicaron dosis Quiero 2da dosis forma favor riesgoso
Thu Apr 01 13:01:44 +0000 2021	CABA 70 adultos mayores personal salud cantidad vacunas provincia peroncha política vacunar militontos familiares mascotas TOD ☼ S SINVERGUENZAS ASCO
Sat Apr 03 04:31:09 +0000 2021	Espero mejore
Tue Apr 06 22:51:48 +0000 2021	protegerlos casta politica conjunto fuerza choque sindical nefasto sistema impositivo arcaicas leyes laborales medida sentido saraza
Wed Mar 31 19:27:32 +0000 2021	equitativa racional debían ponderado cantidad personas mayores personal salud distribuir cantidad habitantes piensen cosa votos pedirle peras olmo
Thu Apr 08 00:18:13 +0000 2021	semanas minimo meses hagas traer vacunas dejense joder doña americanas Hacé jubilaciones minimas PNC 13000 viajar tratamientos medicos
Sat Apr 10 20:18:17 +0000 2021	mandar escuela chicos frío humedad semana viene complicada resguardar salud niños cantidad contagios
Fri Apr 09 14:06:36 +0000 2021	aplicar deducciones familia sueldo bruto mensual 175 000 recibirá mano 4500 perciba remuneración 150 000 Osea lograste sueldo GANAS COBRA 150 MIL
Sun Apr 04 22:43:14 +0000 2021	PESIDENTE prohibición despidos 2022 quitar RIDICULA restricción doble indemnización TOPE 500 000 MENTIRA empleados empresas bajaran dotación pesos aportes cae sistema inclusive gobierno
Fri Apr 02 12:51:53 +0000 2021	PROHIBICIÓN despidos 2022 quitar RIDICULA restricción doble indemnización TOPE 500 000 MENTIRA empleados empresas bajaran dotación pesos aportes cae sistema inclusive gobierno
Fri Apr 02 12:26:58 +0000 2021	Alberto prohibición despidos 2021 quitar RIDICULA restricción doble indemnización TOPE 500 000 MENTIRA empleados empresas bajaran dotación pesos aportes cae sistema inclusive gobierno
Fri Apr 02 12:37:09 +0000 2021	PESIDENTE prohibición despidos 2021 quitar RIDICULA restricción doble indemnización TOPE 500 000 MENTIRA empleados empresas bajaran dotación pesos aportes cae sistema inclusive gobierno
Tue Mar 30 23:53:52 +0000 2021	pagan Antonov junte vacunas Chinas rusas queda traen bendita rusos estarían felices traer paguen viaje Aaaah Macri aaahh Biró
Thu Apr 08 08:20:41 +0000 2021	Jajaja mienten programa parado cantidad denuncias punteros políticos cobraban 3000 pesos anotar denuncie puntera movimiento evita dejá mentir arroyos
Fri Apr 09 15:05:42 +0000 2021	cosa callo calló Cristina Queres callarme vo …
Tue Apr 06 22:22:46 +0000 2021	opción Alberso televisor
Thu Apr 08 00:18:00 +0000 2021	escuelas tortura sostener relación niños docentes miedo contagiados culpa circulación virus nota aula
Tue Apr 06 22:44:36 +0000 2021	Sr presidente pido reestructure pierde confianza bonos AYSA 2023 empresa argentina estratégica creada Néstor gestionada exitosamente Malena cotizan mitad reestructure pierde Bco Mundial confió
Sun Apr 04 16:47:41 +0000 2021	olviden siguen cargaron 56 mil muertes inmorales
Wed Mar 31 15:45:08 +0000 2021	10 población
Fri Apr 02 16:38:23 +0000 2021	debería castigar fuertes multas cumpla barbijo puesto hacerle acta personajes llegarán infestar obras sociales hagan cargó cubran gastos
Tue Apr 06 22:30:06 +0000 2021	seguramente IMPRESENTABLES estarán evaluando sacar posibles potenciales empresas inversionistas Argentina BASURAS políticas
Mon Apr 05 23:15:50 +0000 2021	esperanza sistema salud procupados indiferencia frente necesidades nivel sanitario creen envidia estupido 🤦 ‍ ♀ ️
Tue Mar 30 19:55:20 +0000 2021	TERMINEN CIRCO AEROLINEAS MILITANTE GASTA LOGISTICA HUBIERA CONTRATADO EMPRESA VENEFICIA TRIPULACION COBRA SALARIO MEDIA POBLACION
Wed Apr 07 12:34:54 +0000 2021	Otros * queres doy diccionario
Wed Apr 07 22:31:52 +0000 2021	base restriccion horarios personas juntas aire libre restricciones acumulan gente limitan comercios cercania piensan viven personas pagar uber taxi INUTILES IRRESPON
Wed Mar 31 03:13:38 +0000 2021	Derecho vulnerado Hospital Italiano CABA socia Plan Salud 70 años Historia Clínica domicilio Caba DNI domicilio Goya Corrientes Pago vacunan Justicia
Wed Apr 07 21:47:09 +0000 2021	Morite hijo mil puta acabas matar resto habitantes perdieron año OJALA ALGUIEN MATE FORRO HIJO PUTA
Tue Apr 06 22:50:32 +0000 2021	realidad paralela impresionante confia recuerden yakult tantas empresas extranjeras abndonaron reinado miseria
Thu Apr 01 23:00:58 +0000 2021	Acaba aterrizar Ezeiza vuelo AR1051 trajo China escala Madrid 900 MIL dosis vacuna Sinopharm
Thu Apr 08 23:30:39 +0000 2021	Frente aumento sostenido acelerado casos gobierno decidió tomar medidas prevención cuidado buscan evitar circulación personas frenar transmisión virus
Tue Apr 06 22:27:52 +0000 2021	acaba falabella une larga lista tipo pasa MENTIR DESCARADAMENTE runfla
Thu Apr 08 00:27:25 +0000 2021	alta transmisión ocupación sistema salud medidas restrictivas deberemos tomar terminaron
Wed Apr 07 22:15:34 +0000 2021	lástima cantidad fechas vacunas Digo restringir campeón certezas población angustiada coma países vacunan millones Acá fecha llegada vacunas afanan
Sat Apr 10 22:13:57 +0000 2021	pagan
Wed Apr 07 22:08:14 +0000 2021	PRIORIDADES PRESENCIALIDAD ESCUELAS NOBLEZA OBLIGA MULTIPROCESADA PIDIENDO GREMIOS PROVINCIA CIERREN CUIDAR ECONOMÍA DEJALO
Wed Apr 07 21:39:44 +0000 2021	ñatos vacunas cobrando sueldo estatal vienen decirnos obecer decidir debemos Ladrones
Wed Apr 07 21:50:53 +0000 2021	cuidado reunido gente bubrbuja cuestiones sociales barbijo ventilación distancia social exigirle cuidar Ud
Thu Apr 08 23:34:28 +0000 2021	testearon tuvieron plan sanitario económico vacunación Prometieron 10 millones vacunados diciembre llegaron mitad vacunaron personal salud culpa oposición argentinos
Sat Apr 03 18:51:09 +0000 2021	iluminó azul 💙 en Concientización Autismo
Wed Apr 07 21:47:29 +0000 2021	culpa hacerse cargo cínicos sistema salud colapsado camas ROBARON VACUNAS HIJOS PUTAS
Tue Mar 30 22:18:27 +0000 2021	Quiero vacunen población riego
Thu Apr 01 01:31:22 +0000 2021	Forro vacunaste población
Thu Apr 08 15:47:30 +0000 2021	Oooo tremendo logro población
Tue Apr 06 22:33:02 +0000 2021	Seguramente Mercado Libre Latam Falabella millón desempleados confían invierten Argentina HDRMP
Tue Apr 06 23:51:45 +0000 2021	Jajajajjaja chiste
Thu Apr 01 21:50:48 +0000 2021	créditos uva política problema Solucion
Thu Apr 01 12:39:02 +0000 2021	Criterio equitativo federal Pucha sos chistosa vacunan oligarquía terrateniente política Aviones llevan vacunas Calafate ciudades Santa Cruz vacunar funcionarios Vemos fotos jóvenes camporistas vacunándose mientas
Wed Mar 31 00:24:49 +0000 2021	población riesgo vacunar
Sat Apr 03 23:41:09 +0000 2021	vacunó población imbéciles
Sat Apr 03 23:40:27 +0000 2021	vacunó wl población imbéciles
Sun Apr 04 17:09:31 +0000 2021	credibilidad cero ética siguen poniendo épica Sigan cavan fosa sólitos viene gobierno falsos científicos korruptos
Sun Apr 04 03:45:27 +0000 2021	Señor Ministro docente primaria Fcio Varela concurriendo transporte público llamaron vacunarme convivo madre 84 años favor convoquen docentes vacunados
Thu Apr 08 00:09:11 +0000 2021	Sos divino cafiero humano tranqui pareces
Thu Apr 08 02:00:09 +0000 2021	hubiesen vacunado población ésto estaría pasando
Wed Mar 31 16:19:07 +0000 2021	Jaaa muero equitativo federal Juaaaaa pedazo hdp cinismo Denis rompe récord ud cree Déjense circo traigan vacunas
Tue Apr 06 22:42:43 +0000 2021	INEPTOS YÉNDOSE ESTAMPIDA EMPRESAS QUEDABAN
Wed Apr 07 22:18:48 +0000 2021	sos vos tipito ridículo inmoral atreverte violentar derechos constitucionales Vacunas VIP peligra plazo formato electoral amén sos títere Zafa petera absurda
Wed Apr 07 21:45:00 +0000 2021	impoŕtara salud argentinos hubieras comprado Pfizer hubieras traído 25 millones vacunas prometiste llegaron habrías permitido vacunatorios vip hubieran robado vacunas únicos política pandemia uds
Tue Apr 06 23:22:20 +0000 2021	abuelos mueren presidente unla prometio abril mayores vacunados esperar mes pasar seguir vacunando 10 personas
Wed Apr 07 22:52:29 +0000 2021	aplicará cumplirá medidas hechos realidad únicas verdades cree Sr Presidente mensaje falaz realidad muestra año cuarentena plena ligth crisis económica pobreza crisis social
Wed Apr 07 16:58:31 +0000 2021	equitativo dinero
Wed Apr 07 22:36:05 +0000 2021	Sr Presidente estén vacunados maestros niños deberían continuar asistiendo escuelas favor pequeños sagrados exentos cepas trajeron Brasil Manaos gracias
Thu Apr 01 16:25:43 +0000 2021	números publico culpa realidad culpa políticos importa partido formen
Thu Apr 08 02:27:45 +0000 2021	Solicito humildemente audiencia aportar innova derecho año dije Pandemia CRÓNICA
Tue Apr 06 00:39:18 +0000 2021	población ratas laboratorio
Thu Apr 08 12:12:47 +0000 2021	mueren alguien popular restricciones velorio masivo propaganda régimen
Thu Apr 08 11:23:58 +0000 2021	febrero oposición dirige agenda presidencial larreta acuña empresarios vote Fernández JxC interesan opiniones oposición vimos años dedicaron destruir economía comienzo clases error
Wed Apr 07 22:03:25 +0000 2021	Unica forma constitucional restringir circulación sitio prendieron fuego pretenden apagarlo combustible aguantense venga
Tue Apr 06 23:11:55 +0000 2021	mientan población vacuna completa
Wed Apr 07 23:10:17 +0000 2021	Quieren restringir derechos sacarnos libertad Abran ojos dejen someter queden encerrados cuidense mierd
Fri Apr 09 16:07:57 +0000 2021	& amp robaron entrada salidas gente basta 🐣 🐣 hinchados termina tofo saca pueblo vuelta atrás opo bosta cito don orione parravicini
Fri Apr 09 01:14:21 +0000 2021	esfuerzo fisca ganancias personasl 48 000 modificando empresas 120 000 Adonde 72 000 millones restantes
Thu Apr 08 13:35:07 +0000 2021	vacunado contrajo enfermedad queda resto sistema salud familias aisladas
Sat Apr 10 21:25:35 +0000 2021	esfuerzo fiscal estimó 48 000 millones año dinero vuelca directa bolsillo trabajadores jubilados potenciando consumo mercado interno
Wed Apr 07 12:16:38 +0000 2021	Confía empresas dejaron País enteró Falabella querer invertir reina corrupción
Fri Apr 02 03:53:33 +0000 2021	MIENTEN SIGUEN MINTIENDO MESES VACUNADOS POBLACIÓN
Mon Apr 05 16:59:06 +0000 2021	tome boludo 97 población país vacunar
Sun Apr 04 20:16:12 +0000 2021	Bieeen faltan 40 millones juntando casa
Wed Apr 07 22:57:54 +0000 2021	Sorete tuviste año robaste vacunas queres encerrarnos Sos inútil conchita
Thu Apr 01 20:59:55 +0000 2021	sucediendo inaceptable cargaron Constitución Nacional libertades derechos individuales colectivos excusa
Thu Apr 01 15:04:54 +0000 2021	explico dinero viajar exterior tanta pobreza indiferencia ayudar importa 🙄 🤦 🏼‍ ♀ ️
Wed Apr 07 22:25:02 +0000 2021	Obliga empresas pagar viaticos cobres peajes aumentas nafta sacas 10 telepase querés Beto Tira pibes
Wed Apr 07 12:02:55 +0000 2021	creíbles existir peronismo formas marchita empezaron equivocar vas combatir capital
Sun Apr 04 19:23:15 +0000 2021	gustaría pasa restantes vacunas moderna j&amp Pfizer comprendo motivo acceder vacunas especialmente EEUU Gracias
Wed Apr 07 22:08:03 +0000 2021	prueban dejar afanarse vacunas
Wed Mar 31 16:28:02 +0000 2021	Equitativo federal militantes dedos ✌ ️ Formosa Calafate sale vacuna
Fri Apr 02 11:12:59 +0000 2021	población inmunizada ÚNICO Vendehumo
Wed Apr 07 22:36:06 +0000 2021	Aprobar leyes injustas libertinas homicidas atentan vida seres inocentes vientre materno acarrea juicio nación pandemias injusticias maldad tierra Respeta vida concepción
Wed Mar 31 05:34:08 +0000 2021	niño necesita respuestas urgente corre vida vale alguien obligación proteger derechos derecho vida
Tue Apr 06 09:34:38 +0000 2021	millones vergüenza cantidad cantidad gente faltando tantas personas mayores tanta gente riesgo mujer riesgo registraron Dejen mentir pónganse laburar
Mon Apr 05 15:24:57 +0000 2021	listado real vacunados vacunas destinadas amigos política militantes prioridad hayan vacunas significa estén aplicando corresponde
Fri Apr 02 01:27:52 +0000 2021	ECOLÓGICO CONSUMO ENERGÍA SOLAR EOLICA BATERÍAS SERIA
Wed Apr 07 21:43:14 +0000 2021	Osea todes empomados pasas mando reina dejas romper pelotas paso enema cerebral
Fri Apr 02 22:24:20 +0000 2021	viven ingleses jajaja
Mon Apr 05 23:57:55 +0000 2021	agradecen 50 000 muertos gobierno Macri hubiéramos 10 000 muertos
Sun Apr 04 13:47:09 +0000 2021	plural masculino incluye géneros
Tue Apr 06 13:29:06 +0000 2021	estaria hagan aplicacion vacuna covid vacuna antigripal brindando sistema turno evitando aglomeracion gente aplicarse dicha vacuna antigripal
Wed Mar 31 16:16:39 +0000 2021	informan vacunas precio servicio cadetería comparación contratación servicios traslado derecho pagamos
Wed Apr 07 16:35:59 +0000 2021	vayan empresas fallabella latam qatar arways wallmart protege irse claven presidente 😍 😍 🤩 🤩 ojala fueran considerados
Mon Apr 05 16:51:22 +0000 2021	VUELO DESAPARECIO VOLVIO TRIPULANTES CASUALIDAD NEGOCIADO AEROLINEAS SOCIEDAD ACTUAL MINISTRA SALUD VACUNAS RUSA CHINA AGUA DESTILADA
Tue Mar 30 23:19:48 +0000 2021	hijo Mamá asesinó papá So co rro CASA VIOLENTA hijo VIOLENTO vas MINISTRO justicia sos hijo hogar VIOLENTO SEMEJANTE ASESINATO ÉSO CUADRO dejar bb cuidado pedófilo
Wed Mar 31 17:58:45 +0000 2021	avanza estafa grande Historia Seran responsables pase población vacunas experientales
Tue Mar 30 19:45:18 +0000 2021	rompen huevos mostrando aterriza avión necesario circo propagandístico Hagan tengan háganlo Manga improvisados
Tue Mar 30 23:52:09 +0000 2021	preguntaron rusos delivery sale barato
Wed Apr 07 23:49:03 +0000 2021	medidas DEJAR ROBARSE VACUNAS suspenden
Wed Apr 07 23:10:13 +0000 2021	Señor presidente veo preocupacion gobierno preocuparse dejar calle pandemia vemos afectados desalojos prohiben noche supone hagamos
Wed Apr 07 23:34:02 +0000 2021	SALUD ARGENTINOS JUEGO DEJEN PARTIDISMOS POLÍTICOS UNANSEN SALIR CAOS LAMENTAR TANTOS MUERTOS Totos 🇦 🇷
Sat Apr 10 21:25:33 +0000 2021	⚫ El artículo establece exención Sueldo Anual Complementario sueldos haberes 150 mil brutos mensuales ⬆ ️
Sun Apr 04 20:15:40 +0000 2021	explicar dsps 50 aplicarme ambas dosis genere anticuerpos matarseee
Thu Apr 01 01:42:16 +0000 2021	Formosa 62000 dosis Ay no 🤣 🤣 🤣 🤣 donde LPMQLP
Wed Apr 07 23:43:25 +0000 2021	velorio Diego juntar aborteras kilombo importó población inútil
Thu Apr 08 00:15:33 +0000 2021	escuelas abiertas seguir especuladores oposición decisión política quieren tomar imposible seguir escuelas
Tue Apr 06 22:34:39 +0000 2021	cínicos pasan HDP Chorros corruptos robaron vacunas Destruyeron PIMES laburantes generar pobres dependientes banda delictiva gobierna Títere chorra ACABAR PRESOS
Thu Apr 08 00:38:36 +0000 2021	ANUNCIO PODES ALBERSO RENUNCIAS PRESIDENCIA KARADURA CHORROS MENTIROSOS
Tue Apr 06 14:06:47 +0000 2021	Carla siente agitada barbijo Entiendo mensaje usarlos casa Fernán Quirós sonrojarse hablar atrás
Thu Apr 08 00:24:51 +0000 2021	crítico reconocer vio salud partido político perdón vi yapo Sr Presidente ojala recupere recuerde mata fortalece recuerde Argentina igualitaria justa
Wed Apr 07 02:35:24 +0000 2021	PRESIDENTE MENSAJE ESCRITO ROBA MUERTO VIRUS VERSO DEJE ASUSTAR HUMANOS palasi hlf com
Fri Apr 02 12:14:19 +0000 2021	miran ayuda año pidiendo ayuda MAYRA MENDOZA desarrollo social quilmes allegados intendenta importa nesecito nesecito hijos nelson ocampos retuiten realidad
Wed Mar 31 16:16:32 +0000 2021	exige lista real vacunados cotejar datos vacunas compraron
Fri Apr 02 12:27:23 +0000 2021	recomendacion ayuden albañil hijos año pedido MAYRA MENDOZA desarrollo social quilmes allegados responde puntero cupo cooperativas responda 1169199027 laburo pide
Wed Apr 07 13:14:54 +0000 2021	boludez dejen comprar vacunas laboratorios pague vacunan ahorra guita concentra abonarla epica barata mononeurales
Sun Apr 04 20:41:42 +0000 2021	país siguiendo plan prioridades políticos familiares amigos chongos choferes militantes etc DelinKuentes
Sat Apr 10 19:24:50 +0000 2021	MESÍAS UNICO AGREGADO YAMARA IMPUESTO ARGENTINO TOCA PRODUCCIÓN BANCO CENTRAL AMÉN est palasi hlf
Wed Apr 07 22:55:03 +0000 2021	Basta cagar pueblo vi asiendo mierda economía pueblo
Thu Apr 08 01:37:03 +0000 2021	informar favor pasaje abril viajar Ezeiza exterior turismo queda suspendido Gracias
Tue Mar 30 21:18:41 +0000 2021	VIVO Conferencia prensa ministro Turismo Deportes Matías Lammens asesores comité expertos
Mon Apr 05 00:30:13 +0000 2021	acabar boludez militar vuelos sale / llega
Thu Apr 08 00:16:13 +0000 2021	transporte publico GARANTIZADO TRABAJADORES esenciales medida ingresos alimenta vive grupo familiar TRANSPORTE PUBLICO TRABAJADORES
Mon Apr 05 07:28:09 +0000 2021	metiendo cuerpo vacunas morís Argento tratado reducción mundial agenda 2030 matar miles vacuna
Fri Apr 09 17:42:56 +0000 2021	explican pagamos impuestos desastre llenarse bolsillos políticos empresarios amigos
Wed Apr 07 23:22:00 +0000 2021	casa 67 años enero inscrita vacuna año quedé años negro tuve ysin peso quiero vacuna corresponde harta
Wed Mar 31 19:57:52 +0000 2021	CABA recibe 90 mil dosis Santa Fe poblacion Sumado duerme siesta jodidos
Wed Mar 31 00:47:43 +0000 2021	dron traer cantidad
Wed Mar 31 02:33:04 +0000 2021	Seria abrir investigación costo vuelos carga tmb intermediario comento soc año creación empleados
Fri Apr 02 13:19:42 +0000 2021	CRISTINA PROBLEMA CAUSA LABIOS ESPÍRITU SANTO TONI MELANI SANIDAD AMOR PAZ 50 AÑOS AMÉN palasi hlf
Sat Apr 10 15:02:06 +0000 2021	puto ministerio salud atienda telefonos positivo sintomas seguimiento siquiera
Wed Mar 31 15:45:59 +0000 2021	Jajajaja Dualde familiares ministro salud equitativa
Fri Apr 02 16:19:19 +0000 2021	Recurden traer cantidad variedad vacunas Gracias
Wed Apr 07 23:08:01 +0000 2021	mercenarios patinaron vacunas gatos BASURA
Wed Apr 07 11:47:40 +0000 2021	decís Falabella Mercado Libre
Sat Apr 10 21:22:13 +0000 2021	Saludamos comunidad científica argentina Gracias compromiso aporte cuidar ciudadanía pandemia fortalecer desarrollo nacional 10 abril Investigadora Investigador Científico
Wed Mar 31 00:29:14 +0000 2021	pasan pelotudos Quieren comparar campaña vacunación gobierno gobiernos tuvieron pandemia triste pierden
Thu Apr 01 12:39:45 +0000 2021	suerte peronista gorila vacunar Monus grandis ataca covid sinmigo ahorrar dosis vacunar humanos necesiten
Wed Apr 07 22:23:34 +0000 2021	Estás acabado infeliz Albertico
Tue Apr 06 15:13:04 +0000 2021	Sra Ministra SAQUEN GENTE CALLES Disminuyan circulación
Sun Apr 04 02:58:59 +0000 2021	Dejen fabular sinverguenzas Millones politiqueria barata 57 000 muertos COVID gobierno mafiosos
Sat Apr 03 13:10:39 +0000 2021	56000 muertos épico 😷 ✌ ️
Thu Apr 08 15:07:45 +0000 2021	53 000 muertos Digamos
Mon Apr 05 23:39:41 +0000 2021	Información certera veraz 500 000 millones
Wed Mar 31 18:40:23 +0000 2021	hermanos limítrofes Miren Lean
Sun Apr 04 16:45:44 +0000 2021	única realidad
Wed Apr 07 22:47:38 +0000 2021	Alberto culpa robaron vacunas Rechazaron oferta 4 M vacunas Encerraron poblacion meses Exacto tomar palabra
Sat Apr 10 05:51:19 +0000 2021	AMIGO HORIZONTE DÍOS VIVO ECONOMIA EXACTA CORRECTA ESCONDEN ATIENDEN POSADA palasi hlf
Wed Mar 31 00:58:04 +0000 2021	vos preocupas bolsos violencia Formosa etc
Thu Apr 08 12:11:50 +0000 2021	salud tema confrontación política capacidad gestionarla
Tue Apr 06 12:03:55 +0000 2021	digan bla bla realidad indica robaron vacunas amigos personal salud agotado gente muere covid HAMBRE
Wed Apr 07 23:47:24 +0000 2021	controlar inútil controlar boludeces vice controlar población presos mitad congurbano salir calle invaden ganas
Wed Apr 07 11:10:38 +0000 2021	quieren proteger Realidad mata relato
Tue Apr 06 22:30:48 +0000 2021	Tranquilo confía invierte realidad
Wed Apr 07 22:50:59 +0000 2021	aviso DNU tenes cumplir vos exigirle SOCIEDAD reves
Thu Apr 01 22:56:32 +0000 2021	stream nivel SpaceX impuestos acción ✌ ️ Gracias pejota ponernos alto latam amor infinito
Wed Mar 31 23:03:54 +0000 2021	Semana Santa estés estés recordá mantener cuidados básicos prevenir transmisión Covid 19 😷 Uso correcto barbijo 🤲 🏼Lavado manos 🧍🏽——🧍🏽‍ ♀ ️Distancia metros 🌬 🪟 Ventilación ambientes 🍴 🧉No compartir utensilios ⬆ ️
Sun Apr 04 16:26:05 +0000 2021	Chile trajo vuelo millones vacunas Argentina cantidad llevo 10 vuelos LLAMARLOS INUTILES
Mon Apr 05 23:40:46 +0000 2021	3000 Voluntarios simoprahm pidiendo apertura ciego fundación huésped escucha Voluntarios vacuna aprobada favor necesitamos respuesta
Wed Apr 07 21:37:14 +0000 2021	imagino vas anunciar políticos renuncian sueldo periodos bajan asesores bajan dietas sostener pueblo puedan
Thu Apr 01 10:19:07 +0000 2021	VIVO Presidente encabeza reunión Jefes Mercosur Bolivia Chile invitados cumplirse 30 años creación
Wed Apr 07 22:29:14 +0000 2021	seguimos fortalecemos difundimos romper
Thu Apr 08 16:46:09 +0000 2021	políticos tuvimos lucha interés utilizan pueblo compras fácil necesidad fanatismo irracional pidan miden vara
Wed Apr 07 22:36:13 +0000 2021	verlo recuperado Gracias cuidarnos
Thu Apr 08 12:12:34 +0000 2021	ay Conchita entendiste estás acabado
Wed Apr 07 22:06:54 +0000 2021	libre circulación garantizada constitución nacional violen
Wed Apr 07 22:42:26 +0000 2021	Inseguridad Pobreza Asistencialismo Kirchneristas ladrones Macristas fracasados
Wed Mar 31 15:53:40 +0000 2021	joda Equitativo suegra 83 Córdoba vacunan massa flia vacunados miles políticos Dejen mentir 🙏 🏻
Wed Apr 07 21:49:48 +0000 2021	siga Presidente Gracias Excelentes medidas Priorizar salud vida primordial momentos críticos contagios nivel nacional mundial 🇦 🇷
Wed Apr 07 22:05:39 +0000 2021	ALBERTO ESCUELAS ABIERTAS PRINCIPAL FACTOR AUMENTOS CONTAGIOS COMERCIOS
Sun Apr 04 20:29:01 +0000 2021	problemas producción sarasa Espero desmadre lentitud desgobierno 🤬 🤬 🤬
Wed Apr 07 22:18:20 +0000 2021	Medidas cuidados iniciaron Suspensión vacunación partido copa argentina impresentables chorean vacunas ojete culpa gente caminar calle hijos puta
Wed Apr 07 22:36:03 +0000 2021	SEAMOS ESPECTADORES COLECTIVAMENTE PUEBLOS ESTRATEGIA INGENUIDAD MATEMOS CAPITALISMO
Fri Apr 02 16:28:42 +0000 2021	educativo programas tv usen barbijos todxs esforzamos tv vea amuchan gritan distancia social programas noticias cocina juegos etc
Wed Mar 31 16:54:44 +0000 2021	Envíen Malvinas Hagan actos posesion
Wed Apr 07 16:40:29 +0000 2021	Forros testearnos lpmqtp HAGAN DAÑO CARAJO Dejen trabajemos
Wed Apr 07 14:23:01 +0000 2021	súper equitativo vacunaron políticos familiares ja pura cháchara
Sun Apr 04 22:17:37 +0000 2021	mira reposera despavilarse aprende viejo
Wed Apr 07 21:54:02 +0000 2021	persona bar restaurante 12 00 noche venga damos clausurar cobrar multa ayudenmen
Wed Mar 31 13:32:35 +0000 2021	Pregunta vacuna Pfizer llegará país eficaz supuestamente vino ola indispensable Gracias
Wed Apr 07 14:16:44 +0000 2021	sustento legal restringir circulación tránsito facultad delegada federal LEAN Constitución declarar Sitio ilegal
Sat Apr 03 14:25:59 +0000 2021	re quiero respetar distancia jardines infantes CABA imposible
Wed Mar 31 01:26:55 +0000 2021	Aaayyy relato épica tendría gestión hecha derecha peronchos mierda mala puta película terror
Thu Apr 08 01:17:45 +0000 2021	Hijos mil puta fortuna viajar cierran Forros paseando
Sun Apr 04 20:54:53 +0000 2021	llegan Moderna Johnson
Thu Apr 08 13:45:00 +0000 2021	aprenden relato mentiroso
Thu Apr 08 21:42:29 +0000 2021	enema políticos hdrmp dejan laburar madre
Tue Apr 06 22:27:10 +0000 2021	Necesitamos seguir cuidandonos todxs vacunados xq ola distingue edades profesiones Necesitamos seguir cuidandonos viene invierno
Wed Apr 07 21:48:21 +0000 2021	Alberto favor cierren escuelas circular gente enferma seguro eficiente virtual Escuchen gente comunidad educativa argentinos votamos
Thu Apr 08 16:30:59 +0000 2021	contacto estrecho cantidad negros hora avenida julio
Thu Apr 01 23:02:06 +0000 2021	indios política
Wed Apr 07 23:04:52 +0000 2021	parecen perfectas medidas tomo alberto gente cosa caga mundo gobierno criminal medidas puestas respetamos medidas terminar cuarentena devuelta queda
Wed Mar 31 16:00:10 +0000 2021	dinero dilapidan tremendo engaño vergüenza Personalmente turno mes recibo vacuna
Wed Mar 31 15:52:31 +0000 2021	papeloneros equidad pueblos enteros vacunados distritos personal salud vacunado
Thu Apr 08 17:08:00 +0000 2021	aprendan escribir corresponde manga BURROOOOSSS
Fri Apr 02 13:15:08 +0000 2021	vivos dándole beneficio familiares Santiago Maldonado Etc Renuncien corruptos delincuentes
Thu Apr 08 03:37:24 +0000 2021	política pandemia
Tue Mar 30 23:38:12 +0000 2021	locura decimo vuelo gastar dinero pueblo demustran orgullosamente desastre inutiles
Tue Apr 06 13:02:02 +0000 2021	hora cadena nacional explicando rechazaron vacunas donadas EEUU
Tue Mar 30 21:27:26 +0000 2021	circo Publiquen tengan cantidad habitantes vacunados digna pa l Calafate
Mon Apr 05 01:33:15 +0000 2021	saludo presidencial Pascuas fiesta totalmente cristiana esperando gesto humanidad recibe costante ataque gobierno ayudando parar
Wed Apr 07 23:28:43 +0000 2021	ayudemos olvidaron pobres
Wed Mar 31 15:45:08 +0000 2021	historia Conocimos pandemia moderna 🤣 🤣 🤣
Wed Mar 31 23:26:41 +0000 2021	19 MILLONES argentinos plena pobreza Reconstruyendo Argentina decían Pongo marioneta jefa dure mandato
Wed Mar 31 15:33:51 +0000 2021	equitativo federal hijos remil putas vacunaron pibes campora gato ferraresi activaron vacunatorio vip hospital posadas ministerio salud Dando asco mierda vuelven
Wed Apr 07 13:44:50 +0000 2021	Encerrandonos Cortando transporte público pensás PyMes 10 empleados micro buscar 10 empleados viven completamente alejados
Wed Apr 07 22:13:53 +0000 2021	oportunidad perdida gobernar postura cerrar presencialidad hara fracasar causa aumentos casos siguen Larreta Trotta charla farsesca navegando mundo fantasia
Tue Mar 30 22:42:10 +0000 2021	Felicitaciones Argentinos 2dosis vacuna imposibilitados ingresar pasos terrestres derecho Argentinos dejen ingresar
Wed Apr 07 22:33:09 +0000 2021	morir gente hambre covid deciden cerrar seriedad
Wed Mar 31 16:58:51 +0000 2021	hablas realidad tenes recomendaria vieras tús archivos pensabas decias sentido disparatado cargo
Tue Apr 06 17:17:31 +0000 2021	Memoria contar realidad inventar número paso hacerse boludos situación Formosa
Sat Apr 10 19:25:20 +0000 2021	MESÍAS PUESTO MINISTRO ASER AMARGO ARRASCACE PELOTAS CORTANDO YUYITOS COBRANDO JUBILADO palasi hlf
Wed Mar 31 22:51:19 +0000 2021	campaña vacunación grande historia avanza criterio equitativo federal sigamos cuidándonos Respetemos cuidados prevengamos transmisión Covid 19 🇦 🇷 ⬆ ️
Thu Apr 01 23:21:30 +0000 2021	vacuna Sinopharm genera anticuerpos estudios presentados China estimaron dosis 12 semanas 84 dosis recomendable darse 28 Genios
Wed Apr 07 23:38:23 +0000 2021	Medidas wisky anunció tomarse galtieri gatero siglo xxi Declaren sitio pelotas
Wed Apr 07 22:17:52 +0000 2021	chicos colegios Sr Presidente Vacunaron maestros contagiar contagiar chicos chicos padres chicos maestros miedo política miedo votos Cierre deba cerrar
Wed Apr 07 22:48:03 +0000 2021	dé ud venga querer prohibir encerrar Vivía viajando permitiendo pelotudeces idea gobernar país política 🤦 🏼‍ ♀ ️ 🤣 🤣 🤣 🤣 🤣 gracioso comentario xq
Wed Mar 31 23:32:16 +0000 2021	viajes pagamos costo dólares cantidad carga irrisoria
Fri Apr 02 17:21:42 +0000 2021	traen 500mil dosis 45 millones hab dosis trayendo cantidad falta 180 vuelos vienen 15 años vacunados Éxitos
Wed Apr 07 14:58:53 +0000 2021	salud prioridad entiendo vacunen Plata partido prioridad salud
Wed Apr 07 21:40:00 +0000 2021	Docentes muertos burbujas aisladas familias contagios internados escuelas seguras Alberto cargo vida docentes auxiliares muertos curva iteraciones posteriores apertura escuelas
Sat Apr 10 02:34:49 +0000 2021	política vacuna obligación uds
Fri Apr 09 11:15:55 +0000 2021	increíble Pte Nación salga insultar Vergüenza nivel mundial ven mundo Pte país barrabrava Queria Pte Pensó aplausos halagos empleado pueblo criticado
Mon Apr 05 00:52:29 +0000 2021	92 vacunar necesitamos 20 mm prometidas enero febrero movete argentina movete
Thu Apr 08 00:16:34 +0000 2021	alberto gobierno saco plan viajes reintegros 50 2021 pandemia ah pedo macri lod mudachoz pedonistas laddeta hambdeador
Fri Apr 02 01:59:16 +0000 2021	Gracias Dios Alberto inútil Mamerto estaríamos muertos
Fri Apr 09 10:34:56 +0000 2021	Papel pintado vas supermercado changuito llega cuarta dinero alcance moneda vale
Tue Apr 06 12:42:19 +0000 2021	CONADEP irregularidades manejo salud Argentina pandemia Covid MUERAN culpa inoperancia corrupción responsables salud OLVIDO PERDÓN
Sat Apr 10 21:25:44 +0000 2021	Cumplamos recomendaciones sanitarias prevenir transmisión coronavirus vacunando cuidémonos
Mon Apr 05 16:05:39 +0000 2021	aceptable apuesta vacunas acompañarse freno libre propagación virus IMPERATIVO CESE PRESENCIALIDAD ESCUELAS
Wed Apr 07 22:48:26 +0000 2021	épocas estábamos golpeando puertas cuarteles sentite suertudo plata cuarentena rata inmunda
Thu Apr 01 23:00:32 +0000 2021	Sigamos practicando cuidadanía respetemos recomendaciones sanitarias prevenir transmisión Covid 19
Thu Apr 08 23:08:57 +0000 2021	Fuerza Hermanos
Tue Apr 06 22:50:29 +0000 2021	Empeza empresas importar insumos Inútil
Tue Apr 06 22:19:19 +0000 2021	Presidente inauguró mediodía planta Raízen Dock Sud valoró confianza país
Sun Apr 04 17:11:43 +0000 2021	Basta épica realidad vote odio aflojen hablen hagan
Wed Apr 07 22:08:08 +0000 2021	Miente mínimo aire libre escuchar pasar aviones mueve banderas nota fondo montado tomarnos estupidos
Sun Apr 04 20:22:16 +0000 2021	informar millón vacunas chinas llegada recientemente dosis llego dosis llego
Fri Apr 09 23:28:34 +0000 2021	llueve partidos
Thu Apr 08 23:33:59 +0000 2021	abu ve RE FELICES REJUVENECIDOS 56 000 muertos vacunaron jp cámpora miserables
Wed Apr 07 23:46:46 +0000 2021	favor cuidanos docentes escuelas cumpliendo protocolos transporte sobrepasado sucio enfermarnos
Tue Apr 06 01:14:46 +0000 2021	pasa médicos quieren matricular Necesitamos matrícula ola ministerio quitan derecho cancelaron turno respuestas
Wed Mar 31 00:04:21 +0000 2021	Bravo Argentina emociona vuelven aviones vacunas orgulloso gobierno patria
Wed Apr 07 22:12:40 +0000 2021	Capitán Miseria estás despojo autoridad tenés salud Hora llamar elecciones anticipadas
Wed Apr 07 22:40:58 +0000 2021	cuidamos escuelas siguen abiertas vacunas Cámpora vacunas producir acá
Sat Apr 03 04:43:37 +0000 2021	Cuidado CUIDADANO vacunado sputnik ud contagia contagiado Juasssss CUIDADADANO Sputnik DISPO pegan TRAGEDIA NACIONAL
Sat Apr 10 20:24:27 +0000 2021	Lewin NODIO cobra millones anuales Bolso Lufrano cobra millones anuales infinidad ejemplos científicos cobran promedio 600 mil anuales alrccdsmmdhdrmpylrpmqlp
Thu Apr 08 01:02:28 +0000 2021	departamento alto riesgo sanitario Uruguay Juncal paciente causal miseria
Mon Apr 05 23:48:04 +0000 2021	rechazan millones ideología importante salud vergüenzas karma castigara durísimo
Wed Apr 07 22:44:45 +0000 2021	presidente covid irresponsable goza beneficio dosis vacunas anticovid culpa espere fundirme tranquilo llegan vacunas prometió LLEGARON 30MM enero febrero
Wed Apr 07 23:11:50 +0000 2021	gusta haga política pandemia Albertito
Sat Apr 10 22:52:21 +0000 2021	definieron departamentos país Alto Riesgo Sanitario regirán siguientes medidas 👇 🏼
Fri Apr 09 12:51:14 +0000 2021	llegaron número aprenderán inventar historias inventar épicas inventar operetas opositores números dibujen hacía Indec llegan dibujo 48000 palos
Sat Apr 03 21:56:01 +0000 2021	CUIDADANÏA Heeee paren mano Sres / as comerciantes aumentos situación compleja Coronavirus falta aumento sueldo trabajando PAREEEEEN
Thu Apr 08 12:13:26 +0000 2021	mensaje realizando marchas cuidado individual permite tipo movilizaciones resto trabajadores pedir tipo restricción
Thu Apr 08 00:03:06 +0000 2021	Inutiles Vacunas amigos resto gotas viene mala cierran Vayanse cagar puesto asistente lavadero auto queda enorme
Wed Apr 07 22:06:55 +0000 2021	miserable vis politica pandemia
Fri Apr 02 16:54:44 +0000 2021	Merlo vacunaron mayores 70 caminar palieres bastón pude tuvieron habilitar entrada
Thu Apr 01 23:00:06 +0000 2021	Jajajjaj preparados foto cirquera terror Hagan Brasil dejen empresa compré vacunas Ah cierra Sorry
Thu Apr 08 17:22:05 +0000 2021	acusa imbéciles creemos gobierna pobre hombre autoridad ideas valores principios recordar Jorge Rafael Videla trató imbécil miserable dictador conozco Saludos
Thu Apr 01 00:59:32 +0000 2021	evidente acabaron semestres mentiras Argentina cambiar miedo decirle basta presente
Tue Apr 06 12:18:27 +0000 2021	montones niños jóvenes infectados adonde quieren llegar
Thu Apr 08 05:20:46 +0000 2021	sopa Igualito año suspendieron tomo personal JUSTO 30 ingenuos año deporte ingresos DECEPCIONADA PRESIDENCIA
Fri Apr 09 17:37:41 +0000 2021	preocupan minorias 14000000millones argentinos pobresa indigencia 100000vagos punteros piketeros aires planes
Sat Apr 03 15:34:58 +0000 2021	capitalismo sistema muerte
Tue Mar 30 23:36:35 +0000 2021	esperan Sres políticos perdamos viviendas Hagan favor
Mon Apr 05 01:06:06 +0000 2021	favor vacunen mamás insulinodependientes amamantando abuela Platense explotados acá ruego compasión dejemos bebés niños madres
Thu Apr 01 23:02:28 +0000 2021	POPU PERONISMO DERECHO pertenece quieren creer salvan vida
Tue Apr 06 14:34:34 +0000 2021	Gente pisó escuela pública hablando contagio escuela cinismo
Fri Apr 02 23:07:11 +0000 2021	banderita política tapar boca señor precidente encerrando ciudadanos
Wed Apr 07 21:47:47 +0000 2021	esperamos sacar patadas idiota excluir intromisión peroncha vida política
Wed Apr 07 23:50:48 +0000 2021	importa salud gente vacunaron moyano rodean Gracias señorrrr presidente
Thu Apr 08 12:16:40 +0000 2021	responder genocidio
Wed Apr 07 22:20:58 +0000 2021	vergüenza salud transitando enfermedad vacunó ud funcionarios jóvenes militantes mientra mueren abuelos perdón Dios criminales
Wed Apr 07 00:48:16 +0000 2021	Grobocopatel Galperin culpa manga mafiosos único producir miseria comprar fideos precio decente
Tue Apr 06 14:11:22 +0000 2021	priorizaron salud vacaciones semana samta vacunan pacientes riesgo allá edad cumplir medidas básicas prevencón Viva pepa dios dinero actúan premura 𝘾𝙤𝙨𝙚𝙘𝙝𝙖𝙧𝙖𝙣 𝙙𝙚 𝙡𝙤 𝙦𝙪𝙚 𝙨𝙞𝙚𝙢𝙗𝙧𝙖𝙣
Thu Apr 01 14:01:56 +0000 2021	gobierno incapaz exámen Aeropuertos individuos apestosos evitar ingresen cepas valijas importadas Italia mísmo gobierno 24 Marzo 2020 Pte Fernández GENOCIDA BIOTERRORISTA enemigo Pueblo País
Wed Apr 07 21:46:55 +0000 2021	rompe bolas ARGENTINOS ARGENTINAS lpm
Sat Apr 03 10:44:53 +0000 2021	OJALA DIOS HAGA LIBERE VOS PRESIDENTE HISTORIA ARGENTINA ALBERSO FERNANDEZ MENTIROSO CHORROS MENTIROSO
Wed Mar 31 21:06:58 +0000 2021	Dejen negar obvio Seguir manteniendo presencialidad escuelas GRAVE ERROR Pongan vida ciudadanos intereses político económicos
Wed Apr 07 23:34:06 +0000 2021	gusta hagan política pandemia 😂 😂 😂 😂 😂 😂 😂
Thu Apr 08 17:09:37 +0000 2021	única confrontación política uds den gracias pueblo tomando cartas asunto
Wed Apr 07 00:56:43 +0000 2021	sigan deseando empresas gremios tomar
Tue Apr 06 22:40:40 +0000 2021	300 impuestos delirante 😉
Tue Apr 06 22:28:06 +0000 2021	faltó aumentamos impuestos
Sat Apr 10 15:12:27 +0000 2021	NECESITAMOS 400 profesionales salud espera Matrículacion Pedimos favor respuesta Necesitamos matrícula provisional realicen trámites vía online NECESITAMOS EJERCER PROFESIÓN
Sun Apr 04 23:15:27 +0000 2021	GRACIAS INFORMACION TRANSPLANTADOS PODREMOS PIENSAN HARÁN MÉDICOS NEFROLOGOS CONOCEN TRASPLANTADO
Fri Apr 09 23:34:58 +0000 2021	crece obra social policia federal cortada interior
Wed Apr 07 21:48:49 +0000 2021	OJALA AGARRE FUERTE CORONAVIRUS KARADURA ALBERSO FERNANDEZ CHORROS MENTIROSOS AGITARON GENTE VAYAN CIRCO HOSPITALES TAPAR INFLACION CHANCHUYOS KRISTINA CHORRA
Thu Apr 01 15:40:07 +0000 2021	cara sacar comunicado ola sacaron adultos mayores cargamento Sputnik dárselo milicos colmo relato impunidad atacar salud pública
Wed Mar 31 19:11:51 +0000 2021	estuvieran vacunados roban tendrían aplicar cuidados siglo Inmorales
Wed Apr 07 21:37:38 +0000 2021	gusta hagan política pandemia gusta hacerla militan vacunas
Tue Mar 30 23:13:36 +0000 2021	permitan espacien 1ray2da Dosis 🇦 🇷 Personal Salud ambas distintas darse 21
Mon Apr 05 02:57:22 +0000 2021	Libertad pueblo Cubano
Fri Apr 09 14:11:15 +0000 2021	Esfuerzo parasitan políticos empleados públicos bajaron sueldo
Fri Apr 09 04:30:18 +0000 2021	Hagan ley cero estudien matemáticas paren joda parches
Thu Apr 08 19:39:44 +0000 2021	Ojo prohibición despedir emoleados rige 24 abril 2021 inclusive Mínimo pandemia extender prohibición despidos DOBLE INDEMNIZACIÓN MENTIRA TOPE 500 000 😡 😡
Thu Apr 01 22:53:55 +0000 2021	podes explicar carajo Ezeiza ministra salud llega avión instala ministerio Ezeiza ahorra REMIS realmente impresentables improvisados
Sat Apr 10 22:41:05 +0000 2021	Felicitaciones investigadores / as científicos / as especialmente Conicet memoria fundador Dr Bernardo Houssay Premio Nobel Medicina
Wed Apr 07 23:34:37 +0000 2021	desastre presidente proponen uds gobierno encerrarnos cuido uds
Wed Apr 07 22:06:51 +0000 2021	imprescindible extremar cuidados ves haga cargo Covid
Sat Apr 03 15:36:32 +0000 2021	DEFIENDEN CAPITALISMO DEFIENDEN SISTEMA MUERTE
Sun Apr 04 17:21:29 +0000 2021	Excelente Rezo rápida justa equitativa distribución 🙏 🙏 🙏 🙏 🙏
Mon Apr 05 23:38:58 +0000 2021	robaron vacunas hdp inútil ineficiente ineficaz mediocre malvados lujo rechazarle vacunas Biden uds roza terrorismo
Thu Apr 01 14:03:24 +0000 2021	prohibirlos tipo sugerencias dará resultados gobierno asumir responsabilidad corresponde
Tue Mar 30 23:46:44 +0000 2021	salvados Ah parásitos estatales partidarios amigos familiares docentes pertenecientes grupos riesgo sos viejo personal salud chofer transporte público complejo resto hablar
Wed Apr 07 22:02:57 +0000 2021	comentarios poniendo buscaron encanaron pibes gobierno holgazán odio envenena tontos
Tue Mar 30 22:39:24 +0000 2021	traigan sushi afanan mares
Wed Apr 07 03:06:25 +0000 2021	protegeremos tantoque estrujar impuestos
Fri Apr 09 03:12:43 +0000 2021	paso cobrar junior mega empresa satelital ineptos
Wed Apr 07 14:18:41 +0000 2021	Equitativa hagan chiste favor
Wed Apr 07 01:16:55 +0000 2021	controlar DNU mañana controlar vara realmente controlar turismo libertad hagan quieran tomada pelo controlar
Thu Apr 08 06:58:26 +0000 2021	permiso salir 9/4 17/4 partido costa averiguo revocado turismo interno señora vacunados Gracias
Wed Apr 07 21:45:17 +0000 2021	Chupame pija circular quedarme casa sorete INFLACIONARIO generador pobres ladrón vacunas Asco sos gobierno República Argentina VACUNAAAAA GENTE CHORRO POBREZA
Sat Apr 10 14:53:28 +0000 2021	Científicos mierda año pandemia aprendieron solución encerrar gente olvido perdón expertos llevaron 50 pobreza
Mon Apr 05 23:04:33 +0000 2021	ALCANZA BASTA POLÍTICA VACUNAS COMPRADAS DONADAS CHINAS RUSAS DEJEN JODER
Thu Apr 01 01:28:15 +0000 2021	año aprendieron Llevan barbijo cuello fila pegan moscas desastre políticos tantos años decadente asnos
Sat Apr 10 01:08:36 +0000 2021	verdugo ejecute sentencia metió Sacó préstamo UVA desesperada pide ayuda Presidente culpables creer políticos
Sat Apr 10 23:31:08 +0000 2021	noviembre 2020 Gobierno entrego 25 000 000 empresario ✌ ️ Sigman adquisición vacunas AztraSeneca debía empezar entregar enero vacunas guita Sigman
Wed Apr 07 21:56:51 +0000 2021	veo salud gente país regala pagar alquiler pagar impuestos gente endeuda ayuda ayuda
Sat Apr 03 17:13:12 +0000 2021	sr TEMPLO UMBANDA CASANOVA GENTE MENORES ANIMALES DENUNCIADO HABLILITADO LAFAYETTE 549 VINO CRONICA CLAUSURENLON
Thu Apr 01 00:17:24 +0000 2021	Criterio equitativo jajaja
Wed Apr 07 16:41:31 +0000 2021	Equitativo
Thu Apr 08 00:59:37 +0000 2021	UTDS ROBARON VACUNAS ABUELOS ESENCIALES PLENA PANDEMIA
Wed Apr 07 13:55:02 +0000 2021	CAPS misiones vacunas cumplir calendario vacunas niños
Sat Apr 10 15:17:07 +0000 2021	piqueteros trabajadores esenciales
Tue Apr 06 22:33:03 +0000 2021	Protegé trabajadores forro
Thu Apr 08 13:27:14 +0000 2021	gobierno nefasto mentiroso cuidar 🤨 roba vacunas plaga Argentina camporongos kukas pj pura 💩 💩 🤡 🤡
Fri Apr 02 00:00:06 +0000 2021	laburan silenciosamente rinden cuentas
Thu Apr 08 14:56:10 +0000 2021	Puta madre políticos turno pandemia restringis pone sitio Alberto Frederic Inutiles Cagones tomarles paí Pelotudos
Wed Mar 31 15:49:13 +0000 2021	Equitativo PELOTAS
Wed Apr 07 21:49:10 +0000 2021	Santiago gobierno jugó gente tengan cuidado venir kilombo
Wed Apr 07 22:29:40 +0000 2021	Sos hijo mil puta medidas vista jamas vida laburaste sector privado Basura tenes 42 pobreza año vas llegar 50
Wed Apr 07 23:27:51 +0000 2021	manejo nivel global virus mortal virus respuesta cantada colapso sanitario Dejense j0der preocupan pueblo hablo gobierno
Sat Apr 03 18:34:19 +0000 2021	pregunto unen países común evitar guerra mundial llega invadir territorio unan paraguay argentina Uruguay forma país
Fri Apr 09 13:31:18 +0000 2021	hola ayudar mercaderia quede busque mujer enferma toxoplamosi cerebral tenes comer perro comen peso gobierno ayuda gracias
Wed Apr 07 02:28:56 +0000 2021	hartos maldito consenso padecimos gobierno corrupto Somo millones cansados bolas famoso diálogo Macri punto diferencia ballotage desastre
Wed Apr 07 22:47:33 +0000 2021	Sinceramente chupo huevo digas
Sun Apr 04 20:56:08 +0000 2021	critican XQ malos ven llegado VACUNAS gobierno ACTUAL cumple ponen cierre boca 🤣 💪 🙏 🇦 🇷 🇦 🇷 🇦 🇷
Thu Apr 08 01:10:13 +0000 2021	importas vos cfk devolvieron hoteles gano plata auque vacios acordas
Sat Apr 03 13:21:05 +0000 2021	seguir cuidandonos personal salud entrada años diabetes mandan turnito vacunarme
Tue Apr 06 12:12:16 +0000 2021	💞 ❤ ️ GRACIAS CARLA SALUD VIDAS GRACIAS CARLA 💞 ❤ ️ 💞 ❤ ️ ✌ ️ 🇦 🇷 💞 JORGE EDUARDO HESSY 2021 💞 ❤ ️ 💞 💞 ❤ ️ 💞 ✌ ️ 🇦 🇷 TRESARROYENSE 💞 ❤ ️ ✌ ️ 🇦 🇷 💞 ❤ ️ 💞 ❤ ️ 💞 ✌ ️ 🇦 🇷 💞 ❤ ️ 💞 ❤ ️ 💞 ✌ ️ 🇦 🇷 💞 ❤ ️ 💞 ❤ ️ 💞 ✌ ️ 🇦 🇷
Wed Apr 07 22:02:07 +0000 2021	56 000 asesinados gobierno exitoso suspenden vacunación partido cuidando nabo expliquenle europa continetes tomaron parlamentos restricciones hora tomar camino restricciones
Sat Apr 03 23:14:01 +0000 2021	sirve vacunarse contagias Sirve morirse covid cabo señor Pte llegará hora vacunarme vacuna experimental cuidados extremos contagiado ud vida
Wed Apr 07 23:57:15 +0000 2021	Ejemplar decisión Alberto cortar actividades nocturnas privilegio afectando laburo pibe bosques Palermo
Sun Apr 04 21:30:07 +0000 2021	Alberto mando 500k Gracias Vladimir 497 745 Dije 500 000 Alberto Vladimir entendés digo gracias 497 745 Ahhhhh jejejej entendí campeón
Fri Apr 02 23:22:25 +0000 2021	esperamos correctivo ejemplar burlan cara presidente
Wed Mar 31 15:57:43 +0000 2021	Siiiii VACUNACIÓN VIP grande historia veterinarios vacunan 55 millones ganado año vacunación VIP 56000 muertes 600 mil dosis TESTEOS VACUNAS Kiosquito AA llenando bolsillos
Tue Apr 06 12:50:07 +0000 2021	manga chorros cagan pueblo pueblo abrirá ojos darán enemigo políticos argento planeros iguales CHUPAN sangre laburante endeudarlo dejarlo calle
Wed Apr 07 21:44:00 +0000 2021	HABILITARON MANOS MEDICOS QIE ATIENDEN ENFERMEROS PURDEN DEJAM MORIR PERSONAS CUIDARON KOS CUIDAN VACUNADOS POLÍTICOS CORRUPTOS
Wed Apr 07 22:46:39 +0000 2021	Jamás jamaces bandera RINDE CULTO JAMÁS REPUDIÓ TERRORISTAS ASESINOS MONTONEROS ERP fué EXPULSADO TRAIDOR NACIÓN ARGENTINA PERONISMO MIRÁ ADOCTRINAN NIÑOS ABUSADORES
Wed Apr 07 22:28:20 +0000 2021	Cerra escuelas transporte público cagón Tibio mierda jugatela pueblo cuidamos hijo mierda
Sun Apr 04 18:21:37 +0000 2021	distribución equitativa ✌ 🏻ip
Sun Apr 04 20:17:01 +0000 2021	dosis pondrá padres 70 años
Thu Apr 08 00:50:27 +0000 2021	aplica políticos Cámpora
Wed Apr 07 21:50:54 +0000 2021	encantaría cuidar esenciales tranp público semanas empecé vacaciones locura viajar colectivos llenos caba matanza
Fri Apr 09 01:24:40 +0000 2021	DISCULPAS DANIEL QUIERO PIERDAS VOTÉ GOBIERNO PRIVILEGIE VOS FAMILIA GANARON VOTOS SABIA COMIA SAPO PENSÉ INDIGERIBLE
Tue Mar 30 20:38:05 +0000 2021	gilada propaganda mediática amiguito / a ministro salud pasar despacho turno conocí países limítrofes pase ruido
Wed Apr 07 22:04:34 +0000 2021	Transporte Público esenciales médico necesitó viajar transporte aclaró necesitar permiso nuevamente Gracias
Wed Apr 07 21:51:19 +0000 2021	FÁCIL RESTRINGIR AYUDA ECONÓMICAMENTE PERSONA BAR RESTAURANTE GIMNASIO
Wed Apr 07 22:34:13 +0000 2021	plandemia puta madre gente aguantar farsa dictadura revolucion fuerte mundo entero esten preparados preparadas bozal plandemia chupa pija vacunas gobiernos
Sat Apr 03 11:15:55 +0000 2021	Mano dura Sr Presidente
Wed Apr 07 13:38:21 +0000 2021	Gratuita equitativa mentiras
Fri Apr 02 12:50:00 +0000 2021	cipayos peronistas entregaron base militar chinos Patagonia entregar hidrovía litoral vienen hablar soberanía
Sun Apr 04 18:46:12 +0000 2021	saludo solidaridad señor Colombiano admira labor nación Pronta efectiva recuperación afortunadamente inoculo
Wed Mar 31 22:21:54 +0000 2021	Equitativo igualitario quedo
Tue Apr 06 22:35:32 +0000 2021	confiar país vienen empomando rato idea manejar empresa
Fri Apr 09 02:17:11 +0000 2021	Mira vos 25 cobran mayoría ciudadanos forma robar dietas
Sun Apr 04 17:06:29 +0000 2021	vuelo lograron traer 12 vacunas media media trabo caja tuvieron cortarla salvar argentinos Grande Perón
Wed Apr 07 23:54:07 +0000 2021	Macho encierro toque queda Vos sos abogado cagando Constitución gustaría hacerte tantas preguntas lastima das respuestas
Sun Apr 04 20:24:42 +0000 2021	vacunaron papel figuro ciudadano Vacunado jamás recibí dosis número ciudadano
Wed Mar 31 19:58:42 +0000 2021	Avanza veloz pobreza
Wed Apr 07 23:04:00 +0000 2021	Dejen mentir Cambiaron forma conteo Suman grupos familiares positivo Miedo sumisión vacuna control poblacional cepas producidas vacunas muerte inducida agenda 2030 única aviven mundo arderá
Wed Mar 31 15:25:25 +0000 2021	Equitativa Caraduras Dejen vacunar pendejos inútiles campora
Wed Apr 07 22:36:03 +0000 2021	prescindible PUEBLOS VENCEMOS comunismo vivir tierra marichiweu
Sat Apr 03 03:36:13 +0000 2021	Noooo mano
Fri Apr 02 21:11:49 +0000 2021	altura variantes circulando viendo sucede paises Francia Alemania Dios venga Vacuna venga anecdótico depende cuidados suerte
Wed Mar 31 16:30:07 +0000 2021	Tenes millones vacunas campaña grande mundo mundial 44 millones creemos
Tue Apr 06 22:35:43 +0000 2021	importa hagan juicio quiero puedan ocupar cargo público incompetentes Dejales propiedades plata vuelve laburen puedan resto mortales
Thu Apr 08 02:32:49 +0000 2021	años ayuda gobierno plan clase Trabaje vida echaron recibo ayuda Conviviendo persona riesgo mamá llamaron vacuna inscripta enero DNI 6708288 GRACIAS
Tue Mar 30 20:09:12 +0000 2021	pongan abuelos PENDEJOS CAMPORA MANGA TRAIDORES
Wed Apr 07 13:13:13 +0000 2021	obliguen mandar hijos escuelas ola
Wed Apr 07 13:04:27 +0000 2021	seguir cuidandonos obliguen mandar chicos escuela Basta presencialidad
Wed Apr 07 21:50:57 +0000 2021	presidente ubieran vacunado vip estarían vacunandas personas 60 injusto vacunen rango edad den prioridad problemas salud hayan vacunados personas 20 años vergüenza
Wed Apr 07 13:50:56 +0000 2021	imagino aca pequeña muestra
Tue Apr 06 22:30:02 +0000 2021	encontramos hablar boludeces necesito pagar 40 impuestos contratar personal forma meses ma hagan juicio
Wed Mar 31 15:24:49 +0000 2021	promueven turismo sentido
Thu Apr 08 00:33:01 +0000 2021	Trae vacunas Beto paso aplicaselas gente necesita laburar inútil
Thu Apr 01 21:26:21 +0000 2021	amiguitos familiares políticos kumpas
Wed Apr 07 13:16:27 +0000 2021	equitativo vacunaron militancia olvidar
Tue Apr 06 09:36:57 +0000 2021	CRISTINA ABOGADO IMPORTANTE PROPIEDAD ATIENDALO AEROPUERTO POSA PERDONA palasi hlf com
Tue Apr 06 18:37:38 +0000 2021	Farzantes robaron vacunas SPUTNIK tocar suelo argentino convirtieron vacunas VIP desaparecieron capital aparecieron santa cruz vacunas VIP SPUTNIK escandalo tension ladrones KISNERISTAs pudransen psicópatas feudalista roñosos
Wed Mar 31 21:07:28 +0000 2021	Equitativa federal vacunado amigos kumpas
Thu Apr 01 00:50:15 +0000 2021	nota cobran meces fortuna Argentina 42 pobre 10 Argentinos comen igualdad hdmp vergüenza alientan 16 046 infectados hdmp
Wed Apr 07 22:31:47 +0000 2021	cierran continuamos familias dependemos vivir aclara Preocupación miedo constante marzo 2020
Wed Apr 07 22:06:43 +0000 2021	simplemente inteligente pronta recuperación señor presidente
Tue Apr 06 12:48:05 +0000 2021	Carla Vizzotti acordar botellero pasaba esquina casa chico
Fri Apr 02 23:59:27 +0000 2021	Buques Taiwaneses chinos españoles portugueses ingleses robándonos riquezas uds políticos calladitos COBARDES
Wed Mar 31 15:25:25 +0000 2021	caba 147 página funciona sistema caído Larrata almacena xq uds
Fri Apr 02 13:08:35 +0000 2021	politicos roban Argentina
Wed Mar 31 22:00:21 +0000 2021	Equitativo llaman Proceso Vacunación VIP caraduras
Mon Apr 05 19:28:03 +0000 2021	Carta presidente provincia Neuquén Solicitamos Amparo intervención presidente nación crisis sanitaria
Wed Apr 07 13:04:44 +0000 2021	Gratuita voluntaria EQUITATIVA Alberto ponemos ⚽ ️ ⚽ ️
Fri Apr 09 01:13:24 +0000 2021	eleva piso mínimo 150 mil Dejan pagar impuesto millón trabajadores jubilados
Fri Apr 02 17:14:33 +0000 2021	traen Pfaizer eficaz 95 dosis
Tue Apr 06 22:27:04 +0000 2021	fuertes secuelas covid
Wed Apr 07 18:31:18 +0000 2021	aceptaron 400000 vacunas regalabs EEUU Pfzer colaboramos voluntarios perdimos posibilidad 14000000 vacunatorio vip criminales ponen juego salud gente
Tue Apr 06 22:27:55 +0000 2021	Claaaro cobramos mayores impuestos mundo Alverso dedícate clases sarasa casa busquen sepa gestionar
Wed Mar 31 16:24:09 +0000 2021	Equitativo jajaja andan amigos vacunaron
Thu Apr 08 13:20:13 +0000 2021	Che mano vacunan
Fri Apr 09 17:24:26 +0000 2021	Che virus tomo libre
Wed Apr 07 22:23:14 +0000 2021	albertita fernandita gobiernan matrix digo cago caritas pedofilos chupa pija plandemia libres ovejitas salir 12 regreso am
Wed Apr 07 21:42:26 +0000 2021	paso Macri saco libro
Sat Apr 10 14:06:53 +0000 2021	seguí autorizando aumentos prepagas hospitales publico turno meses forma seguir eliminando VIEJOS vos podes pagar digamos tenes tenerla
Wed Mar 31 03:12:58 +0000 2021	VIVO Llegada 200 mil dosis vacunas Oxford AstraZeneca mecanismo COVAX
Wed Apr 07 13:21:36 +0000 2021	EQUITATIVA VIP gente constantes mentiras
Wed Apr 07 16:51:03 +0000 2021	desastre gobierno
Sun Apr 04 12:33:29 +0000 2021	Ayudemos gobierno
Wed Apr 07 13:17:49 +0000 2021	vacunan impuestos mala administración ventajismo sos piropo
Wed Mar 31 23:39:56 +0000 2021	capacidad entender daño causado información encontrás
Fri Apr 09 12:20:53 +0000 2021	entra vigencia
Fri Apr 02 01:48:52 +0000 2021	ECOLÓGICO CONSUMO ECONÓMICO USANDO AUTOS ELECTRIC PANELES SOLARES ENERG EOLICA BATERÍAS
Wed Apr 07 23:13:15 +0000 2021	llenó gente mierda país creer Piden prohibiciones sabiendo significa laburemos piden sanciones castigos buchonean compatriotas piden cerrar escuelas palabra fachos xq propiedad vergüenza
Tue Apr 06 17:42:39 +0000 2021	cuidado
Tue Apr 06 12:42:43 +0000 2021	𝙍ealidad 𝙡𝙤 𝙦𝙪𝙚 𝙘𝙪𝙚𝙣𝙩𝙖 𝘼𝙡𝙩𝙤 porcentaje 𝙘𝙞𝙪𝙙𝙖𝙙𝙖𝙣𝙤𝙨 🇦 🇷 NO CUMPLEN medidas barbijo / distancia social 𝙀𝙎 𝙍𝙀𝙎𝙋𝙊𝙉𝙎𝘼𝘽𝙄𝙇𝙄𝘿𝘼𝘿 𝘿𝙀𝙇 𝙀𝙎𝙏𝘼𝘿𝙊 𝘾𝙐𝙄𝘿𝘼𝙍 𝙎𝙐𝙎 𝙂𝙊𝘽𝙀𝙍𝙉𝘼𝘿𝙊𝙎 𝘾𝙤𝙨𝙚𝙘𝙝𝙖𝙧𝙖𝙣 𝙙𝙚 𝙡𝙤 𝙦𝙪𝙚 𝙨𝙞𝙚𝙢𝙗𝙧𝙖𝙣
Tue Apr 06 11:51:57 +0000 2021	nerviosita Gorda trabándose confianza suele
Tue Apr 06 17:46:48 +0000 2021	agradeció mensaje Putin compromiso traer vacunas información encontrás
Fri Apr 09 18:41:11 +0000 2021	impuesto ganancias pequeños contribuyentes responsables inscriptos modificó
Wed Mar 31 11:16:52 +0000 2021	Sigan trayendo vacunas robando vuelos dejan perder cadena frío delincuentes
Mon Apr 05 18:37:04 +0000 2021	optimizan vuelos Traigan vacunas hagan vuelos reducimos costos ocurrió Digo piensen pagamos Dejen show tema salud juega vacunatorio vip suficiente Peronia
Wed Mar 31 18:47:04 +0000 2021	hablan ❓ mínimo 70 𝙘𝙞𝙪𝙙𝙖𝙙𝙖𝙣𝙤𝙨 argentinos CUMPLEN medidas barbijo/ distancia social/ higiene 𝙀𝙎 𝙍𝙀𝙎𝙋𝙊𝙉𝙎𝘼𝘽𝙄𝙇𝙄𝘿𝘼𝘿 𝘿𝙀𝙇 𝙀𝙎𝙏𝘼𝘿𝙊 𝘾𝙐𝙄𝘿𝘼𝙍 𝙎𝙐𝙎 𝙂𝙊𝘽𝙀𝙍𝙉𝘼𝘿𝙊𝙎 𝘾𝙤𝙨𝙚𝙘𝙝𝙖𝙧𝙖𝙣 𝙙𝙚 𝙡𝙤 𝙦𝙪𝙚 𝙨𝙞𝙚𝙢𝙗𝙧𝙖𝙣
Wed Apr 07 21:53:57 +0000 2021	gobierno mierda
Fri Apr 09 03:40:44 +0000 2021	viene medida desempleados ganan 50 mil pesos aumento fondo desempleo baja tarifas mitad
Mon Apr 05 23:42:23 +0000 2021	hubiesen millones hijo puta presidente hubiese aceptado Unidos donación Biden
Fri Apr 02 02:39:26 +0000 2021	👏 yo elijo aplaudir confiar vacunando protocolos altura salir
Wed Apr 07 22:53:59 +0000 2021	ladron vacunas CIENTOS MILES velorio MARADONA resulta laburar covid
Wed Mar 31 17:24:21 +0000 2021	criterio equitativo federal vacunaron uds HDP
Wed Apr 07 15:19:31 +0000 2021	Equitativo Federal pelotas Vacunaron Campora hipócritas
Wed Apr 07 20:43:35 +0000 2021	federal equitativo robar vacunas amigos
Thu Apr 08 00:38:06 +0000 2021	Anuncio funcionarios públicos bajar sueldo fundir privados
Fri Apr 09 15:05:28 +0000 2021	lee pretendas calle callo Cristina pensas vas callar vo …
Sat Apr 10 14:52:45 +0000 2021	saludar pagan salarios línea pobreza
Thu Apr 08 21:46:44 +0000 2021	lame culo sueldo seguro piden cierren cabeza termo quiero laburan pedir cierren cagar hambre creen payaso presidente jajajaja
Sun Apr 04 22:18:46 +0000 2021	Viva Perón gobierno
Wed Apr 07 21:56:33 +0000 2021	salud ✌ ️ ✌ ️ ✌ ️
Fri Apr 02 13:19:19 +0000 2021	CRISTINA PROBLEMA FRACE SOLUCIONA QUEDA LIBRE SAQUE PRESOS AMÉN correo palasi hlf com
Wed Apr 07 03:12:10 +0000 2021	Sra Ministra CABA ingresan personas riesgo 60 años anotarse surge 80 70 años Insisto escuelas falleció Maestro joven zona caballito escuela videntes maestros comenzaron clases vacunados
Sat Apr 03 03:25:52 +0000 2021	llegaron 500 mil vacunas Sputnik 300 mil componente 200 mil componente escasez vacunas mundo llegada embarque permite ampliar campaña vacunación noticia país 🇦 🇷 ⬆ ️
Wed Apr 07 22:49:39 +0000 2021	gobernante inútil impotente toma medidas autoritarias fracasaron solucionar problema sanitario Cero autoridad cero liderazgo cero planificación fracasado
Wed Mar 31 22:18:11 +0000 2021	Criterio equitativo Federal Jajajaja ríen huevos escribe tweets payasa Filomena
Fri Apr 09 00:18:38 +0000 2021	GOBIERNO MIERDA
Wed Apr 07 21:51:22 +0000 2021	Pregunto aula chica 12 15 alumnos reunión social barbijo pongan miles docentes infectados dolor precarias medidas
Wed Mar 31 19:58:27 +0000 2021	hablas hiciste vos LPQTP 42 pobreza Andate LCDTM viejo rancio
Wed Apr 07 17:58:18 +0000 2021	Quiero ignora controles ecencial trucha fácil pcr llegaron Cancún lose fuente hijos aplicación pido documento persona esencial xq cuidarlo hacen 😏 😏
Fri Apr 02 16:28:37 +0000 2021	CUIDAR CUIDARNOS
Wed Mar 31 22:16:33 +0000 2021	Criterio equitativo federal Jajajaja pelotas escribe tweets payasa Filomena
Thu Apr 08 17:56:33 +0000 2021	marcha
Fri Apr 09 12:43:42 +0000 2021	sirve sirve mayoría supongo paguen trabajadores
Wed Mar 31 23:32:49 +0000 2021	compartimos espacios cerrados personas fundamental ventilar ambientes constantemente Sigamos practicando cuidadanía respetemos recomendaciones sanitarias prevenir transmisión Covid 19
Wed Apr 07 23:34:04 +0000 2021	Gobierno payasos 🤡 🤡 🤡 🤡
Wed Mar 31 01:02:31 +0000 2021	GRANDE GOBIERNO * PARA TODOS *
Sat Apr 10 19:35:26 +0000 2021	Gracias gobierno científicos
Wed Apr 07 21:40:21 +0000 2021	gobierno historia
Wed Apr 07 23:29:24 +0000 2021	gobierno MIERDA INÚTILES
Wed Apr 07 23:19:56 +0000 2021	año 10 millones vacunas
Tue Apr 06 12:17:53 +0000 2021	chicos años superiores secundaria respetan distanciamiento salen diario fines semana docentes alma mano
Wed Apr 07 22:06:42 +0000 2021	Fuerza presidente espero puedan seguir robando vacunas metiendo mano justicia
Sun Apr 04 13:15:24 +0000 2021	Gracias Dios falta dosis personal salud
Sun Apr 04 20:51:12 +0000 2021	Argentina 🇷 🇺 Orgullosos gobierno 🇦 🇷
Wed Mar 31 16:29:45 +0000 2021	altura iban vacunados 20 millones promesa febrero justificar ineficacia disfrazarla verdades medias
Fri Apr 02 00:40:56 +0000 2021	gobierno Hablen macristas
Wed Mar 31 15:31:21 +0000 2021	resiste análisis distribución debería proporcional densidad poblacional dieran posibilidad privados puedan acceder independientemente vacuna disponible mercado liberaría dosis alguien recursos relato
Wed Apr 07 23:52:31 +0000 2021	Gracias Alberto cuidarnos ✌ ️ 💗 🇦 🇷
Thu Apr 08 01:12:43 +0000 2021	vos Alberto Gracias cuidarnos
Wed Apr 07 21:50:07 +0000 2021	Sos presidente gracias cuidarnos
Wed Apr 07 21:48:55 +0000 2021	gracias tranquiliza verlo salud 💪 😷 🇦 🇷 ❤ ️
Tue Apr 06 17:20:15 +0000 2021	Memoria José López bolso vacunados VIP mechera Tolosa cuadernos coimas falsos hoteles tren once muertos inundación querés
Thu Apr 08 17:57:41 +0000 2021	Acá circulando gobierno científicos
Sun Apr 04 12:54:23 +0000 2021	reuniones sociales principal causas transmisión Covid 19 vas festejar pascuas familia amigos cuidate respetá recomendaciones sanitarias
Wed Apr 07 21:56:05 +0000 2021	vi binoculares presidente Alverso gozando salud
Wed Apr 07 22:40:00 +0000 2021	gobierna
Thu Apr 01 14:11:15 +0000 2021	cuidarnos 🤗 🤗
Tue Apr 06 22:24:08 +0000 2021	combina proteger confía invierte frase cabecera Combatiendo capital
Wed Mar 31 23:59:28 +0000 2021	Adelanten elecciones gobierno
Wed Apr 07 22:25:25 +0000 2021	Gobierno científicos queda grande inútiles
Tue Apr 06 12:35:12 +0000 2021	Ridículos pasearon país 2020 boludos encerrados medios esenciales libre albedrío tibios Cambiemos harán bardo resto gestionan planes fácil
Thu Apr 08 19:58:55 +0000 2021	DEUDORES UVA NECESITAMOS CONGELEN CAPITAL Necesitan twitts idiomas
Tue Apr 06 17:37:17 +0000 2021	VIVO COVID 19 Reporte ministra Salud Carla Vizzotti
Wed Mar 31 15:33:23 +0000 2021	equitativo cuya prioridad amigos federal proporcionalidad grado militancia aproximación
Wed Apr 07 21:49:19 +0000 2021	nota Alberto Fernández auto chofer restringir transporte público área amba Gracias voto
Wed Apr 07 21:49:50 +0000 2021	Alberto creer gobierna Larreta Axel pedía 22 vos pones 00 Decepción
Thu Apr 08 20:01:50 +0000 2021	DEUDORES UVA NECESITAMOS CONGELEN CAPITAL
Mon Apr 05 01:35:50 +0000 2021	Yyyyyyy saludo Pascuas Resurrección
Thu Apr 01 14:08:27 +0000 2021	Váyanse recontra concha hermana gobierno mierda
Wed Apr 07 22:05:53 +0000 2021	DEPLORABLE PALABRAS CALIFICAR GOBIERNO
Thu Apr 08 21:30:49 +0000 2021	humo vacunación gobierno historia
Tue Apr 06 15:46:41 +0000 2021	Otres pelotudes afanaron vacunes gobierno ladrones
Wed Apr 07 23:27:49 +0000 2021	cumplen pelotudos votan pito duro capitan epoc
Thu Apr 08 01:05:38 +0000 2021	definen localidades alto riesgo habilitan clases presenciales 20 alumnos aula 500 estudiantes circulando escuela
Mon Apr 05 01:11:59 +0000 2021	esperando dosis Sinopharm esencial debía dármela 31 marzo Gracias gobierno científicos
Wed Mar 31 04:58:30 +0000 2021	faltan vacunar kirchnerato cámpora llegan míseras vacunas PREPARAN BRAZO CORRUPTOS DEMAGOGOS ASESINOS PERSONAL SALUD ANCIANOS LACRAS
Tue Apr 06 03:33:16 +0000 2021	único Sarasa tendríamos mayoría argentinos lamentable cero cu piensan llenarse bolsillos sacar libre culpa cargo arquitecta egipcia
Sat Apr 03 04:34:03 +0000 2021	Ah vacunaste mentirita * salen contestar vacuna protege virus agarre fuerte bla bla *
Fri Apr 02 09:56:38 +0000 2021	Llega afanar relamen
Thu Apr 01 21:54:39 +0000 2021	pidiendo gobierne
Sat Apr 03 15:24:40 +0000 2021	saluda codito
Tue Mar 30 21:27:45 +0000 2021	faltan 42 millones gobierno sientifikos
Thu Apr 01 23:06:32 +0000 2021	vacunas traen robarnos ciudadanos Gobierno corrupto ineficiente
Wed Mar 31 00:34:14 +0000 2021	gracias Sr Presidente gracias gobierno gracias
Wed Apr 07 19:17:40 +0000 2021	Gobierno Científicos 🤣 🤣 🤣
Wed Apr 07 23:33:19 +0000 2021	CREE PELOTUDO GOBIERNO INUTILES CHORROS
Fri Apr 09 09:04:05 +0000 2021	Consulta subieron topes escala Monotributo caso afirmativo consideraron inflación anual
Thu Apr 08 00:22:07 +0000 2021	CUD sube sacar certificado uds fueras conciente cerrarias entrada CABA llenamos enfermos inútil kicilof isopados
Tue Mar 30 23:41:13 +0000 2021	paralos sobra repartimos
Thu Apr 08 00:35:25 +0000 2021	Vos decís cuidarnos vos
Wed Apr 07 21:02:58 +0000 2021	público renueva
Wed Apr 07 14:24:42 +0000 2021	segundas dosis personal salud dejaron clavada 2da compañeros
Sun Apr 04 00:18:48 +0000 2021	manejo turbio transparencia ausente Salud
Tue Apr 06 22:41:13 +0000 2021	Disculpe Sr Presidente confía Argentina termina Falabella dejando 500 personas calle impuestos siguen ⬆ ️ restricciones p / abrir negocio innumerables dieran facilidades seguridad jurídica cosa
Wed Mar 31 02:52:32 +0000 2021	triste leer bobos escriben acá Porq fijan dosis viniendo semana acomodando vacunación Dejen sacar mano constantemente vergüenza tendría
Wed Mar 31 15:54:33 +0000 2021	Santa Fe paso carreta criterio sabia Ministra Salud vacunan lunes viernes feriados domingos descansan desastre
Thu Apr 01 11:41:56 +0000 2021	Pensé listado pobres Perdón mala
Fri Apr 02 01:28:34 +0000 2021	Abuelas papá mamá tíos suegro vacunado contenta 🇦 🇷 🇦 🇷 💪 🏼 💪 🏼
Sun Apr 04 18:06:01 +0000 2021	Respetemos recomendaciones sanitarias organizaron velorio Maradona
Wed Mar 31 18:14:19 +0000 2021	ciudadanía gobierno vacunando Servisky felino 18 años
Fri Apr 09 13:55:16 +0000 2021	Gracias Gobierno Nacional mañana turno vacunarme Feliz agradecida
Wed Apr 07 21:59:49 +0000 2021	porquería cagan pueblo trabajador obreros albañil lla mucama mozo presidente piensa negocios estarán Miy sospechoso importo viejos chorean
Wed Mar 31 15:59:50 +0000 2021	buenísimo Alberto Fernandez pueblo diciento gente extranjero vacacionar vienen contagiados traer pandemia entraron
Tue Apr 06 13:04:08 +0000 2021	Gracias Ministra recibiendo vacunando provincias interior país siguiendo calendario previsto agregarse cuidado personal fundamental lugares escuelas ámbito desempeña
Thu Apr 08 16:17:50 +0000 2021	Señor presidente SUFICIENTE ej →departamento San Pedro Córdoba propaladora propaganda bailanta local 00 hs 𝙉𝙊 𝘾𝙐𝙈𝙋𝙇𝙀𝙉 medidas barbijo / distancia social 𝙀𝙎 𝙍𝙀𝙎𝙋𝙊𝙉𝙎𝘼𝘽𝙄𝙇𝙄𝘿𝘼𝘿 𝘿𝙀𝙇 𝙀𝙎𝙏𝘼𝘿𝙊 𝘾𝙐𝙄𝘿𝘼𝙍
Wed Mar 31 15:40:40 +0000 2021	grande historia Avanza informar vacunan geriátricos
Tue Mar 30 19:53:52 +0000 2021	VUELOS VIDA GRACIAS quiero agradeceré resto vida tocó pandemia gobierno Abrazo
Thu Apr 01 00:55:37 +0000 2021	19 000 000 pobres vacuna flagelo Vayanse
Thu Apr 01 23:21:59 +0000 2021	FACHO GOBIERNO CENSURA TRANSMISIÓN VENEZUELA
Wed Apr 07 13:37:42 +0000 2021	caradurez Sigan mintiendo hdp maldito gobierno
Thu Apr 08 10:42:29 +0000 2021	Vergüenza debería gobierno conoce
Tue Apr 06 21:53:55 +0000 2021	miras boludeces ponen das gobierno contestar burradas
Wed Mar 31 00:41:34 +0000 2021	esperanzada ministro
Fri Apr 09 17:04:15 +0000 2021	vacunando sobra roban
Wed Apr 07 21:41:48 +0000 2021	barbijo chota alberto cuidamos cumplieron protocolos adelantado
Wed Apr 07 21:57:15 +0000 2021	🔴 Las medidas Gimnasios Velatorio drogadictos populares Bares ❌ Marcha aborteras / piqueteros / etc ✔ Transporte público ❌ Micros llenos gordos planeros ✔ Negocios 23hs ❌ Kioskos vende merca ✔
Fri Apr 09 02:12:06 +0000 2021	150 000 pesos cambio 750 € País inviable mires vergüenza gobierno
Tue Apr 06 14:55:59 +0000 2021	hermoso gobierno mierda
Wed Apr 07 23:54:23 +0000 2021	indio malo 🤣 🤣 🤣 perdón indios
Fri Apr 09 19:28:37 +0000 2021	ve informan correcto Ladran Sancho señal cabalgamos
Thu Apr 08 11:28:53 +0000 2021	Presidente vote Ud enfermera venía venir febrero epidemiologa observó favor tome medidas profundas evitar contagios muertes mandato 2020 Ud siga camino
Fri Apr 02 20:01:51 +0000 2021	suerte Ministro Justicia Martín Soria
Thu Apr 08 17:41:23 +0000 2021	celebran miseria ritmo demorar años vacunar 44millones
Wed Apr 07 22:27:11 +0000 2021	velorio millón personas pleno pico contagios quieren venir restricciones Andate puta parió gobierno mierda
Sat Apr 10 16:09:44 +0000 2021	trabajos esenciales trabajador familia come
Sat Apr 03 16:14:41 +0000 2021	TEMPLO UMBANDA CASANOVA GENTE MENORES ANIMALES DENUNCIADO HABLILITADO LAFAYETTE 537
Sat Apr 03 17:04:45 +0000 2021	TEMPLO UMBANDA CASANOVA GENTE MENORES ANIMALES DENUNCIADO HABLILITADO LAFAYETTE 549
Sun Apr 04 19:53:58 +0000 2021	suegra Aztrasenica resulta sacan xq hemorragias suegra cuerpo hemorragia pongan suegra 91 años hagan ministra salud
Wed Apr 07 21:53:28 +0000 2021	provincia avanzan vacunación testean CABA vacunados esenciales DNU año esperamos franelean pelado irresponsable siquiera personal salud vacunad insensatos carajo
Sat Apr 03 16:49:37 +0000 2021	hacete cargo contagiar Aumento Fernandez
Fri Apr 02 00:11:13 +0000 2021	salud espera dosis paso semana debian darmela orto
Tue Apr 06 16:22:22 +0000 2021	Alberto engaño campaña mauricio estafa Uva Alberto culpa gobierno vuelve macri obligación hipotecados
Wed Apr 07 23:44:57 +0000 2021	Feo sucio malo tarambana acude autoritarismo cubrir inoperancia
Thu Apr 08 21:42:08 +0000 2021	Señor Gobernador abrir cementerios viaje ganado ventanillas cerradas colectivo lluvia forma abrir cementerios
Wed Mar 31 23:09:22 +0000 2021	Ganemos vacunemks 15 cerrado vacunando Vacunemos millones 15
Wed Apr 07 22:30:35 +0000 2021	anuncio titere juntarme 23 59 06 01 Gobierno Cientificos
Wed Apr 07 23:56:54 +0000 2021	SEGUIS GOBIERNO HISTORIA ARGENTINA VAS PERDON
Wed Apr 07 23:55:01 +0000 2021	Pobres argentinos presidente dictador descerebrado 🤷 🏼‍ ♂ ️
Thu Apr 08 23:05:36 +0000 2021	57 dosis Guardense epica Hagan 🤬 🤬 🤬
Tue Apr 06 12:18:38 +0000 2021	idas vueltas mentiras prosicion hablar hablar argentina esvuende ponerce jugar salud asta llegamos vergüenza organizada tantos técnicos pelotudiar gente pueblo
Wed Apr 07 12:25:52 +0000 2021	causas manipuladas preocupan dijiste olvidaste Sos mentira albertitere Das vergüenza presidente argentinos
Wed Mar 31 23:54:55 +0000 2021	19 millones argentinos POBRES Inútiles corruptos inescrupulosos justicia llegará 55 mil muertos siguen robando vacunas
Wed Apr 07 10:37:08 +0000 2021	dejan gente venga trasporte público síntomas provincia testeo mayoría viajó pagan testeo cojines parar
Wed Apr 07 23:12:52 +0000 2021	quieren cuidarnos sigan vacunación salteando fila piden esfuerzo llegamos mes hagan bajándose sueldo colaboración demagogia
Wed Apr 07 21:50:02 +0000 2021	Alberto cuidate importa digan gracias cuidarnos Solano Quilmes Fuerza presidente
Tue Apr 06 11:55:05 +0000 2021	viajó gente interior delpais semana cuidaron ingreso pcia huibo ningun tipo control testeos comportamientos serios gente exterior
Fri Apr 09 02:29:01 +0000 2021	Recortan 48 mil millones anuales obligan chicos vayan contagiarse covid circular utilizar dinero entregar netbooks conectividad Gobierno fracasados
Fri Apr 09 02:28:37 +0000 2021	Recortan 48 mil millones anuales obligan chicos vayan contagiarse covid circular utilizar dinero entregar netbooks colectividad Gobierno fracasados
Wed Mar 31 16:20:48 +0000 2021	Chile aviones trae gobierno idóneo circo corrupcion bah kirchnerismo
Sat Apr 10 07:07:31 +0000 2021	respeto cabeza mandar grupos riesgo aplicaciones garantías pandemia 24000 casos voto
Wed Apr 07 22:50:27 +0000 2021	burla gracias vacuna transita covid mayores consecuencias cuento gente espera vacunas misteriosamente terminaron brazo político gente
Wed Apr 07 21:44:31 +0000 2021	Gracias Presidente Gracias cuidarnos POCOSESOS oposición realidad Runfla delincuentes
Wed Apr 07 21:45:00 +0000 2021	culpa Macri 🤣 🤣 🤣 🤣 🤣 INÚTILES GESTIONEN DEJEN ROBAR Gobierno CHORROS
Wed Apr 07 21:42:22 +0000 2021	⚠ ️ ⚠ ️ CASA ROSADA ⚠ ️ ⚠ ️ basta encierros sirvio robaron vacunas amigos gobierno mafiosos enemigos argentino 🇦 🇷 VAMOS ROSADA 🇦 🇷
Wed Apr 07 23:27:03 +0000 2021	deje acusar pueblo dedíquese gobwerna inúti ministra salud testee pcia sr testea vivo pcia vacunen hartos mentiras zaraza cuido vos digas valoro vida
Sat Apr 03 10:56:03 +0000 2021	Sos presidente historia afano superar inútil espero recuperes recapacites saque loca mierda Slds
Sun Apr 04 19:02:31 +0000 2021	Esperemos den necesiten dejen privilegiados gobierno imposible
Fri Apr 02 23:32:07 +0000 2021	GOBIERNO NACIONAL CUIDA PUEBLO 💉 💉 💉 💉 💉 💉 💉 😷 ✌ ️ ✌ ️ ✌ ️ arsioni LTA
Thu Apr 08 02:33:23 +0000 2021	circulen policias fuerzas ofrecio saldran nomas AMBA
Thu Apr 08 13:45:17 +0000 2021	publican caraduras Apatridas
Sat Apr 03 13:22:59 +0000 2021	huele raro autoridad buscaron verso encerrarnos Quieren generar miedo avisamos gobierno inviable desprotegido tergiversan Ósea queda
Wed Mar 31 07:49:02 +0000 2021	REGALAR AEROLÍNEAS ahorramos compramos vacunas alquilamos FedEx traer millones vuelo sobra escuelas hospitales
Tue Apr 06 14:54:15 +0000 2021	Inutiles interior hambre pobres hagan mamarachos
Fri Apr 02 16:37:57 +0000 2021	año honrarlos Darle chorra abuelaza pobres
Sun Apr 04 17:21:15 +0000 2021	CARAJO ✌ ️ 🙋 🙋 EL JUEVES SPUTNIKV ✌ ️ ✌ ️ ✌ ️ ✌ ️ ✌ ️ GRACIAS CUIDARNOS
Fri Apr 09 16:24:00 +0000 2021	Escucho Ecuador Argentina comprará dosis vacuna cubana SOBERANA pagará papeles deuda Cuba Argentina gobierno Frondizi salida falta vacunas
Wed Apr 07 23:26:24 +0000 2021	nacional popular tenes auto podes circular tenes quedate casa pobre
Tue Apr 06 12:05:43 +0000 2021	Perdón 21 ministerios bajaron 10 sumo deudas previas podia achicar gastos ponele tomar deuda ponele Inversiones onda g20 tenés 170 impuestos 10 mil regulaciones invierte
Sat Apr 10 05:51:46 +0000 2021	IRÁ DÍOS ATENDER PRESIDENTE DÍOS VIVO AEROPUERTO POSADA ABRA AMÉN correo palasi hlf com
Wed Apr 07 13:09:51 +0000 2021	Alverso miente piensa cosa anteriores
Tue Mar 30 23:09:47 +0000 2021	1era dosis
Tue Apr 06 20:04:51 +0000 2021	Cierren escuelas semanas falta pensar cuidarnos Tenes fri abriga Vamoooo esperar
Wed Apr 07 21:59:20 +0000 2021	HIJO PUTA PASO CUIDARNOS SORETE VACUNADO DOSIS INFECTADO HIJO MIL PUTA NACE PARIERON CAGARON
Tue Apr 06 12:07:47 +0000 2021	alguien hora plan social
Wed Apr 07 22:20:55 +0000 2021	Dios fuerzas Rosario distritos novedades vacuna descontrol
Wed Apr 07 22:14:14 +0000 2021	Bajate sueldo Alberto inútiles gente esfuerzo Dejen cobrar cedan riendas país alguien sepa Abrazo gigante saludo expresi
Wed Apr 07 21:43:36 +0000 2021	Amigos argentinos domingi Ecuador elecciones opciones socialismo siglo 21 vive argentina venezuela capitalismo luz esperanza recomiendan indecisos voto nulo
Wed Apr 07 22:38:54 +0000 2021	hubiese víctima aborto argentina tuviese presidente
Wed Apr 07 22:29:05 +0000 2021	DARNOS CUENTAS METEN TOQUÉ QUEDA GOBIERNO MIERDA 🤬 🤬 🤬 🤬 🤬 🤬 🤬 🤬 🤬 🤬
Wed Mar 31 21:11:53 +0000 2021	semana vacaciones estatales acuerdan pedir recomendaciones compraron vacunas suficientes compraron quedaron amigos mandan vacaciones empleados fracasaron
Wed Apr 07 02:06:29 +0000 2021	CIRCO CIRCO CIRCO PUTA MADRE TAPAR CAGADAS MANDAN GOBIERNO NEFASTO CHORROS MENTIROSOS AGITAN GENTE VAYAN LLENAR HOSPITALES PUTA MADRE HIJOS PUTA COMPRAR ALBERSO FERNANDEZ PQTP
Sat Apr 10 21:58:12 +0000 2021	publicar logros
Wed Apr 07 21:41:41 +0000 2021	Cállate caradura Relajamiento social Uds malos ejemplos
Thu Apr 01 00:20:15 +0000 2021	PRESIDENTE ATIENDA DÍOS VIVO AEROPUERTO POSADA QUEDA SALIDA CREADOR AMÉN palasi hlf com
Tue Apr 06 16:34:19 +0000 2021	publica síntomas gente acuerda
Wed Mar 31 16:03:29 +0000 2021	Quieren entrar denuevo país traernos cepas tanta plata queden cumplan estrictamente cuarentena afuera porqué pobres bancar confinamiento culpa
Wed Apr 07 13:31:22 +0000 2021	Jajajajajaja uds creen pobre CM escribir boludeces
Sat Apr 10 01:58:10 +0000 2021	desgarran vestiduras pobres Hambre 🤣 🤣 🤣
Fri Apr 09 02:49:09 +0000 2021	Saquen bienes personales abuso impuestazo gente vendes auto casa deudas argentinos luchadores honestos Gracias 👉 Cuidarse 😷 🇦 🇷 🇦 🇷 🇦 🇷
Wed Apr 07 23:01:41 +0000 2021	vengo acá loca sigo Twitter deje mandonear hundir país respeta cuidar cuida resto portamos falta gobierno paternal gracias
Sat Apr 03 20:48:25 +0000 2021	INFIRMW DIGA VACUNA CHINA EXTENDER DOSIS 21 KA ASTRAZENECA DEN FORMA DISIS KA CHINA MUESTREN INFORMES
Mon Apr 05 11:22:59 +0000 2021	Estaría blanquearan gastaron usando aerolínea bandera barato
Wed Apr 07 22:32:13 +0000 2021	Corrupto cínico hipócrita payaso títere hijo mil putas quieren evitar jodas gente reuniones Dejen gente cuide depende estarían muertos comiendo barro
Wed Mar 31 14:19:44 +0000 2021	millones recibió Etiopía vuelo acá gasto público delincuentes
Wed Apr 07 21:49:37 +0000 2021	cierren definitivamente fronteras entrada país vienen afuera
Tue Apr 06 11:55:53 +0000 2021	cuarentena explota país guerra civil 42 pobres contar planeros país pelotas cerrar industria pones soga cuello
Wed Apr 07 22:15:55 +0000 2021	cumplen rebeldes MULTA ECONÓMICA caso
Fri Apr 09 00:50:02 +0000 2021	exigimos respeten plazos vacuna Sinopharm evidencia cientifica diferirla imipde vacunados dosis inmunizarnos vacuna abandonen sujetos experimentales
Thu Apr 01 23:34:23 +0000 2021	45 millones dosis dosis 45 millones festejan llegada vergüenza aplaude
Sun Apr 04 20:39:12 +0000 2021	seguimos 1era dosis seguimos campaña vacunas 1era dosis suficiente reduce efecto estaremos serios problemas nuevamente
Tue Apr 06 09:23:35 +0000 2021	44 000 000 argentinos calculo 10 000 000 tendrian vacunado frio atrasados
Wed Mar 31 14:18:45 +0000 2021	Etiopía vuelo recibe millones vacunas sigan gasto público
Tue Apr 06 13:02:48 +0000 2021	falta idoneidad ética Juicio político funcionaria presidente
Mon Apr 05 23:37:35 +0000 2021	10 vacunado ritmo 600 alcanzará inmunidad rebaño 70 80 vacunados
Wed Mar 31 18:15:03 +0000 2021	juro ministro justicia válido hablar saludarse barbijo
Wed Apr 07 01:55:03 +0000 2021	resultado positivo gestión mierda Alberso Hacedor pobre basura
Wed Apr 07 10:33:11 +0000 2021	exigimos respeten plazos vacuna Sinopharm evidencia cientifica diferirla imipde vacunados dosis inmunizarnos vacuna perdida recursos avalo sujeto experimental
Fri Apr 02 00:43:40 +0000 2021	Tranquila vendio reunion conejos indias termino G20 mando sancionar ley vacunas obligatorias pandemia querer usen experimento vacuna prueba feito feito
Mon Apr 05 23:40:25 +0000 2021	Hubiesen millones presidente hubiese aceptado donación vacunas Biden
Tue Apr 06 23:29:26 +0000 2021	Pampa 40 mil personas pusieron brazo campaña vacunación grande historia avanzando sigamos cuidándonos 🇦 🇷 ⬆ ️
Tue Apr 06 00:24:30 +0000 2021	Faltan vacunas reparten sátrapas Traigan paso empiecen testear 10 manga inoperantes
Wed Apr 07 21:48:12 +0000 2021	tuit bloqueé bots 50 followers curiosamente comentarios aparecen
Thu Apr 08 16:51:11 +0000 2021	problema acá medidas pobre controlarla xq controlan laburador responsable resto cualquiera comparemos Italia control
Wed Apr 07 23:07:41 +0000 2021	gracias alberto tenes auto quedate casa pobre nacional popular mierda macri
Wed Apr 07 21:54:51 +0000 2021	PASA VIVE SUELDO MISERABLE LAMENTABLEMENTE SALIR QUEDA SUELDO SUELDO 150000 QUEDAR CASA
Wed Mar 31 18:13:53 +0000 2021	avanza quedar historia vacunas vip militantes tirado línea vacuna rusa china vacunación militante Vip
Wed Mar 31 13:47:23 +0000 2021	VIVO presidente Alberto Fernández toma juramento ministro Justicia Martín Soria
Fri Apr 09 01:19:30 +0000 2021	Ojalá utilicen fórmula salario ganancia 40 inflación anual haga efecto dure rato nomas
Sat Apr 10 18:17:57 +0000 2021	esperando test rápidos científicos asumieron virus llegaba verano 50 mil muertos manos
Thu Apr 01 11:01:40 +0000 2021	toraba viaje barrani AA emite factura
Tue Apr 06 12:24:56 +0000 2021	Sra Ministra Bahia Blanca 69 años hipertensa ciudad vacuna ndo mayores 60 llega turno oncológica año 2018 controles aparecieron celulas retroperitoneo abril kimio necesito vacunarme gracias
Fri Apr 02 21:28:22 +0000 2021	promcionando levantaremos devemos ganar
Wed Apr 07 22:57:55 +0000 2021	relajamiento social continuo medida AF covid positivo haberse relajado medida
Wed Apr 07 19:18:19 +0000 2021	Cultura 🤮 🤮 🤮 🤮
Thu Apr 08 07:53:15 +0000 2021	avisaron gente restricciones circular 00 6 am inconstitucional ud SR Presidente 1ero declarar sitio Asusta desconocimiento ley profesor 😠 😠 😠
Thu Apr 08 01:05:30 +0000 2021	robaron vacunas expliquen 50 anote esposo pasa
Fri Apr 09 14:01:52 +0000 2021	Suspenden vacunacion partido fútbol publican hdp
Sat Apr 10 04:05:26 +0000 2021	Dejen publicar pelotudeces Pinocho Fernández cuco cree
Wed Mar 31 22:34:38 +0000 2021	quieren asesinar vieja viejo Ramón Paulino Sánchez rompió c*lo casa bienes bienes pidió Cero deudas
Thu Apr 01 13:31:45 +0000 2021	gobiernen dejen hablar culpables pasa vos sos cómplice panqueque
Thu Apr 08 12:19:02 +0000 2021	Presidente debería tomar medidas SEPARARSE letal virus Siento pena ojalá Dios perdone manipulación social impuesto piedad juzgados siga
Thu Apr 08 00:11:54 +0000 2021	Señor Presidente Acateremos favor deje castigar actividades deportivas 13 meses necesitamos meter club 30 personas 375m2 escuela entran 150 mitad espacio divido
Thu Apr 08 00:20:16 +0000 2021	ALBERTO VACUNADOS CONTAGIAN VACUNADOS VIAJAN TRANSPORTE PUBLICO USANDO BARBIJO
Thu Apr 08 01:56:58 +0000 2021	Fuerza presidente miserables tomar tema pandemia politico importarles vida gente patria Fuerza
Fri Apr 02 03:57:10 +0000 2021	BATERÍAS TRENES BARATO VIA ELECTRIC PELILOSA
Tue Apr 06 23:37:42 +0000 2021	anunciado uds 15 millones vacunados altura robarse vacunas Cara duras Cínicos
Wed Apr 07 22:18:11 +0000 2021	Sos inepto vacunas prometiste altura MILLONES ARGENTINOS ARGENTINAS iban vacunar Pobre infeliz
Sun Apr 04 19:31:06 +0000 2021	trajo 20 dosis
Sat Apr 10 09:20:25 +0000 2021	millones mientan 700 000 VIP UDS campora séquito vagos Uds
Wed Mar 31 15:28:26 +0000 2021	mapita incluidas 60 desviaron Calafate Purita vacubatorio VIP TOMEN BOLUDOS
Wed Apr 07 21:52:52 +0000 2021	Gracias Alberto justo Vacune 14 tuve turno avellaneda
Thu Apr 01 20:55:31 +0000 2021	pedís vacunas Sos cínico obvio mundo ama presidente TÍTERE procesada CFK LADRONA NACIÓN ARGENTINA
Thu Apr 08 02:37:41 +0000 2021	dejen restoranes 00hs parten factura demuetran vienen comer vivimos gremio ojo
Thu Apr 08 13:15:45 +0000 2021	10 milloyen diciembre AF
Thu Apr 08 15:51:21 +0000 2021	10 chantas mierda
Sun Apr 04 09:18:37 +0000 2021	culo 30 años
Tue Apr 06 17:19:04 +0000 2021	Memoria José López bolso vacunados VIP mechera golosa cuadernos coimas falsos hoteles tren once muertos inundación querés
Thu Apr 08 04:31:07 +0000 2021	Porfavor restricciónes 10 casos escuela
Fri Apr 09 00:42:33 +0000 2021	Lastima vacunan cuentagotas cumplo 57 mes viene esperanza recibir vacuna paso suerte 2024 VIP Dios
Fri Apr 02 10:11:28 +0000 2021	Sr Presidente Peronista felicito Gestión Argentina Obama G20 Ud llenado boca Rusia fué México tapar Vacunatorio Vip Hágase cargo autorice compra vacunas
Wed Apr 07 23:31:41 +0000 2021	transporte 00 06
Thu Apr 08 16:46:24 +0000 2021	10 vergüenza
Wed Apr 07 23:06:09 +0000 2021	Alberto 23 00
Tue Apr 06 14:44:18 +0000 2021	ganas ponerme vacuna anote diciembre espero 60 justo
Fri Apr 09 11:58:16 +0000 2021	pagan 20 Lucas jubilado
Wed Apr 07 21:47:58 +0000 2021	virus circula 00 hs 06 hs Ojo
Fri Apr 02 01:59:04 +0000 2021	millón Faltan 20 millones nomás
Sun Apr 04 18:15:51 +0000 2021	Intervengan vacunacion pvcia Santa Fe desastre vacunatorio vip ministra Martorano altura circinstancias turbio vacunan tome cartas asunto favor
Sun Apr 04 18:03:19 +0000 2021	quebcaro sale robo vacunas trajeron 35 40
Thu Apr 08 13:15:40 +0000 2021	llegamos 10 millones dosis febrero 2025
Thu Apr 08 13:16:32 +0000 2021	ola faltan vacunar 40 millones 80 millones dosis INUTILES
Thu Apr 08 01:13:18 +0000 2021	Prometió 10 millones vacunas diciembre anunció toque queda abril
Sun Apr 04 18:18:52 +0000 2021	interesante numero vacunas entregan 500 mil NUMEROS REDONDOS 497 745 RARO
Tue Mar 30 20:43:43 +0000 2021	NAC & amp POP vergüenza ajena
Thu Apr 01 23:04:02 +0000 2021	llegaba 20 10hs adelantó minutos Alverso mentiras
Wed Mar 31 17:34:20 +0000 2021	300 000 40 millones Argentinos publicidad pedorra
Sun Apr 04 19:24:52 +0000 2021	granaderos 10 años campañas rendido homenaje
Thu Apr 08 01:09:24 +0000 2021	casa jardin espacio abierto manso mediocridad proponen
Sun Apr 04 21:54:29 +0000 2021	bolas plato transmitir 66 vuelos faltan 20 millones dosis
Sun Apr 04 20:19:55 +0000 2021	falta 40 millones componentes plan vacunación eficiente
Fri Apr 09 11:26:07 +0000 2021	NECESITAMOS AYUDEN APERTURA SALONES AFORO 30 Salones zona oeste peligro
Sun Apr 04 01:17:46 +0000 2021	causante incremento contagios gente aumento soja 500 dólares tonelada
Sun Apr 04 16:27:56 +0000 2021	Ojalá toque xq UTN SAN NICOLAS reprogramó turno llamaron gente 20 21 años vacunadas diabético
Wed Apr 07 23:18:32 +0000 2021	CERRAR ESCUELAS cese presencialidad escuelas disminuiría 10 millones cantidad personas circulando calles
Wed Mar 31 09:21:45 +0000 2021	PRESIDENTE SORDO ATIENDE 20 BANDERA ARGENTINA FLAMEA ISLAS MALVINA VIAJE POSADA DIOS ESPERA palasi hlf
Sun Apr 04 16:21:13 +0000 2021	Lógica 40 vuelos dosis Aerolíneas curros crecen vendemos épica boludos
Sat Apr 03 13:14:47 +0000 2021	presidente dosis positivo figúrense china traen 30 efectividad darán necesarias
Tue Apr 06 14:18:55 +0000 2021	VEO GENTE SUPUESTAMENTE RIESGO VACUNADA SALEN 40/60 CIRCULAR ANDAN REPARTIENDO VIRUS DEBERÍAN VACUNADOS
Thu Apr 08 11:19:41 +0000 2021	Alberto querido Wado luchador agradezco corazon ek esfuerzo UDS SENTIMIENTO PERONISTA FUERZA PRESI
Thu Apr 01 23:22:54 +0000 2021	ROBAN GUITA TRENES MATARON 51 ROBAR VACUNAS HIJOS SUREVERENDA MADRE SINVERGUENZAS
Tue Mar 30 23:49:07 +0000 2021	Cldos Paguen avión carga dejen traer 10 chorean vergüenza 🤦 🏻‍ ♂ ️
Fri Apr 02 18:32:22 +0000 2021	COLONIALISMO HIDROVIA ROBO MINERAS ROBO PESCA RECURSOS ETC 30 HISTORICO HIDROVIA RECUPERARLA MANOS EXTRANJERAS
Sun Apr 04 18:23:38 +0000 2021	traen hija piloto AVION entran triste celebran Chile 2millones vuelo aca comprar cigarrillos sueltos 497745 500 tristisimo
Wed Apr 07 22:36:57 +0000 2021	vergüenza anuncio cerro verano semana santa año vengo cuidando cuido familia vacune esencial súper responsable culpa quisieron jodemos justo
Wed Apr 07 23:47:02 +0000 2021	tipo negoció millones vacunas miles choreadas sacó 500 fotos barbijo abrazado cualquiera contagió órdenes podía hablado
Sun Apr 04 22:19:50 +0000 2021	salvar vice corrupta historia país Ojalá justicia condenada hijos testaferros cómplices seriedad valores ética moral
Wed Apr 07 23:39:08 +0000 2021	mintieron virus acá llega China mintieron cuarentena cerramos 60 duro meses mintieron pico mintieron vacunas 10 millones vacunados 705 000 Asuman desastre pidan disculpas
Tue Mar 30 21:57:34 +0000 2021	huuuuu montón meses 3millones trimestre 12 millones años vacunamos argentinos NAC&amp POP
