created_at	text
Thu Apr 08 16:46:09 +0000 2021	políticos tuvimos lucha interés utilizan pueblo compras fácil necesidad fanatismo irracional pidan miden vara
Tue Apr 06 23:05:03 +0000 2021	proteger confía invierte Argentina sale idea frase correcta
Sat Apr 03 17:13:12 +0000 2021	sr TEMPLO UMBANDA CASANOVA GENTE MENORES ANIMALES DENUNCIADO HABLILITADO LAFAYETTE 549 VINO CRONICA CLAUSURENLON
Wed Apr 07 21:48:21 +0000 2021	Alberto favor cierren escuelas circular gente enferma seguro eficiente virtual Escuchen gente comunidad educativa argentinos votamos
Sat Apr 03 11:21:14 +0000 2021	91 efectiva contagio tenes mala suerte propaganda Relato Gobiernen negocien cueros vacunas
Thu Apr 01 12:39:02 +0000 2021	Criterio equitativo federal Pucha sos chistosa vacunan oligarquía terrateniente política Aviones llevan vacunas Calafate ciudades Santa Cruz vacunar funcionarios Vemos fotos jóvenes camporistas vacunándose mientas
Tue Apr 06 11:55:05 +0000 2021	viajó gente interior delpais semana cuidaron ingreso pcia huibo ningun tipo control testeos comportamientos serios gente exterior
Wed Mar 31 19:08:54 +0000 2021	vacuna sinopharm datos eficacia disminucion riesgo dosis diferir 2da ARabes aplicaron dosis Quiero 2da dosis forma favor riesgoso
Wed Apr 07 12:16:38 +0000 2021	Confía empresas dejaron País enteró Falabella querer invertir reina corrupción
Fri Apr 09 02:29:01 +0000 2021	Recortan 48 mil millones anuales obligan chicos vayan contagiarse covid circular utilizar dinero entregar netbooks conectividad Gobierno fracasados
Sat Apr 03 13:33:00 +0000 2021	olvidaron avisarle presi Pucha
Wed Apr 07 22:29:40 +0000 2021	Sos hijo mil puta medidas vista jamas vida laburaste sector privado Basura tenes 42 pobreza año vas llegar 50
Fri Apr 02 20:01:51 +0000 2021	suerte Ministro Justicia Martín Soria
Mon Apr 05 17:37:35 +0000 2021	fracaso economía educación seguridad democracia derechos humanos vacunación gobierno 83 seguro 👎
Fri Apr 09 02:28:37 +0000 2021	Recortan 48 mil millones anuales obligan chicos vayan contagiarse covid circular utilizar dinero entregar netbooks colectividad Gobierno fracasados
Wed Apr 07 21:39:44 +0000 2021	ñatos vacunas cobrando sueldo estatal vienen decirnos obecer decidir debemos Ladrones
Tue Apr 06 14:34:34 +0000 2021	Gente pisó escuela pública hablando contagio escuela cinismo
Wed Apr 07 23:35:30 +0000 2021	Oooh Survival time cantaba Luca Prodan 1986
Thu Apr 08 01:18:12 +0000 2021	corrupción ineficienca inoperancia Uds manejo pandemia Gestión reprobados vacunan aceptaron vacuna Pfzer perdimos 14 000 000 vacunas Depolorable
Sun Apr 04 20:45:10 +0000 2021	seguís seguimos damos difusión actividades campo popular & lt Seguirnos EMPODERA permite romper agenda imponen multimedios nacionales Gracias continuar bregando patria justa soberana Sigamonos
Wed Apr 07 22:18:20 +0000 2021	infraestructura recursos personal cubrir protocolos escuelas caso omiso tapar realidad hablar salarios atrasados preocupa tarifas « atrasadas »
Mon Apr 05 23:38:58 +0000 2021	robaron vacunas hdp inútil ineficiente ineficaz mediocre malvados lujo rechazarle vacunas Biden uds roza terrorismo
Wed Apr 07 23:32:58 +0000 2021	Incapaces vacunar personal sanitario 100 falta dato mostrar inutilidad gobierno Entreguen llave recepción fracaso grande historia 😠 😠 😠
Wed Apr 07 22:24:54 +0000 2021	chupa pija poli vengan pude caminar noche pego tiros pelotas acabo plandemia bacterias luchar libertad llorar perderlo
Thu Apr 08 13:24:34 +0000 2021	000 000 cortos meses digamos campaña campaña vacunación
Sat Apr 03 16:14:41 +0000 2021	TEMPLO UMBANDA CASANOVA GENTE MENORES ANIMALES DENUNCIADO HABLILITADO LAFAYETTE 537
Sat Apr 03 17:04:45 +0000 2021	TEMPLO UMBANDA CASANOVA GENTE MENORES ANIMALES DENUNCIADO HABLILITADO LAFAYETTE 549
Sun Apr 04 17:23:39 +0000 2021	MIENTEN 🤥 LOS BLOQUEO TROLL 🤥 LOS BLOQUEO TROLL
Thu Apr 08 00:35:31 +0000 2021	Consulta tonta llaman esenciales viajar transporte público mayoría laburantes joden quejan laburo
Wed Apr 07 13:44:50 +0000 2021	Encerrandonos Cortando transporte público pensás PyMes 10 empleados micro buscar 10 empleados viven completamente alejados
Wed Apr 07 22:02:11 +0000 2021	cagas gastronómicos sector privado asco
Wed Apr 07 21:50:54 +0000 2021	encantaría cuidar esenciales tranp público semanas empecé vacaciones locura viajar colectivos llenos caba matanza
Wed Apr 07 22:04:34 +0000 2021	Transporte Público esenciales médico necesitó viajar transporte aclaró necesitar permiso nuevamente Gracias
Sat Apr 10 21:20:15 +0000 2021	vivís AMBA recordá transporte público trabajadores esenciales comunidad educativa tengan emergencias turnos vacunación personal autorizado viajar necesitás Certificado Único Habilitante Circulación
Thu Apr 08 00:10:05 +0000 2021	afecta economía cierre escuelas cierre escuelas disminuye circulación virus reduce cantidad pasajeros transporte público
Tue Apr 06 13:39:26 +0000 2021	sociedad invita colegios viajar transporte público precario docentes tomar medidas inventar contagia trabajando Vacunen abran instituciones alto contagio
Wed Apr 07 22:50:27 +0000 2021	burla gracias vacuna transita covid mayores consecuencias cuento gente espera vacunas misteriosamente terminaron brazo político gente
Tue Apr 06 22:35:43 +0000 2021	importa hagan juicio quiero puedan ocupar cargo público incompetentes Dejales propiedades plata vuelve laburen puedan resto mortales
Wed Apr 07 21:48:49 +0000 2021	fuerza Alberto salimos juntos tirando darán egoístas
Fri Apr 09 13:31:35 +0000 2021	cambio escazo profundizar cambios quitar jubilaciones privilegios dobles legislaturas provincias país carreta gente elegir bajar tirar
Tue Apr 06 22:21:48 +0000 2021	Albert cerramos quedar consumidores
Thu Apr 08 00:38:06 +0000 2021	Anuncio funcionarios públicos bajar sueldo fundir privados
Thu Apr 08 00:16:13 +0000 2021	transporte publico GARANTIZADO TRABAJADORES esenciales medida ingresos alimenta vive grupo familiar TRANSPORTE PUBLICO TRABAJADORES
Thu Apr 01 16:25:43 +0000 2021	números publico culpa realidad culpa políticos importa partido formen
Wed Apr 07 22:42:26 +0000 2021	Inseguridad Pobreza Asistencialismo Kirchneristas ladrones Macristas fracasados
Mon Apr 05 00:36:19 +0000 2021	Corrupción
Wed Apr 07 16:35:59 +0000 2021	vayan empresas fallabella latam qatar arways wallmart protege irse claven presidente 😍 😍 🤩 🤩 ojala fueran considerados
Wed Mar 31 16:16:32 +0000 2021	exige lista real vacunados cotejar datos vacunas compraron
Wed Apr 07 21:02:58 +0000 2021	público renueva
Fri Apr 02 16:43:06 +0000 2021	Honra nutros ideales nación Dejando cómplice corrupción
Thu Apr 08 23:34:28 +0000 2021	testearon tuvieron plan sanitario económico vacunación Prometieron 10 millones vacunados diciembre llegaron mitad vacunaron personal salud culpa oposición argentinos
Wed Apr 07 23:08:01 +0000 2021	mercenarios patinaron vacunas gatos BASURA
Tue Apr 06 12:42:19 +0000 2021	CONADEP irregularidades manejo salud Argentina pandemia Covid MUERAN culpa inoperancia corrupción responsables salud OLVIDO PERDÓN
Sat Apr 10 14:06:53 +0000 2021	seguí autorizando aumentos prepagas hospitales publico turno meses forma seguir eliminando VIEJOS vos podes pagar digamos tenes tenerla
Wed Apr 07 23:22:23 +0000 2021	quieren volver imponer restriccion cualquiera barbijos respetan distanciamiento vacunan jóvenes fracasando porq priorizan corrupción Consigan vacunas hagan testeos dejen robar
Tue Apr 06 22:44:36 +0000 2021	Sr presidente pido reestructure pierde confianza bonos AYSA 2023 empresa argentina estratégica creada Néstor gestionada exitosamente Malena cotizan mitad reestructure pierde Bco Mundial confió
Wed Mar 31 16:54:44 +0000 2021	Envíen Malvinas Hagan actos posesion
Wed Mar 31 04:36:47 +0000 2021	Presidente tomó juramento ministro Justicia Derechos Humanos Martín Soria
Wed Apr 07 23:46:32 +0000 2021	Controlar contagios Mejorar sistema sanitario Pagarle médicos Vacunar Testear Controlar contagio 🙄 🙄
Wed Apr 07 21:44:29 +0000 2021	soporto Inutil
Fri Apr 02 08:51:37 +0000 2021	realidad manga ladrones tercerización empresas traen vacunas chorros HDP odio pobreeza argentina manga delicuentes curran vacunas ensima roban
Wed Apr 07 23:15:20 +0000 2021	Estimado Sr Presidente deseo pronta recuperación tome decisiones sacar bendito país Abrazo
Thu Apr 01 15:40:07 +0000 2021	cara sacar comunicado ola sacaron adultos mayores cargamento Sputnik dárselo milicos colmo relato impunidad atacar salud pública
Wed Apr 07 21:45:14 +0000 2021	SOPORTO 😠 😠 😠
Tue Apr 06 22:33:02 +0000 2021	Seguramente Mercado Libre Latam Falabella millón desempleados confían invierten Argentina HDRMP
Thu Apr 01 14:16:50 +0000 2021	gob pliega órden FMI debemos reducir Población puntas matando niños ancianos niños vacunar Escuelas desinfestar viejos Hospitales Públicos acuden Hosp dolencia infestan Covid
Wed Apr 07 22:05:39 +0000 2021	ALBERTO ESCUELAS ABIERTAS PRINCIPAL FACTOR AUMENTOS CONTAGIOS COMERCIOS
Wed Mar 31 14:19:44 +0000 2021	millones recibió Etiopía vuelo acá gasto público delincuentes
Wed Apr 07 01:20:39 +0000 2021	frutos conoceréis Jesús
Wed Mar 31 16:00:10 +0000 2021	dinero dilapidan tremendo engaño vergüenza Personalmente turno mes recibo vacuna
Thu Apr 08 23:38:42 +0000 2021	Sinicos REMIL as merecen Juzgados delitos lesa Humanidad Pierdan peso Justicia caerá distorsionaron prioridades vacunación politico
Sat Apr 10 21:25:44 +0000 2021	Cumplamos recomendaciones sanitarias prevenir transmisión coronavirus vacunando cuidémonos
Tue Apr 06 22:42:43 +0000 2021	INEPTOS YÉNDOSE ESTAMPIDA EMPRESAS QUEDABAN
Wed Mar 31 14:18:45 +0000 2021	Etiopía vuelo recibe millones vacunas sigan gasto público
Wed Apr 07 21:50:38 +0000 2021	virtualidad segura vacunación masiva enfermar morir
Wed Mar 31 15:53:55 +0000 2021	campaña Korrupción ✌ ️IP grande historia
Tue Apr 06 22:24:08 +0000 2021	combina proteger confía invierte frase cabecera Combatiendo capital
Wed Apr 07 21:49:19 +0000 2021	nota Alberto Fernández auto chofer restringir transporte público área amba Gracias voto
Thu Apr 01 23:00:32 +0000 2021	Sigamos practicando cuidadanía respetemos recomendaciones sanitarias prevenir transmisión Covid 19
Sat Apr 10 21:25:35 +0000 2021	esfuerzo fiscal estimó 48 000 millones año dinero vuelca directa bolsillo trabajadores jubilados potenciando consumo mercado interno
Wed Apr 07 13:48:40 +0000 2021	nota parar quebrar cerrar emigrar empresas intenten
Sun Apr 04 20:26:19 +0000 2021	MM G20 países líderes mundo Arg Cristina paises bananeros MM cometió errores Cristina delitos
Fri Apr 09 14:11:15 +0000 2021	Esfuerzo parasitan políticos empleados públicos bajaron sueldo
Fri Apr 09 10:34:56 +0000 2021	Papel pintado vas supermercado changuito llega cuarta dinero alcance moneda vale
Fri Apr 09 01:14:21 +0000 2021	esfuerzo fisca ganancias personasl 48 000 modificando empresas 120 000 Adonde 72 000 millones restantes
Tue Apr 06 22:50:53 +0000 2021	robaron vacunas robaron dinero futuro deuda pague macri quisieron
Wed Apr 07 22:28:20 +0000 2021	Cerra escuelas transporte público cagón Tibio mierda jugatela pueblo cuidamos hijo mierda
Thu Apr 01 22:56:32 +0000 2021	stream nivel SpaceX impuestos acción ✌ ️ Gracias pejota ponernos alto latam amor infinito
Mon Apr 05 16:05:39 +0000 2021	aceptable apuesta vacunas acompañarse freno libre propagación virus IMPERATIVO CESE PRESENCIALIDAD ESCUELAS
Wed Apr 07 21:54:02 +0000 2021	persona bar restaurante 12 00 noche venga damos clausurar cobrar multa ayudenmen
Tue Apr 06 22:19:19 +0000 2021	Presidente inauguró mediodía planta Raízen Dock Sud valoró confianza país
Wed Apr 07 22:08:08 +0000 2021	Miente mínimo aire libre escuchar pasar aviones mueve banderas nota fondo montado tomarnos estupidos
Tue Apr 06 16:49:53 +0000 2021	vacunen camioneros larga distancia nacional internacional visto vectores importantísimos cortan plan gobernador decie cierren fronteras uruguay paraguay bolivia
Thu Apr 01 20:59:55 +0000 2021	sucediendo inaceptable cargaron Constitución Nacional libertades derechos individuales colectivos excusa
Thu Apr 01 15:04:54 +0000 2021	explico dinero viajar exterior tanta pobreza indiferencia ayudar importa 🙄 🤦 🏼‍ ♀ ️
Wed Apr 07 20:19:24 +0000 2021	vacuna Sinopharm dosis prevenir infección grave muerte diferir Infectologos Conicet Recibi 1er dpsis diabetica hipertensa miedo
Wed Apr 07 11:10:38 +0000 2021	quieren proteger Realidad mata relato
Thu Apr 01 22:52:47 +0000 2021	Evitar viajes exterior medida fundamental prevenir ingreso cepas Covid 19 país Sigamos practicando cuidadanía
Thu Apr 01 20:43:36 +0000 2021	Ojalá dejen pasar extranjeros quiero visitar único amigo año pandemia aguantar diciembre boleto avión demas pasar
Wed Apr 07 21:57:15 +0000 2021	🔴 Las medidas Gimnasios Velatorio drogadictos populares Bares ❌ Marcha aborteras / piqueteros / etc ✔ Transporte público ❌ Micros llenos gordos planeros ✔ Negocios 23hs ❌ Kioskos vende merca ✔
Wed Mar 31 16:20:42 +0000 2021	caba restenle larreta vip privados hdp
Tue Apr 06 16:34:19 +0000 2021	publica síntomas gente acuerda
Wed Apr 07 19:14:35 +0000 2021	protege
Tue Mar 30 23:46:44 +0000 2021	salvados Ah parásitos estatales partidarios amigos familiares docentes pertenecientes grupos riesgo sos viejo personal salud chofer transporte público complejo resto hablar
Wed Mar 31 16:20:48 +0000 2021	Chile aviones trae gobierno idóneo circo corrupcion bah kirchnerismo
Tue Apr 06 22:50:32 +0000 2021	realidad paralela impresionante confia recuerden yakult tantas empresas extranjeras abndonaron reinado miseria
Wed Apr 07 22:31:52 +0000 2021	base restriccion horarios personas juntas aire libre restricciones acumulan gente limitan comercios cercania piensan viven personas pagar uber taxi INUTILES IRRESPON
Wed Mar 31 15:31:21 +0000 2021	resiste análisis distribución debería proporcional densidad poblacional dieran posibilidad privados puedan acceder independientemente vacuna disponible mercado liberaría dosis alguien recursos relato
Sun Apr 04 00:18:48 +0000 2021	manejo turbio transparencia ausente Salud
Tue Apr 06 22:27:44 +0000 2021	Alberto Fernández proteger confía invierte Argentina encanta cagarlos impuestos mantener vagos planeros
Sun Apr 04 03:45:27 +0000 2021	Señor Ministro docente primaria Fcio Varela concurriendo transporte público llamaron vacunarme convivo madre 84 años favor convoquen docentes vacunados
Wed Apr 07 22:25:02 +0000 2021	Obliga empresas pagar viaticos cobres peajes aumentas nafta sacas 10 telepase querés Beto Tira pibes
Wed Apr 07 00:51:55 +0000 2021	rajaron genio quedar proteger productores polenta zombis comer
Wed Apr 07 12:59:21 +0000 2021	Jajajajajajajajajajajjajajajajajajajajaja protegen suficiente dejen meterles dedo orto puntos
Thu Apr 08 00:09:11 +0000 2021	Sos divino cafiero humano tranqui pareces
Wed Apr 07 10:37:08 +0000 2021	dejan gente venga trasporte público síntomas provincia testeo mayoría viajó pagan testeo cojines parar
Wed Mar 31 23:03:54 +0000 2021	Semana Santa estés estés recordá mantener cuidados básicos prevenir transmisión Covid 19 😷 Uso correcto barbijo 🤲 🏼Lavado manos 🧍🏽——🧍🏽‍ ♀ ️Distancia metros 🌬 🪟 Ventilación ambientes 🍴 🧉No compartir utensilios ⬆ ️
Sat Apr 03 10:44:53 +0000 2021	OJALA DIOS HAGA LIBERE VOS PRESIDENTE HISTORIA ARGENTINA ALBERSO FERNANDEZ MENTIROSO CHORROS MENTIROSO
Wed Mar 31 10:18:30 +0000 2021	cantidades termina vacunar toca año permiten corresponde comprar privada quedaría liberado responsabilidad Aca ignorancia terquedad juntas
Tue Mar 30 21:15:22 +0000 2021	vuelos caros mundo empanadas siguen ✌ 🏻acunando ✌ 🏻oludos aplaudidores amigos
Wed Apr 07 21:40:00 +0000 2021	Docentes muertos burbujas aisladas familias contagios internados escuelas seguras Alberto cargo vida docentes auxiliares muertos curva iteraciones posteriores apertura escuelas
Sat Apr 03 04:14:14 +0000 2021	Seguro culpa jajajja unico positivo ud Covid 19 ofrece mate jefa contagia
Sat Apr 03 12:11:07 +0000 2021	Pronta recuperación
Fri Apr 09 17:24:26 +0000 2021	Che virus tomo libre
Tue Apr 06 09:34:38 +0000 2021	millones vergüenza cantidad cantidad gente faltando tantas personas mayores tanta gente riesgo mujer riesgo registraron Dejen mentir pónganse laburar
Wed Apr 07 22:04:40 +0000 2021	ESCUCHE SOPORTO PRESIDENTES 🥚 🥚 MANDAN PLAZO CUMPLA DEUDA PAGUE PROVERBIO UDS PAGUEN JUSTICIA COBRARÁ VIDA
Thu Apr 08 05:19:33 +0000 2021	expresan refieren competencias deportivas oficiales sábado 17/04 comienza torneo metropolitano hockey AIRE LIBRE AMATEUR torneo OFICIAL suspenden siento decepcionada acercaba única fuente ingreso
Thu Apr 08 21:46:44 +0000 2021	lame culo sueldo seguro piden cierren cabeza termo quiero laburan pedir cierren cagar hambre creen payaso presidente jajajaja
Sat Apr 03 04:34:03 +0000 2021	Ah vacunaste mentirita * salen contestar vacuna protege virus agarre fuerte bla bla *
Wed Apr 07 11:47:40 +0000 2021	decís Falabella Mercado Libre
Thu Apr 08 16:23:43 +0000 2021	ud mediocre traen vacunas gotas bajos niveles efectividad vacunan vip armen plan serio vacunación lleguen dosis negocien proveedores mentir incluyan educación economía
Wed Apr 07 00:57:06 +0000 2021	justicia devuelvan robado
Sun Apr 04 13:40:01 +0000 2021	Vacunatorio VIP Very Important Peronista devuelvan vacunas robadas
Fri Apr 09 12:52:56 +0000 2021	vacunas robadas decís
Wed Apr 07 16:58:31 +0000 2021	equitativo dinero
Sun Apr 04 20:41:42 +0000 2021	país siguiendo plan prioridades políticos familiares amigos chongos choferes militantes etc DelinKuentes
Wed Apr 07 22:06:43 +0000 2021	simplemente inteligente pronta recuperación señor presidente
Wed Apr 07 15:24:38 +0000 2021	Hipócrita cualidad
Wed Apr 07 04:05:46 +0000 2021	nota protege proteges pago vacunas pagas
Wed Apr 07 11:53:54 +0000 2021	Jajajaja inútiles centavo país
Sun Apr 04 21:43:56 +0000 2021	Guauuuu avión muchachos acuérdense cobramos plan peronchos CI mínimo darnos uds ladrones
Sat Apr 03 23:41:10 +0000 2021	Millones Seguro
Tue Apr 06 12:03:55 +0000 2021	digan bla bla realidad indica robaron vacunas amigos personal salud agotado gente muere covid HAMBRE
Sat Apr 10 01:56:10 +0000 2021	invertría centavo país inviable
Wed Apr 07 22:06:54 +0000 2021	libre circulación garantizada constitución nacional violen
Sun Apr 04 19:53:58 +0000 2021	suegra Aztrasenica resulta sacan xq hemorragias suegra cuerpo hemorragia pongan suegra 91 años hagan ministra salud
Wed Apr 07 21:42:26 +0000 2021	paso Macri saco libro
Thu Apr 08 00:16:34 +0000 2021	alberto gobierno saco plan viajes reintegros 50 2021 pandemia ah pedo macri lod mudachoz pedonistas laddeta hambdeador
Thu Apr 08 00:20:16 +0000 2021	ALBERTO VACUNADOS CONTAGIAN VACUNADOS VIAJAN TRANSPORTE PUBLICO USANDO BARBIJO
Sun Apr 04 18:46:12 +0000 2021	saludo solidaridad señor Colombiano admira labor nación Pronta efectiva recuperación afortunadamente inoculo
Sat Apr 03 23:18:04 +0000 2021	Pronta mejoría presi
Wed Mar 31 03:13:38 +0000 2021	Derecho vulnerado Hospital Italiano CABA socia Plan Salud 70 años Historia Clínica domicilio Caba DNI domicilio Goya Corrientes Pago vacunan Justicia
Wed Apr 07 00:11:57 +0000 2021	Delincuentes Vacunaron amigos alos
Tue Apr 06 22:24:49 +0000 2021	REVÉS IMPUESTOS RESTRICCIONES PRESIÓN SINDICAL CIERRES PYMES COMERCIO EMPRESAS FALLABELLA HIPÓCRITAS CÍNICOS IRRESPONSABLES
Tue Apr 06 11:51:57 +0000 2021	nerviosita Gorda trabándose confianza suele
Wed Mar 31 23:32:49 +0000 2021	compartimos espacios cerrados personas fundamental ventilar ambientes constantemente Sigamos practicando cuidadanía respetemos recomendaciones sanitarias prevenir transmisión Covid 19
Wed Apr 07 21:43:39 +0000 2021	Gracias querido presidente pronta mejoria
Tue Apr 06 22:24:44 +0000 2021	queres reir espanta empresas
Wed Apr 07 11:27:21 +0000 2021	Proteger Jaja idiotas
Mon Apr 05 02:57:22 +0000 2021	Libertad pueblo Cubano
Thu Apr 08 13:35:07 +0000 2021	vacunado contrajo enfermedad queda resto sistema salud familias aisladas
Wed Apr 07 02:35:24 +0000 2021	PRESIDENTE MENSAJE ESCRITO ROBA MUERTO VIRUS VERSO DEJE ASUSTAR HUMANOS palasi hlf com
Wed Apr 07 21:50:53 +0000 2021	cuidado reunido gente bubrbuja cuestiones sociales barbijo ventilación distancia social exigirle cuidar Ud
Fri Apr 02 13:19:19 +0000 2021	CRISTINA PROBLEMA FRACE SOLUCIONA QUEDA LIBRE SAQUE PRESOS AMÉN correo palasi hlf com
Tue Mar 30 23:38:12 +0000 2021	locura decimo vuelo gastar dinero pueblo demustran orgullosamente desastre inutiles
Thu Apr 08 02:32:49 +0000 2021	años ayuda gobierno plan clase Trabaje vida echaron recibo ayuda Conviviendo persona riesgo mamá llamaron vacuna inscripta enero DNI 6708288 GRACIAS
Tue Apr 06 22:30:06 +0000 2021	seguramente IMPRESENTABLES estarán evaluando sacar posibles potenciales empresas inversionistas Argentina BASURAS políticas
Wed Apr 07 18:57:13 +0000 2021	dicemos proteger referimos asfixiar
Wed Mar 31 21:06:58 +0000 2021	Dejen negar obvio Seguir manteniendo presencialidad escuelas GRAVE ERROR Pongan vida ciudadanos intereses político económicos
Wed Apr 07 23:27:51 +0000 2021	manejo nivel global virus mortal virus respuesta cantada colapso sanitario Dejense j0der preocupan pueblo hablo gobierno
Fri Apr 02 01:48:52 +0000 2021	ECOLÓGICO CONSUMO ECONÓMICO USANDO AUTOS ELECTRIC PANELES SOLARES ENERG EOLICA BATERÍAS
Sat Apr 03 04:31:09 +0000 2021	Espero mejore
Sat Apr 10 19:24:50 +0000 2021	MESÍAS UNICO AGREGADO YAMARA IMPUESTO ARGENTINO TOCA PRODUCCIÓN BANCO CENTRAL AMÉN est palasi hlf
Thu Apr 08 13:45:17 +0000 2021	publican caraduras Apatridas
Tue Apr 06 22:46:36 +0000 2021	protegen
Wed Apr 07 13:17:51 +0000 2021	robaron vacunas delincuentes olvido perdón Delito lesa humanidad
Wed Mar 31 00:47:43 +0000 2021	dron traer cantidad
Thu Apr 01 22:03:57 +0000 2021	Sr Presidente Peronista felicito Gestión Argentina Obama G20 Ud llenado boca Rusia fué México tapar Vacunatorio Vip Hágase cargo autorice compra vacunas
Sat Apr 03 03:52:34 +0000 2021	SEGURO CONTAGIÓ 😁 😁 😁
Tue Apr 06 22:50:29 +0000 2021	Empeza empresas importar insumos Inútil
Wed Mar 31 15:59:50 +0000 2021	buenísimo Alberto Fernandez pueblo diciento gente extranjero vacacionar vienen contagiados traer pandemia entraron
Fri Apr 02 16:19:19 +0000 2021	Recurden traer cantidad variedad vacunas Gracias
Wed Apr 07 01:00:36 +0000 2021	Ajajajajajaj proteger invierte cinico hdrmp Contate titere
Sat Apr 10 21:58:12 +0000 2021	publicar logros
Fri Apr 09 20:27:24 +0000 2021	Albertito Ponete pantalones Echalos AA calle vagos vividores millones ca hambre Argentina quieren seguir robando presupuesto
Wed Apr 07 01:11:26 +0000 2021	Íbamos volver mejores 😡 🤦 🏽‍ ♂ ️
Sun Apr 04 16:45:44 +0000 2021	única realidad
Wed Mar 31 05:34:08 +0000 2021	niño necesita respuestas urgente corre vida vale alguien obligación proteger derechos derecho vida
Wed Apr 07 23:52:18 +0000 2021	2020 anuncio venimos escuchando puto año medidas restricciones sirvieron verga unicos HDMP arriesgaron salvaron vacunas Robadas utds politicos sindigarcad funcio arios miserables LCDSPM
Tue Apr 06 12:35:12 +0000 2021	Ridículos pasearon país 2020 boludos encerrados medios esenciales libre albedrío tibios Cambiemos harán bardo resto gestionan planes fácil
Sun Apr 04 22:43:14 +0000 2021	PESIDENTE prohibición despidos 2022 quitar RIDICULA restricción doble indemnización TOPE 500 000 MENTIRA empleados empresas bajaran dotación pesos aportes cae sistema inclusive gobierno
Fri Apr 02 12:51:53 +0000 2021	PROHIBICIÓN despidos 2022 quitar RIDICULA restricción doble indemnización TOPE 500 000 MENTIRA empleados empresas bajaran dotación pesos aportes cae sistema inclusive gobierno
Fri Apr 02 12:26:58 +0000 2021	Alberto prohibición despidos 2021 quitar RIDICULA restricción doble indemnización TOPE 500 000 MENTIRA empleados empresas bajaran dotación pesos aportes cae sistema inclusive gobierno
Fri Apr 02 12:37:09 +0000 2021	PESIDENTE prohibición despidos 2021 quitar RIDICULA restricción doble indemnización TOPE 500 000 MENTIRA empleados empresas bajaran dotación pesos aportes cae sistema inclusive gobierno
Wed Apr 07 21:45:00 +0000 2021	impoŕtara salud argentinos hubieras comprado Pfizer hubieras traído 25 millones vacunas prometiste llegaron habrías permitido vacunatorios vip hubieran robado vacunas únicos política pandemia uds
Fri Apr 09 01:20:38 +0000 2021	hagan copados manga delincuentes IMPUESTO deberíamos PAGARLO
Tue Mar 30 21:52:42 +0000 2021	insulten mostrando espectaculo circense aterrizaje decolaje aviones vienen traer vacunas despilfarrando dinero impuestos vuelos carísimos podian contratados cargueros especializados
Wed Mar 31 15:57:43 +0000 2021	Siiiii VACUNACIÓN VIP grande historia veterinarios vacunan 55 millones ganado año vacunación VIP 56000 muertes 600 mil dosis TESTEOS VACUNAS Kiosquito AA llenando bolsillos
Wed Apr 07 22:18:18 +0000 2021	curan contamos xq margen enfermedades trae aislamiento cuento tmb tmb propagar DELITO dijiste covid 19
Wed Apr 07 21:45:48 +0000 2021	Alberto gente necesita planes Déjate joder votar seguro abrir
Tue Apr 06 22:30:48 +0000 2021	Tranquilo confía invierte realidad
Thu Apr 01 23:00:06 +0000 2021	Jajajjaj preparados foto cirquera terror Hagan Brasil dejen empresa compré vacunas Ah cierra Sorry
Wed Apr 07 23:21:03 +0000 2021	escenciales comer ESCENCIAL payaso vos cuentas bancarias dolares facil imbecil
Tue Apr 06 20:28:47 +0000 2021	explica Cámara lores caballero porqué quiebra países cometen delito quebrar dirigentes excelente inglés subtítulos Felipe 😃
Tue Apr 06 03:33:16 +0000 2021	único Sarasa tendríamos mayoría argentinos lamentable cero cu piensan llenarse bolsillos sacar libre culpa cargo arquitecta egipcia
Wed Apr 07 21:41:17 +0000 2021	traductora Denle quelante
Tue Apr 06 14:11:22 +0000 2021	priorizaron salud vacaciones semana samta vacunan pacientes riesgo allá edad cumplir medidas básicas prevencón Viva pepa dios dinero actúan premura 𝘾𝙤𝙨𝙚𝙘𝙝𝙖𝙧𝙖𝙣 𝙙𝙚 𝙡𝙤 𝙦𝙪𝙚 𝙨𝙞𝙚𝙢𝙗𝙧𝙖𝙣
Thu Apr 01 12:39:45 +0000 2021	suerte peronista gorila vacunar Monus grandis ataca covid sinmigo ahorrar dosis vacunar humanos necesiten
Fri Apr 09 15:56:57 +0000 2021	entra vigencia Ley Nº 27 610 acceso Interrupción Voluntaria Embarazo hilo contamos tenés acceder derecho segura
Thu Apr 08 16:28:42 +0000 2021	encerraron población cuarentena larga absurda mundo servido destruyeron economía países serios deje perder trabaje seriamente testee vacune
Tue Apr 06 22:24:26 +0000 2021	primavera circule Personal esencial todxs trabajadorxs industria comercio Volver educación virtual homeoffice xa adm restricción circulación nocturna xa apertura aparato económico industrial comercial
Wed Apr 07 00:56:43 +0000 2021	sigan deseando empresas gremios tomar
Wed Apr 07 13:17:35 +0000 2021	culito ferraresi dosis
Wed Apr 07 21:41:41 +0000 2021	Cállate caradura Relajamiento social Uds malos ejemplos
Wed Apr 07 03:20:57 +0000 2021	CABA delito digo números coinciden mes
Thu Apr 08 11:23:58 +0000 2021	febrero oposición dirige agenda presidencial larreta acuña empresarios vote Fernández JxC interesan opiniones oposición vimos años dedicaron destruir economía comienzo clases error
Wed Apr 07 22:08:14 +0000 2021	PRIORIDADES PRESENCIALIDAD ESCUELAS NOBLEZA OBLIGA MULTIPROCESADA PIDIENDO GREMIOS PROVINCIA CIERREN CUIDAR ECONOMÍA DEJALO
Wed Apr 07 23:25:27 +0000 2021	Mira estaría Macri Seguro estaría vacaciones Alberto enfermo
Wed Apr 07 22:15:55 +0000 2021	cumplen rebeldes MULTA ECONÓMICA caso
Fri Apr 02 17:37:10 +0000 2021	carla santiago vacacionemos lammens
Tue Apr 06 14:30:27 +0000 2021	camino abuelos argentinos vacunados
Fri Apr 09 03:12:43 +0000 2021	paso cobrar junior mega empresa satelital ineptos
Wed Apr 07 11:42:32 +0000 2021	Alberto Fernández proteger confía invierte Argentina
Thu Apr 08 17:41:23 +0000 2021	celebran miseria ritmo demorar años vacunar 44millones
Tue Apr 06 12:07:47 +0000 2021	alguien hora plan social
Tue Mar 30 19:55:20 +0000 2021	TERMINEN CIRCO AEROLINEAS MILITANTE GASTA LOGISTICA HUBIERA CONTRATADO EMPRESA VENEFICIA TRIPULACION COBRA SALARIO MEDIA POBLACION
Fri Apr 09 14:01:52 +0000 2021	Suspenden vacunacion partido fútbol publican hdp
Sat Apr 10 04:05:26 +0000 2021	Dejen publicar pelotudeces Pinocho Fernández cuco cree
Thu Apr 08 16:30:59 +0000 2021	contacto estrecho cantidad negros hora avenida julio
Tue Mar 30 21:27:26 +0000 2021	circo Publiquen tengan cantidad habitantes vacunados digna pa l Calafate
Thu Apr 08 08:20:41 +0000 2021	Jajaja mienten programa parado cantidad denuncias punteros políticos cobraban 3000 pesos anotar denuncie puntera movimiento evita dejá mentir arroyos
Wed Apr 07 23:49:03 +0000 2021	medidas DEJAR ROBARSE VACUNAS suspenden
Wed Apr 07 14:45:10 +0000 2021	único protegerse ladrón
Wed Mar 31 19:27:32 +0000 2021	equitativa racional debían ponderado cantidad personas mayores personal salud distribuir cantidad habitantes piensen cosa votos pedirle peras olmo
Wed Apr 07 22:15:34 +0000 2021	lástima cantidad fechas vacunas Digo restringir campeón certezas población angustiada coma países vacunan millones Acá fecha llegada vacunas afanan
Mon Apr 05 11:15:32 +0000 2021	140000 dosis stock turnos abierta inscripción liberaron camas Hospitales vacunan Testeos VACUNARNOS
Sat Apr 03 14:07:36 +0000 2021	56000 muertes VACUNATORIO VIP testear rastrear aislar VACUNAS Kiosquito AA Vizzotti runfla genocidas
Wed Mar 31 23:39:56 +0000 2021	capacidad entender daño causado información encontrás
Wed Mar 31 16:58:51 +0000 2021	hablas realidad tenes recomendaria vieras tús archivos pensabas decias sentido disparatado cargo
Tue Apr 06 17:17:31 +0000 2021	Memoria contar realidad inventar número paso hacerse boludos situación Formosa
Wed Apr 07 22:52:29 +0000 2021	aplicará cumplirá medidas hechos realidad únicas verdades cree Sr Presidente mensaje falaz realidad muestra año cuarentena plena ligth crisis económica pobreza crisis social
Fri Apr 02 13:19:42 +0000 2021	CRISTINA PROBLEMA CAUSA LABIOS ESPÍRITU SANTO TONI MELANI SANIDAD AMOR PAZ 50 AÑOS AMÉN palasi hlf
Fri Apr 09 16:07:57 +0000 2021	& amp robaron entrada salidas gente basta 🐣 🐣 hinchados termina tofo saca pueblo vuelta atrás opo bosta cito don orione parravicini
Wed Mar 31 21:11:53 +0000 2021	semana vacaciones estatales acuerdan pedir recomendaciones compraron vacunas suficientes compraron quedaron amigos mandan vacaciones empleados fracasaron
Wed Mar 31 23:32:16 +0000 2021	viajes pagamos costo dólares cantidad carga irrisoria
Fri Apr 02 17:21:42 +0000 2021	traen 500mil dosis 45 millones hab dosis trayendo cantidad falta 180 vuelos vienen 15 años vacunados Éxitos
Sun Apr 04 16:26:05 +0000 2021	Chile trajo vuelo millones vacunas Argentina cantidad llevo 10 vuelos LLAMARLOS INUTILES
Sun Apr 04 20:24:42 +0000 2021	vacunaron papel figuro ciudadano Vacunado jamás recibí dosis número ciudadano
Wed Apr 07 22:34:42 +0000 2021	Prohibe circular GOLPE RE 💩 💩 CONSTITUCIÓN NACIONAL 🥚 🥚 DECLARE SITIO HER ALBoRTO
Tue Apr 06 22:35:32 +0000 2021	confiar país vienen empomando rato idea manejar empresa
Fri Apr 02 02:39:26 +0000 2021	👏 yo elijo aplaudir confiar vacunando protocolos altura salir
Thu Apr 01 14:03:24 +0000 2021	prohibirlos tipo sugerencias dará resultados gobierno asumir responsabilidad corresponde
Wed Apr 07 22:23:14 +0000 2021	albertita fernandita gobiernan matrix digo cago caritas pedofilos chupa pija plandemia libres ovejitas salir 12 regreso am
Fri Apr 09 13:31:18 +0000 2021	hola ayudar mercaderia quede busque mujer enferma toxoplamosi cerebral tenes comer perro comen peso gobierno ayuda gracias
Wed Apr 07 18:11:30 +0000 2021	Amigo ayudar trabajadores economía informal pequeños emprendedores país
Sun Apr 04 21:49:20 +0000 2021	caja fila miiiiiaaaaaaaaa turno Gracias
Thu Apr 01 13:01:44 +0000 2021	CABA 70 adultos mayores personal salud cantidad vacunas provincia peroncha política vacunar militontos familiares mascotas TOD ☼ S SINVERGUENZAS ASCO
Wed Mar 31 10:42:10 +0000 2021	respondió capacidad entender daño causado tantas disparatadas sentido
Fri Apr 09 23:31:44 +0000 2021	57000 muertes siguen sumando VACUNATORIOS VIP kiosquito AA 60 millones vacunas mintieron imbeciles malas personas diría excelentísimo prescindente MISERABLES
Sun Apr 04 17:21:15 +0000 2021	CARAJO ✌ ️ 🙋 🙋 EL JUEVES SPUTNIKV ✌ ️ ✌ ️ ✌ ️ ✌ ️ ✌ ️ GRACIAS CUIDARNOS
Tue Apr 06 14:06:47 +0000 2021	Carla siente agitada barbijo Entiendo mensaje usarlos casa Fernán Quirós sonrojarse hablar atrás
Mon Apr 05 23:37:08 +0000 2021	45 millones puta madre parió recién dosis 700 mil manga inútiles
Fri Apr 02 00:16:27 +0000 2021	hermano Noble Pueblo hermanados unidas Fuerza
Fri Apr 02 00:12:33 +0000 2021	hermano Noble Pueblo noshermanamos unidas Fuerza
Sun Apr 04 17:11:43 +0000 2021	Basta épica realidad vote odio aflojen hablen hagan
Tue Apr 06 12:41:36 +0000 2021	Campaña TODXS EMMITA 🤟 🏽 Historia
Sun Apr 04 18:31:58 +0000 2021	cotiilon accion llega avion Dejen joder
Sun Apr 04 20:19:55 +0000 2021	falta 40 millones componentes plan vacunación eficiente
Wed Apr 07 22:55:03 +0000 2021	Basta cagar pueblo vi asiendo mierda economía pueblo
Thu Apr 01 23:12:51 +0000 2021	Noticia dejen vender humo hagan plan enfrentar crisis vivimos
Wed Apr 07 23:37:43 +0000 2021	Lástima llegaron semana presidente contagió vacunado plan completo
Wed Mar 31 06:08:03 +0000 2021	capacidad entender daño causado tipo loco creía psiquiatrico realmente Alberso tipo capacidad Háganse cargo desastre
Thu Apr 01 21:15:03 +0000 2021	MACRI CIA CRITIQUES NTRO PRESIDENTE TARASCA TENES ACONSEJO ANDA PONIENDOLA COMPRAR VACUNAS PRO SUME RESTE QUIEREN ALGUN PUESTITO ALGUIEN VOTE
Wed Apr 07 21:53:13 +0000 2021	⚽ ️ ⚽ ️2️⃣ paga cuentas compra remedios comer diga succiona
Sat Apr 10 21:49:36 +0000 2021	Sos vergüenza tipejo aseguro pueblo demandar
Thu Apr 08 16:48:14 +0000 2021	pidan esfuerzo xq cuerpo ganas vemos pone limites palabras orden seguridad país convirtieron malas palabras lamentablemente país ande
Sat Apr 10 05:51:19 +0000 2021	AMIGO HORIZONTE DÍOS VIVO ECONOMIA EXACTA CORRECTA ESCONDEN ATIENDEN POSADA palasi hlf
Fri Apr 02 12:27:23 +0000 2021	recomendacion ayuden albañil hijos año pedido MAYRA MENDOZA desarrollo social quilmes allegados responde puntero cupo cooperativas responda 1169199027 laburo pide
Fri Apr 02 12:14:19 +0000 2021	miran ayuda año pidiendo ayuda MAYRA MENDOZA desarrollo social quilmes allegados intendenta importa nesecito nesecito hijos nelson ocampos retuiten realidad
Wed Apr 07 21:40:10 +0000 2021	Sr quiero vacaciones quiero vacunar ud inútil incompetente incapaz administrar plan vacunación funcionarios robaron vacunas insuficientes 3er orden
Wed Mar 31 17:37:47 +0000 2021	Hola distribución provincia dosis recibe Nación
Tue Apr 06 23:51:45 +0000 2021	Jajajajjaja chiste
Tue Apr 06 12:31:47 +0000 2021	
Fri Apr 09 11:15:55 +0000 2021	increíble Pte Nación salga insultar Vergüenza nivel mundial ven mundo Pte país barrabrava Queria Pte Pensó aplausos halagos empleado pueblo criticado
Wed Apr 07 21:55:36 +0000 2021	Necio fanfarrón mentiroso vergüenza ajena
Thu Apr 01 11:01:40 +0000 2021	toraba viaje barrani AA emite factura
Wed Mar 31 23:59:28 +0000 2021	Adelanten elecciones gobierno
Sat Apr 10 02:47:07 +0000 2021	Vergüenza ajena casa Rodada
Thu Apr 01 19:56:41 +0000 2021	Pasamos organizar G20 papelón extraño
Wed Apr 07 21:45:58 +0000 2021	Alberto déjenlo descansar pongan portavoces loco
Tue Mar 30 20:47:35 +0000 2021	300 mil dosis verguenza
Wed Apr 07 21:42:52 +0000 2021	Anímate declarar sitio bigote
Tue Apr 06 22:25:04 +0000 2021	Perdon inocentes Hipócritas
Thu Apr 08 15:05:02 +0000 2021	vacuna verso
Tue Mar 30 21:06:47 +0000 2021	brazo pusieron vacunas aparecieron robaron Gines Vissotti Massa Dualdhe iegua cia
Sun Apr 04 21:16:41 +0000 2021	dosis 56000 muertes VACUNATORIO VIP Trayendo puchos mantener kiosquito delincuentes AA Genocidas
Tue Mar 30 23:28:17 +0000 2021	vergüenza posteado asco hipócritas mentirosos
Wed Mar 31 21:01:28 +0000 2021	señor presidente hubiera llevado daban práctica
Sun Apr 04 16:23:19 +0000 2021	gente aplaudir cajero automático plata entiende
Wed Apr 07 15:40:49 +0000 2021	cara uds asco lástima CARADURAAAAAAAAASSSSSSSSSSSSS
Fri Apr 02 15:55:59 +0000 2021	Acá organizan G20 dejan invitación whatsapp doble azul
Fri Apr 02 00:43:40 +0000 2021	Tranquila vendio reunion conejos indias termino G20 mando sancionar ley vacunas obligatorias pandemia querer usen experimento vacuna prueba feito feito
Tue Apr 06 12:05:43 +0000 2021	Perdón 21 ministerios bajaron 10 sumo deudas previas podia achicar gastos ponele tomar deuda ponele Inversiones onda g20 tenés 170 impuestos 10 mil regulaciones invierte
Fri Apr 09 15:37:37 +0000 2021	obligar colectivos pegar stickers ventanillas abiertas choferes enojan abrís AA encendido
Tue Mar 30 23:07:29 +0000 2021	Décima abrieron Kiosquito AA traen puñado vacunas llenaron bolsillos
Wed Mar 31 22:35:27 +0000 2021	entiendo 16 056 infectado spot invitación salir tarados
Sun Apr 04 19:24:52 +0000 2021	granaderos 10 años campañas rendido homenaje
Tue Apr 06 14:54:15 +0000 2021	Inutiles interior hambre pobres hagan mamarachos
Fri Apr 02 23:13:12 +0000 2021	CÍNICO HIPÓCRITA tuiteas estuviste Asamblea ONU mencionaste Malvinas discurso hiciste G20 Mercosur vos Malvinas gasto VOS SOS TRAIDOR PATRIA
Wed Mar 31 15:52:31 +0000 2021	papeloneros equidad pueblos enteros vacunados distritos personal salud vacunado
Mon Apr 05 16:51:22 +0000 2021	VUELO DESAPARECIO VOLVIO TRIPULANTES CASUALIDAD NEGOCIADO AEROLINEAS SOCIEDAD ACTUAL MINISTRA SALUD VACUNAS RUSA CHINA AGUA DESTILADA
Wed Apr 07 22:30:46 +0000 2021	vergüenza presidente Mira macri cristina asco impresentable
Wed Apr 07 22:56:37 +0000 2021	bola viejo sorete Mete medidas quieras pasamos nudo globo
Fri Apr 02 21:28:22 +0000 2021	promcionando levantaremos devemos ganar
Sat Apr 10 02:59:31 +0000 2021	Presidente milito infinito país límites gente excusas Argentina loco 🇦 🇷 🇦 🇷 🇦 🇷 🇦 🇷
Wed Apr 07 21:37:14 +0000 2021	imagino vas anunciar políticos renuncian sueldo periodos bajan asesores bajan dietas sostener pueblo puedan
Fri Apr 02 01:50:56 +0000 2021	Genial terminamos vacunar 2da dosis jovenes militantes Campora
Fri Apr 09 04:29:29 +0000 2021	favor voluntarios vacuna sinopharm vacunados tocó placebo hicimos acto solidaridad cobrar peso respuesta
Wed Apr 07 21:40:59 +0000 2021	impresión semanas encerrados impresión hablar señor Fernández
Tue Mar 30 21:57:34 +0000 2021	huuuuu montón meses 3millones trimestre 12 millones años vacunamos argentinos NAC&amp POP
Thu Apr 01 23:02:28 +0000 2021	POPU PERONISMO DERECHO pertenece quieren creer salvan vida
Wed Apr 07 23:47:02 +0000 2021	tipo negoció millones vacunas miles choreadas sacó 500 fotos barbijo abrazado cualquiera contagió órdenes podía hablado
Wed Mar 31 19:01:58 +0000 2021	PRESIDENTE CA ATENDIO DÍOS VIVO PASCUA MALA PASARA DÍOS VENGADOR VUELTA CARA AMÉN
Thu Apr 08 13:48:52 +0000 2021	vidas docentes comunidad educativa importa impone oposición paga votos escuelas generan relajación circulación Ningun docente ejerce profesión vida médicos policías
Thu Apr 08 23:50:38 +0000 2021	satisfacción abuelo grupo riesgo vacunarse precio gratificante nacional puso hombro semejante problema Pandemia tranquilidad enferma defensas enfrentarla
Wed Apr 07 21:49:32 +0000 2021	privilegio nuevamente loas hiceron quicieron clase media alta ricos viajar joder divertirse suspende joda elloas cagan risa gente vajar laburar sos escencial IFE HUMANIDAD
Thu Apr 08 15:33:41 +0000 2021	Alberto Mauricio presidentes vacunas verdaderas Putin 🇺 🇸 🇺 🇸 🇺 🇸 aprendamos Unidos Venezuela ☝ ️ 😎 si máquina produce quedar uds bocho 🇺 🇸 🇺 🇸 🇺 🇸
Fri Apr 09 00:23:27 +0000 2021	Necesito comunicarme 120 atendieron 🙏 🏻 🙏 🏻 🙏 🏻
