created_at	text
Tue Apr 06 22:24:26 +0000 2021	primavera circule Personal esencial todxs trabajadorxs industria comercio Volver educación virtual homeoffice xa adm restricción circulación nocturna xa apertura aparato económico industrial comercial
Wed Apr 07 22:05:39 +0000 2021	ALBERTO ESCUELAS ABIERTAS PRINCIPAL FACTOR AUMENTOS CONTAGIOS COMERCIOS
Wed Apr 07 22:31:52 +0000 2021	base restriccion horarios personas juntas aire libre restricciones acumulan gente limitan comercios cercania piensan viven personas pagar uber taxi INUTILES IRRESPON
Tue Apr 06 16:49:53 +0000 2021	vacunen camioneros larga distancia nacional internacional visto vectores importantísimos cortan plan gobernador decie cierren fronteras uruguay paraguay bolivia
Tue Apr 06 22:24:49 +0000 2021	REVÉS IMPUESTOS RESTRICCIONES PRESIÓN SINDICAL CIERRES PYMES COMERCIO EMPRESAS FALLABELLA HIPÓCRITAS CÍNICOS IRRESPONSABLES
Wed Apr 07 23:46:32 +0000 2021	Controlar contagios Mejorar sistema sanitario Pagarle médicos Vacunar Testear Controlar contagio 🙄 🙄
Wed Apr 07 22:12:43 +0000 2021	politica pandemia minutos pusimos condiciones sistema salud ABANDONADO afano vacunas agenda paralela enfocada justicia quilombo salvar Kris gines sarasa guzman massa vuelve masss
Wed Apr 07 21:47:29 +0000 2021	culpa hacerse cargo cínicos sistema salud colapsado camas ROBARON VACUNAS HIJOS PUTAS
Fri Apr 09 11:15:55 +0000 2021	increíble Pte Nación salga insultar Vergüenza nivel mundial ven mundo Pte país barrabrava Queria Pte Pensó aplausos halagos empleado pueblo criticado
Fri Apr 09 11:02:37 +0000 2021	esfuerzo fiscal laburante ESFUERZO FISCAL MANTENIENDOLOS POLITICOS CORRUPTOS CREEN CASTA SUPERIOR sanguijuelas terminar
Tue Apr 06 22:50:53 +0000 2021	robaron vacunas robaron dinero futuro deuda pague macri quisieron
Thu Apr 08 00:27:25 +0000 2021	alta transmisión ocupación sistema salud medidas restrictivas deberemos tomar terminaron
Thu Apr 08 13:35:07 +0000 2021	vacunado contrajo enfermedad queda resto sistema salud familias aisladas
Mon Apr 05 23:15:50 +0000 2021	esperanza sistema salud procupados indiferencia frente necesidades nivel sanitario creen envidia estupido 🤦 ‍ ♀ ️
Sat Apr 10 21:25:35 +0000 2021	esfuerzo fiscal estimó 48 000 millones año dinero vuelca directa bolsillo trabajadores jubilados potenciando consumo mercado interno
Wed Apr 07 21:46:02 +0000 2021	BANCO MEDIDA CUMPLO PELEO CUMPLAN BANCO
Fri Apr 09 01:14:21 +0000 2021	esfuerzo fisca ganancias personasl 48 000 modificando empresas 120 000 Adonde 72 000 millones restantes
Tue Apr 06 22:33:02 +0000 2021	Seguramente Mercado Libre Latam Falabella millón desempleados confían invierten Argentina HDRMP
Fri Apr 02 12:26:58 +0000 2021	Alberto prohibición despidos 2021 quitar RIDICULA restricción doble indemnización TOPE 500 000 MENTIRA empleados empresas bajaran dotación pesos aportes cae sistema inclusive gobierno
Wed Apr 07 21:50:44 +0000 2021	QUERES MEZCLAR POLÍTICA PANDEMIA DISCURSO CHICANAS MENCIONANDO ABANDONO SISTEMA SANITARIO GOBIERNO FIJATE TRABÓ LENGUA LEER TENES DISARTRIA TOMASTE
Tue Apr 06 22:51:48 +0000 2021	protegerlos casta politica conjunto fuerza choque sindical nefasto sistema impositivo arcaicas leyes laborales medida sentido saraza
Thu Apr 08 00:15:33 +0000 2021	escuelas abiertas seguir especuladores oposición decisión política quieren tomar imposible seguir escuelas
Sun Apr 04 22:43:14 +0000 2021	PESIDENTE prohibición despidos 2022 quitar RIDICULA restricción doble indemnización TOPE 500 000 MENTIRA empleados empresas bajaran dotación pesos aportes cae sistema inclusive gobierno
Fri Apr 02 12:51:53 +0000 2021	PROHIBICIÓN despidos 2022 quitar RIDICULA restricción doble indemnización TOPE 500 000 MENTIRA empleados empresas bajaran dotación pesos aportes cae sistema inclusive gobierno
Fri Apr 02 12:37:09 +0000 2021	PESIDENTE prohibición despidos 2021 quitar RIDICULA restricción doble indemnización TOPE 500 000 MENTIRA empleados empresas bajaran dotación pesos aportes cae sistema inclusive gobierno
Fri Apr 09 01:18:18 +0000 2021	esfuerzo fiscal siguen esquilando mes mes impuesto ganancias Hubieran subido mínimo imponible reducían carga Saludos
Fri Apr 09 03:12:46 +0000 2021	esfuerzo Fiscal je
Fri Apr 09 02:32:04 +0000 2021	GARCHA ESFUERZO FISCAL
Sat Apr 03 18:34:19 +0000 2021	pregunto unen países común evitar guerra mundial llega invadir territorio unan paraguay argentina Uruguay forma país
Wed Apr 07 23:04:52 +0000 2021	gusta haga política pandemia forro política hiciste vos vacunando Cámpora infeliz viernes 00 00 HRS salimos
Wed Apr 07 22:18:20 +0000 2021	infraestructura recursos personal cubrir protocolos escuelas caso omiso tapar realidad hablar salarios atrasados preocupa tarifas « atrasadas »
Tue Apr 06 13:26:03 +0000 2021	pararon vacunación docentes provincias abiertos colegios docentes murieron
Tue Apr 06 22:44:36 +0000 2021	Sr presidente pido reestructure pierde confianza bonos AYSA 2023 empresa argentina estratégica creada Néstor gestionada exitosamente Malena cotizan mitad reestructure pierde Bco Mundial confió
Sat Apr 03 15:34:58 +0000 2021	capitalismo sistema muerte
Fri Apr 09 01:36:35 +0000 2021	esfuerzo fiscal hijo puta
Mon Apr 05 07:28:09 +0000 2021	metiendo cuerpo vacunas morís Argento tratado reducción mundial agenda 2030 matar miles vacuna
Wed Apr 07 21:49:48 +0000 2021	siga Presidente Gracias Excelentes medidas Priorizar salud vida primordial momentos críticos contagios nivel nacional mundial 🇦 🇷
Tue Apr 06 22:26:42 +0000 2021	absolutamente contrario cerró Falabella ultimos locales abiertos proximamente cierran Sodimac CABA desierto locales cerrados imaginate conurbano
Thu Apr 08 13:52:51 +0000 2021	Jefa plata pagar deuda externa suma exorbitante jubilación jubilados médicos etc
Sat Apr 03 15:36:32 +0000 2021	DEFIENDEN CAPITALISMO DEFIENDEN SISTEMA MUERTE
Fri Apr 09 02:39:57 +0000 2021	Esfuerzo fiscal palabra esfuerzo
Wed Mar 31 11:52:08 +0000 2021	vergüenza quedar calle CASA HIJOS años reclamando solucion deuda AUMENTAR PAGAR Complices bancos
Thu Apr 08 00:16:13 +0000 2021	transporte publico GARANTIZADO TRABAJADORES esenciales medida ingresos alimenta vive grupo familiar TRANSPORTE PUBLICO TRABAJADORES
Tue Apr 06 12:05:43 +0000 2021	Perdón 21 ministerios bajaron 10 sumo deudas previas podia achicar gastos ponele tomar deuda ponele Inversiones onda g20 tenés 170 impuestos 10 mil regulaciones invierte
Wed Apr 07 23:06:11 +0000 2021	virus mata vulnerable edad avanzada prohiben circulación entran rango etario intereses respuesta Orden Mundial quebrar disponen recursos someterlos
Wed Apr 07 22:40:58 +0000 2021	cuidamos escuelas siguen abiertas vacunas Cámpora vacunas producir acá
Wed Apr 07 23:07:08 +0000 2021	virus mata vulnerables edad avanzada prohiben circulación entran rango etario intereses respuesta 0rden Mundial quebrar disponen recursos someterlos
Wed Mar 31 16:30:07 +0000 2021	Tenes millones vacunas campaña grande mundo mundial 44 millones creemos
Tue Apr 06 13:02:02 +0000 2021	hora cadena nacional explicando rechazaron vacunas donadas EEUU
Wed Mar 31 06:08:03 +0000 2021	capacidad entender daño causado tipo loco creía psiquiatrico realmente Alberso tipo capacidad Háganse cargo desastre
Wed Apr 07 21:49:00 +0000 2021	Pelotudo Atragántate micrófono ahógate vos entorno desaparecieron años
Thu Apr 08 23:50:38 +0000 2021	satisfacción abuelo grupo riesgo vacunarse precio gratificante nacional puso hombro semejante problema Pandemia tranquilidad enferma defensas enfrentarla
Thu Apr 08 00:19:51 +0000 2021	queda acatar órdenes favor gobierno vote pandemia triste gente centro atención colapse sistema salud sr tiemble mano sacar ejército calle
Tue Apr 06 13:29:06 +0000 2021	estaria hagan aplicacion vacuna covid vacuna antigripal brindando sistema turno evitando aglomeracion gente aplicarse dicha vacuna antigripal
Wed Apr 07 11:47:40 +0000 2021	decís Falabella Mercado Libre
Wed Apr 07 21:40:00 +0000 2021	Docentes muertos burbujas aisladas familias contagios internados escuelas seguras Alberto cargo vida docentes auxiliares muertos curva iteraciones posteriores apertura escuelas
Tue Apr 06 22:30:06 +0000 2021	seguramente IMPRESENTABLES estarán evaluando sacar posibles potenciales empresas inversionistas Argentina BASURAS políticas
Wed Apr 07 22:08:08 +0000 2021	Miente mínimo aire libre escuchar pasar aviones mueve banderas nota fondo montado tomarnos estupidos
Fri Apr 09 02:52:11 +0000 2021	HORA POLÍTICA BAJE OLIMPO VEA REALIDAD EMPOBRECIDA SOCIEDAD Trabajen Bronce dejen mortificarnos peleas tribuneras
Wed Apr 07 21:50:38 +0000 2021	virtualidad segura vacunación masiva enfermar morir
Wed Mar 31 22:34:38 +0000 2021	quieren asesinar vieja viejo Ramón Paulino Sánchez rompió c*lo casa bienes bienes pidió Cero deudas
Fri Apr 02 12:14:19 +0000 2021	miran ayuda año pidiendo ayuda MAYRA MENDOZA desarrollo social quilmes allegados intendenta importa nesecito nesecito hijos nelson ocampos retuiten realidad
Wed Mar 31 15:25:25 +0000 2021	caba 147 página funciona sistema caído Larrata almacena xq uds
Wed Mar 31 16:16:39 +0000 2021	informan vacunas precio servicio cadetería comparación contratación servicios traslado derecho pagamos
Fri Apr 09 13:31:35 +0000 2021	cambio escazo profundizar cambios quitar jubilaciones privilegios dobles legislaturas provincias país carreta gente elegir bajar tirar
Mon Apr 05 16:05:39 +0000 2021	aceptable apuesta vacunas acompañarse freno libre propagación virus IMPERATIVO CESE PRESENCIALIDAD ESCUELAS
Thu Apr 01 21:50:48 +0000 2021	créditos uva política problema Solucion
Sat Apr 03 18:51:09 +0000 2021	iluminó azul 💙 en Concientización Autismo
Thu Apr 01 21:07:34 +0000 2021	Quiero debate abierto televisado censura MEDICOS ARGENTINA cachivaches asesoran Chirolita Dejen gente escuche saquen conclusiones Discurso Unico Mentiroso
Wed Mar 31 23:39:56 +0000 2021	capacidad entender daño causado información encontrás
Tue Apr 06 13:39:26 +0000 2021	sociedad invita colegios viajar transporte público precario docentes tomar medidas inventar contagia trabajando Vacunen abran instituciones alto contagio
Wed Mar 31 17:57:28 +0000 2021	Venezuela presidente Junio política comenzar vacunar población mueren médicos enfermeras falta materiales prevención
Tue Apr 06 23:01:36 +0000 2021	Pierdo deuda argentina paren mentir
Sat Apr 10 07:07:31 +0000 2021	respeto cabeza mandar grupos riesgo aplicaciones garantías pandemia 24000 casos voto
Mon Apr 05 15:45:04 +0000 2021	mantuvo habló mediodía Olivos Vladimir Putin presidente ruso llamó COVID positivo Recordemos dosis
Tue Apr 06 13:12:21 +0000 2021	Las / os cordobesas / os insulinodependientes 18 años necesitamos salir grupo riesgo pedimos prioridad
Sat Apr 03 10:44:53 +0000 2021	OJALA DIOS HAGA LIBERE VOS PRESIDENTE HISTORIA ARGENTINA ALBERSO FERNANDEZ MENTIROSO CHORROS MENTIROSO
Fri Apr 09 12:49:11 +0000 2021	vicepresidente Brasil calificó Argentina MENDIGO ETERNO Infobae
Wed Apr 07 12:16:38 +0000 2021	Confía empresas dejaron País enteró Falabella querer invertir reina corrupción
Wed Apr 07 22:06:54 +0000 2021	libre circulación garantizada constitución nacional violen
Sat Apr 10 21:20:15 +0000 2021	vivís AMBA recordá transporte público trabajadores esenciales comunidad educativa tengan emergencias turnos vacunación personal autorizado viajar necesitás Certificado Único Habilitante Circulación
Wed Mar 31 15:30:41 +0000 2021	favor campaña política vacunas vacunados gestionen otoño ínfimo población vacunada Hagan hablen ven hechas argentinos podridos relato
Sat Apr 10 19:24:50 +0000 2021	MESÍAS UNICO AGREGADO YAMARA IMPUESTO ARGENTINO TOCA PRODUCCIÓN BANCO CENTRAL AMÉN est palasi hlf
Sat Apr 10 21:22:13 +0000 2021	Saludamos comunidad científica argentina Gracias compromiso aporte cuidar ciudadanía pandemia fortalecer desarrollo nacional 10 abril Investigadora Investigador Científico
Fri Apr 09 21:59:07 +0000 2021	iniciaron inicio frenan participes necesarios necesitan razonable ganen bancos
Fri Apr 09 15:56:57 +0000 2021	entra vigencia Ley Nº 27 610 acceso Interrupción Voluntaria Embarazo hilo contamos tenés acceder derecho segura
Wed Apr 07 22:04:34 +0000 2021	Transporte Público esenciales médico necesitó viajar transporte aclaró necesitar permiso nuevamente Gracias
Tue Apr 06 17:46:48 +0000 2021	agradeció mensaje Putin compromiso traer vacunas información encontrás
Sat Apr 03 20:48:25 +0000 2021	INFIRMW DIGA VACUNA CHINA EXTENDER DOSIS 21 KA ASTRAZENECA DEN FORMA DISIS KA CHINA MUESTREN INFORMES
Tue Mar 30 23:46:44 +0000 2021	salvados Ah parásitos estatales partidarios amigos familiares docentes pertenecientes grupos riesgo sos viejo personal salud chofer transporte público complejo resto hablar
Tue Apr 06 12:35:12 +0000 2021	Ridículos pasearon país 2020 boludos encerrados medios esenciales libre albedrío tibios Cambiemos harán bardo resto gestionan planes fácil
Wed Apr 07 21:47:42 +0000 2021	BAJEN PRECIOS ALCOHOL ALCAMZA SEGUIR BAJAR PRECIOS NOBDA
Tue Apr 06 15:14:46 +0000 2021	tenes algun sintoma covid recordá cuida vacunan
Fri Apr 02 03:40:29 +0000 2021	AYUDA PIDALA SUMAMOS CAMBIO Mañana 🤷 🏻‍ ♀ ️
Thu Apr 01 13:02:57 +0000 2021	barbijo sale reuniones sociales ambientes cerrados abiertos año pandemia aprendieron comunicar
Thu Apr 08 12:11:50 +0000 2021	salud tema confrontación política capacidad gestionarla
Thu Apr 08 23:34:28 +0000 2021	testearon tuvieron plan sanitario económico vacunación Prometieron 10 millones vacunados diciembre llegaron mitad vacunaron personal salud culpa oposición argentinos
Sun Apr 04 00:04:03 +0000 2021	PorFAVOR pongan límites alquileres áumentando 160 200 decreto necesario desalojandoo gente garantías peligro porfavor
Thu Apr 01 14:16:50 +0000 2021	gob pliega órden FMI debemos reducir Población puntas matando niños ancianos niños vacunar Escuelas desinfestar viejos Hospitales Públicos acuden Hosp dolencia infestan Covid
Sun Apr 04 23:25:41 +0000 2021	Viajen servicio ferroviario pico fines semana usuarios barbijo cuello distanciamiento físico olvídense cuentan
Thu Apr 08 00:35:31 +0000 2021	Consulta tonta llaman esenciales viajar transporte público mayoría laburantes joden quejan laburo
Sun Apr 04 20:41:42 +0000 2021	país siguiendo plan prioridades políticos familiares amigos chongos choferes militantes etc DelinKuentes
Wed Apr 07 13:44:50 +0000 2021	Encerrandonos Cortando transporte público pensás PyMes 10 empleados micro buscar 10 empleados viven completamente alejados
Mon Apr 05 18:47:42 +0000 2021	HOLA SIGUEN VACUNANDO GRUPO 18 59 GRUPO RIESGO
Tue Apr 06 12:23:03 +0000 2021	transporte CONTAGIO minimo pasa CN BARBIJO pq NECESITAMOS TRABAJAAAR
Thu Apr 08 02:32:49 +0000 2021	años ayuda gobierno plan clase Trabaje vida echaron recibo ayuda Conviviendo persona riesgo mamá llamaron vacuna inscripta enero DNI 6708288 GRACIAS
Thu Apr 08 01:09:24 +0000 2021	casa jardin espacio abierto manso mediocridad proponen
Thu Apr 08 18:04:59 +0000 2021	queda duda 5000 delincuentes liberaron circular
Thu Apr 08 01:05:40 +0000 2021	competencias competencios deportivas deportivos na oficiales oficialas oficialos grupos grupas turisticos turisticas actividades recreativas recreativos sociales
Fri Apr 09 21:02:29 +0000 2021	GRUPO REBELION JUBILADOS PENSIONADOS QUISIERA DEN RESPUESTA INDIGENTE PIDIENDO LIMOSNAS SENTAR CHARLAR JUBILADO
Fri Apr 09 16:24:00 +0000 2021	Escucho Ecuador Argentina comprará dosis vacuna cubana SOBERANA pagará papeles deuda Cuba Argentina gobierno Frondizi salida falta vacunas
Wed Apr 07 22:04:40 +0000 2021	ESCUCHE SOPORTO PRESIDENTES 🥚 🥚 MANDAN PLAZO CUMPLA DEUDA PAGUE PROVERBIO UDS PAGUEN JUSTICIA COBRARÁ VIDA
Thu Apr 01 13:01:44 +0000 2021	CABA 70 adultos mayores personal salud cantidad vacunas provincia peroncha política vacunar militontos familiares mascotas TOD ☼ S SINVERGUENZAS ASCO
Tue Apr 06 10:56:18 +0000 2021	QUIERO VACUNA PROVENIENTE OCCIDENTAL NECESARIO PAGO QUIERO VACUNAS NORMAL VIAJAR EXTERIOR VACUNARME
Thu Apr 08 01:46:46 +0000 2021	perjuicio restricciones necesarias vacunar 150 000 personas mediados mayo mayores 60 vacunados favor Alberto poné FFAA Pami aplicar vacunas
Wed Apr 07 22:29:40 +0000 2021	Sos hijo mil puta medidas vista jamas vida laburaste sector privado Basura tenes 42 pobreza año vas llegar 50
Wed Apr 07 21:45:33 +0000 2021	COMERCIALIZARON VACUNA ORGANIZACIÓN VACUNACION ACIENTO ABUELOS ESPERAR PROVICIAS DEJANDO MORIR PERROS PERSONAS
Tue Apr 06 03:33:16 +0000 2021	único Sarasa tendríamos mayoría argentinos lamentable cero cu piensan llenarse bolsillos sacar libre culpa cargo arquitecta egipcia
Fri Apr 09 15:37:37 +0000 2021	obligar colectivos pegar stickers ventanillas abiertas choferes enojan abrís AA encendido
Mon Apr 05 17:37:35 +0000 2021	fracaso economía educación seguridad democracia derechos humanos vacunación gobierno 83 seguro 👎
Wed Apr 07 23:47:02 +0000 2021	tipo negoció millones vacunas miles choreadas sacó 500 fotos barbijo abrazado cualquiera contagió órdenes podía hablado
Mon Apr 05 23:04:33 +0000 2021	ALCANZA BASTA POLÍTICA VACUNAS COMPRADAS DONADAS CHINAS RUSAS DEJEN JODER
Wed Mar 31 15:33:51 +0000 2021	equitativo federal hijos remil putas vacunaron pibes campora gato ferraresi activaron vacunatorio vip hospital posadas ministerio salud Dando asco mierda vuelven
Tue Apr 06 13:18:08 +0000 2021	Cierren frontera ve abierta cruce Brazil
Fri Apr 09 17:24:26 +0000 2021	Che virus tomo libre
Wed Apr 07 21:42:26 +0000 2021	paso Macri saco libro
Wed Mar 31 10:42:10 +0000 2021	respondió capacidad entender daño causado tantas disparatadas sentido
Wed Apr 07 22:32:13 +0000 2021	Corrupto cínico hipócrita payaso títere hijo mil putas quieren evitar jodas gente reuniones Dejen gente cuide depende estarían muertos comiendo barro
Thu Apr 08 05:19:33 +0000 2021	expresan refieren competencias deportivas oficiales sábado 17/04 comienza torneo metropolitano hockey AIRE LIBRE AMATEUR torneo OFICIAL suspenden siento decepcionada acercaba única fuente ingreso
Sun Apr 04 03:45:27 +0000 2021	Señor Ministro docente primaria Fcio Varela concurriendo transporte público llamaron vacunarme convivo madre 84 años favor convoquen docentes vacunados
Sun Apr 04 20:26:19 +0000 2021	MM G20 países líderes mundo Arg Cristina paises bananeros MM cometió errores Cristina delitos
Sun Apr 04 18:42:02 +0000 2021	transporte
Wed Apr 07 23:15:20 +0000 2021	Estimado Sr Presidente deseo pronta recuperación tome decisiones sacar bendito país Abrazo
Fri Apr 09 02:49:09 +0000 2021	Saquen bienes personales abuso impuestazo gente vendes auto casa deudas argentinos luchadores honestos Gracias 👉 Cuidarse 😷 🇦 🇷 🇦 🇷 🇦 🇷
Wed Mar 31 11:16:52 +0000 2021	Sigan trayendo vacunas robando vuelos dejan perder cadena frío delincuentes
Tue Mar 30 23:53:52 +0000 2021	pagan Antonov junte vacunas Chinas rusas queda traen bendita rusos estarían felices traer paguen viaje Aaaah Macri aaahh Biró
Thu Apr 08 00:10:05 +0000 2021	afecta economía cierre escuelas cierre escuelas disminuye circulación virus reduce cantidad pasajeros transporte público
Wed Apr 07 22:04:33 +0000 2021	Sigan haciéndose eco beoda váyanse vivir Brasil
Thu Apr 08 00:24:51 +0000 2021	crítico reconocer vio salud partido político perdón vi yapo Sr Presidente ojala recupere recuerde mata fortalece recuerde Argentina igualitaria justa
Tue Apr 06 22:42:43 +0000 2021	INEPTOS YÉNDOSE ESTAMPIDA EMPRESAS QUEDABAN
Wed Mar 31 15:31:21 +0000 2021	resiste análisis distribución debería proporcional densidad poblacional dieran posibilidad privados puedan acceder independientemente vacuna disponible mercado liberaría dosis alguien recursos relato
Wed Apr 07 12:02:55 +0000 2021	creíbles existir peronismo formas marchita empezaron equivocar vas combatir capital
Fri Apr 02 13:19:19 +0000 2021	CRISTINA PROBLEMA FRACE SOLUCIONA QUEDA LIBRE SAQUE PRESOS AMÉN correo palasi hlf com
Wed Apr 07 23:04:00 +0000 2021	Dejen mentir Cambiaron forma conteo Suman grupos familiares positivo Miedo sumisión vacuna control poblacional cepas producidas vacunas muerte inducida agenda 2030 única aviven mundo arderá
Fri Apr 02 13:02:27 +0000 2021	Soberanía permitir pesca ilegal Mar Argentino saquean llevan país origen venden enlatado HAGAN recursos debería alimento argentinos Informe TVAmérica INDIGNANTE
Wed Mar 31 21:06:58 +0000 2021	Dejen negar obvio Seguir manteniendo presencialidad escuelas GRAVE ERROR Pongan vida ciudadanos intereses político económicos
Fri Apr 02 12:23:56 +0000 2021	tenés pedir ayuda p / conseguir vacunas p / ordenar país sugiero
Wed Mar 31 00:06:10 +0000 2021	traen segundas dosis seguimos
Sat Apr 10 02:59:31 +0000 2021	Presidente milito infinito país límites gente excusas Argentina loco 🇦 🇷 🇦 🇷 🇦 🇷 🇦 🇷
Wed Apr 07 22:25:02 +0000 2021	Obliga empresas pagar viaticos cobres peajes aumentas nafta sacas 10 telepase querés Beto Tira pibes
Wed Apr 07 13:48:40 +0000 2021	nota parar quebrar cerrar emigrar empresas intenten
Tue Mar 30 19:45:18 +0000 2021	rompen huevos mostrando aterriza avión necesario circo propagandístico Hagan tengan háganlo Manga improvisados
Thu Apr 01 12:39:02 +0000 2021	Criterio equitativo federal Pucha sos chistosa vacunan oligarquía terrateniente política Aviones llevan vacunas Calafate ciudades Santa Cruz vacunar funcionarios Vemos fotos jóvenes camporistas vacunándose mientas
Mon Apr 05 15:24:57 +0000 2021	listado real vacunados vacunas destinadas amigos política militantes prioridad hayan vacunas significa estén aplicando corresponde
Tue Mar 30 20:41:31 +0000 2021	Banca emociono escribir
Wed Apr 07 22:48:03 +0000 2021	dé ud venga querer prohibir encerrar Vivía viajando permitiendo pelotudeces idea gobernar país política 🤦 🏼‍ ♀ ️ 🤣 🤣 🤣 🤣 🤣 gracioso comentario xq
Wed Apr 07 21:51:19 +0000 2021	FÁCIL RESTRINGIR AYUDA ECONÓMICAMENTE PERSONA BAR RESTAURANTE GIMNASIO
Thu Apr 01 14:03:24 +0000 2021	prohibirlos tipo sugerencias dará resultados gobierno asumir responsabilidad corresponde
Wed Mar 31 19:27:32 +0000 2021	equitativa racional debían ponderado cantidad personas mayores personal salud distribuir cantidad habitantes piensen cosa votos pedirle peras olmo
Wed Mar 31 23:32:49 +0000 2021	compartimos espacios cerrados personas fundamental ventilar ambientes constantemente Sigamos practicando cuidadanía respetemos recomendaciones sanitarias prevenir transmisión Covid 19
Mon Apr 05 21:26:37 +0000 2021	Seria interesante Larreta enterara vacunar lentitud tipo espero vuelvan votar
Thu Apr 01 23:02:06 +0000 2021	indios política
Wed Apr 07 21:45:00 +0000 2021	impoŕtara salud argentinos hubieras comprado Pfizer hubieras traído 25 millones vacunas prometiste llegaron habrías permitido vacunatorios vip hubieran robado vacunas únicos política pandemia uds
Wed Apr 07 22:02:11 +0000 2021	cagas gastronómicos sector privado asco
Wed Apr 07 23:31:41 +0000 2021	transporte 00 06
Wed Apr 07 23:27:51 +0000 2021	manejo nivel global virus mortal virus respuesta cantada colapso sanitario Dejense j0der preocupan pueblo hablo gobierno
Tue Mar 30 21:44:30 +0000 2021	Posta jefe gabinete tipo entrevista solidaria
Wed Apr 07 14:24:42 +0000 2021	segundas dosis personal salud dejaron clavada 2da compañeros
Fri Apr 09 23:28:34 +0000 2021	llueve partidos
Thu Apr 08 15:30:43 +0000 2021	GRUPO GUACHON PLANEROS VIP aaah PAGAS VOS PUEBLO ARGENTINO^^
Thu Apr 08 03:37:24 +0000 2021	política pandemia
Sat Apr 03 13:37:44 +0000 2021	Cara rotas
Thu Apr 08 05:20:46 +0000 2021	sopa Igualito año suspendieron tomo personal JUSTO 30 ingenuos año deporte ingresos DECEPCIONADA PRESIDENCIA
Wed Apr 07 23:28:43 +0000 2021	ayudemos olvidaron pobres
Wed Apr 07 22:02:27 +0000 2021	Hablas caso consejos claramente vos cumpliste contagiaste Sr Prescindente
Wed Apr 07 13:12:24 +0000 2021	Vacunando funcionarios amigos familiares grupo riesgo obvio
Tue Apr 06 22:27:52 +0000 2021	acaba falabella une larga lista tipo pasa MENTIR DESCARADAMENTE runfla
Thu Apr 08 00:20:16 +0000 2021	ALBERTO VACUNADOS CONTAGIAN VACUNADOS VIAJAN TRANSPORTE PUBLICO USANDO BARBIJO
Wed Apr 07 21:37:14 +0000 2021	imagino vas anunciar políticos renuncian sueldo periodos bajan asesores bajan dietas sostener pueblo puedan
Wed Apr 07 13:20:34 +0000 2021	Acceso equitativo Jodeme
Sun Apr 04 00:18:48 +0000 2021	manejo turbio transparencia ausente Salud
Tue Apr 06 22:54:27 +0000 2021	traen burro barco toman logro
Wed Apr 07 16:35:59 +0000 2021	vayan empresas fallabella latam qatar arways wallmart protege irse claven presidente 😍 😍 🤩 🤩 ojala fueran considerados
Fri Apr 02 12:27:23 +0000 2021	recomendacion ayuden albañil hijos año pedido MAYRA MENDOZA desarrollo social quilmes allegados responde puntero cupo cooperativas responda 1169199027 laburo pide
Wed Apr 07 22:17:52 +0000 2021	chicos colegios Sr Presidente Vacunaron maestros contagiar contagiar chicos chicos padres chicos maestros miedo política miedo votos Cierre deba cerrar
Fri Apr 09 01:30:48 +0000 2021	paro cambiar listas precios ningun traten clavos punta paris
Sat Apr 10 02:34:49 +0000 2021	política vacuna obligación uds
Fri Apr 02 08:51:37 +0000 2021	realidad manga ladrones tercerización empresas traen vacunas chorros HDP odio pobreeza argentina manga delicuentes curran vacunas ensima roban
Wed Apr 07 21:50:57 +0000 2021	presidente ubieran vacunado vip estarían vacunandas personas 60 injusto vacunen rango edad den prioridad problemas salud hayan vacunados personas 20 años vergüenza
Thu Apr 01 21:15:03 +0000 2021	MACRI CIA CRITIQUES NTRO PRESIDENTE TARASCA TENES ACONSEJO ANDA PONIENDOLA COMPRAR VACUNAS PRO SUME RESTE QUIEREN ALGUN PUESTITO ALGUIEN VOTE
Thu Apr 08 12:38:44 +0000 2021	Vacunas grupos riesgo vidas importan
Wed Apr 07 13:56:30 +0000 2021	acceso equitativo federal salud prioridad estaría viendo países
Wed Apr 07 21:49:19 +0000 2021	nota Alberto Fernández auto chofer restringir transporte público área amba Gracias voto
Tue Apr 06 23:00:13 +0000 2021	Sigan apoyando tipo gremios pindonga venir invertir
Mon Apr 05 11:15:32 +0000 2021	140000 dosis stock turnos abierta inscripción liberaron camas Hospitales vacunan Testeos VACUNARNOS
Sun Apr 04 23:15:27 +0000 2021	GRACIAS INFORMACION TRANSPLANTADOS PODREMOS PIENSAN HARÁN MÉDICOS NEFROLOGOS CONOCEN TRASPLANTADO
Thu Apr 08 23:41:23 +0000 2021	vacunando ratas
Wed Apr 07 21:43:59 +0000 2021	Reventa delirante hijo mil putas
Sun Apr 04 17:09:31 +0000 2021	credibilidad cero ética siguen poniendo épica Sigan cavan fosa sólitos viene gobierno falsos científicos korruptos
Thu Apr 08 16:48:14 +0000 2021	pidan esfuerzo xq cuerpo ganas vemos pone limites palabras orden seguridad país convirtieron malas palabras lamentablemente país ande
Thu Apr 08 19:39:44 +0000 2021	Ojo prohibición despedir emoleados rige 24 abril 2021 inclusive Mínimo pandemia extender prohibición despidos DOBLE INDEMNIZACIÓN MENTIRA TOPE 500 000 😡 😡
Wed Apr 07 13:15:24 +0000 2021	Acceso afiliado militantes boludos
Wed Mar 31 00:41:34 +0000 2021	esperanzada ministro
Wed Mar 31 12:27:09 +0000 2021	Mantener higienizadas manos costumbre deberíamos promover cuestión personal gesto voluntad personas cotidianamente entramos contacto intercambiamos objetos alimentos
Tue Apr 06 22:24:08 +0000 2021	combina proteger confía invierte frase cabecera Combatiendo capital
Wed Apr 07 23:11:50 +0000 2021	gusta haga política pandemia Albertito
Wed Apr 07 22:23:14 +0000 2021	albertita fernandita gobiernan matrix digo cago caritas pedofilos chupa pija plandemia libres ovejitas salir 12 regreso am
Fri Apr 02 20:01:51 +0000 2021	suerte Ministro Justicia Martín Soria
Wed Apr 07 22:06:55 +0000 2021	miserable vis politica pandemia
Thu Apr 08 23:24:06 +0000 2021	Recapaciten apliquen dosis Sinopharm personas riesgo 28 observen resultado inmunidad dosis vacuna china aplica Chile
Fri Apr 02 03:42:14 +0000 2021	VIVO Anuncio presidente Alberto Fernández cuarta reunión Consejo Regional Norte Grande
Wed Apr 07 13:32:15 +0000 2021	Acceso equitativo pelotas robaron vacunas hijos puta
Sat Apr 03 23:41:22 +0000 2021	millones calculos abaco
Tue Mar 30 20:38:05 +0000 2021	gilada propaganda mediática amiguito / a ministro salud pasar despacho turno conocí países limítrofes pase ruido
Wed Apr 07 00:56:43 +0000 2021	sigan deseando empresas gremios tomar
Fri Apr 02 23:07:11 +0000 2021	banderita política tapar boca señor precidente encerrando ciudadanos
Wed Apr 07 21:47:47 +0000 2021	esperamos sacar patadas idiota excluir intromisión peroncha vida política
Fri Apr 02 01:48:52 +0000 2021	ECOLÓGICO CONSUMO ECONÓMICO USANDO AUTOS ELECTRIC PANELES SOLARES ENERG EOLICA BATERÍAS
Wed Apr 07 03:12:10 +0000 2021	Sra Ministra CABA ingresan personas riesgo 60 años anotarse surge 80 70 años Insisto escuelas falleció Maestro joven zona caballito escuela videntes maestros comenzaron clases vacunados
Wed Apr 07 22:28:20 +0000 2021	Cerra escuelas transporte público cagón Tibio mierda jugatela pueblo cuidamos hijo mierda
Wed Apr 07 21:47:09 +0000 2021	Morite hijo mil puta acabas matar resto habitantes perdieron año OJALA ALGUIEN MATE FORRO HIJO PUTA
Wed Apr 07 23:46:46 +0000 2021	favor cuidanos docentes escuelas cumpliendo protocolos transporte sobrepasado sucio enfermarnos
Wed Mar 31 13:47:23 +0000 2021	VIVO presidente Alberto Fernández toma juramento ministro Justicia Martín Soria
Wed Apr 07 23:34:06 +0000 2021	gusta hagan política pandemia 😂 😂 😂 😂 😂 😂 😂
Thu Apr 08 17:09:37 +0000 2021	única confrontación política uds den gracias pueblo tomando cartas asunto
Thu Apr 01 23:09:38 +0000 2021	mitad robaron hablar extra costo flete hijos mil putas
Wed Apr 07 23:16:39 +0000 2021	Totalmente Alberto
Wed Apr 07 21:37:38 +0000 2021	gusta hagan política pandemia gusta hacerla militan vacunas
Wed Apr 07 23:42:07 +0000 2021	nieto finde padre esencial viajar transporte público jajaja
Tue Apr 06 00:39:18 +0000 2021	población ratas laboratorio
Wed Apr 07 21:57:15 +0000 2021	🔴 Las medidas Gimnasios Velatorio drogadictos populares Bares ❌ Marcha aborteras / piqueteros / etc ✔ Transporte público ❌ Micros llenos gordos planeros ✔ Negocios 23hs ❌ Kioskos vende merca ✔
Thu Apr 08 16:23:43 +0000 2021	ud mediocre traen vacunas gotas bajos niveles efectividad vacunan vip armen plan serio vacunación lleguen dosis negocien proveedores mentir incluyan educación economía
Wed Mar 31 16:14:56 +0000 2021	preguntaron reventar guita traslado precio caro operador logistico 1era linea traer vacunas plata pueblo dejense joder gastarla
Sat Apr 10 22:52:21 +0000 2021	definieron departamentos país Alto Riesgo Sanitario regirán siguientes medidas 👇 🏼
Tue Apr 06 14:06:47 +0000 2021	Carla siente agitada barbijo Entiendo mensaje usarlos casa Fernán Quirós sonrojarse hablar atrás
Mon Apr 05 23:02:00 +0000 2021	mayoria ratas campora amigos vip kichneristas
Wed Apr 07 22:49:39 +0000 2021	gobernante inútil impotente toma medidas autoritarias fracasaron solucionar problema sanitario Cero autoridad cero liderazgo cero planificación fracasado
Wed Mar 31 15:45:59 +0000 2021	Jajajaja Dualde familiares ministro salud equitativa
Fri Apr 09 20:06:26 +0000 2021	parásitos corruptos ladrones mafiosos mentirosos inútiles destruyendo país necesario impedirlo
Fri Apr 09 02:12:06 +0000 2021	150 000 pesos cambio 750 € País inviable mires vergüenza gobierno
Tue Apr 06 12:17:01 +0000 2021	acá Juntos Cambio manda país
Thu Apr 08 16:46:09 +0000 2021	políticos tuvimos lucha interés utilizan pueblo compras fácil necesidad fanatismo irracional pidan miden vara
Sat Apr 03 13:15:41 +0000 2021	den consejos sale INEPTOS
Sun Apr 04 18:11:32 +0000 2021	Fuaaaaaaa épica innecesaria
Thu Apr 08 23:31:51 +0000 2021	acceso equitativo federal salud prioridad vacunando fundamental sigamos cuidándonos respetemos recomendaciones sanitarias 🇦 🇷 ⬆ ️
Sat Apr 10 23:00:19 +0000 2021	Rioja 45 221 personas pusieron brazo país vacunando cuidémonos 🇦 🇷 ⬆ ️
Wed Apr 07 22:39:33 +0000 2021	Seguiiiii empujando gente pobreza nomas Empezaste medidas esclavitud vuelta tortaaaaa pueblo canse
Wed Apr 07 21:50:00 +0000 2021	PERONISMO = CANCER HIJO PUTAS
Thu Apr 08 12:13:26 +0000 2021	mensaje realizando marchas cuidado individual permite tipo movilizaciones resto trabajadores pedir tipo restricción
Wed Apr 07 21:52:52 +0000 2021	Gracias Alberto justo Vacune 14 tuve turno avellaneda
Wed Apr 07 22:52:29 +0000 2021	aplicará cumplirá medidas hechos realidad únicas verdades cree Sr Presidente mensaje falaz realidad muestra año cuarentena plena ligth crisis económica pobreza crisis social
Wed Mar 31 18:15:03 +0000 2021	juro ministro justicia válido hablar saludarse barbijo
Thu Apr 08 03:52:27 +0000 2021	gracias complicidad inoperancia taxistas CABA quieren dejar fuente exigen transporte ilegal continúa circulando libremente
Thu Apr 08 08:20:41 +0000 2021	Jajaja mienten programa parado cantidad denuncias punteros políticos cobraban 3000 pesos anotar denuncie puntera movimiento evita dejá mentir arroyos
Wed Mar 31 19:08:54 +0000 2021	vacuna sinopharm datos eficacia disminucion riesgo dosis diferir 2da ARabes aplicaron dosis Quiero 2da dosis forma favor riesgoso
Wed Mar 31 19:46:50 +0000 2021	Necesitamos casa rompieron caños agua corriente diga vender bienes viejo Ramón Paulino Sánchez
Sat Apr 10 19:25:20 +0000 2021	MESÍAS PUESTO MINISTRO ASER AMARGO ARRASCACE PELOTAS CORTANDO YUYITOS COBRANDO JUBILADO palasi hlf
Sun Apr 04 12:32:57 +0000 2021	Acepto consejo Uds testear vacunar
Thu Apr 08 00:38:06 +0000 2021	Anuncio funcionarios públicos bajar sueldo fundir privados
Fri Apr 02 00:43:40 +0000 2021	Tranquila vendio reunion conejos indias termino G20 mando sancionar ley vacunas obligatorias pandemia querer usen experimento vacuna prueba feito feito
Wed Mar 31 04:36:47 +0000 2021	Presidente tomó juramento ministro Justicia Derechos Humanos Martín Soria
Sun Apr 04 21:16:41 +0000 2021	dosis 56000 muertes VACUNATORIO VIP Trayendo puchos mantener kiosquito delincuentes AA Genocidas
Wed Apr 07 23:12:52 +0000 2021	quieren cuidarnos sigan vacunación salteando fila piden esfuerzo llegamos mes hagan bajándose sueldo colaboración demagogia
Wed Apr 07 22:15:55 +0000 2021	cumplen rebeldes MULTA ECONÓMICA caso
Thu Apr 01 10:19:07 +0000 2021	VIVO Presidente encabeza reunión Jefes Mercosur Bolivia Chile invitados cumplirse 30 años creación
Tue Mar 30 21:18:41 +0000 2021	VIVO Conferencia prensa ministro Turismo Deportes Matías Lammens asesores comité expertos
Wed Apr 07 22:18:11 +0000 2021	Sos inepto vacunas prometiste altura MILLONES ARGENTINOS ARGENTINAS iban vacunar Pobre infeliz
Sun Apr 04 20:24:42 +0000 2021	vacunaron papel figuro ciudadano Vacunado jamás recibí dosis número ciudadano
Wed Mar 31 18:04:26 +0000 2021	llegue frío aulas escolares
Wed Apr 07 21:46:25 +0000 2021	altas ojeras Sr nota parranda carga
Wed Apr 07 23:21:03 +0000 2021	escenciales comer ESCENCIAL payaso vos cuentas bancarias dolares facil imbecil
Tue Apr 06 22:24:44 +0000 2021	queres reir espanta empresas
Wed Apr 07 01:20:39 +0000 2021	frutos conoceréis Jesús
Wed Mar 31 02:33:04 +0000 2021	Seria abrir investigación costo vuelos carga tmb intermediario comento soc año creación empleados
Wed Apr 07 17:58:18 +0000 2021	Quiero ignora controles ecencial trucha fácil pcr llegaron Cancún lose fuente hijos aplicación pido documento persona esencial xq cuidarlo hacen 😏 😏
Wed Apr 07 22:50:27 +0000 2021	burla gracias vacuna transita covid mayores consecuencias cuento gente espera vacunas misteriosamente terminaron brazo político gente
Wed Apr 07 18:11:30 +0000 2021	Amigo ayudar trabajadores economía informal pequeños emprendedores país
Tue Apr 06 22:50:32 +0000 2021	realidad paralela impresionante confia recuerden yakult tantas empresas extranjeras abndonaron reinado miseria
Wed Mar 31 06:26:37 +0000 2021	ALBERTO ATIENDA DÍOS AERO POSADA VERA MILAGROS CARGANDO NAFTA AUTO DÍOS SURTIDOR AMÉN palasi hlf com
Wed Apr 07 22:47:33 +0000 2021	Sinceramente chupo huevo digas
Sun Apr 04 21:43:56 +0000 2021	Guauuuu avión muchachos acuérdense cobramos plan peronchos CI mínimo darnos uds ladrones
Thu Apr 01 22:55:59 +0000 2021	realmente necesario tanta propaganda llega avión Pónganse impresentables
Thu Apr 01 22:03:57 +0000 2021	Sr Presidente Peronista felicito Gestión Argentina Obama G20 Ud llenado boca Rusia fué México tapar Vacunatorio Vip Hágase cargo autorice compra vacunas
Tue Apr 06 12:50:07 +0000 2021	manga chorros cagan pueblo pueblo abrirá ojos darán enemigo políticos argento planeros iguales CHUPAN sangre laburante endeudarlo dejarlo calle
Wed Apr 07 22:18:20 +0000 2021	Medidas cuidados iniciaron Suspensión vacunación partido copa argentina impresentables chorean vacunas ojete culpa gente caminar calle hijos puta
Wed Apr 07 22:33:51 +0000 2021	Pegate tiro pelotudo
Wed Apr 07 21:44:00 +0000 2021	HABILITARON MANOS MEDICOS QIE ATIENDEN ENFERMEROS PURDEN DEJAM MORIR PERSONAS CUIDARON KOS CUIDAN VACUNADOS POLÍTICOS CORRUPTOS
Wed Apr 07 10:37:08 +0000 2021	dejan gente venga trasporte público síntomas provincia testeo mayoría viajó pagan testeo cojines parar
Wed Mar 31 23:03:54 +0000 2021	Semana Santa estés estés recordá mantener cuidados básicos prevenir transmisión Covid 19 😷 Uso correcto barbijo 🤲 🏼Lavado manos 🧍🏽——🧍🏽‍ ♀ ️Distancia metros 🌬 🪟 Ventilación ambientes 🍴 🧉No compartir utensilios ⬆ ️
Sat Apr 03 13:14:47 +0000 2021	presidente dosis positivo figúrense china traen 30 efectividad darán necesarias
Tue Apr 06 20:04:51 +0000 2021	Cierren escuelas semanas falta pensar cuidarnos Tenes fri abriga Vamoooo esperar
Tue Apr 06 22:41:13 +0000 2021	Disculpe Sr Presidente confía Argentina termina Falabella dejando 500 personas calle impuestos siguen ⬆ ️ restricciones p / abrir negocio innumerables dieran facilidades seguridad jurídica cosa
Thu Apr 01 22:56:32 +0000 2021	stream nivel SpaceX impuestos acción ✌ ️ Gracias pejota ponernos alto latam amor infinito
Sun Apr 04 22:19:50 +0000 2021	salvar vice corrupta historia país Ojalá justicia condenada hijos testaferros cómplices seriedad valores ética moral
Sun Apr 04 20:45:10 +0000 2021	seguís seguimos damos difusión actividades campo popular & lt Seguirnos EMPODERA permite romper agenda imponen multimedios nacionales Gracias continuar bregando patria justa soberana Sigamonos
Wed Apr 07 15:41:57 +0000 2021	Chantas cambian turnos Vacunación Plata puto partido fútbol
Sun Apr 04 20:22:16 +0000 2021	informar millón vacunas chinas llegada recientemente dosis llego dosis llego
Tue Apr 06 22:50:29 +0000 2021	Empeza empresas importar insumos Inútil
Sun Apr 04 00:27:10 +0000 2021	vacunas robaron paso renuncia
Fri Apr 09 03:40:44 +0000 2021	viene medida desempleados ganan 50 mil pesos aumento fondo desempleo baja tarifas mitad
Sun Apr 04 14:10:11 +0000 2021	aconseja plena pandemia organizo funeral millon personas roba vacunas militantes
Wed Apr 07 22:17:59 +0000 2021	Hablando tipo rió abrazando Moyano barbijo autoridad moral
Thu Apr 08 01:29:35 +0000 2021	virus circula año científicamente medidas año siguen violando Constitución Nacional dnu DURAR ETERNIDAD ☝ 🏼 🥴 🤦 🏻‍ ♀ ️ 👎 🏼 😠
Sat Apr 03 23:46:44 +0000 2021	literalmente correcto técnicamente llegan millón vacunados dosis necesarias terminen campaña campaña empiecen vacunar roben
Thu Apr 08 19:58:55 +0000 2021	DEUDORES UVA NECESITAMOS CONGELEN CAPITAL Necesitan twitts idiomas
Tue Apr 06 13:02:48 +0000 2021	falta idoneidad ética Juicio político funcionaria presidente
Fri Apr 02 01:47:43 +0000 2021	turno personas riesgo menores 60 años
Sat Apr 10 21:57:29 +0000 2021	Jajajjajajaj mentirosos firmaron boletín oficial autorizando riesgo tengan dosis plena subida ola ENFERMOS MENTALMENTE INOPERANTES
Wed Mar 31 16:20:42 +0000 2021	caba restenle larreta vip privados hdp
Thu Apr 08 20:01:50 +0000 2021	DEUDORES UVA NECESITAMOS CONGELEN CAPITAL
Thu Apr 08 01:02:28 +0000 2021	departamento alto riesgo sanitario Uruguay Juncal paciente causal miseria
Sat Apr 03 21:56:01 +0000 2021	CUIDADANÏA Heeee paren mano Sres / as comerciantes aumentos situación compleja Coronavirus falta aumento sueldo trabajando PAREEEEEN
Thu Apr 08 12:52:47 +0000 2021	Aplica dnu corten servicios
Tue Apr 06 22:35:32 +0000 2021	confiar país vienen empomando rato idea manejar empresa
Wed Apr 07 23:27:49 +0000 2021	cumplen pelotudos votan pito duro capitan epoc
Thu Apr 08 16:19:50 +0000 2021	69 riesgo vacunado personas 62 años distribuido
Thu Apr 01 23:00:06 +0000 2021	Jajajjaj preparados foto cirquera terror Hagan Brasil dejen empresa compré vacunas Ah cierra Sorry
Thu Apr 08 01:05:38 +0000 2021	definen localidades alto riesgo habilitan clases presenciales 20 alumnos aula 500 estudiantes circulando escuela
Tue Apr 06 22:27:44 +0000 2021	Alberto Fernández proteger confía invierte Argentina encanta cagarlos impuestos mantener vagos planeros
Thu Apr 08 00:16:34 +0000 2021	alberto gobierno saco plan viajes reintegros 50 2021 pandemia ah pedo macri lod mudachoz pedonistas laddeta hambdeador
Wed Mar 31 00:02:10 +0000 2021	vacunas caras planeta vuelo 300 000 Cero gestión
Tue Mar 30 23:36:35 +0000 2021	esperan Sres políticos perdamos viviendas Hagan favor
Fri Apr 09 17:42:56 +0000 2021	explican pagamos impuestos desastre llenarse bolsillos políticos empresarios amigos
Mon Apr 05 23:39:41 +0000 2021	Información certera veraz 500 000 millones
Thu Apr 08 11:19:41 +0000 2021	Alberto querido Wado luchador agradezco corazon ek esfuerzo UDS SENTIMIENTO PERONISTA FUERZA PRESI
Fri Apr 09 04:30:18 +0000 2021	Hagan ley cero estudien matemáticas paren joda parches
Tue Apr 06 22:33:03 +0000 2021	Protegé trabajadores forro
Tue Apr 06 11:55:05 +0000 2021	viajó gente interior delpais semana cuidaron ingreso pcia huibo ningun tipo control testeos comportamientos serios gente exterior
Tue Apr 06 14:11:22 +0000 2021	priorizaron salud vacaciones semana samta vacunan pacientes riesgo allá edad cumplir medidas básicas prevencón Viva pepa dios dinero actúan premura 𝘾𝙤𝙨𝙚𝙘𝙝𝙖𝙧𝙖𝙣 𝙙𝙚 𝙡𝙤 𝙦𝙪𝙚 𝙨𝙞𝙚𝙢𝙗𝙧𝙖𝙣
Tue Apr 06 14:18:55 +0000 2021	VEO GENTE SUPUESTAMENTE RIESGO VACUNADA SALEN 40/60 CIRCULAR ANDAN REPARTIENDO VIRUS DEBERÍAN VACUNADOS
Wed Mar 31 15:53:40 +0000 2021	joda Equitativo suegra 83 Córdoba vacunan massa flia vacunados miles políticos Dejen mentir 🙏 🏻
Tue Apr 06 09:34:38 +0000 2021	millones vergüenza cantidad cantidad gente faltando tantas personas mayores tanta gente riesgo mujer riesgo registraron Dejen mentir pónganse laburar
Thu Apr 08 11:23:58 +0000 2021	febrero oposición dirige agenda presidencial larreta acuña empresarios vote Fernández JxC interesan opiniones oposición vimos años dedicaron destruir economía comienzo clases error
Tue Apr 06 21:06:55 +0000 2021	adelantar vacunación personas 18 59 años pacientes riesgo
Wed Mar 31 10:18:30 +0000 2021	cantidades termina vacunar toca año permiten corresponde comprar privada quedaría liberado responsabilidad Aca ignorancia terquedad juntas
Wed Apr 07 21:53:13 +0000 2021	⚽ ️ ⚽ ️2️⃣ paga cuentas compra remedios comer diga succiona
Sat Apr 03 13:10:43 +0000 2021	Sigamos practicando cuidadanía Recordá dejar metros distancia personas Sigamos cuidándonos
Tue Apr 06 14:30:27 +0000 2021	camino abuelos argentinos vacunados
Wed Mar 31 18:27:00 +0000 2021	año vienen cantinela pandemia callan toque tipo vida
Thu Apr 08 16:28:42 +0000 2021	encerraron población cuarentena larga absurda mundo servido destruyeron economía países serios deje perder trabaje seriamente testee vacune
Fri Apr 09 14:06:36 +0000 2021	aplicar deducciones familia sueldo bruto mensual 175 000 recibirá mano 4500 perciba remuneración 150 000 Osea lograste sueldo GANAS COBRA 150 MIL
Fri Apr 09 01:23:04 +0000 2021	mierda cambian escalas garcas
Tue Mar 30 21:15:22 +0000 2021	vuelos caros mundo empanadas siguen ✌ 🏻acunando ✌ 🏻oludos aplaudidores amigos
Sat Apr 10 22:52:00 +0000 2021	aprobó modificación Impuesto cambios principales contamos acá 👇 🏼 https
Fri Apr 09 02:17:07 +0000 2021	ganas & gt recibís Bruto & gt Neto 149 000 & gt 123 000 151 000 & gt 115 000 176 000 & gt 129 000 Modificarán escalas Fuente ámbito
Fri Apr 09 14:10:32 +0000 2021	MENTIRA eleva piso sueldo bruto mensual 175 000 recibirá 4500 perciba remuneración 150 000 CAMBIEN ESCALA REALMENTE ELEVEN MINIMO
Wed Apr 07 21:59:47 +0000 2021	AÑO PUDE COLECTIVO INSULTEN ENTREN ALTERNATIVA TUVE TOMAR TAXI REMÍS DEVUELVE PLATA GASTE ESPERANDO
Fri Apr 09 03:12:43 +0000 2021	paso cobrar junior mega empresa satelital ineptos
Thu Apr 01 16:25:43 +0000 2021	números publico culpa realidad culpa políticos importa partido formen
Thu Apr 01 01:31:22 +0000 2021	Forro vacunaste población
Sat Apr 03 12:11:07 +0000 2021	Pronta recuperación
Thu Apr 01 20:38:48 +0000 2021	pegando manotazos ahogado pidiendo vacunas Xq pone pensar presidente ve mundo país roban vacunas 🤦 🏻‍ ♀ ️ 🤷 🏻‍ ♀ ️ Sabía cachivache pensé límites
Sun Apr 04 19:10:47 +0000 2021	principales causas malas decisiones uds papanatas manga ineptos soretes
Tue Apr 06 12:17:53 +0000 2021	chicos años superiores secundaria respetan distanciamiento salen diario fines semana docentes alma mano
Tue Mar 30 19:55:20 +0000 2021	TERMINEN CIRCO AEROLINEAS MILITANTE GASTA LOGISTICA HUBIERA CONTRATADO EMPRESA VENEFICIA TRIPULACION COBRA SALARIO MEDIA POBLACION
Wed Apr 07 21:50:23 +0000 2021	tibias medidas alcentro fernandez
Wed Apr 07 23:34:02 +0000 2021	SALUD ARGENTINOS JUEGO DEJEN PARTIDISMOS POLÍTICOS UNANSEN SALIR CAOS LAMENTAR TANTOS MUERTOS Totos 🇦 🇷
Thu Apr 01 01:28:15 +0000 2021	año aprendieron Llevan barbijo cuello fila pegan moscas desastre políticos tantos años decadente asnos
Sat Apr 10 01:08:36 +0000 2021	verdugo ejecute sentencia metió Sacó préstamo UVA desesperada pide ayuda Presidente culpables creer políticos
Tue Apr 06 22:43:57 +0000 2021	patrones negreros explotadores cambian
Tue Apr 06 13:04:08 +0000 2021	Gracias Ministra recibiendo vacunando provincias interior país siguiendo calendario previsto agregarse cuidado personal fundamental lugares escuelas ámbito desempeña
Tue Apr 06 14:44:18 +0000 2021	ganas ponerme vacuna anote diciembre espero 60 justo
Mon Apr 05 13:42:47 +0000 2021	Córdoba 331 153 personas pusieron brazo Sigamos cuidándonos campaña vacunación grande historia avanzando 🇦 🇷 ⬆ ️
Tue Apr 06 10:52:29 +0000 2021	ciudadanos DEMANDAMOS vacunas paises occidentales DEMOCRATICOS compra resto paises normales fanatismo ideológico matando literalmente Rechazaron sistemáticamente vacunas Unidos Creen deficientes mentales
Wed Mar 31 00:20:10 +0000 2021	falta 44 millones vacuna completa 675 mil personas Payasos Roban vacunas gastan traerlas Inútiles Ineptos Ladrones vergüenzas
Thu Apr 01 03:33:42 +0000 2021	Asignen vacunas Partido Vicente López 🙏 🏼 Viene tremendamente lento Personas 70/80 años inscriptas citadas
Thu Apr 08 00:18:00 +0000 2021	escuelas tortura sostener relación niños docentes miedo contagiados culpa circulación virus nota aula
Tue Apr 06 18:37:38 +0000 2021	Farzantes robaron vacunas SPUTNIK tocar suelo argentino convirtieron vacunas VIP desaparecieron capital aparecieron santa cruz vacunas VIP SPUTNIK escandalo tension ladrones KISNERISTAs pudransen psicópatas feudalista roñosos
Tue Mar 30 23:29:29 +0000 2021	660 000 personas dosis vacunaron 14 población INÚTILES MENTIROSOS discursito tribunero
Fri Apr 02 00:11:27 +0000 2021	Dra Ministra vacune 2da dosis casos personas recibieron SINOPHARM estaría dando resultados 2da dosis
Thu Apr 08 14:56:10 +0000 2021	Puta madre políticos turno pandemia restringis pone sitio Alberto Frederic Inutiles Cagones tomarles paí Pelotudos
Wed Apr 07 23:49:03 +0000 2021	medidas DEJAR ROBARSE VACUNAS suspenden
Wed Apr 07 00:48:16 +0000 2021	Grobocopatel Galperin culpa manga mafiosos único producir miseria comprar fideos precio decente
Thu Apr 08 00:43:05 +0000 2021	idiota intendente Montenegro Mardel caso medidas Porq restaurantes cervecerías bares 200 casos falta resultados semana Santa
Fri Apr 02 17:21:42 +0000 2021	traen 500mil dosis 45 millones hab dosis trayendo cantidad falta 180 vuelos vienen 15 años vacunados Éxitos
Tue Apr 06 12:19:23 +0000 2021	Inútiles usaron registros Anses Pami vacunar Vergüenza gente provincia testea CABA
Tue Apr 06 23:29:26 +0000 2021	Pampa 40 mil personas pusieron brazo campaña vacunación grande historia avanzando sigamos cuidándonos 🇦 🇷 ⬆ ️
Wed Mar 31 19:12:32 +0000 2021	siguen subestimando moneda corriente Casa Rosada
Tue Apr 06 21:53:55 +0000 2021	miras boludeces ponen das gobierno contestar burradas
Thu Apr 08 01:56:58 +0000 2021	Fuerza presidente miserables tomar tema pandemia politico importarles vida gente patria Fuerza
Thu Apr 08 00:03:06 +0000 2021	Inutiles Vacunas amigos resto gotas viene mala cierran Vayanse cagar puesto asistente lavadero auto queda enorme
Wed Apr 07 21:41:48 +0000 2021	imagino vas diputados asesores bla bla bajan sueldos ayudar pueblo cuarentena cerré local sigo pagando doble indemnización LPQLP
Wed Apr 07 22:27:11 +0000 2021	velorio millón personas pleno pico contagios quieren venir restricciones Andate puta parió gobierno mierda
Wed Apr 07 22:59:18 +0000 2021	exigimos respeten plazos vacuna Sinopharm evidencia cientifica diferirla imipde vacunados dosis inmunizarnos vacuna abandonen sujetos experimentales
Sun Apr 04 18:21:11 +0000 2021	Pfizer Moderna 1/2 pelo planes 1/2 pelo logística sanitaria 1/2 pelo vacunas 1/2 pelo GOBIERNO 1/2 PELO MER
Wed Apr 07 21:41:33 +0000 2021	Mirá viaja país Alberto
Sun Apr 04 17:21:29 +0000 2021	Excelente Rezo rápida justa equitativa distribución 🙏 🙏 🙏 🙏 🙏
Wed Apr 07 10:33:11 +0000 2021	exigimos respeten plazos vacuna Sinopharm evidencia cientifica diferirla imipde vacunados dosis inmunizarnos vacuna perdida recursos avalo sujeto experimental
Thu Apr 08 02:33:23 +0000 2021	circulen policias fuerzas ofrecio saldran nomas AMBA
Wed Apr 07 22:42:26 +0000 2021	Inseguridad Pobreza Asistencialismo Kirchneristas ladrones Macristas fracasados
Thu Apr 08 00:50:27 +0000 2021	aplica políticos Cámpora
Thu Apr 01 13:19:52 +0000 2021	País delincuentes vergüenzas 65 impuestos país fundido Pongan país producir BURROS
Thu Apr 01 13:22:58 +0000 2021	País delincuentes sinvergüenzas 65 impuestos país fundido Pongan país producir BURROS
Sun Apr 04 19:23:15 +0000 2021	gustaría pasa restantes vacunas moderna j&amp Pfizer comprendo motivo acceder vacunas especialmente EEUU Gracias
Sat Apr 10 13:57:41 +0000 2021	COSA * post Casa Rosada gestión Presidencia Mauricio Macri 2015 2019 publicará redes sociales despedida
Wed Apr 07 22:06:43 +0000 2021	simplemente inteligente pronta recuperación señor presidente
Wed Apr 07 21:51:57 +0000 2021	PERSONAS NEGOCIO VIVE SUELDO CORRESPONDE SUELDO EMPLEADO DUEÑO SUELDO MESES QUEDAMOS CASA
Tue Mar 30 21:06:47 +0000 2021	brazo pusieron vacunas aparecieron robaron Gines Vissotti Massa Dualdhe iegua cia
Thu Apr 08 00:22:07 +0000 2021	CUD sube sacar certificado uds fueras conciente cerrarias entrada CABA llenamos enfermos inútil kicilof isopados
Sun Apr 04 18:28:30 +0000 2021	Vacunacion lenta
Wed Apr 07 02:28:56 +0000 2021	hartos maldito consenso padecimos gobierno corrupto Somo millones cansados bolas famoso diálogo Macri punto diferencia ballotage desastre
Wed Apr 07 14:23:01 +0000 2021	súper equitativo vacunaron políticos familiares ja pura cháchara
Sun Apr 04 16:30:30 +0000 2021	vM afsnar preguntó vos tenes verguenza anuncias llegada vacunas llega gente distribuyen conviene montón intendentes corresponde
Wed Apr 07 23:57:30 +0000 2021	vivir argentinos vendedores ambulantes autónomos casineros taxistas remiseros kiosqueros personal bingo cines etc vergüenza
Tue Apr 06 16:34:19 +0000 2021	publica síntomas gente acuerda
Thu Apr 01 00:36:22 +0000 2021	Baja palmera Lammens
Wed Apr 07 13:50:56 +0000 2021	imagino aca pequeña muestra
Wed Apr 07 22:56:37 +0000 2021	Andate cagar viejo cínico mes robando vacunas culpás gente
Thu Apr 01 21:26:21 +0000 2021	amiguitos familiares políticos kumpas
Thu Apr 08 16:02:09 +0000 2021	Sabés persona vacunada dosis considerar protección adecuada dosis dosis Gracias
Wed Apr 07 23:22:00 +0000 2021	casa 67 años enero inscrita vacuna año quedé años negro tuve ysin peso quiero vacuna corresponde harta
Wed Apr 07 23:07:41 +0000 2021	gracias alberto tenes auto quedate casa pobre nacional popular mierda macri
Wed Apr 07 23:11:23 +0000 2021	unicos perjudicados cassinos bingos controles
Wed Apr 07 21:48:49 +0000 2021	fuerza Alberto salimos juntos tirando darán egoístas
Wed Apr 07 21:42:05 +0000 2021	Alberto directamente proporcional dejando país
Wed Apr 07 21:53:28 +0000 2021	provincia avanzan vacunación testean CABA vacunados esenciales DNU año esperamos franelean pelado irresponsable siquiera personal salud vacunad insensatos carajo
Fri Apr 02 23:59:27 +0000 2021	Buques Taiwaneses chinos españoles portugueses ingleses robándonos riquezas uds políticos calladitos COBARDES
Fri Apr 02 13:08:35 +0000 2021	politicos roban Argentina
Thu Apr 08 01:01:06 +0000 2021	mira adentro casa jajjajajaj
Sun Apr 04 16:53:50 +0000 2021	Viene lenta chancha
Wed Apr 07 21:54:44 +0000 2021	kukas trolls defendiendo remisero país 💩 💩 💩 💩
Thu Apr 08 00:52:19 +0000 2021	año funcionó
Thu Apr 08 00:11:54 +0000 2021	Señor Presidente Acateremos favor deje castigar actividades deportivas 13 meses necesitamos meter club 30 personas 375m2 escuela entran 150 mitad espacio divido
Sat Apr 10 21:25:33 +0000 2021	⚫ El artículo establece exención Sueldo Anual Complementario sueldos haberes 150 mil brutos mensuales ⬆ ️
Thu Apr 01 22:57:53 +0000 2021	Decime baja Pista Juan Perón AEP
Sun Apr 04 13:47:09 +0000 2021	plural masculino incluye géneros
Wed Apr 07 22:15:34 +0000 2021	lástima cantidad fechas vacunas Digo restringir campeón certezas población angustiada coma países vacunan millones Acá fecha llegada vacunas afanan
Fri Apr 09 23:48:08 +0000 2021	riesgo vacunados
Wed Mar 31 21:11:53 +0000 2021	semana vacaciones estatales acuerdan pedir recomendaciones compraron vacunas suficientes compraron quedaron amigos mandan vacaciones empleados fracasaron
Wed Apr 07 23:32:58 +0000 2021	Incapaces vacunar personal sanitario 100 falta dato mostrar inutilidad gobierno Entreguen llave recepción fracaso grande historia 😠 😠 😠
Wed Apr 07 13:07:10 +0000 2021	gratuita vacuna costo pagamos argentinos acaso paga Cristina bolsillo
Fri Apr 02 23:53:42 +0000 2021	
Thu Apr 01 00:59:32 +0000 2021	evidente acabaron semestres mentiras Argentina cambiar miedo decirle basta presente
Thu Apr 01 19:56:41 +0000 2021	Pasamos organizar G20 papelón extraño
Tue Mar 30 23:13:36 +0000 2021	permitan espacien 1ray2da Dosis 🇦 🇷 Personal Salud ambas distintas darse 21
Sun Apr 04 19:22:49 +0000 2021	Excelente Avanza vacunacion ancho país 🇦 🇷
Wed Mar 31 18:38:30 +0000 2021	Che acordar prometió
Wed Apr 07 22:13:57 +0000 2021	aire escuchar pasar aviones terrible fondo verde
Fri Apr 09 11:26:07 +0000 2021	NECESITAMOS AYUDEN APERTURA SALONES AFORO 30 Salones zona oeste peligro
Fri Apr 09 01:19:30 +0000 2021	Ojalá utilicen fórmula salario ganancia 40 inflación anual haga efecto dure rato nomas
Tue Apr 06 11:55:53 +0000 2021	cuarentena explota país guerra civil 42 pobres contar planeros país pelotas cerrar industria pones soga cuello
Sun Apr 04 18:46:12 +0000 2021	saludo solidaridad señor Colombiano admira labor nación Pronta efectiva recuperación afortunadamente inoculo
Sat Apr 03 23:18:04 +0000 2021	Pronta mejoría presi
Sun Apr 04 19:53:55 +0000 2021	llegan tema roban
Thu Apr 08 21:42:29 +0000 2021	enema políticos hdrmp dejan laburar madre
Fri Apr 09 14:11:15 +0000 2021	Esfuerzo parasitan políticos empleados públicos bajaron sueldo
Wed Mar 31 03:13:38 +0000 2021	Derecho vulnerado Hospital Italiano CABA socia Plan Salud 70 años Historia Clínica domicilio Caba DNI domicilio Goya Corrientes Pago vacunan Justicia
Thu Apr 08 13:34:00 +0000 2021	altura variantes circulando viendo sucede paises Francia Alemania Dios venga Vacuna venga anecdótico depende cuidados suerte
Fri Apr 02 01:57:46 +0000 2021	dosis
Fri Apr 09 18:41:11 +0000 2021	impuesto ganancias pequeños contribuyentes responsables inscriptos modificó
Wed Apr 07 22:56:14 +0000 2021	dictadorsucho convocó cientos miles velorio andubo manoseándose monigote país norte DEJÁ ROBAR DELINCUENTE
Wed Apr 07 21:43:39 +0000 2021	Gracias querido presidente pronta mejoria
Tue Apr 06 22:40:53 +0000 2021	acordar frase apuesta dólar pierde
Wed Mar 31 00:24:49 +0000 2021	población riesgo vacunar
Thu Apr 08 00:42:41 +0000 2021	controlar viajan conurbano jamás controles motivo mundo viaja problema Familias enteras mueven colectivo abril 2020 deberían haberse quedado casa Sumado sale acompañado
Fri Apr 02 00:00:06 +0000 2021	laburan silenciosamente rinden cuentas
Tue Mar 30 19:50:23 +0000 2021	15
Sun Apr 04 16:21:49 +0000 2021	traen
Wed Apr 07 21:40:10 +0000 2021	Sr quiero vacaciones quiero vacunar ud inútil incompetente incapaz administrar plan vacunación funcionarios robaron vacunas insuficientes 3er orden
Wed Apr 07 22:36:05 +0000 2021	Sr Presidente estén vacunados maestros niños deberían continuar asistiendo escuelas favor pequeños sagrados exentos cepas trajeron Brasil Manaos gracias
Wed Apr 07 21:54:02 +0000 2021	persona bar restaurante 12 00 noche venga damos clausurar cobrar multa ayudenmen
Wed Apr 07 23:43:33 +0000 2021	Sr presidente restricciones horarias entendiste viejo garca vos quedaste encerrado vos tenés covid circular normal SOS vos presidente 2023 Horacio Larreta vicepresidenta maria Eugenia Vidal
Wed Apr 07 22:36:57 +0000 2021	vergüenza anuncio cerro verano semana santa año vengo cuidando cuido familia vacune esencial súper responsable culpa quisieron jodemos justo
Wed Apr 07 22:14:14 +0000 2021	Bajate sueldo Alberto inútiles gente esfuerzo Dejen cobrar cedan riendas país alguien sepa Abrazo gigante saludo expresi
Thu Apr 01 01:11:31 +0000 2021	ocurra acompañar maniobra posponer
Thu Apr 01 01:55:37 +0000 2021	pinten mapa país pinten islas MALVINAS provincia llama TIERRA FUEGO ANTÁRTIDA ISLAS ATLÁNTICO SUR
Tue Apr 06 17:20:15 +0000 2021	Memoria José López bolso vacunados VIP mechera Tolosa cuadernos coimas falsos hoteles tren once muertos inundación querés
Sat Apr 10 00:54:36 +0000 2021	Cuentan afanaron
Thu Apr 08 00:20:51 +0000 2021	bueenooo virus deja andar 23 mañana vuelve calle seguir contagiado toma descanso nomas convencida sirven
Fri Apr 02 15:55:59 +0000 2021	Acá organizan G20 dejan invitación whatsapp doble azul
Fri Apr 09 15:20:30 +0000 2021	algu medidas personas personas 53 60 años EMPLEOS genuino
Tue Mar 30 22:54:52 +0000 2021	país décimo vuelo Aerolíneas Argentinas Moscú 300 000 dosis vacuna Sputnik comenzará distribución país llegue argentino argentina 🇦 🇷 ⬆ ️
Fri Apr 02 18:57:14 +0000 2021	Hola Sri presidente ideas pienso interesarte país interesa avisa favor
Wed Mar 31 13:32:35 +0000 2021	Pregunta vacuna Pfizer llegará país eficaz supuestamente vino ola indispensable Gracias
Sat Apr 10 05:51:19 +0000 2021	AMIGO HORIZONTE DÍOS VIVO ECONOMIA EXACTA CORRECTA ESCONDEN ATIENDEN POSADA palasi hlf
Tue Apr 06 23:52:45 +0000 2021	JajJajajajajajajaja hackearon
Wed Mar 31 20:16:56 +0000 2021	contagian personas
Sat Apr 03 04:31:09 +0000 2021	Espero mejore
Wed Mar 31 01:50:21 +0000 2021	Ah avioncito trae
Fri Apr 02 23:38:10 +0000 2021	ponen conciencia empeñan
Tue Apr 06 12:48:05 +0000 2021	Carla Vizzotti acordar botellero pasaba esquina casa chico
Tue Mar 30 19:58:16 +0000 2021	esperanza crece país millones argentinas argentinos pusieron brazo 🇦 🇷 ⬆ ️
Thu Apr 08 16:00:54 +0000 2021	Alberto
Fri Apr 02 23:13:12 +0000 2021	CÍNICO HIPÓCRITA tuiteas estuviste Asamblea ONU mencionaste Malvinas discurso hiciste G20 Mercosur vos Malvinas gasto VOS SOS TRAIDOR PATRIA
Thu Apr 08 00:19:16 +0000 2021	comulgo personaje país alturas expresar bloquean
Thu Apr 01 23:02:46 +0000 2021	chantas
Tue Apr 06 02:52:29 +0000 2021	resolver problemas argentinas argentinos Unidos hagamos país merecemos ⬆ ️
Mon Apr 05 13:33:41 +0000 2021	funerales multitudinarios cuentan reuniones sociales
Tue Apr 06 22:19:19 +0000 2021	Presidente inauguró mediodía planta Raízen Dock Sud valoró confianza país
Tue Apr 06 12:24:26 +0000 2021	sólida Vizzotti Orgullo Nacional 🇦 🇷
Wed Mar 31 16:03:29 +0000 2021	Quieren entrar denuevo país traernos cepas tanta plata queden cumplan estrictamente cuarentena afuera porqué pobres bancar confinamiento culpa
Fri Apr 09 17:33:25 +0000 2021	acordas decías Escuchate
Wed Apr 07 22:36:03 +0000 2021	SEAMOS ESPECTADORES COLECTIVAMENTE PUEBLOS ESTRATEGIA INGENUIDAD MATEMOS CAPITALISMO
Wed Apr 07 16:58:31 +0000 2021	equitativo dinero
Sun Apr 04 00:22:42 +0000 2021	Millones millones
Wed Apr 07 21:49:29 +0000 2021	Presidente cuente siga contando apoyo Siga ingresando vacunas necesitamos caso factor riesgo aguardo esperanzada turno vacunarme Cuidese gracias
Thu Apr 01 22:52:47 +0000 2021	Evitar viajes exterior medida fundamental prevenir ingreso cepas Covid 19 país Sigamos practicando cuidadanía
Tue Apr 06 16:58:15 +0000 2021	siguen bancando Insfrán Quieren queme Casa Rosada Miren chupa puto huevo eh
Thu Apr 01 23:42:28 +0000 2021	VACUNADOS VIP vergüenza nacional
Wed Apr 07 01:11:26 +0000 2021	Íbamos volver mejores 😡 🤦 🏽‍ ♂ ️
Fri Apr 09 01:22:34 +0000 2021	Xq sacan chicos mayores años targeta alimentar familias dependen targeta xq dejan termine pandemia
Wed Mar 31 21:05:29 +0000 2021	cierran números millones millones vacunó
Wed Apr 07 23:13:15 +0000 2021	llenó gente mierda país creer Piden prohibiciones sabiendo significa laburemos piden sanciones castigos buchonean compatriotas piden cerrar escuelas palabra fachos xq propiedad vergüenza
Wed Mar 31 23:26:41 +0000 2021	19 MILLONES argentinos plena pobreza Reconstruyendo Argentina decían Pongo marioneta jefa dure mandato
Thu Apr 08 19:25:19 +0000 2021	barrabrava maleducado adonde AUTORIDAD mandato acabado
Sat Apr 03 13:20:36 +0000 2021	Avísenle Alberto
Wed Apr 07 21:45:49 +0000 2021	Alberto expropie Garín
Wed Apr 07 22:48:11 +0000 2021	Gracias Alberto
Fri Apr 02 02:08:37 +0000 2021	1millón personas vacunadas
Sun Apr 04 20:54:53 +0000 2021	llegan Moderna Johnson
Wed Apr 07 21:38:45 +0000 2021	VACUNADOS CUNOLISTE ARGENTINA IBA PAÍS LATINOAMERICA VACUNADOS COMERCIALIZARON AFUERA CREÓ NOBLES CREÓ INPORTAMOS PARO PARTIDO DEJARON ABUELOS CALLE
Wed Mar 31 21:01:28 +0000 2021	señor presidente hubiera llevado daban práctica
Mon Apr 05 11:02:13 +0000 2021	CHANTAS SINVERGÜENZAS DELINCUENTES INMORALES
Thu Apr 01 14:34:49 +0000 2021	DEJEN ROBAR VACUNAS MALDITOS CONCHAS MADRE HDRMLPT
Wed Apr 07 21:56:51 +0000 2021	veo salud gente país regala pagar alquiler pagar impuestos gente endeuda ayuda ayuda
Thu Apr 01 23:02:48 +0000 2021	robar descontando
Thu Apr 08 13:20:49 +0000 2021	escaso número incluye vacunaron militantes amigos familiares perdón olvidaremos
Sat Apr 10 02:47:07 +0000 2021	Vergüenza ajena casa Rodada
Sat Apr 03 16:19:03 +0000 2021	durmió común covid covid mandato pobre criticando
Tue Apr 06 22:41:34 +0000 2021	Alberto inútil Cristina ladrona
Thu Apr 08 04:31:24 +0000 2021	Volvimos alberto
Wed Apr 07 23:26:17 +0000 2021	Confiname chota Alberto
Tue Apr 06 01:02:56 +0000 2021	Alberto Cristina
Sat Apr 03 15:24:40 +0000 2021	saluda codito
Wed Apr 07 23:19:56 +0000 2021	año 10 millones vacunas
Wed Mar 31 19:11:51 +0000 2021	estuvieran vacunados roban tendrían aplicar cuidados siglo Inmorales
Wed Apr 07 21:59:49 +0000 2021	porquería cagan pueblo trabajador obreros albañil lla mucama mozo presidente piensa negocios estarán Miy sospechoso importo viejos chorean
Sun Apr 04 18:54:05 +0000 2021	lleguen interior abuelos dosis riesgo Discapacitados
Wed Apr 07 23:53:05 +0000 2021	Chupame pie alberto
Wed Mar 31 03:12:54 +0000 2021	Gracias Alberto Cristina
Sun Apr 04 17:19:20 +0000 2021	Viva Alberto Cristina
Wed Apr 07 07:52:12 +0000 2021	falla cabeza Alberto
Wed Apr 07 22:05:53 +0000 2021	Cerra orto Alberto
Thu Apr 08 15:51:21 +0000 2021	10 chantas mierda
Tue Apr 06 23:18:38 +0000 2021	amigos
Sat Apr 03 14:28:18 +0000 2021	pudieron clases
Tue Apr 06 17:39:16 +0000 2021	favor tomen decisiones Cecilia
Sat Apr 03 13:07:39 +0000 2021	Chubut 44 734 personas pusieron brazo 🇦 🇷 ⬆ ️
Sun Apr 04 12:41:47 +0000 2021	hagan organizaron funeral casa rosada miles personas
Sun Apr 04 18:03:19 +0000 2021	quebcaro sale robo vacunas trajeron 35 40
Sun Apr 04 21:30:07 +0000 2021	Alberto mando 500k Gracias Vladimir 497 745 Dije 500 000 Alberto Vladimir entendés digo gracias 497 745 Ahhhhh jejejej entendí campeón
Fri Apr 02 01:27:52 +0000 2021	ECOLÓGICO CONSUMO ENERGÍA SOLAR EOLICA BATERÍAS SERIA
Thu Apr 01 22:59:15 +0000 2021	Orgullo nacional 🇨 🇳 🇦 🇷
Wed Apr 07 17:39:53 +0000 2021	Vergüenza Nacional cagan Pueblo Argentino
Wed Apr 07 21:52:43 +0000 2021	Fuerza Alberto
Wed Apr 07 23:03:18 +0000 2021	vergüenza das Alberto
Wed Apr 07 14:58:53 +0000 2021	salud prioridad entiendo vacunen Plata partido prioridad salud
Wed Mar 31 23:15:26 +0000 2021	Caba vacunan Decile Larreta venda vacunas postor gratuita
Wed Mar 31 15:45:08 +0000 2021	historia Conocimos pandemia moderna 🤣 🤣 🤣
Tue Mar 30 22:18:27 +0000 2021	Quiero vacunen población riego
Tue Mar 30 23:20:40 +0000 2021	países traen 2M/ 3 M viaje Argentina increíble
Wed Apr 07 22:28:44 +0000 2021	caso cuidan siguiendo medidas protocolos establecidas contener máximo virus evitar contagio transmisión ola pandemia dolorosa lamentable Cuiden cuidandose Hagan caso 🙏 🏼
Tue Apr 06 14:44:15 +0000 2021	RESPETEN CONSTITUCIÓN NACIONAL PONGAN FUNCIONARIOS FUNCIONEN VENEZUELA
Sat Apr 10 16:09:44 +0000 2021	trabajos esenciales trabajador familia come
Wed Apr 07 22:08:14 +0000 2021	PRIORIDADES PRESENCIALIDAD ESCUELAS NOBLEZA OBLIGA MULTIPROCESADA PIDIENDO GREMIOS PROVINCIA CIERREN CUIDAR ECONOMÍA DEJALO
Wed Apr 07 21:38:21 +0000 2021	nota estás Listo Alberto CONCHITA
Wed Apr 07 22:59:28 +0000 2021	decisiones presidente
Sat Apr 03 15:43:09 +0000 2021	hacele recordar pide distanciamiento cuarentena 2020 comía asado abrazaba
Mon Apr 05 17:54:48 +0000 2021	países chicos traen 2millones vacunas viaje manga chorrosss
Tue Apr 06 16:22:22 +0000 2021	Alberto engaño campaña mauricio estafa Uva Alberto culpa gobierno vuelve macri obligación hipotecados
Fri Apr 09 01:27:03 +0000 2021	vuelca bolsillos funcionarios bajan sueldo roban vacunas
Thu Apr 08 02:27:45 +0000 2021	Solicito humildemente audiencia aportar innova derecho año dije Pandemia CRÓNICA
Wed Apr 07 23:52:31 +0000 2021	Gracias Alberto cuidarnos ✌ ️ 💗 🇦 🇷
Wed Apr 07 21:47:28 +0000 2021	Alberto querido pueblo 👍 🏼
Thu Apr 08 01:12:43 +0000 2021	vos Alberto Gracias cuidarnos
Wed Apr 07 21:47:22 +0000 2021	Gracias Alberto seguí cuidándote
Wed Apr 07 23:04:20 +0000 2021	Alberto chupame tronco verga
Wed Apr 07 22:13:53 +0000 2021	oportunidad perdida gobernar postura cerrar presencialidad hara fracasar causa aumentos casos siguen Larreta Trotta charla farsesca navegando mundo fantasia
Thu Apr 08 17:41:23 +0000 2021	celebran miseria ritmo demorar años vacunar 44millones
Fri Apr 02 11:12:59 +0000 2021	población inmunizada ÚNICO Vendehumo
Sun Apr 04 13:15:24 +0000 2021	Gracias Dios falta dosis personal salud
Tue Apr 06 12:07:47 +0000 2021	alguien hora plan social
Fri Apr 09 13:55:16 +0000 2021	Gracias Gobierno Nacional mañana turno vacunarme Feliz agradecida
Wed Apr 07 23:26:24 +0000 2021	nacional popular tenes auto podes circular tenes quedate casa pobre
Tue Mar 30 23:05:44 +0000 2021	vacunas llegaron robar tirar
Thu Apr 01 20:43:36 +0000 2021	Ojalá dejen pasar extranjeros quiero visitar único amigo año pandemia aguantar diciembre boleto avión demas pasar
Thu Apr 01 01:24:36 +0000 2021	atrás piensan gente pelotuda Hdp
Sun Apr 04 16:15:28 +0000 2021	Viva Perón Evita NESTOR Cristina Fuerza Alberto ✌ 🏻
Wed Apr 07 21:54:22 +0000 2021	Alberto hijo hisopar ort0
Wed Apr 07 23:06:09 +0000 2021	Alberto 23 00
Fri Apr 09 23:29:41 +0000 2021	vacunaron feliz gracias Cristina gracias Alberto
Wed Apr 07 13:49:28 +0000 2021	VACUNARON PARTIDARIOS CHANTAS ROBARON VACUNAS CARADURAS
Wed Apr 07 21:43:59 +0000 2021	Fundan país
Tue Apr 06 20:28:47 +0000 2021	explica Cámara lores caballero porqué quiebra países cometen delito quebrar dirigentes excelente inglés subtítulos Felipe 😃
Wed Apr 07 22:29:05 +0000 2021	DARNOS CUENTAS METEN TOQUÉ QUEDA GOBIERNO MIERDA 🤬 🤬 🤬 🤬 🤬 🤬 🤬 🤬 🤬 🤬
Thu Apr 08 23:30:39 +0000 2021	Frente aumento sostenido acelerado casos gobierno decidió tomar medidas prevención cuidado buscan evitar circulación personas frenar transmisión virus
Thu Apr 08 11:28:53 +0000 2021	Presidente vote Ud enfermera venía venir febrero epidemiologa observó favor tome medidas profundas evitar contagios muertes mandato 2020 Ud siga camino
Wed Mar 31 16:00:10 +0000 2021	dinero dilapidan tremendo engaño vergüenza Personalmente turno mes recibo vacuna
Thu Apr 01 00:17:20 +0000 2021	WTF bloqueada ladrones vacunas Solucionado
Thu Apr 08 23:44:58 +0000 2021	Leeeeeeeento proceso 🐢 🐢 🐢 🐢
Wed Apr 07 22:01:09 +0000 2021	Fuerza Alberto Ignora vida recupera
Fri Apr 09 00:23:27 +0000 2021	Necesito comunicarme 120 atendieron 🙏 🏻 🙏 🏻 🙏 🏻
Tue Mar 30 23:38:12 +0000 2021	locura decimo vuelo gastar dinero pueblo demustran orgullosamente desastre inutiles
Wed Apr 07 13:21:36 +0000 2021	EQUITATIVA VIP gente constantes mentiras
Sat Apr 03 13:22:31 +0000 2021	Haz digo
Wed Mar 31 22:00:21 +0000 2021	Equitativo llaman Proceso Vacunación VIP caraduras
Wed Apr 07 23:39:06 +0000 2021	Ay emoción asesinos violadores delincuentes presos soltaran
Sun Apr 04 23:53:51 +0000 2021	Alberto Fernández regaló vacuna agradecen
Tue Apr 06 22:39:17 +0000 2021	Alberto Fernández aislado años ✌ ️ ✌ ️ ✌ ️
Wed Apr 07 21:45:58 +0000 2021	Alberto déjenlo descansar pongan portavoces loco
Wed Apr 07 23:03:25 +0000 2021	gracias alberto pelotudos cagarnos vida
Thu Apr 01 20:59:55 +0000 2021	sucediendo inaceptable cargaron Constitución Nacional libertades derechos individuales colectivos excusa
Fri Apr 09 23:31:44 +0000 2021	57000 muertes siguen sumando VACUNATORIOS VIP kiosquito AA 60 millones vacunas mintieron imbeciles malas personas diría excelentísimo prescindente MISERABLES
Wed Apr 07 21:42:18 +0000 2021	Alberto hablas haciendote autoritario sos pedazo boludo
Wed Apr 07 21:37:20 +0000 2021	año Alberto Trotta prefieren salvar votos vidas
Sun Apr 04 20:15:40 +0000 2021	explicar dsps 50 aplicarme ambas dosis genere anticuerpos matarseee
Wed Apr 07 18:02:20 +0000 2021	Detenerlos urgente alos fiestas baile nadi respeta cagan gente vacaciones interior país ayudar vana gastarse plata país
Fri Apr 09 03:28:57 +0000 2021	👏 👏 👏 👏 vamos alberto cristinaaaa ✌ ✌ ✌ 💚 💚
Thu Apr 08 15:16:10 +0000 2021	Alberto elecciones
Thu Apr 01 23:21:30 +0000 2021	vacuna Sinopharm genera anticuerpos estudios presentados China estimaron dosis 12 semanas 84 dosis recomendable darse 28 Genios
Wed Apr 07 23:38:23 +0000 2021	Medidas wisky anunció tomarse galtieri gatero siglo xxi Declaren sitio pelotas
Wed Apr 07 23:18:32 +0000 2021	CERRAR ESCUELAS cese presencialidad escuelas disminuiría 10 millones cantidad personas circulando calles
Tue Apr 06 23:25:01 +0000 2021	vas clínica hagan hisopado Tenes síntomas personas positivas hablar
Wed Apr 07 22:34:42 +0000 2021	Prohibe circular GOLPE RE 💩 💩 CONSTITUCIÓN NACIONAL 🥚 🥚 DECLARE SITIO HER ALBoRTO
Mon Apr 05 00:52:29 +0000 2021	92 vacunar necesitamos 20 mm prometidas enero febrero movete argentina movete
Thu Apr 08 13:53:06 +0000 2021	olvidé 45 000 000 viajes faltan
Wed Apr 07 22:33:09 +0000 2021	morir gente hambre covid deciden cerrar seriedad
Sat Apr 03 13:20:37 +0000 2021	hubiesen avisado Alberto andaba barbijo saludando distancia
Thu Apr 08 21:31:42 +0000 2021	Coronavirus COVID 19 Anuncio presidente Alberto Fernández Olivos
Thu Apr 08 00:02:26 +0000 2021	pensé seperarian Rúa inútil Alberto
Fri Apr 09 15:31:16 +0000 2021	papa 80 años mes espera re programación turno vacunaron 21/02 presentó Ocúpense personas
Sat Apr 10 15:11:22 +0000 2021	sos gobierno récorda 57500 muertes VACUNATORIO VIP TESTEOS VACUNAS Abandonados personal sanitario adultos mayores ROBARON VACUNAS
Tue Mar 30 19:51:49 +0000 2021	entiendo leo Twitter PRESIDENTE envenena Argentinos critican vienen vacunas viajes PREGUNTÓ MUNDO RODILLAS COVID 19
Fri Apr 09 16:08:05 +0000 2021	Che explican orgullosos orgullo muriendo 55 000 personas negociados Rusia China Venezuela
Fri Apr 09 10:34:56 +0000 2021	Papel pintado vas supermercado changuito llega cuarta dinero alcance moneda vale
Tue Apr 06 16:20:36 +0000 2021	Feliz millones cuenten mama abuela vacunadas & lt
Wed Apr 07 13:04:44 +0000 2021	Gratuita voluntaria EQUITATIVA Alberto ponemos ⚽ ️ ⚽ ️
Wed Apr 07 00:34:12 +0000 2021	confiará mientra inútil lame culo Alberto asesina Cristina
Sun Apr 04 13:52:11 +0000 2021	Increible suerte línea bandera paises importantes prescindir
Sat Apr 03 13:21:05 +0000 2021	seguir cuidandonos personal salud entrada años diabetes mandan turnito vacunarme
Wed Mar 31 15:52:31 +0000 2021	papeloneros equidad pueblos enteros vacunados distritos personal salud vacunado
Fri Apr 02 23:32:07 +0000 2021	GOBIERNO NACIONAL CUIDA PUEBLO 💉 💉 💉 💉 💉 💉 💉 😷 ✌ ️ ✌ ️ ✌ ️ arsioni LTA
Thu Apr 01 15:04:54 +0000 2021	explico dinero viajar exterior tanta pobreza indiferencia ayudar importa 🙄 🤦 🏼‍ ♀ ️
Thu Apr 08 23:16:10 +0000 2021	aprobaron aborto indica vida interesa
Wed Apr 07 22:38:54 +0000 2021	hubiese víctima aborto argentina tuviese presidente
Wed Apr 07 21:50:26 +0000 2021	odiadores irresponsables irrespetuosos informense TN imaginan seria fatiga domador reposeras
Tue Apr 06 23:22:20 +0000 2021	abuelos mueren presidente unla prometio abril mayores vacunados esperar mes pasar seguir vacunando 10 personas
Wed Apr 07 00:21:59 +0000 2021	Alberto andate parió vos vicepresidente directamente manicomio
Thu Apr 08 00:33:03 +0000 2021	Bravo Fuerza Alberto Gracias Espero cumplan 😷 👏 👏 👏 👏 👏
Sun Apr 04 18:31:58 +0000 2021	cotiilon accion llega avion Dejen joder
Sun Apr 04 20:19:55 +0000 2021	falta 40 millones componentes plan vacunación eficiente
Wed Apr 07 22:46:41 +0000 2021	escuché ABSOLUTAMENTE cumpleaños Jessica Cirio concurrieron 100 personas Kiccilof familia hablar inmoralidad predica Sr PresindenTA
Wed Apr 07 22:55:03 +0000 2021	Basta cagar pueblo vi asiendo mierda economía pueblo
Wed Apr 07 20:38:07 +0000 2021	ven resultados Semana Santa Felicitaciones Lammens Alberto
Wed Apr 07 23:57:15 +0000 2021	Ejemplar decisión Alberto cortar actividades nocturnas privilegio afectando laburo pibe bosques Palermo
Wed Apr 07 23:25:27 +0000 2021	Mira estaría Macri Seguro estaría vacaciones Alberto enfermo
Fri Apr 02 01:59:16 +0000 2021	Gracias Dios Alberto inútil Mamerto estaríamos muertos
Thu Apr 01 23:12:51 +0000 2021	Noticia dejen vender humo hagan plan enfrentar crisis vivimos
Wed Apr 07 23:37:43 +0000 2021	Lástima llegaron semana presidente contagió vacunado plan completo
Thu Apr 01 18:47:19 +0000 2021	cumplen años asesinato femicidio motivó sanción capacitar temáticas personal memoria acá
Tue Apr 06 17:43:17 +0000 2021	novedad importante caso 47 millones ciudadanos habitantes hermoso país 47 000 000
Wed Apr 07 11:53:54 +0000 2021	Jajajaja inútiles centavo país
Thu Apr 08 15:33:41 +0000 2021	Alberto Mauricio presidentes vacunas verdaderas Putin 🇺 🇸 🇺 🇸 🇺 🇸 aprendamos Unidos Venezuela ☝ ️ 😎 si máquina produce quedar uds bocho 🇺 🇸 🇺 🇸 🇺 🇸
Wed Apr 07 11:42:32 +0000 2021	Alberto Fernández proteger confía invierte Argentina
Wed Apr 07 21:50:02 +0000 2021	Alberto cuidate importa digan gracias cuidarnos Solano Quilmes Fuerza presidente
Wed Apr 07 23:16:32 +0000 2021	ineptos quieren wncwrrar sejwnd jodernos vida ineptos
Wed Mar 31 04:58:30 +0000 2021	faltan vacunar kirchnerato cámpora llegan míseras vacunas PREPARAN BRAZO CORRUPTOS DEMAGOGOS ASESINOS PERSONAL SALUD ANCIANOS LACRAS
Thu Apr 08 23:18:20 +0000 2021	Jueza Servini taaaaan Vayan preguntarle
Wed Apr 07 21:48:21 +0000 2021	Alberto favor cierren escuelas circular gente enferma seguro eficiente virtual Escuchen gente comunidad educativa argentinos votamos
Wed Apr 07 22:47:38 +0000 2021	Alberto culpa robaron vacunas Rechazaron oferta 4 M vacunas Encerraron poblacion meses Exacto tomar palabra
Sat Apr 10 01:56:10 +0000 2021	invertría centavo país inviable
Thu Apr 08 02:32:28 +0000 2021	Habiliten delegaciones RENAPER interior recepcionar oficios inaudito esté centralizado CABA Seamos país federal
Thu Apr 08 13:19:49 +0000 2021	Chantas iban 10 000 000 diciembre vacuna China porquería máxime dosis
Wed Apr 07 22:53:59 +0000 2021	ladron vacunas CIENTOS MILES velorio MARADONA resulta laburar covid
Thu Apr 01 23:59:37 +0000 2021	Pan circo siga baile siga baila compás tamboril Alberto Cristina vacunados Vip
Sat Apr 03 07:48:22 +0000 2021	Greetings Can you send us the reply of Mr Alberto Fernández President of 🇦 🇷 Ms Cristina Fernández Kirchner Vice President and Mr Ginés González García Minister of Health of 🇦 🇷 to our very urgent letter
Wed Apr 07 21:49:50 +0000 2021	Alberto creer gobierna Larreta Axel pedía 22 vos pones 00 Decepción
Wed Apr 07 23:04:52 +0000 2021	parecen perfectas medidas tomo alberto gente cosa caga mundo gobierno criminal medidas puestas respetamos medidas terminar cuarentena devuelta queda
Wed Mar 31 15:59:50 +0000 2021	buenísimo Alberto Fernandez pueblo diciento gente extranjero vacacionar vienen contagiados traer pandemia entraron
Mon Apr 05 19:19:27 +0000 2021	Alberto rechazo vacunas donaria Joe Biden millones dosis contagios 50 000 muertos frenar
Tue Apr 06 22:30:02 +0000 2021	encontramos hablar boludeces necesito pagar 40 impuestos contratar personal forma meses ma hagan juicio
Thu Apr 01 07:59:47 +0000 2021	Dejen vender idiotez manipulando favor creímos rato desastre país quiero volver
Wed Apr 07 22:08:22 +0000 2021	medios operan cáncer país
Wed Mar 31 22:35:16 +0000 2021	controlan 14/03 micro santa Teresita lleno mentira dejan asiento desocupado sos familar
Wed Apr 07 21:45:48 +0000 2021	Alberto gente necesita planes Déjate joder votar seguro abrir
Wed Apr 07 21:41:48 +0000 2021	barbijo chota alberto cuidamos cumplieron protocolos adelantado
Sat Apr 10 15:02:06 +0000 2021	puto ministerio salud atienda telefonos positivo sintomas seguimiento siquiera
Wed Apr 07 21:36:35 +0000 2021	Dios cara quedando grande gobernar país
Mon Apr 05 16:59:06 +0000 2021	tome boludo 97 población país vacunar
Sat Apr 10 23:05:56 +0000 2021	57500 muertes VACUNATORIO VIP VACUNAS señor GOLLAN dando indicación nivel científico crucen dedos presidente imbecil profundo mala persona miserable
Tue Apr 06 12:03:55 +0000 2021	digan bla bla realidad indica robaron vacunas amigos personal salud agotado gente muere covid HAMBRE
Fri Apr 02 16:43:06 +0000 2021	Honra nutros ideales nación Dejando cómplice corrupción
Tue Apr 06 22:28:18 +0000 2021	Hijos remil Galperin culpa termino invirtiendo banda guita paises vienen chamuyo
Wed Apr 07 21:52:07 +0000 2021	restricciones existían velorio Maradona ley aborto privilegios cosa
Sun Apr 04 20:17:01 +0000 2021	dosis pondrá padres 70 años
Wed Mar 31 00:53:27 +0000 2021	contando chorearon vip Peronlandia país gente
Wed Apr 07 21:45:39 +0000 2021	pasar pandemia pie País ✌ 🏻 ✌ 🏻 ✌ 🏻 Albert
Tue Apr 06 22:31:12 +0000 2021	JAJAJAJAJA chistes dejense joder laburen país crezca
Fri Apr 02 06:51:17 +0000 2021	Avanza vacunacion ancho país 🇨 🇳 🇦 🇷
Mon Apr 05 15:34:15 +0000 2021	pone feliz ciudadanos podamos acceder vacuna destinarse cantidad partidas llegando país completando esquema dosis
Thu Apr 08 02:42:55 +0000 2021	fundir bares restaurantes
Wed Apr 07 21:49:37 +0000 2021	cierren definitivamente fronteras entrada país vienen afuera
Tue Apr 06 22:32:43 +0000 2021	Cinismo puro peronismo mafioso saqueador endeudador empobrecedor embrutecedor décadas haciéndole vida imposible confían invierten Argentina inversores mafiosos dispuestos cómplices peronismo saqueo país
Mon Apr 05 23:07:20 +0000 2021	millones argentinas argentinos pusieron brazo vacuna aplicada crece esperanza país 🇦 🇷 ⬆ ️
Thu Apr 01 10:37:27 +0000 2021	PRESIDENTE SIGA REGALANDO PAÍS TENDRA PAGAR COMISARIO PATTI ACA PAGA DÍOS palasi hlf com
Thu Apr 08 00:05:49 +0000 2021	alcanzo aumento pobreza 10 pérdida millones puestos país arrastrando mierda lograrán calles escucha VAYAN
Wed Mar 31 17:37:47 +0000 2021	Hola distribución provincia dosis recibe Nación
Mon Apr 05 10:34:42 +0000 2021	pasa Chivilcoy amigos mayores VACUNADO TURNOS
Tue Apr 06 23:12:54 +0000 2021	sindicatos extorsionan quieren invertir país contestar
Fri Apr 02 14:34:48 +0000 2021	LLEVAN 56 000 HDP siguen malvinizando pelorudez vacunas Abril deberían guardar silencio noche siniestra país 1973 1982 Respeten miembros FFAA caídos
Wed Apr 07 03:20:57 +0000 2021	CABA delito digo números coinciden mes
Tue Mar 30 20:54:12 +0000 2021	053 025 argentinas argentinos pusieron brazo recibir dosis campaña vacunación grande historia avanza país 🇦 🇷 ⬆ ️
Fri Apr 09 17:40:40 +0000 2021	problema bares 🤣 🤣 🤣 🤣
Sat Apr 10 21:26:05 +0000 2021	vacuna aplicada crece esperanza país vacunando cuidémonos 🇦 🇷 ⬆ ️
Thu Apr 01 14:01:56 +0000 2021	gobierno incapaz exámen Aeropuertos individuos apestosos evitar ingresen cepas valijas importadas Italia mísmo gobierno 24 Marzo 2020 Pte Fernández GENOCIDA BIOTERRORISTA enemigo Pueblo País
Sun Apr 04 20:14:41 +0000 2021	Llegaron 497 745 dosis componente vacuna Sputnik arribo semana Argentina recibió 015 745 vacunas distribuidas país 🇦 🇷 ⬆ ️
Wed Mar 31 16:09:23 +0000 2021	Fuaaaaaaaa vacunando meses acá único CIRCO Mila único CIRCO país 44 kirchnerismo pandemia salir
Wed Apr 07 23:01:41 +0000 2021	vengo acá loca sigo Twitter deje mandonear hundir país respeta cuidar cuida resto portamos falta gobierno paternal gracias
Fri Apr 02 07:04:59 +0000 2021	Vayan mentir Actúan psicópatas preparados capacitados manejando nación idea gestionar seguir curros hacerse volu culpar Macri importa PAÍS CIUDADANOS
Fri Apr 09 17:47:28 +0000 2021	Singapur quieren prójimo mirar desgarran vestiduras mesa hambre lloran ponen practica país conviene quedaría
Sat Apr 03 03:25:52 +0000 2021	llegaron 500 mil vacunas Sputnik 300 mil componente 200 mil componente escasez vacunas mundo llegada embarque permite ampliar campaña vacunación noticia país 🇦 🇷 ⬆ ️
