created_at	text
Sat Apr 03 00:44:16 +0000 2021	Viejo joto diste beca alv ctm votar PRI daba beca parejo quieres digan vivimos lodo pa den mms
Sun Apr 04 06:45:46 +0000 2021	Sr Presidente culpa gobiernos PRI PAN Cree damos pasa
Sun Apr 04 15:27:28 +0000 2021	reforma telecomunicaciones tiempos Lord Peña Nieto acabo duopolios telerisa apesteca abrió canales educativos culturales sentó bases hubiera internet gratuito espacios públicos biblioteca plazas
Thu Apr 08 12:56:32 +0000 2021	desplegado soldados Amnistía Internacional estrategia seguridad pública agentes calles gobiernos Enrique Peña Nieto Felipe Calderón advierte ONG
Thu Apr 01 23:20:53 +0000 2021	convierte archivo histórico administración 2012 2018 Presidente Administración 2018 2024 manejará Síganla mantenerse informados
Tue Apr 06 00:04:55 +0000 2021	Infraestructuch 😂 😂 😂 extraña Lord
Sat Apr 10 15:02:58 +0000 2021	atreves mencionar Ernesto Zedillo Carlos Salinas causantes desgracia mañanera mascotas supieran mascota cae teatro
Sat Apr 10 14:59:27 +0000 2021	atreves mencionar Ernesto Zedillo Carlos Salinas mañanera mascotas supieran mascota cae teatro
