created_at	text
Sun Mar 15 04:33:35 +0000 2020	World Need World PARLIAMENT Global Bank & amp Global CURRENCY Create PERFECT CAPITALISM World Trade Global CURRENCY PRICE
Thu Mar 19 19:24:43 +0000 2020	people Egypt require international intervention protect police state repression Egypt
Thu Mar 26 07:52:09 +0000 2020	international tribunal set fix level responsibility Chinese bio warfare Wuhan Chinese Virus colossal loss socio economic fall out
Wed Apr 01 02:23:18 +0000 2020	699 case successful Coronavirus
Fri Apr 17 03:42:42 +0000 2020	country survive want help support international like instruct public pay benefit emergency prevent medical collapse living expense pay
Fri Mar 13 06:34:12 +0000 2020	Thank Jesus Subject Important News Alibaba Cloud Global Free Virus Detection Complete Gene Comparison 60 Second
Tue Mar 31 16:10:31 +0000 2020	Thank Jesus Subject Report Successful Treatment Coronavirus
Wed Apr 22 06:53:57 +0000 2020	WORLD Need WORLD PARLIAMENT Global BANK & amp Global CURRENCY CLOSE
Tue Mar 17 01:36:39 +0000 2020	Thank Jesus Subject Cure Drug Video Believe Unbelieve God open river desert
Tue Mar 17 00:27:37 +0000 2020	World Need World PARLIAMENT Global Bank & amp Global CURRENCY
Wed Mar 11 23:27:22 +0000 2020	Thank Jesus Subject World Fast supercomputer COVID 19 drug treatment
Fri Mar 20 15:43:14 +0000 2020	German Bank ethics work revert informed Official India CHEAT customer evidence Unethical behavior
Mon Mar 16 23:15:46 +0000 2020	Thank Jesus Subject University Queensland Centre Clinical Research COVID 19 cure drug
Wed Apr 22 19:55:23 +0000 2020	appreciate 17th annual Global Love Day theme Celebrate Humanity Thank share vision love
Thu Mar 26 01:57:22 +0000 2020	Thank Jesus Subject Oxford COVID 19 Evidence Service COVID 19 trial register March 2020 — an analysis 382 study proof Chloroquine work
Fri Apr 03 20:47:04 +0000 2020	leader crisis hopefully come alive world international organisation stand United crime humanity
Wed Mar 11 03:59:30 +0000 2020	Thank Jesus Subject Wonderful Job Tiahe2 SuperComputer work excellent
Mon Mar 16 21:19:56 +0000 2020	Thank Jesus Subject Australian researcher claim exist drug cure COVID 19 patient test respond treatment
Tue Mar 03 04:48:49 +0000 2020	Thank Jesus Subject Face danger opportunity epidemic
Wed Apr 08 07:08:39 +0000 2020	RIDICULOUS COUNTRY USA JUDGING GOOD SUPERIOR MEMBERS INTERNATIONAL ORGANIZATION OMS ONU OTAN ETC WANT CONTROL FINANCIALLY ANONYMOUS SOCIETY DICTATE ORDER THREAT
Sat Apr 11 06:58:42 +0000 2020	Thank Jesus Subject Hope Seriously Coronavirus patient Good News Compassionate Use Remdesivir
Thu Mar 12 05:19:25 +0000 2020	ble Madam kind ventilation /afflition /support Strictly remove modi /bjp govt trade /IT / software /defence remove modi /bjp govt confirm
Thu Apr 09 21:29:50 +0000 2020	Thank Jesus Subject Interleukin IL important pathway induce inflammatory storm
Wed Mar 25 17:28:14 +0000 2020	ble Madam behalf CoronaVirus need ground reality international Biological Terror Attack identify safe crore people nation thank
Mon Mar 30 22:21:08 +0000 2020	Thank Jesus Subject COVID 19 Effective Drug Real Story Hydroxychloroquine
Wed Mar 25 08:34:04 +0000 2020	China drag International Court UNSC seat & amp VETO Power Economically Boycott China
Thu Mar 05 19:13:28 +0000 2020	Thank Jesus Subject 20 trillion Dow Jones 500 point 2009
Tue Mar 03 02:54:34 +0000 2020	Thank Jesus Subject Time Money SOS
Sun Apr 19 14:23:37 +0000 2020	Respect & amp Honorable Authority like request stop trade China way harm arm & amp ammunition
Sun Mar 22 23:14:15 +0000 2020	Thank Jesus Subject USA COVID 19 Clinical Trial
Fri Feb 21 23:26:36 +0000 2020	Thank Jesus Subject Good News fight COVID 2019
Thu Mar 05 01:21:24 +0000 2020	Thank Jesus Subject Good News Stem cell treatment good result
Mon Mar 30 18:13:14 +0000 2020	Thank Jesus Subject Food Drug Administration FDA approve use decade old anti malaria drug story
Thu Mar 12 20:19:36 +0000 2020	Thank Jesus Subject Saving live COVID 19 severe
Sun Feb 23 01:21:56 +0000 2020	Thank Jesus Subject Pakistan effective drug COVID 19
Sat Feb 22 20:03:11 +0000 2020	Thank Jesus Subject COVID 2019 Dawn Sichuan batch 90 000 chloroquine phosphate drug donate Hubei
Sun Mar 29 00:53:52 +0000 2020	Thank Jesus Subject Chloroquine drug treatment clinical trial Website write Chinese translate
Fri Mar 13 02:11:51 +0000 2020	Thank Jesus Subject Alibaba DAMO Academy AI System 26 hospital China helped diagnose 30 000 case
Wed Mar 11 02:12:08 +0000 2020	Thank Jesus Subject Chloroquine phosphate work COViD 19 Chloroquine phoshpate trail report Academician Zhong Nanshan
Tue Mar 17 20:14:35 +0000 2020	Thank Jesus Subject Oklahoma Medical Research Foundation testing Chloroquine drug
Wed Mar 25 08:37:11 +0000 2020	China drag International Court strip UNSC seat & amp VETO Power Economically Boycott China
Sat Apr 04 21:27:03 +0000 2020	Thank Jesus Subject good outcome 38 47 patient drug treat
Sat Apr 11 09:55:04 +0000 2020	advice think people perspective Japanese people support ｇgovernment financial support want spend government budget Japanese struggle life soon Help Japanese
Wed Mar 11 21:32:42 +0000 2020	hanks Jesus Subject IBM Summit find Covid 19 drug treatment
Thu Mar 12 02:48:13 +0000 2020	Thank Jesus Subject Italy treatment Coronavirus al Tocilizumab
Tue Mar 17 09:12:41 +0000 2020	Thank Jesus Subject Chloroquine Zinc Novel Coronavirus Disease Video show
Tue Mar 17 14:41:57 +0000 2020	Thank Jesus Subject French researcher post successful Covid 19 drug trial
Fri Mar 13 18:10:52 +0000 2020	anticancer drug invent soon debut world think person copy invention scammer claim invention
Thu Mar 19 08:42:26 +0000 2020	Thank Jesus Subject Official TCM Formula Successfully Treat COVID 19 Patient China Qing Fei Pai Du Tang Formula Composition
Wed Mar 18 02:14:05 +0000 2020	Thank Jesus Subject 75 patient cure day
Fri Mar 27 21:34:11 +0000 2020	Thank Jesus Subject China provide 100 000 box Lianhua Qingwen hard hit Italy
Wed Mar 04 22:30:04 +0000 2020	World Worsen Everyday People Responsible Began Creation Entirely New Stability Responsibility Right Morality Total
Sat Feb 22 23:08:09 +0000 2020	Thank Jesus Subject batch million tablet expect launch February 25
Sat Mar 28 02:20:13 +0000 2020	Thank Jesus Subject Lianhuaqingwen effective cheap drug COVID 19 costus 00 China Online Shopping Chinese shipping Shenzhen send Hong Kong International buying
Wed Mar 04 23:50:38 +0000 2020	Thank Jesus Subject Stem Cell COVID 19 stem cell
Sun Mar 15 10:08:49 +0000 2020	research lab pharma work 24by7 cure Covid19 real fast go totally control
Mon Apr 06 03:31:33 +0000 2020	Human create COVID 19 disgusting treatment animal wet market SARS & amp MERS create way & amp wet market operate world eader require shut good global health
Mon Apr 06 12:29:41 +0000 2020	Germany pay war debt pay pay Poland time German people didn pay debt time come correct
Thu Mar 26 07:33:22 +0000 2020	MONEY dead GOD mercy moment bank finance state pass market ECB like FED CHINESE bank JAPANESE bank ESM criminal
Sun Mar 15 01:59:49 +0000 2020	Thank Jesus Subject Money come LIFE come effective trust drug ARALEN CHLOROQUINE PHOSPHATE
Tue Apr 21 05:41:36 +0000 2020	think confinement change nature relation company bank account abroad Sincerely Fabrice BOUSSEL 92290 Châtenay Malabry FRANCE
Mon Mar 16 02:03:00 +0000 2020	Dear madam Merkel dauther husband live Rhyne Germany work week day buy sanitizer hygenic product thing help people access product worry Thank
Sun Apr 12 01:11:23 +0000 2020	SCARY MOMENT GERMAN BANK 27/7/2011 Greece credit rating downgrade Standard&amp Poor CCC CC 8/8/2011 Athens Stock Exchange general index fall 1000 point low level January 1997
Mon Mar 16 20:07:09 +0000 2020	heck Germany lock Economics seat Temporary damage economy vs permanent damage choose Auf wiedersehen
Mon Mar 16 11:34:26 +0000 2020	Create CARTEL CAPITALISM CARTEL MARKETS 1970s DESTROY Entire World Nation Government DEBT 50 Trillion USD
Fri Mar 20 18:23:30 +0000 2020	Max 000 people Mexico 🇲 🇽
Tue Apr 21 08:07:47 +0000 2020	innocent Syrian boy kill Syria say die report God complain God send coronavirus
Thu Mar 05 08:58:09 +0000 2020	LOW ATTACK CIVILIAN DOUBLE TAP AIR STRIKE / BOMBARDEMENT HELLO WORLD STOP RUSSIA / SYR REGIME
Tue Mar 31 22:09:13 +0000 2020	Mr Macron look & amp people work healthcare facility & amp rest world slow transmission
Mon Mar 23 10:14:03 +0000 2020	free Syrian wish heart quick complete recovery God protect dear Lady love
Fri Mar 27 10:04:50 +0000 2020	lunatic say thee enemy better prepare idiot action future
Wed Mar 25 08:56:34 +0000 2020	develop effective lung infection treatment effective Covid 19 & amp end fast Pills & amp vaccine needle haystack BETTER SYSTEM result little day risk
Mon Mar 16 12:04:17 +0000 2020	ENTIRE WORLD DISGUSTING TRUMP FAMILY Family Responsible REFUSE COVID19 TEST AMERICAN SICK DIE TRUMP GREED Kushner Owned Oscar test USA 🇺 🇸
Tue Mar 03 20:34:15 +0000 2020	SURE Learn day life ve waste day DAY PRESSURE try AWAKEN BODY SHEER FACT MAN Global Warming catastrophe inevitably IMPACT and/or love one
Mon Apr 06 20:28:45 +0000 2020	Thank Jesus Subject Seattle Chinese Family Physician self report story treat new crown patient story
Tue Mar 17 18:07:24 +0000 2020	comes save German bank finance Mes let arrive migrant Italy normal Italy need emergency mask border close
Thu Mar 12 09:59:13 +0000 2020	fair Angela spread Panic entire Germany Say 60 70 German population affect highly insensitive spread fear panic & amp Shock wave nation
Sun Mar 29 13:32:38 +0000 2020	refuse friend idea witness end catastrophe tragedy logic mind doesn work
Thu Mar 05 18:03:27 +0000 2020	politician world grasp PM Modi secret lovable&amp successful leader&amp politician selfless man interest money women&amp position enjoy wordly pleasure serve
Thu Mar 26 07:45:56 +0000 2020	Corona Virus World CHINA Remove Fm UN seat Ban China & amp Export World Pr Planned Wuhan infect Entire China Democracy China Hide virus info & amp Kills Dr want tell time action
Sun Mar 29 08:12:26 +0000 2020	denial economic support economic interest moment look like notorious gas chamber historical memory Hopefully remember Regard
Thu Mar 05 14:26:23 +0000 2020	Greece need problem Compile fling open door Europe thousand unchecked migrant monumental mistake destroy Europe stand help Greek
Sat Mar 28 05:07:34 +0000 2020	Pull Veto power UN Membership right China China threat humanity world lock suffer China Sleep Human right organisation
Sat Apr 18 16:07:45 +0000 2020	Dear Mrs Angela Merkel people world ask Doesn God Save World Leader Execute Strategy COVID 19 Pandemic Skip follow affirmation
Fri Apr 17 07:13:04 +0000 2020	bloody daft send kid school ban large gathering adult Kid don wash bloody hand touch face honestly dilute
Fri Mar 20 23:42:10 +0000 2020	Germany management Corona case despite have case fatality rate remarkably low share rest world
Tue Mar 17 00:44:59 +0000 2020	DGAF lust 3rd world disease spreader destroy policy demographic invasion cause rape entire continent savage
Tue Mar 24 13:49:58 +0000 2020	world G7 destroy destroy atomic bomb Hydrogen bomb missile atomic bomb China China accustom world
Fri Mar 27 23:40:25 +0000 2020	dead necessary help heart leader true Union Europe shit
Sun Apr 19 04:22:55 +0000 2020	Till today dang clue create bitcoin control bitcoin & amp market driver price valuation Vadakayil know
Tue Mar 17 11:34:34 +0000 2020	CLOSE CURRENCY & amp COMMODITIES & amp CAPITAL MARKETS 15 DAY Nations 193 Nation
Wed Mar 04 22:41:10 +0000 2020	Understand World Literally Worsen Everyday Highly Essential Macron EU Leader Immediately Begin Type Restructure Plan Transition Coronavirus Huge Trouble
Sat Apr 11 14:14:05 +0000 2020	Trump Chinese recovery town people lively Sightseeing spot China quickly recover overtake United States world supremacy United States give China good position world
Sat Mar 14 09:22:18 +0000 2020	duty world leader fight JIHAD / BIGOTED ISLAMISM unitedly & amp Time & amp Energy save fight big threat like Corona climate change poverty etc world good place live
Thu Apr 23 11:21:57 +0000 2020	Nation Government DEBT 50 Trillion USD BANKRUPT Government RULER
Tue Mar 24 19:11:17 +0000 2020	county suffer heavily Chinese Corona Virus consider adjust damage loss external business debt owe China teach China lesson
Fri Apr 10 02:19:17 +0000 2020	Thank Jesus Subject USA lead world term death count 16 691 468 566 infection Clinical trial small number unclear Wait 16 691 death aren COVID 19 Thank Jesus 11
Mon Mar 30 19:24:12 +0000 2020	Excellency deeply aggrieved CORONA scourge country critical juncture share research work utmost commercial importance help humanity ask doctor understand start save precious life
Sat Apr 11 13:46:00 +0000 2020	Mr Trump patent publish month patent technology attract worldwide attention celebrity month block forever Use corona medicine soon celebrity
Mon Mar 30 19:17:04 +0000 2020	Country world stop trade China forever China mongrel curse country mankind
Fri Apr 17 11:36:07 +0000 2020	WORLD SUFFER BAD RULERS Ms Member DECLARE WAR CARTEL CAPITALISM Create DECLARE WAR TERRORISM Create M
Sat Mar 21 00:35:43 +0000 2020	Dear leader world government look forward hear outcome letter white uprising Iranian people country Kind regard Agent white uprising
Wed Mar 04 14:55:56 +0000 2020	Open border Don sacrifice innocent child woman politics
Sat Mar 28 04:08:39 +0000 2020	country come impose sanction China ve right push world pandemic Chinese authority control WET MARKET didn inform early stage
Tue Mar 03 22:41:14 +0000 2020	hi Hello sir & amp madam world need stop fight & amp play pollitic game deadly Novel coronavirus slip world hand world
Fri Apr 03 01:40:40 +0000 2020	leader concerned electorate legislate recover Private commercial bank need shoulder share afford
Tue Apr 21 10:42:23 +0000 2020	respect English translation heart feel speech
Wed Apr 01 20:35:54 +0000 2020	remember debt forgive Italy remember dead germany
Sun Mar 22 23:37:10 +0000 2020	Song love look like disagree like Offshore banking tax worry plenty death lie 🐓 Maybe Tory Laura agree
Fri Apr 03 23:34:49 +0000 2020	Thank Jesus Subject fool Jesus milllion case
Fri Apr 03 17:29:44 +0000 2020	find expose
Mon Apr 06 20:41:02 +0000 2020	issue Coronavirus tge country suffer think Coronavirus cause happen Wuhan spread tge world prevent Hope free country awake
Wed Apr 22 22:07:09 +0000 2020	Hashim Thaçi want government criminal gang 90 PDK party millionaire organize crime corruption Thaçi wants steal 400000 voter vote criminal group help
Thu Mar 12 07:35:19 +0000 2020	lockdown France Germany Spain necessary measure mitigate impact COVID 19 week Italy
Tue Apr 21 10:27:49 +0000 2020	EARN BUY WORLD PERFECT CAPITALISM&amp PERFECT MARKET
Sat Mar 28 16:18:56 +0000 2020	action equal opposite reaction Covid19 action China world face pandemic reaction snatch Veto power China
Wed Mar 18 12:35:17 +0000 2020	Kiosk shop like hair Saloon essential life close government Germany take virus seriously big supermarket medical place remain open order avoid virus
Mon Apr 20 06:25:54 +0000 2020	History say every100 year pandemic come fail control Pl fallow mazic farmula safe yr countryman wish buy china cheat yr country
Sun Mar 15 12:41:52 +0000 2020	OK Trump seek exclusive right vaccine coronavirus develop German base company CureVac offer large sum money
Mon Apr 20 17:11:28 +0000 2020	covid 19 lab virus planet see virus like 55 people asympomatic carrier like human lab rat typhoid mary infect future Asymptomatic patient activate 5 g
Wed Mar 11 18:52:07 +0000 2020	pandemic declare charge UN seek find country genetically alter virus leader country try crime humanity Let brave position
Thu Mar 05 11:50:58 +0000 2020	Greek prime minister stand trial genocide Turkish Greek border refugee crime humanity 🙏 🙏
Thu Apr 09 19:08:01 +0000 2020	MEDE TROIKA POOR DISASTER INSOLIDARITY Portugal Spain Italy TRENCH WALL virus confinement stop ECONOMY policy allow death instead brave act People confine week
Sun Mar 15 20:38:53 +0000 2020	try buy second hi refuse use EU corona test people want buy future vaccine America selfish fool
Wed Mar 25 07:34:49 +0000 2020	free man citizen country Happy birthday homeland
Wed Mar 04 18:21:57 +0000 2020	Greek prime minister prosecute genocide humanity crime commite Turkey Greece border Greek army kill bare hand refugee gunfire die morning injure
Wed Mar 11 16:06:38 +0000 2020	late party shock therapy implement strong measure hope late good mathematician know leaved run wild
Tue Apr 07 19:33:22 +0000 2020	China Isolated world spread deadly Corona Virus world
Thu Mar 26 10:14:09 +0000 2020	death rate result outstanding government / community interaction people will thing great good listen health care expert pick fucking phone ask Angela advice die
Tue Mar 24 07:31:36 +0000 2020	Dear Mrs Angela Merkel tell doctor twit yestarday read follow link understand value scientific information inform positive COVID 19
Thu Mar 12 16:49:03 +0000 2020	Mam salute form different way accept covid19 remarkable & amp show good state person like India
Mon Apr 20 11:47:58 +0000 2020	Pity didn look people like great German nation UK PM behave like fool end Intensive care plateau hasn clue open people intern
Sun Mar 29 01:45:16 +0000 2020	Gesundheit grace Shalom Ashrey Tesha Shmoneh [ Some bond welcome Yours ]
Mon Apr 06 20:09:06 +0000 2020	Dear Madam Chancellor Congratulation Recognize Forbes Powerful Person World
Sat Mar 21 05:58:01 +0000 2020	Thank Jesus Subject Trust build LIFE ABC News Australian Broadcasting Corporation reprote recover patient alive road ABC News report
Wed Apr 22 07:08:50 +0000 2020	STOP DESTROY WORLD BEGIN toBUILD BEAUTIFUL WORLD
Wed Mar 11 16:43:51 +0000 2020	Closing business deal way confront radical islamist blackmail end civilization flood union illegal immigrant terrorist require hard measure eliminate threat minimize effect
Tue Mar 31 11:24:59 +0000 2020	homeopathic doctor Kolkata India doctor allow treat Covid19 patient ready help Germany help mankind crisis kindly let know
Tue Mar 31 11:12:06 +0000 2020	homoeopathic doctor Kolkata India doctor allow treat Covid19 patient ready help Germany crisis help mankind crisis kindly let know
Tue Mar 03 05:21:05 +0000 2020	appeal world leader isolate china China destroy world MNCs Stop depend China
Sat Apr 18 06:55:26 +0000 2020	Let CHINA President SORRY WORLD
Tue Mar 17 01:04:09 +0000 2020	Thank Jesus Subject Positive Trust information COVID 19 team Australian researcher ve find cure novel coronavirus hope patient enroll nationwide trial end month
Sun Apr 12 15:25:03 +0000 2020	SCARY MOMENT GERMAN BANK GREEK REFERENDUM SAVE DAY
Fri Apr 03 04:33:29 +0000 2020	internet Germany extremely overpriced people plan child complete school
Wed Mar 25 09:08:12 +0000 2020	initiate punitive damage economic blockage Chinese impose ruthless effective permanent sanction throw yellow virus outta UNSC & amp dismantle WUHAN HEALTH ORG RASCALS
Fri Mar 20 07:25:25 +0000 2020	seriously Day German Reunification second World War country see challenge severely depend act solidarity
Wed Mar 04 12:41:26 +0000 2020	people want consider asylum capable willing hurt / sacrifice child capable EU Think future present
Thu Apr 23 05:50:25 +0000 2020	day italian government Police follow people like robber go church
Wed Mar 25 11:13:47 +0000 2020	irresponsible nation China hold responsible post Security Council World unite dual character China
Mon Apr 06 04:02:47 +0000 2020	LOVE WORLD SEVEN Billion Human Being BORN EARTH Like LOVE DAUGHTER & amp SON USE Practice RIGHTEOUSNESS
Fri Mar 20 19:26:47 +0000 2020	Germany confiscate facemask destine Belgium Netherlands 1943
Tue Mar 17 06:47:14 +0000 2020	Wuhan CoronaVirus let China Govt state
Mon Mar 23 18:15:32 +0000 2020	entire world strong action CHINA damage include remove permanent membership security council
Sun Feb 23 08:36:16 +0000 2020	world watch Investigate inherit million
Mon Mar 23 04:35:16 +0000 2020	look forward World Leader like Ji
Thu Mar 26 14:34:17 +0000 2020	World united terrorist CHINA hard action biological weapon UN think china UN
Sat Mar 21 15:58:02 +0000 2020	look like china screw world royally
Thu Mar 26 07:38:21 +0000 2020	speculate DEATH BOUND ESM speculation account GOD day come GOD case mercy Photo dead bring crematorium
Wed Mar 11 02:28:11 +0000 2020	land Italy agreement support find difficult redistribute illegal immigrant pass
Tue Mar 31 08:42:58 +0000 2020	don simply Palestinian blood hand bathe 24/7 365 day year come quick expect Amen
Tue Mar 31 22:11:33 +0000 2020	follow non official data come China
Sat Mar 21 11:53:30 +0000 2020	world community action Chinese Communist Party lie lie endanger live million worldwide
Mon Mar 16 12:44:42 +0000 2020	Shouldn China punishd recklessly probably intentionally attack deadly virus CONSPIRACY Chemical attack world
Tue Mar 17 07:04:45 +0000 2020	Ishii remedy novel coronavirus invent vaccine vaccine live peace mind economy remedy disinfectant Let disinfect
Tue Mar 03 10:51:21 +0000 2020	ble Madam kind ventilation /affilition /support /IT / Defence /Other service close /ban modi /bjp govt confirn ourside thank
Sun Mar 22 20:17:30 +0000 2020	Dear Angela Merkel wish quaratine important politician world needyou pandemic
Thu Mar 26 10:31:45 +0000 2020	Poor Protocol Covid 19
Sat Apr 11 05:28:52 +0000 2020	chinese virus destroy world china time punish china need kick Chinese country stop import China trustable
Wed Apr 01 08:39:36 +0000 2020	China dangerous world
Fri Apr 03 11:56:36 +0000 2020	COMPROMISE DON CREATE EUROBOND REFERENDUM PRO ITALEXIT 2020 EUROPE
Fri Apr 17 10:22:54 +0000 2020	aware Brasil Fascist like virus crisis go Maybe Covid19 Nuremberg Trial necessary
Tue Mar 24 07:23:00 +0000 2020	Turkey Muslim prayer Hagia Sophia Stop late
Mon Mar 23 10:46:24 +0000 2020	WOMAN DEATH
Mon Apr 06 11:21:10 +0000 2020	WORLD SUFFER CARTEL CAPITALISM Create TERRORISM & amp COLDWAR Create PMs
Wed Mar 25 13:25:01 +0000 2020	help sign petition need ban China eat animal
Sat Mar 14 12:47:49 +0000 2020	play people live sake economy difference dictatorship China Iran
Thu Mar 19 05:16:11 +0000 2020	Merkel say crisis World War II Use vaccine Don afraid Hitoshi Ishii Japan
Tue Mar 03 09:50:26 +0000 2020	IMPOSE FLY ZONE&amp MILLIONS CIVILIAN LAND&amp DIGNITY HUMANITY YR RESPONSABILITY REFUGEE PROBLEM SOLVE ACT&amp DARE STOP RUSSIAN / ASSAD / IRAN AGGRESSION
Fri Apr 17 19:30:21 +0000 2020	warn Sign democracy collusion china despite behavior immediate warning sign democracy world
Fri Apr 03 09:32:31 +0000 2020	Dear Prime Minister silence embarrassing leader prove history
Sat Feb 22 15:13:30 +0000 2020	Exploitation Employee Outrageous OfPower&amp Stinking CowardiceActby CEO DirectorHRManagerRiskManagerEthic&amp legalTeam likeMAFIA FundamentalRightToWork CompromisedWithMultiple threat ITCompanyUSA BodyShopping inIndia Influence Manipulate LAW WhatToDo UrView
Thu Mar 26 04:47:07 +0000 2020	Pass resolution China responsibility spread Corona Virus on / against Humanity World impose Sanctions Compensation 10 trillion dollar Biological Bomb
Sun Mar 22 18:28:41 +0000 2020	RESPECTED LADY ANGELA MERKEL GO SELF quarantine FEEL SAD RESPECTED WOMAN WORLD GOD GERMANY CHANCELLOR
Wed Apr 01 21:59:22 +0000 2020	advise concentrate total victory coronavirus let aside politics timeout repeatedly ask GOD & amp ANGEL SAVE WORLD generation
Sat Mar 21 06:19:38 +0000 2020	READ SHARE IMPORTANT hook multiple people ventilator link
Wed Mar 11 12:31:40 +0000 2020	Fascist movement awaken Europe Violence persecution immigrant foreigner GERMANY GREECE FRANCE EUROPE
Wed Mar 04 10:07:10 +0000 2020	don join force defeat economic crisis legalize human right fight crime control security money
Mon Apr 06 00:23:44 +0000 2020	dear admire Lady girlfriend foreign origin serve Greater Germany doctor volunteer Covid19 patient area think deserve company case valid order cross border Thank
Wed Mar 04 11:32:16 +0000 2020	Greek prime minister stand trial genocide Turkish Greek border refugee crime humanity
Wed Mar 11 18:45:52 +0000 2020	ble Madam kind business /ventilations modi /bjp bjp govt remove modi /bjp confirm Thank
Thu Mar 12 01:03:33 +0000 2020	Don challenge create awareness
Wed Mar 04 12:47:44 +0000 2020	mask publicly bomb difuse fund Erdogan fund deportation migrant enter EU soil dictator weapon
Sat Mar 28 00:26:06 +0000 2020	Dear Mrs Merkel know angry prime minister Giuseppe Conte charmant anymore know thousand people die Italy Spain France etc uncar inhuman b*tch shame mankind
Sat Mar 21 19:20:36 +0000 2020	spanish government don like close Madrid great coronavirus center Help Catalunya
Fri Mar 13 18:09:41 +0000 2020	DNA RNA hydrogen bond base alkaline add denature agent denature release hydrogen ion double helix DNA RNA separate single strand
Tue Apr 07 07:51:34 +0000 2020	person destroy Europe let national populism grow Europe Germany
Sat Mar 21 21:20:41 +0000 2020	Hello militar name Jan Stuttgard need help can´t buy online treat serve country
Sat Mar 14 04:31:01 +0000 2020	ble Madam find & amp note Modi /bjp govt minority / rural /Muslim people country decide kind Ventilation /afflitions /support Modi ^bjp govt remove confirn ourside thank
Tue Mar 03 23:02:03 +0000 2020	Agree Real Concern Coronavirus Reach Point Cause World Shut Won Able Control Exactly Point Crisis Point Return
Wed Apr 22 19:27:41 +0000 2020	like Europe need Marshall Plan EU need similar plan Germany & amp wealthy Northern EU member
Thu Apr 23 08:40:01 +0000 2020	smart lady propaganda channel spend 50 time praise don think Come dense
Wed Apr 01 04:39:35 +0000 2020	Thank Jesus Subject Hydroxychloroquine therapy reduce recovery time
Wed Mar 11 14:02:40 +0000 2020	claim 60 70 percent Germany infect doesn shut Germany realize impact health service
Thu Mar 19 19:48:25 +0000 2020	Long time europe trust china
Tue Mar 31 10:42:43 +0000 2020	Madam French economy good business model Sincerely Fabrice BOUSSEL 92290 Châtenay Malabry France
Tue Mar 03 19:46:39 +0000 2020	CIVILIAN CHOOSEN REFUGEE&amp SEARCH SAFETY EUROPE ASHAMED LET DIE 1MILLION&amp MILL REFUGEE
Sun Mar 22 18:39:06 +0000 2020	Egypt wish good GOD bless 🙏 🙏 🙏
Tue Mar 31 07:09:32 +0000 2020	Dear Mrs Merkel didn hear single sound mouth condemn antiliberal anti democratic special power law Hungary let create fascist / nazi country Hungary risk grow eastern country Wait
Fri Mar 13 18:09:04 +0000 2020	New coronavirus treatment suggestion basic structure virus particle compose nucleic acid center particle protein shell call capsid surround nucleic acid Nucleic acid DNA RNA
Sun Feb 23 21:33:09 +0000 2020	Thank Jesus Subject Today China COVID 19
Mon Mar 16 04:46:05 +0000 2020	risk coronavirus Brazilian patriot street Brazilian state support President Bolsonaro corruption National Congress Supreme Court
Tue Mar 17 17:25:02 +0000 2020	ble Madam kind Ventilation /support Modi /bjp govt remove confirm ourside thank
Fri Apr 17 06:47:43 +0000 2020	Fortunately continue eliminate inherit Real Risk recommend perseverance invite forward follow link doctor
Fri Apr 03 11:05:40 +0000 2020	TELL HATE ITALY
Thu Mar 05 10:50:05 +0000 2020	Greek border Security
Wed Mar 11 11:55:17 +0000 2020	continue fund Turkish Coast Guard recently 32mil euro ram Greek Coast Guard vessel 05 45 Today
Fri Apr 10 14:58:43 +0000 2020	Tag transmission delivery food COVID 19 new coronavirus multiply food Like virus need [ live ] host cell multiply FACT DOESN MULTIPLY SURVIVE LONG CONTAMINATE
Wed Mar 11 17:06:03 +0000 2020	Turkish 16 fly Greece today Evros
Tue Mar 03 15:45:18 +0000 2020	Solution immigrant Syria save CE Turkey Russia vast land cultivate form city offer Putin
Mon Feb 24 06:34:38 +0000 2020	ble Madam aĺl kind business /IT / software /IT / defence /Other kind ventilation remove Modi /bjp govt confirm ourside thank
Mon Apr 06 17:48:22 +0000 2020	happen tomorrow depend common European project strengthen self destructing depend aware gambling hope Europe Thank
Thu Mar 12 00:55:44 +0000 2020	Ms Merkel give ultimatum co operate Iran terrorist regime ISIS bad ISIS enter Europe destroy Germany ✔ ️Tell German Restart Army
Thu Mar 05 09:53:45 +0000 2020	WAR AGAINS TERROR TERROR WAR CIVILIAN EYES OPENING ACT SAFE LIVE & amp HUMANITY
Thu Mar 05 09:55:14 +0000 2020	WAR TERROR TERROR WAR CIVILIAN EYES OPENING ACT SAFE LIVE & amp HUMANITY
Wed Mar 04 10:32:22 +0000 2020	Greek prime minister strive genocide refugee
Sun Mar 29 06:49:48 +0000 2020	cope fact WWIII Germany Holland hold reaponsible time history Germany kill Europe Good bye good luck
Sat Mar 21 02:47:25 +0000 2020	Thank Jesus Subject Trust exhchange LIFE chloroquine hydroxychloroquine Report China anti virus drug testing experiment prove drug effective trust treatment COVID 19
Thu Mar 12 06:25:18 +0000 2020	day EU stop 15 day agree government company way stop opportunity start begin
Thu Apr 02 09:59:31 +0000 2020	ble Madam pray Lord Jesus healthy soon hope shortly recover Kind Disaster negative energy think positive gd / bad condition wisher
Fri Mar 27 07:38:53 +0000 2020	way think Europe way capitalist economy way think people relationship Europe shame vision Europe new Nazifascism Shame
Fri Apr 10 23:19:49 +0000 2020	Thank Jesus Subject China Phase Coronavirus Vaccine Trial China month determine vaccine effective safe
Sat Feb 22 06:35:01 +0000 2020	ble Madam kind ventilation /afflitions remove Modi /bjp govt kind affliation like IT / software /defence /Other service remove modi / bjp govt confirm ourside thank
Sat Apr 18 08:24:15 +0000 2020	
Thu Mar 19 19:30:55 +0000 2020	Boris Johnston say Covid19 12 week community determine collective action human save skin Health Threat RETURN CLIMATE CHANGE COLLECTIVE INACTION Covid19 past
Fri Mar 13 02:12:48 +0000 2020	ble Madam find note modi / bjp govt anti human crime innocent minority /rural /Muslim people thank
Mon Mar 02 22:00:34 +0000 2020	unbelievable Germany agree refugee issue slaughter dictator Erdogan alliance member country union Greece practice dismantle European Union ask EU invade
Mon Apr 20 14:02:58 +0000 2020	like know Germany specific strategy elderly carehome
Thu Mar 05 07:48:07 +0000 2020	MASSACRE CREATORS TERROR RU / SYR REGIME & amp FORCED DISPL MENT DELIBERATELY TARGET CIVILIAN = GENOCIDE SUPPORT TURKEY 2SAFE Humanity&amp EU VALUE
Sun Apr 12 10:50:53 +0000 2020	interest interim position Prime Minister UK option permanent
Wed Mar 25 01:35:50 +0000 2020	follow path South Korea tackle COVID19 corona virus
Thu Mar 05 05:25:08 +0000 2020	ble Madam year find Modi /bjp govt completely anti human day day crime innocent Indian decide kind ventilation /afflitions remove Modi /bjp govt confine ourside
Sat Apr 04 08:48:17 +0000 2020	hello help find reliable test UK test reliable advise spec supplier sorry leave EU thing
Mon Mar 23 11:41:06 +0000 2020	pray Angela hope recover soon 😃
Sun Mar 15 12:57:31 +0000 2020	Nice EU awhen Italy suffer Chinese medical equipment support EU closing border lot heartbreaking speech Word don help people die Fact people remember
Wed Mar 04 16:56:08 +0000 2020	ble Madam year find Modi & amp BJP govt day day crime innocent Indian CAA / Other Un nesseray Act / Bill decide kind ventilation /afflitions /support Modi /bjp govt remove thank
Fri Mar 13 02:08:01 +0000 2020	ble Madam hope & amp pray Lord Jesus Corona affect natural disaster control hope management team /Doctors control shortly wisher
Sun Mar 22 18:36:38 +0000 2020	PEACE COURAGE LIGHT PATH FINE ❤ ❤ ❤ ❤ ❤ ❤ ❤ ❤ ❤
Thu Mar 12 10:43:08 +0000 2020	label fact EU refuse pay EU childish nog plain evil demonic tax little man pay evil woman
Sun Mar 29 13:36:24 +0000 2020	friend dictate think prooved point month laugh unsuccessful plan nd stupidity think right need stupid mind tragic idea useless mouth
Sat Feb 22 22:14:41 +0000 2020	Thousand protester Queen Park support Wet suwet en solidarity movemnt
Wed Apr 08 09:33:16 +0000 2020	Merkel rope don approve Italian proposal fact brand forever politician purely nationalist egoist bring Europe
Sun Mar 29 15:01:08 +0000 2020	dear chanceler inhame anti inflamatorio cortizona way canela anti virus substance stop virus
Fri Mar 27 12:16:14 +0000 2020	apply country
Sun Mar 22 21:33:59 +0000 2020	Wish self quarantine great respect leadership don currently kind decision leadership
Sun Mar 22 22:35:29 +0000 2020	🔴 ☣ ⛑ ☠ Ms Merkel remember Ultimatum give leader choose mock enjoy ur foolish decision Ms Merkel WELCOME WELCOME
Tue Apr 07 21:38:48 +0000 2020	Thank Jesus Subject Coronavirus cure drug
Wed Mar 04 05:51:43 +0000 2020	come dinner anytime
Sat Mar 28 15:09:18 +0000 2020	Sir Sorry powerful leader fail understand dangerous plan China create virus face consequence dangerous China
Thu Apr 09 10:02:23 +0000 2020	Ahead UN security meeting demand strong action China
Mon Apr 06 04:57:31 +0000 2020	aren allow ride horse motorcycle gang fill road yesterday guy meet chat set return risk breakdown expose road assist staff Plenty people jog / cycling past way close
Fri Apr 03 21:42:46 +0000 2020	Audi Palo Alto fine put order seven SQ8 model paint whatsoever internet capability cell phone capability Bluetooth fine
Mon Mar 23 20:24:04 +0000 2020	European border
Sun Apr 05 04:40:21 +0000 2020	ble Madam hope & amp pray Maa Durga ji / Suprem power healthy people German /Europe Lord Jesus motivation fight Corona disaster negative energy eeveryone healthy wisher
Wed Apr 08 06:42:00 +0000 2020	Let beg mercy sin tell God say die kid
Fri Apr 03 17:00:09 +0000 2020	Korean mobile app make COVID 19 resource accessible
Wed Mar 25 17:50:02 +0000 2020	Sir / Madam rid pigeon city excreta contain lung inflammatory fungus & amp spore aggravate Covid 19 & amp result casualty
Wed Mar 11 21:40:03 +0000 2020	order drive testing people test efficiently enter health care facility look like unintelligent idiot sadly Pass
Sun Mar 15 09:35:50 +0000 2020	Look save skin & amp Economy Covid19 Shut country business shop restaurant theatre & amp stay home let wait save planet ecology melt Pole & amp animal species time
Mon Apr 06 11:21:53 +0000 2020	Angela translate video feel ashamed medium Spain especially etc apologize Spanish people government
Sat Feb 22 21:48:50 +0000 2020	Thousand Muslim March Chennai Citizenship Law NDTV
Tue Apr 21 10:05:42 +0000 2020	demonstrate shameful unfair EU dead
Fri Mar 27 12:16:33 +0000 2020	LOGICAL REASONING RUSSIA POSE THREAT WANT ENEMY GERMANY EUROPEAN UNION COUNTRY ACCEPT MILITARY BASE NUCLEAR WEAPON USA THREATEN RUSSIA UNNECESSARILY
Tue Apr 07 11:16:30 +0000 2020	common man planet argue strict action china & amp like people suffer bio weapon
Sat Feb 22 14:05:58 +0000 2020	PM Merkel responsible 10 kill NAZI Bustard Tobias Rathjen & amp AfD Far Right damn supporter & amp shall repeat
Sun Mar 29 16:05:26 +0000 2020	Respected madam aayurveda alum water treat Viral sore throat problem believe help fight corona virus Best regard Abhinay
Sun Mar 22 23:00:18 +0000 2020	make look good easy
Tue Mar 17 18:26:07 +0000 2020	Spanish government seize medical supply country take Madrid Catalonia hospital protective mask Help
Sun Mar 22 15:15:18 +0000 2020	finally democracy France time Egypt want elect president decide Egyptian democratic country
Thu Mar 26 20:20:47 +0000 2020	hold responsible death EU forthcoming return fascism europe country kit exent
Thu Mar 26 23:29:22 +0000 2020	BIGGEST NAZI TIMES friend Orban jail Greece Italy Euro EU IMMEDIATELY
Wed Mar 04 09:42:18 +0000 2020	help Syrian refugee Greece poor shameless know good heart ♥ ️
Sun Mar 29 11:49:13 +0000 2020	selfish idiot Italy fall EU fall Ecco come Europa cancellò il debito della Germania
Sun Mar 15 08:48:37 +0000 2020	Hi Oz Hi Germany accord Matt Hancock claim follow herd immunity approach country confirm murder 440 000 English
Thu Mar 19 17:58:43 +0000 2020	fucking Covid19 enter Italy German man happen fault country entire Europe situation talk Italy think citizen
Thu Mar 12 22:20:28 +0000 2020	Let united europe happen don let walk
Sun Mar 15 13:31:25 +0000 2020	Shame don let happen
Mon Mar 30 08:50:51 +0000 2020	Hitoshi Ishii Japan receive good reply General Kim Jong Un want reply
Sat Feb 22 15:26:08 +0000 2020	Oh dilemma face Billions £ s come UK destroy country surprise german people haven oust time look forward watch complete failure
Sat Apr 11 01:49:28 +0000 2020	Thank Jesus Subject BCG vaccine TB detrimental battle COVID 19 1000 healthcare worker clinical trial Good News BCG vaccine
Tue Apr 21 07:43:30 +0000 2020	request try vaccine Corona virus weasel animal weasel great protection power pl talk yr sciencetis vaccine animal
Sun Mar 15 13:41:05 +0000 2020	stay strong need vaccine hand government neo liberal pharmaceutic compagny hawk insane
Tue Mar 31 10:37:09 +0000 2020	homeopathic dr frm Kolkata India with15yrs exp dr allow treat Covid19 patient ready extend help crisis Germany dr help mankind crisis kindly let know
