created_at	text
Sun Apr 05 04:40:21 +0000 2020	ble Madam hope & amp pray Maa Durga ji / Suprem power healthy people German /Europe Lord Jesus motivation fight Corona disaster negative energy eeveryone healthy wisher
Sat Mar 14 14:20:03 +0000 2020	Health relate haven consider Covid19 weird virus Man Climate Change Stuff up irreversible melt glacier & amp Pole forest Peat fire extreme weather event rise Ocean
Thu Apr 02 09:59:31 +0000 2020	ble Madam pray Lord Jesus healthy soon hope shortly recover Kind Disaster negative energy think positive gd / bad condition wisher
Mon Apr 06 03:31:33 +0000 2020	Human create COVID 19 disgusting treatment animal wet market SARS & amp MERS create way & amp wet market operate world eader require shut good global health
Fri Apr 10 14:58:43 +0000 2020	Tag transmission delivery food COVID 19 new coronavirus multiply food Like virus need [ live ] host cell multiply FACT DOESN MULTIPLY SURVIVE LONG CONTAMINATE
Sat Mar 14 09:22:18 +0000 2020	duty world leader fight JIHAD / BIGOTED ISLAMISM unitedly & amp Time & amp Energy save fight big threat like Corona climate change poverty etc world good place live
Fri Mar 13 06:34:12 +0000 2020	Thank Jesus Subject Important News Alibaba Cloud Global Free Virus Detection Complete Gene Comparison 60 Second
Wed Mar 11 21:40:03 +0000 2020	order drive testing people test efficiently enter health care facility look like unintelligent idiot sadly Pass
Fri Feb 21 23:26:36 +0000 2020	Thank Jesus Subject Good News fight COVID 2019
Wed Apr 22 19:55:23 +0000 2020	appreciate 17th annual Global Love Day theme Celebrate Humanity Thank share vision love
Sun Mar 15 04:33:35 +0000 2020	World Need World PARLIAMENT Global Bank & amp Global CURRENCY Create PERFECT CAPITALISM World Trade Global CURRENCY PRICE
Thu Mar 19 19:30:55 +0000 2020	Boris Johnston say Covid19 12 week community determine collective action human save skin Health Threat RETURN CLIMATE CHANGE COLLECTIVE INACTION Covid19 past
Thu Mar 05 01:21:24 +0000 2020	Thank Jesus Subject Good News Stem cell treatment good result
Mon Mar 30 18:13:14 +0000 2020	Thank Jesus Subject Food Drug Administration FDA approve use decade old anti malaria drug story
Thu Mar 26 10:14:09 +0000 2020	death rate result outstanding government / community interaction people will thing great good listen health care expert pick fucking phone ask Angela advice die
Tue Mar 17 00:27:37 +0000 2020	World Need World PARLIAMENT Global Bank & amp Global CURRENCY
Wed Apr 22 06:53:57 +0000 2020	WORLD Need WORLD PARLIAMENT Global BANK & amp Global CURRENCY CLOSE
Wed Mar 11 14:02:40 +0000 2020	claim 60 70 percent Germany infect doesn shut Germany realize impact health service
Tue Apr 07 14:14:01 +0000 2020	finally waste water test polio spread feces & amp water — infect people poop study refer BBC 88 radio washington DC
Fri Apr 03 23:34:49 +0000 2020	Thank Jesus Subject fool Jesus milllion case
Fri Mar 27 08:43:05 +0000 2020	don think boss Europe Chancellor Germany EU don know EU solidarity state like money health continue position pay dearly
Wed Mar 25 09:08:12 +0000 2020	initiate punitive damage economic blockage Chinese impose ruthless effective permanent sanction throw yellow virus outta UNSC & amp dismantle WUHAN HEALTH ORG RASCALS
Thu Mar 26 01:57:22 +0000 2020	Thank Jesus Subject Oxford COVID 19 Evidence Service COVID 19 trial register March 2020 — an analysis 382 study proof Chloroquine work
Sat Apr 04 21:27:03 +0000 2020	Thank Jesus Subject good outcome 38 47 patient drug treat
Sat Apr 11 06:58:42 +0000 2020	Thank Jesus Subject Hope Seriously Coronavirus patient Good News Compassionate Use Remdesivir
Wed Mar 04 10:07:10 +0000 2020	don join force defeat economic crisis legalize human right fight crime control security money
Tue Mar 03 20:34:15 +0000 2020	SURE Learn day life ve waste day DAY PRESSURE try AWAKEN BODY SHEER FACT MAN Global Warming catastrophe inevitably IMPACT and/or love one
Wed Mar 11 02:28:11 +0000 2020	land Italy agreement support find difficult redistribute illegal immigrant pass
Sun Mar 22 21:33:59 +0000 2020	Wish self quarantine great respect leadership don currently kind decision leadership
Mon Apr 20 17:11:28 +0000 2020	covid 19 lab virus planet see virus like 55 people asympomatic carrier like human lab rat typhoid mary infect future Asymptomatic patient activate 5 g
Mon Mar 16 23:16:08 +0000 2020	activate missile station poland czech security test missile boat europe
Tue Mar 10 19:14:00 +0000 2020	Thank Jesus Subject Stablecoin Cycle Direct Deposit
Tue Apr 21 21:06:51 +0000 2020	Help save dictator crazy Sisi slave try kill army dony protect face death hand didi follower criminal minister heath
Tue Mar 31 10:42:43 +0000 2020	Madam French economy good business model Sincerely Fabrice BOUSSEL 92290 Châtenay Malabry France
Wed Mar 25 11:13:47 +0000 2020	irresponsible nation China hold responsible post Security Council World unite dual character China
Thu Apr 09 10:02:23 +0000 2020	Ahead UN security meeting demand strong action China
Tue Mar 24 07:31:36 +0000 2020	Dear Mrs Angela Merkel tell doctor twit yestarday read follow link understand value scientific information inform positive COVID 19
Sat Mar 28 16:18:56 +0000 2020	action equal opposite reaction Covid19 action China world face pandemic reaction snatch Veto power China
Sun Mar 29 16:05:26 +0000 2020	Respected madam aayurveda alum water treat Viral sore throat problem believe help fight corona virus Best regard Abhinay
Sun Mar 15 20:38:53 +0000 2020	try buy second hi refuse use EU corona test people want buy future vaccine America selfish fool
Wed Mar 11 21:32:42 +0000 2020	hanks Jesus Subject IBM Summit find Covid 19 drug treatment
Thu Mar 19 13:39:43 +0000 2020	take television broadcast announce seriousness Covid 19 pandemic
Mon Apr 06 20:41:02 +0000 2020	issue Coronavirus tge country suffer think Coronavirus cause happen Wuhan spread tge world prevent Hope free country awake
Mon Mar 23 18:15:32 +0000 2020	entire world strong action CHINA damage include remove permanent membership security council
Tue Mar 17 01:04:09 +0000 2020	Thank Jesus Subject Positive Trust information COVID 19 team Australian researcher ve find cure novel coronavirus hope patient enroll nationwide trial end month
Mon Apr 20 11:47:58 +0000 2020	Pity didn look people like great German nation UK PM behave like fool end Intensive care plateau hasn clue open people intern
Mon Mar 02 22:00:34 +0000 2020	unbelievable Germany agree refugee issue slaughter dictator Erdogan alliance member country union Greece practice dismantle European Union ask EU invade
Sat Mar 14 12:47:49 +0000 2020	play people live sake economy difference dictatorship China Iran
Sun Mar 29 06:49:48 +0000 2020	cope fact WWIII Germany Holland hold reaponsible time history Germany kill Europe Good bye good luck
Sun Mar 22 23:00:18 +0000 2020	make look good easy
Wed Mar 04 22:30:04 +0000 2020	World Worsen Everyday People Responsible Began Creation Entirely New Stability Responsibility Right Morality Total
Tue Mar 03 10:51:21 +0000 2020	ble Madam kind ventilation /affilition /support /IT / Defence /Other service close /ban modi /bjp govt confirn ourside thank
Sat Apr 11 01:49:28 +0000 2020	Thank Jesus Subject BCG vaccine TB detrimental battle COVID 19 1000 healthcare worker clinical trial Good News BCG vaccine
Tue Apr 21 05:41:36 +0000 2020	think confinement change nature relation company bank account abroad Sincerely Fabrice BOUSSEL 92290 Châtenay Malabry FRANCE
Wed Apr 22 19:27:41 +0000 2020	like Europe need Marshall Plan EU need similar plan Germany & amp wealthy Northern EU member
Sun Mar 22 18:39:06 +0000 2020	Egypt wish good GOD bless 🙏 🙏 🙏
Wed Mar 11 23:27:22 +0000 2020	Thank Jesus Subject World Fast supercomputer COVID 19 drug treatment
Thu Mar 12 16:49:03 +0000 2020	Mam salute form different way accept covid19 remarkable & amp show good state person like India
Mon Mar 23 10:34:09 +0000 2020	Wish 💪 💪
Mon Mar 16 20:07:09 +0000 2020	heck Germany lock Economics seat Temporary damage economy vs permanent damage choose Auf wiedersehen
Thu Mar 05 10:50:05 +0000 2020	Greek border Security
Mon Mar 30 08:50:51 +0000 2020	Hitoshi Ishii Japan receive good reply General Kim Jong Un want reply
Sat Apr 11 14:14:05 +0000 2020	Trump Chinese recovery town people lively Sightseeing spot China quickly recover overtake United States world supremacy United States give China good position world
Sun Mar 29 08:12:26 +0000 2020	denial economic support economic interest moment look like notorious gas chamber historical memory Hopefully remember Regard
Fri Mar 27 07:38:53 +0000 2020	way think Europe way capitalist economy way think people relationship Europe shame vision Europe new Nazifascism Shame
Tue Mar 31 08:42:58 +0000 2020	don simply Palestinian blood hand bathe 24/7 365 day year come quick expect Amen
Sat Apr 11 09:55:04 +0000 2020	advice think people perspective Japanese people support ｇgovernment financial support want spend government budget Japanese struggle life soon Help Japanese
Wed Mar 04 09:42:18 +0000 2020	help Syrian refugee Greece poor shameless know good heart ♥ ️
Wed Mar 04 22:41:10 +0000 2020	Understand World Literally Worsen Everyday Highly Essential Macron EU Leader Immediately Begin Type Restructure Plan Transition Coronavirus Huge Trouble
Sat Mar 21 00:35:43 +0000 2020	Dear leader world government look forward hear outcome letter white uprising Iranian people country Kind regard Agent white uprising
Sat Apr 18 16:07:45 +0000 2020	Dear Mrs Angela Merkel people world ask Doesn God Save World Leader Execute Strategy COVID 19 Pandemic Skip follow affirmation
Tue Mar 17 18:07:24 +0000 2020	comes save German bank finance Mes let arrive migrant Italy normal Italy need emergency mask border close
Sun Feb 23 21:33:09 +0000 2020	Thank Jesus Subject Today China COVID 19
Thu Mar 05 07:48:07 +0000 2020	MASSACRE CREATORS TERROR RU / SYR REGIME & amp FORCED DISPL MENT DELIBERATELY TARGET CIVILIAN = GENOCIDE SUPPORT TURKEY 2SAFE Humanity&amp EU VALUE
Wed Apr 01 09:41:06 +0000 2020	Virus climate FAKE NEWS
Wed Mar 11 16:06:38 +0000 2020	late party shock therapy implement strong measure hope late good mathematician know leaved run wild
Mon Mar 16 02:03:00 +0000 2020	Dear madam Merkel dauther husband live Rhyne Germany work week day buy sanitizer hygenic product thing help people access product worry Thank
Thu Mar 26 07:45:56 +0000 2020	Corona Virus World CHINA Remove Fm UN seat Ban China & amp Export World Pr Planned Wuhan infect Entire China Democracy China Hide virus info & amp Kills Dr want tell time action
Sun Mar 15 13:41:05 +0000 2020	stay strong need vaccine hand government neo liberal pharmaceutic compagny hawk insane
Sat Mar 28 02:20:13 +0000 2020	Thank Jesus Subject Lianhuaqingwen effective cheap drug COVID 19 costus 00 China Online Shopping Chinese shipping Shenzhen send Hong Kong International buying
Fri Apr 10 02:19:17 +0000 2020	Thank Jesus Subject USA lead world term death count 16 691 468 566 infection Clinical trial small number unclear Wait 16 691 death aren COVID 19 Thank Jesus 11
Wed Mar 25 17:28:14 +0000 2020	ble Madam behalf CoronaVirus need ground reality international Biological Terror Attack identify safe crore people nation thank
Thu Mar 26 14:34:17 +0000 2020	World united terrorist CHINA hard action biological weapon UN think china UN
Mon Mar 30 22:21:08 +0000 2020	Thank Jesus Subject COVID 19 Effective Drug Real Story Hydroxychloroquine
Sun Feb 23 01:21:56 +0000 2020	Thank Jesus Subject Pakistan effective drug COVID 19
Tue Mar 17 14:41:57 +0000 2020	Thank Jesus Subject French researcher post successful Covid 19 drug trial
Wed Mar 11 02:12:08 +0000 2020	Thank Jesus Subject Chloroquine phosphate work COViD 19 Chloroquine phoshpate trail report Academician Zhong Nanshan
Sun Mar 22 23:14:15 +0000 2020	Thank Jesus Subject USA COVID 19 Clinical Trial
Mon Mar 16 21:19:56 +0000 2020	Thank Jesus Subject Australian researcher claim exist drug cure COVID 19 patient test respond treatment
Fri Mar 20 23:42:10 +0000 2020	Germany management Corona case despite have case fatality rate remarkably low share rest world
Mon Mar 16 23:15:46 +0000 2020	Thank Jesus Subject University Queensland Centre Clinical Research COVID 19 cure drug
Thu Mar 19 08:42:26 +0000 2020	Thank Jesus Subject Official TCM Formula Successfully Treat COVID 19 Patient China Qing Fei Pai Du Tang Formula Composition
Thu Mar 12 20:19:36 +0000 2020	Thank Jesus Subject Saving live COVID 19 severe
Tue Mar 03 10:29:25 +0000 2020	Hello Europe value humanity REAL&amp STRONG Leadership Europe Ist DU EUROPA C´est Où L´EUROPE
Fri Apr 03 04:33:29 +0000 2020	internet Germany extremely overpriced people plan child complete school
Wed Mar 25 13:10:36 +0000 2020	help sign petition need ban China eat animal
Fri Apr 03 17:00:09 +0000 2020	Korean mobile app make COVID 19 resource accessible
Thu Mar 05 08:58:09 +0000 2020	LOW ATTACK CIVILIAN DOUBLE TAP AIR STRIKE / BOMBARDEMENT HELLO WORLD STOP RUSSIA / SYR REGIME
Wed Mar 11 18:52:07 +0000 2020	pandemic declare charge UN seek find country genetically alter virus leader country try crime humanity Let brave position
Wed Mar 04 09:59:04 +0000 2020	March 2020 Refugee fire heavy artilary military assault weapon European refugee dead hour humankind planet URGENT HELP NEED
Thu Mar 26 07:33:22 +0000 2020	MONEY dead GOD mercy moment bank finance state pass market ECB like FED CHINESE bank JAPANESE bank ESM criminal
Tue Apr 07 11:16:30 +0000 2020	common man planet argue strict action china & amp like people suffer bio weapon
Fri Apr 17 19:30:21 +0000 2020	warn Sign democracy collusion china despite behavior immediate warning sign democracy world
Thu Mar 26 10:31:45 +0000 2020	Poor Protocol Covid 19
Sun Apr 12 01:11:23 +0000 2020	SCARY MOMENT GERMAN BANK 27/7/2011 Greece credit rating downgrade Standard&amp Poor CCC CC 8/8/2011 Athens Stock Exchange general index fall 1000 point low level January 1997
Thu Mar 19 19:24:43 +0000 2020	people Egypt require international intervention protect police state repression Egypt
Mon Apr 20 06:25:54 +0000 2020	History say every100 year pandemic come fail control Pl fallow mazic farmula safe yr countryman wish buy china cheat yr country
Thu Mar 12 10:43:08 +0000 2020	label fact EU refuse pay EU childish nog plain evil demonic tax little man pay evil woman
Fri Mar 13 02:08:01 +0000 2020	ble Madam hope & amp pray Lord Jesus Corona affect natural disaster control hope management team /Doctors control shortly wisher
Tue Mar 17 00:44:59 +0000 2020	DGAF lust 3rd world disease spreader destroy policy demographic invasion cause rape entire continent savage
Thu Mar 05 19:13:28 +0000 2020	Thank Jesus Subject 20 trillion Dow Jones 500 point 2009
Tue Apr 21 07:43:30 +0000 2020	request try vaccine Corona virus weasel animal weasel great protection power pl talk yr sciencetis vaccine animal
Tue Apr 21 10:42:23 +0000 2020	respect English translation heart feel speech
Mon Mar 16 09:59:23 +0000 2020	aren involve COVID 19 pharyngeal swab useless thymus work thank Reconstruct Mitochondrial Quantum Therapy Contact avoid poorly sensitive pharyngeal swab COVID
Mon Mar 16 12:04:17 +0000 2020	ENTIRE WORLD DISGUSTING TRUMP FAMILY Family Responsible REFUSE COVID19 TEST AMERICAN SICK DIE TRUMP GREED Kushner Owned Oscar test USA 🇺 🇸
Sun Mar 15 09:35:50 +0000 2020	Look save skin & amp Economy Covid19 Shut country business shop restaurant theatre & amp stay home let wait save planet ecology melt Pole & amp animal species time
Wed Mar 04 23:50:38 +0000 2020	Thank Jesus Subject Stem Cell COVID 19 stem cell
Sun Mar 29 13:32:38 +0000 2020	refuse friend idea witness end catastrophe tragedy logic mind doesn work
Fri Mar 20 15:43:14 +0000 2020	German Bank ethics work revert informed Official India CHEAT customer evidence Unethical behavior
Thu Mar 12 01:03:33 +0000 2020	Don challenge create awareness
Thu Apr 09 19:08:01 +0000 2020	MEDE TROIKA POOR DISASTER INSOLIDARITY Portugal Spain Italy TRENCH WALL virus confinement stop ECONOMY policy allow death instead brave act People confine week
Fri Mar 13 19:30:09 +0000 2020	understand need Benidorn crowd Madrid citizen today
Wed Mar 11 03:59:30 +0000 2020	Thank Jesus Subject Wonderful Job Tiahe2 SuperComputer work excellent
Sat Mar 28 04:08:39 +0000 2020	country come impose sanction China ve right push world pandemic Chinese authority control WET MARKET didn inform early stage
Fri Mar 27 10:04:50 +0000 2020	lunatic say thee enemy better prepare idiot action future
Thu Mar 05 18:03:27 +0000 2020	politician world grasp PM Modi secret lovable&amp successful leader&amp politician selfless man interest money women&amp position enjoy wordly pleasure serve
Thu Mar 05 08:56:55 +0000 2020	Europe & amp United Nations condemn daily atrocity CIVILIAN STOP PERPETRATOR & amp HUMANITY REFUGEES
Sat Mar 21 21:20:41 +0000 2020	Hello militar name Jan Stuttgard need help can´t buy online treat serve country
Sat Feb 22 20:03:11 +0000 2020	Thank Jesus Subject COVID 2019 Dawn Sichuan batch 90 000 chloroquine phosphate drug donate Hubei
Mon Mar 23 01:08:39 +0000 2020	Hope feel well soon
Thu Mar 19 04:49:49 +0000 2020	help understand Germany 12 000 confirm case Covid 19 report 28 fatality keep people alive appreciate share
Tue Mar 17 07:04:45 +0000 2020	Ishii remedy novel coronavirus invent vaccine vaccine live peace mind economy remedy disinfectant Let disinfect
Sun Mar 15 10:08:49 +0000 2020	research lab pharma work 24by7 cure Covid19 real fast go totally control
Sat Mar 14 04:31:01 +0000 2020	ble Madam find & amp note Modi /bjp govt minority / rural /Muslim people country decide kind Ventilation /afflitions /support Modi ^bjp govt remove confirn ourside thank
Fri Mar 27 08:19:17 +0000 2020	cost hesitation irreversible
Wed Apr 08 09:33:16 +0000 2020	Merkel rope don approve Italian proposal fact brand forever politician purely nationalist egoist bring Europe
Sun Mar 22 20:17:30 +0000 2020	Dear Angela Merkel wish quaratine important politician world needyou pandemic
Thu Mar 26 23:29:22 +0000 2020	BIGGEST NAZI TIMES friend Orban jail Greece Italy Euro EU IMMEDIATELY
Sat Feb 22 06:35:01 +0000 2020	ble Madam kind ventilation /afflitions remove Modi /bjp govt kind affliation like IT / software /defence /Other service remove modi / bjp govt confirm ourside thank
Wed Mar 25 08:56:34 +0000 2020	develop effective lung infection treatment effective Covid 19 & amp end fast Pills & amp vaccine needle haystack BETTER SYSTEM result little day risk
Thu Mar 05 14:26:23 +0000 2020	Greece need problem Compile fling open door Europe thousand unchecked migrant monumental mistake destroy Europe stand help Greek
Sat Mar 21 11:53:30 +0000 2020	world community action Chinese Communist Party lie lie endanger live million worldwide
Fri Apr 03 20:47:04 +0000 2020	leader crisis hopefully come alive world international organisation stand United crime humanity
Thu Mar 19 17:28:44 +0000 2020	Believe ve Best America Believe Long Chance America People Obviously Real Legitimate Need IMMEDIATE EU Citizenship
Sat Apr 11 13:46:00 +0000 2020	Mr Trump patent publish month patent technology attract worldwide attention celebrity month block forever Use corona medicine soon celebrity
Sat Apr 11 05:28:52 +0000 2020	chinese virus destroy world china time punish china need kick Chinese country stop import China trustable
Sat Mar 21 02:47:25 +0000 2020	Thank Jesus Subject Trust exhchange LIFE chloroquine hydroxychloroquine Report China anti virus drug testing experiment prove drug effective trust treatment COVID 19
Sun Mar 29 13:36:24 +0000 2020	friend dictate think prooved point month laugh unsuccessful plan nd stupidity think right need stupid mind tragic idea useless mouth
Mon Apr 20 11:31:59 +0000 2020	send Invoice 130 billion damage Nation follow
Tue Mar 31 11:12:06 +0000 2020	homoeopathic doctor Kolkata India doctor allow treat Covid19 patient ready help Germany crisis help mankind crisis kindly let know
Tue Mar 31 11:24:59 +0000 2020	homeopathic doctor Kolkata India doctor allow treat Covid19 patient ready help Germany help mankind crisis kindly let know
Tue Mar 03 22:41:14 +0000 2020	hi Hello sir & amp madam world need stop fight & amp play pollitic game deadly Novel coronavirus slip world hand world
Fri Apr 17 09:50:34 +0000 2020	DB train allow refund travel europian train company give refund like thyal TGV ect corona virus request direct magnanimous extraordinary circumstance
Wed Apr 01 04:39:35 +0000 2020	Thank Jesus Subject Hydroxychloroquine therapy reduce recovery time
Sun Mar 15 12:41:52 +0000 2020	OK Trump seek exclusive right vaccine coronavirus develop German base company CureVac offer large sum money
Wed Apr 08 07:08:39 +0000 2020	RIDICULOUS COUNTRY USA JUDGING GOOD SUPERIOR MEMBERS INTERNATIONAL ORGANIZATION OMS ONU OTAN ETC WANT CONTROL FINANCIALLY ANONYMOUS SOCIETY DICTATE ORDER THREAT
Sun Mar 22 18:28:41 +0000 2020	RESPECTED LADY ANGELA MERKEL GO SELF quarantine FEEL SAD RESPECTED WOMAN WORLD GOD GERMANY CHANCELLOR
Sun Mar 22 21:41:57 +0000 2020	battle w/ Listerine hrs Vitamin lysine hrs 2a Vitamin Ester Pedialyte Benadryl need Chicken noodle rice vegetable soup Apple Juice Pinch
Wed Mar 04 18:21:57 +0000 2020	Greek prime minister prosecute genocide humanity crime commite Turkey Greece border Greek army kill bare hand refugee gunfire die morning injure
Mon Mar 16 12:44:42 +0000 2020	Shouldn China punishd recklessly probably intentionally attack deadly virus CONSPIRACY Chemical attack world
Tue Mar 03 02:54:34 +0000 2020	Thank Jesus Subject Time Money SOS
Mon Mar 23 10:14:03 +0000 2020	free Syrian wish heart quick complete recovery God protect dear Lady love
Tue Mar 17 20:13:33 +0000 2020	Hello need help
Fri Mar 27 12:43:58 +0000 2020	Bad people need Good wish
Tue Mar 17 11:34:34 +0000 2020	CLOSE CURRENCY & amp COMMODITIES & amp CAPITAL MARKETS 15 DAY Nations 193 Nation
Tue Apr 07 19:33:22 +0000 2020	China Isolated world spread deadly Corona Virus world
Sun Mar 15 01:59:49 +0000 2020	Thank Jesus Subject Money come LIFE come effective trust drug ARALEN CHLOROQUINE PHOSPHATE
Thu Apr 09 23:41:30 +0000 2020	Thank Jesus Subject Green Light Hydroxychloroquine 100 000 death Coronavirus
Sat Mar 21 06:19:38 +0000 2020	READ SHARE IMPORTANT hook multiple people ventilator link
Wed Mar 11 18:48:45 +0000 2020	ble Madam behalf Corona virus affect soon control confirm wisher
Fri Mar 20 07:25:25 +0000 2020	seriously Day German Reunification second World War country see challenge severely depend act solidarity
Sat Apr 04 17:22:18 +0000 2020	need truck driver germany invite dear angela
Tue Apr 07 21:38:48 +0000 2020	Thank Jesus Subject Coronavirus cure drug
Sat Mar 28 15:03:15 +0000 2020	thank Netherlands take care Spain Italy welcome summer
Thu Mar 12 22:20:28 +0000 2020	Let united europe happen don let walk
Fri Mar 27 23:40:25 +0000 2020	dead necessary help heart leader true Union Europe shit
Thu Mar 26 07:52:09 +0000 2020	international tribunal set fix level responsibility Chinese bio warfare Wuhan Chinese Virus colossal loss socio economic fall out
Tue Mar 03 15:45:18 +0000 2020	Solution immigrant Syria save CE Turkey Russia vast land cultivate form city offer Putin
Thu Mar 26 04:47:07 +0000 2020	Pass resolution China responsibility spread Corona Virus on / against Humanity World impose Sanctions Compensation 10 trillion dollar Biological Bomb
Fri Apr 03 01:40:40 +0000 2020	leader concerned electorate legislate recover Private commercial bank need shoulder share afford
Tue Mar 24 13:49:58 +0000 2020	world G7 destroy destroy atomic bomb Hydrogen bomb missile atomic bomb China China accustom world
Fri Mar 13 02:12:48 +0000 2020	ble Madam find note modi / bjp govt anti human crime innocent minority /rural /Muslim people thank
Thu Apr 23 12:12:49 +0000 2020	German chancellor Angela Merkel confirm Twitter page virus Corona confirm test 200 people age 15 55 America fight release desperately want patent
Sat Mar 28 15:09:18 +0000 2020	Sir Sorry powerful leader fail understand dangerous plan China create virus face consequence dangerous China
Fri Mar 13 18:09:41 +0000 2020	DNA RNA hydrogen bond base alkaline add denature agent denature release hydrogen ion double helix DNA RNA separate single strand
Mon Mar 16 11:34:26 +0000 2020	Create CARTEL CAPITALISM CARTEL MARKETS 1970s DESTROY Entire World Nation Government DEBT 50 Trillion USD
Mon Mar 30 16:23:19 +0000 2020	
Mon Apr 06 17:48:22 +0000 2020	happen tomorrow depend common European project strengthen self destructing depend aware gambling hope Europe Thank
Tue Mar 31 02:41:23 +0000 2020	cc finally go far cover excuse establish want Time
Sat Mar 14 20:29:41 +0000 2020	madrid big virus focus spain crazy spanish MP keep allow massive madrid exodus train refuse protect catalonia act
Wed Mar 25 17:50:02 +0000 2020	Sir / Madam rid pigeon city excreta contain lung inflammatory fungus & amp spore aggravate Covid 19 & amp result casualty
Sun Mar 22 18:36:38 +0000 2020	PEACE COURAGE LIGHT PATH FINE ❤ ❤ ❤ ❤ ❤ ❤ ❤ ❤ ❤
Tue Mar 03 09:50:26 +0000 2020	IMPOSE FLY ZONE&amp MILLIONS CIVILIAN LAND&amp DIGNITY HUMANITY YR RESPONSABILITY REFUGEE PROBLEM SOLVE ACT&amp DARE STOP RUSSIAN / ASSAD / IRAN AGGRESSION
Thu Mar 12 07:35:19 +0000 2020	lockdown France Germany Spain necessary measure mitigate impact COVID 19 week Italy
Thu Mar 19 22:25:52 +0000 2020	help Catalunya spanish government don close Madrid epicenter coronavirus Help
Sat Apr 18 21:00:46 +0000 2020	UK Emergency Nurse & amp Doctor Need Gowns run & amp Dying help Thank
Wed Apr 01 02:23:18 +0000 2020	699 case successful Coronavirus
Mon Apr 06 11:21:53 +0000 2020	Angela translate video feel ashamed medium Spain especially etc apologize Spanish people government
Fri Apr 17 11:36:07 +0000 2020	WORLD SUFFER BAD RULERS Ms Member DECLARE WAR CARTEL CAPITALISM Create DECLARE WAR TERRORISM Create M
Fri Mar 13 18:10:52 +0000 2020	anticancer drug invent soon debut world think person copy invention scammer claim invention
Sat Mar 21 19:20:36 +0000 2020	spanish government don like close Madrid great coronavirus center Help Catalunya
Sun Mar 29 00:53:52 +0000 2020	Thank Jesus Subject Chloroquine drug treatment clinical trial Website write Chinese translate
Fri Mar 13 18:09:04 +0000 2020	New coronavirus treatment suggestion basic structure virus particle compose nucleic acid center particle protein shell call capsid surround nucleic acid Nucleic acid DNA RNA
Thu Mar 12 06:25:18 +0000 2020	day EU stop 15 day agree government company way stop opportunity start begin
Tue Mar 17 20:14:35 +0000 2020	Thank Jesus Subject Oklahoma Medical Research Foundation testing Chloroquine drug
Tue Mar 31 16:10:31 +0000 2020	Thank Jesus Subject Report Successful Treatment Coronavirus
Tue Mar 03 23:02:03 +0000 2020	Agree Real Concern Coronavirus Reach Point Cause World Shut Won Able Control Exactly Point Crisis Point Return
Tue Mar 03 04:48:49 +0000 2020	Thank Jesus Subject Face danger opportunity epidemic
Thu Mar 12 02:48:13 +0000 2020	Thank Jesus Subject Italy treatment Coronavirus al Tocilizumab
Tue Mar 17 09:12:41 +0000 2020	Thank Jesus Subject Chloroquine Zinc Novel Coronavirus Disease Video show
Tue Mar 17 01:36:39 +0000 2020	Thank Jesus Subject Cure Drug Video Believe Unbelieve God open river desert
Wed Mar 18 02:14:05 +0000 2020	Thank Jesus Subject 75 patient cure day
Fri Mar 27 21:34:11 +0000 2020	Thank Jesus Subject China provide 100 000 box Lianhua Qingwen hard hit Italy
Thu Apr 09 21:29:50 +0000 2020	Thank Jesus Subject Interleukin IL important pathway induce inflammatory storm
Mon Mar 30 07:45:27 +0000 2020	soap work dissolve fatty layer covid ca nt soap gargle aerosol soap treat victim think aloud common man nebulise nano soap inhale
Sat Feb 22 23:08:09 +0000 2020	Thank Jesus Subject batch million tablet expect launch February 25
Thu Mar 19 19:48:25 +0000 2020	Long time europe trust china
Fri Apr 10 23:19:49 +0000 2020	Thank Jesus Subject China Phase Coronavirus Vaccine Trial China month determine vaccine effective safe
Tue Mar 31 22:09:13 +0000 2020	Mr Macron look & amp people work healthcare facility & amp rest world slow transmission
Fri Mar 13 17:24:37 +0000 2020	ble Madam hope & amp pray Lord Jesus control CoronaVirus confirn wisher
Tue Mar 03 19:46:39 +0000 2020	CIVILIAN CHOOSEN REFUGEE&amp SEARCH SAFETY EUROPE ASHAMED LET DIE 1MILLION&amp MILL REFUGEE
Fri Apr 17 07:13:04 +0000 2020	bloody daft send kid school ban large gathering adult Kid don wash bloody hand touch face honestly dilute
Mon Apr 06 00:23:44 +0000 2020	dear admire Lady girlfriend foreign origin serve Greater Germany doctor volunteer Covid19 patient area think deserve company case valid order cross border Thank
Tue Mar 31 22:11:33 +0000 2020	follow non official data come China
Fri Mar 27 01:46:52 +0000 2020	carona natural virus completely Chinese virus virus weapon
Fri Apr 17 08:08:57 +0000 2020	INDIA KILL MUSLIM MINORITY ALLOW MOBS KILL INNOCENT UNPUNISHED INDIAN MINORITY STAY PROTECT ABROAD PROTECT MINORITY
Mon Apr 06 20:28:45 +0000 2020	Thank Jesus Subject Seattle Chinese Family Physician self report story treat new crown patient story
Wed Apr 22 07:08:50 +0000 2020	STOP DESTROY WORLD BEGIN toBUILD BEAUTIFUL WORLD
Wed Mar 11 16:43:51 +0000 2020	Closing business deal way confront radical islamist blackmail end civilization flood union illegal immigrant terrorist require hard measure eliminate threat minimize effect
Sat Mar 21 18:42:12 +0000 2020	Thank extraordinary speech Corona Virus
Tue Mar 03 05:21:05 +0000 2020	appeal world leader isolate china China destroy world MNCs Stop depend China
Thu Apr 23 11:21:57 +0000 2020	Nation Government DEBT 50 Trillion USD BANKRUPT Government RULER
Thu Mar 05 09:53:45 +0000 2020	WAR AGAINS TERROR TERROR WAR CIVILIAN EYES OPENING ACT SAFE LIVE & amp HUMANITY
Thu Mar 05 09:55:14 +0000 2020	WAR TERROR TERROR WAR CIVILIAN EYES OPENING ACT SAFE LIVE & amp HUMANITY
Wed Mar 04 12:41:26 +0000 2020	people want consider asylum capable willing hurt / sacrifice child capable EU Think future present
Tue Mar 03 09:38:34 +0000 2020	RESPONSABILITY STOP RUSSIA / ASSAD REGIME MASSACRE 9YRS LONG GENOCIDE & amp EU STANDING SIDELINE EU POLITICIAN = COWARD
Sun Mar 29 15:01:08 +0000 2020	dear chanceler inhame anti inflamatorio cortizona way canela anti virus substance stop virus
Sun Feb 23 08:36:16 +0000 2020	world watch Investigate inherit million
Mon Mar 23 04:35:16 +0000 2020	look forward World Leader like Ji
Sat Mar 21 15:58:02 +0000 2020	look like china screw world royally
Mon Apr 20 02:33:22 +0000 2020	Angela Chinese responsible CORONA VIROUS
Sat Feb 22 15:13:30 +0000 2020	Exploitation Employee Outrageous OfPower&amp Stinking CowardiceActby CEO DirectorHRManagerRiskManagerEthic&amp legalTeam likeMAFIA FundamentalRightToWork CompromisedWithMultiple threat ITCompanyUSA BodyShopping inIndia Influence Manipulate LAW WhatToDo UrView
Wed Mar 04 17:31:10 +0000 2020	soft underbelly government twice infect thank supporter prepare stay indoors long time
Sat Feb 22 21:48:50 +0000 2020	Thousand Muslim March Chennai Citizenship Law NDTV
Sun Apr 19 04:22:55 +0000 2020	Till today dang clue create bitcoin control bitcoin & amp market driver price valuation Vadakayil know
Wed Mar 18 12:35:17 +0000 2020	Kiosk shop like hair Saloon essential life close government Germany take virus seriously big supermarket medical place remain open order avoid virus
Mon Apr 06 20:09:06 +0000 2020	Dear Madam Chancellor Congratulation Recognize Forbes Powerful Person World
Fri Apr 17 03:42:42 +0000 2020	country survive want help support international like instruct public pay benefit emergency prevent medical collapse living expense pay
Tue Apr 21 10:05:42 +0000 2020	demonstrate shameful unfair EU dead
Fri Mar 27 12:16:33 +0000 2020	LOGICAL REASONING RUSSIA POSE THREAT WANT ENEMY GERMANY EUROPEAN UNION COUNTRY ACCEPT MILITARY BASE NUCLEAR WEAPON USA THREATEN RUSSIA UNNECESSARILY
Mon Mar 16 04:46:05 +0000 2020	risk coronavirus Brazilian patriot street Brazilian state support President Bolsonaro corruption National Congress Supreme Court
Sat Apr 18 06:55:26 +0000 2020	Let CHINA President SORRY WORLD
Thu Apr 23 08:40:01 +0000 2020	smart lady propaganda channel spend 50 time praise don think Come dense
Wed Apr 01 08:39:36 +0000 2020	China dangerous world
Tue Apr 21 10:27:49 +0000 2020	EARN BUY WORLD PERFECT CAPITALISM&amp PERFECT MARKET
Sun Mar 29 01:45:16 +0000 2020	Gesundheit grace Shalom Ashrey Tesha Shmoneh [ Some bond welcome Yours ]
Mon Mar 30 19:17:04 +0000 2020	Country world stop trade China forever China mongrel curse country mankind
Tue Mar 31 10:37:09 +0000 2020	homeopathic dr frm Kolkata India with15yrs exp dr allow treat Covid19 patient ready extend help crisis Germany dr help mankind crisis kindly let know
Mon Apr 06 11:21:10 +0000 2020	WORLD SUFFER CARTEL CAPITALISM Create TERRORISM & amp COLDWAR Create PMs
Thu Mar 19 05:16:11 +0000 2020	Merkel say crisis World War II Use vaccine Don afraid Hitoshi Ishii Japan
Wed Mar 25 01:35:50 +0000 2020	follow path South Korea tackle COVID19 corona virus
Sun Apr 12 15:25:03 +0000 2020	SCARY MOMENT GERMAN BANK GREEK REFERENDUM SAVE DAY
Sun Mar 15 12:57:31 +0000 2020	Nice EU awhen Italy suffer Chinese medical equipment support EU closing border lot heartbreaking speech Word don help people die Fact people remember
Tue Mar 31 07:09:32 +0000 2020	Dear Mrs Merkel didn hear single sound mouth condemn antiliberal anti democratic special power law Hungary let create fascist / nazi country Hungary risk grow eastern country Wait
Sat Mar 28 05:07:34 +0000 2020	Pull Veto power UN Membership right China China threat humanity world lock suffer China Sleep Human right organisation
Wed Apr 01 21:59:22 +0000 2020	advise concentrate total victory coronavirus let aside politics timeout repeatedly ask GOD & amp ANGEL SAVE WORLD generation
Thu Mar 12 09:59:13 +0000 2020	fair Angela spread Panic entire Germany Say 60 70 German population affect highly insensitive spread fear panic & amp Shock wave nation
Fri Mar 20 19:26:47 +0000 2020	Germany confiscate facemask destine Belgium Netherlands 1943
Mon Apr 06 04:02:47 +0000 2020	LOVE WORLD SEVEN Billion Human Being BORN EARTH Like LOVE DAUGHTER & amp SON USE Practice RIGHTEOUSNESS
Tue Mar 17 11:50:19 +0000 2020	problem France Germany Belgium contain virus going spread European inion
Sun Apr 05 19:37:05 +0000 2020	Fullerene antiviral property believe Covid19 try structure destroy virus
Fri Apr 17 10:22:54 +0000 2020	aware Brasil Fascist like virus crisis go Maybe Covid19 Nuremberg Trial necessary
Tue Mar 24 19:11:17 +0000 2020	county suffer heavily Chinese Corona Virus consider adjust damage loss external business debt owe China teach China lesson
Mon Mar 30 19:24:12 +0000 2020	Excellency deeply aggrieved CORONA scourge country critical juncture share research work utmost commercial importance help humanity ask doctor understand start save precious life
Tue Mar 17 17:25:02 +0000 2020	ble Madam kind Ventilation /support Modi /bjp govt remove confirm ourside thank
Fri Mar 20 23:31:19 +0000 2020	Thank Jesus Subject Traditional Chinese Medicine Liver fire symptom real heat generate mental problem Dizziness headache poor spirit
Sun Feb 23 19:29:18 +0000 2020	Thank Jesus Subject Chloroquine phosphate drug Hubei
Sat Feb 22 14:05:58 +0000 2020	PM Merkel responsible 10 kill NAZI Bustard Tobias Rathjen & amp AfD Far Right damn supporter & amp shall repeat
Sat Mar 21 05:58:01 +0000 2020	Thank Jesus Subject Trust build LIFE ABC News Australian Broadcasting Corporation reprote recover patient alive road ABC News report
Fri Mar 13 02:11:51 +0000 2020	Thank Jesus Subject Alibaba DAMO Academy AI System 26 hospital China helped diagnose 30 000 case
Mon Feb 24 01:59:04 +0000 2020	Thank Jesus Subject clinical treatment special plasma
Sun Apr 05 23:55:34 +0000 2020	Thank Jesus Subject New York 1100 people hydroxychloroquine still result DATA answer
