created_at	text
Mon Mar 16 02:03:00 +0000 2020	Dear madam Merkel dauther husband live Rhyne Germany work week day buy sanitizer hygenic product thing help people access product worry Thank
Wed Mar 04 10:07:10 +0000 2020	don join force defeat economic crisis legalize human right fight crime control security money
Mon Mar 16 16:05:34 +0000 2020	tragedy wakeup vote woman German people proud culture stop destroy Globalization
Mon Apr 06 03:31:33 +0000 2020	Human create COVID 19 disgusting treatment animal wet market SARS & amp MERS create way & amp wet market operate world eader require shut good global health
Fri Mar 13 02:12:48 +0000 2020	ble Madam find note modi / bjp govt anti human crime innocent minority /rural /Muslim people thank
Thu Mar 05 05:25:08 +0000 2020	ble Madam year find Modi /bjp govt completely anti human day day crime innocent Indian decide kind ventilation /afflitions remove Modi /bjp govt confine ourside
Sun Mar 15 10:08:49 +0000 2020	research lab pharma work 24by7 cure Covid19 real fast go totally control
Fri Mar 20 15:43:14 +0000 2020	German Bank ethics work revert informed Official India CHEAT customer evidence Unethical behavior
Sat Mar 14 12:47:49 +0000 2020	play people live sake economy difference dictatorship China Iran
Fri Mar 27 07:38:53 +0000 2020	way think Europe way capitalist economy way think people relationship Europe shame vision Europe new Nazifascism Shame
Thu Apr 09 19:08:01 +0000 2020	MEDE TROIKA POOR DISASTER INSOLIDARITY Portugal Spain Italy TRENCH WALL virus confinement stop ECONOMY policy allow death instead brave act People confine week
Thu Mar 05 18:03:27 +0000 2020	politician world grasp PM Modi secret lovable&amp successful leader&amp politician selfless man interest money women&amp position enjoy wordly pleasure serve
Wed Mar 04 14:55:56 +0000 2020	Open border Don sacrifice innocent child woman politics
Mon Apr 20 17:11:28 +0000 2020	covid 19 lab virus planet see virus like 55 people asympomatic carrier like human lab rat typhoid mary infect future Asymptomatic patient activate 5 g
Sun Apr 05 04:40:21 +0000 2020	ble Madam hope & amp pray Maa Durga ji / Suprem power healthy people German /Europe Lord Jesus motivation fight Corona disaster negative energy eeveryone healthy wisher
Fri Mar 20 23:31:19 +0000 2020	Thank Jesus Subject Traditional Chinese Medicine Liver fire symptom real heat generate mental problem Dizziness headache poor spirit
Mon Mar 23 10:46:24 +0000 2020	WOMAN DEATH
Tue Mar 03 20:34:15 +0000 2020	SURE Learn day life ve waste day DAY PRESSURE try AWAKEN BODY SHEER FACT MAN Global Warming catastrophe inevitably IMPACT and/or love one
Wed Mar 11 12:31:40 +0000 2020	Fascist movement awaken Europe Violence persecution immigrant foreigner GERMANY GREECE FRANCE EUROPE
Sat Apr 11 13:46:00 +0000 2020	Mr Trump patent publish month patent technology attract worldwide attention celebrity month block forever Use corona medicine soon celebrity
Sat Mar 21 02:47:25 +0000 2020	Thank Jesus Subject Trust exhchange LIFE chloroquine hydroxychloroquine Report China anti virus drug testing experiment prove drug effective trust treatment COVID 19
Fri Mar 13 18:09:58 +0000 2020	destroy DNA RNA destroy virus denature agent harmless human body administer human body treat disease
Sun Mar 22 18:28:41 +0000 2020	RESPECTED LADY ANGELA MERKEL GO SELF quarantine FEEL SAD RESPECTED WOMAN WORLD GOD GERMANY CHANCELLOR
Sat Mar 28 05:07:34 +0000 2020	Pull Veto power UN Membership right China China threat humanity world lock suffer China Sleep Human right organisation
Sun Mar 29 13:32:38 +0000 2020	refuse friend idea witness end catastrophe tragedy logic mind doesn work
Wed Mar 04 09:59:04 +0000 2020	March 2020 Refugee fire heavy artilary military assault weapon European refugee dead hour humankind planet URGENT HELP NEED
Wed Mar 25 08:56:34 +0000 2020	develop effective lung infection treatment effective Covid 19 & amp end fast Pills & amp vaccine needle haystack BETTER SYSTEM result little day risk
Mon Mar 16 20:07:09 +0000 2020	heck Germany lock Economics seat Temporary damage economy vs permanent damage choose Auf wiedersehen
Mon Mar 30 18:13:14 +0000 2020	Thank Jesus Subject Food Drug Administration FDA approve use decade old anti malaria drug story
Mon Mar 02 22:00:34 +0000 2020	unbelievable Germany agree refugee issue slaughter dictator Erdogan alliance member country union Greece practice dismantle European Union ask EU invade
Thu Mar 12 10:43:08 +0000 2020	label fact EU refuse pay EU childish nog plain evil demonic tax little man pay evil woman
Thu Apr 02 09:59:31 +0000 2020	ble Madam pray Lord Jesus healthy soon hope shortly recover Kind Disaster negative energy think positive gd / bad condition wisher
Tue Mar 31 22:09:13 +0000 2020	Mr Macron look & amp people work healthcare facility & amp rest world slow transmission
Thu Mar 12 09:59:13 +0000 2020	fair Angela spread Panic entire Germany Say 60 70 German population affect highly insensitive spread fear panic & amp Shock wave nation
Sun Mar 15 04:33:35 +0000 2020	World Need World PARLIAMENT Global Bank & amp Global CURRENCY Create PERFECT CAPITALISM World Trade Global CURRENCY PRICE
Tue Mar 10 19:14:00 +0000 2020	Thank Jesus Subject Stablecoin Cycle Direct Deposit
Wed Mar 04 09:42:18 +0000 2020	help Syrian refugee Greece poor shameless know good heart ♥ ️
Sun Mar 15 20:38:53 +0000 2020	try buy second hi refuse use EU corona test people want buy future vaccine America selfish fool
Fri Mar 13 06:34:12 +0000 2020	Thank Jesus Subject Important News Alibaba Cloud Global Free Virus Detection Complete Gene Comparison 60 Second
Thu Mar 19 19:24:43 +0000 2020	people Egypt require international intervention protect police state repression Egypt
Fri Apr 03 09:32:31 +0000 2020	Dear Prime Minister silence embarrassing leader prove history
Tue Mar 17 01:04:09 +0000 2020	Thank Jesus Subject Positive Trust information COVID 19 team Australian researcher ve find cure novel coronavirus hope patient enroll nationwide trial end month
Thu Mar 19 19:30:55 +0000 2020	Boris Johnston say Covid19 12 week community determine collective action human save skin Health Threat RETURN CLIMATE CHANGE COLLECTIVE INACTION Covid19 past
Sat Mar 14 09:22:18 +0000 2020	duty world leader fight JIHAD / BIGOTED ISLAMISM unitedly & amp Time & amp Energy save fight big threat like Corona climate change poverty etc world good place live
Fri Mar 13 02:08:01 +0000 2020	ble Madam hope & amp pray Lord Jesus Corona affect natural disaster control hope management team /Doctors control shortly wisher
Tue Apr 21 07:43:30 +0000 2020	request try vaccine Corona virus weasel animal weasel great protection power pl talk yr sciencetis vaccine animal
Mon Apr 06 04:02:47 +0000 2020	LOVE WORLD SEVEN Billion Human Being BORN EARTH Like LOVE DAUGHTER & amp SON USE Practice RIGHTEOUSNESS
Tue Mar 03 19:46:39 +0000 2020	CIVILIAN CHOOSEN REFUGEE&amp SEARCH SAFETY EUROPE ASHAMED LET DIE 1MILLION&amp MILL REFUGEE
Tue Apr 21 21:06:51 +0000 2020	Help save dictator crazy Sisi slave try kill army dony protect face death hand didi follower criminal minister heath
Sun Mar 15 12:41:52 +0000 2020	OK Trump seek exclusive right vaccine coronavirus develop German base company CureVac offer large sum money
Sun Mar 29 08:12:26 +0000 2020	denial economic support economic interest moment look like notorious gas chamber historical memory Hopefully remember Regard
Fri Mar 13 18:09:04 +0000 2020	New coronavirus treatment suggestion basic structure virus particle compose nucleic acid center particle protein shell call capsid surround nucleic acid Nucleic acid DNA RNA
Mon Mar 30 19:24:12 +0000 2020	Excellency deeply aggrieved CORONA scourge country critical juncture share research work utmost commercial importance help humanity ask doctor understand start save precious life
Wed Mar 04 22:30:04 +0000 2020	World Worsen Everyday People Responsible Began Creation Entirely New Stability Responsibility Right Morality Total
Sun Mar 15 13:41:05 +0000 2020	stay strong need vaccine hand government neo liberal pharmaceutic compagny hawk insane
Thu Apr 23 08:40:01 +0000 2020	smart lady propaganda channel spend 50 time praise don think Come dense
Tue Mar 31 10:42:43 +0000 2020	Madam French economy good business model Sincerely Fabrice BOUSSEL 92290 Châtenay Malabry France
Wed Mar 04 11:32:16 +0000 2020	Greek prime minister stand trial genocide Turkish Greek border refugee crime humanity
Thu Apr 23 12:12:49 +0000 2020	German chancellor Angela Merkel confirm Twitter page virus Corona confirm test 200 people age 15 55 America fight release desperately want patent
Sun Apr 05 23:55:34 +0000 2020	Thank Jesus Subject New York 1100 people hydroxychloroquine still result DATA answer
Tue Mar 03 09:50:26 +0000 2020	IMPOSE FLY ZONE&amp MILLIONS CIVILIAN LAND&amp DIGNITY HUMANITY YR RESPONSABILITY REFUGEE PROBLEM SOLVE ACT&amp DARE STOP RUSSIAN / ASSAD / IRAN AGGRESSION
Wed Apr 08 09:33:16 +0000 2020	Merkel rope don approve Italian proposal fact brand forever politician purely nationalist egoist bring Europe
Tue Mar 03 04:48:49 +0000 2020	Thank Jesus Subject Face danger opportunity epidemic
Fri Mar 27 10:04:50 +0000 2020	lunatic say thee enemy better prepare idiot action future
Wed Apr 08 07:08:39 +0000 2020	RIDICULOUS COUNTRY USA JUDGING GOOD SUPERIOR MEMBERS INTERNATIONAL ORGANIZATION OMS ONU OTAN ETC WANT CONTROL FINANCIALLY ANONYMOUS SOCIETY DICTATE ORDER THREAT
Wed Mar 25 09:08:12 +0000 2020	initiate punitive damage economic blockage Chinese impose ruthless effective permanent sanction throw yellow virus outta UNSC & amp dismantle WUHAN HEALTH ORG RASCALS
Tue Mar 03 23:02:03 +0000 2020	Agree Real Concern Coronavirus Reach Point Cause World Shut Won Able Control Exactly Point Crisis Point Return
Wed Mar 04 18:21:57 +0000 2020	Greek prime minister prosecute genocide humanity crime commite Turkey Greece border Greek army kill bare hand refugee gunfire die morning injure
Fri Mar 13 02:11:51 +0000 2020	Thank Jesus Subject Alibaba DAMO Academy AI System 26 hospital China helped diagnose 30 000 case
Wed Mar 25 09:11:20 +0000 2020	cloud silver line Coronavirus Pandemic Negative Dashboard→ Confirmed case 375498 Confirm death 16362 Positive Dashboard Suddenly Hindu Muslim Christian Sikh human
Thu Mar 05 11:50:58 +0000 2020	Greek prime minister stand trial genocide Turkish Greek border refugee crime humanity 🙏 🙏
Thu Apr 23 05:50:25 +0000 2020	day italian government Police follow people like robber go church
Thu Mar 12 06:25:18 +0000 2020	day EU stop 15 day agree government company way stop opportunity start begin
Thu Mar 26 10:14:09 +0000 2020	death rate result outstanding government / community interaction people will thing great good listen health care expert pick fucking phone ask Angela advice die
Sat Apr 11 14:14:21 +0000 2020	Trump use corona medicine catch China
Tue Mar 31 22:11:33 +0000 2020	follow non official data come China
Sat Mar 14 14:20:03 +0000 2020	Health relate haven consider Covid19 weird virus Man Climate Change Stuff up irreversible melt glacier & amp Pole forest Peat fire extreme weather event rise Ocean
Sat Mar 28 04:08:39 +0000 2020	country come impose sanction China ve right push world pandemic Chinese authority control WET MARKET didn inform early stage
Tue Mar 17 07:04:45 +0000 2020	Ishii remedy novel coronavirus invent vaccine vaccine live peace mind economy remedy disinfectant Let disinfect
Mon Mar 30 22:21:08 +0000 2020	Thank Jesus Subject COVID 19 Effective Drug Real Story Hydroxychloroquine
Sat Feb 22 14:05:58 +0000 2020	PM Merkel responsible 10 kill NAZI Bustard Tobias Rathjen & amp AfD Far Right damn supporter & amp shall repeat
Sat Mar 21 05:58:01 +0000 2020	Thank Jesus Subject Trust build LIFE ABC News Australian Broadcasting Corporation reprote recover patient alive road ABC News report
Thu Mar 05 07:48:07 +0000 2020	MASSACRE CREATORS TERROR RU / SYR REGIME & amp FORCED DISPL MENT DELIBERATELY TARGET CIVILIAN = GENOCIDE SUPPORT TURKEY 2SAFE Humanity&amp EU VALUE
Thu Mar 05 19:13:28 +0000 2020	Thank Jesus Subject 20 trillion Dow Jones 500 point 2009
Tue Mar 17 20:14:35 +0000 2020	Thank Jesus Subject Oklahoma Medical Research Foundation testing Chloroquine drug
Sun Feb 23 01:21:56 +0000 2020	Thank Jesus Subject Pakistan effective drug COVID 19
Wed Apr 22 19:55:23 +0000 2020	appreciate 17th annual Global Love Day theme Celebrate Humanity Thank share vision love
Thu Mar 12 16:49:03 +0000 2020	Mam salute form different way accept covid19 remarkable & amp show good state person like India
Wed Mar 04 12:41:26 +0000 2020	people want consider asylum capable willing hurt / sacrifice child capable EU Think future present
Fri Apr 17 03:42:42 +0000 2020	country survive want help support international like instruct public pay benefit emergency prevent medical collapse living expense pay
Wed Mar 11 21:40:03 +0000 2020	order drive testing people test efficiently enter health care facility look like unintelligent idiot sadly Pass
Sat Mar 28 02:20:13 +0000 2020	Thank Jesus Subject Lianhuaqingwen effective cheap drug COVID 19 costus 00 China Online Shopping Chinese shipping Shenzhen send Hong Kong International buying
Tue Mar 17 10:15:15 +0000 2020	Greed fighter thank spread trust believe humanity heroine 🦸 ‍ ♀ ️ Greed stop Love ❤ ️ respect ✊ 🏻
Tue Mar 31 15:58:30 +0000 2020	probe
Wed Mar 04 10:32:22 +0000 2020	Greek prime minister strive genocide refugee
Wed Mar 04 23:50:38 +0000 2020	Thank Jesus Subject Stem Cell COVID 19 stem cell
Tue Mar 17 00:27:37 +0000 2020	World Need World PARLIAMENT Global Bank & amp Global CURRENCY
Fri Mar 27 08:43:05 +0000 2020	don think boss Europe Chancellor Germany EU don know EU solidarity state like money health continue position pay dearly
Sun Mar 29 13:36:24 +0000 2020	friend dictate think prooved point month laugh unsuccessful plan nd stupidity think right need stupid mind tragic idea useless mouth
Mon Mar 16 23:15:46 +0000 2020	Thank Jesus Subject University Queensland Centre Clinical Research COVID 19 cure drug
Wed Apr 22 06:53:57 +0000 2020	WORLD Need WORLD PARLIAMENT Global BANK & amp Global CURRENCY CLOSE
Fri Apr 17 07:13:04 +0000 2020	bloody daft send kid school ban large gathering adult Kid don wash bloody hand touch face honestly dilute
Wed Apr 22 22:07:09 +0000 2020	Hashim Thaçi want government criminal gang 90 PDK party millionaire organize crime corruption Thaçi wants steal 400000 voter vote criminal group help
Mon Mar 23 10:14:03 +0000 2020	free Syrian wish heart quick complete recovery God protect dear Lady love
Mon Mar 16 11:34:26 +0000 2020	Create CARTEL CAPITALISM CARTEL MARKETS 1970s DESTROY Entire World Nation Government DEBT 50 Trillion USD
Thu Mar 05 08:56:55 +0000 2020	Europe & amp United Nations condemn daily atrocity CIVILIAN STOP PERPETRATOR & amp HUMANITY REFUGEES
Sat Feb 22 15:26:08 +0000 2020	Oh dilemma face Billions £ s come UK destroy country surprise german people haven oust time look forward watch complete failure
Thu Mar 05 01:21:24 +0000 2020	Thank Jesus Subject Good News Stem cell treatment good result
Sat Mar 28 15:03:15 +0000 2020	thank Netherlands take care Spain Italy welcome summer
Sat Mar 14 09:43:08 +0000 2020	RIGHT 1000 WRONG
Sun Apr 19 14:23:37 +0000 2020	Respect & amp Honorable Authority like request stop trade China way harm arm & amp ammunition
Tue Mar 17 11:34:34 +0000 2020	CLOSE CURRENCY & amp COMMODITIES & amp CAPITAL MARKETS 15 DAY Nations 193 Nation
Tue Apr 21 10:27:49 +0000 2020	EARN BUY WORLD PERFECT CAPITALISM&amp PERFECT MARKET
Sun Mar 29 15:01:08 +0000 2020	dear chanceler inhame anti inflamatorio cortizona way canela anti virus substance stop virus
Sun Apr 12 10:50:53 +0000 2020	interest interim position Prime Minister UK option permanent
Mon Apr 06 00:23:44 +0000 2020	dear admire Lady girlfriend foreign origin serve Greater Germany doctor volunteer Covid19 patient area think deserve company case valid order cross border Thank
Sat Apr 11 09:55:04 +0000 2020	advice think people perspective Japanese people support ｇgovernment financial support want spend government budget Japanese struggle life soon Help Japanese
Sun Mar 15 01:59:49 +0000 2020	Thank Jesus Subject Money come LIFE come effective trust drug ARALEN CHLOROQUINE PHOSPHATE
Thu Mar 26 10:42:34 +0000 2020	Spanish government try kill catalan
Fri Mar 27 08:46:12 +0000 2020	END LOCKDOWN KASHMIR END LOCKDOWN KASHMIR CORONA CRISIS MAKE CRIME HUMANITY CRIMINAL
Thu Mar 05 08:58:09 +0000 2020	LOW ATTACK CIVILIAN DOUBLE TAP AIR STRIKE / BOMBARDEMENT HELLO WORLD STOP RUSSIA / SYR REGIME
Thu Apr 09 23:41:30 +0000 2020	Thank Jesus Subject Green Light Hydroxychloroquine 100 000 death Coronavirus
Wed Mar 11 03:59:30 +0000 2020	Thank Jesus Subject Wonderful Job Tiahe2 SuperComputer work excellent
Thu Mar 26 10:27:49 +0000 2020	STOP PARENTAL CHILD ABDUCTION JAPAN‼️
Sat Feb 22 22:14:41 +0000 2020	Thousand protester Queen Park support Wet suwet en solidarity movemnt
Tue Mar 03 15:45:18 +0000 2020	Solution immigrant Syria save CE Turkey Russia vast land cultivate form city offer Putin
Mon Apr 20 11:47:58 +0000 2020	Pity didn look people like great German nation UK PM behave like fool end Intensive care plateau hasn clue open people intern
Sat Mar 21 19:20:36 +0000 2020	spanish government don like close Madrid great coronavirus center Help Catalunya
Sun Mar 29 06:49:48 +0000 2020	cope fact WWIII Germany Holland hold reaponsible time history Germany kill Europe Good bye good luck
Tue Mar 17 18:26:07 +0000 2020	Spanish government seize medical supply country take Madrid Catalonia hospital protective mask Help
Thu Mar 12 05:19:25 +0000 2020	ble Madam kind ventilation /afflition /support Strictly remove modi /bjp govt trade /IT / software /defence remove modi /bjp govt confirm
Fri Mar 13 18:09:41 +0000 2020	DNA RNA hydrogen bond base alkaline add denature agent denature release hydrogen ion double helix DNA RNA separate single strand
Sat Apr 11 14:14:05 +0000 2020	Trump Chinese recovery town people lively Sightseeing spot China quickly recover overtake United States world supremacy United States give China good position world
Thu Apr 23 11:21:57 +0000 2020	Nation Government DEBT 50 Trillion USD BANKRUPT Government RULER
Sun Mar 22 18:36:38 +0000 2020	PEACE COURAGE LIGHT PATH FINE ❤ ❤ ❤ ❤ ❤ ❤ ❤ ❤ ❤
Mon Apr 20 06:25:54 +0000 2020	History say every100 year pandemic come fail control Pl fallow mazic farmula safe yr countryman wish buy china cheat yr country
Fri Mar 27 01:46:52 +0000 2020	carona natural virus completely Chinese virus virus weapon
Wed Mar 11 17:06:03 +0000 2020	Turkish 16 fly Greece today Evros
Sun Mar 22 21:33:59 +0000 2020	Wish self quarantine great respect leadership don currently kind decision leadership
Thu Mar 05 10:50:05 +0000 2020	Greek border Security
Fri Mar 27 08:45:12 +0000 2020	Dear PM suggestion use railway coach temporary hospital self quarantine facility need KALPESH PANCHAL INDIA
Wed Mar 04 17:31:10 +0000 2020	soft underbelly government twice infect thank supporter prepare stay indoors long time
Sun Mar 15 12:57:31 +0000 2020	Nice EU awhen Italy suffer Chinese medical equipment support EU closing border lot heartbreaking speech Word don help people die Fact people remember
Sun Mar 22 23:14:15 +0000 2020	Thank Jesus Subject USA COVID 19 Clinical Trial
Sat Apr 11 06:58:42 +0000 2020	Thank Jesus Subject Hope Seriously Coronavirus patient Good News Compassionate Use Remdesivir
Fri Mar 27 21:34:11 +0000 2020	Thank Jesus Subject China provide 100 000 box Lianhua Qingwen hard hit Italy
Wed Mar 11 14:02:40 +0000 2020	claim 60 70 percent Germany infect doesn shut Germany realize impact health service
Wed Mar 18 12:35:17 +0000 2020	Kiosk shop like hair Saloon essential life close government Germany take virus seriously big supermarket medical place remain open order avoid virus
Wed Mar 11 02:28:11 +0000 2020	land Italy agreement support find difficult redistribute illegal immigrant pass
Thu Mar 19 19:48:25 +0000 2020	Long time europe trust china
Tue Mar 03 10:29:25 +0000 2020	Hello Europe value humanity REAL&amp STRONG Leadership Europe Ist DU EUROPA C´est Où L´EUROPE
Sat Mar 21 00:35:43 +0000 2020	Dear leader world government look forward hear outcome letter white uprising Iranian people country Kind regard Agent white uprising
Thu Mar 26 01:57:22 +0000 2020	Thank Jesus Subject Oxford COVID 19 Evidence Service COVID 19 trial register March 2020 — an analysis 382 study proof Chloroquine work
Mon Mar 30 05:58:54 +0000 2020	Great leader German people dialogue true way prosperity peace enemy time
Sat Mar 14 04:31:01 +0000 2020	ble Madam find & amp note Modi /bjp govt minority / rural /Muslim people country decide kind Ventilation /afflitions /support Modi ^bjp govt remove confirn ourside thank
Fri Apr 10 14:58:43 +0000 2020	Tag transmission delivery food COVID 19 new coronavirus multiply food Like virus need [ live ] host cell multiply FACT DOESN MULTIPLY SURVIVE LONG CONTAMINATE
Thu Mar 26 07:45:56 +0000 2020	Corona Virus World CHINA Remove Fm UN seat Ban China & amp Export World Pr Planned Wuhan infect Entire China Democracy China Hide virus info & amp Kills Dr want tell time action
Sat Mar 21 11:53:30 +0000 2020	world community action Chinese Communist Party lie lie endanger live million worldwide
Wed Apr 01 02:23:18 +0000 2020	699 case successful Coronavirus
Fri Apr 10 23:19:49 +0000 2020	Thank Jesus Subject China Phase Coronavirus Vaccine Trial China month determine vaccine effective safe
Thu Mar 26 07:52:09 +0000 2020	international tribunal set fix level responsibility Chinese bio warfare Wuhan Chinese Virus colossal loss socio economic fall out
Mon Mar 16 23:16:08 +0000 2020	activate missile station poland czech security test missile boat europe
Wed Mar 11 11:55:17 +0000 2020	continue fund Turkish Coast Guard recently 32mil euro ram Greek Coast Guard vessel 05 45 Today
Mon Mar 30 16:23:19 +0000 2020	
Sun Mar 22 22:35:29 +0000 2020	🔴 ☣ ⛑ ☠ Ms Merkel remember Ultimatum give leader choose mock enjoy ur foolish decision Ms Merkel WELCOME WELCOME
Thu Mar 12 07:35:19 +0000 2020	lockdown France Germany Spain necessary measure mitigate impact COVID 19 week Italy
Mon Mar 16 03:29:22 +0000 2020	money Multicultural Wet Dream cost community people kill & amp replace Foreign Student
Tue Mar 31 16:10:31 +0000 2020	Thank Jesus Subject Report Successful Treatment Coronavirus
Tue Mar 17 11:50:19 +0000 2020	problem France Germany Belgium contain virus going spread European inion
Wed Mar 11 21:32:42 +0000 2020	hanks Jesus Subject IBM Summit find Covid 19 drug treatment
Tue Mar 17 09:12:41 +0000 2020	Thank Jesus Subject Chloroquine Zinc Novel Coronavirus Disease Video show
Tue Mar 17 14:41:57 +0000 2020	Thank Jesus Subject French researcher post successful Covid 19 drug trial
Sun Apr 19 04:22:55 +0000 2020	Till today dang clue create bitcoin control bitcoin & amp market driver price valuation Vadakayil know
Wed Mar 04 17:11:26 +0000 2020	definition insanity thing expect different result talk appeasement regime
Tue Mar 24 13:49:58 +0000 2020	world G7 destroy destroy atomic bomb Hydrogen bomb missile atomic bomb China China accustom world
Fri Mar 20 23:42:10 +0000 2020	Germany management Corona case despite have case fatality rate remarkably low share rest world
Tue Mar 17 01:36:39 +0000 2020	Thank Jesus Subject Cure Drug Video Believe Unbelieve God open river desert
Wed Mar 18 02:14:05 +0000 2020	Thank Jesus Subject 75 patient cure day
Wed Apr 01 21:59:22 +0000 2020	advise concentrate total victory coronavirus let aside politics timeout repeatedly ask GOD & amp ANGEL SAVE WORLD generation
Thu Mar 12 20:19:36 +0000 2020	Thank Jesus Subject Saving live COVID 19 severe
Sat Apr 04 21:27:03 +0000 2020	Thank Jesus Subject good outcome 38 47 patient drug treat
Thu Apr 09 10:02:23 +0000 2020	Ahead UN security meeting demand strong action China
Fri Apr 03 23:34:49 +0000 2020	Thank Jesus Subject fool Jesus milllion case
Wed Mar 11 18:52:07 +0000 2020	pandemic declare charge UN seek find country genetically alter virus leader country try crime humanity Let brave position
Tue Apr 21 10:42:23 +0000 2020	respect English translation heart feel speech
Thu Mar 26 07:38:21 +0000 2020	speculate DEATH BOUND ESM speculation account GOD day come GOD case mercy Photo dead bring crematorium
Sun Mar 29 16:05:26 +0000 2020	Respected madam aayurveda alum water treat Viral sore throat problem believe help fight corona virus Best regard Abhinay
Wed Mar 25 07:34:49 +0000 2020	free man citizen country Happy birthday homeland
Fri Apr 10 02:19:17 +0000 2020	Thank Jesus Subject USA lead world term death count 16 691 468 566 infection Clinical trial small number unclear Wait 16 691 death aren COVID 19 Thank Jesus 11
Fri Apr 17 08:08:57 +0000 2020	INDIA KILL MUSLIM MINORITY ALLOW MOBS KILL INNOCENT UNPUNISHED INDIAN MINORITY STAY PROTECT ABROAD PROTECT MINORITY
Fri Apr 03 20:47:04 +0000 2020	leader crisis hopefully come alive world international organisation stand United crime humanity
Mon Mar 16 12:04:17 +0000 2020	ENTIRE WORLD DISGUSTING TRUMP FAMILY Family Responsible REFUSE COVID19 TEST AMERICAN SICK DIE TRUMP GREED Kushner Owned Oscar test USA 🇺 🇸
Tue Mar 17 18:07:24 +0000 2020	comes save German bank finance Mes let arrive migrant Italy normal Italy need emergency mask border close
Wed Apr 01 04:39:35 +0000 2020	Thank Jesus Subject Hydroxychloroquine therapy reduce recovery time
Fri Apr 03 17:29:44 +0000 2020	find expose
Thu Mar 19 04:49:49 +0000 2020	help understand Germany 12 000 confirm case Covid 19 report 28 fatality keep people alive appreciate share
Thu Mar 26 20:20:47 +0000 2020	hold responsible death EU forthcoming return fascism europe country kit exent
Tue Apr 21 08:07:47 +0000 2020	innocent Syrian boy kill Syria say die report God complain God send coronavirus
Tue Mar 31 07:09:32 +0000 2020	Dear Mrs Merkel didn hear single sound mouth condemn antiliberal anti democratic special power law Hungary let create fascist / nazi country Hungary risk grow eastern country Wait
Thu Apr 02 13:39:11 +0000 2020	Stop Huawei
Sat Mar 21 20:46:39 +0000 2020	Madam Chancellor Kindly react ASAP lock entire week avoid exponential spread
Sat Mar 21 06:19:38 +0000 2020	READ SHARE IMPORTANT hook multiple people ventilator link
Sat Feb 22 15:13:30 +0000 2020	Exploitation Employee Outrageous OfPower&amp Stinking CowardiceActby CEO DirectorHRManagerRiskManagerEthic&amp legalTeam likeMAFIA FundamentalRightToWork CompromisedWithMultiple threat ITCompanyUSA BodyShopping inIndia Influence Manipulate LAW WhatToDo UrView
Sat Feb 22 20:03:11 +0000 2020	Thank Jesus Subject COVID 2019 Dawn Sichuan batch 90 000 chloroquine phosphate drug donate Hubei
Tue Mar 24 07:31:36 +0000 2020	Dear Mrs Angela Merkel tell doctor twit yestarday read follow link understand value scientific information inform positive COVID 19
Sun Mar 29 00:53:52 +0000 2020	Thank Jesus Subject Chloroquine drug treatment clinical trial Website write Chinese translate
Fri Mar 13 18:10:26 +0000 2020	Scammer American Appear American appear copy coronavirus drug claim invent drug believe scammer
Wed Mar 11 02:12:08 +0000 2020	Thank Jesus Subject Chloroquine phosphate work COViD 19 Chloroquine phoshpate trail report Academician Zhong Nanshan
Sun Apr 05 19:37:05 +0000 2020	Fullerene antiviral property believe Covid19 try structure destroy virus
Tue Mar 03 02:54:34 +0000 2020	Thank Jesus Subject Time Money SOS
Wed Mar 11 23:27:22 +0000 2020	Thank Jesus Subject World Fast supercomputer COVID 19 drug treatment
Thu Mar 12 02:48:13 +0000 2020	Thank Jesus Subject Italy treatment Coronavirus al Tocilizumab
Mon Mar 16 21:19:56 +0000 2020	Thank Jesus Subject Australian researcher claim exist drug cure COVID 19 patient test respond treatment
Thu Mar 12 15:02:00 +0000 2020	female Chancellor Germany serve 2005 hold doctorate degree Quantum Chemistry
Fri Apr 03 04:33:29 +0000 2020	internet Germany extremely overpriced people plan child complete school
Fri Feb 21 23:26:36 +0000 2020	Thank Jesus Subject Good News fight COVID 2019
Thu Mar 19 08:42:26 +0000 2020	Thank Jesus Subject Official TCM Formula Successfully Treat COVID 19 Patient China Qing Fei Pai Du Tang Formula Composition
Thu Apr 09 21:29:50 +0000 2020	Thank Jesus Subject Interleukin IL important pathway induce inflammatory storm
Thu Mar 19 05:16:11 +0000 2020	Merkel say crisis World War II Use vaccine Don afraid Hitoshi Ishii Japan
Tue Mar 03 22:41:14 +0000 2020	hi Hello sir & amp madam world need stop fight & amp play pollitic game deadly Novel coronavirus slip world hand world
Thu Mar 12 00:55:44 +0000 2020	Ms Merkel give ultimatum co operate Iran terrorist regime ISIS bad ISIS enter Europe destroy Germany ✔ ️Tell German Restart Army
Sat Feb 22 23:08:09 +0000 2020	Thank Jesus Subject batch million tablet expect launch February 25
Sun Mar 15 09:35:50 +0000 2020	Look save skin & amp Economy Covid19 Shut country business shop restaurant theatre & amp stay home let wait save planet ecology melt Pole & amp animal species time
Sat Mar 28 16:18:56 +0000 2020	action equal opposite reaction Covid19 action China world face pandemic reaction snatch Veto power China
Sun Feb 23 08:36:16 +0000 2020	world watch Investigate inherit million
Sun Feb 23 21:33:09 +0000 2020	Thank Jesus Subject Today China COVID 19
Mon Mar 23 20:24:04 +0000 2020	European border
Thu Mar 12 22:20:28 +0000 2020	Let united europe happen don let walk
Tue Mar 31 08:42:58 +0000 2020	don simply Palestinian blood hand bathe 24/7 365 day year come quick expect Amen
Tue Apr 07 22:02:12 +0000 2020	COMMON
Thu Mar 19 22:25:52 +0000 2020	help Catalunya spanish government don close Madrid epicenter coronavirus Help
Wed Mar 11 16:43:51 +0000 2020	Closing business deal way confront radical islamist blackmail end civilization flood union illegal immigrant terrorist require hard measure eliminate threat minimize effect
Mon Apr 06 20:41:02 +0000 2020	issue Coronavirus tge country suffer think Coronavirus cause happen Wuhan spread tge world prevent Hope free country awake
Tue Apr 07 14:14:01 +0000 2020	finally waste water test polio spread feces & amp water — infect people poop study refer BBC 88 radio washington DC
Wed Apr 22 19:27:41 +0000 2020	like Europe need Marshall Plan EU need similar plan Germany & amp wealthy Northern EU member
Mon Apr 06 11:21:53 +0000 2020	Angela translate video feel ashamed medium Spain especially etc apologize Spanish people government
Wed Mar 25 08:34:04 +0000 2020	China drag International Court UNSC seat & amp VETO Power Economically Boycott China
Wed Mar 18 15:57:08 +0000 2020	note think
Sat Apr 18 08:46:58 +0000 2020	Germany call Ngo cease SAR activity Italy & amp Malta close port rescue people wait remove flag ship pitiful
Wed Mar 25 08:37:11 +0000 2020	China drag International Court strip UNSC seat & amp VETO Power Economically Boycott China
Mon Apr 06 11:21:10 +0000 2020	WORLD SUFFER CARTEL CAPITALISM Create TERRORISM & amp COLDWAR Create PMs
Sat Mar 14 19:21:04 +0000 2020	Like Thank Mr President
Tue Mar 03 09:38:34 +0000 2020	RESPONSABILITY STOP RUSSIA / ASSAD REGIME MASSACRE 9YRS LONG GENOCIDE & amp EU STANDING SIDELINE EU POLITICIAN = COWARD
Mon Mar 23 00:25:14 +0000 2020	love know wine selection
Wed Apr 01 19:47:53 +0000 2020	think claim German sell Italy share European Union Let start increase product export fee country Stop falsity
Sat Apr 11 01:49:28 +0000 2020	Thank Jesus Subject BCG vaccine TB detrimental battle COVID 19 1000 healthcare worker clinical trial Good News BCG vaccine
Mon Apr 06 20:28:45 +0000 2020	Thank Jesus Subject Seattle Chinese Family Physician self report story treat new crown patient story
Wed Mar 04 16:56:08 +0000 2020	ble Madam year find Modi & amp BJP govt day day crime innocent Indian CAA / Other Un nesseray Act / Bill decide kind ventilation /afflitions /support Modi /bjp govt remove thank
Thu Mar 26 07:33:22 +0000 2020	MONEY dead GOD mercy moment bank finance state pass market ECB like FED CHINESE bank JAPANESE bank ESM criminal
Mon Mar 16 09:59:23 +0000 2020	aren involve COVID 19 pharyngeal swab useless thymus work thank Reconstruct Mitochondrial Quantum Therapy Contact avoid poorly sensitive pharyngeal swab COVID
Sun Mar 22 18:39:06 +0000 2020	Egypt wish good GOD bless 🙏 🙏 🙏
Mon Mar 23 00:50:54 +0000 2020	happy chancellor dornald duck
Mon Mar 30 06:34:17 +0000 2020	German mrs Merkel Pleade read
Wed Mar 25 11:13:47 +0000 2020	irresponsible nation China hold responsible post Security Council World unite dual character China
Fri Mar 27 07:22:50 +0000 2020	hypocrite don want Europe Germany Netherlands dirty thing
Wed Mar 11 06:41:04 +0000 2020	EUROPE time different certainly remember day forever
Fri Mar 20 19:26:47 +0000 2020	Germany confiscate facemask destine Belgium Netherlands 1943
Fri Apr 10 14:07:59 +0000 2020	16 000 death Spain responsible
Wed Apr 01 20:35:54 +0000 2020	remember debt forgive Italy remember dead germany
Wed Apr 01 09:41:06 +0000 2020	Virus climate FAKE NEWS
Sat Apr 18 21:00:46 +0000 2020	UK Emergency Nurse & amp Doctor Need Gowns run & amp Dying help Thank
Thu Mar 26 07:28:03 +0000 2020	EUROPE bear GOD GOD bring
Tue Apr 07 11:49:09 +0000 2020	Thank Excelency help Jan Sttutgard respect admiration Wish well
Fri Mar 13 16:44:10 +0000 2020	Merkel name influential female 2019 //t co/1S4zD1nIxL Family congratulate welcome relax mediate heartfulness Family
Mon Mar 16 04:46:05 +0000 2020	risk coronavirus Brazilian patriot street Brazilian state support President Bolsonaro corruption National Congress Supreme Court
Fri Apr 03 21:42:46 +0000 2020	Audi Palo Alto fine put order seven SQ8 model paint whatsoever internet capability cell phone capability Bluetooth fine
Wed Mar 25 17:50:02 +0000 2020	Sir / Madam rid pigeon city excreta contain lung inflammatory fungus & amp spore aggravate Covid 19 & amp result casualty
Sat Mar 14 20:29:41 +0000 2020	madrid big virus focus spain crazy spanish MP keep allow massive madrid exodus train refuse protect catalonia act
Thu Mar 26 04:47:07 +0000 2020	Pass resolution China responsibility spread Corona Virus on / against Humanity World impose Sanctions Compensation 10 trillion dollar Biological Bomb
Wed Mar 04 22:41:10 +0000 2020	Understand World Literally Worsen Everyday Highly Essential Macron EU Leader Immediately Begin Type Restructure Plan Transition Coronavirus Huge Trouble
Mon Apr 06 04:57:31 +0000 2020	aren allow ride horse motorcycle gang fill road yesterday guy meet chat set return risk breakdown expose road assist staff Plenty people jog / cycling past way close
Mon Mar 30 14:47:49 +0000 2020	Hungary nazi dictatorship EU agree Mrs Merkel kick Hungary EU maybe kick Fidesz Popolar Party Let orthodoxy Mrs Merkel Italy Eurobond preserve democracy EU
Fri Mar 13 17:24:37 +0000 2020	ble Madam hope & amp pray Lord Jesus control CoronaVirus confirn wisher
Fri Apr 03 11:56:36 +0000 2020	COMPROMISE DON CREATE EUROBOND REFERENDUM PRO ITALEXIT 2020 EUROPE
Tue Apr 21 05:41:36 +0000 2020	think confinement change nature relation company bank account abroad Sincerely Fabrice BOUSSEL 92290 Châtenay Malabry FRANCE
Tue Apr 21 10:05:42 +0000 2020	demonstrate shameful unfair EU dead
Mon Mar 30 19:17:04 +0000 2020	Country world stop trade China forever China mongrel curse country mankind
Fri Mar 13 18:10:52 +0000 2020	anticancer drug invent soon debut world think person copy invention scammer claim invention
Thu Mar 26 14:34:17 +0000 2020	World united terrorist CHINA hard action biological weapon UN think china UN
Tue Mar 31 02:41:23 +0000 2020	cc finally go far cover excuse establish want Time
Fri Apr 17 10:22:54 +0000 2020	aware Brasil Fascist like virus crisis go Maybe Covid19 Nuremberg Trial necessary
Thu Mar 26 23:29:22 +0000 2020	BIGGEST NAZI TIMES friend Orban jail Greece Italy Euro EU IMMEDIATELY
Sun Mar 29 11:49:13 +0000 2020	selfish idiot Italy fall EU fall Ecco come Europa cancellò il debito della Germania
Fri Mar 27 12:16:33 +0000 2020	LOGICAL REASONING RUSSIA POSE THREAT WANT ENEMY GERMANY EUROPEAN UNION COUNTRY ACCEPT MILITARY BASE NUCLEAR WEAPON USA THREATEN RUSSIA UNNECESSARILY
Sun Feb 23 19:29:18 +0000 2020	Thank Jesus Subject Chloroquine phosphate drug Hubei
Thu Mar 05 14:26:23 +0000 2020	Greece need problem Compile fling open door Europe thousand unchecked migrant monumental mistake destroy Europe stand help Greek
Thu Mar 05 09:54:37 +0000 2020	WAR AGAINS TERROR TERROR WAR CIVILIAN EYES OPENING ACT SAVE LIFE & amp HUMANITY
Thu Mar 05 09:53:45 +0000 2020	WAR AGAINS TERROR TERROR WAR CIVILIAN EYES OPENING ACT SAFE LIVE & amp HUMANITY
Thu Mar 05 09:55:14 +0000 2020	WAR TERROR TERROR WAR CIVILIAN EYES OPENING ACT SAFE LIVE & amp HUMANITY
Tue Apr 07 11:16:30 +0000 2020	common man planet argue strict action china & amp like people suffer bio weapon
Thu Mar 19 17:28:44 +0000 2020	Believe ve Best America Believe Long Chance America People Obviously Real Legitimate Need IMMEDIATE EU Citizenship
Sat Apr 18 16:07:45 +0000 2020	Dear Mrs Angela Merkel people world ask Doesn God Save World Leader Execute Strategy COVID 19 Pandemic Skip follow affirmation
Sun Apr 12 01:11:23 +0000 2020	SCARY MOMENT GERMAN BANK 27/7/2011 Greece credit rating downgrade Standard&amp Poor CCC CC 8/8/2011 Athens Stock Exchange general index fall 1000 point low level January 1997
Sat Mar 28 00:26:06 +0000 2020	Dear Mrs Merkel know angry prime minister Giuseppe Conte charmant anymore know thousand people die Italy Spain France etc uncar inhuman b*tch shame mankind
Tue Mar 31 10:37:09 +0000 2020	homeopathic dr frm Kolkata India with15yrs exp dr allow treat Covid19 patient ready extend help crisis Germany dr help mankind crisis kindly let know
