created_at	text
Mon Mar 30 16:05:03 +0000 2020	that s order need quickly fast sort thing well
Thu Apr 02 08:48:58 +0000 2020	toxic corrupt child rape terrorist rape cult government didn respect uphold right prior COVID19 chance ll respect uphold viral pandemic sympathy people don stand right
Fri Mar 27 02:49:13 +0000 2020	PM say urge G20 leader take fight twin crisis save life overcome pandemic cushion economic blow take emergency G20 virtual summit night Pics AAP
Tue Apr 07 16:15:42 +0000 2020	ATM Key pad cover Sanisfy Anti viral film protect ATM user cross contamination kill COVID 19 virus instantly film paste keypad door handle Atm change week
Fri Mar 13 00:44:45 +0000 2020	strongly feel strong economic / trade sanction carelessness result BILLIONS DOLLARS loss bring GLOBAL ECONOMY brink RECESSION thousand DEATH & amp put thousand HUMAN LIFE risk
Mon Apr 06 17:49:57 +0000 2020	build cold storage nation wide Public Private Partner ship MNAREGA serve purpose facilitate storage perisheble Agri Produce generate employment great extent subsidy rent farmer Hope like theidea
Fri Apr 03 06:32:25 +0000 2020	Stead Backing Trillian Plan Boost Battered Global Economy Call Fund Help World Country Prepare Worst Effect Equipped
Thu Mar 19 09:15:07 +0000 2020	Check video fight Corona community world Plz spread humanity fight Corona
Tue Mar 31 08:49:37 +0000 2020	single international flight Landing Canada absolutely screen whatsoever airport
Sun Mar 15 14:38:10 +0000 2020	Australian PM say PM propose initiative fight Prime Minister Modi keen organise link G20 leader think think commendable initiative
Tue Mar 03 06:10:34 +0000 2020	Pt18 know terrorist & amp reading tweet ve send Add Dallas TX Pelham NY Arlington TX Las Vegas&amp Henderson NV Connecticut Georgia Massachusetts Yonkers NY
Tue Mar 31 04:58:37 +0000 2020	Transparency information provide Prime Minister Trudeau team unprecedented crisis help people good Prime Minister sincere speech deed backbone Canada national trust Canada soon overcome crisis
Wed Mar 18 05:40:24 +0000 2020	request consider international lockdown city wise state wise country wise World come need fight
Fri Mar 27 17:14:43 +0000 2020	sir what s ur action plan Bihar plan like Delhi & amp state plan Come & amp like proper screening isolation & amp emergency ward require equipment fight corona
Wed Apr 22 08:49:44 +0000 2020	discuss hit economy need push trade lead recovery world economy include work G20 commit work fight virus recovery
Mon Apr 06 13:46:38 +0000 2020	Thnku Haryana MINISTER ANIL JI take strong action tabliki person want state type action recover COVID 19
Sun Mar 22 13:26:19 +0000 2020	govt come solution fight economy battle Modi ji appeal people forgo gas subsidy get good result Similar modi ji request landlord reduce rent half month
Fri Apr 03 09:12:32 +0000 2020	World Health Organisation Warn Month Ago Give Money Science Research International Institute Vaccine Plead Urgently Fund Vaccine Research
Mon Apr 06 12:47:46 +0000 2020	currently benevolently finance factory produce promise previously praise warn Merkel & amp EU 🇪 🇺 Co Op willkommen Pavlovian leader 🐶 🦴
Mon Apr 06 17:43:20 +0000 2020	happy hear sir kudos stewardship look Economic gloom positive action Issue Ifrastracture bond corporate subscription repo +1 dnominetion ₹ 1000000/ ₹ 10000/ general public Repo +2 20 year money
Tue Apr 07 05:06:22 +0000 2020	Yes Sir pray Human being Healthy Welthy Prosperous life dhanvantri ji guide way combat pandemic Let pray world 🙏 🙏 🙏 🙏
Mon Mar 16 05:47:14 +0000 2020	Australian PM ⁦⁩ commend PM s⁩ proposal G20 cooperation coronavirus laud & amp promise support Indian counterpart Narendra Modi effort organise link 20 leader combat coronavirus pandemic
Mon Mar 16 03:03:05 +0000 2020	Australian PM say keen organise link G20 leader fight think commendable initiative
Tue Mar 31 04:25:53 +0000 2020	Mr Trudeau money United way huge percentage CEO CFO money directly people money decide use
Tue Mar 31 14:40:07 +0000 2020	think plan immigrate bring forward Mr President Appreciate work nation Aus buying ventilator soon Great country people citizen subject Thank Mr President
Tue Apr 07 03:15:15 +0000 2020	recommend Aarogya Setu app fight COVID19 download share link Android
Wed Apr 08 07:44:56 +0000 2020	Sir possible think LOCKDOWN extension private employee starve real estate company pay salary company pay salary February till pay month delay salary private employee hardly save
Mon Apr 06 14:58:15 +0000 2020	numerology COVID 19 say COVID 2019 fast relief viruse
Sun Mar 29 15:51:57 +0000 2020	Evil Virus near end 🙏 We people World DEMAND justice Forever Communist Leader Xi Jinping know Jan 20 highly human contagious allow 5Million leave Wuhan 🇨 🇳 unchecked ing Act Terrorism
Wed Apr 22 23:40:04 +0000 2020	Remember Schemo break international law date World War Australian Consider Australian Constitutional International Criminal
Tue Mar 31 04:06:11 +0000 2020	Universal Basic income Prime Minister Jagmeet Singh excellent point Power Politics today CBC Jagmeet say Canadian don TIME wait April 6th apply assistance government Canadian need money ASAP
Fri Apr 10 21:15:38 +0000 2020	act cooperation border able ensure PPE reach literally put life line room destructive competition country
Fri Mar 27 00:30:04 +0000 2020	PM statement extraordinary G20 Leader Summit night include clear focus region
Tue Mar 31 21:56:03 +0000 2020	say go allocate money family crisis plan extra Child Benefit 20th virus calm life resume believe wouldn pay Clever ploy
Sat Feb 22 21:15:53 +0000 2020	matter time virus Pakistan Afghanistan country limit international flight good control situation allow prepare establish quarantine social separation
Thu Mar 26 20:21:58 +0000 2020	G20 leader tell 80 country want financial aid virus country life support give need stay alive know foreign aid doesn suppose
Fri Mar 27 08:23:34 +0000 2020	emphasise commit working country overcome cushion economic blow Crucial global support focus island & amp Timor Leste
Thu Mar 26 09:29:58 +0000 2020	PM critical error Australia approach 19 outbreak grow exponentially stop dead track matter week month involve put health implement national lockdown week
Tue Apr 07 11:08:23 +0000 2020	Kerala FinMin Dacoit Govt spend money helicopter AMIDST lockdown & amp COVID 19 want Union government print currency state government pay month pension Idiot think people fool like brain dead Cadre
Sat Apr 11 15:18:03 +0000 2020	people trap city Indian govt initiative start flight train pessanger maintain distance train / flight
Sat Mar 21 09:35:12 +0000 2020	compassion care supportive honesty integrity
Wed Apr 22 21:50:48 +0000 2020	rally world leader combat make think listen ignore science scientist year condemn ridicule globally
Thu Apr 02 04:54:58 +0000 2020	000 000 people fly quarantine city pay poor infect people fly
Fri Apr 03 21:04:49 +0000 2020	& amp co refuse provide people money buy food & amp spend live starve falsely claim worth money & amp award undeserved pay rise discordance people wonder happen
Wed Mar 25 20:14:45 +0000 2020	Prime Minister call G20 leader ensure global trading system survive pandemic
Mon Mar 30 15:28:50 +0000 2020	Chinese property company base Sydney fly 80 tonne medical supply corporate jet Wuhan late February major shareholder rich 38 year old woman China
Sat Apr 11 08:35:14 +0000 2020	believe country see death Pakistan terrorist factory China corona virus biological killing factory
Mon Apr 06 13:30:21 +0000 2020	Hola Wish sound health amazing skill graphic design Contact similar Design
Fri Mar 27 12:46:18 +0000 2020	PM attend virtual Leader Summit night host Majesty King Salman Saudi Arabia leader discuss impact pandemic & amp coordinate global response Read Leader Statement
Sun Feb 23 04:43:39 +0000 2020	Pt19 Private Investigator Barry Watson Timothy Nim NY Andy Gordon CT Albert Cercone TX LeAnn McDaniel TX Andrew Vernon Casey&amp Claire Carlson Hamburg NY
Sat Mar 14 09:41:14 +0000 2020	duty world leader fight JIHAD / BIGOTED ISLAMISM unitedly & amp Time & amp Energy save fight big threat like Corona climate change poverty etc world good place live
Thu Mar 26 20:39:08 +0000 2020	Prime Minister speak G20 leader overnight emergency video conference coronavirus pandemic put pressure global economy
Fri Feb 21 23:38:30 +0000 2020	Pt16 & amp Private Investigator NY TX NV CT MA GA order cover continue&amp away hack devices&amp cause sex scandal ashame
Mon Apr 06 16:23:27 +0000 2020	curse neighbour like China believe responsible spread corona Pakistan terrorism epicentre create rift India mean Pakistan rogue state deserves remove world map urgent basis cost
Mon Apr 06 13:56:15 +0000 2020	discuss yesterday light Australia Bhakts say celebrate Australia
Sat Feb 22 21:07:54 +0000 2020	global pandemic limit international flight week findout go worng
Sun Mar 15 17:31:25 +0000 2020	Australian PM say Prime Minister Modi keen organise link G20 leader fight & amp think think commendable initiative
Mon Mar 16 03:02:33 +0000 2020	Australian PM say Indian Prime Minister keen organise link G20 leader fight think commendable initiative
Mon Feb 24 08:22:51 +0000 2020	go human right Drop charge
Sun Mar 15 10:23:27 +0000 2020	Watch Australian PM say Prime Minister Modi keen organise link G20 leader fight & amp think think commendable initiative
Sun Feb 23 04:26:34 +0000 2020	Pt17 have involve continue have police departments&amp private investigator different state track hack device cover doing&amp continue take sex scandal
Sun Mar 15 21:11:41 +0000 2020	Australian PM say Prime Minister keen organise link G20 leader fight & amp think think commendable initiative
Thu Apr 02 00:05:22 +0000 2020	Masks Good Public Place Explain HomeMade Cloth Mask & amp Good Mask Protect & amp Create Barrier Virus Mouth & amp Nose Unable Infect & amp Virus Air Unable Mouth Nose
Mon Mar 16 06:11:09 +0000 2020	World look Isreal Iran Spain G20 think high time use soft power fight pandemic fill vacuum Global power Jai Hind
Tue Mar 31 14:43:51 +0000 2020	protect senior give money United Way blow majority fund admin cost lose life pension market real help middle class pensioner long middle class
Wed Apr 08 08:57:39 +0000 2020	Sir international student Australia job come spend money education international student India food shelter soon hope Sir
Mon Mar 16 10:10:36 +0000 2020	Australian PM commend PM proposal G20 cooperation coronavirus
Wed Apr 22 22:30:42 +0000 2020	examine give power similar international weapon inspector enter country investigate outbreak have wait consent government source tell Reuters
Mon Mar 16 10:25:06 +0000 2020	PM commend PM proposal cooperation mygovindium bjp4india
Mon Apr 06 21:27:47 +0000 2020	Thank honourable Prime minister Shri Narendra Modi Ji trust definitely step people way look public India God bless inspiration Jai hind 🙏 🙏
Fri Feb 21 23:11:14 +0000 2020	Pt5 Roman Kikta Dallas TX Josette Sprott NYC Chantel Lewin LithiaSprings GA Eric Serrano Queens NY Ben Arokoyo StatenIsland NY Cynthia Enamorado LasVegas NV Hector Leon Lara Diaz Torre Mexico Sean Dillon NYC
Mon Apr 20 23:45:30 +0000 2020	Australias 🇦 🇺 Prime Minister know CCP Coronavirus right January & amp February 2020 & amp PREPARED whilst USA 🇺 🇲 President small brain know information USA 🇺 🇲 Intelligence Agency period & amp NOTHING‼
Tue Mar 31 11:51:07 +0000 2020	economy protect try implement Tax increase time government receive tax money
Wed Apr 01 05:58:51 +0000 2020	Bernard Collaery book Diplomacy education deceit Lie cheat espionage public interest good
Sun Mar 15 01:03:20 +0000 2020	constituent Adore Hahahaha Bingo laughable historical data
Tue Mar 31 04:28:30 +0000 2020	South Korea good job slow number new case test wear mask plan enforce wear mask public
Tue Mar 31 04:34:51 +0000 2020	mr prime minister justin canada foward fight covid19
Tue Mar 31 10:56:54 +0000 2020	Thank 2900 way flight delhi toronto stopover london epicenter covid 19 travel wife kid get fever London responsibility state fever boarding india & amp london allow board
Tue Mar 31 09:56:51 +0000 2020	Dear Prime Minister Introduce related policy protect foreign student visit scholar strand Canada people live share housing
Sat Apr 04 07:02:47 +0000 2020	talk reaction human reaction 5 G network put Scientist say virus cover 5 G high frequency kill people
Thu Mar 26 10:29:23 +0000 2020	sleep night know family face South Africa military openly threaten assault people need step rubbish human right violation
Tue Mar 31 07:03:40 +0000 2020	Chinese mask anti body test kit ready export Canada long time battle
Tue Apr 07 07:09:50 +0000 2020	Directorate public relation bhopal employee go office DPR request employee work home employee force come office 60 + employee allow affraid
Mon Apr 06 16:47:36 +0000 2020	terrorisism TABLIGHI MARKAZ use Army prime minister home minister use army torture terrorist KILL BAN TABHLIGI MARKAZ USE NSA LAW INDIA DIE AMIT SHAH
Mon Mar 16 07:11:46 +0000 2020	Dear G20 nation focus Isolation lockdown Exchange medical scientific practice breakthrough Bring number affect
Tue Mar 17 05:13:56 +0000 2020	PM say keen organise link G20 leader fight think commendable initiative
Sun Apr 05 10:53:21 +0000 2020	need money Ring
Wed Apr 22 05:02:21 +0000 2020	Want stop war Afghanistan Partition way forward negotiate terrorist want labour DLP Lithgow
Wed Apr 01 00:07:01 +0000 2020	strict action Human Right violation Pakistan give free food Muslim Non Muslim bar
Wed Apr 22 09:19:56 +0000 2020	absolutely correct G20 active role set thing right world
Tue Mar 31 12:03:22 +0000 2020	Realize careful balance live economy ve stop thing start shut global economy 12 month
Thu Apr 23 05:27:48 +0000 2020	sir pursue right path insist origin covid 19 cover cause great disaster human race Pls use good office Pls daily dairy agenda
Tue Apr 07 04:46:02 +0000 2020	win Fight Sir
Mon Apr 06 16:25:41 +0000 2020	Right
Tue Apr 07 11:31:34 +0000 2020	confused right PM ji week tell international student sure mean support
Mon Apr 06 16:50:26 +0000 2020	Honorable prime minister yesterday suffer Gujarat police say offense cross 144 rule person sit farm land bore near road offense time enter public crowd mar 26
Mon Apr 06 13:34:06 +0000 2020	Good night
Mon Apr 06 15:18:04 +0000 2020	Want earn money home click
Mon Apr 06 13:33:41 +0000 2020	Brave Man Freedom fight
Sun Mar 29 06:07:20 +0000 2020	dear Sir listen Man Ki baat doctor commite serve humanity work day death doctor Saifee quarantine duty provide PPE
Mon Mar 16 03:29:22 +0000 2020	money Multicultural Wet Dream cost community people kill & amp replace Foreign Student
Tue Mar 31 05:19:32 +0000 2020	economy drain mention position millennial
Mon Apr 06 23:58:08 +0000 2020	try old ayurvedic nuska fight corona virus
Fri Mar 27 12:13:34 +0000 2020	truly crap man want huge tax cut wealthy suddenly flip say doesn want high income earner get money saying doesn want get money
Sat Mar 21 23:15:22 +0000 2020	terrified economic recovery solution Seriously scare
Tue Mar 31 04:40:45 +0000 2020	Give head economic depression fact generous trust fund live don donate salary include pay rise charity choice know like
Sun Mar 15 13:23:59 +0000 2020	state head SAARC country Australian Prime Minister appreciate PM commendable initiative Say aware PM Modi keen organise link G20 leader Australia support
Mon Mar 30 02:02:19 +0000 2020	find
Tue Mar 31 04:08:46 +0000 2020	Scott Morrison tone deaf man go vacation Hawaii Australia fire year slow help victim Bush fire slow help Australian pandemic
Thu Mar 12 18:04:07 +0000 2020	india Israel Australia need epidemiologist artificial intelligence base model way reduse dependency Chinese medical supply line
Tue Apr 07 14:10:55 +0000 2020	warm Thank understand feel share Relaxed Calm WIN Fight Globally student study Sydney
Fri Apr 03 06:29:56 +0000 2020	Nuking Nazis East CCP good way save people live right Action like point lab grow pandemic instruction sabotage CCP party worker
Tue Mar 31 04:04:10 +0000 2020	law protect tenant landlord force covid situation Hold deposit make bad new comer Canada
Tue Mar 31 08:28:28 +0000 2020	Maybe defer Premier update world leader progress Canada one lead fight hiding blankie
Thu Apr 02 23:30:17 +0000 2020	give big BANK 80 FOREIGN OWNED allow bank rip & amp asset strip increase wealth rich FOREIGN investor mainly AMERICAN
Sun Mar 15 13:01:33 +0000 2020	Prime Minister Australia aware Prime Minister keen organise link G20 leader think commendable initiative Australia obviously support
Sat Mar 21 04:53:36 +0000 2020	Hey want check
Sun Mar 22 03:17:39 +0000 2020	Indian student Australia prepare 5 pm IST & amp clap frontline doctor & amp Military officer India Australia help citizen fight virus
Mon Apr 06 16:54:59 +0000 2020	Modi ji Reputed hospital like wockhardt jaslok mumbai flout safety norm medical staff PPE provide outcome devastate Act criminal negligence management hospital way fight covid
Sun Mar 15 08:48:37 +0000 2020	Hi Oz Hi Germany accord Matt Hancock claim follow herd immunity approach country confirm murder 440 000 English
Mon Mar 16 07:10:50 +0000 2020	Instead India & amp G20 evacuate citizen country & amp increase danger unaffected flight let Lab & amp help create temporary isolation ward
Mon Apr 06 16:53:47 +0000 2020	Thank time stay united fight rid Chinese Virus soon
Tue Mar 31 04:07:34 +0000 2020	ignore Canadian social assistance college university student Yes hear give United Way money call legal charity scam use money payroll little homeless people need cash ignore LGBT Canadian
Mon Apr 06 14:56:04 +0000 2020	great appreciate modi ji pls think quality education good Modi ji researcher inventor Pls sir help
Mon Apr 06 15:32:22 +0000 2020	request work hard pay tax burn money waste people let die
Thu Apr 23 00:29:39 +0000 2020	Day Virgin hit fence silence step Recovery hard 16 000 job worker govt Team Australia
Mon Feb 24 05:56:47 +0000 2020	Learnt Australia multicultural Money go andcthere Let
Mon Mar 23 00:00:12 +0000 2020	consider matter convene meet
Mon Apr 06 15:11:33 +0000 2020	Indian student Canada need help ve see post internet ensure provide time Thank
Fri Apr 03 23:52:11 +0000 2020	Forget word forget thought important state pure consciousness collectiveness prayer Let merge individual mind collective mind Join global Spiritual experiment chant GayatriMantras everydayfor 10 mts 15 30 pm
Wed Apr 01 14:35:51 +0000 2020	Social Economic Political & amp Foreign strategic Conspiracy
Tue Mar 31 16:13:28 +0000 2020	Dear Mr Prime Minister need plan increase rapid testing capability therapeutics leverage FDA approve purpose plan improve hospital resource make effort
Mon Apr 06 13:29:02 +0000 2020	Modi ji apke lockdown ka palan ho raha hai Aaj 06 45pm today daily aise hota hai Versova village andheri west plz action lao 🙏 🙏
Mon Apr 06 13:38:07 +0000 2020	Sir 1st lockdown perhep 95 case know authority sake economy Police medical admin staff temporary hospital fort MP Raj admit patient state lockopen state free seekness send home
Tue Apr 07 14:12:01 +0000 2020	
Fri Mar 27 02:26:05 +0000 2020	COUNTRY BREAK Ask cause wanna know lockdown consult G20 leader global economy decide lockdown
Mon Apr 06 17:15:35 +0000 2020	education master rly service public 50 salary government month
Wed Apr 01 16:28:23 +0000 2020	Yes Tedros say test isolate fight fire blindfold stop pandemic don know infect simple message country test test test test
Tue Mar 31 05:37:16 +0000 2020	Canadian economy strong people safe
Sat Mar 21 12:30:13 +0000 2020	listen Canadian PM look citizen country STOP LISTEN LEARN
Wed Mar 04 09:57:40 +0000 2020	BBC finally want speak pal Modi speak complicit crime humanity forget history legacy
Tue Mar 03 07:17:02 +0000 2020	know themself good don feel normal STEP STAY HOME Inform phone RISK INFECT way slow Till find cure Don Gov inforce
Mon Apr 06 16:31:15 +0000 2020	Kindly notice donate invention corona medicine human ginipig
Mon Mar 23 11:43:29 +0000 2020	reach help guidance wife Australian Citizen travel India sudden demise father leave child aged year year take Singapore Airlines return date 4th April change
Tue Mar 31 04:05:19 +0000 2020	Hey PM wanna hear right try hydroxychloroquine don wanna hear excuse able use decade hear problem
Tue Mar 31 21:52:51 +0000 2020	night sleep harlot stalk burglarize hostel contaminate container hand soap color dye & amp disease know terminal
Sun Apr 19 08:27:37 +0000 2020	asset strip ACN revoke anytime soon ve 2014
Fri Apr 03 10:13:35 +0000 2020	Leader free world guy pressure remove director general corrupt
Tue Mar 31 12:23:13 +0000 2020	Raise tax economic downturn pandemic bad thing Raise tax take raise wrong
Sun Mar 15 13:29:24 +0000 2020	Australian PM say mention speak Prime Minister Johnson come G20 aware Prime Minister keen organise link G20 leader
Tue Mar 31 09:46:43 +0000 2020	hope Canadian government soon correct step order minimize risk live student people far Home country proud good COVID 19 haven see major step till date
Sun Mar 15 13:26:16 +0000 2020	state head SAARC country Australian PM appreciate PM commendable initiative PM Morrison say aware PM Modi keen organise link leader
Thu Mar 26 05:10:29 +0000 2020	time impose inevitable economic restriction trade china idiotic development virus spread world resume operation usually
Thu Mar 26 23:27:17 +0000 2020	PM detail G20 leader support Australia provide Pacific neighbour COVID 19 response vitally call focus international response support Pacific face massive challenge ahead
Sun Mar 15 08:40:43 +0000 2020	Good initiative government internationally Send aid medical / technical help country SAARC video conferencing G20
Tue Mar 31 04:02:16 +0000 2020	Catch Prime Minister evening talk impact COVID 19 have Canada Australia talk step take people safe protect economy
Tue Apr 07 03:00:36 +0000 2020	Sir help plz prement credit card month monny prblm critical condition sir help plz sir
Mon Apr 06 17:03:33 +0000 2020	strict action Tabligi zmaat modi ji hum 100 crore Hindu ka vishvaas uth jaayega don waste time think 100 crore immidietly
Tue Mar 17 05:30:10 +0000 2020	suggestion 100 lockdown week include completely close border Clear incubation period recover people isolate Rest nation free want long don leave island
Fri Mar 20 05:32:18 +0000 2020	Government appear option Stem cell therapy treat 64 patient severe critical condition patient generally cure 10 day
Tue Mar 31 09:42:26 +0000 2020	International mrkt worldwide make lockdown week control situation government strictly ask employer pay salary employee hard time people work fear loose job risk
Tue Mar 17 05:45:22 +0000 2020	Prime Minister aware keen organise link leader think commendable initiative obviously support
Sat Mar 21 13:06:44 +0000 2020	disturb forum like G20 G7 coordinate common response Yes economic damage multiple wave coordinate response end
Tue Mar 31 09:15:34 +0000 2020	Australian marry Canadian consider different country govern hope share good advise Mr Trudeau Especially communicate clearly concisely time need
Mon Apr 06 13:52:23 +0000 2020	Sir request consider indian student canada Especially don job
Tue Mar 31 04:21:40 +0000 2020	have chit chat foreign leader focus Canadian challenge work people unemployed time student like work right aren eligible collect EI
Tue Mar 31 04:04:50 +0000 2020	raise carbon tax mp salary April global pandemic unprecedented Canadian crisis Ya think
Mon Mar 16 02:23:36 +0000 2020	Australian Prime Minister ask convene Entire world understand accept openly importance government & amp visionary Prime Minister Shri bar neighbour inhouse
Tue Mar 31 11:01:57 +0000 2020	Hah fuck face Trudeau do nt fuck right islam world fuck ower country dirt bay
Sat Mar 21 02:18:55 +0000 2020	want PUNISH Medical Crime murder commit World want investigate complicit 🇨 🇳
Thu Mar 19 11:01:48 +0000 2020	closing border foreigner bet restrict calm virus
Mon Apr 06 13:40:58 +0000 2020	work hard world right thing
Mon Apr 06 16:23:39 +0000 2020	Respected PM Sir important step hand cluster hotspot country Army strict clamp & amp overcome laxity complecency creep area positive case energise administration
Sat Mar 14 08:45:12 +0000 2020	Previous link geo engineering model aerosol / soot condense water vapour cloud & amp change reflection EMR space line array able locally scale & amp control cld
Sun Mar 15 08:07:18 +0000 2020	CORONAVIRUS GENTLEMEN TIME LIKE PRESENT Courtesy President Trump firm decisive action system integrate COST pay bill
Sat Mar 21 08:53:43 +0000 2020	time save beautiful country listen social distancing measure University big public gathering Stop immediately
Sun Mar 15 08:12:22 +0000 2020	CORONAVIRUS GENTLEMEN TIME LIKE PRESENT Courtesy President Trump firm decisive action system place COST pay bill
Tue Mar 31 15:55:53 +0000 2020	guy sneak raise pls centre agent walk soon increase
Tue Apr 07 09:19:06 +0000 2020	Thank Mr Modi talk Australian PM Indian Australia especially student
Sun Mar 29 12:22:17 +0000 2020	action CHINA virus restrict China product market share company current situation rule world pandemic help
Sun Mar 22 22:12:20 +0000 2020	Boycott China undemocratic authoritarian nature eat habit lead spread human race danger suppress fact covid2019
Wed Mar 04 06:40:28 +0000 2020	notice government ongoing refusal produce document critical obtain proper medical care & amp treatment continue prevent obtain proper medical care & amp treatment continue protest produce
Sun Feb 23 13:50:35 +0000 2020	iraq close border Iran Pakistan shitte community frequently travel Qom closed flight border south Korea Singapore
Mon Apr 06 17:56:54 +0000 2020	Mr PM speak French President Embassy look Indian student provide necessary medical help hold 15 March 2020 run money Thank Regard Parkash Bhardwaj Advocate Dandru Hamirpur HP
Tue Mar 31 09:25:40 +0000 2020	Protect economy bs carbon tax hike pay raise Canadian work struggle end meat useless POS
Tue Mar 17 08:53:23 +0000 2020	ad ad campaign shame and/or calm Australian panic buy people wouldn last day war
Tue Mar 31 04:04:59 +0000 2020	Trudeau damage economy crisis Put country deep debt elect lie groupie want don dare lie face
Tue Mar 31 04:32:29 +0000 2020	don monthly UBI month cheap administer people don need money likely put circulation spend non essential business current model bloated work seamlessly
Tue Apr 07 05:44:39 +0000 2020	Modi ji help poor people India need help generosity donation get PM Care Fund try help hunger needy poor people directly send money account provide ration
Thu Mar 26 06:12:16 +0000 2020	Hopefully meet G20 leader ll FUCK MUPPET SHUT
Sat Apr 04 13:02:50 +0000 2020	problem Chinese ppl feel sorry chinese ppl CCP kick UN human right Freedom speech Racism bad
Wed Apr 08 19:48:31 +0000 2020	Kindly sure remove China Pakistan Human Right Council China VETO power remove neutralize India give equivalent VETO power
Mon Apr 06 13:33:22 +0000 2020	30 pay cut layer highly appreciate usual think & amp strengthen Bharat Mata great son great soil
Tue Mar 31 06:16:44 +0000 2020	hard test cov19 Ontario Newmarket test centre inside hospital need assess prior doctor determine person case warrant test crazy drive testing rapid
Wed Mar 25 09:58:52 +0000 2020	veteran serve man woman protect community freedom duty
Thu Apr 02 08:27:27 +0000 2020	control need action take China regime cost life crippled world economy destroy industry cost country trillion ignore
Sat Mar 21 08:48:46 +0000 2020	leader sound like action champion people note currently fail country history book blood hand inaction
Sat Apr 11 04:51:21 +0000 2020	UN strict action china inhuman activity kill innocent globe think boycott UN time stand & amp raise voice
Tue Apr 07 06:07:28 +0000 2020	Dear Sir Everytime come gesture expect politician mean soo generous truly DIAMOND 💞 god give healthy life love Sir 🙏 🙏 🙏 🙏 🙏 🙏 💕 💕 True Respect Jai Hind
Tue Mar 31 05:47:40 +0000 2020	Donate Volunteer Relief Fund COVID 19 BANK STATE BANK INDIA ACC ARBIND KAR ACC 35750159375 CIF 89008534705 IFSC SBIN0001092 paypal arbindkar com small donation make world difference
Sat Mar 21 07:38:24 +0000 2020	dear pm harsh measure require stop spear COVID 19 Rarely people follow social distancing example Bondi beach Sydney Economy important stage
Tue Apr 07 02:09:38 +0000 2020	Fee big problem international student
Tue Mar 31 12:37:32 +0000 2020	Don try BS people plain truth time crisis look tax raise Resign asshole
Fri Apr 17 07:41:42 +0000 2020	cash airline base Virgin fault government ban travel airline G20 country fully support Australia ve give spare change
Mon Apr 06 14:57:24 +0000 2020	global leader
Fri Mar 27 04:18:26 +0000 2020	Prime Minister Extraordinary G20 Leader Summit
Mon Apr 06 16:56:06 +0000 2020	Modi miss foreign trip call PM refresh memory
Sun Mar 15 08:34:13 +0000 2020	Australian PM welcome PM proposal G20 link Say aware PM Modi keen organise link G20 leader think commendable initiative
Tue Mar 31 05:46:05 +0000 2020	Trust Chinese Communist Party run crematorium ！
Tue Mar 03 09:45:00 +0000 2020	STOP INTERNATIONAL FLIGHTS PLS
Wed Apr 22 11:53:40 +0000 2020	good world G20 G19
Sun Mar 15 03:56:19 +0000 2020	Indian Prime Minister Narendra Modi want linkup G20 leader coronavirus reveal
Wed Apr 08 04:52:08 +0000 2020	Cooperation country inevitable deal COVID 19
Fri Mar 13 15:34:41 +0000 2020	Don action climate
Sat Mar 28 00:50:49 +0000 2020	say G20 conference Australia care Pacific neighbour like New Zealand
Sun Mar 15 12:25:05 +0000 2020	Australian PM laud PM initiative G20 country telecon
Mon Apr 06 13:40:15 +0000 2020	Sir action ridiculous people spread Corona virus
Fri Apr 03 22:51:17 +0000 2020	MP breaking rule spite repetition action
Tue Mar 31 09:49:32 +0000 2020	Lock don want lose family member Staff replace mother father Lock Alberta Edmonton
Tue Apr 07 08:45:17 +0000 2020	SUGGESTION PROTECTION HEALTH WORKER HOSPITAL Hospital room AC stop window keep open fan run near foot patient throw air window considerable protection
Wed Apr 08 14:18:01 +0000 2020	Sir jo Indian hai Australia vich ona nu India vapis le jao pls sir flight start kar international flight Australia
Sun Mar 15 09:50:09 +0000 2020	Like PM declare dat 4 m midnite person comin in2 Aus in2 14 day plz rule port / airport use symptom aftr week
Sat Mar 28 09:39:35 +0000 2020	psychotic have episode & amp indicate ll burn people stake Send mental health psychopath treatment year course neuroleptic go psychotic & amp harm
Sat Mar 28 08:24:12 +0000 2020	Didn attend G20 virtual meeting Lot people Surely hard virtual Parliament session Ooohhh right NBN bandwidth
Fri Mar 13 14:17:38 +0000 2020	Youth grand child ask action climate don mind ask action climate urgent
Thu Mar 12 08:30:13 +0000 2020	hard help low sociopath economic vulnerable group talk Scott
Mon Apr 06 13:29:00 +0000 2020	trust sir decision sake country
Sat Mar 21 06:34:11 +0000 2020	FFS people need calm Stop patronising shit country essential service People cry kid home school
Tue Mar 31 12:58:48 +0000 2020	logo design collection design Portfolio
Mon Apr 06 21:42:41 +0000 2020	Indian international student struggle lot start Thank
Mon Apr 06 14:49:58 +0000 2020	Great Sir asset country Long live
Sun Apr 05 08:30:43 +0000 2020	hold account conspiracy torture Julian Assange charge expose war crime Trump history coverup leader think
Thu Mar 26 23:24:26 +0000 2020	hold remote video Angela Merkel apartment explain Parliament Apart shit
Thu Apr 09 06:23:02 +0000 2020	World need immediately rise CCP threat democracy economic independence late pretty soon
Sat Mar 21 21:01:20 +0000 2020	understand real engine room economy Small business
Tue Apr 07 16:27:40 +0000 2020	stand sir thank sir 🙏 🙏 🙏 🙏 Love international student 🙏 🙏
Tue Apr 07 14:52:06 +0000 2020	Sir follow YouTube
Tue Mar 31 05:27:30 +0000 2020	push pipeline construction close endanger people land go
Fri Mar 27 00:36:24 +0000 2020	lawn outside residence long paedophile & amp rapist hide & amp grab people footpath drag lawn & amp rape instruct control lawn people rape
Mon Apr 06 04:17:28 +0000 2020	Sir relief foreign Indian student USA superannuation fund like Australian PM health emergency difficulty humantarian ground
Mon Apr 06 13:45:00 +0000 2020	Sir hamare Kuch doctor Corona se infect ho Gaye China se medical equipment na kharide jaaye ho Sakta wo Achi qwality ke na ho isliye Jo equipment kharide hum wo Japan Australia Israel south Korea se kharide China se nhi
Thu Mar 12 07:51:32 +0000 2020	time illegal food market responsible virus outbreak Time sanction aggressively tackle problem Death / economic ruin fault
Mon Apr 06 21:12:11 +0000 2020	Pls need home 🙏 🏼it tough pen challenge want
Sat Feb 22 00:49:24 +0000 2020	Let listen expert ramp thing want 1918 Trust career win survive
Thu Mar 26 21:48:10 +0000 2020	Donald Trump say virtual G20 meeting world leader include tremendous talk problem hopefully win problem long
Mon Apr 06 16:28:16 +0000 2020	hope happen talk say 2days international student home unfair develop country Hope bring relief
Sun Feb 23 14:22:49 +0000 2020	Global suggestion people cash opinion
Tue Mar 31 04:30:44 +0000 2020	time sanction 1yr come economic stability & amp china head start
Tue Mar 31 09:23:04 +0000 2020	Lot talk avoid long distance charge watch endless run TV fill free time
Tue Mar 31 14:40:18 +0000 2020	wish share border Australia
Sat Feb 22 21:11:19 +0000 2020	well close airspace city long incubation period allow virus slip throw regular check like talk temperature week local health care system overwhelm force issue quarantine
Wed Apr 01 13:58:59 +0000 2020	leader unprofessional leader lead great nation health / economic crisis leader professional
Mon Apr 06 13:51:29 +0000 2020	Pm Modi number prime minister
Tue Mar 31 16:07:50 +0000 2020	help new small business criterion small business support announce apply business start 2020 family lose life savings bank don qualify support
Mon Apr 06 13:32:03 +0000 2020	Dear sir save help Corona lock go area opp Dharavi depot Dharavi Rajivgandhi nagar police restrict 🙏 🙏 🙏
Sun Mar 15 14:09:40 +0000 2020	condemn Pakistan government plan spread Kashmir people INDULGE foul politics sanction China
Sat Mar 21 10:23:45 +0000 2020	need ask generic drug mind call expert field Don trust Big pharma University researcher
Sat Apr 04 14:36:14 +0000 2020	Honorable Sir Madam world pain Pandemic & amp demand strict action
Mon Mar 16 11:27:04 +0000 2020	kind fuckery say country shut month People wake read FED note work deal financial mess
Sun Apr 12 05:35:16 +0000 2020	Instigate fear ensure lockdown country Self victimisation corner Don trust china accept official figure allow access
Mon Mar 30 03:29:12 +0000 2020	lockdown place business shut Australian loose job idea hear stat 10 million aussy workforce Government good job try tackle problem
Thu Apr 09 07:14:18 +0000 2020	Hi sir small advice recommend postpone non essential use hydroxychloroquin advise physician gynecologist use diabetes infertility etc option use drug stock strong
Mon Apr 06 14:50:44 +0000 2020	cooperative collaboration Corona remove society
Mon Mar 30 22:05:35 +0000 2020	force 🇦 s vulnerable use retirement savings mitigate starvation give prospect dignified retirement owe divisive economic policy aim send species extinct prior retirement age
Wed Apr 01 20:58:04 +0000 2020	Look Chinese bat wipe dirty wth mask export 2 🌎 China Wrong economic policy master
Mon Apr 06 17:15:34 +0000 2020	good News honr PM Indian lock week mental peace PM talk Covid 19 & amp reply Hindu Muslim Congress 2024 election Jai Maharashtra Respect PM 130Cr Citizen Indian
Wed Mar 18 13:35:22 +0000 2020	long country stop suffer people right thing self isolate pay weekly bill clearly unable work want public trust
Tue Mar 31 18:07:20 +0000 2020	India intelligent USA UK Australia bcoz save control people COVID19 appreciate initiative action take Government India 🇮 🇳
Fri Apr 17 11:37:08 +0000 2020	crab airport airport becareful need border protection Dutton need smart do nt let outsmart
Fri Mar 20 05:51:03 +0000 2020	advice issue decision temporarily shut school market kind celebration follow example Saudi government precautionary measure address epidemic late
Sun Mar 15 06:02:35 +0000 2020	Fake News Onselen cowardly slur POTUS FAKE News Onselen say Trump sleep porn star rebuke ally walk away trade deal threaten global order
Mon Apr 06 13:31:20 +0000 2020	PM Sir difficult time take care 130Cr Indian equally concern being global community God bless good health long life
Tue Mar 17 06:47:14 +0000 2020	Wuhan CoronaVirus let China Govt state
Wed Mar 11 04:27:24 +0000 2020	Minority safe strict action
Tue Mar 31 06:03:41 +0000 2020	Scotty Prime Minister fun
Sat Feb 22 01:17:20 +0000 2020	Western world found solid hardened unfair layer create mass segregation distinguish elite European descendent Western majority poor work class global diversity
Mon Mar 16 12:23:25 +0000 2020	act fast let leadership display Thank get table That s Global leadership look like Time ACT
Mon Apr 06 15:02:20 +0000 2020	strong India China help need Friendship China India Last ！ 🇨 🇳 🇮 🇳
Sat Mar 21 11:50:15 +0000 2020	like million people road everyday month bill relief require stay home protect family nation Australia 🇦 
Mon Apr 06 14:49:03 +0000 2020	bless hving Prime Minister sir
Sun Mar 15 06:33:24 +0000 2020	copper hr life compare plastic day Copper free electron wear Charge copper plate chest cure
Tue Mar 31 10:51:34 +0000 2020	Hi PM know tough & amp family Look Canadian Stay strong & amp appreciate ve hear package working & amp hour reduce overtime completely stop
Tue Mar 31 08:42:55 +0000 2020	recession Canada need new major city massive construction project design build Canada late great
Tue Mar 10 18:28:35 +0000 2020	rid Facebook — Twitter ok — protect Democracy
Mon Apr 06 16:27:41 +0000 2020	Thx MODI appeal word PM MORRISON safe indian national stick Australia bcz
Thu Mar 26 21:57:25 +0000 2020	neo liberal paradigm late party continue react late Economy trump live
Fri Feb 21 23:45:40 +0000 2020	Pt21 involve hack devices&amp cause sex scandal involve lie agents&amp law enforcement order protect main culprit hack devices&amp cause sex scandal main culprit
Sat Mar 14 10:55:06 +0000 2020	AMEN page book shall nation GOD Allah thank President TRUMP lead way God protect
Mon Apr 06 13:32:59 +0000 2020	Vibrant phrase sink state come politically Politics Politics
Sat Apr 11 06:39:04 +0000 2020	Sir need stringent stop epidemic win possible stop 24 hrs 1000 case Kindly seal place possibility case
Wed Apr 08 10:24:57 +0000 2020	big leader ban China item forever Let teach big lesson china play geopolitical collapse world economy Plz attachment
Wed Mar 04 05:27:52 +0000 2020	NSW & amp QLD law enforcement agency persistently refuse apply law land protect security person period decade Subsequent persistent & amp ongoing refusal government apply law land
Tue Apr 07 05:19:37 +0000 2020	respect honerble prime minister MODIJI exllent person countrys minister follow sir thank
Tue Mar 31 04:56:16 +0000 2020	Dis discuss protect border Liar 💩
Tue Mar 17 01:20:51 +0000 2020	need know truth risk leave people economy expose nation share value
Sat Feb 22 21:14:05 +0000 2020	thing vaccine revive bankrupt airline life lose virus outbreak create cascade effect economy social stability food supply chain national resource
Tue Apr 07 18:10:17 +0000 2020	proud country safe hand Hon bl Prime Minister
Tue Apr 07 05:16:15 +0000 2020	Thank Hon ble prime minister great nation appreciate step Indian community Australia specially student 🙏 🙏 🙏 🙏 🙏
Sun Apr 19 11:33:14 +0000 2020	Mr President Australia Prime Minister tell write book memoir kind freedom enjoy Australia conservative leader imagine reaction policy conservative leader
Wed Apr 08 09:40:31 +0000 2020	people ask stage
Tue Mar 31 05:06:06 +0000 2020	talk Scandinavian country Prime Minister need learn emulate
Mon Apr 06 17:29:46 +0000 2020	Hon ble Prime Minister Nation Rhythm initiate 3rd task Indian National Anthem historical moment leadership beloved prime minister India indian sound
Tue Mar 31 10:31:32 +0000 2020	wait shut
Fri Mar 27 10:06:03 +0000 2020	actual wannabe Dictator thwart achieve Goal State Premier show centralization dangerous World Government resist blood necessary
Tue Mar 03 06:48:35 +0000 2020	promote view 🇦 RAPESTRALIAN 🇦 🇺 paedophile prime minister government paedophile government paedophile government paedophile government paedophile government paedophile
Sat Mar 21 20:25:50 +0000 2020	tell Prime Minister Australia listen people listen doctor
Mon Apr 06 14:59:00 +0000 2020	Clueless Prime minister look help os try transfer responsibility incompentency feel sad today uneducated sitting post
Wed Apr 08 12:54:35 +0000 2020	Hello respect Honorable Prime Minister like request allow Indian domestic airline railway help people Punjab haryana stuck Channai Maharastra reach safely home 17 April 19 April Thank
Fri Feb 21 23:48:31 +0000 2020	Pt24 Josette Sprott Thomas McElroy&amp Ivette Acevedo culprit mask IP address order away hack devices&amp cause sex scandal hasn place involved arrest crime
Sat Apr 11 12:49:05 +0000 2020	power plant substation blow LA color green Hope happen here 🤞 🏼maybe overused 🤷 ‍ ♂ ️
Mon Apr 06 20:01:15 +0000 2020	prime minister politician Great Leader World Mera PM Mera Abhimaan Jai Hind Vande Mataram
Sun Mar 15 11:20:18 +0000 2020	G7 country take inspiration PM SAARC & amp G20 initiative videoconference
Sat Apr 11 09:59:46 +0000 2020	Australia stop import good China start produce create local job Australia learn lesson
Sat Feb 22 00:41:12 +0000 2020	fact motivate guy life game love male old well Seriously focus funding disease control shut border ramp PPE manufacturing
Fri Mar 13 07:58:14 +0000 2020	close border USA Particularly lock Orange colour
Sat Mar 14 20:53:05 +0000 2020	Fake News Peter van Onselen narcissist rage POTUS continue Onselen rage democracy elect POTUS slur voter Trump supporter treat like god
Tue Apr 21 11:14:41 +0000 2020	Great local clown Corrupt gov G20 Yep Paul help dance Aust ⚫ 👴
Mon Apr 06 15:09:35 +0000 2020	huge respect Modi ji look people include Indian student Aus PM plan bring Aussy India
Tue Mar 31 09:24:18 +0000 2020	January 15th case covid 19 Toronto Canada Marsh 10th Lockdown month 25 day pay big time recklessness economy kill people second degree murder IMMORAL
Sat Mar 21 12:13:34 +0000 2020	look like stupid kid think good Australia PM happy Canadian feel sorry
Wed Apr 22 08:12:54 +0000 2020	G20 recognise Banking Cartel Corporation
Wed Mar 25 09:54:09 +0000 2020	promote size fit globalist agenda Lack respect Australia right self determination authority territory
Thu Apr 02 07:06:35 +0000 2020	CoronaPeriod big opportunity nation sanitize clean home nation
Mon Apr 06 15:12:12 +0000 2020	increase number test stage control
Sun Feb 23 03:34:06 +0000 2020	Pt12 order assist hacking&amp sex scandal shame refuse place hacking device cause sex scandal arrest committed action arrest & amp local police
Mon Apr 06 15:16:26 +0000 2020	Lonely locked Indian student parent pay heavy price university Australia
Tue Mar 31 21:50:32 +0000 2020	yesterday March 31 harlot stalk burglarize hostel management office & amp change password computer lock owner & amp manager online booking & amp reservation system couldn business
Sat Mar 28 09:29:43 +0000 2020	// Storm pass way habben Day
Sun Feb 23 06:34:42 +0000 2020	world go crazy Trump determine agenda country comply order hope G20 nation communicate
Thu Mar 26 23:24:27 +0000 2020	Medium statement PM Extraordinary G20 Leader Summit
Sun Mar 15 21:22:49 +0000 2020	Modi invite G20 leader cow urine drinking festival Delhi
Thu Mar 26 04:22:30 +0000 2020	ask Mexican president lucky charm work good Corona virus G20 convo
Tue Mar 31 09:25:57 +0000 2020	TIRED VOTE PEOPLE VOTE PROJECT SOON POLITICIAN VIVE LA TECHNOCRACY
Mon Mar 16 12:39:13 +0000 2020	Chinese propaganda Italy February call Australia racist shut flight
Sun Feb 23 13:52:38 +0000 2020	Azerbaijan close Afghanistan Pakistan fail respond Afghanistan refuge Iran Pakistani shitte frequently travel qom holy city pilgrimage
Fri Mar 13 05:18:36 +0000 2020	remember elderly carer disable community hope keep track possibility elderly carer strike
Sun Apr 12 11:14:32 +0000 2020	look like way game know 🤷 ‍ ♂ ️
Tue Mar 17 21:05:13 +0000 2020	Virus handle Virus cause harm PANIC need Calm announcement Leader help people calm & amp Right thing
Sun Feb 23 11:13:40 +0000 2020	bother deal United States explain silence sell Trump sit whilst country burn attend useless mercernary burden Australia afford
Sun Mar 15 22:23:20 +0000 2020	coronavirus medical authority tell shouldn non essential retail think shut week supermarket petrol station open
Sat Mar 21 00:53:52 +0000 2020	wish leader PM grossly lack leadership skill require handle coronavirus start 15 case 35day ago & amp 928 hasn lock down ☹ ️
Mon Feb 24 08:03:09 +0000 2020	offer kind assistance fighting bushfire stand Australian affect disaster unprecedented scale provide concrete support map facilitate rescue operation member state ready
Tue Mar 03 06:28:59 +0000 2020	son paedophile protege fit & amp proper person represent people 🇦 🇺 RAPESTRALIUM 🇦 🇺 let prime minister demand stand corrupt greedy divisive hate fill bigot
Tue Apr 07 18:54:57 +0000 2020	Respect love modiji pranaam Sir aap abtak jo bhi step liye Corona ke baareme woh superb hai don break lock don business China ventilator mask etc Love sir God bless
Tue Mar 31 21:47:51 +0000 2020	march 29 harlot stalk talk hostel guest assert covid 19 hostel shut render homeless girl test neg & amp harlot confess simulation
Sun Mar 15 22:35:41 +0000 2020	Hey Donny Scomo ask travel ban place ban event gathering 500ppl tell use social distancing close school cos negative impact great
Mon Mar 16 19:24:10 +0000 2020	Austalian PM laud PM Modi effort organise link 20 leader coronavirus pandemic Read
Mon Apr 06 13:28:20 +0000 2020	Speak phone PM Australia agree cooperate COVID 19 include collaborative research PM Morrison assure vibrant Indian community include student Australia
Wed Mar 11 06:24:06 +0000 2020	day doesn big India vs Australia Final Women tomorrow Best wish greeting Women Day good team win Like Blue Mountain MCG Blue tomorrow
