created_at	text
Sat Apr 11 15:30:07 +0000 2020	Modi ji right time skill technology India world let start trade good raw material mechanical electronics material world create employment India improve economy India
Sat Apr 04 19:25:47 +0000 2020	think people andaman slow internet access meanly diglipur rk gram near vkzpv school report need room virus
Sat Apr 04 16:17:38 +0000 2020	Sir need anthem song boost indian fight covid 19 telecast television hope work
Fri Apr 10 06:17:05 +0000 2020	Work HOME Earn 2000 1BTC BITCOIN mining FOREX trade Interested inbox info WhatsApp +1 517 225 2161
Thu Mar 26 14:33:40 +0000 2020	time pass conservative movement wave force Force
Sat Apr 04 16:17:47 +0000 2020	5/9 impress work ethics hard work determination don know rest true karma yogi
Mon Apr 20 16:05:39 +0000 2020	speak President Brazil future Trade prospect exciting relationship strong strong tell United States help Amazon Rainforest fire stand ready assist
Fri Mar 27 18:08:19 +0000 2020	death consider genocide economy go suffer way care human life economy rebound people win resucite blame people die fro try save
Sat Apr 04 20:56:22 +0000 2020	trust sir hv push india economy 20 year Accept ur mistake
Sat Apr 11 12:25:54 +0000 2020	Sir Implement carfew 14 day Medical Agriculture Essintial good distribution take care local administration ward level harvesting data state labour dept arrange govt pvt people help farmer
Fri Apr 10 08:09:22 +0000 2020	Great work modi ji love infinity 😍 😍 😍 😎 ji
Fri Apr 10 06:39:09 +0000 2020	charge good load money nation help boost India Economy crucial time avoid send medicine country like Malaysia Turkey offcourse Pakistan
Sat Apr 04 17:13:31 +0000 2020	situation Brazil isolation economy covid1
Fri Apr 10 07:51:09 +0000 2020	Human creature earth cut tree paper write SAVE TREES
Tue Mar 17 17:53:17 +0000 2020	like speak work previous year time thank want know xenon process new language business owner know handle extraction
Wed Apr 08 11:51:07 +0000 2020	learn get point polite manner earn respect Indian
Thu Apr 09 11:20:51 +0000 2020	Corporeal Deity human spine coil serpent sleep anus God Phalus Son Wheel rise Creator God wheel penance sceptre meet Preserver God God Phalus wheel Life wheel Eye add Breathe Yoga Body build temple namesake Father North Indian Nation Clairvoyant
Sat Apr 04 16:16:57 +0000 2020	2/9 population density 464 square kilometre hygienic standard great improve dream Swach Bharat initiative etc infection rate COVID 19 India
Sat Apr 04 19:33:22 +0000 2020	productive telephone conversation President India Brazil join force COVID 19 pandemic
Sun Apr 05 01:47:51 +0000 2020	outcome Sir aware step reduce spread kindly share step defeat virus
Mon Apr 06 12:28:23 +0000 2020	BRAZIL STRONG Thank God great president friend brothers USA Let work
Wed Apr 01 07:10:46 +0000 2020	SUGGEST TASK FORCE DEMOCRATIC/ REPUBLICAN PRIEST PASTORS MIRACULOUS PRAYERS SAVE AMERICAN TURN GAY MEN CRIPPLES WALK DEAF HEAR BLIND AYDS CURE CHARGE
Sat Apr 11 02:21:21 +0000 2020	powerful country Asia China distribute poison India distribute medicine decide permanent member UN protection world
Sat Apr 04 16:17:43 +0000 2020	Brazil force Corona tell joke well suggest complete lockdown Brazil people die stupidity
Mon Apr 06 10:48:04 +0000 2020	Thank President robust discussion fiscal pension reform help improve private sector drive growth create job Group stand ready support implementation
Mon Apr 06 09:27:02 +0000 2020	Clearance Certificate prove landmark initiative opening lockdown phase wise country act preparedness tool fight Corono Virus
Fri Mar 27 22:00:02 +0000 2020	Mr explain dangerous virus Brazilian citizen everybody come work right Thank
Fri Apr 10 06:18:46 +0000 2020	India supply medicine especially hydroxychloroquine country include USA Israel Gulf neighbour etc confirm role provider help global fight Kudos wisdom Amazing Long live Sir
Sun Apr 05 08:12:39 +0000 2020	work Country recession
Tue Apr 21 13:00:45 +0000 2020	Maybe Mr Bolsonaro work order fight common enemy communism
Sun Apr 05 04:07:04 +0000 2020	Provide medical equipment doctor sensible work
Sun Apr 05 00:05:13 +0000 2020	join movement donate PM Cares Fund come forward help way small donate PhonePe add Rs 10 donate Click donate
Fri Apr 10 08:58:12 +0000 2020	Country work protect humanity
Sat Feb 22 01:01:14 +0000 2020	Today talk President cover sector energy healthcare technology animal husbandry India Brazil focus expand cooperation defence sector
Fri Apr 10 07:15:21 +0000 2020	father Israeli Jew accept Jew Israel come world tell truth Jewish religion Israel true
Thu Mar 19 12:26:56 +0000 2020	wait responsible debate economy health RESPONSIBILITY
Sun Apr 05 05:49:35 +0000 2020	scam Boycott Donate state centre States work centre
Sat Apr 04 19:41:07 +0000 2020	Oh ic talk global scale colony Mars Martian president
Fri Apr 10 05:47:31 +0000 2020	Don thank provide Medicine care entire WORLD India hope Indian sufficient medicine Stock case sudden outbreak India sufficient Test
Mon Mar 30 10:17:34 +0000 2020	evil friend like mind idiot Brazil Jair Bolsonaro right Economy important issue nose
Sat Apr 11 11:49:34 +0000 2020	global sharing co work platform state civil function possible good practice approach Maharashtra covid response group everybody fight role
Sun Apr 05 01:26:42 +0000 2020	support movement Covid19 regretful come news 30 patient profess Tablighi Jamaat imply follow direction Prime Minister
Sun Apr 05 03:49:40 +0000 2020	Pls explain people gon na work
Sun Apr 05 01:33:25 +0000 2020	actually true leader Indian take care billion population Thanks sir
Sat Apr 04 20:45:25 +0000 2020	PR stunt Watch video India need protection PPEs PR publicity
Fri Apr 10 05:59:44 +0000 2020	Thank India 🇮 🇳 medicine blessing enlightenment provide world age
Sat Apr 04 22:17:52 +0000 2020	good 👏 👏 work save life Let 😎 👊
Fri Apr 10 17:07:06 +0000 2020	Thank Mr Prime Minister Brazil love India country smart strong light happy God bless challenge 👍 🏼 🙏 🙏 namaste
Sat Apr 04 18:25:42 +0000 2020	Dear Modiji Advice guy human bit low average
Sat Mar 28 17:45:17 +0000 2020	tell want Brazilian work
Tue Apr 21 23:16:28 +0000 2020	John 32 know truth truth set free difficult speak truth population listen lie truth eventually hurt Good job
Fri Apr 10 14:56:28 +0000 2020	choose right beautiful planet EARTH India America Russia Military equipment medical equipment Nuclear weapon medicine
Fri Mar 27 06:55:44 +0000 2020	learn learn cause family chicken shit place brain
Sat Apr 04 16:12:39 +0000 2020	lock allow MNC company employee STAY HOME & amp WORK HOME untill COVID19 crowd remain short
Sat Apr 04 16:02:08 +0000 2020	Sir consider mass make sturdy cloth mask woman collective Indian / Brazilian wear mask poor poor let start give Czech republic set example woman consider
Sat Apr 04 16:00:44 +0000 2020	think country successful discriminate 20 population surprise India suffer heavily BJP doesn act
Fri Apr 10 23:53:30 +0000 2020	blacklist china wanna safe people life data land etc blacklist china trade don day face big problem
Fri Apr 10 05:50:10 +0000 2020	certain chloroquin anti malarial drug cure patient infect Covid 19 Medical scientist Canada doubtful efficacy drug
Wed Mar 18 17:20:42 +0000 2020	Hey Mr Trump special politician person Mr like follow instruction suggest Mr use found political party favor Brazilian Health System
Thu Mar 12 20:26:56 +0000 2020	Trump SOON Learn Bolsonaro INFECT Meeting Saturday President Trump meet Brazilian President weekend new report state Infected Read
Fri Apr 17 10:27:24 +0000 2020	Cost benefit analysis be nt easy take cost contraction vs cost live arbitrary value 10Mn healthy live&amp 1Mn++ 80 + man&amp classify have productivity be nt fair
Sat Apr 11 16:51:52 +0000 2020	count Brazil ready fight President Thankful God right seat protect 🙏 🏼
Tue Apr 21 12:30:06 +0000 2020	PR suffer rotten medium majority population good governor party health money list long
Sun Apr 05 00:57:59 +0000 2020	creation medium literally pull string productive discussion good man 🙏 🙏 🙏
Fri Apr 10 06:14:32 +0000 2020	India advantage anti Malarial vaccine help long turn big question clear month
Sat Apr 04 19:29:14 +0000 2020	VENEZUELA need HAND approach Necesita todas las manos Venezuelan use force survey & amp result click
Sun Apr 05 08:43:18 +0000 2020	hold conversation strong ally Japan PM Shinzo Abe need help
Sun Apr 05 05:11:13 +0000 2020	test 70000 people 130 crore population
Wed Mar 11 14:28:25 +0000 2020	President go thing Brazil leave gang attack daily fake news Force
Fri Apr 10 18:52:56 +0000 2020	Happy Friday enjoy appointment street try prove little grip
Fri Mar 27 20:18:47 +0000 2020	tell good friend stop order brazilian people leave home work infect COVID 19 Brazil greatful help
Sat Apr 04 16:18:13 +0000 2020	7/9 constantly communicate keep abreast vision development count take forward
Wed Mar 25 01:03:45 +0000 2020	teach govern nation crisis Note agree political position ps translate google 👍 🏽 😂
Mon Mar 23 18:06:03 +0000 2020	President Brazil preemptively request increase production laboratory Brazil receive Brazilian demand country
Wed Mar 11 16:51:05 +0000 2020	Chile ILLUMINATI ATTACK HELP
Fri Apr 10 06:42:58 +0000 2020	Start Safe bue Rakuten FC BARCELONA partner 👉 40 cash Coronavirus time sign 👉 Rakuten 👈 good site earn Cash 👉 👉 10 bonus sign up 👈 👈 free join
Sat Apr 04 16:09:11 +0000 2020	Great idea fight pandemic join hand forward help learn experience need hour Modi ji India stand support sure
Mon Mar 30 09:58:09 +0000 2020	Tell friend brazilian stay home prefer count dead people instead hole economy
Tue Apr 07 16:05:34 +0000 2020	Dear India suggestion new lockdown period come week crefew India till 20 April area follow lock total cerfew grelax cerfew hours area wise police secure drinking water
Sat Apr 04 21:21:05 +0000 2020	spread rumour Grid Failure switch light 5th April night 9 pm Request India Unity prayer 9PM 5th Diya small light mobile flash light & amp torch propose Honourable PM Shri Modi Ji Regard
Sat Apr 04 22:33:23 +0000 2020	Bolsonaro doesn believe covid threat idiot believe join force Covid
Fri Mar 27 12:40:19 +0000 2020	look fool don idol learn politics
Sun Apr 05 11:51:19 +0000 2020	join force idiot
Sat Apr 04 16:09:45 +0000 2020	Recently learn COVID 19 epidemic go Hope lot PPE mask protective clothing quality accordance CE FDA standard etc need PPE need contact
Mon Mar 16 16:31:46 +0000 2020	time new virus Stay connected intelligence professional 🚨 🇨 🇳 ⌛
Sun Apr 05 06:04:06 +0000 2020	Forget Brazil Union Government fight Covid19 cooperation States India idea
Fri Apr 10 05:31:47 +0000 2020	Sir help poor family father erickshaw driver lockdown able work don money buy grocery family contect 9113866195 Sbi A / c 33763071004 Ifsc sbin0011823
Fri Apr 10 05:26:29 +0000 2020	India self determination right Kashmir khalistan Accord UN resolution Free Kashmir remove lockdown world relief Almighty
Sat Apr 04 21:47:05 +0000 2020	do nt forget sabot steal health good world bitch people Brazil do nt forget Burn hell
Fri Apr 10 23:37:17 +0000 2020	Thank Prime minister India relationship enter Brazil India strong 👏 🏾 👏 🏾 👏 🏾 👏 🏾 🇧 🇷 🤝 🇮 🇳
Fri Apr 10 23:55:15 +0000 2020	Dear American Leader see damage China cause world economy time renew Monroe Doctrine
Tue Mar 24 14:54:01 +0000 2020	Brazil Media leave wing Internet call crazy speak determine increase medicine production Sunday
Sat Apr 11 22:22:26 +0000 2020	President Trump Brazil Bolsonaro responsive local high traitor word transform Brazilian state Chinese province Cristiano Arruda
Sun Mar 29 20:10:47 +0000 2020	great President Brazil discuss subject include Trade relationship United States Brazil Strong
Sat Apr 11 07:21:23 +0000 2020	Fight Covid19 small way get expert opinion grind zero battle India learn lesson quickly & amp save live India Truly knowledge power pandemic
Sun Apr 05 11:26:43 +0000 2020	Dear PM India head populate country World China productive decision health Indian Stop play like monkey jump break branch tree India Create diatance country instead bark
Wed Mar 11 03:50:47 +0000 2020	Chile need help communism leader sell UN
Sun Apr 12 09:19:55 +0000 2020	electronic votation paper Miracle elect GOD pray unbelievable GOD bless
Fri Apr 10 05:38:51 +0000 2020	Thank Mr Narendra Brazilian population thank support great nation India
Sun Apr 05 06:14:09 +0000 2020	That s nice tell India & amp Brazil join force COVID 19 pandemic
Wed Apr 22 16:13:26 +0000 2020	Brazil February 3th present bill congress declare State Emergency didn vote face democratic act governor mídium set panic population
Sun Apr 05 05:18:18 +0000 2020	fail understand help country couldn able contain Pandemic eradication level Modiji position supply PPE Paramedical manpower
Wed Apr 08 16:46:20 +0000 2020	Join force India
Sun Apr 05 11:53:00 +0000 2020	Sir Brazil join today join Antrakashi game Blady increase sanitizer mask medicine production Kill virus virus kill
Fri Apr 10 08:22:04 +0000 2020	praise pm Narendra modi world orthodox think citizen country crticize state govt central govt respect sir ❤ ️
Sat Mar 21 14:03:41 +0000 2020	create sign let people know litter spread COVID 19 virus fast right click & amp download print need
Thu Apr 09 02:28:10 +0000 2020	turn appreciate Brazil president compare Hanuman ji decision supply drug help imp good control 19 populous country India etc define
Sat Mar 28 15:11:13 +0000 2020	Tell BAD JOB Sir DISAPPOINTED SPEECH tell
Fri Mar 27 05:20:03 +0000 2020	learn
Tue Apr 21 10:54:14 +0000 2020	Brazil thing president suffer blow dirty press blow people leave 🇧 🇷
Fri Apr 10 08:29:42 +0000 2020	Today country sit peak development take help India great india great PM
Thu Mar 26 10:01:44 +0000 2020	Brasil God trust Strong 🇺 🇸 🇧 🇷
Mon Mar 30 03:44:58 +0000 2020	That s Brazil PR try avoid panic social disorder positive attitude Lamestream medium socialist criticize complain surrender fake medium
Sat Apr 04 16:07:52 +0000 2020	Pls help Indian health worker Indian people
Sat Feb 22 01:01:28 +0000 2020	warm welcome President delight host look forward take Republic Day celebration visit add strength India Brazil relation
Wed Apr 08 15:28:20 +0000 2020	Learn master
Sat Apr 11 01:15:27 +0000 2020	Respect Sir global ledger proud love country request solve PMC Bank issue poor people die money lakh PMC Bank victim have time lunch help God bless
Wed Apr 22 18:21:24 +0000 2020	thankful Honble UT Govt J&amp give pahari status Pahari speak people Govt job professional college long pend demand ST status paharis need consideration
Sun Apr 19 12:40:25 +0000 2020	help Brazil president crazy kill people country help
Thu Mar 12 15:38:43 +0000 2020	infected spending weekend President Brazil press secretary test positive return Brazil
Sat Apr 04 16:02:40 +0000 2020	Imagine wear mask cure respiratory disorder YnY come medicate mask combat covid19 medicine trap inside fabric wearer inhale medicine breath Check page information
Fri Apr 10 07:32:31 +0000 2020	Sir good opportunity ask ventilator testing kit generously give UK
Wed Mar 25 20:16:19 +0000 2020	Learn joke
Sat Mar 14 06:35:59 +0000 2020	personal opinion ice cap melt cause increase humidity globe Plant get mold / mildew / fungus humidity spread air temp drop heat wave cause increase spore production Plant fungal disease
Sat Apr 04 22:33:12 +0000 2020	use hidroxycloroquine medical treatment chloroquine 20 year effect
Tue Mar 03 15:53:21 +0000 2020	elect hope fight establishment consider complain lack support unfair criticism helped elect
Sat Apr 11 14:48:29 +0000 2020	right
Fri Mar 13 15:15:43 +0000 2020	need TEST directly expose HIGH RISK GROUP American public need know leader SAFE healthy TESTED getting test set horrible example
Sat Apr 04 16:07:28 +0000 2020	produce
Sun Apr 05 05:59:53 +0000 2020	
Sun Apr 05 02:09:54 +0000 2020	Sir middle class small business house suffer lock mention releif measure
Fri Apr 10 06:14:37 +0000 2020	proud fact kewal hamare desh hi malaria bacha hai aur hume ab bhi HCQ production ki jarurat hai
Sun Apr 05 06:06:58 +0000 2020	disclose official meeting public disclose strategy India fight long
Tue Apr 07 03:46:01 +0000 2020	end DEATH mistaken COVID 19 EARLY INTUBATION PROTOCOL 90 lethality fan drama Brazilian create solution
Thu Mar 12 18:05:08 +0000 2020	Let Pr flu survive lead Free World new order
Sun Apr 05 12:14:11 +0000 2020	ask People Brazil light candle 12 30pm today minute 1300 million Indian lighting candle time solidarity fight Corona / COVID19 Brazilian join Indian
Sat Apr 04 16:09:07 +0000 2020	Petrol diesel price loot oil company cheap international market profit motto india recession
Fri Apr 10 06:11:55 +0000 2020	India dynamic leadership ji write new chapter unity empathy&amp brotherhood nation world pass severe catastrophe fully devoted humanity valiant fight agnst pandemic Nation&amp world look hope
Sat Mar 28 21:29:46 +0000 2020	girl brazilphobic lol sentence life shit love neymar 😍 🇧 🇷
Tue Mar 31 22:17:31 +0000 2020	let know change plan ask ppl stay home 30 day big fan follow action dot
Sat Apr 04 16:16:35 +0000 2020	1/9 Dear Shri Narendra Modiji Radhe Radhe Pranams leadership tough time commendable immensely sad loss life consider population India 134 crore
Tue Apr 07 08:06:10 +0000 2020	Lethality use Invasive Ventilation ventilator 80 90 security system Non invasive Ventilation lethality drop part4
Fri Apr 10 05:54:28 +0000 2020	need small kit check self sure affect virus address shri ram colony ganeshpur hindalga belgaum 591108 karnatak Ph 8087473398
Sun Apr 05 05:11:41 +0000 2020	HELP 2SURVIVE 150MNTS DELAY PYMNT ASPER AWARD UPHOLD LOWERCOURTS SETASIDE FRAUD PRESIDENT
Sat Apr 04 16:06:28 +0000 2020	worry telephonic conversation happen month ago good powerful nation look India happen way world free pandemic soon well
Sun Apr 05 03:55:55 +0000 2020	think vaccine medicine ready aam aadmi
Thu Mar 19 19:33:10 +0000 2020	Trump Bosonaro dupe Jair odds favorite planet ecoterrorist Boy pick em Great friend Korea Kim Jong Un KGB Putin Phillipines police state pres Duterte money launder DeutscheBank start
Wed Apr 08 10:13:14 +0000 2020	Agar lock pertol pump band kar diye log apni duty kaise karege public transportation allow reply yogi ji modi ji decision care fully father working nagar nigam
Fri Mar 13 15:39:01 +0000 2020	Dude spend evening Bodasero staff infect test continue talk shit later
Sat Apr 04 21:01:04 +0000 2020	productive conversation man face C19 Denial movement say lot
Tue Apr 07 07:55:25 +0000 2020	Early Intubation Protocol prohibit Non Invasive Ventilation oxygen therapy accord Chinese increase contagion doctor solution part
Fri Apr 17 16:43:27 +0000 2020	free level speech medium people crazy sad truth Brazilian able understand real problem Thank President wait comment
Fri Apr 17 16:45:09 +0000 2020	free level speach medium people crazy sad truth Brazilian able understand real problem Thank President wait comment
Sat Apr 04 17:20:25 +0000 2020	right truth come
Fri Mar 27 14:19:44 +0000 2020	Mr Brazil order stop destroy world clean Jobs
Wed Apr 08 19:14:55 +0000 2020	WORLD GREAT Taokey
Fri Mar 13 14:07:14 +0000 2020	probably know test hoax virus shake hand day ago think hoax gotch bro
Sun Apr 05 08:08:48 +0000 2020	Bolsonaro completely agree light candle fight COVID 19 pandemic Kal Brazil bhi batti bujha di jayegi
Sat Apr 04 22:14:56 +0000 2020	Hey Narendra buddy isn get advice God help India Brazilian scorn Bolsonaro coronavirus effort health official poll
Fri Apr 10 02:38:32 +0000 2020	end death necessary change do nt know Protocol Early Intubation send thousand message protocol kill virus
Sun Apr 05 16:54:29 +0000 2020	grateful india prove today act family
Wed Apr 01 08:35:38 +0000 2020	Mr Jair Bolsonaro psychosis outrightly reject doctrine containment go kill people virus come home boomerang risky term health Brazil fall quickly prepare hospital 1/2
Fri Apr 10 07:08:25 +0000 2020	12 37 Attempt murder GE whistleblower & amp survivor Seema Sapra Delhi High Court
Sun Mar 29 05:34:52 +0000 2020	Brasil tweet news criticize state DIZ LEITOR reader say situation ghost reader
Tue Mar 31 15:32:00 +0000 2020	Congrats right
Fri Apr 10 06:44:13 +0000 2020	take world shri modi ji real world leader certainly india admire country world
Tue Mar 31 11:57:40 +0000 2020	Mr President awesome job face COVID19 enemy Brazil perish threat downplay President cabinet explain play
Sun Apr 12 05:10:59 +0000 2020	supply usable cloth bulk quantity contact 9314899737 mask bulk quantity
Sat Feb 22 01:02:00 +0000 2020	Today meet President month reflect topmost priority accord expand India Brazil tie gladden President Bolsonaro grace Republic Day celebration Chief Guest
Sun Apr 05 00:55:14 +0000 2020	Yesterday night Brazil people pray candle street follow PM instruction tonight light Diyas minute offer prayer spiritual leader MODIJI PM covid 19 virus backing
Sat Apr 04 21:04:03 +0000 2020	YES Let fight win Battle 🙌 🇧 🇷
Sun Apr 05 11:28:36 +0000 2020	great sir bring recognition 70 year corona warrior salute spirit citizen highly motivate fight fear strictly light diya 9 pm 9minutes today
Tue Mar 31 00:29:06 +0000 2020	advise radically change position CIVID 19
Fri Apr 10 06:59:47 +0000 2020	Modi ji able Chinese boycott India buy Chinese product million people India think like Chinese Indian government bring investor start build factory job single
Sat Mar 14 08:22:39 +0000 2020	contact infect people & amp dinner week & amp aid test positive ❝ Wouldn IRONIC bring virus name Beer ❞
Sun Apr 05 11:50:14 +0000 2020	lot certain community guy hate Modiji gor message Modiji show Apprciable gesture call Brazil Leader Do nt hate Inspite ur blind hate lot great thing & amp support ur community hope enlighten soon
Sun Apr 05 04:29:49 +0000 2020	tell manage kill virus burn Sunday
Sat Apr 11 15:29:58 +0000 2020	available hydroxycloroquene aligarh medical overall market medical owner tell price high MRP
Tue Apr 21 10:52:06 +0000 2020	fight communist win
Fri Apr 10 06:11:15 +0000 2020	G4 comprise India Japan Brazil South Africa answer Chinese hegemony field global phenomenon
Fri Apr 17 10:23:50 +0000 2020	Head state tough decision good judge what s good people save life economic contraction correct tradeoff cost pay
Sun Apr 05 11:03:35 +0000 2020	Man teach World deal thing situation tough World believe word Shri Narendra Modi Ji Clearly huge respect Global grate PM sir
Sat Mar 21 03:22:23 +0000 2020	Today birthday 65 year Send message remember day
Sun Apr 19 13:39:12 +0000 2020	stinky president smell like shit Free Muslim
Wed Apr 22 22:29:13 +0000 2020	👏 👏 👏 👏 God Bless fight communism
Sun Apr 12 05:29:33 +0000 2020	Stop death protocol win death protocol Early Intubation Protocol explain Portuguese ask translate save world
Mon Mar 30 13:59:44 +0000 2020	Mr President Brazilian President help realize COVID19A little flu say act save thousand life Brazil government stop downplay virus sir beg
Mon Mar 30 21:09:16 +0000 2020	Mr President Brazilian President help realize COVID19 little flu say act save thousand life Brazil government stop downplay virus Sir beg
Tue Mar 24 06:11:03 +0000 2020	get know President dealings Brazil work hard Amazon fire respect great job people Brazil easy country complete support USA
Thu Mar 19 19:56:25 +0000 2020	thank support president guy good world leader world right wife Hawaii Great Britain right great faith resolve Thank god bless
Sat Apr 11 01:45:22 +0000 2020	Thank Prime Minister Modi strong commitment help affect nation terrible virus include country Brazil Prime Minister Indian people forget Brazilian people Friend forever 🧡 💚 🙏
Sat Apr 04 16:06:25 +0000 2020	Resume flight service allow spead virus line worker like air crew ground staff live risk profit important situation start flight service
Fri Apr 10 06:06:11 +0000 2020	Sir think lockdown farmer close ca nt harvest crop Crop destory eat live answer
Tue Mar 03 14:52:25 +0000 2020	Marvel Comic great contribution USA global culture
Thu Apr 09 15:14:15 +0000 2020	friend Brazil explain convince forgive have divert equipment come Brazil
Sat Apr 04 21:25:23 +0000 2020	Donate link
Tue Apr 21 12:58:21 +0000 2020	right President Mr great leader
Sat Mar 28 00:54:45 +0000 2020	cure COVID 19 Brazil president ve get news 50 people cure
Sat Apr 04 17:18:25 +0000 2020	Lol dude want mass church fight corona believe productive come convo
Sat Apr 04 16:08:57 +0000 2020	candle rs 135 Crore 270 Crore Donate Doctor need health facility candle
Tue Apr 07 17:40:27 +0000 2020	God trust Brasil Usa God bless
Thu Mar 05 00:15:33 +0000 2020	share childlike behavior regard fake news sure wth want achieve know sure way govern country
Mon Apr 06 09:11:30 +0000 2020	frequent inhumanity incident shot concealment threat high order government government silent India pay high price silence
Sun Apr 19 23:18:11 +0000 2020	Maracaibo Vzla people water powerlight potencial infection Focus Latinoamérica & amp maduro regime care need help need regime people
Thu Mar 05 02:37:55 +0000 2020	tweet look like old man gossip
Fri Apr 10 07:59:41 +0000 2020	earn 9000 * couldn easy
Sat Apr 04 18:30:27 +0000 2020	China come true fact let international agency know Wuhan misadventure Reality undeclared biological war turn let advantage economic slowdown boycott Chinese product
Sat Apr 04 18:31:58 +0000 2020	tell try hard create vaccine Corona make Corona deaf March 22 Indian go fry freak virus Apr 05 tell astrological fact number Maa kasam tera bhai hai ll definetly join
Wed Mar 18 17:38:10 +0000 2020	Explain slave act like clown political people infect people
Sun Apr 12 03:45:31 +0000 2020	GST shop owner company owner take public
Sun Apr 05 01:34:02 +0000 2020	Thank Mr change bad situation care Indian People friend
Sun Apr 05 00:22:39 +0000 2020	respect sir respect effort people country promise abide direction issue government pray god Thank
Sat Apr 11 01:26:21 +0000 2020	Humanity fight
Fri Apr 10 06:43:27 +0000 2020	Humanity fight againt Pandemic
Sat Mar 28 21:11:39 +0000 2020	dear mr dumbass friend tell Brazil stop understand survive isolation
Fri Mar 27 13:58:47 +0000 2020	Great Job Mr President 👏 🏽 👏 🏽 friend stupid teacher face problem
Thu Mar 12 16:47:25 +0000 2020	aware official meet infect
Sat Mar 28 20:52:47 +0000 2020	Talk tell quiet fuck Brazilian people hand lover nonsense
Tue Mar 31 04:38:09 +0000 2020	& amp belong WhatsApp group Trump kill American early denial call 19 hoax create & amp take decisive virus control & amp Jair say cornbread cure 🙆 🏾 🙆 🏾 😭
Sat Apr 04 19:42:51 +0000 2020	wil evry1 suffer wil affectd no1 spare alienate JK NE & amp minority push thm brink Tat includ poli party sucker 😠 😡
Sat Apr 04 17:18:40 +0000 2020	World fight Corona Covid19
Sat Mar 14 16:10:02 +0000 2020	hold conference close contact time dominant Drink punch bowl Share golf club Eat box McDonald fry
Fri Apr 10 05:48:55 +0000 2020	sir bank new hotspot spread corona country regard
Tue Apr 07 03:45:32 +0000 2020	guy great job
Mon Mar 23 21:18:44 +0000 2020	Donald Trump Chinese Government pay chaos world people 🇧 🇷 🤝 🇺 🇸
Sun Apr 05 05:50:03 +0000 2020	use use telephone
Sun Apr 05 05:57:30 +0000 2020	step sir Good country Jihadi molana sufficient country ban handover army
Thu Mar 26 07:38:28 +0000 2020	Corona virus biological war China world China Yuan affect send virus 100 country world impose economic sanction China remove economic forum world
Sat Apr 04 21:53:41 +0000 2020	feel happy know Thank people work possible Thank God
Fri Mar 27 19:52:15 +0000 2020	hope Chinese communist government severely punish God bless Donald Trump
Sun Apr 05 01:34:13 +0000 2020	India send million ppl clap hand light candle brazil
Sun Apr 05 05:45:34 +0000 2020	Bad PM India Stop loot South Indian tax Stop discriminate South Boycott
Mon Apr 20 17:00:22 +0000 2020	good president USA thing great
Fri Apr 10 01:46:45 +0000 2020	time change history
Sat Apr 18 02:00:37 +0000 2020	People like do nt speak english suck like Hope terrible night lot nightmare lula
Fri Apr 10 07:08:59 +0000 2020	think PM friend
Sat Apr 04 19:26:53 +0000 2020	cool buddy telephone conversation idea good medium start debate go Indian
Sat Apr 04 19:43:51 +0000 2020	Let fight virus like country brother 🙏 🏻 🙏 🏻 👍 🏻 👍 🏻
Sat Apr 04 18:28:42 +0000 2020	go light candle tommorw minute 😋 😋 😋
Sun Apr 05 01:18:29 +0000 2020	think ur country fight Covid 19
Fri Apr 10 12:57:14 +0000 2020	Thank appreciate help fight virus
Mon Apr 06 03:58:40 +0000 2020	Sir don need Vaccine test don want Experiment Trust China Bill Gates
Thu Apr 09 15:11:46 +0000 2020	talk great partner friend understand importance social distancing
Fri Apr 10 05:58:05 +0000 2020	Good morning want know India have great problem creat community plz eye news show Muslim negative cause maximum Hindu perception go change come live
Sat Apr 11 07:45:47 +0000 2020	God bless Mr Prime Minister Narendra Modi Sir thank kind word gesture strong solidarity Brazilian People dear President Jair Bolsonaro love India Modi Jai Hind
Sat Mar 21 11:53:30 +0000 2020	world community action Chinese Communist Party lie lie endanger live million worldwide
Sun Apr 05 05:48:00 +0000 2020	Bolsonaro get ta dumb person join ignorant select leader like rule open mouth know stupid think entire world stupid disgrace Indian
Tue Apr 07 06:38:38 +0000 2020	Friend like etc fail destroy nature Corona time
Fri Apr 10 07:09:42 +0000 2020	Good initiation take india
Mon Apr 06 06:54:24 +0000 2020	Solution Contagion law force leave wear mask homemade Death suspend EARLY INTUBATION PROTOCOL prohibit noninvasive ventilation promote mechanical ventilation need Lethality 90
Wed Apr 08 07:55:17 +0000 2020	Covid 19 Pandemic push world 20 year China Country head world think sanction China stop import Chinese product
Mon Mar 16 13:18:33 +0000 2020	pls suggest friend protect country epidemic get worry everyday indian friend
Wed Mar 25 17:39:23 +0000 2020	crazy crazy disappointed losing & amp save 🙏 🏻
Sat Apr 18 01:56:28 +0000 2020	do nt know bad Bolsonaro be nt evil he s stupid He s get real issue mind Cam wish they re dead corona kill
Fri Apr 10 07:51:24 +0000 2020	India special country tough time commit contribute Humanity fight pandemic proud Nation & amp excellent leader sir
Fri Mar 27 13:54:08 +0000 2020	try convince president wait happen Brazil happen USA right like
Sat Apr 04 16:17:18 +0000 2020	3/ mortality rate truly unbelievable mainly great effort government inspite great co operation state government machinery
Wed Apr 08 12:00:07 +0000 2020	Indian Hindu peaceful helpful Brazilian President Jair Bolsonaro quote Indian Mythology Ramayana request key drug treat Covid patient
Sat Mar 28 02:18:22 +0000 2020	disagree
Wed Mar 25 01:00:30 +0000 2020	history mankind judge irresponsible inhuman handling Shame Thousand death hand
Mon Apr 20 05:09:11 +0000 2020	time help friend country Brazil America communism 🙏 🇧 🇷 🇺 🇸
Thu Mar 26 14:07:31 +0000 2020	History one defend life fear one use life fear long
Wed Mar 25 13:24:03 +0000 2020	dumbass know dangerous Covid 19 absolutely deal
Mon Mar 16 03:44:39 +0000 2020	God blessing need Brazil president need help help nation Congratulations prayer day
Sun Apr 05 05:50:22 +0000 2020	use telephone
Fri Apr 10 11:21:40 +0000 2020	rssurjewala PPE Doctor Healthworkers 95 Mask Body Coveralls double Salary heed appeal Coercion PM CARES Fund Govt CARE
Wed Mar 18 20:30:58 +0000 2020	Mito Mr PR Trump Mito PR Bolsonaro AmericaS Great 🇧 🇷 kiss Brazil 🇺 🇸
Sat Apr 04 16:03:11 +0000 2020	Sure share effective masterstroke gimmick pandemic
Fri Apr 10 08:24:11 +0000 2020	Nice job
Sat Apr 04 10:45:55 +0000 2020	Brazil 🇧 🇷 🤝 🇺 🇸 will Help USA Annex & amp end Maudro 🇻 🇪 Militia
Tue Mar 10 17:52:23 +0000 2020	cough cough
Thu Mar 26 04:52:47 +0000 2020	Thank America 🇺 🇸 need help 🇧 🇷 God bless brave new world
Fri Apr 10 15:35:47 +0000 2020	Thank President India Brazil partnership strong challenging time India commit contribute humanity fight pandemic
Fri Apr 10 11:47:20 +0000 2020	🙏 🏼 🙏 🏼 🙏 🏼Thank good heart 👏 🏼 🙏 🏼 🙏 🏼 🙏 🏼 God bless Nations Love God Leader 🙏 🏼 🙏 🏼 🙏 🏼 🙏 🏼 🙏 🏼 🙏 🏼 🙏 🏼 🙏 🏼 🙏 🏼 🙏 🏼
Sun Apr 12 11:43:27 +0000 2020	Good job sir
Sat Apr 11 06:35:47 +0000 2020	Rise Lord JesusChrist Sunday Bring Hope Batter World
Sun Apr 05 00:11:03 +0000 2020	President Trump President Bolsonaro Chinese want rule Brazilian authority suffer Covid 19
Fri Apr 10 05:52:30 +0000 2020	English
Mon Apr 06 04:10:59 +0000 2020	situation tough naw don know deal
Thu Mar 26 16:25:13 +0000 2020	help try president hit country
Tue Mar 17 22:43:50 +0000 2020	live USA vote reelection Brazil USA Jair Bolsonaro Donald Trump partnership generate great good fruit
Mon Apr 06 04:00:23 +0000 2020	Chant plate burn candle cut cake Houranble PM advise ppl donate mask poor needy Plate candle prevent Covid19 mask help
Mon Mar 30 15:41:26 +0000 2020	stop BFF real shit say friend kill entire Nation
Sat Apr 04 19:44:36 +0000 2020	ask indian hang balcony hang lemon chile entrance house good tantric way rid Pandemic
Fri Apr 10 06:58:27 +0000 2020	fan Good job sir
Tue Apr 21 12:39:20 +0000 2020	happen Brazil people support President guidance God fight Brazilian Lamestream Medium company back corrupt member Communist Party China
Sun Mar 22 16:57:40 +0000 2020	great act evil mainstream disgusting medium
Sun Apr 05 01:00:02 +0000 2020	conversation language converse bolsonaro speak Portuguese Spanish Modi speak Gujarati Hindi productive
Tue Mar 31 09:29:25 +0000 2020	HI trump bring factory Brazil Don stay china sma
Mon Apr 20 23:21:47 +0000 2020	delete misinformation
Fri Apr 17 17:46:49 +0000 2020	brazilian people togheter sir president God bless america north central south
Sat Apr 18 02:03:26 +0000 2020	way Trump look só nasty Inside you re disgusting outside look poor smelly
Fri Apr 10 02:49:36 +0000 2020	Israel Austria country place Mask law
Sat Apr 04 20:41:48 +0000 2020	suggest Cow pee therapy tali bajao treatment unplanned lockdown leave million bus metro station Ullo pathy
Wed Mar 18 17:13:03 +0000 2020	Mr President request speak LOUD CLEAR China stand mercy dictatorial irresponsible China
Sat Mar 21 11:50:35 +0000 2020	need meet save world conservative union
Sat Apr 04 16:04:34 +0000 2020	Dear PM Sir don follow India perform good credit come Entire nation Kindly proper team consult
Mon Apr 20 05:21:58 +0000 2020	Brazil Alliance BR
Sat Mar 28 18:39:24 +0000 2020	Presidente hear president Trump say
Thu Mar 12 22:42:59 +0000 2020	rest world leader
Sat Apr 11 09:55:16 +0000 2020	Brazil forward DonaldTrump Brazil Bolsonaro USA united leftwinger
Sat Apr 04 16:01:03 +0000 2020	day president Brazil tell corona virus medium hype sirjee true save lock 🙏 🙏
Wed Mar 25 16:18:26 +0000 2020	😂 😂 government Bad trump 🤣 🤮 🤮 🤮 🤮
Fri Apr 10 15:30:57 +0000 2020	help Brazilian government expel communism country
Sat Apr 04 15:59:06 +0000 2020	Arrogance rowdyism wrong encounter spread virus deserve humanitarian sympathy
Wed Mar 18 05:57:36 +0000 2020	I m wonder say fake news president side aisle drama surround common denominator check incompetent
Sat Apr 04 21:51:31 +0000 2020	Sir send sevarl tweet Zeelaboraties ltd Karnal haryana terminate non work covid 19 take action lot hope family survive company remove lockdown pls action
Mon Apr 06 17:30:50 +0000 2020	Hahaha insane let hahaha fun 101
Fri Mar 13 15:25:56 +0000 2020	careful Inform infect see hang ball week
Fri Apr 10 18:53:35 +0000 2020	God bless president bless people India Thank
Thu Mar 26 04:48:15 +0000 2020	mexican people apologize ⬇ ️
Sat Apr 11 16:13:55 +0000 2020	REMEMBER BRAZIL PRESIDENT EXTREME LEFT DITATORS CHINESE GOVERNOR BREAKING COUNTRY SELL CHINESE YELLOW VIRUS
Sun Apr 05 04:51:34 +0000 2020	jointly fight Covid 19 country wise ensure law doctor paramedical staff start run west lock open India
Sat Apr 04 16:06:19 +0000 2020	Sir therapy Passive Plasma Infusion China expertise
Sat Mar 28 04:55:48 +0000 2020	late maybe Brazil look exit
Mon Mar 30 02:48:08 +0000 2020	help file petition impeachment
Sun Apr 05 04:39:49 +0000 2020	Modi meeting SAARC leader Head Indian mission abroad Godi medium personnel CMs attend Sport personality Trump Bolsanaro courage talk Opposition party CMs Medical expert Economic expert Non Godi medium
Sat Apr 04 16:08:38 +0000 2020	Poor laborer die non availability food dock medium answer public leave inside reply dock medium time come answer present time die country hunger
Mon Apr 06 11:50:21 +0000 2020	Mr Trump save world save Brazil save evil empire GOD bless
Tue Mar 03 19:07:12 +0000 2020	easy Dolar Real need buy product China ajuda nossa economia meu chapa Fortalece Real aí
Fri Apr 10 05:34:14 +0000 2020	Sir respect beg state 11people Odisha trap Chennai kanchipuram district work private company name prefetti van melle pvt Ltd contractor isn respond able food water
Sun Mar 15 18:49:55 +0000 2020	Brazil take street today defense President corrupt congress want limit need change Brazil
Thu Apr 09 17:25:12 +0000 2020	China unrestricted war West tactic sabotage effort
Sun Apr 05 04:35:01 +0000 2020	Dear Chowkidar understand pain take create impression fight virus instead discuss people knowledge India step effort like Dud Effort
Tue Apr 21 11:04:08 +0000 2020	→fake →fake
Fri Apr 10 07:53:20 +0000 2020	Pls let know stock HCQ India patient present stock serve manufacture HCQ mfg capacity time manufacture qty ensure short HCQ country want India bro supply HCQ
Wed Mar 25 07:01:48 +0000 2020	sound lot like late BP CEO Tony Hayward Deepwater Horizon fame say like life
Fri Apr 10 07:03:14 +0000 2020	partnership humanity stop spread fill world sir
Mon Mar 23 00:02:24 +0000 2020	don know United States Brazil ally haven destroy China wait send deadly virus act warm
Mon Mar 23 00:04:29 +0000 2020	don know United States Brazil ally haven destroy China wait send deadly virus act war
Fri Apr 10 06:38:23 +0000 2020	Honorable Prime Minister Narendra Modi salute heartily epidemic Corona country care be 🇮 🇳 🇮 🇳 proud Hindustani Prime Minister country 🙏 🙏
Sun Apr 05 10:49:57 +0000 2020	God job 👏 👏 👏 👏 👏 👏 👏 👏 👏 👏
Tue Mar 31 23:29:18 +0000 2020	say absolutely consider ban travel Brazil ally enthusiastically dismiss danger coronavirus
Fri Apr 10 05:35:57 +0000 2020	contractor threaten ask salary hard survive sir rescue
Sun Apr 05 14:19:47 +0000 2020	possible effort country people safe provide possible help country Open eye Miss Ghosty Yeh diya light wala event tum jaise Andhe blind logo ke liye hi hai jisse tumko dikhe ki PM
Sat Mar 28 08:15:00 +0000 2020	bold stupid Brazilian live matter
Sat Apr 04 16:16:49 +0000 2020	Everyday think feel great people rarely great PM PM 😊 🙏 ❤ ️
Sat Apr 11 04:35:03 +0000 2020	Sir pain tweeting respond post meeting etc read emergency message
Fri Apr 10 06:47:36 +0000 2020	family ill hospitalize need raise 6000 surgery help little help me，Thank donation，thank
Wed Mar 25 12:20:08 +0000 2020	buddy negative COVID 19 like hard wink tee murder thousand Brazilian way kill American Look shared agenda
Tue Apr 07 14:38:04 +0000 2020	Request respected leader world wear mask give public speech Corona Virus motivate people country wear mask
Sun Mar 15 15:37:26 +0000 2020	God Bless America Brasil love President President
Sat Apr 04 22:19:25 +0000 2020	join Brazilian Pres Brazil apply voodoo cure accept
Wed Mar 18 20:36:12 +0000 2020	China responsible fail world China virus real 🇸 🇧 🇷
Thu Apr 09 17:28:57 +0000 2020	AMERICA great job stay home Mr Trump say
Fri Mar 27 19:50:59 +0000 2020	Flatten curve solution Stop world quarantine 40 day implement fast save life time
Thu Mar 12 04:50:05 +0000 2020	un appreciative great thing country forgive organize strike Brazilian Embassy
Sun Apr 05 02:06:54 +0000 2020	Dumb dumb
Wed Mar 18 04:19:11 +0000 2020	Yes Mr President God Bless America Brazil World God Bless
Mon Mar 23 11:38:42 +0000 2020	apply friend Brazil red medium try bash discredit conservative cost come self destruction don understand destroy thousand job
Tue Apr 07 03:38:24 +0000 2020	Sir suggestion support senior politician great person
Fri Apr 10 06:32:21 +0000 2020	prime minister india brazil Thank congratulations
Fri Apr 10 08:32:49 +0000 2020	Thank India Thank Prime Minister support kindness God bless India & amp Brazil
Fri Mar 13 14:28:36 +0000 2020	Presidente Jair Bolsonaro test positive Corona Virus test ASAP admit American Nearly impossible contaminate near confirm case
Sun Apr 05 05:54:42 +0000 2020	exactly Sir
Tue Apr 07 21:35:32 +0000 2020	rigth
Mon Apr 20 04:50:44 +0000 2020	Help Brazil
Sat Apr 04 22:31:12 +0000 2020	God bless 🇺 🇲 and 🇧 🇷 good favorite President JB Trump
Sat Apr 11 21:24:33 +0000 2020	happy bless Easter Mr President President man God
Sat Apr 04 18:29:12 +0000 2020	Play football / basketball / cricketball / yourball balcony verandah 11 11th April request use vuvuzela Thank productivity
Mon Mar 16 16:28:31 +0000 2020	God bless Brasil
Thu Mar 19 22:34:59 +0000 2020	favorite leader
Thu Apr 02 22:05:28 +0000 2020	chinese puppet
Tue Apr 07 12:23:15 +0000 2020	family hostage
Sun Apr 05 04:18:47 +0000 2020	love president despise communist Brazil beat virus traitor country
Sat Apr 04 18:16:19 +0000 2020	Don know select leader discuss stuff Bolsanaro think corona overhype Brazilian hate
Wed Mar 18 03:42:21 +0000 2020	Brazil 🇧 🇷 USA 🇺 🇸
Sat Apr 11 01:20:41 +0000 2020	Fuck hole family
Fri Apr 10 06:00:55 +0000 2020	GREAT PROUD
Mon Mar 23 22:49:23 +0000 2020	Great American 💪 👏 👏
Sun Apr 05 02:22:38 +0000 2020	Burn forest homophobic misogynistic
Thu Apr 09 03:14:15 +0000 2020	urgent feel Bharat friend pls tweet Hindi lang 130 crore Bhartiya know ur feeling 2wards nation USA nd frnds pandemic situation Ppl Bharat happy know ur fee
Wed Apr 01 16:55:37 +0000 2020	WANT KNOW CHINA RELEASE MILLION TRAVEL WORLD NEW YEAR CHINESE INFESTED COMMUNIST VIRUS CHINA PAY ARCHITECTED ACCOUNT WAY Mestre da Luz
Tue Mar 17 23:26:55 +0000 2020	wife say fantasy histery
Sun Apr 05 14:26:05 +0000 2020	Sanskari Brazilian bang pot pan
Sat Apr 11 03:30:17 +0000 2020	Thank Mr Modi welcome Brazil want come
Mon Mar 16 17:31:06 +0000 2020	Dear Leader Corona Virus World pandemic come China go problem tries destroy world virus create laboratory need respond Send 150 atomic bomb
Fri Mar 13 16:13:08 +0000 2020	gang USA infection border open
Sat Mar 28 04:26:07 +0000 2020	Brazil friend say coronavirus little flu tiny cold
Sat Apr 04 19:38:37 +0000 2020	DETTOL SOAP LIQUID
Sat Apr 04 17:18:46 +0000 2020	Restore 4 g Jammu Kashmir
Fri Apr 10 05:47:21 +0000 2020	great modi ji India Brazil partnership
Sun Mar 15 13:43:38 +0000 2020	EU EXPOSE
Sat Apr 04 18:18:39 +0000 2020	thank clap light
Wed Apr 08 14:45:47 +0000 2020	& amp Jump 💩 💩 & amp
Sun Apr 05 02:08:10 +0000 2020	Sir look 133cr people India 24x7 Indian request care important person need leadership take India positive direction
Wed Mar 18 00:34:47 +0000 2020	YES God Bless Brazil God Bless
Sun Apr 05 04:02:04 +0000 2020	good Mr President Índia Brasil good hand
Fri Apr 10 07:02:32 +0000 2020	Save Amazon Forest Mining Mafia Missionary
Wed Mar 11 05:41:07 +0000 2020	agree Lock stock barrel 🇧 🇷 🇮 🇱 🇸
Thu Mar 12 06:45:03 +0000 2020	love go pet collar
Sun Apr 05 04:45:48 +0000 2020	rush plane load thalia candle Brazil
Sun Apr 05 11:39:22 +0000 2020	gon na sir Kindly share plan
Wed Apr 01 18:20:04 +0000 2020	bash say go Men style shake people hand try lure Greek prime minister ridiculous conflict G20 meeting example guy 1/2
Thu Mar 26 00:52:08 +0000 2020	friend think
Sat Apr 04 20:45:22 +0000 2020	work platinumone bpo Ashar park thane process platinumone head tell client ready pay employee give notice period leave job 15days
Mon Mar 16 19:01:46 +0000 2020	walk bar Everybody die fucking moron
Sat Mar 14 12:09:12 +0000 2020	Thank 🇺 🇸 🤝 🇧 🇷 🙏 👏 👏 👏 👏 👏 👏
Sat Apr 04 19:23:56 +0000 2020	Send godi medium okay Brazil
Sat Apr 04 19:25:45 +0000 2020	Shortly light switch Brazil vessel bang
Fri Apr 10 06:17:40 +0000 2020	thank president Best regard Divine Mother
Fri Apr 17 15:24:00 +0000 2020	Dude brother piehole guy
Sat Apr 11 10:13:23 +0000 2020	brazilian love God bless president
Fri Apr 10 00:29:05 +0000 2020	world wake cry don want
Sun Mar 15 15:41:17 +0000 2020	look coincidence create Brazilian Patriotism Day God bless Mr Trump
Sat Mar 21 21:21:42 +0000 2020	Brazil World happen 🇧 🇷 🤝 🇺 🇸
Sun Apr 05 08:32:03 +0000 2020	Sir provide PPEs timely salary doctor enact PR
Fri Apr 10 08:30:50 +0000 2020	Thankyou Namo vision clean heart create friendship world leader
Sat Apr 04 17:15:05 +0000 2020	Fake News até JOKE
Sun Mar 22 20:34:51 +0000 2020	congratulations Brazilian people handle strength & amp faith give fear & amp propaganda
Fri Mar 27 10:35:37 +0000 2020	don forget let know surrend reason
Wed Mar 25 19:42:00 +0000 2020	go sink entire continent happy vote
Sun Apr 05 10:14:19 +0000 2020	Sir share thali ghanta candle idea Let confiused month
Mon Mar 16 10:58:30 +0000 2020	Don forget sendo bless remedy one support need
Sun Mar 15 16:37:38 +0000 2020	today brazil national day president today Brazil
Sat Apr 04 15:59:03 +0000 2020	Good know India Brazil develop country Hope help
Sat Apr 04 06:02:21 +0000 2020	Mr President Thank Presidente nation help enemy
Wed Apr 22 11:11:59 +0000 2020	change world destiny power freedom people 🇧 🇷 🇧 🇷 🇧 🇷
Wed Apr 22 00:23:19 +0000 2020	pathetic Brazilian Trump compliment
Mon Apr 20 16:05:38 +0000 2020	Congratulations President great inauguration speech
Sat Apr 04 18:32:30 +0000 2020	time crush jamati Nexus & amp network world & amp FATF ICJ WHR UNO come forward
Sat Apr 04 16:14:02 +0000 2020	excitement face
Sat Apr 04 20:56:46 +0000 2020	great friendship dear PM Brazil Palmas walk world stage
Sat Mar 28 00:52:05 +0000 2020	informative little video little brain Listen save people
Thu Apr 09 12:14:34 +0000 2020	Obrigado por ajudar Brasil Thank help Brazil President & lt & lt & lt & lt
Sun Apr 12 16:39:08 +0000 2020	Thank mr President wish family 🇧 🇷 🇺 🇸 🇧 🇷 🇺 🇸 🇧 🇷 🇺 🇸
Fri Apr 10 05:54:05 +0000 2020	sir avoid chines & amp chine product
Fri Apr 10 05:43:25 +0000 2020	Sir strucked hostel way home respond sir regard
Tue Apr 21 12:19:05 +0000 2020	Brazil beloved President Brazil Media corrupt dishonest majority politician Supreme Court Justice CORRUPTS DISHONEST
Fri Mar 13 07:52:37 +0000 2020	talk talk
Sun Apr 05 00:59:26 +0000 2020	Look like seriously miss foreign trip
Sun Apr 05 05:07:40 +0000 2020	& amp waiting leave UN
Sat Apr 04 17:19:17 +0000 2020	convince stop cut amazon forest
Sat Apr 04 19:40:02 +0000 2020	hope convince little flu
Fri Apr 10 05:35:41 +0000 2020	show wrong map India website
Mon Apr 20 03:28:03 +0000 2020	Mister President happen Brazil media tell lie get people worry scared stop
Fri Mar 27 04:45:06 +0000 2020	confirm speech real 20 conference March 26 Mexican President tell mexican people
Sun Apr 05 01:09:13 +0000 2020	Sir Hope Bang Thaali Instead Hi & amp Hello
Wed Apr 08 19:37:49 +0000 2020	HCQ save life & amp 🇧 🇷 🇺 🇸 🙏 🏻 👏 🏻 👏 🏻 👏 🏻
Sun Apr 05 14:03:49 +0000 2020	Brazil President learn Japan olympics postpne case corona virus Japan number people infect coronavirus increase rapidly problem arise leave matter
Tue Mar 17 03:05:59 +0000 2020	close professional certainly big disgusting xenophobia stop lick ball behave like head state
Sun Mar 29 03:10:06 +0000 2020	china vaccine china virus Covid19 Covid 19 china produce bio bomb infect Covid 19 Bejing Shanghai vito power
Fri Apr 10 05:44:09 +0000 2020	Dear Sir behalf Brazilian people THANK sincerely wish power Lord Shiva bless life protect keep safe existence dynasty
Fri Apr 10 05:51:08 +0000 2020	Plz sir Avoid chine india strongly believe & amp hope
Mon Mar 30 15:00:17 +0000 2020	prayer Italy 🇮 🇹 cost appear stupid underestimate restrictive containment measure graphic make understand dead cry
Sat Apr 04 19:34:19 +0000 2020	Oh god Best friend chat read good character
Thu Mar 12 04:48:47 +0000 2020	appreciative great thing country forgive organize strike
Sun Apr 05 06:10:59 +0000 2020	Pls elaborate Unable provide necessary medical resource like PPE ventilator etc doctor India tell
Wed Apr 01 23:34:10 +0000 2020	Donald Trump chloroquine prophylactic advise visit genuinely wonder
Sun Apr 05 04:37:01 +0000 2020	shame & amp real terrorist
Mon Apr 06 13:30:42 +0000 2020	need military help overthrow genocidal drug tyranny accomplice
Sat Mar 28 13:47:49 +0000 2020	like demand national television president follow lead stop absurdity
Sat Apr 04 16:17:32 +0000 2020	4/9 Shri Sardar Vallabhai Patel ji iron man India glimpse sir
Sun Apr 05 05:09:45 +0000 2020	aunt show contact help hospital lack basic protective gear equipment
Sat Apr 04 20:54:27 +0000 2020	pick wrong leader trump bolsonaro want world hate like people country hate thier leader 🤔
Sun Apr 05 00:34:28 +0000 2020	big criminal world deny Coronavirus JAIR BOLSONARO luv fact Mr modi find partner God bless India lead ignorance
Thu Apr 09 15:10:03 +0000 2020	Direct doormat Brazil take thing seriously send people street
Fri Apr 10 06:29:10 +0000 2020	kind Mr President Narendra Modi Thank lot help country support lovable President Bolsonaro Brasil 🇧 🇷 Índia 🇮 🇳
Thu Apr 02 20:08:44 +0000 2020	order explain outbreak virus dangerous brazilian citizen love sure hear advice Thank
Fri Mar 27 08:08:28 +0000 2020	Globalization failure Nationalism&amp Nation lead Nationalist Globalist world govt
Sat Apr 04 16:15:52 +0000 2020	Man teach World deal thing situation tough World believe word Shri Narendra Modi Ji Clearly huge respect Globe
Sat Mar 28 04:23:32 +0000 2020	don messias predict 200 000 infect day wake crisis hiccup
Tue Apr 07 07:59:48 +0000 2020	video simple solution create Amazonian capsule isolate patient prevent contagion enable Non Invasive Ventilation solution part
Sat Apr 04 15:58:04 +0000 2020	eradicate Communist Party China virus follow virus Communist Party biological chemical weapon Communist Party poisoning world don silent
Sat Apr 04 18:11:46 +0000 2020	Don understand contact South America discuss covid 19 thrash Tablighi Jamaat member treat like king have Ajit Doval speak appal
Sun Apr 05 05:25:04 +0000 2020	MESSAGE MODI CAPT AJIT VADAKAYIL COME TV LIVE WEAR MASK SPEAK MASK DONT APE STUPID FELLOW TRUMP CDC GUILTY MISLEADING WORLD MASKS capt ajit vadakayil
Sun Apr 05 05:04:10 +0000 2020	Design module Coronovirus temporary hospital setup school marriage hall feild stadium ground
Fri Apr 10 06:12:17 +0000 2020	🙏 🙏 🇮 🇳 + 🇺 🇸 + 🇮 🇱 + 🇧 🇷 💪 🇮 🇳 Love sir truly Genius wid u&amp feel proud 🙏 🙏
Sat Apr 04 18:08:52 +0000 2020	Ji show power India Entire World way India lead country Incredible Thank care & amp lead 🇮 🇳
Tue Mar 31 12:36:58 +0000 2020	🤮 SHAME do nt dead wounded dog intert 🤮 snout horror
Tue Mar 31 22:47:50 +0000 2020	eyy 👇 👇 👇 👇 👇 say say Constitution Bolivarian Republic Venezuela Enlightenment Liberator Simón Bolívar Father Fatherland
Fri Apr 10 22:19:45 +0000 2020	Sir ji commitment country Pay attention decide deliver policy guideline time thing ground rule lay gov actuallybmaking sense
Sat Mar 28 00:44:29 +0000 2020	Mr Trump privately prefer ask friend little conservative risk involve spread stop insist people street regular flu Thank
Sun Apr 05 05:55:25 +0000 2020	Delhi share Relief Fund CM Delhi request PPEs Medical equipment CM Delhi request Don play Dirty Politic live people live Delhi
Fri Apr 03 19:28:20 +0000 2020	Sunday ask Brazilian fasting ask American call Lord distress Lord answer set large place Lord fear Psalms 118
Sat Apr 04 19:23:36 +0000 2020	humble request sir middle class people self employ pay rent electric bill income happen month think domestic help patient
Sat Mar 21 11:57:13 +0000 2020	Brazilian gastronomy major draw visitor country Maniçoba example dish indigenous origin prepare North cassava leave Midwest piranha broth recipe
