created_at	text
Sat Feb 22 01:01:14 +0000 2020	Today talk President cover sector energy healthcare technology animal husbandry India Brazil focus expand cooperation defence sector
Sat Mar 21 14:03:41 +0000 2020	create sign let people know litter spread COVID 19 virus fast right click & amp download print need
Sun Apr 05 06:04:06 +0000 2020	Forget Brazil Union Government fight Covid19 cooperation States India idea
Sat Apr 11 11:49:34 +0000 2020	global sharing co work platform state civil function possible good practice approach Maharashtra covid response group everybody fight role
Fri Apr 10 05:50:10 +0000 2020	certain chloroquin anti malarial drug cure patient infect Covid 19 Medical scientist Canada doubtful efficacy drug
Tue Mar 03 15:53:21 +0000 2020	elect hope fight establishment consider complain lack support unfair criticism helped elect
Sat Apr 04 19:25:47 +0000 2020	think people andaman slow internet access meanly diglipur rk gram near vkzpv school report need room virus
Mon Apr 06 10:48:04 +0000 2020	Thank President robust discussion fiscal pension reform help improve private sector drive growth create job Group stand ready support implementation
Fri Apr 10 06:14:32 +0000 2020	India advantage anti Malarial vaccine help long turn big question clear month
Sun Apr 05 06:06:58 +0000 2020	disclose official meeting public disclose strategy India fight long
Fri Apr 10 23:37:17 +0000 2020	Thank Prime minister India relationship enter Brazil India strong 👏 🏾 👏 🏾 👏 🏾 👏 🏾 🇧 🇷 🤝 🇮 🇳
Thu Mar 19 19:33:10 +0000 2020	Trump Bosonaro dupe Jair odds favorite planet ecoterrorist Boy pick em Great friend Korea Kim Jong Un KGB Putin Phillipines police state pres Duterte money launder DeutscheBank start
Sat Apr 11 16:51:52 +0000 2020	count Brazil ready fight President Thankful God right seat protect 🙏 🏼
Sun Apr 05 04:37:01 +0000 2020	shame & amp real terrorist
Fri Mar 27 18:08:19 +0000 2020	death consider genocide economy go suffer way care human life economy rebound people win resucite blame people die fro try save
Tue Apr 21 10:54:14 +0000 2020	Brazil thing president suffer blow dirty press blow people leave 🇧 🇷
Mon Apr 06 17:30:50 +0000 2020	Hahaha insane let hahaha fun 101
Fri Apr 10 06:39:09 +0000 2020	charge good load money nation help boost India Economy crucial time avoid send medicine country like Malaysia Turkey offcourse Pakistan
Sat Apr 04 16:09:11 +0000 2020	Great idea fight pandemic join hand forward help learn experience need hour Modi ji India stand support sure
Fri Apr 10 17:07:06 +0000 2020	Thank Mr Prime Minister Brazil love India country smart strong light happy God bless challenge 👍 🏼 🙏 🙏 namaste
Sat Apr 04 16:06:25 +0000 2020	Resume flight service allow spead virus line worker like air crew ground staff live risk profit important situation start flight service
Sat Apr 04 21:21:05 +0000 2020	spread rumour Grid Failure switch light 5th April night 9 pm Request India Unity prayer 9PM 5th Diya small light mobile flash light & amp torch propose Honourable PM Shri Modi Ji Regard
Sun Apr 05 08:08:48 +0000 2020	Bolsonaro completely agree light candle fight COVID 19 pandemic Kal Brazil bhi batti bujha di jayegi
Sun Apr 05 11:28:36 +0000 2020	great sir bring recognition 70 year corona warrior salute spirit citizen highly motivate fight fear strictly light diya 9 pm 9minutes today
Fri Apr 10 07:51:09 +0000 2020	Human creature earth cut tree paper write SAVE TREES
Sun Apr 05 12:14:11 +0000 2020	ask People Brazil light candle 12 30pm today minute 1300 million Indian lighting candle time solidarity fight Corona / COVID19 Brazilian join Indian
Sat Apr 11 12:25:54 +0000 2020	Sir Implement carfew 14 day Medical Agriculture Essintial good distribution take care local administration ward level harvesting data state labour dept arrange govt pvt people help farmer
Thu Mar 26 10:01:44 +0000 2020	Brasil God trust Strong 🇺 🇸 🇧 🇷
Thu Apr 09 11:20:51 +0000 2020	Corporeal Deity human spine coil serpent sleep anus God Phalus Son Wheel rise Creator God wheel penance sceptre meet Preserver God God Phalus wheel Life wheel Eye add Breathe Yoga Body build temple namesake Father North Indian Nation Clairvoyant
Sat Apr 11 01:15:27 +0000 2020	Respect Sir global ledger proud love country request solve PMC Bank issue poor people die money lakh PMC Bank victim have time lunch help God bless
Sat Feb 22 01:02:00 +0000 2020	Today meet President month reflect topmost priority accord expand India Brazil tie gladden President Bolsonaro grace Republic Day celebration Chief Guest
Fri Apr 10 06:18:46 +0000 2020	India supply medicine especially hydroxychloroquine country include USA Israel Gulf neighbour etc confirm role provider help global fight Kudos wisdom Amazing Long live Sir
Sat Apr 11 01:26:21 +0000 2020	Humanity fight
Fri Apr 10 06:43:27 +0000 2020	Humanity fight againt Pandemic
Fri Apr 10 23:53:30 +0000 2020	blacklist china wanna safe people life data land etc blacklist china trade don day face big problem
Fri Apr 10 05:34:14 +0000 2020	Sir respect beg state 11people Odisha trap Chennai kanchipuram district work private company name prefetti van melle pvt Ltd contractor isn respond able food water
Sat Apr 04 21:04:03 +0000 2020	YES Let fight win Battle 🙌 🇧 🇷
Sat Apr 04 17:18:40 +0000 2020	World fight Corona Covid19
Sat Apr 04 18:30:27 +0000 2020	China come true fact let international agency know Wuhan misadventure Reality undeclared biological war turn let advantage economic slowdown boycott Chinese product
Sat Apr 04 19:45:05 +0000 2020	don telecast phone conversation transparency mitron
Sun Apr 05 05:49:35 +0000 2020	scam Boycott Donate state centre States work centre
Sun Apr 05 07:51:35 +0000 2020	
Sat Apr 11 14:48:29 +0000 2020	right
Tue Apr 21 10:52:06 +0000 2020	fight communist win
Tue Mar 31 15:32:00 +0000 2020	Congrats right
Wed Apr 22 22:29:13 +0000 2020	👏 👏 👏 👏 God Bless fight communism
Mon Mar 16 16:31:46 +0000 2020	time new virus Stay connected intelligence professional 🚨 🇨 🇳 ⌛
Sat Apr 04 16:17:38 +0000 2020	Sir need anthem song boost indian fight covid 19 telecast television hope work
Sat Apr 04 19:43:51 +0000 2020	Let fight virus like country brother 🙏 🏻 🙏 🏻 👍 🏻 👍 🏻
Sun Apr 05 01:18:29 +0000 2020	think ur country fight Covid 19
Fri Apr 10 12:57:14 +0000 2020	Thank appreciate help fight virus
Fri Apr 10 07:51:24 +0000 2020	India special country tough time commit contribute Humanity fight pandemic proud Nation & amp excellent leader sir
Sat Apr 04 19:29:14 +0000 2020	VENEZUELA need HAND approach Necesita todas las manos Venezuelan use force survey & amp result click
Tue Mar 24 14:54:01 +0000 2020	Brazil Media leave wing Internet call crazy speak determine increase medicine production Sunday
Sat Apr 11 15:30:07 +0000 2020	Modi ji right time skill technology India world let start trade good raw material mechanical electronics material world create employment India improve economy India
Tue Apr 21 13:00:45 +0000 2020	Maybe Mr Bolsonaro work order fight common enemy communism
Wed Apr 08 10:13:14 +0000 2020	Agar lock pertol pump band kar diye log apni duty kaise karege public transportation allow reply yogi ji modi ji decision care fully father working nagar nigam
Fri Apr 17 10:23:50 +0000 2020	Head state tough decision good judge what s good people save life economic contraction correct tradeoff cost pay
Sat Apr 11 01:45:22 +0000 2020	Thank Prime Minister Modi strong commitment help affect nation terrible virus include country Brazil Prime Minister Indian people forget Brazilian people Friend forever 🧡 💚 🙏
Sat Apr 04 17:18:25 +0000 2020	Lol dude want mass church fight corona believe productive come convo
Sat Apr 04 17:20:25 +0000 2020	right truth come
Sat Apr 04 16:09:07 +0000 2020	Petrol diesel price loot oil company cheap international market profit motto india recession
Thu Mar 12 00:56:23 +0000 2020	STATE mean Criminal State ISRAEL Interesting mother russia history
Sun Apr 12 03:45:31 +0000 2020	GST shop owner company owner take public
Tue Apr 21 12:58:21 +0000 2020	right President Mr great leader
Sun Apr 05 04:35:01 +0000 2020	Dear Chowkidar understand pain take create impression fight virus instead discuss people knowledge India step effort like Dud Effort
Fri Apr 10 06:11:55 +0000 2020	India dynamic leadership ji write new chapter unity empathy&amp brotherhood nation world pass severe catastrophe fully devoted humanity valiant fight agnst pandemic Nation&amp world look hope
Sun Apr 05 01:34:13 +0000 2020	India send million ppl clap hand light candle brazil
Fri Apr 10 21:36:26 +0000 2020	Let figth China Mr Narendra country china slave
Fri Apr 10 15:35:47 +0000 2020	Thank President India Brazil partnership strong challenging time India commit contribute humanity fight pandemic
Sat Apr 04 18:28:42 +0000 2020	go light candle tommorw minute 😋 😋 😋
Tue Mar 31 22:17:31 +0000 2020	let know change plan ask ppl stay home 30 day big fan follow action dot
Sat Mar 14 06:35:59 +0000 2020	personal opinion ice cap melt cause increase humidity globe Plant get mold / mildew / fungus humidity spread air temp drop heat wave cause increase spore production Plant fungal disease
Sat Apr 04 20:56:22 +0000 2020	trust sir hv push india economy 20 year Accept ur mistake
Sat Apr 04 16:08:38 +0000 2020	Poor laborer die non availability food dock medium answer public leave inside reply dock medium time come answer present time die country hunger
Sun Apr 05 01:35:27 +0000 2020	Bolsonaro doesn consider Corona real problem common ground
Sat Apr 04 17:13:31 +0000 2020	situation Brazil isolation economy covid1
Sun Apr 05 00:55:14 +0000 2020	Yesterday night Brazil people pray candle street follow PM instruction tonight light Diyas minute offer prayer spiritual leader MODIJI PM covid 19 virus backing
Sun Apr 05 08:08:42 +0000 2020	Sir Lock period increase maharashtra Mumbai Corona Case increase day day fast lockdown crowd increase plan accordingly
Fri Mar 27 12:40:19 +0000 2020	look fool don idol learn politics
Fri Apr 10 14:56:28 +0000 2020	choose right beautiful planet EARTH India America Russia Military equipment medical equipment Nuclear weapon medicine
Sat Apr 04 16:02:08 +0000 2020	Sir consider mass make sturdy cloth mask woman collective Indian / Brazilian wear mask poor poor let start give Czech republic set example woman consider
Sat Apr 04 18:25:42 +0000 2020	Dear Modiji Advice guy human bit low average
Mon Apr 06 12:28:23 +0000 2020	BRAZIL STRONG Thank God great president friend brothers USA Let work
Sun Apr 05 08:43:18 +0000 2020	hold conversation strong ally Japan PM Shinzo Abe need help
Fri Apr 10 06:06:11 +0000 2020	Sir think lockdown farmer close ca nt harvest crop Crop destory eat live answer
Sat Apr 04 19:41:07 +0000 2020	Oh ic talk global scale colony Mars Martian president
Mon Mar 16 13:18:33 +0000 2020	pls suggest friend protect country epidemic get worry everyday indian friend
Fri Apr 17 16:43:27 +0000 2020	free level speech medium people crazy sad truth Brazilian able understand real problem Thank President wait comment
Fri Apr 17 16:45:09 +0000 2020	free level speach medium people crazy sad truth Brazilian able understand real problem Thank President wait comment
Tue Apr 21 12:30:06 +0000 2020	PR suffer rotten medium majority population good governor party health money list long
Sun Apr 05 14:19:47 +0000 2020	possible effort country people safe provide possible help country Open eye Miss Ghosty Yeh diya light wala event tum jaise Andhe blind logo ke liye hi hai jisse tumko dikhe ki PM
Fri Apr 10 05:31:47 +0000 2020	Sir help poor family father erickshaw driver lockdown able work don money buy grocery family contect 9113866195 Sbi A / c 33763071004 Ifsc sbin0011823
Wed Apr 08 11:51:07 +0000 2020	learn get point polite manner earn respect Indian
Sat Apr 11 04:46:31 +0000 2020	Goregaon west near railway station go medical time see auto rickshaw sharing auto stand standing passenger lockdown help family food help money
Tue Apr 21 23:16:28 +0000 2020	John 32 know truth truth set free difficult speak truth population listen lie truth eventually hurt Good job
Tue Apr 07 14:38:04 +0000 2020	Request respected leader world wear mask give public speech Corona Virus motivate people country wear mask
Sat Apr 11 07:45:47 +0000 2020	God bless Mr Prime Minister Narendra Modi Sir thank kind word gesture strong solidarity Brazilian People dear President Jair Bolsonaro love India Modi Jai Hind
Fri Mar 13 15:15:43 +0000 2020	need TEST directly expose HIGH RISK GROUP American public need know leader SAFE healthy TESTED getting test set horrible example
Tue Apr 07 02:09:33 +0000 2020	See progress pressure know need focus cooperation
Fri Apr 10 08:14:04 +0000 2020	Present india country inspiration
Sat Apr 11 07:21:23 +0000 2020	Fight Covid19 small way get expert opinion grind zero battle India learn lesson quickly & amp save live India Truly knowledge power pandemic
Fri Apr 10 22:19:45 +0000 2020	Sir ji commitment country Pay attention decide deliver policy guideline time thing ground rule lay gov actuallybmaking sense
Fri Apr 10 07:31:46 +0000 2020	thank present 💪 🌈 🌞 🇮 🇳
Tue Apr 07 16:05:34 +0000 2020	Dear India suggestion new lockdown period come week crefew India till 20 April area follow lock total cerfew grelax cerfew hours area wise police secure drinking water
Sun Apr 05 00:59:26 +0000 2020	Look like seriously miss foreign trip
Tue Apr 07 17:40:27 +0000 2020	God trust Brasil Usa God bless
Sun Apr 19 13:39:12 +0000 2020	stinky president smell like shit Free Muslim
Tue Apr 07 03:30:28 +0000 2020	save world hollywood real World steal medical product country
Thu Mar 26 07:38:28 +0000 2020	Corona virus biological war China world China Yuan affect send virus 100 country world impose economic sanction China remove economic forum world
Fri Mar 13 15:31:15 +0000 2020	trend topic remember get light g20 meeting
Sat Apr 11 02:21:35 +0000 2020	protect rainforest Sir
Fri Apr 10 08:58:12 +0000 2020	Country work protect humanity
Sun Apr 05 11:39:22 +0000 2020	gon na sir Kindly share plan
Sat Apr 04 21:51:31 +0000 2020	Sir send sevarl tweet Zeelaboraties ltd Karnal haryana terminate non work covid 19 take action lot hope family survive company remove lockdown pls action
Sat Apr 04 16:09:45 +0000 2020	Recently learn COVID 19 epidemic go Hope lot PPE mask protective clothing quality accordance CE FDA standard etc need PPE need contact
Fri Apr 10 06:11:15 +0000 2020	G4 comprise India Japan Brazil South Africa answer Chinese hegemony field global phenomenon
Mon Apr 06 04:00:23 +0000 2020	Chant plate burn candle cut cake Houranble PM advise ppl donate mask poor needy Plate candle prevent Covid19 mask help
Mon Apr 06 03:58:40 +0000 2020	Sir don need Vaccine test don want Experiment Trust China Bill Gates
Sun Apr 05 01:07:24 +0000 2020	productive Braziil president famous take action hope go way
Fri Apr 10 07:59:41 +0000 2020	earn 9000 * couldn easy
Fri Apr 10 13:56:47 +0000 2020	Thank Prime Minister
Fri Apr 17 06:36:14 +0000 2020	Laughter unite times crisis call international community come time find funny danganronpa microwave video
Sun Apr 05 02:09:54 +0000 2020	Sir middle class small business house suffer lock mention releif measure
Mon Apr 20 16:05:39 +0000 2020	speak President Brazil future Trade prospect exciting relationship strong strong tell United States help Amazon Rainforest fire stand ready assist
Fri Apr 10 21:53:20 +0000 2020	Thank Prime Minister 🇧 🇷 🇮 🇳
Sat Apr 04 16:12:39 +0000 2020	lock allow MNC company employee STAY HOME & amp WORK HOME untill COVID19 crowd remain short
Sat Apr 04 16:02:31 +0000 2020	plan harvest India famine pandemic
Fri Apr 10 06:50:45 +0000 2020	attention seeker hardly care hardship people
Tue Mar 03 14:52:25 +0000 2020	Marvel Comic great contribution USA global culture
Thu Mar 19 12:26:56 +0000 2020	wait responsible debate economy health RESPONSIBILITY
Fri Apr 10 22:34:28 +0000 2020	Thank Prime Minister 🇧 🇷 🤝 🇮 🇳
Thu Mar 12 18:05:08 +0000 2020	Let Pr flu survive lead Free World new order
Fri Apr 10 06:37:44 +0000 2020	hope efficient step protect people
Sun Apr 05 04:39:49 +0000 2020	Modi meeting SAARC leader Head Indian mission abroad Godi medium personnel CMs attend Sport personality Trump Bolsanaro courage talk Opposition party CMs Medical expert Economic expert Non Godi medium
Tue Apr 07 07:59:48 +0000 2020	video simple solution create Amazonian capsule isolate patient prevent contagion enable Non Invasive Ventilation solution part
Tue Mar 03 19:07:12 +0000 2020	easy Dolar Real need buy product China ajuda nossa economia meu chapa Fortalece Real aí
Mon Apr 06 06:54:24 +0000 2020	Solution Contagion law force leave wear mask homemade Death suspend EARLY INTUBATION PROTOCOL prohibit noninvasive ventilation promote mechanical ventilation need Lethality 90
Mon Mar 30 09:58:09 +0000 2020	Tell friend brazilian stay home prefer count dead people instead hole economy
Fri Apr 10 05:26:29 +0000 2020	India self determination right Kashmir khalistan Accord UN resolution Free Kashmir remove lockdown world relief Almighty
Sat Apr 04 20:51:38 +0000 2020	Thank Prime Minister 👏 🏾 👏 🏾 👏 🏾 👏 🏾
Sat Apr 04 22:00:40 +0000 2020	Mr Prime Minister great news
Sat Mar 14 08:22:39 +0000 2020	contact infect people & amp dinner week & amp aid test positive ❝ Wouldn IRONIC bring virus name Beer ❞
Fri Apr 10 16:17:19 +0000 2020	Congratulations Prime Minister Thank God bless
Sun Apr 05 11:03:35 +0000 2020	Man teach World deal thing situation tough World believe word Shri Narendra Modi Ji Clearly huge respect Global grate PM sir
Sat Mar 21 11:53:30 +0000 2020	world community action Chinese Communist Party lie lie endanger live million worldwide
Fri Apr 10 23:55:15 +0000 2020	Dear American Leader see damage China cause world economy time renew Monroe Doctrine
Sat Apr 11 13:10:15 +0000 2020	God bless Indian people Prime Minister Nerendra Modi Thank
Sun Apr 05 04:45:48 +0000 2020	rush plane load thalia candle Brazil
Mon Mar 30 10:17:34 +0000 2020	evil friend like mind idiot Brazil Jair Bolsonaro right Economy important issue nose
Fri Apr 10 05:44:09 +0000 2020	Dear Sir behalf Brazilian people THANK sincerely wish power Lord Shiva bless life protect keep safe existence dynasty
Fri Apr 10 22:12:48 +0000 2020	Thank Mr Prime Minister winner togheter 🇧 🇷 🤝 🇮 🇳
Fri Apr 10 21:51:05 +0000 2020	Thank help Prime Mister Narendra Modi 🇧 🇷 💚 🧡 🇮 🇳
Fri Apr 10 08:22:04 +0000 2020	praise pm Narendra modi world orthodox think citizen country crticize state govt central govt respect sir ❤ ️
Sun Apr 05 01:26:42 +0000 2020	support movement Covid19 regretful come news 30 patient profess Tablighi Jamaat imply follow direction Prime Minister
Sat Apr 11 06:39:13 +0000 2020	Sir request incersing lock
Fri Apr 10 06:32:21 +0000 2020	prime minister india brazil Thank congratulations
Fri Apr 10 07:55:08 +0000 2020	Translation thank Prime Minister India telephone conversation allow shipment Brazil load input production hydroxychloroquine
Fri Apr 10 08:32:49 +0000 2020	Thank India Thank Prime Minister support kindness God bless India & amp Brazil
Fri Apr 10 11:30:17 +0000 2020	Thank prime Minister Modi Brazil support relation Índia come close Great News nation like brother
Fri Apr 10 07:53:20 +0000 2020	Pls let know stock HCQ India patient present stock serve manufacture HCQ mfg capacity time manufacture qty ensure short HCQ country want India bro supply HCQ
Thu Apr 09 15:02:58 +0000 2020	Thank prime minister Narendra Modi God bless 🇮 🇳 🇧 🇷 Thank Indian people
Fri Apr 10 08:51:45 +0000 2020	difficult situation Prime Minister lead Feel greatness जय हिंद 🇮 🇳 🇮 🇳
Sat Apr 04 16:17:18 +0000 2020	3/ mortality rate truly unbelievable mainly great effort government inspite great co operation state government machinery
Sun Apr 05 02:22:38 +0000 2020	Burn forest homophobic misogynistic
Sat Apr 04 16:06:28 +0000 2020	worry telephonic conversation happen month ago good powerful nation look India happen way world free pandemic soon well
Fri Mar 27 02:00:57 +0000 2020	ist real Intervention
Fri Apr 10 06:38:23 +0000 2020	Honorable Prime Minister Narendra Modi salute heartily epidemic Corona country care be 🇮 🇳 🇮 🇳 proud Hindustani Prime Minister country 🙏 🙏
Thu Mar 12 20:26:56 +0000 2020	Trump SOON Learn Bolsonaro INFECT Meeting Saturday President Trump meet Brazilian President weekend new report state Infected Read
Tue Mar 17 03:05:59 +0000 2020	close professional certainly big disgusting xenophobia stop lick ball behave like head state
Mon Apr 20 23:21:47 +0000 2020	delete misinformation
Thu Apr 09 03:14:15 +0000 2020	urgent feel Bharat friend pls tweet Hindi lang 130 crore Bhartiya know ur feeling 2wards nation USA nd frnds pandemic situation Ppl Bharat happy know ur fee
Sat Apr 04 16:15:55 +0000 2020	God ki Mrze woh Jo marze kra baghwan bolta Apki suraksha rakho main ApkA Sth hu Don blame Blame
Fri Apr 10 06:42:58 +0000 2020	Start Safe bue Rakuten FC BARCELONA partner 👉 40 cash Coronavirus time sign 👉 Rakuten 👈 good site earn Cash 👉 👉 10 bonus sign up 👈 👈 free join
Fri Mar 13 16:13:08 +0000 2020	gang USA infection border open
Wed Apr 22 16:13:26 +0000 2020	Brazil February 3th present bill congress declare State Emergency didn vote face democratic act governor mídium set panic population
Sat Apr 04 17:19:17 +0000 2020	convince stop cut amazon forest
Tue Apr 21 00:26:21 +0000 2020	lot common Ignorance Terrible response crisis situation Sacrifice people importantly people lose faith
Sat Apr 04 20:56:46 +0000 2020	great friendship dear PM Brazil Palmas walk world stage
Fri Apr 10 06:14:37 +0000 2020	proud fact kewal hamare desh hi malaria bacha hai aur hume ab bhi HCQ production ki jarurat hai
Sat Apr 04 19:34:37 +0000 2020	HitleranduOrLibralandu talk Crown Prince result Virtual G20 Summit talk German Chancellor detail await talk president probably thank World Bank talk Brazilian president interested lockdown suggest fast[upwa ] Kya hai
Fri Mar 27 02:09:20 +0000 2020	👏 👏 👏 👏 👉 🇧 🇷 LOCKDOWN G20 SEGUE BOLSONARO
Wed Apr 01 18:20:04 +0000 2020	bash say go Men style shake people hand try lure Greek prime minister ridiculous conflict G20 meeting example guy 1/2
Thu Mar 26 09:08:14 +0000 2020	ETR call invite OECD able willing dead wants sit Putin Time real membership OECD good
Sat Apr 04 16:01:03 +0000 2020	day president Brazil tell corona virus medium hype sirjee true save lock 🙏 🙏
Sun Mar 29 20:10:47 +0000 2020	great President Brazil discuss subject include Trade relationship United States Brazil Strong
Sun Apr 05 04:51:34 +0000 2020	jointly fight Covid 19 country wise ensure law doctor paramedical staff start run west lock open India
Tue Mar 24 06:11:03 +0000 2020	get know President dealings Brazil work hard Amazon fire respect great job people Brazil easy country complete support USA
