created_at	text
Tue Apr 21 07:58:54 +0000 2020	Despite coronavirus induce volatility international financial market China market remain generally stable Q1 exchange rate cross border capital flow keep steady
Fri Apr 10 15:38:23 +0000 2020	China like join international community promote smooth operation industrial supply logistics chain world cut reduce barrier jointly contribute global trade stability
Tue Mar 17 03:07:20 +0000 2020	country rid unreasonable rule break trade barrier world trade return normal development amid outbreak
Wed Apr 01 12:22:33 +0000 2020	wasn hard year ago Open & amp pandemic abate fully enjoy fruit international trade China competitive advantage leverage update system socialism open market
Thu Apr 02 19:43:12 +0000 2020	labour intensive investment Swawlamban Sabarmati Talisman gandhi ji guideline decision take Parliament
Thu Mar 05 13:28:56 +0000 2020	China inform international community information promptly share genome sequence share technical document 100 country 10 organization carry 20 exchange country int organization
Fri Apr 03 12:47:55 +0000 2020	UNGRATEFUL Chinese CCP sucker American IP Investment & amp education keep 19 secret month+ world Unstoppable CCP BITE hand end Mao s / gang communist famine Support tyranny Korea Iran Vezuela SIRIUM TRAITORS Shame
Thu Mar 26 12:49:23 +0000 2020	China organize batch emergency aid 89 country international organization country send supply give technological assistance
Mon Mar 30 08:20:12 +0000 2020	request boycott chinese product do nt trade Chinese people people spread virus economy strong weak world unite china people threat world
Fri Apr 10 21:34:44 +0000 2020	China host 127th Fair online mid late June Enterprise merchant world welcome participate enjoy innovative integration country old fair internet technology
Fri Apr 03 17:00:07 +0000 2020	China´ CCP UNGRATEFUL & amp TRAITOR Suck USA Investmnt education deficit IP Support brutal oppressor Korea Iran Vezuela SRIA Kill Dr Li Wenliang Tiananmen Thousand INFECTED WORLD w / C 19 BITE hand / feed Mao s / gang communist famine
Thu Apr 23 11:29:21 +0000 2020	China sign international treaty 2019 deepen cooperation WIPO WTO say Shen Changyu commissioner National Intellectual Property Administration
Tue Apr 07 03:23:47 +0000 2020	China launch satellite navigation system Beidou China independently develop operate global satellite system
Fri Mar 27 23:43:54 +0000 2020	Virus respect border fight test international solidarity face common enemy
Thu Mar 26 08:22:45 +0000 2020	CHINA drag International Court strip VETO power UN Crime humanity COVID 19 Chinese Virus
Thu Apr 23 04:47:13 +0000 2020	Excerpt international cooperation overcome pandemic speech remark President Xi Jinping January April 2020
Tue Mar 31 01:32:50 +0000 2020	situation prevention control improve International Grand Bazaar northwest China Uygur Autonomous Region restore usual hustle bustle
Tue Apr 21 03:10:08 +0000 2020	Chinese Ambassador global fight world win virus know border country global battlefield
Sat Apr 18 00:40:28 +0000 2020	China major economy project IMF recently positive growth year China suppress economic activity unlease year
Mon Mar 16 11:09:48 +0000 2020	China market remain generally stable February despite China promote overall stability year support enterprise employee
Fri Apr 17 04:13:09 +0000 2020	Xi hold phone talk Putin pandemic Xi Politicize label COVID 19 pandemic detrimental international cooperation work jointly safeguard global public health security
Tue Apr 07 07:25:21 +0000 2020	China tighten quality control medical supply export ensure global supply face mask help country combat
Mon Mar 16 05:59:25 +0000 2020	Chinese premier stress normal operation stability foreign
Thu Mar 26 10:01:17 +0000 2020	China expect upcoming summit yield consensus jointly combat global pandemic stabilize world send positive signal strengthen unity cooperation coordination
Tue Apr 21 01:53:33 +0000 2020	saying characterize role global fight friend need friend Toss peach plum gauge heart gentleman mean standard
Mon Apr 06 17:38:44 +0000 2020	Hypocrisy act silly propaganda government world today Amazing investment trillion dollar nuclear weapon silly thing etc spend research vaccine protect world virus like
Tue Apr 21 10:35:56 +0000 2020	Ethiopian Ambassador China Teshome Toga Chanaka call concerted coordinated global effort Isolate national effort job
Tue Mar 31 11:58:46 +0000 2020	Sir stop wildlife trade Chinese medicinal purpose
Fri Mar 27 00:39:07 +0000 2020	Xi call global war extraordinary summit text Xi remark summit
Thu Mar 05 08:53:50 +0000 2020	500 people 300 political party organization 120 country send message support central committee outbreak say Guo Yezhou deputy head International Department CPC central committee
Sat Apr 18 04:30:30 +0000 2020	Oh growth China Virus manufacture Virus profit spread virus kill million people die hungry lose job Karma china face China soon disappear map Note
Wed Apr 01 03:45:02 +0000 2020	China government responsible spread VIRUS world today Wuhan start poison Xi Jinping stop international flight Xi Zhejiang Stop face tragedy day
Fri Apr 17 03:49:59 +0000 2020	Oh yeah didn think create spread Wuhan VIRUS Covid 19 world today smart great game knock stock exchange Global economy loose balance remember soul wicked end hell Simple like
Fri Mar 27 23:43:46 +0000 2020	new outbreak growth Falsely blame Chinese people spread virus victim insensitive
Thu Mar 12 08:32:05 +0000 2020	prevent people fall China continue pursue industrial development ensure worker work city increase income provide support relocate inhospitable area
Fri Mar 27 23:36:06 +0000 2020	President Xi chair leadership meeting epidemic control outbreak major test China system capacity sum experience draw lesson accord meeting
Wed Apr 22 06:44:01 +0000 2020	image work side home abroad food generally cook strengthen population imbalance think PS dragon read chineese fairy tale 58 65
Wed Mar 04 04:09:57 +0000 2020	China ensure steady social progress refined mechanism stability key area
Thu Mar 05 03:07:18 +0000 2020	Misuse issue show West double standard anti scholar double standard adopt Western country hinder global anti terrorism work Scholar come Geneva discuss question
Sat Apr 18 07:40:28 +0000 2020	corrupt totalitarian nation charge global health ll join renounce power quit constant distortion fact humanitarian interest heart don ll
Thu Mar 12 09:51:48 +0000 2020	World tech past decade thankfully Earth sake finally connectivity shop school work Business Gov etc warn Earths oxygen depletion year Co Virus low oxygen elder blood cell
Fri Mar 27 23:46:01 +0000 2020	people recognize world debt disease finish hopefully chance thank people Wuhan role play say expert Thank heartwarming word
Sat Apr 11 07:38:36 +0000 2020	China communist party great threat world peace stability XiJinping take action know know spread crippling society kill great number hold regime accountable
Sat Apr 04 06:37:15 +0000 2020	Tianhe International Airport conduct disinfection operation resume April
Sat Apr 18 06:30:38 +0000 2020	Major infectious disease enemy international community come fight
Thu Apr 02 08:39:28 +0000 2020	Boycott China China communist party great threat world peace stability time home country produce product stop buy product China
Thu Mar 26 03:32:49 +0000 2020	government country don claim Xi Jinping Chinese government do nt stop international flight Wuhan CORONA VIRUS infect world like today don go stop announce world
Thu Mar 26 09:53:19 +0000 2020	China adopt approach develop cooperation world open world say Xu Nanping vice minister science technology
Wed Apr 08 14:41:18 +0000 2020	Xi chair leadership meeting control work resumption Xi urge unremitting effort guard import case prevent resurgence outbreak home demand redouble effort social development
Thu Mar 05 01:15:11 +0000 2020	snowflake innocent avalanche country world need abandon prejudice strengthen scientific research cooperation eliminate common enemy mankind soon possible let laughter reappear global village
Thu Mar 19 02:17:37 +0000 2020	1 M China donate mask arrive en route medical supply mobilize Chinese charity help combat spread
Tue Apr 21 08:40:25 +0000 2020	pandemic spread world number speak act stigmatization politicization stress need global cooperation fight pandemic
Thu Mar 05 13:31:56 +0000 2020	foreign leader politician recognize China ability mobilize resource address epidemic say reflect merit China national system
Thu Mar 12 05:44:17 +0000 2020	allow outbreak affect work alleviation goal
Fri Apr 17 10:21:27 +0000 2020	fundamental China long term growth change despite outbreak
Fri Mar 27 23:37:59 +0000 2020	Text SCIO briefing China fiscal policy support prevention control novel relate pneumonia outbreak alleviate difficulty small micro access affordable financing
Tue Mar 03 03:24:31 +0000 2020	technology powerful weapon humanity battle President Xi say Mankind defeat major disaster epidemic scientific development technological innovation
Thu Mar 05 12:41:09 +0000 2020	trial go successfully soon finish trial happy share data international community say respiratory disease expert Cao Bin lead Remdesivir program
Thu Mar 26 04:41:39 +0000 2020	Blame game Yes Chinese government Xi Jinping China 🇨 🇳 Yes Government China don silly Wuhan start spread VIRUS stop immediately international flight let China VIRUS say BLAME GAME Oh God fall
Sat Mar 21 14:31:42 +0000 2020	know Aug 2019 deadly disease state lie world cover evidence allow infected people travel world PUNISH loss 25TRILLION global wealthy destroy
Thu Apr 23 03:28:56 +0000 2020	way Xi Zhejiang mistake know important work emergency situation entire world run Wuhan VIRUS go bad begin sure happen Solidarity important argue
Thu Apr 02 01:29:18 +0000 2020	link doesn work maybe usa free internet
Mon Feb 24 07:24:20 +0000 2020	Soldier amid outbreak diabetes specialist draft fever clinic Union Hospital China onset epidemic talk work pressure cooker environment
Fri Mar 27 23:29:55 +0000 2020	China capita exceed 10 000 2019 bring total population country capy GDP 10 000 nearly billion key socio economic milestone humanity contribution China develop economy
Fri Mar 27 23:34:46 +0000 2020	batch charter flight send Chinese government bring 199 strand Hubei resident overseas follow novel Wuhan capital central China Hubei Province
Wed Mar 25 06:48:39 +0000 2020	Chinese President Xi Jinping say Tuesday night China stand ready provide assistance capacity battle help contain global spread coronavirus disease
Fri Apr 17 03:31:47 +0000 2020	Future humanity cooperation powerful weapon Xi Zhejiang BRAIN think make biological weapon nuclear weapon war create future false country & amp world 🌎 to day
Thu Mar 12 05:52:25 +0000 2020	text SCIO briefing March work civil affair department control livelihood security
Tue Apr 21 12:55:55 +0000 2020	time global cooperation blame game
Fri Mar 27 23:37:15 +0000 2020	10 day work Leishenshan Thunder God Mountain Hospital makeshift hospital start deliver gradually pass check city urban construction health department
Thu Mar 12 10:57:33 +0000 2020	communism refine Chinese version doesn work Brutal Capitalism create billionaire impoverish sadly million American unable pay mortgage & amp loan die 65
Mon Mar 30 03:28:47 +0000 2020	don believe information Chinese government world today fool world LIE Chinese wall view know truth Xi Jinping LIE
Wed Apr 01 08:52:50 +0000 2020	close China open send beautiful military equipment world China send mask respirator medical equipment
Fri Mar 27 23:32:58 +0000 2020	leadership meet discuss novel prevention control meeting decided set CPC Central Committee lead group oversee work
Mon Mar 30 06:41:26 +0000 2020	President inspect work resumption China Zhejiang Xi visit Chuanshan port area Ningbo Zhoushan Port world container port handle 12 billion tonne cargo 2019
Mon Mar 30 06:52:22 +0000 2020	team Chinese medical expert medical material arrive Lao capital Vientiane charter plane Sunday morning assist fight pandemic
Mon Feb 24 01:06:56 +0000 2020	Xi stress unremitting effort control coordination economic social development victory lightly announce complete win
Fri Apr 10 01:38:31 +0000 2020	don trust China hide truth Wuhan VIRUS entire world unknown people die survivor infect total government don transparency dignity make mistrust China government
Mon Mar 23 00:35:01 +0000 2020	China big power world love ability willing help love country find real friend
Wed Apr 01 15:04:35 +0000 2020	China lift foreign ownership limit security fund management firm give foreign company green light set wholly own unit Chinese mainland offering chance well tap Chinese market
Thu Mar 26 10:08:40 +0000 2020	World thankful Chinese people change food habits&amp compassionate animal SARS MERS H1N1 corona swine flu mad cow disease result wrong food habit
Wed Apr 08 11:38:13 +0000 2020	China set 46 new integrate pilot zone cross border hold Canton Fair online State Council executive meeting chair Premier Li Keqiang decide April
Sat Apr 04 19:28:55 +0000 2020	sure correct twitter account need stop live meat market China Disgusting way treat animal market stall owner responsible cornavirus execute death
Wed Mar 25 14:17:11 +0000 2020	comedy account right mean world know racist totalitarian nation earth ChiComs
Thu Mar 26 07:59:48 +0000 2020	don world lecture stupid idiot big terrorist organization world responsible death close 20000 innocent man woman children hang square hate
Mon Apr 20 03:28:54 +0000 2020	China government contaminate world today face damage Africa world today prepare pay trillion dollar country infect Wuhan VIRUS Soon later bill form
Sat Apr 18 19:26:24 +0000 2020	China personal protective equipment manufacturing center world mask ship health care worker need wear high quality respirator body suit N95 mask fine public
Thu Mar 26 01:59:31 +0000 2020	China spread world case China China stock market rise & amp rise China mess EXPOSE NOWWWW
Thu Apr 02 01:36:21 +0000 2020	President stress coordinate effort novel coronavirus disease control economic social development strive achieve year goal social progress
Fri Mar 27 07:45:10 +0000 2020	Talk phone counterpart Donald Trump Xi say China share information open transparent responsible manner country include United States onset epidemic
Tue Mar 31 03:49:12 +0000 2020	people shut WET MARKETS disgusting practice go continue INFECT WORLD Thank
Thu Apr 02 10:21:21 +0000 2020	Carry testing equipment doesn work
Wed Apr 08 03:36:38 +0000 2020	try imply Wuhan virus free think entrepreneur country going run China Xi Jinping go happen think damage cause world strategy change
Fri Apr 10 17:07:14 +0000 2020	tell behalf people world cause misery people poor money father know receive treatment pay family death love one end side & amp brutal war
Thu Mar 19 04:04:50 +0000 2020	Communist Chinese kill Dr try war world know hide truth world people suffer
Mon Apr 06 21:17:34 +0000 2020	FREE WORLD BAN CHINA
Wed Mar 18 20:41:52 +0000 2020	President Xi nation hope country brilliant future young generation ideal ability strong sense responsibility
Thu Apr 23 01:12:01 +0000 2020	Howdy COVID 19 COVert ID head future cashless society know Jesus speak look
Fri Apr 17 05:46:59 +0000 2020	strong supply China stable market term overall supply demand
Fri Apr 03 01:02:45 +0000 2020	hope April tell truth world today spread Wuhan VIRUS world today didn immediately stop foreigner enter China country face catastrophic VIRUS Look people die VIRUS
Tue Mar 10 18:49:53 +0000 2020	Hope get prick world wake reality rely China self reliant cost China negligence reap world stop eat Bush meat shit
Mon Apr 06 21:18:24 +0000 2020	Kiss ass FREE WORLD BAN CHINA
Mon Apr 06 19:50:17 +0000 2020	China responsible death give world wrong information usual bat eater communist deliberately misinform world boycott Chinees product 10 year right
Fri Apr 17 11:28:47 +0000 2020	State Council Information Office China SCIO hold press conference brief medium China foreign exchange receipt payment quarter 2020
Fri Apr 17 03:15:17 +0000 2020	Xi pandemic drive home urgency imperative building community share future humanity Solidarity cooperation powerful weapon disease
Fri Apr 17 03:36:22 +0000 2020	government want create future humanity want stop make nuclear weapon program military power biological weapon covid 19 simple like vision wall LIE self
Fri Mar 20 09:32:38 +0000 2020	don care self future child sky care reason sky sure ok truth news force response end Corona Elizabeth fault Corona
Sun Mar 22 07:49:56 +0000 2020	free China wok hole world jeopardy
Fri Mar 27 23:26:50 +0000 2020	China issue guideline promote government grassroot
Mon Apr 06 17:42:18 +0000 2020	China ccp reason mess ruin world death person hand Iran hate world hate
Wed Apr 08 04:34:30 +0000 2020	word fuck china
Wed Apr 22 00:57:23 +0000 2020	President Xi Jinping inspect alleviation work Pingli NW China Shaanxi province
Wed Mar 18 02:35:57 +0000 2020	Xi Jinping People safety health come Watch video find President Xi lead China battle outbreak
Thu Apr 23 07:33:54 +0000 2020	network reach roof world north cover 5 G network netizen enjoy livestream video world high mountain
Thu Mar 26 10:30:45 +0000 2020	China Send 150 000 Test Kits Prague 80 Didn Work
Tue Mar 31 09:21:48 +0000 2020	98 China major firm resume work
Fri Mar 27 23:38:54 +0000 2020	China allocate 71 bln yuan 10 billion fiscal fund control
Fri Mar 13 05:50:17 +0000 2020	COVID 19 avoid learn previous time mistake debt family lose country force spend billions control mess create
Fri Apr 17 13:27:49 +0000 2020	Despite impact key industrial sector China continue grow supplier guarantee livelihood country billon people protect
Fri Mar 27 07:46:37 +0000 2020	Hey Mr Chairman able tell truth finger far rear end take control glottal sub system dare twitter page big fan people China soothe realize fact hypocrite
Mon Mar 30 06:52:02 +0000 2020	party world CPC capability governance control pandemic quickly efficiently month forget China population billion strongly support cooperate CPC & amp government action
Fri Mar 13 06:00:54 +0000 2020	stop Stop housing animal inhumanely wet market similar place keep cause issue Stop eat animal mean consume Start institute fundamental hygiene practice preparation food
Mon Apr 06 18:05:02 +0000 2020	china enemy word china
Tue Apr 21 09:09:47 +0000 2020	Ancient Human Civilization Depend Ecological Environmentology Climatology Oceanography meteorology Balancing Eco Bio Diversity System interact maximum Utility Natural Resource Recycle Natural way Conflict
Wed Apr 22 19:03:47 +0000 2020	Fcuking Chinese ba spreader virus kill thousand people play drama World forgive Chinese criminal Chinese sell fake kit world carona well chinese bastard beg country money
Tue Apr 07 17:58:04 +0000 2020	text Press conference strengthen quality control supply improve regulation
Sun Apr 05 19:17:27 +0000 2020	bring wickedness destroy evil LORD God destroy God come china
Mon Mar 30 14:31:22 +0000 2020	Oh yes Xi Zhejiang know Creat war Chinese virus spread world today think world crimen VIRUS world go demand China crimen cause right Xin pay VIRUS crimen the 🌎
Thu Mar 26 17:42:57 +0000 2020	Stop import China seize produce locally way stabilise economy
Mon Mar 30 15:04:19 +0000 2020	Mask help Fight Corona specialize mask kind donate free mask vulnerable example elderly people medical condition
Mon Mar 16 03:13:01 +0000 2020	pic convert New China Int Exhibition Center transit center int inbound passenger
Thu Mar 26 10:03:28 +0000 2020	destroy major economy sickening million people homegrown virus try fool world come major city got infect distant world infect
Fri Apr 10 17:08:58 +0000 2020	lose job curfew India Cowitt 19 virus spread world family trouble family hungry money help PayPal account sara24 sk com
Wed Apr 22 02:36:42 +0000 2020	FREE Scalar Light REMOTE session Scalar Instruct release DNA / RNA bond germ / heavy metal chemical light instruction regardless finds Try 30 day obligation Learn
Fri Apr 03 04:47:35 +0000 2020	Text SCIO briefing progress Central Guidance Team guide epidemic control medical rescue
Thu Apr 02 06:43:10 +0000 2020	medical expert exchange experience fight COVID 19 critical moment country immune stand solidarity come aid
Mon Apr 20 03:21:26 +0000 2020	nice Russian roulette game world today Example China understand going hurt badly reflection apologize China tell truth world today
Wed Mar 04 10:46:30 +0000 2020	China experience fight prove size fit approach protection country find model human right protection light national condition people need
Tue Apr 07 04:22:55 +0000 2020	Oh picture Shake President ball pay price soon enjoy till
Fri Apr 17 04:20:09 +0000 2020	Russia close border china Wuhan Virus happen treat Chinese personnel Russia roughly like animal ccp didn dare word ccp beg Putin stand Putin say long ago happy fighting
Mon Apr 20 02:37:04 +0000 2020	Chinese State Councilor FM Wang Yi critical moment world combat pandemic support director general safeguard philosophy principle
Fri Mar 27 23:41:49 +0000 2020	State Council Information Office hold press conference Saturday epicenter novel outbreak introduce late development press briefing answer question journalist video
Tue Apr 07 16:21:30 +0000 2020	Yes virus create China world infect virus Beijing China pollute
Wed Mar 18 02:38:38 +0000 2020	careful China achieve great success control American virus spread save people live China safe country world careful escape overseas bring American virus mainland
Tue Mar 03 09:14:32 +0000 2020	human race able improve character conduct think ground moral value possible civilization endure miracle occur human world Li Hongzhi
Fri Apr 03 17:23:45 +0000 2020	Chinese journalist critical world learn outbreak Wuhan prompt Chinese government acknowledge crisis miss sake justice learn happen
Tue Apr 07 04:28:35 +0000 2020	evil ruler invest trillion space invest make vaccine stop Wuhan Virus Ironic know contaminate world demon virus today kill innocent people world people bow head evil
Thu Mar 26 05:18:12 +0000 2020	time humanity save world brave help country selfless Send doctor send medical facility guide treat Innocent die
Thu Apr 02 18:22:05 +0000 2020	Dear Sir Create love peace Covid 19 prevention medicine World people
Thu Mar 26 04:40:35 +0000 2020	Cooperation right choice war virus world see outbreak pandemic pointless bickering come cost efficient effective response pandemic
Tue Apr 21 06:41:13 +0000 2020	Xi Jinping chairman Central Military Commission CMC People Republic China sign order commendation honor personnel undertaking mission epidemic prevention control
Wed Mar 25 01:01:53 +0000 2020	globally country leader face camera deliver hand information people hell coward dictator Xi Coward Xi press outbreak Wuhan Virus little rat Xi
Thu Mar 26 09:10:42 +0000 2020	China gift Humanity & gt & gt Death Fear Bad monstrous country regret block UNSC draft transparency Unforgivable
Thu Mar 26 23:15:01 +0000 2020	Peng Liyuan wife President Xi Jinping goodwill ambassador tuberculosis HIV / AIDS meet co chair Bill & amp Melinda Gates Foundation Shanghai Monday
Thu Apr 02 16:17:39 +0000 2020	ur people china Xi mingze china want
Fri Mar 27 23:35:22 +0000 2020	Notice China State Council Information Office hold press conference 10 Feb brief medium China effort guarantee supply prevention control novel relate pneumonia
Mon Apr 06 16:36:35 +0000 2020	Chain mother fucker
Sat Mar 21 09:10:17 +0000 2020	BAD LEADER WORLD LIE COVERUPS TIME PAY PRICE PRESIDENT XI
Mon Apr 20 10:13:53 +0000 2020	Tunnel railway complete cross border railway major project build Initiative 000 km railway slash travel time Kunming Vientiane half day
Tue Apr 21 08:06:42 +0000 2020	That s call lie face non trust china lap dog
Fri Mar 27 23:32:24 +0000 2020	Wuhan suspend public transportation outward flight train
Thu Mar 12 08:33:08 +0000 2020	Shelter food clothes education access medical care common dream hope food market clean vendor allow sell poor people food consume
Fri Mar 27 23:35:31 +0000 2020	shortage medical supply alleviate say Tian Yulong chief engineer China Ministry Industry Information Technology Monday press conference
Sat Feb 22 19:50:51 +0000 2020	China make progress virus outbreak center despite challenge
Fri Mar 27 23:33:04 +0000 2020	Chinese Center Disease Control Prevention CDC start develop novel 2019 nCoV
Tue Mar 24 07:07:56 +0000 2020	chinese bastard China Responsible Corona virus Country Fuck china world China Bastard country
Fri Mar 27 23:35:50 +0000 2020	Vice Premier Sun Chunlan inspect newly deliver hospital combat central China Hubei Province
Thu Mar 26 14:09:23 +0000 2020	Mr President Stop war lot people die Share information China deal Stop ittttttt
Tue Mar 31 09:20:29 +0000 2020	pic Xi Jinping general secretary Communist Party China Central Committee inspect county Anji east China Zhejiang Province
Fri Apr 10 05:42:18 +0000 2020	New freight train route launch northwest China
Tue Mar 31 12:05:02 +0000 2020	sum share Lie infection rate death violently punish don self quarantine disapear disfavorable journalist blackout social medium post contain truth lie
Mon Mar 16 03:09:31 +0000 2020	Xi talk UN chief call urgent int action China stand ready share experience country carry joint research development drug vaccine offer assistance
Tue Mar 31 16:17:10 +0000 2020	world follow principle Jainism world good place live
Tue Mar 17 03:52:52 +0000 2020	way virus gift
Fri Apr 03 03:32:52 +0000 2020	export chinese virus world New drama Chinese virus country
Thu Apr 23 00:48:57 +0000 2020	pic Xi Jinping general secretary CPC Central Committee inspect city Xi trip northwest China Shaanxi Province
Wed Apr 08 06:06:12 +0000 2020	High speed train maintenance center ready resume service
Fri Apr 17 06:06:20 +0000 2020	big shock China admit lie number like say come clean fking lab spill work fix problem Lying hurt situation China
Thu Mar 26 06:39:10 +0000 2020	Chinese expert continue carry depth sci tech cooperation exchange country area prevention control patient treatment basic research
Mon Mar 30 06:52:18 +0000 2020	pic Medical worker attend departure ceremony Hospital hard hit city central China Hubei Province new confirm case novel coronavirus disease report Sunday Wuhan
Thu Apr 02 20:19:27 +0000 2020	Chinese overseas student currently country hit hard need return China urgently country necessary measure help say vice foreign minister Ma Zhaoxu
Tue Mar 24 02:29:35 +0000 2020	pronged prevention control strategy implement focus prevention case rebound case accord meet chair Premier Li Keqiang
Mon Feb 24 01:46:00 +0000 2020	30 day World prepare
Sun Mar 29 01:10:23 +0000 2020	China virus haven Nepal fine fight virus Nepal history border line need Nepal let forget
Tue Apr 07 11:58:12 +0000 2020	China help USA rob ally medical supply trigger racial discrimination China big power world love ability willing help country find real friend
Thu Apr 02 09:07:12 +0000 2020	China manufacture CoronaVirus export globally weaken economy China compensate India war damage Shame
Sat Apr 04 03:44:25 +0000 2020	hide discover hide know Read carefully phrase apply Soon later world know truth Wuhan VIRUS don stop flight immediately enter China 🇨 🇳
Wed Apr 01 00:55:01 +0000 2020	Construction New Area fast track epidemic ease
Thu Mar 12 08:30:40 +0000 2020	total 217 medical team 25 633 medical worker send central China province help combat novel Friday accord press conference hold Saturday SCIO
Mon Apr 06 21:07:21 +0000 2020	motherfucker lie world
Thu Mar 19 01:58:17 +0000 2020	China report zero increase novel infection
Thu Mar 12 08:56:09 +0000 2020	Despite impact outbreak China stick current line alleviation effort line
Thu Mar 12 15:07:25 +0000 2020	Oh dear dead alive explain person eat healthy inside dead Quarantine ideal time discover virus people develop quickly people time invade Don trust
Mon Apr 06 17:38:55 +0000 2020	CCP ruin world reason people country die
Mon Mar 23 09:24:30 +0000 2020	see different approach address pandemic call solidarity cooperation try scapegoat cover ineffective response
Wed Apr 08 04:36:58 +0000 2020	resume service COVID 19 playing game ask question Chinese government Doctor ready de cure vaccine course believe prepare terrible virus soon Wuhan come Covid 19 strong
Mon Feb 24 03:11:27 +0000 2020	question demon virus search information biological weapon lab Wuhan exist Chinese government pretend don know create death Chinese country
Tue Mar 31 12:07:40 +0000 2020	world 🌍 🌏 🌎 ☀ ️ ☀ ️ ☀ ️
Thu Apr 23 06:04:19 +0000 2020	world boycott Chinese product
Thu Mar 26 05:24:54 +0000 2020	see blamegame anymore turn saviour /victim role impress world Conceal truth&gt arrest whistleblowers&gt lock down&gt downplay pandemic&gt fake data&gt spread virus
Thu Mar 12 13:40:19 +0000 2020	China course lift poor people county 2020 current epidemic win stop say official Thursday press briefing
Thu Apr 02 08:27:00 +0000 2020	America use mouth Service Propaganda medium fight China Worldwide Paid Propagandist Best Fighter Fighter Invincible Epidemic head Germany medical Supplies Support People Fight Pandemic 👏 👌 👍 💖
Fri Mar 20 09:28:04 +0000 2020	Great distance separte live united world
Wed Apr 08 07:07:11 +0000 2020	China publish timeline information share int cooperation text
Sat Apr 18 18:39:37 +0000 2020	scared Chinese student viciously attack strange shocking racist street bashing break silence people pleasure attack African accommodate encouraged business
Fri Mar 27 23:34:16 +0000 2020	China report 692 confirm case novel pneumonia 213 death
Fri Mar 27 23:33:43 +0000 2020	China report 974 confirm case new coronavirus pneumonia 132 death
Thu Apr 02 11:01:04 +0000 2020	away market
Sun Apr 19 08:00:04 +0000 2020	CHING CHONG CHINESE WORLD INHUMAN KARMA SOON CHING CHONG
Sat Mar 21 18:36:21 +0000 2020	China infect world China death
Wed Apr 22 08:12:01 +0000 2020	Lady gentleman CCP control medium fine reactive medium world
Sat Apr 04 03:10:02 +0000 2020	Medical supply testing kit send China return country real garbage medical supply China world garbage dump ground export country world
Mon Apr 06 23:36:09 +0000 2020	Chinese ambassador insult Iranian people behalf Chinese people People fight life love one Corona China trade Corona
Thu Apr 02 21:47:46 +0000 2020	QUIT FILTHY WET MARKET Don think China go away
Thu Mar 26 04:50:53 +0000 2020	War Virus create China yes entire world know
Mon Apr 06 17:37:41 +0000 2020	China reason mess communist ruin world
Mon Apr 20 13:55:11 +0000 2020	Chinese Communist Party endanger world BILD editor chief answer Xi Jinping
Fri Mar 27 23:32:50 +0000 2020	Notice China State Council Information Office hold press conference Jan 26 Li Bin deputy head National Health Commission brief media prevention control new related
Thu Mar 05 02:40:37 +0000 2020	renowned Chinese doctor say country see spike number infect case good response plan coordinate effort health worker health authority government authority
Sat Mar 21 08:58:28 +0000 2020	Wow guy rest world crumble
Tue Apr 07 04:58:56 +0000 2020	China assassinate people world Corona China liar terrorist
Wed Apr 22 21:40:12 +0000 2020	Know truth CCP Xi deliberately set pandemic loose world
Fri Mar 27 23:31:19 +0000 2020	Notice China State Council Information Office hold press conference 10 Jan 22 Li Bin deputy head National Health Commission brief media prevention control new related
Fri Apr 03 01:31:11 +0000 2020	Tsinghua University vaccine antibody undergo animal testing late
Mon Apr 06 21:20:00 +0000 2020	Chinese Health Organization CHO
Mon Mar 16 11:14:29 +0000 2020	outbreak big impact China month 2020 take impact short term controllable
Tue Apr 21 02:10:47 +0000 2020	repay evil evil appreciate good disposition Read carefully phrase apply phase type nice long apply world ready change
Tue Apr 07 18:08:49 +0000 2020	China regime danger entire humanitarian hiding Covid 19 outbreak entire world affect criminal act
Mon Apr 06 23:59:51 +0000 2020	Resign immediately ruin public trust
Wed Apr 22 09:29:33 +0000 2020	China quick containment set encouraging example country Implement science base lockdown exit strategy essential sustain containment COVID 19
Tue Apr 07 09:01:31 +0000 2020	Yes Ur quality good infect country planet ashame urself
Thu Mar 05 14:09:29 +0000 2020	Chinese official brief medium cooperation China int community response Country show solidarity donate China China share info experience world
Thu Apr 02 09:15:57 +0000 2020	China stop play China responsible today
Wed Apr 08 09:49:41 +0000 2020	appropriate celebrate Wuhan extravagant light people World die & amp suffering absolutely think
Sat Mar 21 08:57:50 +0000 2020	separate clown virus Step actually help instead try sell excess ventilator mask Italy Europe profiteer asshole
Tue Apr 07 04:08:07 +0000 2020	don fly CCP lot liar far concerned scum earth blood hand cover VIRUS YES CCP VIRUS CCP party virus planet kill ur ppl & amp away
Tue Apr 21 06:36:03 +0000 2020	guide lead firmly decide recommend CHINESE vaccine available
Thu Mar 26 14:32:30 +0000 2020	Motherfucker Chinese bastard hell kill innocent animal bird precious gift God world enemy trump remove United nations bullshit
Sun Mar 22 22:56:11 +0000 2020	absolutely sickening
Sat Apr 04 02:33:10 +0000 2020	Apr Day Mourning China call end fight USA start hard covered month Chinese culture value live western good let people die turn world
Thu Mar 05 08:43:44 +0000 2020	Simple mask manufacturing method people suffer corona virus Connect rubber band set Connect multiple layer tissue rubber band cellophane tape gum tape
Tue Apr 07 03:22:02 +0000 2020	ANTIDOTE DANGERS CALAMITY BEFALL HUMAN RACE ESPECIALLY COVID19 PANDEMIC
Fri Mar 20 04:03:14 +0000 2020	stupid virus create Mexico call Mexican VIRUS Uk 🇬 🇧 virus Uk virus etc don care country like Chinese virus wr care China responsible sick world stop game act soon stop
Sun Apr 19 05:00:27 +0000 2020	
Thu Mar 26 04:23:47 +0000 2020	peak 15 000 new case day new locally transmit coronavirus case March 24 China
Fri Mar 27 23:38:36 +0000 2020	24 hour Convention center turn makeshift
Fri Mar 27 23:44:05 +0000 2020	Fact prove true friend good brother share weal woe Chinese President Xi Jinping say phone conversation Pakistani Prime Minister Imran Khan Thursday
Sat Mar 21 18:51:01 +0000 2020	Finally Chinese government help foreign country help propaganda don hypocrite announce World garbage donation Remember phrase left hand know right give help reward
Fri Mar 20 04:00:21 +0000 2020	Stop BS find solution Chinese virus China responsable VIRUS today affect entirely world Stop game act stop soon possible spect laugh stupid VIRUS
Thu Mar 05 06:42:38 +0000 2020	cpc group liar cheater thief
Sat Mar 14 05:43:33 +0000 2020	peak current outbreak novel disease say government spokesperson
Sat Mar 21 08:55:49 +0000 2020	President Xi Communist Loser aren restore anybody PROFIT ITALY EUROPE ashame take hope end tie world finally wake disease
Tue Apr 21 07:59:02 +0000 2020	health minister support lead role fight
Tue Apr 07 16:04:03 +0000 2020	change diet people country prohibit eat bat rodent Prohibit eat animal cause virus
Fri Mar 27 23:46:57 +0000 2020	renown Chinese respiratory specialist say confident outbreak basically control end April
Thu Mar 26 18:40:04 +0000 2020	Evil china communist party CHINESE PEOPLE intentionally spread Wuhan Virus rest world unite Evil china communist party big liar racist terrorist entire human civilization
Tue Apr 21 06:39:13 +0000 2020	Qinling Mountain northwest China Shaanxi Province window China progress civilization
Tue Mar 31 11:05:39 +0000 2020	China share strategy method technology standard case fight reservation hope country region share experience
Fri Mar 27 23:46:30 +0000 2020	Chinese FM spokesperson Mr Pompeo talk freedom speech care explain curse journalist journalist deny press credential travel
Thu Mar 26 09:55:59 +0000 2020	China critical moment prevent import case rebound indigenous case continue provide assistance country capacity
Wed Mar 18 01:57:13 +0000 2020	Italy suffer disease member europe union UK USA help close border Chinese suffering offer great help include critical equipment material importantly experience medical professional 👍 👍
Thu Mar 12 15:16:30 +0000 2020	Dear Chinese government health area etc people let place send fighter plane border innocent civilian vision way begin epidemic trust
Thu Mar 12 16:31:20 +0000 2020	happen Chinese don freedom hope VIRUS teach government stop slave poor people let freedom great country raise thing bad country virus message
Sat Mar 21 09:06:42 +0000 2020	make country pay excess equipment sickening
Wed Apr 08 11:33:31 +0000 2020	Fuck
Tue Apr 07 19:34:39 +0000 2020	Forgot Vice Foreign Minister Qin Gang meet Italy ambassador Feb protest halt flight Foreign Ministry later say statement China strongly dissatisfied overreaction restriction Italian
Sun Mar 15 12:52:54 +0000 2020	Beijing 26 000 base station operation 5 G user reach 800 000 accord Beijing Municipal Communication Administration
Fri Mar 27 00:38:56 +0000 2020	care
Fri Mar 13 05:46:14 +0000 2020	China lock western commentator quick criticize violation human right question effectiveness lock entire country Western medium different set narrative
Sat Mar 21 02:30:07 +0000 2020	Spanish people do nt use VIRUS come China don trust safe
Sat Apr 11 09:13:27 +0000 2020	Look
Thu Apr 23 07:34:10 +0000 2020	matter let commercial political interest override people live health win battle country need pool wisdom effort avoid leverage disease political tool
Fri Mar 20 04:10:42 +0000 2020	want united evil china communist party group liar cheater thief
Thu Apr 09 01:41:33 +0000 2020	China stand ready support African country battle epidemic help improve capacity disease prevention control President Xi say phone South African President Cyril Ramaphosa
Wed Mar 11 02:57:35 +0000 2020	makeshift hospital close Sunday Wuhan heart outbreak number patient continue drop
Thu Mar 12 08:31:02 +0000 2020	30 39 patient infect novel discharge hospital severe patient accord press conference hold SCIO Wuhan
Fri Mar 27 23:45:29 +0000 2020	China achieve notable result block human human transmission China expert team assessment give 25 member team conduct day field study trip China Beijing Guangdong Sichuan
Fri Mar 27 23:36:12 +0000 2020	text SCIO briefing Feb provision key supply daily necessity epidemic prevention control
Mon Apr 20 11:16:52 +0000 2020	Guangdong measure effective helpful African consul general friendly cooperation relation unremitting say Gakou consul general Mali dean African Consulate Corps Guangzhou
Tue Mar 17 11:35:42 +0000 2020	expand list key affect country People live travel country week prior arrival Shanghai undergo 14 day quarantine home designate place arrival city
Mon Feb 24 01:47:02 +0000 2020	relax vigilance moment sorry thing sacrifice medical staff recovery easy difficult overcome epidemic consolidating result difficult victory
Mon Mar 30 06:51:57 +0000 2020	Virus doesn kill dream Virus make strong self employ business owner search way minimize impact outbreak
Mon Feb 24 03:03:18 +0000 2020	close page use country record provide proper information know
Tue Mar 10 18:34:59 +0000 2020	Chinese President Xi Jinping visit resident quarantine home community epicenter outbreak send regard express gratitude community resident frontline worker
Thu Mar 26 09:15:49 +0000 2020	China offer anti virus assistance 89 country China anti virus external assistance intensive wide range emergency humanitarian operation found People Republic China 1949
Fri Apr 03 01:03:29 +0000 2020	China hold national mourning April martyr die fight novel coronavirus disease outbreak compatriot die disease accord State Council
Thu Mar 05 02:42:20 +0000 2020	SCIO briefing English Xi Yanchun spokesperson SCIO say press briefing Wednesday China face grim situation outbreak call persistent effort build achieve far
Mon Apr 20 04:19:13 +0000 2020	shame lose thousand life
Thu Mar 19 19:55:38 +0000 2020	human die
Fri Mar 13 06:23:47 +0000 2020	obvious double standard
Thu Apr 02 06:09:20 +0000 2020	freight train carry medical supply head Germany train depart China Europe freight train service resume
Fri Mar 27 23:45:43 +0000 2020	China combat 600 policy unveil 10 day support small
Thu Mar 05 01:08:37 +0000 2020	Highlights Xi remark leadership meeting March control COVID 19 stabilize
Thu Apr 23 05:23:27 +0000 2020	add value China intensive industry top 10 trillion yuan 2018 accounting 11 country
Wed Apr 22 16:08:14 +0000 2020	Bad Idiot criminal real threat human race planet
Tue Mar 17 03:05:54 +0000 2020	Spokesperson National Bureau Statistic say impact Chinese short term controllable
Tue Apr 07 09:05:25 +0000 2020	China Iranian people hate Chinese
Mon Apr 06 09:15:16 +0000 2020	like offer friendly advice country
Wed Mar 25 09:31:00 +0000 2020	Text SCIO briefing traditional Chinese medicine important role list effective drug prevention control
Fri Mar 27 09:16:51 +0000 2020	Key quote President Xi speech virtual summit
Tue Mar 17 04:16:39 +0000 2020	China send medical expert good provide medical supply assistance Chinese President Xi Jinping say phone conversation Italian Prime Minister Giuseppe Conte
Sun Apr 19 11:36:03 +0000 2020	day state feel repercussion action human border
Wed Mar 11 02:38:21 +0000 2020	stay confident confident win war Xi say video link Huoshenshan Hospital epicenter outbreak Victory Wuhan victory Hubei victory China declare
Tue Mar 17 04:20:39 +0000 2020	possible spend trillion dollar manufacture nuclear weapon space travel etc scientific research simple vaccine save people
Fri Mar 27 23:31:07 +0000 2020	High caliber personnel medical resource pool control new relate government timely update disease highly responsive public concern Chinese Premier Li Keqiang
Thu Mar 05 01:09:52 +0000 2020	Call novel China virus extremely irresponsible FM spokesperson epidemic appear China necessarily originate China
Tue Mar 17 04:18:46 +0000 2020	question Chinese government possible spend trillion dollar manufacture nuclear weapon special trip etc scientific research simple vaccine save people Sound silly
Sat Mar 21 09:02:48 +0000 2020	HAHAHHAHAHAHAH JOKE BULLSHIT CHINA VIRUS ORIGINATE CHINNNAAAA Propaganda Machine Good China Good Luck try dig government joke fall lie blame Life Stop Eat Nasty Shit WOW
Mon Mar 30 19:23:28 +0000 2020	China like tell truth current truth
Mon Apr 06 20:36:15 +0000 2020	leave Iran Iranian tolerate behavior aware know & amp spread globally
Sat Apr 11 04:04:31 +0000 2020	treat 50 000 patient
Thu Mar 26 21:55:06 +0000 2020	guy dirty disgusting shit stop eat shitty thing eat like normal people fuck eat bat snake
Fri Mar 27 00:35:00 +0000 2020	total number American virus USA quick jump base accumulate backlog patient actually start month ago treat regular flu 59k death evident American virus start USA
Sun Apr 19 21:02:46 +0000 2020	German newspaper BILD moment drive disinformation campaign country don seriously German suspect dirty political plot country guilty party
Mon Mar 23 00:42:32 +0000 2020	Stop advertising epidemic country generate today act like great hypocrite alm needy hypocritical propaganda Look town die Virus warn bad come country
Tue Mar 17 05:17:26 +0000 2020	pic Spring plough ceremony place pray year good harvest
Tue Apr 21 06:38:34 +0000 2020	Chinese city launch program spur consumer Unlike country give direct cash handout China opt citizen coupon Expert people China high level savings need stimulus spend money
Mon Mar 16 03:44:08 +0000 2020	Fucking nasty BS propaganda Xi need apologize country damage CCP China disgrace
Tue Mar 03 03:25:59 +0000 2020	talk real action Chinese people
Thu Mar 19 05:04:32 +0000 2020	China complete clinical research Favipiravir antiviral drug show good clinical efficacy accord official Tuesday
Wed Mar 25 03:48:09 +0000 2020	President Xi Jinping question know Wuhan virus didn stop immediately flight country internationally flught let foreign country infect know game
Mon Apr 20 12:00:24 +0000 2020	Laos truly buffer state China similar Burma genuine underdeveloped country Laos benefit greatly improve communication link long time patron
Fri Apr 03 10:44:33 +0000 2020	Look calm spread virus globally Thank spread CCP virus
Thu Mar 12 15:32:12 +0000 2020	Dear Chinese government health area etc people let place send fighter plane drift bomb innocent civilian vision way begin epidemic
Mon Mar 16 01:40:20 +0000 2020	fix country problem know Corona VIRUS affect thousand people China virus doesn go stop week begin wait couple month
Wed Apr 22 06:29:16 +0000 2020	hay fever vaccination problem breathe flower hinder slso use sneeze go smoothly mask think fad date like
Mon Apr 20 17:33:02 +0000 2020	China revision number confirm case death attempt leave case undocumented public importance
Thu Apr 02 05:24:07 +0000 2020	Crap stuff overprice break contract China company business partner
Thu Apr 02 10:01:56 +0000 2020	cost blood murderer chaine
Wed Apr 22 04:24:30 +0000 2020	know like comet crossing country coast coast understand understand America contribute exist fact life know begin Vietnam 1970 1977 1984 Bonne chance
Tue Apr 07 04:49:31 +0000 2020	Look mother fucker woman Chiness publish Coronavirus
Mon Apr 20 20:57:24 +0000 2020	China fight war
Fri Apr 10 22:29:23 +0000 2020	China genocidal country
Thu Apr 02 09:11:18 +0000 2020	money earn tell abt shame
Thu Apr 02 01:33:51 +0000 2020	Net increase 24k day total 200k USA quick jump contribute accumulate backlog patient actually start month ago treat regular flu evident American virus start USA
Mon Mar 23 02:51:23 +0000 2020	Role everyday Chinese fight
Thu Apr 02 10:42:37 +0000 2020	Honestly IMHO don know good China long term reason Time tell probably work fine
Fri Mar 27 23:33:14 +0000 2020	China mobilize resource nationwide aid control epidemic Doctor nurse expert nation select join battle
Fri Mar 13 15:38:20 +0000 2020	China involve corona Health minister happy say Corona virus cause American company return USA economy grow China clean Virus USA people sink human disaster economy rescission
Thu Mar 26 10:16:55 +0000 2020	error correct Chinese virus
Wed Mar 04 19:11:47 +0000 2020	Recover Coronavirus Listening Master Lecture
Tue Mar 31 12:27:23 +0000 2020	sir humble request plz think abt complete stope wild life business amazing people plz
Tue Mar 17 01:09:45 +0000 2020	country vaporize country
Thu Mar 05 08:05:31 +0000 2020	Story go die good meaningful Gradually people fear plague vanish deserted street return life Golden Sure Fire Cure Epidemic
Mon Feb 24 04:01:22 +0000 2020	Fight virus Unprecedented aid China
Fri Mar 13 05:09:21 +0000 2020	Good point
Sat Mar 21 09:08:51 +0000 2020	GUYS TIME COME
Fri Mar 27 23:36:36 +0000 2020	unexpected battle novel outbreak China make effort protect people take responsibility major country contain spread epidemic
Fri Mar 27 23:36:57 +0000 2020	Thank stand difficult time friend need friend
Wed Mar 11 00:55:53 +0000 2020	Everyday hero China lending help hand epicenter outbreak
Fri Mar 27 23:33:20 +0000 2020	pic Medical team China leave aid control
Thu Mar 19 02:18:09 +0000 2020	Friend forever
Fri Mar 27 23:35:36 +0000 2020	fully capable confident win battle novel fully capable confident limit impact Chinese say Chinese official Monday press conference
Wed Apr 01 14:21:32 +0000 2020	let ceo china america test sexually transmit disease porn greed hollywood homo pedo family destroy big corp monopoly
Fri Apr 17 12:57:47 +0000 2020	ll help 20 people earn 3000 48hours remember pay 10 profit receive payout Ask whatsapp+14243298170
Mon Feb 24 01:44:26 +0000 2020	Wait month pass Wuhan lockdown curb spread virus lucky stay healthy sacrifice time opportunity long hold tradition great good
Thu Mar 26 06:24:14 +0000 2020	great China provide medical help 83 country style great country 🇨 🇳 💪
Wed Mar 04 03:41:34 +0000 2020	China pls virus away fast find vaccine coz supplier stop need supply TQ
Thu Mar 12 13:07:17 +0000 2020	number poor people China rural area decrease 98 99 million 2012 51 million 2019 country closing goal eradicate year say official SCIO briefing
Fri Mar 20 15:06:49 +0000 2020	talk soon ok news truth sky prove nazi paedophile Elizabeth fault Corona law force response end Corona
Mon Apr 20 17:57:11 +0000 2020	Chinese graph look unrealistic compare similar country Chinese number look manipulate
Tue Apr 07 09:41:09 +0000 2020	Iran
Sat Mar 21 09:06:18 +0000 2020	HAHAHA CHARGE Stop act like good thing
Fri Mar 27 07:35:54 +0000 2020	Trump want let
Tue Apr 07 12:12:47 +0000 2020	China away Iran
Tue Apr 07 04:36:15 +0000 2020	Fuck commie bastared world awaken know fuckin deliberately FUCK CHINA fuck IRAN filthy bastared
Wed Mar 18 03:07:09 +0000 2020	team 12 medical expert east China Zhejiang Province send Tuesday Chinese government aid anti fight Apennine Peninsula
Fri Mar 27 23:32:36 +0000 2020	Text SCIO briefing Jan 22 prevention control new related pneumonia
Wed Mar 04 07:12:52 +0000 2020	Dear Mr Xi Jinping vaccine prevent Covid 19 infection large fatal Use vaccine let people know use
Mon Mar 23 08:56:15 +0000 2020	new domestically transmit case novel coronavirus disease report Chinese mainland Sunday Chinese health authority say Monday
Sat Apr 04 03:28:45 +0000 2020	lead Chinese leader Saturday attend national mourning victim
Fri Mar 27 23:35:06 +0000 2020	pic Building illuminate slogan cheer battle win
Fri Mar 27 23:37:32 +0000 2020	Xi talk Trump phone novel coronavirus outbreak Xi China confidence capability prevail epidemic
Mon Mar 30 15:55:42 +0000 2020	glimpse multilingual task force municipal CDC make busy phone call track close contact confirm suspect case
Tue Mar 31 09:22:32 +0000 2020	500 minute ultra high speed mask production line launch Beijing bolster fight novel outbreak
Thu Mar 05 06:17:59 +0000 2020	Everyday hero Thousand step fore coronavirus fight million register volunteer 14 percent permanent population
Wed Mar 11 00:03:34 +0000 2020	number patient continue drop suspend operation 11 makeshift hospital convert public facility treatment patient mild symptom
Wed Apr 22 08:40:06 +0000 2020	African businessman praise Guangzhou impressive record response urge people see social medium grain salt
Fri Mar 27 23:31:36 +0000 2020	end day Jan 21 440 case new coronavirus relate confirm China case death report say Li Bin deputy head China National Health Commission press conference hold Wednesday
Fri Mar 27 23:33:33 +0000 2020	Chinese President Xi Jinping say Tuesday China confidence capability win battle outbreak pneumonia cause novel coronavirus 2019 nCoV
Thu Mar 19 01:46:59 +0000 2020	President Xi Jinping warn complexity severity epidemic situation home abroad allow hard win continuous positive trend reverse say Xi
Thu Mar 05 13:13:36 +0000 2020	Inspection quarantine control measure take Chinese city people come country region hit hard outbreak aim protect people health apply Chinese foreign citizen
Fri Mar 13 01:49:38 +0000 2020	charter flight carry member Chinese aid team tonne medical supply arrive Fiumicino Airport Thursday night China effort help contain novel outbreak
Fri Mar 27 23:30:28 +0000 2020	Commentary：may collapse theory rest peace big desire West understand China Western prism Western perception prognosis China frequently wrong
