created_at	text
Thu Mar 12 08:33:08 +0000 2020	Shelter food clothes education access medical care common dream hope food market clean vendor allow sell poor people food consume
Thu Apr 02 19:43:12 +0000 2020	labour intensive investment Swawlamban Sabarmati Talisman gandhi ji guideline decision take Parliament
Tue Mar 03 09:14:32 +0000 2020	human race able improve character conduct think ground moral value possible civilization endure miracle occur human world Li Hongzhi
Tue Mar 17 03:07:20 +0000 2020	country rid unreasonable rule break trade barrier world trade return normal development amid outbreak
Fri Apr 03 17:00:07 +0000 2020	China´ CCP UNGRATEFUL & amp TRAITOR Suck USA Investmnt education deficit IP Support brutal oppressor Korea Iran Vezuela SRIA Kill Dr Li Wenliang Tiananmen Thousand INFECTED WORLD w / C 19 BITE hand / feed Mao s / gang communist famine
Fri Mar 27 23:36:44 +0000 2020	Eradicate prejudice
Fri Apr 03 12:47:55 +0000 2020	UNGRATEFUL Chinese CCP sucker American IP Investment & amp education keep 19 secret month+ world Unstoppable CCP BITE hand end Mao s / gang communist famine Support tyranny Korea Iran Vezuela SIRIUM TRAITORS Shame
Fri Mar 27 23:29:55 +0000 2020	China capita exceed 10 000 2019 bring total population country capy GDP 10 000 nearly billion key socio economic milestone humanity contribution China develop economy
Wed Mar 04 10:46:30 +0000 2020	China experience fight prove size fit approach protection country find model human right protection light national condition people need
Tue Apr 07 07:25:21 +0000 2020	China tighten quality control medical supply export ensure global supply face mask help country combat
Thu Mar 12 08:32:05 +0000 2020	prevent people fall China continue pursue industrial development ensure worker work city increase income provide support relocate inhospitable area
Thu Apr 23 01:12:01 +0000 2020	Howdy COVID 19 COVert ID head future cashless society know Jesus speak look
Thu Mar 12 05:44:17 +0000 2020	allow outbreak affect work alleviation goal
Wed Apr 08 14:41:18 +0000 2020	Xi chair leadership meeting control work resumption Xi urge unremitting effort guard import case prevent resurgence outbreak home demand redouble effort social development
Fri Mar 20 09:32:38 +0000 2020	don care self future child sky care reason sky sure ok truth news force response end Corona Elizabeth fault Corona
Tue Mar 03 03:24:31 +0000 2020	technology powerful weapon humanity battle President Xi say Mankind defeat major disaster epidemic scientific development technological innovation
Fri Mar 13 05:46:14 +0000 2020	China lock western commentator quick criticize violation human right question effectiveness lock entire country Western medium different set narrative
Fri Mar 27 23:45:29 +0000 2020	China achieve notable result block human human transmission China expert team assessment give 25 member team conduct day field study trip China Beijing Guangdong Sichuan
Tue Apr 21 09:09:47 +0000 2020	Ancient Human Civilization Depend Ecological Environmentology Climatology Oceanography meteorology Balancing Eco Bio Diversity System interact maximum Utility Natural Resource Recycle Natural way Conflict
Tue Apr 07 17:58:04 +0000 2020	text Press conference strengthen quality control supply improve regulation
Fri Mar 13 15:38:20 +0000 2020	China involve corona Health minister happy say Corona virus cause American company return USA economy grow China clean Virus USA people sink human disaster economy rescission
Fri Apr 17 03:15:17 +0000 2020	Xi pandemic drive home urgency imperative building community share future humanity Solidarity cooperation powerful weapon disease
Fri Apr 10 21:34:44 +0000 2020	China host 127th Fair online mid late June Enterprise merchant world welcome participate enjoy innovative integration country old fair internet technology
Wed Apr 22 06:44:01 +0000 2020	image work side home abroad food generally cook strengthen population imbalance think PS dragon read chineese fairy tale 58 65
Fri Apr 10 15:38:23 +0000 2020	China like join international community promote smooth operation industrial supply logistics chain world cut reduce barrier jointly contribute global trade stability
Fri Mar 27 23:37:15 +0000 2020	10 day work Leishenshan Thunder God Mountain Hospital makeshift hospital start deliver gradually pass check city urban construction health department
Sat Apr 18 19:26:24 +0000 2020	China personal protective equipment manufacturing center world mask ship health care worker need wear high quality respirator body suit N95 mask fine public
Thu Mar 05 06:17:59 +0000 2020	Everyday hero Thousand step fore coronavirus fight million register volunteer 14 percent permanent population
Tue Apr 21 07:58:54 +0000 2020	Despite coronavirus induce volatility international financial market China market remain generally stable Q1 exchange rate cross border capital flow keep steady
Thu Apr 09 01:41:33 +0000 2020	China stand ready support African country battle epidemic help improve capacity disease prevention control President Xi say phone South African President Cyril Ramaphosa
Thu Mar 12 05:52:25 +0000 2020	text SCIO briefing March work civil affair department control livelihood security
Wed Apr 08 11:38:13 +0000 2020	China set 46 new integrate pilot zone cross border hold Canton Fair online State Council executive meeting chair Premier Li Keqiang decide April
Thu Apr 23 03:28:56 +0000 2020	way Xi Zhejiang mistake know important work emergency situation entire world run Wuhan VIRUS go bad begin sure happen Solidarity important argue
Tue Apr 07 03:22:02 +0000 2020	ANTIDOTE DANGERS CALAMITY BEFALL HUMAN RACE ESPECIALLY COVID19 PANDEMIC
Tue Apr 07 09:01:31 +0000 2020	Yes Ur quality good infect country planet ashame urself
Mon Feb 24 01:06:56 +0000 2020	Xi stress unremitting effort control coordination economic social development victory lightly announce complete win
Thu Mar 26 10:03:28 +0000 2020	destroy major economy sickening million people homegrown virus try fool world come major city got infect distant world infect
Thu Mar 12 10:57:33 +0000 2020	communism refine Chinese version doesn work Brutal Capitalism create billionaire impoverish sadly million American unable pay mortgage & amp loan die 65
Fri Apr 17 03:31:47 +0000 2020	Future humanity cooperation powerful weapon Xi Zhejiang BRAIN think make biological weapon nuclear weapon war create future false country & amp world 🌎 to day
Fri Apr 17 04:13:09 +0000 2020	Xi hold phone talk Putin pandemic Xi Politicize label COVID 19 pandemic detrimental international cooperation work jointly safeguard global public health security
Thu Apr 02 09:07:12 +0000 2020	China manufacture CoronaVirus export globally weaken economy China compensate India war damage Shame
Tue Mar 17 03:05:54 +0000 2020	Spokesperson National Bureau Statistic say impact Chinese short term controllable
Mon Mar 16 11:14:29 +0000 2020	outbreak big impact China month 2020 take impact short term controllable
Mon Mar 16 11:09:48 +0000 2020	China market remain generally stable February despite China promote overall stability year support enterprise employee
Mon Mar 30 06:41:26 +0000 2020	President inspect work resumption China Zhejiang Xi visit Chuanshan port area Ningbo Zhoushan Port world container port handle 12 billion tonne cargo 2019
Thu Mar 26 23:15:01 +0000 2020	Peng Liyuan wife President Xi Jinping goodwill ambassador tuberculosis HIV / AIDS meet co chair Bill & amp Melinda Gates Foundation Shanghai Monday
Tue Mar 17 21:53:52 +0000 2020	talk soon ok news truth sky prove nazi paedophile Elizabeth fault Corona force response end Corona
Mon Mar 30 08:20:12 +0000 2020	request boycott chinese product do nt trade Chinese people people spread virus economy strong weak world unite china people threat world
Fri Mar 20 15:06:49 +0000 2020	talk soon ok news truth sky prove nazi paedophile Elizabeth fault Corona law force response end Corona
Thu Mar 05 03:07:18 +0000 2020	Misuse issue show West double standard anti scholar double standard adopt Western country hinder global anti terrorism work Scholar come Geneva discuss question
Thu Mar 05 01:08:37 +0000 2020	Highlights Xi remark leadership meeting March control COVID 19 stabilize
Fri Apr 17 03:36:22 +0000 2020	government want create future humanity want stop make nuclear weapon program military power biological weapon covid 19 simple like vision wall LIE self
Thu Mar 26 10:01:17 +0000 2020	China expect upcoming summit yield consensus jointly combat global pandemic stabilize world send positive signal strengthen unity cooperation coordination
Sat Apr 18 07:40:28 +0000 2020	corrupt totalitarian nation charge global health ll join renounce power quit constant distortion fact humanitarian interest heart don ll
Wed Mar 18 20:41:52 +0000 2020	President Xi nation hope country brilliant future young generation ideal ability strong sense responsibility
Wed Apr 22 00:57:23 +0000 2020	President Xi Jinping inspect alleviation work Pingli NW China Shaanxi province
Thu Apr 02 01:29:18 +0000 2020	link doesn work maybe usa free internet
Tue Apr 07 04:49:31 +0000 2020	Look mother fucker woman Chiness publish Coronavirus
Tue Apr 07 03:23:47 +0000 2020	China launch satellite navigation system Beidou China independently develop operate global satellite system
Tue Mar 31 09:22:32 +0000 2020	500 minute ultra high speed mask production line launch Beijing bolster fight novel outbreak
Thu Apr 02 01:36:21 +0000 2020	President stress coordinate effort novel coronavirus disease control economic social development strive achieve year goal social progress
Fri Apr 17 03:49:59 +0000 2020	Oh yeah didn think create spread Wuhan VIRUS Covid 19 world today smart great game knock stock exchange Global economy loose balance remember soul wicked end hell Simple like
Fri Apr 17 04:20:09 +0000 2020	Russia close border china Wuhan Virus happen treat Chinese personnel Russia roughly like animal ccp didn dare word ccp beg Putin stand Putin say long ago happy fighting
Tue Apr 21 03:10:08 +0000 2020	Chinese Ambassador global fight world win virus know border country global battlefield
Fri Mar 27 23:31:07 +0000 2020	High caliber personnel medical resource pool control new relate government timely update disease highly responsive public concern Chinese Premier Li Keqiang
Wed Mar 04 04:09:57 +0000 2020	China ensure steady social progress refined mechanism stability key area
Mon Apr 20 12:00:24 +0000 2020	Laos truly buffer state China similar Burma genuine underdeveloped country Laos benefit greatly improve communication link long time patron
Thu Apr 02 10:21:21 +0000 2020	Carry testing equipment doesn work
Tue Apr 07 09:07:14 +0000 2020	Quality potty good QC Trust
Thu Mar 26 17:42:57 +0000 2020	Stop import China seize produce locally way stabilise economy
Wed Apr 01 12:22:33 +0000 2020	wasn hard year ago Open & amp pandemic abate fully enjoy fruit international trade China competitive advantage leverage update system socialism open market
Mon Mar 30 15:55:42 +0000 2020	glimpse multilingual task force municipal CDC make busy phone call track close contact confirm suspect case
Wed Apr 22 16:08:14 +0000 2020	Bad Idiot criminal real threat human race planet
Thu Mar 12 15:16:30 +0000 2020	Dear Chinese government health area etc people let place send fighter plane border innocent civilian vision way begin epidemic trust
Wed Apr 22 02:36:42 +0000 2020	FREE Scalar Light REMOTE session Scalar Instruct release DNA / RNA bond germ / heavy metal chemical light instruction regardless finds Try 30 day obligation Learn
Thu Mar 26 09:53:19 +0000 2020	China adopt approach develop cooperation world open world say Xu Nanping vice minister science technology
Mon Apr 20 10:13:53 +0000 2020	Tunnel railway complete cross border railway major project build Initiative 000 km railway slash travel time Kunming Vientiane half day
Fri Mar 27 23:35:36 +0000 2020	fully capable confident win battle novel fully capable confident limit impact Chinese say Chinese official Monday press conference
Wed Mar 25 09:31:00 +0000 2020	Text SCIO briefing traditional Chinese medicine important role list effective drug prevention control
Mon Mar 30 06:51:57 +0000 2020	Virus doesn kill dream Virus make strong self employ business owner search way minimize impact outbreak
Mon Mar 30 03:50:43 +0000 2020	right wrong time Dream don VIRUS obviously kill dream virus dream
Thu Mar 26 10:30:45 +0000 2020	China Send 150 000 Test Kits Prague 80 Didn Work
Wed Apr 08 14:41:11 +0000 2020	strictly prohibit import epidemic situation abroad scientific protection
Wed Mar 18 07:42:02 +0000 2020	government responsible mess outbreak stupid control freak government try lie outbreak report number state sponsor medium spread lie propaganda origin
Fri Mar 27 23:31:19 +0000 2020	Notice China State Council Information Office hold press conference 10 Jan 22 Li Bin deputy head National Health Commission brief media prevention control new related
Fri Mar 27 23:44:05 +0000 2020	Fact prove true friend good brother share weal woe Chinese President Xi Jinping say phone conversation Pakistani Prime Minister Imran Khan Thursday
Mon Mar 30 03:37:26 +0000 2020	Liar see video people show local poster advise new infection see video people tell delete post social medium truth right Lie save face coward
Wed Apr 08 04:34:30 +0000 2020	word fuck china
Tue Apr 21 01:53:33 +0000 2020	saying characterize role global fight friend need friend Toss peach plum gauge heart gentleman mean standard
Thu Mar 26 17:43:41 +0000 2020	mean steal Intellectual Property
Thu Mar 26 09:15:49 +0000 2020	China offer anti virus assistance 89 country China anti virus external assistance intensive wide range emergency humanitarian operation found People Republic China 1949
Wed Mar 25 06:48:39 +0000 2020	Chinese President Xi Jinping say Tuesday night China stand ready provide assistance capacity battle help contain global spread coronavirus disease
Tue Mar 31 09:21:48 +0000 2020	98 China major firm resume work
Tue Apr 21 10:35:56 +0000 2020	Ethiopian Ambassador China Teshome Toga Chanaka call concerted coordinated global effort Isolate national effort job
Mon Apr 06 18:05:02 +0000 2020	china enemy word china
Tue Apr 07 07:50:11 +0000 2020	Inspite quality check China ne chuna laga diya
Thu Mar 12 15:32:12 +0000 2020	Dear Chinese government health area etc people let place send fighter plane drift bomb innocent civilian vision way begin epidemic
Tue Apr 21 08:40:25 +0000 2020	pandemic spread world number speak act stigmatization politicization stress need global cooperation fight pandemic
Thu Mar 12 09:51:48 +0000 2020	World tech past decade thankfully Earth sake finally connectivity shop school work Business Gov etc warn Earths oxygen depletion year Co Virus low oxygen elder blood cell
Fri Mar 27 23:32:50 +0000 2020	Notice China State Council Information Office hold press conference Jan 26 Li Bin deputy head National Health Commission brief media prevention control new related
Fri Apr 03 17:23:45 +0000 2020	Chinese journalist critical world learn outbreak Wuhan prompt Chinese government acknowledge crisis miss sake justice learn happen
Sat Feb 22 21:14:12 +0000 2020	Sky wanna justice sky prove nazi paedophile cost Elizabeth fault Corona talk Twitter news soon people ok end nazi paedophile death sentence send hell
Fri Apr 17 12:58:19 +0000 2020	ll help 20 people earn 3000 48hours remember pay 10 profit receive payout Ask whatsapp+14243298170
Wed Mar 18 03:07:09 +0000 2020	team 12 medical expert east China Zhejiang Province send Tuesday Chinese government aid anti fight Apennine Peninsula
Thu Mar 19 19:55:38 +0000 2020	human die
Mon Mar 16 03:13:01 +0000 2020	pic convert New China Int Exhibition Center transit center int inbound passenger
Sun Apr 19 11:36:03 +0000 2020	day state feel repercussion action human border
Thu Mar 26 07:59:48 +0000 2020	don world lecture stupid idiot big terrorist organization world responsible death close 20000 innocent man woman children hang square hate
Thu Mar 05 02:40:37 +0000 2020	renowned Chinese doctor say country see spike number infect case good response plan coordinate effort health worker health authority government authority
Fri Mar 27 23:36:06 +0000 2020	President Xi chair leadership meeting epidemic control outbreak major test China system capacity sum experience draw lesson accord meeting
Thu Mar 12 13:40:19 +0000 2020	China course lift poor people county 2020 current epidemic win stop say official Thursday press briefing
Mon Apr 06 23:59:51 +0000 2020	Resign immediately ruin public trust
Fri Mar 27 23:32:58 +0000 2020	leadership meet discuss novel prevention control meeting decided set CPC Central Committee lead group oversee work
Thu Mar 12 15:07:25 +0000 2020	Oh dear dead alive explain person eat healthy inside dead Quarantine ideal time discover virus people develop quickly people time invade Don trust
Fri Mar 27 23:41:49 +0000 2020	State Council Information Office hold press conference Saturday epicenter novel outbreak introduce late development press briefing answer question journalist video
Thu Mar 05 12:41:09 +0000 2020	trial go successfully soon finish trial happy share data international community say respiratory disease expert Cao Bin lead Remdesivir program
Mon Apr 20 15:52:12 +0000 2020	Naan production create local impoverished people
Fri Mar 27 23:37:59 +0000 2020	Text SCIO briefing China fiscal policy support prevention control novel relate pneumonia outbreak alleviate difficulty small micro access affordable financing
Thu Apr 02 08:27:00 +0000 2020	America use mouth Service Propaganda medium fight China Worldwide Paid Propagandist Best Fighter Fighter Invincible Epidemic head Germany medical Supplies Support People Fight Pandemic 👏 👌 👍 💖
Mon Mar 30 06:52:18 +0000 2020	pic Medical worker attend departure ceremony Hospital hard hit city central China Hubei Province new confirm case novel coronavirus disease report Sunday Wuhan
Fri Mar 27 23:43:46 +0000 2020	new outbreak growth Falsely blame Chinese people spread virus victim insensitive
Mon Feb 24 07:24:20 +0000 2020	Soldier amid outbreak diabetes specialist draft fever clinic Union Hospital China onset epidemic talk work pressure cooker environment
Wed Apr 01 00:53:51 +0000 2020	China high altitude face production line operation
Mon Mar 23 08:56:15 +0000 2020	new domestically transmit case novel coronavirus disease report Chinese mainland Sunday Chinese health authority say Monday
Thu Apr 23 07:34:10 +0000 2020	matter let commercial political interest override people live health win battle country need pool wisdom effort avoid leverage disease political tool
Sat Apr 04 02:33:10 +0000 2020	Apr Day Mourning China call end fight USA start hard covered month Chinese culture value live western good let people die turn world
Thu Apr 23 11:29:21 +0000 2020	China sign international treaty 2019 deepen cooperation WIPO WTO say Shen Changyu commissioner National Intellectual Property Administration
Mon Mar 16 03:09:31 +0000 2020	Xi talk UN chief call urgent int action China stand ready share experience country carry joint research development drug vaccine offer assistance
Fri Mar 27 23:31:36 +0000 2020	end day Jan 21 440 case new coronavirus relate confirm China case death report say Li Bin deputy head China National Health Commission press conference hold Wednesday
Wed Apr 08 03:36:38 +0000 2020	try imply Wuhan virus free think entrepreneur country going run China Xi Jinping go happen think damage cause world strategy change
Thu Mar 26 04:40:35 +0000 2020	Cooperation right choice war virus world see outbreak pandemic pointless bickering come cost efficient effective response pandemic
Thu Mar 05 13:13:36 +0000 2020	Inspection quarantine control measure take Chinese city people come country region hit hard outbreak aim protect people health apply Chinese foreign citizen
Fri Mar 27 23:35:22 +0000 2020	Notice China State Council Information Office hold press conference 10 Feb brief medium China effort guarantee supply prevention control novel relate pneumonia
Thu Mar 26 05:24:54 +0000 2020	see blamegame anymore turn saviour /victim role impress world Conceal truth&gt arrest whistleblowers&gt lock down&gt downplay pandemic&gt fake data&gt spread virus
Mon Mar 30 15:04:19 +0000 2020	Mask help Fight Corona specialize mask kind donate free mask vulnerable example elderly people medical condition
Fri Mar 27 23:33:14 +0000 2020	China mobilize resource nationwide aid control epidemic Doctor nurse expert nation select join battle
Thu Mar 26 18:40:04 +0000 2020	Evil china communist party CHINESE PEOPLE intentionally spread Wuhan Virus rest world unite Evil china communist party big liar racist terrorist entire human civilization
Wed Mar 18 02:35:57 +0000 2020	Xi Jinping People safety health come Watch video find President Xi lead China battle outbreak
Wed Apr 01 15:04:35 +0000 2020	China lift foreign ownership limit security fund management firm give foreign company green light set wholly own unit Chinese mainland offering chance well tap Chinese market
Thu Mar 12 08:56:09 +0000 2020	Despite impact outbreak China stick current line alleviation effort line
Fri Apr 03 01:03:29 +0000 2020	China hold national mourning April martyr die fight novel coronavirus disease outbreak compatriot die disease accord State Council
Mon Mar 30 06:52:02 +0000 2020	party world CPC capability governance control pandemic quickly efficiently month forget China population billion strongly support cooperate CPC & amp government action
Sat Apr 04 19:28:55 +0000 2020	sure correct twitter account need stop live meat market China Disgusting way treat animal market stall owner responsible cornavirus execute death
Thu Mar 26 09:55:59 +0000 2020	China critical moment prevent import case rebound indigenous case continue provide assistance country capacity
Mon Mar 30 06:52:22 +0000 2020	team Chinese medical expert medical material arrive Lao capital Vientiane charter plane Sunday morning assist fight pandemic
Sun Mar 29 01:10:23 +0000 2020	China virus haven Nepal fine fight virus Nepal history border line need Nepal let forget
Sat Apr 18 00:40:28 +0000 2020	China major economy project IMF recently positive growth year China suppress economic activity unlease year
Fri Mar 13 06:00:54 +0000 2020	stop Stop housing animal inhumanely wet market similar place keep cause issue Stop eat animal mean consume Start institute fundamental hygiene practice preparation food
Fri Mar 27 00:39:07 +0000 2020	Xi call global war extraordinary summit text Xi remark summit
Fri Mar 27 23:33:04 +0000 2020	Chinese Center Disease Control Prevention CDC start develop novel 2019 nCoV
Mon Apr 20 17:33:02 +0000 2020	China revision number confirm case death attempt leave case undocumented public importance
Fri Apr 10 01:38:31 +0000 2020	don trust China hide truth Wuhan VIRUS entire world unknown people die survivor infect total government don transparency dignity make mistrust China government
Wed Apr 22 06:29:16 +0000 2020	hay fever vaccination problem breathe flower hinder slso use sneeze go smoothly mask think fad date like
Fri Mar 27 23:35:31 +0000 2020	shortage medical supply alleviate say Tian Yulong chief engineer China Ministry Industry Information Technology Monday press conference
Fri Mar 27 23:43:54 +0000 2020	Virus respect border fight test international solidarity face common enemy
Mon Apr 20 11:16:52 +0000 2020	Guangdong measure effective helpful African consul general friendly cooperation relation unremitting say Gakou consul general Mali dean African Consulate Corps Guangzhou
Thu Mar 05 13:31:56 +0000 2020	foreign leader politician recognize China ability mobilize resource address epidemic say reflect merit China national system
Mon Mar 30 03:28:47 +0000 2020	don believe information Chinese government world today fool world LIE Chinese wall view know truth Xi Jinping LIE
Sat Mar 21 18:45:57 +0000 2020	irony Chinese government spend billions nuclear weapon space Etc don spend resource look vaccine save people today important right billions nuclear weapon resource vaccine
Tue Apr 21 07:59:02 +0000 2020	health minister support lead role fight
Sat Mar 28 02:28:22 +0000 2020	China reduce rubble famine dare attack West Nuclear Strike
Thu Mar 05 13:28:56 +0000 2020	China inform international community information promptly share genome sequence share technical document 100 country 10 organization carry 20 exchange country int organization
Fri Apr 17 05:46:59 +0000 2020	strong supply China stable market term overall supply demand
Fri Mar 13 05:50:17 +0000 2020	COVID 19 avoid learn previous time mistake debt family lose country force spend billions control mess create
Thu Mar 26 14:32:30 +0000 2020	Motherfucker Chinese bastard hell kill innocent animal bird precious gift God world enemy trump remove United nations bullshit
Thu Mar 19 02:17:37 +0000 2020	1 M China donate mask arrive en route medical supply mobilize Chinese charity help combat spread
Mon Mar 16 05:59:25 +0000 2020	Chinese premier stress normal operation stability foreign
Fri Mar 27 23:34:46 +0000 2020	batch charter flight send Chinese government bring 199 strand Hubei resident overseas follow novel Wuhan capital central China Hubei Province
Thu Mar 12 08:30:40 +0000 2020	total 217 medical team 25 633 medical worker send central China province help combat novel Friday accord press conference hold Saturday SCIO
Thu Apr 02 20:19:27 +0000 2020	Chinese overseas student currently country hit hard need return China urgently country necessary measure help say vice foreign minister Ma Zhaoxu
Wed Mar 25 14:17:11 +0000 2020	comedy account right mean world know racist totalitarian nation earth ChiComs
Tue Apr 07 11:58:12 +0000 2020	China help USA rob ally medical supply trigger racial discrimination China big power world love ability willing help country find real friend
Thu Mar 19 04:04:50 +0000 2020	Communist Chinese kill Dr try war world know hide truth world people suffer
Thu Mar 05 02:42:20 +0000 2020	SCIO briefing English Xi Yanchun spokesperson SCIO say press briefing Wednesday China face grim situation outbreak call persistent effort build achieve far
Thu Mar 12 05:47:18 +0000 2020	go ccp lie
Mon Feb 24 01:44:26 +0000 2020	Wait month pass Wuhan lockdown curb spread virus lucky stay healthy sacrifice time opportunity long hold tradition great good
Mon Apr 06 17:38:44 +0000 2020	Hypocrisy act silly propaganda government world today Amazing investment trillion dollar nuclear weapon silly thing etc spend research vaccine protect world virus like
Thu Apr 23 00:48:57 +0000 2020	pic Xi Jinping general secretary CPC Central Committee inspect city Xi trip northwest China Shaanxi Province
Fri Mar 27 07:45:10 +0000 2020	Talk phone counterpart Donald Trump Xi say China share information open transparent responsible manner country include United States onset epidemic
Wed Apr 22 09:29:33 +0000 2020	China quick containment set encouraging example country Implement science base lockdown exit strategy essential sustain containment COVID 19
Mon Feb 24 03:11:27 +0000 2020	question demon virus search information biological weapon lab Wuhan exist Chinese government pretend don know create death Chinese country
Thu Mar 26 03:32:49 +0000 2020	government country don claim Xi Jinping Chinese government do nt stop international flight Wuhan CORONA VIRUS infect world like today don go stop announce world
Sat Mar 21 14:31:42 +0000 2020	know Aug 2019 deadly disease state lie world cover evidence allow infected people travel world PUNISH loss 25TRILLION global wealthy destroy
Sat Apr 18 04:30:30 +0000 2020	Oh growth China Virus manufacture Virus profit spread virus kill million people die hungry lose job Karma china face China soon disappear map Note
Sat Apr 11 07:38:36 +0000 2020	China communist party great threat world peace stability XiJinping take action know know spread crippling society kill great number hold regime accountable
Thu Mar 26 01:59:31 +0000 2020	China spread world case China China stock market rise & amp rise China mess EXPOSE NOWWWW
Wed Mar 11 06:14:59 +0000 2020	china communist party hide lie coronavirus consequence pandemic stop early stage china china community party choose tell truth
Thu Mar 26 14:09:23 +0000 2020	Mr President Stop war lot people die Share information China deal Stop ittttttt
Wed Apr 08 09:49:41 +0000 2020	appropriate celebrate Wuhan extravagant light people World die & amp suffering absolutely think
Fri Mar 13 05:08:54 +0000 2020	china communist party CHINESE PEOPLE hide lie coronavirus consequence pandemic stop early stage china china communist party choose tell truth
Sat Mar 21 18:51:01 +0000 2020	Finally Chinese government help foreign country help propaganda don hypocrite announce World garbage donation Remember phrase left hand know right give help reward
Sat Mar 21 04:20:31 +0000 2020	moment China aid pandemic fight
Fri Mar 27 07:46:37 +0000 2020	Hey Mr Chairman able tell truth finger far rear end take control glottal sub system dare twitter page big fan people China soothe realize fact hypocrite
Thu Mar 05 08:05:31 +0000 2020	Story go die good meaningful Gradually people fear plague vanish deserted street return life Golden Sure Fire Cure Epidemic
Mon Apr 20 03:28:54 +0000 2020	China government contaminate world today face damage Africa world today prepare pay trillion dollar country infect Wuhan VIRUS Soon later bill form
Fri Apr 10 03:07:52 +0000 2020	Rumor Buster fact China fight
Wed Mar 18 15:40:33 +0000 2020	China send batch medical aid help fight
Sat Mar 21 08:57:50 +0000 2020	separate clown virus Step actually help instead try sell excess ventilator mask Italy Europe profiteer asshole
Mon Apr 06 19:50:17 +0000 2020	China responsible death give world wrong information usual bat eater communist deliberately misinform world boycott Chinees product 10 year right
Wed Mar 11 05:17:00 +0000 2020	volunteer aids fight COVID 19
Thu Mar 26 12:49:23 +0000 2020	China organize batch emergency aid 89 country international organization country send supply give technological assistance
Thu Mar 05 06:07:15 +0000 2020	right
Tue Mar 17 04:16:39 +0000 2020	China send medical expert good provide medical supply assistance Chinese President Xi Jinping say phone conversation Italian Prime Minister Giuseppe Conte
Thu Apr 02 01:33:51 +0000 2020	Net increase 24k day total 200k USA quick jump contribute accumulate backlog patient actually start month ago treat regular flu evident American virus start USA
Thu Apr 23 05:23:27 +0000 2020	add value China intensive industry top 10 trillion yuan 2018 accounting 11 country
Tue Mar 31 11:05:39 +0000 2020	China share strategy method technology standard case fight reservation hope country region share experience
Wed Apr 08 04:36:58 +0000 2020	resume service COVID 19 playing game ask question Chinese government Doctor ready de cure vaccine course believe prepare terrible virus soon Wuhan come Covid 19 strong
Tue Mar 31 11:58:46 +0000 2020	Sir stop wildlife trade Chinese medicinal purpose
Thu Apr 02 18:22:05 +0000 2020	Dear Sir Create love peace Covid 19 prevention medicine World people
Fri Mar 27 00:35:00 +0000 2020	total number American virus USA quick jump base accumulate backlog patient actually start month ago treat regular flu 59k death evident American virus start USA
Sat Apr 18 18:39:37 +0000 2020	scared Chinese student viciously attack strange shocking racist street bashing break silence people pleasure attack African accommodate encouraged business
Thu Mar 26 04:23:47 +0000 2020	peak 15 000 new case day new locally transmit coronavirus case March 24 China
Fri Apr 17 10:21:27 +0000 2020	fundamental China long term growth change despite outbreak
Thu Mar 26 04:41:39 +0000 2020	Blame game Yes Chinese government Xi Jinping China 🇨 🇳 Yes Government China don silly Wuhan start spread VIRUS stop immediately international flight let China VIRUS say BLAME GAME Oh God fall
Fri Mar 27 23:45:43 +0000 2020	China combat 600 policy unveil 10 day support small
Mon Apr 06 21:20:00 +0000 2020	Chinese Health Organization CHO
Fri Mar 27 23:35:50 +0000 2020	Vice Premier Sun Chunlan inspect newly deliver hospital combat central China Hubei Province
Thu Apr 23 04:47:13 +0000 2020	Excerpt international cooperation overcome pandemic speech remark President Xi Jinping January April 2020
Fri Mar 27 23:32:36 +0000 2020	Text SCIO briefing Jan 22 prevention control new related pneumonia
Tue Apr 21 12:55:55 +0000 2020	time global cooperation blame game
Fri Apr 17 13:27:49 +0000 2020	Despite impact key industrial sector China continue grow supplier guarantee livelihood country billon people protect
Fri Apr 17 11:28:47 +0000 2020	State Council Information Office China SCIO hold press conference brief medium China foreign exchange receipt payment quarter 2020
Thu Mar 12 13:29:07 +0000 2020	China behavior commendable
Mon Feb 24 04:01:22 +0000 2020	Fight virus Unprecedented aid China
Wed Mar 04 07:12:52 +0000 2020	Dear Mr Xi Jinping vaccine prevent Covid 19 infection large fatal Use vaccine let people know use
Fri Mar 13 01:49:38 +0000 2020	charter flight carry member Chinese aid team tonne medical supply arrive Fiumicino Airport Thursday night China effort help contain novel outbreak
Wed Apr 22 06:16:35 +0000 2020	Ok ist possible medical operation mask use Government week onward suggest i m doctor don operate gravity droplet saliva doesn outwit
Thu Mar 12 13:07:17 +0000 2020	number poor people China rural area decrease 98 99 million 2012 51 million 2019 country closing goal eradicate year say official SCIO briefing
Wed Apr 08 07:07:11 +0000 2020	China publish timeline information share int cooperation text
Fri Mar 27 23:38:45 +0000 2020	China battle outbreak President personally direct make arrangement Watch Chinese leader fight virus
Tue Mar 10 18:34:59 +0000 2020	Chinese President Xi Jinping visit resident quarantine home community epicenter outbreak send regard express gratitude community resident frontline worker
Mon Apr 06 16:27:36 +0000 2020	absolutely cooperation China collapse nation artificial Covid 19
Mon Feb 24 03:03:18 +0000 2020	close page use country record provide proper information know
Thu Mar 05 08:53:50 +0000 2020	500 people 300 political party organization 120 country send message support central committee outbreak say Guo Yezhou deputy head International Department CPC central committee
Tue Apr 07 04:28:35 +0000 2020	evil ruler invest trillion space invest make vaccine stop Wuhan Virus Ironic know contaminate world demon virus today kill innocent people world people bow head evil
Thu Mar 05 01:15:11 +0000 2020	snowflake innocent avalanche country world need abandon prejudice strengthen scientific research cooperation eliminate common enemy mankind soon possible let laughter reappear global village
Sat Feb 22 19:50:51 +0000 2020	China make progress virus outbreak center despite challenge
Sat Mar 21 02:30:07 +0000 2020	Spanish people do nt use VIRUS come China don trust safe
Wed Mar 25 01:01:53 +0000 2020	globally country leader face camera deliver hand information people hell coward dictator Xi Coward Xi press outbreak Wuhan Virus little rat Xi
Sat Apr 18 06:30:38 +0000 2020	Major infectious disease enemy international community come fight
Tue Mar 31 09:20:29 +0000 2020	pic Xi Jinping general secretary Communist Party China Central Committee inspect county Anji east China Zhejiang Province
Fri Mar 27 23:36:20 +0000 2020	health issue political game
Fri Mar 27 23:33:20 +0000 2020	pic Medical team China leave aid control
Thu Mar 12 16:31:20 +0000 2020	happen Chinese don freedom hope VIRUS teach government stop slave poor people let freedom great country raise thing bad country virus message
Thu Mar 19 07:03:09 +0000 2020	batch assistance team start leave Province epidemic outbreak hard hit province subdue
Fri Mar 20 04:11:08 +0000 2020	china communist party CHINESE PEOPLE hide lie coronavirus consequence stupid china communist party fully responsibility total loss affect country china communist party punish eliminate immediately
Wed Mar 25 01:04:36 +0000 2020	china communist party CHINESE PEOPLE hide lie coronavirus consequence evil china communist party fully responsibility total loss affect country china communist party punish eliminate immediately
Mon Mar 30 14:31:22 +0000 2020	Oh yes Xi Zhejiang know Creat war Chinese virus spread world today think world crimen VIRUS world go demand China crimen cause right Xin pay VIRUS crimen the 🌎
Tue Apr 21 14:57:54 +0000 2020	Origin COVID
Tue Mar 31 12:05:02 +0000 2020	sum share Lie infection rate death violently punish don self quarantine disapear disfavorable journalist blackout social medium post contain truth lie
Fri Apr 10 17:07:14 +0000 2020	tell behalf people world cause misery people poor money father know receive treatment pay family death love one end side & amp brutal war
Mon Mar 23 02:51:23 +0000 2020	Role everyday Chinese fight
Fri Apr 10 17:08:58 +0000 2020	lose job curfew India Cowitt 19 virus spread world family trouble family hungry money help PayPal account sara24 sk com
Sat Mar 14 05:43:33 +0000 2020	peak current outbreak novel disease say government spokesperson
Tue Mar 31 03:49:12 +0000 2020	people shut WET MARKETS disgusting practice go continue INFECT WORLD Thank
Sat Mar 14 11:26:51 +0000 2020	China go high tech fight
Fri Mar 27 23:46:30 +0000 2020	Chinese FM spokesperson Mr Pompeo talk freedom speech care explain curse journalist journalist deny press credential travel
Wed Mar 25 14:18:02 +0000 2020	trust China help peril
Wed Mar 25 08:47:45 +0000 2020	Chinese doctor arrive help fight
Fri Mar 27 23:33:56 +0000 2020	pic China novel fight
Mon Mar 23 09:24:30 +0000 2020	see different approach address pandemic call solidarity cooperation try scapegoat cover ineffective response
Wed Apr 08 03:37:13 +0000 2020	
Thu Mar 19 11:24:08 +0000 2020	China fight number
Fri Mar 27 23:37:23 +0000 2020	fight virus China
Tue Mar 03 03:25:59 +0000 2020	talk real action Chinese people
Sat Mar 21 09:07:29 +0000 2020	pay China didn donate WOW use PROPAGANDA
Wed Apr 01 03:45:02 +0000 2020	China government responsible spread VIRUS world today Wuhan start poison Xi Jinping stop international flight Xi Zhejiang Stop face tragedy day
Tue Apr 07 07:14:16 +0000 2020	Dame China Russia communist heartless China persecute government murder
Thu Mar 12 05:15:06 +0000 2020	Chinese expert mission help fight virus
Thu Mar 12 08:31:02 +0000 2020	30 39 patient infect novel discharge hospital severe patient accord press conference hold SCIO Wuhan
Tue Mar 17 04:18:46 +0000 2020	question Chinese government possible spend trillion dollar manufacture nuclear weapon special trip etc scientific research simple vaccine save people Sound silly
Tue Apr 07 19:34:39 +0000 2020	Forgot Vice Foreign Minister Qin Gang meet Italy ambassador Feb protest halt flight Foreign Ministry later say statement China strongly dissatisfied overreaction restriction Italian
Fri Mar 27 23:38:36 +0000 2020	24 hour Convention center turn makeshift
Mon Apr 06 16:36:35 +0000 2020	Chain mother fucker
Wed Mar 18 10:32:44 +0000 2020	China help country combat
Sun Apr 19 21:02:46 +0000 2020	German newspaper BILD moment drive disinformation campaign country don seriously German suspect dirty political plot country guilty party
Wed Mar 11 00:03:34 +0000 2020	number patient continue drop suspend operation 11 makeshift hospital convert public facility treatment patient mild symptom
Mon Apr 06 21:17:34 +0000 2020	FREE WORLD BAN CHINA
Mon Mar 16 16:56:17 +0000 2020	increase hospital temperature time time 30 35 degree centigrade corona virus inactive hospital spread
Thu Mar 19 02:19:41 +0000 2020	Chinese premier say China stand firmly fight
Wed Mar 04 03:41:34 +0000 2020	China pls virus away fast find vaccine coz supplier stop need supply TQ
Mon Mar 23 06:27:29 +0000 2020	freight train send anti virus supply Spain
Mon Mar 16 03:44:08 +0000 2020	Fucking nasty BS propaganda Xi need apologize country damage CCP China disgrace
Fri Mar 13 05:09:21 +0000 2020	Good point
Wed Apr 08 06:06:12 +0000 2020	High speed train maintenance center ready resume service
Sat Apr 18 01:08:07 +0000 2020	Stay strong China
Thu Mar 19 11:05:49 +0000 2020	Xi hold talk Pakistani president deepen tie amid fight
Sat Apr 04 05:51:27 +0000 2020	Video Chinese national flag fly half mast mourn people die fight
Wed Apr 22 19:03:47 +0000 2020	Fcuking Chinese ba spreader virus kill thousand people play drama World forgive Chinese criminal Chinese sell fake kit world carona well chinese bastard beg country money
Tue Apr 21 08:06:42 +0000 2020	That s call lie face non trust china lap dog
Tue Mar 31 09:22:09 +0000 2020	City Heroe
Thu Apr 02 11:01:04 +0000 2020	away market
Thu Mar 26 21:55:06 +0000 2020	guy dirty disgusting shit stop eat shitty thing eat like normal people fuck eat bat snake
Fri Apr 03 03:34:04 +0000 2020	New virus China medical Stop chinese virus china boycott
Tue Mar 24 07:25:19 +0000 2020	Jack Ma Foundation donate massive medical supply
Mon Apr 06 21:18:24 +0000 2020	Kiss ass FREE WORLD BAN CHINA
Thu Mar 26 06:39:10 +0000 2020	Chinese expert continue carry depth sci tech cooperation exchange country area prevention control patient treatment basic research
Tue Mar 03 10:22:32 +0000 2020	China donate diagnostic kit help fight outbreak
Sat Apr 04 04:51:37 +0000 2020	Chinese national flag fly half mast mourn people die fight
Thu Mar 19 01:46:59 +0000 2020	President Xi Jinping warn complexity severity epidemic situation home abroad allow hard win continuous positive trend reverse say Xi
Fri Mar 20 04:03:14 +0000 2020	stupid virus create Mexico call Mexican VIRUS Uk 🇬 🇧 virus Uk virus etc don care country like Chinese virus wr care China responsible sick world stop game act soon stop
Mon Apr 06 20:13:17 +0000 2020	Dark seith apprentice
Sat Apr 04 03:10:02 +0000 2020	Medical supply testing kit send China return country real garbage medical supply China world garbage dump ground export country world
Fri Mar 27 23:34:58 +0000 2020	Generate result 30 minute New test kit approve China
Fri Mar 27 23:36:12 +0000 2020	text SCIO briefing Feb provision key supply daily necessity epidemic prevention control
Wed Apr 22 08:40:06 +0000 2020	African businessman praise Guangzhou impressive record response urge people see social medium grain salt
Thu Mar 26 05:18:12 +0000 2020	time humanity save world brave help country selfless Send doctor send medical facility guide treat Innocent die
Thu Apr 23 07:36:41 +0000 2020	Sir Pl note Email dt 20 Apr 2020 15 25 send orisconbiotech com Honorable President Excellency Mr Xi Jinping Cc Mr Li Keqiang Premier Bcc Mr Sun Weidong Request Grant CNY 623 442 IMMUNITY RESEARCH PROJECT
Sun Mar 22 07:49:56 +0000 2020	free China wok hole world jeopardy
Thu Apr 23 07:33:54 +0000 2020	network reach roof world north cover 5 G network netizen enjoy livestream video world high mountain
Wed Mar 25 03:48:09 +0000 2020	President Xi Jinping question know Wuhan virus didn stop immediately flight country internationally flught let foreign country infect know game
Fri Mar 27 23:32:24 +0000 2020	Wuhan suspend public transportation outward flight train
Thu Mar 05 14:09:29 +0000 2020	Chinese official brief medium cooperation China int community response Country show solidarity donate China China share info experience world
Mon Apr 20 17:57:11 +0000 2020	Chinese graph look unrealistic compare similar country Chinese number look manipulate
Thu Apr 02 09:11:18 +0000 2020	money earn tell abt shame
Thu Mar 19 01:55:28 +0000 2020	people focus honesty great president USA Mr Trump hell coward dictator Xi Coward Xi press like outbreak Wuhan Virus face face talk make statement answer question little rat
Thu Mar 26 06:30:05 +0000 2020	90 import chinese passport holder 10 originally china
Tue Apr 07 04:08:07 +0000 2020	don fly CCP lot liar far concerned scum earth blood hand cover VIRUS YES CCP VIRUS CCP party virus planet kill ur ppl & amp away
Sat Apr 04 03:44:25 +0000 2020	hide discover hide know Read carefully phrase apply Soon later world know truth Wuhan VIRUS don stop flight immediately enter China 🇨 🇳
Thu Apr 02 22:44:45 +0000 2020	& amp HAND HAND & amp MATTER TIME CONSEQUENCE EATING STOP & amp
Mon Apr 20 02:37:04 +0000 2020	Chinese State Councilor FM Wang Yi critical moment world combat pandemic support director general safeguard philosophy principle
Wed Mar 18 01:57:13 +0000 2020	Italy suffer disease member europe union UK USA help close border Chinese suffering offer great help include critical equipment material importantly experience medical professional 👍 👍
Tue Mar 31 01:32:50 +0000 2020	situation prevention control improve International Grand Bazaar northwest China Uygur Autonomous Region restore usual hustle bustle
Thu Apr 02 08:39:28 +0000 2020	Boycott China China communist party great threat world peace stability time home country produce product stop buy product China
Mon Apr 06 22:00:15 +0000 2020	Fuck communist government 🖕 🏻 
Fri Apr 17 06:06:20 +0000 2020	big shock China admit lie number like say come clean fking lab spill work fix problem Lying hurt situation China
Sat Apr 04 11:40:06 +0000 2020	Love & amp Peace Teresa Teng 邓丽君 甜蜜蜜 Tian Mimi Shimao Disco Deep & amp Tasteful Mix
Tue Apr 21 02:10:47 +0000 2020	repay evil evil appreciate good disposition Read carefully phrase apply phase type nice long apply world ready change
Sat Mar 14 07:40:33 +0000 2020	don care save people
Tue Mar 24 02:29:35 +0000 2020	pronged prevention control strategy implement focus prevention case rebound case accord meet chair Premier Li Keqiang
Wed Mar 18 02:38:38 +0000 2020	careful China achieve great success control American virus spread save people live China safe country world careful escape overseas bring American virus mainland
Fri Apr 03 01:31:11 +0000 2020	Tsinghua University vaccine antibody undergo animal testing late
Fri Mar 27 23:46:01 +0000 2020	people recognize world debt disease finish hopefully chance thank people Wuhan role play say expert Thank heartwarming word
Wed Mar 11 02:28:31 +0000 2020	stand achieve victory 💪 🏼 ❤ ️ ❤ ️ ❤ ️
Thu Mar 12 08:41:28 +0000 2020	Welll work
Fri Mar 20 04:00:21 +0000 2020	Stop BS find solution Chinese virus China responsable VIRUS today affect entirely world Stop game act stop soon possible spect laugh stupid VIRUS
Wed Mar 04 19:11:47 +0000 2020	Recover Coronavirus Listening Master Lecture
Mon Mar 23 00:35:01 +0000 2020	China big power world love ability willing help love country find real friend
Sun Mar 22 22:56:11 +0000 2020	absolutely sickening
Mon Feb 24 01:47:02 +0000 2020	relax vigilance moment sorry thing sacrifice medical staff recovery easy difficult overcome epidemic consolidating result difficult victory
Fri Apr 03 04:47:35 +0000 2020	Text SCIO briefing progress Central Guidance Team guide epidemic control medical rescue
Sat Mar 21 09:02:48 +0000 2020	HAHAHHAHAHAHAH JOKE BULLSHIT CHINA VIRUS ORIGINATE CHINNNAAAA Propaganda Machine Good China Good Luck try dig government joke fall lie blame Life Stop Eat Nasty Shit WOW
Fri Mar 27 23:35:06 +0000 2020	pic Building illuminate slogan cheer battle win
Sat Mar 21 08:55:49 +0000 2020	President Xi Communist Loser aren restore anybody PROFIT ITALY EUROPE ashame take hope end tie world finally wake disease
Tue Apr 07 04:36:15 +0000 2020	Fuck commie bastared world awaken know fuckin deliberately FUCK CHINA fuck IRAN filthy bastared
Fri Mar 27 23:37:32 +0000 2020	Xi talk Trump phone novel coronavirus outbreak Xi China confidence capability prevail epidemic
Tue Mar 17 11:35:42 +0000 2020	expand list key affect country People live travel country week prior arrival Shanghai undergo 14 day quarantine home designate place arrival city
Tue Apr 07 16:04:03 +0000 2020	change diet people country prohibit eat bat rodent Prohibit eat animal cause virus
Fri Mar 27 23:26:50 +0000 2020	China issue guideline promote government grassroot
Wed Apr 08 06:07:11 +0000 2020	Chinese people Chinese government low living thing earth
Thu Mar 26 08:22:45 +0000 2020	CHINA drag International Court strip VETO power UN Crime humanity COVID 19 Chinese Virus
Tue Mar 10 18:49:53 +0000 2020	Hope get prick world wake reality rely China self reliant cost China negligence reap world stop eat Bush meat shit
Fri Mar 27 23:33:33 +0000 2020	Chinese President Xi Jinping say Tuesday China confidence capability win battle outbreak pneumonia cause novel coronavirus 2019 nCoV
Tue Apr 07 16:21:30 +0000 2020	Yes virus create China world infect virus Beijing China pollute
Sun Apr 05 19:17:27 +0000 2020	bring wickedness destroy evil LORD God destroy God come china
Thu Mar 26 09:10:42 +0000 2020	China gift Humanity & gt & gt Death Fear Bad monstrous country regret block UNSC draft transparency Unforgivable
Mon Apr 06 17:42:18 +0000 2020	China ccp reason mess ruin world death person hand Iran hate world hate
Thu Apr 02 21:47:46 +0000 2020	QUIT FILTHY WET MARKET Don think China go away
Wed Mar 11 02:38:21 +0000 2020	stay confident confident win war Xi say video link Huoshenshan Hospital epicenter outbreak Victory Wuhan victory Hubei victory China declare
Tue Mar 24 07:46:49 +0000 2020	China launch new remote sensing
Fri Apr 03 01:02:45 +0000 2020	hope April tell truth world today spread Wuhan VIRUS world today didn immediately stop foreigner enter China country face catastrophic VIRUS Look people die VIRUS
Fri Apr 03 03:32:52 +0000 2020	export chinese virus world New drama Chinese virus country
Fri Apr 03 01:35:46 +0000 2020	Aerial view new high speed Guizhou China
Sat Apr 11 06:32:46 +0000 2020	Fake product send fake PPEs France chinese virus kill lakh people
Mon Apr 06 20:36:15 +0000 2020	leave Iran Iranian tolerate behavior aware know & amp spread globally
Thu Apr 02 19:38:29 +0000 2020	THIEF LIARS
Wed Apr 01 20:07:34 +0000 2020	China Lie People Die
Tue Apr 21 06:41:13 +0000 2020	Xi Jinping chairman Central Military Commission CMC People Republic China sign order commendation honor personnel undertaking mission epidemic prevention control
Wed Mar 11 00:55:53 +0000 2020	Everyday hero China lending help hand epicenter outbreak
Wed Apr 22 19:51:30 +0000 2020	lie buy single Chinese item America cause Wuhan Corona Virus Virus
Mon Apr 20 03:21:26 +0000 2020	nice Russian roulette game world today Example China understand going hurt badly reflection apologize China tell truth world today
Wed Apr 01 00:55:01 +0000 2020	Construction New Area fast track epidemic ease
Mon Apr 20 13:55:11 +0000 2020	Chinese Communist Party endanger world BILD editor chief answer Xi Jinping
Fri Mar 20 03:39:52 +0000 2020	Construction 67 key project resume New Area
Fri Apr 10 05:42:18 +0000 2020	New freight train route launch northwest China
Thu Mar 19 02:00:00 +0000 2020	number china FAKE
Sat Apr 11 09:13:27 +0000 2020	Look
Thu Mar 19 05:09:09 +0000 2020	like New SuperPower exist busy serve Self Interest
Fri Mar 27 23:33:43 +0000 2020	China report 974 confirm case new coronavirus pneumonia 132 death
Mon Apr 20 09:57:53 +0000 2020	guess include doctor nurse
Thu Mar 26 10:08:40 +0000 2020	World thankful Chinese people change food habits&amp compassionate animal SARS MERS H1N1 corona swine flu mad cow disease result wrong food habit
Wed Mar 04 12:25:11 +0000 2020	Live COVID 19 frontline medical worker share expertise treatment China
Tue Mar 17 05:17:26 +0000 2020	pic Spring plough ceremony place pray year good harvest
Thu Apr 02 21:03:00 +0000 2020	Lie cover cost life
Sun Mar 15 12:52:54 +0000 2020	Beijing 26 000 base station operation 5 G user reach 800 000 accord Beijing Municipal Communication Administration
Thu Mar 05 06:42:38 +0000 2020	cpc group liar cheater thief
Thu Mar 05 11:05:29 +0000 2020	Hi lie Communist snake Wuhan virus China virus okay
Thu Mar 19 02:18:09 +0000 2020	Friend forever
Wed Apr 22 08:12:01 +0000 2020	Lady gentleman CCP control medium fine reactive medium world
Tue Apr 21 07:59:59 +0000 2020	China allow USA UK Australia investigate Wuhan virology institute
Mon Feb 24 01:46:00 +0000 2020	30 day World prepare
Sat Mar 21 18:36:21 +0000 2020	China infect world China death
Sat Apr 11 04:04:31 +0000 2020	treat 50 000 patient
Thu Apr 02 01:34:47 +0000 2020	speed modernization agriculture rural area hope doesn mean
Sun Apr 12 00:30:22 +0000 2020	FORBID EAT ANIMALS turtle cat dog bat pig duck chicken frog fish rate dove pingolin animal FORBID FORBID KILLING ANIMALS Eat animal sick coronavirus God see Coronavirus people cruel animal
Tue Apr 07 04:58:56 +0000 2020	China assassinate people world Corona China liar terrorist
Wed Apr 22 00:15:24 +0000 2020	guy say great African say different Uh huh
Wed Apr 22 21:40:12 +0000 2020	Know truth CCP Xi deliberately set pandemic loose world
Fri Mar 27 07:35:54 +0000 2020	Trump want let
Fri Apr 17 07:42:29 +0000 2020	hey chowmin dnt remember 4th June 1989 come Inevitable
Thu Mar 05 08:43:44 +0000 2020	Simple mask manufacturing method people suffer corona virus Connect rubber band set Connect multiple layer tissue rubber band cellophane tape gum tape
Fri Mar 20 04:10:42 +0000 2020	want united evil china communist party group liar cheater thief
Sat Apr 18 08:58:38 +0000 2020	suck reason China navy gloat badly misplaced
Thu Apr 02 10:45:03 +0000 2020	Winnie pooh Hide away head pot
Thu Apr 02 06:43:10 +0000 2020	medical expert exchange experience fight COVID 19 critical moment country immune stand solidarity come aid
Fri Mar 27 23:30:28 +0000 2020	Commentary：may collapse theory rest peace big desire West understand China Western prism Western perception prognosis China frequently wrong
Sat Mar 21 14:30:46 +0000 2020	China firmly support effort epidemic President Xi say add China provide Serbia assistance protective equipment medical instrument help purchase urgently need supply China
Fri Mar 27 23:46:57 +0000 2020	renown Chinese respiratory specialist say confident outbreak basically control end April
Fri Apr 10 06:41:06 +0000 2020	Courier help farmer ship orange Zigui Hubei province hit hard outbreak
Tue Apr 21 06:36:03 +0000 2020	guide lead firmly decide recommend CHINESE vaccine available
Wed Apr 01 08:52:50 +0000 2020	close China open send beautiful military equipment world China send mask respirator medical equipment
Thu Apr 02 06:09:20 +0000 2020	freight train carry medical supply head Germany train depart China Europe freight train service resume
Wed Mar 18 15:46:54 +0000 2020	virus far dangerous people believe video take Italian church Devastating & amp reality check
Fri Mar 27 23:36:36 +0000 2020	unexpected battle novel outbreak China make effort protect people take responsibility major country contain spread epidemic
Wed Apr 01 14:21:32 +0000 2020	let ceo china america test sexually transmit disease porn greed hollywood homo pedo family destroy big corp monopoly
Mon Apr 06 23:36:09 +0000 2020	Chinese ambassador insult Iranian people behalf Chinese people People fight life love one Corona China trade Corona
Tue Apr 21 06:38:34 +0000 2020	Chinese city launch program spur consumer Unlike country give direct cash handout China opt citizen coupon Expert people China high level savings need stimulus spend money
Mon Mar 16 01:40:20 +0000 2020	fix country problem know Corona VIRUS affect thousand people China virus doesn go stop week begin wait couple month
Mon Mar 23 00:42:32 +0000 2020	Stop advertising epidemic country generate today act like great hypocrite alm needy hypocritical propaganda Look town die Virus warn bad come country
Thu Mar 05 01:09:52 +0000 2020	Call novel China virus extremely irresponsible FM spokesperson epidemic appear China necessarily originate China
Wed Apr 22 04:24:30 +0000 2020	know like comet crossing country coast coast understand understand America contribute exist fact life know begin Vietnam 1970 1977 1984 Bonne chance
Sat Mar 21 18:42:57 +0000 2020	wise man prophet son wise man Solomon etc warn cure virus ignore think simple thing cure power healing thing believe cure
Fri Mar 27 23:38:54 +0000 2020	China allocate 71 bln yuan 10 billion fiscal fund control
Sat Apr 04 03:28:45 +0000 2020	lead Chinese leader Saturday attend national mourning victim
Fri Mar 27 23:33:49 +0000 2020	construction Huoshenshan Hospital makeshift hospital treat patient infect novel coronavirus underway Wuhan
