created_at	text
Thu Apr 09 11:59:38 +0000 2020	Superb leader discuss COVID 19 global pandemic challenge pose global health system economic situation share information step take country tackle pandemic Kudos joint effort combat COVID 19
Sun Feb 23 16:41:02 +0000 2020	Opening Remark Pres Moon Annual Briefing Financial Service Commission Ministry Economy Finance Trade Industry Energy Sme Startup ▶ Full text
Mon Mar 30 04:46:30 +0000 2020	nurse care patient example drinking water eat meal buy food fruit patient wanna eat obey healthy habit
Sun Apr 19 03:01:03 +0000 2020	show tackle pandemic follow science prioritize people health economy politically expedient 1/2
Fri Apr 10 07:22:12 +0000 2020	Hearten global effort curb Covid 19 Wish & amp family safe stay healthy HWAITING
Thu Apr 09 12:11:42 +0000 2020	Prime Minister Narendra Modi South Korean President Moon Jae discuss global pandemic challenge pose global health system economic situation
Tue Mar 03 09:26:59 +0000 2020	North KOREA capture tourist North Korea accuse spy agreement tourist North Korea donot know agreement international bane restrictly tourist security CEO vinh Son province Phuc eath donot help PM asst
Thu Apr 09 11:36:00 +0000 2020	pm modi speak today Moon Jae President Republic Korea discuss global pandemic challenge pose global health system & amp economic situation Share information step take tackle corona
Thu Mar 26 06:46:16 +0000 2020	Mr Jae send photo & amp health status ll help activate good February year powerful Man w/o let know get sick couldn service Andy Nguyen Trong Khoa Khánh Thiên Ed khoa seapearl com
Thu Apr 23 04:30:15 +0000 2020	stand solidarity global community fight pandemic entail economic challenge ve work testing virus sample Finland ll continue cooperate combat economic impact outbreak
Wed Apr 08 19:30:25 +0000 2020	Chinese Health Organization Fire staff organization bad bad bad thing world people die
Thu Mar 26 01:53:31 +0000 2020	country Peru country export raw material food need technology hope country manage overcome epidemic 2/2
Fri Apr 10 08:05:52 +0000 2020	Mr Mr plz send ur photo&amp status ll help activate good Feb powerful Man w/o let know get sick couldn service Andy Nguyen Khánh Thiên khoa seapearl com
Fri Apr 17 17:09:06 +0000 2020	Today mark International Day Yoga designate United Nations day global celebration love yoga receive letter Prime Minister Modi India home yoga ask join celebration
Thu Mar 19 10:52:25 +0000 2020	Peter Lee South Korea example measure need reduce impact deadly coronavirus good fight Stay healthy & amp Thank
Tue Apr 07 04:28:30 +0000 2020	Mr prime min great news killer Jesus & amp apostle custody & amp chain leader orginized crime jail forever joy heaven & amp Earth win drink living water die soon live water body collapse
Mon Mar 16 19:47:03 +0000 2020	🇮 🇳 India PM 🇰 🇷 South Korea President call virtual meeting leader discuss coordinate public health financial response
Wed Mar 04 10:20:23 +0000 2020	Korean people pay attention personal hygiene follow government direction carefully good care Pres Moon & amp public servant worry health
Wed Apr 08 05:37:17 +0000 2020	Thank solidarity exemplary leadership global stage world need responsible leader like step time crisis
Mon Feb 24 05:49:41 +0000 2020	educational institution teach social work exactly America Russia Japan make person good hearted person increase country wealth improve country way
Mon Mar 16 10:58:51 +0000 2020	President Moon work important overcome corona virus crisis & amp insist create condition sustainable stability progress peace South Korea Korean Peninsula the 🌏
Thu Mar 26 07:35:39 +0000 2020	touch perfect timely financial measure microbusiness owner self employ Thank Pres Moon public servant give confidence Korean economy soon recover nornal life shortly
Sat Mar 28 16:30:09 +0000 2020	Ban live animal market act protect animal cruelty safeguard health Moon Jae stop
Mon Mar 30 20:46:46 +0000 2020	danger America global policy Hubris exception president wear proudly
Wed Mar 18 00:28:36 +0000 2020	test institution efficiency today government progress intelligent community responsibility people future main test principle
Thu Mar 05 08:22:23 +0000 2020	move President Pres Moon Korean hope care health good care President public servant
Tue Apr 07 06:56:24 +0000 2020	refuse worker financial assistance marry man like right vote protect family radical politician
Thu Mar 05 06:45:07 +0000 2020	Do nt worry good ppl understand good bad guy want president attack strong excellent Polite gentle
Thu Apr 23 04:53:56 +0000 2020	Sir virus wealth set inherit bad habit like drug cov19 intnally die inhtance mob sell drug propty time virus trough contact ruse
Fri Apr 17 03:13:00 +0000 2020	Congratulations President victory election Republic Korea join force save life stem spread lie ground sustainable economic recovery Look forward strategic partnership
Sun Mar 29 07:14:17 +0000 2020	Dear Sir Multi Grain Cereals Pulses Powder improve Immunity Power improve Immunity save Corona Positive Patient World time react fastly Deepak +91 90305 95899
Thu Apr 09 11:39:33 +0000 2020	Hi Narendra good werry good man help Singapore mite Nord South Korea good friendship Lubo
Sat Mar 28 10:01:07 +0000 2020	Mr President afford new pandemia Pls ban wet market dog cat market forever hygiene blood urine Stop slaughter change business modern Health people important mafia Thank
Thu Apr 09 11:42:33 +0000 2020	world leader regional conference like SAARC & amp plan G20 summit VC India evacuate Citizens global Corona hotspot Global organization like praise India decisive leadership combat COVID
Thu Mar 12 06:36:37 +0000 2020	complete solution find research brief contain Herbal Medicine kill virus Health Development interested help cure person +91 9840872551
Tue Apr 21 00:58:33 +0000 2020	sex bathroom China good Japan development field Japan sex bathroom limit age preferential young man embody human
Thu Apr 23 09:23:46 +0000 2020	leader consensus Covid 19 wish draw good result Korea Finland surround power country Similar historical resemblance hopeful cooperate industry
Mon Mar 30 04:44:01 +0000 2020	help immune system win victory fight virus COVID 19 people recovery health help doctor medicine maybe vaccine serum
Sat Mar 14 06:24:09 +0000 2020	Volunteers South Korea deliver box food people self quarantine people Post Info ABC News 2020 14 ✅ This power people Mr Moon communist know 1⃣ TWITTER
Wed Apr 08 04:38:01 +0000 2020	good President Republic Thanked leadership & amp 🇰 🇷 openness share control measure epidemiological & amp clinical data 🇰 🇷 champion comprehensive approach response & amp control pandemic
Sun Apr 19 07:49:02 +0000 2020	tell Korean government use Korean Military camp quarantine Corona virus patient suspect corona virus patient tell don pressure health sector doctor nurse people work hospital
Mon Mar 30 13:28:16 +0000 2020	CONGRATULATIONS President Moon South Korean people 🌏 Citizen wonderful work President Moon Public Health Professional worker overcome crisis
Mon Feb 24 08:32:05 +0000 2020	dance wolf food wolf soft close Beijing Korea softness bury Korean people suggest resign
Wed Apr 08 06:01:50 +0000 2020	Message President Moon Jae World Health Day
Fri Mar 13 17:02:42 +0000 2020	good job KUDO man rest world gon na die massive number Coronavirus South Korea trace test treat saving life Hell yes Wish South Korea
Thu Mar 05 04:00:41 +0000 2020	China Otsuka control male prostitute problem good job police bandit family snake rat involve black male prostitute blind male prostitute male youth bad knock extortion male youth body
Thu Mar 26 12:46:58 +0000 2020	healthy
Thu Apr 09 11:43:13 +0000 2020	Good Cooperation different country world difficult time strong battle
Fri Mar 27 14:13:51 +0000 2020	Dear Mr 문재인 World Country Overcome COVID 19 Pandemic Save Economic Loss Read letter ask related people consider take suggestion
Wed Apr 08 07:15:14 +0000 2020	send good wish speedy recovery hope situation COVID 19 United Kingdom improve quickly look forward meeting near future
Thu Apr 23 04:33:31 +0000 2020	Good behavior time SK people feel honor happy right？Its great respect international
Thu Apr 09 12:04:23 +0000 2020	Good morning Hope realize Bolsonaro bad president possible world
Thu Mar 12 09:18:27 +0000 2020	write hope Stay safe healthy
Wed Mar 25 01:35:35 +0000 2020	need help fight coronavirus Bolivia mission like Timor Leste like 1999 2000 Need disinfectant fight Bolivia Need help fight Need Disinfectant
Sat Apr 11 11:22:23 +0000 2020	Thank Mr President appreciate gesture send love good wish way India 감사합니다 Sorry spelling mistake Korean good
Tue Mar 03 16:48:29 +0000 2020	young generation country move like dead Help help Human Right Organization Save noble people captivity Believe energy art prison deserve free earth
Fri Apr 10 00:09:33 +0000 2020	expect country achieve economic growth good result sharing country know
Thu Apr 09 11:48:34 +0000 2020	good PM ji lead cooperation different country world help fight covid 19 Share insight helpful Let fight war Coronavirus
Tue Apr 07 04:59:33 +0000 2020	global solidarity Thank President~~^^
Tue Apr 07 04:34:55 +0000 2020	global solidarity Thank President~~
Tue Mar 31 02:31:19 +0000 2020	fully support effort Secretary General Antonio Guterre launch 「 Circle Leadership prevention response sexual exploitation abuse UN operation 」 raise global awareness press issue
Thu Apr 09 11:38:52 +0000 2020	Nice daily health report visit
Tue Mar 31 12:22:08 +0000 2020	President Moon South Korean people and 🌏 Citizen support wonderful effort finish Public Health crisis
Mon Mar 23 06:17:28 +0000 2020	Oh God Virus Killing Mask Patent file accordance experimental report medical community surfactant cut protein chain
Thu Mar 26 08:54:48 +0000 2020	Remark Pres Moon Meeting Producer COVID 19 Diagnostic Kit Approved Emergency Use Let turn crisis opportunity create new example global cooperation ▶ Full text
Wed Mar 04 12:58:45 +0000 2020	government give hope people Korea overcome difficult situation people create 21st century AI industry culture develop policy measure economy peace health insurance
Fri Mar 20 07:41:06 +0000 2020	Finally statesman emerge strong action plan drastic economic measure Hope join
Wed Mar 18 16:02:37 +0000 2020	HUMILIATING DONATE REDUCE PRICE SELL COVID 19 TEST USA HELP SECURE SOUTH KOREA BORDER NORTH KOREA
Mon Mar 30 04:48:50 +0000 2020	patient need think think cure think action think action method solve problem
Sun Feb 23 15:42:26 +0000 2020	consider add Use Regular Military Natural Disaster Assistance Climate Change Increase Need Change Law United States China Japan Philippines Country
Tue Mar 31 01:55:14 +0000 2020	simple true Law flat regulation clean inviroemts simple crow customer donot work restaurent lose customer swear lose customer income payment noisy tree value 100 million Viet Nam record CAMERA send bac
Thu Mar 05 06:16:44 +0000 2020	Excellency President Moon Jae send word good fortune Almighty bring comfort citizen Republic Korea know hardship come ease surely overcome moment 🦁 🇸 🇴 ❤ 🇰 🇷
Wed Apr 08 08:59:08 +0000 2020	Remark Pres Moon Meeting Discuss Provision Emergency Financing Business Microbusiness Owner like finance source hope people business time crisis ▶ Full text
Tue Mar 31 01:57:52 +0000 2020	hailwater hailwater tree value 50 million VND SKOREA nice record CAMERA send home swear 5000 USD tree
Thu Mar 19 05:26:11 +0000 2020	ShutDown & amp Global StockMarkets Unnecessarily Cause Panic & amp Hardship
Wed Apr 01 04:26:32 +0000 2020	world know good PresidentThe world know good President
Thu Mar 19 10:49:20 +0000 2020	Peter Lee Inspirational South Korea example measure need reduce impact deadly coronavirus good fight Thank
Tue Apr 07 04:42:12 +0000 2020	Sir blessing Korea entire global village
Thu Apr 09 18:37:19 +0000 2020	understand 102 test million good test humble request pls consider increase test way Identify positive case isolate Let rest India mind business
Thu Mar 05 15:02:59 +0000 2020	TREATY WORLD UNITED NATIONS MILITARY PHILIPPINE GOVERNMENT 198 NATION need AMEND RATIFY need apply World Formula create MANILA 7th SUMMIT CONFERENCE OCT 24 25 1966 Contact CHAIRMAN detail
Thu Mar 12 02:48:12 +0000 2020	good work
Mon Feb 24 08:00:26 +0000 2020	good job
Wed Apr 08 08:37:34 +0000 2020	Thank acknowledge South Korea effort transparently openly fight share common belief world defeat virus global solidarity continue share comprehensive open approach world
Wed Apr 22 07:42:40 +0000 2020	good stuff 🤔 👍 like South Korea start go North Korea try attack Japan basically say leader hide right North Korea Surely notice
Thu Mar 26 14:15:41 +0000 2020	apply EI online week ago spend hrs hold disconnect twice qualify response ve work pay tax 30 year apply Iam take care parent need assistance
Thu Apr 09 17:40:57 +0000 2020	option India survive virus attack develop medical supply drug industry like prepare army defend India Pak China attack prep scale prep war Pakistan China
Sun Apr 19 02:41:55 +0000 2020	Singapore virus vulnerability Safe country Singapore powerful country Singapore Singapore ensure destruction virus 🙏 🏼 ✌ ️
Tue Mar 24 16:32:27 +0000 2020	talk helpful tip stay safe consult Fauci limited capacity reopen economy okay 55 + need stay indoor cost
Tue Mar 31 11:09:55 +0000 2020	Sir French economy good business model Sincerely Fabrice BOUSSEL 92290 Châtenay Malabry France
Mon Feb 24 07:32:32 +0000 2020	Good active
Mon Mar 30 22:41:59 +0000 2020	good moning
Sun Apr 12 04:40:27 +0000 2020	Good
Mon Apr 20 07:51:38 +0000 2020	good
Sun Mar 22 04:53:08 +0000 2020	need know Miss Na Haeryung member BESTie band EXID band Girlgroup country stay time stop post instagram week ago safty love woman person safety enemy
Sat Apr 11 06:37:46 +0000 2020	Salary recieve Office personal say need clear bank formality help 12 family run money
Thu Apr 02 11:01:38 +0000 2020	save job / livelihood Delhi 19 loss resignation
Tue Mar 03 06:07:09 +0000 2020	Thing protect body virus corona hand activity Drink lot water warm water especially morning Eat lot fruit vitamin good
Tue Mar 17 05:37:21 +0000 2020	People sugarcoat virus want fact CCP single handedly destroy world security & amp economy reason world de couple
Thu Apr 09 15:28:36 +0000 2020	Yes sir overcome pandemic fight pandemic covid 19 world suffer pandemic unite togher fight
Thu Apr 09 11:55:45 +0000 2020	request meet Shri Modi ji maintain economic development India recover situation
Mon Apr 06 04:19:15 +0000 2020	Listen Guy key thing boost earnings home
Mon Mar 30 04:46:57 +0000 2020	Theory cell nutrition tell disease problem cell hurt cure mean cell hurt repair water carry nutrition cell cary toxin body nutrition help cell repair
Tue Mar 03 09:55:17 +0000 2020	Launch ASEAN ROK Commemorative Summit event Singapore ROK Summit valuable hope soon stay healthy
Sun Apr 19 07:04:33 +0000 2020	time improve relation North Korea sure find Kim parade year
Thu Mar 12 07:47:13 +0000 2020	inspire effort protect people Wish good solidarity
Mon Mar 30 04:45:22 +0000 2020	cure people mean help immune system win victory fight virus disease help destroy immune system need time water nutrition help win victory fight virus disease
Thu Mar 19 05:45:23 +0000 2020	sign 39 billion emergency finance SMEs fuel hit economy
Thu Apr 09 11:54:44 +0000 2020	think farmer agriculture good
Thu Apr 09 11:34:56 +0000 2020	telephone conversation President prevail COVID 19 situation fight pandemic cooperation leverage power technology
Tue Mar 03 09:55:20 +0000 2020	try fry chicken beer Chimaek Korean like try Hongdae street food fry chicken beer time
Thu Mar 26 14:05:11 +0000 2020	good need plan step learn experience
Tue Apr 07 03:58:37 +0000 2020	good~ korea
Thu Apr 09 07:13:09 +0000 2020	good Mr President
Wed Apr 22 02:49:54 +0000 2020	Saeyip Korean American secret national security advisor secret anti terrorism unit fight WWIII holocaust right America & amp Korea
Thu Mar 26 01:49:44 +0000 2020	Mr president Moon Jae economy affect worldwide country affect economic alliance form country accord need 1/2
Tue Apr 07 15:19:04 +0000 2020	Mr prime minister sorry hear hospitalization virus water like yesterday pray prime minister Johnson God send holy spirit strengthen heal
Sat Apr 11 06:08:42 +0000 2020	thank Republic South Korea effort share world fight covid 19 area development especially occur Rwanda appreciate God bless
Thu Mar 05 07:54:01 +0000 2020	Sound good God bless
Mon Mar 23 10:22:38 +0000 2020	good president
Sun Mar 15 05:37:34 +0000 2020	Korean medical professional great job fight Chinese virus despite Moon Jaein take away mask protective glove goggles send China Moon close travel Chinese korea case Taiwan Moon criminal
Tue Mar 31 01:39:43 +0000 2020	sir President respectly power work Skorea restaurent CEO come famouse food SKOREA donot money eat KIM CHI famouse call TAXI time sit nearby security gate coffce want morning stay
Fri Apr 03 06:32:42 +0000 2020	
Thu Mar 19 05:17:14 +0000 2020	good luck adventure story
Sun Apr 19 18:13:56 +0000 2020	Thank thoughtful word Mature citizenship crucial amid pandemic state need strengthen cooperation overcome crisis Base tighten bilateral tie defeat virus solidarity
Thu Mar 26 12:38:11 +0000 2020	🇰 🇷 🇰 🇷 🇰 🇷 thank thank thank invaluable service world solute Pres Moon & amp citizen South Korea 🇰 🇷 🇰 🇷 🇰 🇷 thank testing kit USA 👏 🏻 👏 🏻 👏 🏻 👏 🏻 🏆
Tue Mar 03 10:41:32 +0000 2020	President moon jae good president Korea admirable person wish good luck
Sun Mar 22 04:54:51 +0000 2020	need know Miss Na Haeryung member BESTie band EXID band Girlgroup country stay time stop post instagram week ago safty love happen time Thank
Fri Apr 10 02:56:08 +0000 2020	COVID 19 trigger huge difference India Government Technology way track spread virus collect data share source information medicine South Korea advanced Technology win COVID
Thu Apr 09 12:06:38 +0000 2020	world see South Korea fight pandemic think work focus western country Asia great
Tue Mar 31 01:47:16 +0000 2020	sir donot pay attention sir share set company jointed coperation some corp CAFE Viet nam Publical set office Plant singarpor USA Autralia ISO higly standard URC UK PHILIPIN buy TEA viet nam famouse URC CLEAN COOL
Fri Apr 17 10:28:15 +0000 2020	hope proceed rational innovative negotiation G20 leader continue world peace circulate world economy smoothly
Sun Mar 15 12:10:32 +0000 2020	Korean Scientist 11298661 Respiratory disinfection steam vaccine salt water Anger Symbol Scientifically prove virus live brine
Sun Apr 05 11:08:31 +0000 2020	대한민국이 자랑스럽습니다
Sun Apr 19 03:51:43 +0000 2020	Congratulations recent DPK victory unlawfully imprison psychiatric facility security patient ill waste public money resource assist stop politician world leader human right violation
Thu Apr 09 11:45:08 +0000 2020	Hope go good
Tue Mar 03 09:00:45 +0000 2020	CEO NAVY Level 1st send navy ship international true CANADA international climate donot know good friend time ARMY AVINATION King Thai land send AVIATION International true
Thu Mar 26 14:21:39 +0000 2020	senior disable people receive 1169 00 expect buy cleaning supply 850 rent heat / hydro little left food afford lysol wipe cough medicine vulnerable elder don TP
Thu Apr 23 04:41:45 +0000 2020	respect moonja president prevent nasty comment rule sue crazy fan people cause harm find solution thing Corona Virus Global Fan support kpop industry korea
Sat Apr 11 05:52:46 +0000 2020	pandemic call international cooperation curb transmission virus prevent potential economic fallout agree current situation shouldn reason hold bilateral economic exchange
Thu Mar 19 05:06:28 +0000 2020	Opening Remark Pres Moon Roundtable Principal Economic Player overcome COVID 19 outbreak succeed revive economy fail ▶ Full text
Wed Mar 18 09:41:46 +0000 2020	Good jod God bless friend China
Thu Apr 09 11:36:29 +0000 2020	good initiative 👏 👏 🙏
Sat Apr 04 03:27:07 +0000 2020	Industry thank office United Kingdom Good useful Free trial month
Thu Apr 02 07:27:17 +0000 2020	Job Loss Delhi Branch Moon intervention require Modi Ji help Varun Mishra
Tue Mar 31 01:41:25 +0000 2020	sir president respectly work restaurant SKOREA company CEO company stress Jobs drive Food SKOREA KIM CHI FAMOUSE work year donot money KIM CHI food
Fri Apr 10 23:59:13 +0000 2020	Precisely coronavirus pandemic break barrier fight 19
Fri Apr 10 12:59:09 +0000 2020	Hey mr president moon good
Sat Mar 21 01:06:27 +0000 2020	Scream confidence future John 19 30 Jesus show confidence exactly accord God plan likewise know destination eternal fellowship Triune God Trinity creation
Thu Apr 02 11:59:50 +0000 2020	use steel wire material nose stripe prevent air leak nose ear band good outside mask tighten type string prevent air leak ear know DIY layer mask well
Thu Apr 09 11:38:22 +0000 2020	ModiJi Understand Better Fight Won World Unite Unlike Nation Skip SAARC Meet online Regional Trade Insensible 🙏 🏻
Mon Mar 23 20:28:26 +0000 2020	Opening Remark Pres Moon 1st Emergency Economic Council Meeting Council play role central economic response headquarters like Central Disease Control Headquarters ▶ Full text
Wed Mar 18 07:00:18 +0000 2020	Mr President good care self Korea win battle soon ✊ ✊
Fri Mar 20 08:44:13 +0000 2020	solution result economic crisis simple making covid 19 visible new fast test massive testing fast result panic subside normal vaccine come later
Thu Apr 09 18:43:37 +0000 2020	Pretty HELP TWEET WORLD LEADER PRESS continually announce & amp participate WORLDWIDE PRAYERFUL FAST FRI 4/10 GOOD FRIDAY love love ♥ ️
Sun Apr 19 06:57:06 +0000 2020	문재인さん Mature citizenship crucial amid ◯ ◯ pandemic state need strengthen cooperation overcome crisis Base tighten ◯ ◯ tie defeat ◯ ◯ solidarity Thank much 🇰 🇷
Fri Mar 20 06:01:17 +0000 2020	South Korea Best Right COVID Response MOVIE drama foot Tech Car Men Women President Like
Thu Apr 02 20:40:37 +0000 2020	Korea Leadership roll East Asia China Japan big economy big population Korea Integrity Ingenuity Innovation willingness work world community unlike Japan China
Wed Apr 08 08:58:38 +0000 2020	Korea effort great plan implement fight virus knowledge transparency tough lesson learn previous outbreak courtesy China Korea model country learn
Sun Apr 19 02:59:09 +0000 2020	proud excellent leadership heartfelt empathy country leader inspire Korea control COVID19 🌱 Pressident Moon surely Gobal Leader save lives‼️
Tue Mar 10 18:37:17 +0000 2020	Opening Remark Pres Moon Meeting Senior Secretary Government resolve inconvenience regard new system quickly increase supply face mask ▶ Full text
Wed Apr 08 07:06:27 +0000 2020	Mr Prime Minister strike news admit intensive care good shape couple week early virtual summit G20 leader
Sun Apr 19 08:21:52 +0000 2020	Wan Ju Park major obstacle animal welfare bill promote Let differentiate Meat Dog VS Pet Dog legalise meat dog farming end vile business
Tue Mar 03 08:35:06 +0000 2020	nation political CEO true simple COVID 19 Hung Vuong province Viet nam call King Hung HO LAKE LANDS see MADAM CEO BAMBOO JETTAPACIFICAL MADAm THAO CAFE Trung Nguyen Vu Vu CEO Corp esrealtate scandal jail Vu
Mon Mar 16 10:57:31 +0000 2020	crisis opportunity crisis good opportunity
Thu Apr 09 14:58:38 +0000 2020	PM Modi South Korean president discuss way tackle Pandemic leader agree expert continue consult share experience research solution
Wed Mar 18 15:48:35 +0000 2020	Opening Remark Pres Moon 13th Cabinet Meeting strive bring COVID 19 outbreak control prepare fledged measure order intensively boost domestic demand consumption ▶ Full text
Sun Apr 05 00:06:07 +0000 2020	Wish Lord Grace need sure lose sight heaven order aware responsibility beautiful word word life divine source prepare fully understand happen Corona19
Sun Feb 23 16:41:25 +0000 2020	Opening Remark Pres Moon Meeting Business Community Leader regard COVID 19 Response business community effort translate economic recovery ▶ Full text
Wed Apr 08 05:33:07 +0000 2020	Trump like recognize effort 🇰 🇷 cut aid 🇰 🇷 bitch buy face mask save people economy talk
Tue Mar 17 17:05:03 +0000 2020	President Moon Jae good job President Moon Jae
Thu Apr 09 11:35:38 +0000 2020	country world fight corona virus Ghobhi ji pay medium respond Coronavirus Islamophobia
Thu Apr 09 17:10:00 +0000 2020	Great Sir learn & amp share experience recover quickly fight nicely & amp good spread country request & amp material friend Hope recovery soon 🙏
Wed Apr 08 10:23:18 +0000 2020	Good handling covid19 South korea Congratulation Indonesian
Wed Apr 08 10:24:20 +0000 2020	Good handling covid19 South korea Congratulation hope Indonesia
Sun Mar 15 05:07:09 +0000 2020	think go Koryo Union interest Kim Jong un b / c DPRK retain sovereignty socialism economic aspiration united economy 80 million Korean realize Single Korean Market la EU
Fri Apr 10 07:38:41 +0000 2020	Remark Pres Moon Joint Meeting Develop COVID 19 Treatment Vaccine look forward development treatment vaccine give people confidence hope ▶ Full text
Thu Mar 05 11:44:44 +0000 2020	President Moon work contain spread transmission COVID 19 corona virus appreciate South Korean people China assistance crisis overcome
Thu Mar 19 05:22:38 +0000 2020	twit special finance measure 50 trillion win small business ASAP believe effective step economy wanna tell news world qiuckly Thank Pres Moon care Korean people 👏 🏻 👏 🏻 👏 🏻
Fri Apr 10 20:23:43 +0000 2020	look ev0lve ® w © Malak 00 EyE War Angel 0n Earth EXPOSE Anonymous Legion — SHE FAWKES QC Marie Magdalena Montréal Hacker Illustrator & amp Author 20 + yr pro EXP PLUR ××× ° ° °
Sun Apr 05 00:07:05 +0000 2020	time conviction suffer material earth appear point view matter Wish Lord Grace need sure lose sight heaven order aware
Fri Mar 20 09:46:07 +0000 2020	touch Korea USA cooperate respect closely appreciate effort public servant good Currency Swap Agreement 👏 🏻 👏 🏻 👏 🏻
Tue Mar 03 04:11:53 +0000 2020	Thank make great action control sale mask queue Post Office Pharmacy crowd lot people didn chance buy mask family think selli designate Community Center help chaos
Mon Feb 24 10:27:48 +0000 2020	Message President Moon Jae Good Landlord Campaign
Tue Mar 31 02:31:22 +0000 2020	member Circle Leadership strongly encourage United Nations strengthen integrate response UN system prevent occurrence sexual exploitation abuse protect assist victim hold perpetrator accountable
Thu Mar 26 17:46:03 +0000 2020	hater lot force work non essential job LOCK MOTHERFUCKER young child live country NEED
Tue Apr 21 00:43:54 +0000 2020	envy Japan bathroom gay man development age restriction preferential treatment young man available China
Mon Feb 24 10:51:15 +0000 2020	believe Korean people care personal hygiene try best follow government guidance thoroughly Way Pres Moon public servant Korean CDC thank effort
Fri Apr 17 23:50:46 +0000 2020	accounting taste /¯ Korea 517 pop /km^2 273 dead Netherlands 422 pop /km^2 643 dead miss bullet think good follow pledge buy South Korean lunch day
Thu Mar 05 14:15:12 +0000 2020	source courage hope Pres Moon 101st March Independence Movement Day
Thu Apr 09 11:40:42 +0000 2020	Modi ji person protect nation innovative reaction COVID 19
Thu Apr 09 11:29:40 +0000 2020	Dear South Korean President need test kit medical needy India great job Covid19 request send medical emergency India soon
Wed Mar 11 02:23:00 +0000 2020	good leadership manifest cooperation people Korea Congratulation Thank inspiration
Mon Apr 20 09:30:54 +0000 2020	china think good president don let truble
Fri Mar 13 08:21:04 +0000 2020	Let let foreigner buy mask Korea Pharmacy refuse sell rationing rule follow 🤷 ‍ ♀ ️ 🤷 ‍ ♀ ️ work child maintain safe environment
Wed Mar 25 00:54:21 +0000 2020	advice handle pandemic distribute test do nt think clown properly
Sat Apr 11 00:28:10 +0000 2020	Extremely grateful President Moon courageous leadership difficult time 200 certain President Moon Blue House 1990s financial crisis South Korea
Tue Mar 03 16:21:57 +0000 2020	Fight
Wed Mar 18 02:16:26 +0000 2020	hope help USA Wide screen testing Contact Washington State Governor Inslee ramp COVID 19 TEST need work Thank
Tue Mar 03 16:52:22 +0000 2020	Sorry shortage mask donate Million Mask 🇨 🇳 🇨 🇳 stop export material make mask Korea use treat CCP 🇨 🇳 good win thank revenge
Fri Apr 10 08:26:07 +0000 2020	Thank help India technology expertise need urgently condition Maharashtra delhi pledge buy Korean company product Chinese love samsung LG
Thu Mar 26 14:01:44 +0000 2020	Good hear lesson learn South Korea Canada implement
Fri Apr 10 00:08:52 +0000 2020	sir India need help fight war kindly send expert help buy samsung lg product Boycott chinese product
Sun Apr 05 19:41:25 +0000 2020	DARE OPEN WANT SUBHUMAN MONSTER TORTURE POOR DOG DONT INCLUDE REST CIVILIZED WORLD BARBARISM
Sun Mar 15 12:26:21 +0000 2020	wants share South Korea tackle especially think lot learn listen
Sun Mar 29 02:36:19 +0000 2020	humbly ask consume know people face pandemic strong immune system pandemic come away vaccine month
Wed Apr 01 00:51:17 +0000 2020	apostle Paul reaction situation express letter Bible verse confidence faith ashame suffer hesitant confess openly boast tribulation Roman
Thu Mar 26 19:06:51 +0000 2020	Great effort Thank good thursday afternoon
Fri Mar 20 09:37:36 +0000 2020	Message President Moon Jae ROK Currency Swap Agreement
Tue Mar 31 01:48:28 +0000 2020	sir share set coperation stress job Cafe viet nam delicouse Cafe Braxin go nation quotation CEO stress swear
Sun Apr 05 19:39:44 +0000 2020	DARE OPEN WANT SUBHUMAN MONSTER TORTURE POOR DOG DONT INCLUDE REST CIVILIZED WORLD BARBARISM 👊 👊
Thu Mar 26 01:07:25 +0000 2020	God accept feeling world draw radiance light structure triangle point upward creative triangle place point mean creation take place Thank
Thu Apr 23 01:05:00 +0000 2020	awareness emergence live organism divinely design move body control form Spirit God move surface water work move surface surface refer look
Sun Apr 19 07:50:15 +0000 2020	Dear Mr 문재인 people world ask Doesn God Save World Leader Execute Strategy COVID 19 Pandemic Skip follow affirmation
Sun Mar 22 04:40:33 +0000 2020	Hello President Republic Korea need help need know Miss Na Haeryung member BESTie band EXID band Girlgroup country stay time stop post instagram week ago naver meet
Mon Mar 30 04:44:44 +0000 2020	help immune system win victory fight virus COVID 19 virus attack cell symptom occur virus proliferate attack heavy heavy immune system win victory fight virus COVID 19 die occur
Mon Apr 06 09:17:52 +0000 2020	Place Action token Fanatic group Fanatic group play want benefit card play time require action liluminati
Wed Apr 22 16:22:15 +0000 2020	rug story 330 K detail click
Mon Feb 24 04:03:43 +0000 2020	🇰 🇷 fan politics hearing & amp see country action help contain appreciate impressed pass info country 🇸 help improve
Wed Apr 22 14:59:34 +0000 2020	SHAME
Mon Feb 24 10:27:51 +0000 2020	Opening Remark Pres Moon 7th Cabinet Meeting ask work preemptive extraordinary measure public safety people livelihood ▶ Full text
Fri Apr 10 23:39:39 +0000 2020	process scope experience take present move water wheel appear creation heaven earth sky world reflect
Sun Feb 23 06:48:16 +0000 2020	Good day leader propose vaccine cure Mix 18 26 CIN HYDROGEN PEROXIDE CHLOROQUINE
Tue Mar 31 12:52:30 +0000 2020	Opening Remark Pres Moon 3rd Emergency Economic Council Meeting hope measure Government strength consolation people try overcome difficulty ▶ Full text
Fri Apr 10 08:05:01 +0000 2020	way South Korea control Covid 19 call develop country fail inspiration India Korea way ahead curve
Wed Mar 04 23:32:44 +0000 2020	good president difficult time believe bad thing soon pass come on 👏 👏 👏
Thu Apr 23 04:44:36 +0000 2020	important thing foreigner good korean culture wish blue house rule protect privacy people live artist normal people respect support president Moonja
Thu Apr 02 20:45:29 +0000 2020	sick tired China distort image Asia deceit lie Japan basically lap dog America Step demand include permanent Security Council China USELESS nation Money thing matter Korea
Fri Mar 27 09:51:36 +0000 2020	Chinese interested international politics want tell Korean president Mr Moon literally good president comment express admiration
Sun Mar 29 00:38:02 +0000 2020	Thank decisiveness model world handle thank action save life wish run
Sat Apr 11 05:07:29 +0000 2020	Mr prime minister want crisis end good tell pray Father hail MARY
Sun Apr 12 05:35:16 +0000 2020	Instigate fear ensure lockdown country Self victimisation corner Don trust china accept official figure allow access
Tue Apr 21 08:20:23 +0000 2020	CORONA deliver 50 lecture different topic Qur English & amp Urdu
Thu Mar 26 15:31:11 +0000 2020	fat tard south need protect Canada USA ready find place deal dangerous
Thu Apr 09 11:37:48 +0000 2020	Ban Chinese product Indian good product quality wise well
Tue Mar 24 19:23:17 +0000 2020	Great Initiative help Saudi Covid 19 MBS turn build diplomatic channel Kim military adventure Yemen peace building
Thu Mar 26 08:26:04 +0000 2020	Corona Virus World CHINA Remove Fm UN seat Ban China & amp Export World Pr Planned Wuhan infect Entire China Democracy Hide virus info & amp Kills Dr want tell time action
Mon Mar 30 16:10:17 +0000 2020	Mr prime minister check bottle water distribution cov19 probably get people
Sat Apr 11 05:58:49 +0000 2020	set example fr world fight agnst Typical example leadership drive approach & amp impact common people Respect fm watch yr success Best wish odr hand hv
Fri Mar 13 21:09:12 +0000 2020	Obviously South Korea actively fight battle virus COVID 19 topnotch robust warrior fast skilful solver
Tue Mar 24 09:09:33 +0000 2020	worker office worker donot respectly worker uniform CEO Company SKOREA like respectly uniform worker office clothing trational clothing good excellent
Thu Apr 09 11:36:40 +0000 2020	Superpower world kneel Chinese Virus World include look India great Hope
Thu Apr 09 19:08:00 +0000 2020	Respected Today virus wic country start spread world China city Wuhan open today RMB currency go today China control situation soon world witness China fear virus Cover
Sat Mar 28 22:00:31 +0000 2020	Government country take action limit ban Alcohol sale concern surge domestic violence Alcohol relate harm Justin Trudeau Canada
Wed Apr 01 08:57:11 +0000 2020	firmly believe world defeat COVID 19 soon Like Pres Moon say win war international cooperation solidarity
Thu Apr 09 11:36:46 +0000 2020	Chris Cassidy cosmonaut Anatoly Ivanishin Ivan Vagner safely orbit head Docking coverage start 30 ET
Sat Apr 04 05:48:59 +0000 2020	feel forbid city forbid particularly know SARS COVID 19 familliar SARS learn SARS learn mearure SARS feel fobid city death
Mon Apr 20 00:22:03 +0000 2020	feel realm think properly classify hereditary tendency come influence environment especially early childhood come shape quality shape force experience
Thu Apr 09 18:54:35 +0000 2020	matter Need Kind Perusal IMMUNITY RESEARCH { 021064 / lab2013 / prs } Oriscon Biotech India Pvt Ltd Result Common Virus & amp Germ Protection ~boost Immune System ~Up Antioxidant & gt 500 ~Anti age Process ✓ Need Loan Cr Email orisconbiotech com
Thu Mar 05 05:09:25 +0000 2020	Korean Scientist 11298661 Respiratory disinfection steam vaccine salt water Anger Symbol Scientifically prove virus live brine [ Main ] Public petition revelation
Thu Apr 09 21:14:04 +0000 2020	discuss South Korea response measure ll well share know how s experience Estonia hope country continue work pandemic
Thu Mar 26 14:34:39 +0000 2020	blow water do nt try create dictatorship arrogant hole
Thu Apr 09 23:14:58 +0000 2020	rich experience control spread Corona pandemic succefully South Korea help entire world takel effectively 🌹 💐 👍 🙏 🙏 ☺ ️
Thu Mar 26 09:11:47 +0000 2020	hope kit help world COVID 19 appreciate sincere prompt effort kit developer Korea 👏 🏻 👏 🏻 👏 🏻
Tue Mar 03 08:24:47 +0000 2020	long assay SKOREA capture CEO saint religouse Hong Kong PAGODA scandal CORONA true ANTI Develop ANIY bankrupt sir send JAPAN court develop ANTI JAPAN viet nam UK EU RUSSIA EU word think way see
Sun Apr 05 21:46:46 +0000 2020	Pres Moon flight home read Right Dr Jeong Hye shin psychiatrist / counselor think empathy communication basics politics book help realize superficial abstract definition empathy
Tue Apr 07 11:27:53 +0000 2020	Thank mr president pray wish speedy recovery
Fri Apr 10 15:39:20 +0000 2020	believe unity solidarity tackle pandemic Apart test kit ve send India aim share medical data experience believe current crisis strengthen bilateral tie
Sun Feb 23 11:06:16 +0000 2020	need check people sick think virus Kimhae early December Check flu case report Recall test
Tue Mar 24 17:07:34 +0000 2020	Dear Mr President Moon Jae admire integrity decisive action flatten curve country bypass President sell critical medical equipment directly American governor mayor Respectfully American people
Wed Mar 04 07:01:55 +0000 2020	Dear Mr Moon Jae 문재인 vaccine prevent Covid 19 infection large fatal Use vaccine let people know use
Sat Mar 14 23:17:41 +0000 2020	Thank aggressive COVID 19 testing people possible & amp make statistic public & amp accurate idea consider govt & amp mishandle
Thu Mar 26 14:03:37 +0000 2020	CCP kill Xinjiang Tibetan remain silent CCP kill Hong Kong people virus remain silent CCP kill Chinese virus remain silent Today CCP kill people world virus don silent ccp turn earth hell
Fri Mar 27 13:55:41 +0000 2020	Dear President Mr Moon work New Delhi 2016 prove record Seo GM & amp Hyun Joon Lee DGM force resign & amp leave 30/04/2020 Covid 19 situation Help require
Sun Mar 22 07:31:29 +0000 2020	peaple lot bad thing true thing man changs help check
Sun Feb 23 09:44:21 +0000 2020	South Korean people work President Moon follow guideline order prevent spread transmission COVID 19 corona virus
Sat Apr 04 00:47:43 +0000 2020	suffer disease Corona 19 faith conviction feel guidance Spirit presence Lord circumstance life Exodus 13 21 spite suffer disease let grow confidence confidence
Tue Mar 17 01:37:33 +0000 2020	regardless bounce veil anymore veil bounce penetrate consequently position achieve intelligently … say God looketh heart
Tue Mar 31 17:31:33 +0000 2020	content translate official Guidance COVID 19 healthcare professional China Stay safe find useful pls share people love
Mon Feb 24 05:06:17 +0000 2020	Shut travel China start quarantine need start advance get hand people infect need sure don spread
Thu Apr 09 11:55:48 +0000 2020	test machine free testing plzz avail Indian public easy fight pandemic
Fri Apr 17 23:47:28 +0000 2020	President Moon look reason love South ❤ ️ Korea Taiwan response COVID weren country powerful response truly believe world lose surprised find South Korean divide
Wed Apr 01 11:25:44 +0000 2020	Moon Jae Korea world agree thing pandemic South Korea excellent job deal CoVid19 virus country point South Korea model follow Leo Montréal
Thu Apr 09 11:50:44 +0000 2020	Hi people Wake Mother Nature Let ignore caste religion social background etc UNITED HUMAN Social Distancing set DP & amp retweet fight CORONA
Thu Apr 09 11:45:43 +0000 2020	request tell stop charge fee testing corona virus great help great service govt
Sat Apr 11 06:22:54 +0000 2020	Mr prime minister tell wish change way pray Father hail Mary forgiveness sin henceforth obey God commandment & amp God call angel guide soul heaven journey pray Father
Thu Apr 02 00:21:25 +0000 2020	[ VIDEO ] Korea Secret Weapon COVID 19 Explain 13 Frontline Worker international cooperation solidarity overcome COVID 19
Thu Apr 09 00:44:13 +0000 2020	time Jesus clear great power Bible heart Bible Lord Bible perception convey proclamation Word today
Tue Apr 07 10:53:07 +0000 2020	Boris ICU day give exist treatment work Big Medicine smear refuse use Hey Tory cabinet minister save PM save job Pharma corruption unbelievable
Wed Mar 25 22:38:18 +0000 2020	Hawaii tourism MELTDOWN coronavirus 3/25/2020 news
Wed Apr 08 03:10:28 +0000 2020	long seed leave ground grass grow season account seed grass appear season season give rise unending cycle seed grass law nature
Thu Apr 09 23:47:04 +0000 2020	Order bring state chaos creative process role play work land accomplish equipment work way
Fri Mar 13 08:52:26 +0000 2020	Special thank Korean government quick precise measure beat COVID 19 proud country Korea firmly believe world able overcome COVID situation soon
Thu Apr 09 13:19:43 +0000 2020	encourage ROK overcome Pandemic call Covid 19
Tue Mar 31 01:53:19 +0000 2020	donot worry CEO Power national 500 bil USD quotation Stress normal need share friend help thick experience position develop nation fellow friend team Army level 1st jointed Irac afganictan war
Thu Apr 23 01:05:23 +0000 2020	allow creation process begin happen experience Thing consciousness emergence live organism body divinely design operating establish control
Wed Mar 18 15:48:33 +0000 2020	Remark Pres Moon Meeting Discuss Countermeasures COVID 19 Outbreak Seoul Metropolitan Area ▶ Full text
Tue Mar 31 01:45:27 +0000 2020	ofen like morning stress Jobs wish Cafe bag viet Nam free minute listen bird sing care bird nearby singing morning swear TOBACO SKOREA MANBORO fmouse white style lighterr
Sat Apr 18 17:49:12 +0000 2020	think need raise consciousness praise creator life disrespectful let animal abuse extent death answer respect life
Tue Mar 31 01:50:14 +0000 2020	like flower simple shop Flower tree nearby carry morning cafe bag like bird sing sir set ISO SKOREA coperation IMPORT SKOREA ofcous nation high ISO bird sing donot
Wed Apr 08 06:16:47 +0000 2020	corrupt incompetent Bruce Aylward grossly cover misjudge pandemic Gravitas China destroy evidence outbreak Wuhan Coronavirus
Sun Mar 22 12:27:22 +0000 2020	Hello sir think great job Korea world administration citizen Republic korea foreigner citizen feel safe comfortable country
Fri Mar 20 08:11:20 +0000 2020	take long force people quarantine number go people follow protocol mouth spray saltwater people mouth walk shopping center mask
Thu Mar 12 07:40:43 +0000 2020	Message President Moon Jae COVID 19 Outbreak Declare Pandemic
Tue Mar 03 09:29:50 +0000 2020	CEO CHINA capture CANADA USA HUYNWEI capture wrong office
Tue Mar 31 02:30:47 +0000 2020	sir JAE MOON NAVY LEVELS 1st sir important Cargo ship bussiness jamp need MADAM YINLUCK help power office govt PM share share CEO woman HONG KONG TAIWAIN donot jamps advangate bussines CEO nat
Mon Apr 06 09:18:40 +0000 2020	card benefit group suffer effect prevent thing Action token
Thu Apr 09 11:47:31 +0000 2020	think need crucial time moral support great job unite entire country sir sure PM Cares fund utilise way remain hungry country appreciate effort ve far
Tue Mar 24 09:03:59 +0000 2020	Lover young Area DONG PHU north industrial zone Skorea industrial zone know year 2000 work Uniesten concrete ricomen company
Fri Apr 10 07:27:51 +0000 2020	world
Tue Mar 03 12:43:59 +0000 2020	Congratulations President Moon work order stop spread & amp transmission corona virus South Korea assist North Korea country initiate reconciliation South Korea stability progress&amp peace Korean peninsula
Thu Apr 09 11:49:16 +0000 2020	Sir virologist work Israel research team Hear close develop vaccine
Wed Apr 01 02:39:48 +0000 2020	Dear fight coronavirus Need Help Fight Coronavirus Need Support God Help
Thu Mar 26 15:26:07 +0000 2020	Government provide shelter confirm case coronavirus instead self isolate home cuz walk think effective way reduce spread infection virus Thank thing Canadian
Sat Mar 28 18:57:21 +0000 2020	Sir work Delhi 2016 GM Mr BK Seo & amp DGM Hyun Joon Lee force resign Covid 19 despite good performance honourable PM ask company retrench employee request support
Tue Apr 07 04:11:22 +0000 2020	Sir consider South Korea second home far far ahead show world technology leadership strong believer epidemic damage director let join HO India Korea
Thu Apr 23 06:38:39 +0000 2020	Opening Remark Pres Moon 5th Emergency Economic Council Meeting Preserve job key overcome national crisis urgent matter survival ▶ Full text
Mon Mar 30 04:57:46 +0000 2020	Influenza United States place world
Mon Apr 20 18:40:51 +0000 2020	mega bribe year ago fact consequence lee hsien loong frequently tell criminal elaborate release virus
Sat Apr 18 20:46:03 +0000 2020	🔷 Cheong Wa Dae Young Artist Peace New Inspiration 🔷 Come visit Cheong Wa Dae Sarangchae year 2018 inspire young artist display artwork include 1⃣pre Moon Pres Trump tape art
Sat Apr 11 05:08:43 +0000 2020	Pandemic call President Moon leadership world
Thu Apr 02 21:15:53 +0000 2020	Remark Pres Moon Visit Gumi National Industrial Complex Government safeguard economy industry people livelihood fail ▶ Full text
Thu Apr 09 11:38:53 +0000 2020	Bade log se furst mile kv hm jaise ke bare soch le bsdk
Wed Apr 01 21:55:28 +0000 2020	Remark Pres Moon 16th Cabinet Meeting frontline people world fight COVID 19 international cooperation solidarity weapon determine victory defeat war ▶ Full text
Fri Apr 17 23:47:57 +0000 2020	party identification provide powerful anchor evaluation governmental performance face national crisis public judgment South Korea Covid 19 response Interpreter
Sun Feb 23 12:47:05 +0000 2020	single big threat man`s continue dominance planet virus
Mon Mar 30 04:49:22 +0000 2020	fact hear news vaccine COVID 19 research successfully news wanna send wanna talk word help vaccine research cure patient delay day
Thu Apr 09 23:36:58 +0000 2020	Hi Sarath Kumar loose job family account Rs 29 bank account fund donate PM CARES FUND today don money survey daily life help recover life NEED MONEY help
Thu Apr 09 11:46:23 +0000 2020	great sir courage pandemic saport Jai hind 🇮 🇳 🇮 🇳
Tue Mar 17 00:14:10 +0000 2020	victim lot non stop terrorist organize crime attack Illinois go President SECRETARY want know help investigate States
Thu Mar 05 06:25:23 +0000 2020	summary Government support package help COVID 19 outbreak Despite grave crisis situation fully able overcome COVID 19 outbreak mean prevail
Fri Mar 27 00:18:20 +0000 2020	Thank speak Mr Trudeau think wonderful attack virus hope continue offer suggestion
Mon Feb 24 09:48:32 +0000 2020	yr south korea ok Need help
Sun Feb 23 11:05:01 +0000 2020	think need check people ve sick think Kimhae people bad flu December need check
Thu Apr 23 01:39:14 +0000 2020	Address President Moon Jae 60th Anniversary April 19 Revolution ▶ Full text
Tue Mar 03 08:43:16 +0000 2020	lover send ask congratulation happy family pls come visit wife absent home tourist
Fri Apr 10 07:31:48 +0000 2020	Thank president India order Tests kit korea Thank co operation difficult time COVID 19 pandamic 🙏
Thu Mar 26 07:30:14 +0000 2020	need mask contact manufacturer mask extra mask want help people need WhatsAPP+86 17718279970
Tue Apr 21 00:07:00 +0000 2020	Old Testament prophet liken woman Israel dissolution face sorrow difficulty Isaiah 26 17 19 Isaiah 66 14 Jer 31 Jer 24 Ho 13 13 15 thing important thing creative work God
Mon Feb 24 05:07:00 +0000 2020	cluster small designate area quarantine conduct effectively limit scale spread limited quarantine apply combat hopefully neutralize virus
Sun Apr 19 07:02:56 +0000 2020	alright Let donate blood 🤔 👍 need gallon stuff survive BB page blood fake blood real like moment talk actually chill dude
Tue Mar 03 08:47:14 +0000 2020	defence CHINA come Taiwain sea viet nam mean Hong Kong mix USA Defence lauch missile kill general CEO Intelligent office IRAN KHADAM MEI TAIPEI lauch missile Taiwain 12 death helicopter
Fri Mar 13 21:41:50 +0000 2020	Remark Pres Moon Special Meeting Daegu COVID 19 Countermeasures pool strength surmount ▶ Full text
Sat Apr 04 00:42:33 +0000 2020	place disturb creation process place place like heaven undisturbed place experience calmness tranquility creative process occur
Tue Apr 07 07:41:27 +0000 2020	Remark Pres Moon Reforestation Site Gangwon Province heart truly fill emotion ve come personally area restore participate reforestation work ▶ Full text
Wed Apr 01 10:13:09 +0000 2020	search translation
Fri Mar 13 08:15:07 +0000 2020	Special thank world support Korean battle COVID 19 hashtag campaign Let overcome COVID 19
Thu Apr 09 11:46:12 +0000 2020	Korean technology Indian leadership commitment help lot remove covid 19
Wed Apr 01 05:52:11 +0000 2020	world way work grow Minus minus minus Plus plus plus
Thu Apr 09 10:56:26 +0000 2020	Opening Remark Pres Moon 4th Emergency Economic Council Meeting Government shake amid crisis actively prepare new leap forward ▶ Full text
Tue Apr 21 20:48:24 +0000 2020	watch report South Korea delight government South Korea service embassy help citizen live slavery regime North Korea beautiful example Brazilian thank South Korea
Sat Apr 11 06:09:02 +0000 2020	know doctor sleep body doctor Kundalini awaken good immune system fight virus whatsoever watch
Wed Mar 25 06:48:51 +0000 2020	Opening Remark Pres Moon 2nd Emergency Economic Council Meeting Government serve stalwart seawall stem tidal wave crisis descend business ▶ Full text
Tue Mar 03 08:12:12 +0000 2020	sir respectly long time ago facebook lose computer problem
Fri Apr 17 10:46:03 +0000 2020	Currently government China process end consumption legally recognize dog companion animal livestock government
Tue Mar 03 09:02:28 +0000 2020	good friend CEO share pls delete Carrier Lose old money maintentenaince send Aviation International duty navy ship carrier old money 19 party Thai lan 19 office CHINA send Hong Kong true 19 province Hung Vuong
Thu Apr 09 11:49:40 +0000 2020	Share experience resource add strength fight medical professional expert utilise resource knowledge optimally
Thu Apr 09 11:41:32 +0000 2020	Hope take idea increase capacity nation
Sat Feb 22 00:58:05 +0000 2020	* STH KOREA=*DOG TORTURER S*=POSSIBLE PANDEMIC = EAT & gt TORTURE KIND = ANIMALS = ESP**ABUSED / GENTLE & gt LOVE KOREAN = DOGS = MEAT S = LIKE CANNIBAL+ARE PARASITE
Mon Mar 30 03:30:10 +0000 2020	Sir support provide COVID 19 testing kit populate country like India want test Million people possible means enhance support India Thank Mr President
Fri Mar 13 15:45:39 +0000 2020	Kudos absolutely commendable effort bring control set benchmark world follow post Medical hero scene & amp thank behalf
Wed Mar 04 02:16:55 +0000 2020	support strong heart believe defeat matter tough fan China
Mon Mar 30 04:43:16 +0000 2020	hello wanna advice suggestion maybe research vaccine COVID 19 hear vaccine patient cure body automaticly serum blood serum
Mon Mar 30 04:57:20 +0000 2020	feel know cure COVID 19
Sat Apr 11 05:08:58 +0000 2020	Fuck president fail war covid 19 didn listen expert doctor Keep open door chinese result ve kill 208 people resign right Fucking president moon
Mon Mar 30 14:16:46 +0000 2020	80 500 Korean live abroad vote April 15 ridiculous look forward exercise right
Thu Mar 19 05:32:40 +0000 2020	Pres Moon let world overcome COVID 19
Sun Mar 22 04:43:09 +0000 2020	need know time safety stay country naver thailand country yes Thank sir
Tue Mar 03 08:49:07 +0000 2020	chess Chess shoot directly death death HONG KONG Mix violent Thai lan Viet nam SKOREA ready anti attack MIX true
Thu Mar 26 17:30:58 +0000 2020	absolutely certain early February need equipment say decision go altruism high negligence incompetence Canada surplus equipment spare
Sun Apr 19 04:22:55 +0000 2020	lose Japan come far today overcome countless hardship past fact turn adversity opportunity leap forward 2019 Emergency Cabinet Meeting
Fri Apr 10 11:31:09 +0000 2020	Stay home safe country safe life safe word
Wed Mar 04 14:21:43 +0000 2020	Address President Moon Jae 101st March Independence Movement Day ▶ Full text
Fri Apr 10 07:35:24 +0000 2020	excellent leader wisdom courage glad wonderful President
Thu Apr 09 19:03:21 +0000 2020	LOCK RIOT PROTEST GENOCIDES ENDIA 😂 😂 😂 😂 😂 😂 THANX FEKU MODI INTERNAL DESTRUCTION ENDIA ENDIAN ENDIAN BCOZ ENDIANS NEED PROVE CITIZENSHIP CAA NRC NPR 😂 😂 😂 😂 😂
Sun Apr 05 12:21:00 +0000 2020	equality Sir Government think Foreigners Korea suffer financially
Sun Apr 05 00:03:08 +0000 2020	tribulation emphasize confidence faith Jesus Christ need supplement knowledge Paul convince Jesus Christ confess gospel promise pure moment Second Coming day
Sun Apr 19 13:05:30 +0000 2020	Mr moon job cheer show trump like pandemic lead country try time responsibility people live lie blame failure
Thu Mar 12 21:21:33 +0000 2020	End Day come Lord give Noah Ark China Great Judgement New Word Jesus Christ remember share Christ come China King David shall reign China land
Sat Apr 04 05:41:22 +0000 2020	Chinese virus isolate entire humanity probable aspiration world Don think world come isolate China alliance world community
Mon Feb 24 09:24:58 +0000 2020	Remark Pres Moon Meeting Municipal Provincial Superintendent Education Protect safety child important task Government educational authority ▶ Full text
Sun Mar 15 02:07:18 +0000 2020	support change
Thu Apr 09 19:14:43 +0000 2020	Key contain win covid Isolation social distancing Isolation prime factor
Tue Mar 31 01:51:31 +0000 2020	donot work restaurent noisy crown call Customer simple True Law restaurent donot regulation day 37 car comes donot TET HOLIDAY restaurent play goft 3D
Mon Apr 20 22:53:36 +0000 2020	call son law meeting w/ wife Yumi President son law side discuss instrumental free war proud ☺ ️ 💜
Wed Mar 18 08:18:46 +0000 2020	leadership lead boost international demand consumption
Tue Mar 03 08:15:26 +0000 2020	way sir PHD Law true see venexuria Jointed position superiod court president Laws nation develop think way sir PhD law lend PHD Laws Binh CHINA true PHD CEO Viet Nam sir Trong CEO Binh CHINA CEO JARMOON CEO Hong Kong CEO Taiwai
Fri Apr 10 02:27:56 +0000 2020	beg y all i m KNEES free kim minseok well know stage Xiumin bear March 26 1990 south korean chinese boy band EXO subunit CBX
Fri Apr 03 00:42:28 +0000 2020	Minju Party shy running handle Banner neighborhood state bluntly Minju candidate protect people Coronavirus crisis
Sat Apr 11 09:43:31 +0000 2020	President reply tweet force resign reply despite tweet save job well perform employee
Wed Mar 04 08:30:45 +0000 2020	Opening Remark Pres Moon 9th Cabinet Meeting order respond infectious disease entire population take action principal agent quarantine effort ▶ Full text
Wed Apr 08 05:37:43 +0000 2020	🐕 ❤ 🐕 🆘 🆘 🆘 President STOP Dog torturen slaughter‼‼The Dog feel pain fear human do 😢 💔 😢 The world WAITING PROMISE PROMISE elect President‼ 🙏 🙏 Remove Dogs livestock NOW‼ 🙏 🙏
Sun Apr 19 08:41:37 +0000 2020	🐕 ❤ 🐕 🆘 🆘 🆘 President STOP Dog torturen slaughter‼‼The Dog feel pain fear human do 😢 💔 😢 The world WAITING PROMISE PROMISE elect President‼ 🙏 Remove Dogs livestock NOW‼‼ 🙏 🙏
Fri Apr 17 14:06:41 +0000 2020	GOVERNMENT FREEZE Hand Government Native American Indian RIGHT gong hold hostage minute long
Thu Mar 26 14:02:58 +0000 2020	Korea 1st country spread coronavirus infection case Italy Spain way get infection case explain answer base intelligence
Thu Apr 09 11:42:26 +0000 2020	stop safety frontline worker doc die today MP Mr PM
Thu Mar 26 14:20:05 +0000 2020	Diaper change gentle burp
Fri Apr 10 20:41:38 +0000 2020	Adarsh credit co operative ke 4k Empolyee Pend salary 22month Harissmant lack adaviser Harissmant 22 Lack depositer Harissmant deposit pend 22month want justice Adarsh investor employes Adviser nervous coronovirous
Thu Mar 26 14:00:47 +0000 2020	Ah leadership remember United States
Thu Apr 09 11:41:02 +0000 2020	Plzz follow lockdown don care & amp family ur family care
Thu Mar 26 14:24:53 +0000 2020	talk fellow human world Let come solve great job
Tue Mar 03 08:52:03 +0000 2020	Pres Moon Korea CDC Korean people proud appreciate effort armed force hospital Daegu Way Korea beat COVID 19
Tue Mar 03 09:20:58 +0000 2020	corp send nation true steel current product come CHINA SKOREA Taiwain Viet nam FDI company viet nam viet nam TAX steel corp USA send court CEO PM control ANTI court viet nam TAX Lost TAX lose Lose TAX lose trust FDI
Fri Mar 27 17:03:56 +0000 2020	Bill Gates say recent Ted Talk easy reliable self administer test Dr Aylward say test important Mr Trudeau need know happen
Thu Apr 09 11:44:44 +0000 2020	Sir MSME sector MSME life line India
Thu Apr 02 16:46:09 +0000 2020	Heartbreaking General Decry Furlough Thousand Korean Base Worker
Thu Apr 09 15:07:46 +0000 2020	Indian thankless selfish society Drs consider attack Safdarjung hospital female Drs yesterday administration outrightly incompetent responsible arrest culprit Drs drag lengthy judicial system
Fri Mar 13 00:47:38 +0000 2020	Infighting Chinese official infect world coronavirus hope think hard overthrow China authoritarian system Chinese communist party die world peaceful day ordinary citizen wuhan
Thu Apr 09 11:35:51 +0000 2020	Sir Win dynamic leadership
Sun Mar 29 13:39:49 +0000 2020	focus Koreas Solution aggressively test enforce quarantine GPS treat acetaminophen anti malaria meds citizen death toll incredibly low country need simulate especially Canada
Mon Mar 30 04:47:26 +0000 2020	patient need time help immune system win victory fight virus disease
Tue Mar 03 06:56:55 +0000 2020	Remark Pres Moon Visit Armed Force Daejeon Hospital like extend gratitude military respond outbreak ▶ Full text
Thu Mar 26 15:36:33 +0000 2020	Wear mask public Make mask Canada Washing hand Physical distance way flat curve
Thu Apr 23 07:09:52 +0000 2020	Pres Moon actually try deal go member parliament think chance control government gain favor rich support
Thu Mar 05 14:45:44 +0000 2020	REVEAL ACKNOWLEDGE RESPECT PERSON AUTHORITY STOP NATURAL FORCE spread PANDEMIC VIRUS Country member MANILA 7th SUMMIT CONFERENCE OCT 24 25 1966 Contact detail
Mon Feb 24 09:53:06 +0000 2020	Remark Pres Moon Meeting Senior Secretary virus spread anxiety break people ▶ Full text
Thu Mar 26 00:45:47 +0000 2020	deserve high award great country leader response Coronavirus outbreak
Sat Mar 14 00:14:34 +0000 2020	right hild Virus lead share world
Sun Apr 12 13:31:13 +0000 2020	Finally refuse open statement highly compromise corrupt give statement play rhetoric lie perpetuate CCP & amp highly controversial guy face criminal investigation
Wed Apr 01 08:48:42 +0000 2020	Thank effort people live daily life Thank good medical team excellent producer COVID 19 Diagnostic Kit outstanding public servant remember hard work forever
Thu Mar 12 18:04:43 +0000 2020	transparency hope world need thank President Moon
Thu Apr 09 11:43:48 +0000 2020	Pakistan big terrorist country world proof want country know Pakistan nuclear program nuclear program Instead term
Sun Mar 29 02:36:31 +0000 2020	reason repeat Let raise defense help God face liter green lemon juice radish 10 cm ginger 1/4 teaspoon cayenn pepper medium red onion medium garlic head 300 ml honey bee
Sat Mar 28 21:13:18 +0000 2020	Thank great Statesman Don leave house country need stay home model good Prime Minister
Wed Apr 08 07:30:26 +0000 2020	South Korea awesome KPOP world learn Seoul manage covid 19 crisis
Mon Mar 30 06:04:38 +0000 2020	Address Pres Moon 5th West Sea Defense Day Mark West Sea Defense Day today commemorate indomitable hero renew commitment surmount COVID 19 outbreak ▶ Full text
Sat Feb 22 17:56:35 +0000 2020	Don SCAPEGOAT religion shinchunji church basic basic strategic intelligence world
Fri Mar 13 08:49:55 +0000 2020	Small team Canada isolate virus Unsure rest world work key
Thu Apr 09 11:40:34 +0000 2020	important Korea know handle corona virus
Fri Apr 10 07:25:22 +0000 2020	World leader envy President Moon ability cope COVID19 situation
Thu Apr 09 11:38:30 +0000 2020	unite country deal crisis corona pandemic
Thu Mar 05 17:18:59 +0000 2020	ask LA find way SK president year conservative cruel bc SK need kind leadership mentality stablility thank
Fri Apr 10 03:24:12 +0000 2020	Great Hopefully advice start normal life common sense change social distance Korea shut
Mon Mar 30 16:45:15 +0000 2020	need follower
Sun Apr 19 02:58:57 +0000 2020	need military government protection
Tue Apr 21 07:39:04 +0000 2020	Yall need ready Anytime soon
Thu Mar 26 14:04:48 +0000 2020	flu vaccine decade year different virus year vaccine didn work particular flu go don
Mon Mar 16 20:56:06 +0000 2020	country God bless safe overcome virus
Thu Mar 12 16:41:59 +0000 2020	country need 15 million face mask friend factory China，he 10 million day
Thu Mar 26 05:46:56 +0000 2020	nation WORLD
Sun Apr 19 02:43:55 +0000 2020	Singapore Hospital provide safe treatment infect virus ✌ ️ 🙏 🏼
Sat Apr 04 14:20:19 +0000 2020	Mr siripally suresh A / c 79042199781 Ifsc code sbinorrdcgb Branch bibipet Telangana grameena bank Addrass janagama save worker sir don forget life long time sir save corona virus effect problem sir pl
Sat Mar 28 12:16:33 +0000 2020	lock south korea month Don entertain single person road Distribute fast response medicine citizen south korea fast response medicine circulate entire world
Fri Mar 27 20:10:00 +0000 2020	win lose
Mon Apr 20 10:32:20 +0000 2020	CONGRATULATIONS President Moon incredible effort defeat COVID19 crisis 🇰 🇷 South Korea open consular office in 🇨 🇳 China & amp reset work stability progress&amp Peace 🇰 🇷 South Korea 🇨 🇳 China & amp entire 🌎 🌍 🌏
Sat Apr 11 07:25:47 +0000 2020	Hats Sir lead supervise pandemic situation heart forever
Sun Mar 29 02:36:08 +0000 2020	reason share drink simple help raise defense confront virus virus affect people critical illness low defense
Thu Apr 09 12:00:07 +0000 2020	pakistan shut indian spy drone today Actually search tea plant pakistan tea fantastic pak army zinda bad 👏 💪 💪 💪
Fri Mar 13 12:03:52 +0000 2020	police strong weaken old woman soft labour union guy policecare PAPER TIGERS SIMPLE USA POLIce system dear MR Moon Moon SKY
Thu Mar 26 20:22:16 +0000 2020	President President Trump ask Korea medical equipment consider quid pro quo publicly apologize insult Korea & amp filmmaker name COViD 19 Chinese virus & amp admit responsibility attack Asian
Tue Mar 03 08:57:02 +0000 2020	indirectly call sir Binh CHINA defence come sea viet nam navy come sea viet Nam inflation CEO control retilement lose 1/2 Hong Kong 452 chair capture cancel CEO HO bac HO nam true Logical logical
Thu Apr 09 10:11:03 +0000 2020	hard mask Korea Spain Currently Spain civilian mask like KF94 KN95 urgent know Spain suffer lot Korean Help
Thu Mar 19 05:34:37 +0000 2020	Hi Mr President hope guy able overcome coronavirus safe okay hope able stop dog meat trade way reward Nami kicking tooshie
Fri Apr 10 08:59:50 +0000 2020	overcome covid 19
Thu Apr 09 11:44:53 +0000 2020	South Korea & amp Taiwan handle crisis brilliantly India despite bio jihad Tablighis time action Tablighis prevent sabotage
Mon Apr 20 05:12:30 +0000 2020	President India PM India Chief Minister WB India Radiation throwing stop till date Repeatedly send email tweet action till date Detail
Wed Apr 01 09:11:26 +0000 2020	God sake time people tax long time
Thu Mar 26 17:30:55 +0000 2020	Thank actually take initiative fight pandemic wish president
Thu Apr 09 12:13:58 +0000 2020	salute corona warrior honourable PM ready fight 24 * 7 pandemic
Fri Mar 20 09:22:27 +0000 2020	stand people Korean Meri Nancy ka dhyan rkhna bas
Thu Apr 09 11:36:48 +0000 2020	Indore ward 85 Jyoti tomar isn support poor illiterate people lockdown request BJP government action thanqq hope step
Thu Mar 26 14:27:46 +0000 2020	korea control breakout Oh wait Des didn let virus purpose grab power
Sat Mar 14 18:58:12 +0000 2020	Sweden test people mild symptom UK Germany try build herd immunity expose people risk death country unwilling invest resource epidemic control human right humanitarianism
Fri Mar 27 04:56:21 +0000 2020	Bless nation God Jehovah Lord Psalm 33 12
Sat Mar 14 05:06:09 +0000 2020	time REVEAL TRUE G7 MANILA SUMMIT CONFERENCE OCT 24 25 1966 AFFIRMED MANILA VOLCANIC SUMMIT CONFERENCE JAN 24 25 1967 NEED apply Formula AMEND RATIFY TREATY STOP NATURAL FORCE
Wed Mar 11 11:07:45 +0000 2020	Hi Mr moon think team great job
Thu Apr 09 17:28:06 +0000 2020	humanity real leadership skill disaster time take care country contribute hand sir
Tue Mar 17 00:10:12 +0000 2020	SEND USA LOTS COVID 19 DISEASE TEST
Tue Mar 24 09:10:26 +0000 2020	company CEO worker uniform worker uniform wear another regulation know year befor 2000 2020 true 20 year
Sun Mar 15 07:40:54 +0000 2020	President Jaein suggest hold 20 video conference South Korea share information combat novel coronavirus story come shortly
Thu Apr 09 15:01:05 +0000 2020	help India Sir need help crisis
Thu Apr 09 12:04:47 +0000 2020	Thank guidance fight COVID 19
Thu Mar 26 14:31:40 +0000 2020	Leave house today Justin world wait house Lol
Sat Mar 28 10:54:09 +0000 2020	Vivek Malaria chloroquine hiv medicine Pappaya patient create strong effect end virus
Thu Apr 09 11:41:26 +0000 2020	man meditative mind soul spirit admirable watch manage havoc patience calm faith Sir
Tue Mar 03 06:11:14 +0000 2020	eat cook meat avoid bacterium Don touch nose mouth eye dirty hand STOP STOP mind positive win virus corona Note wash hand wash hand wash hand Love ♥ ️ ♥ ️ ♥ ️
Mon Mar 30 04:48:21 +0000 2020	remeber life listen treat life doubt like believe god speak inner voice
Sun Apr 12 10:26:04 +0000 2020	🐕 ❤ 🐕 🆘 🆘 President STOP Dog torturen slaughter‼‼The Dog feel pain fear human do 😢 💔 😢 The world WAITING PROMISE PROMISE elect President‼ 🙏 🙏 Remove Dogs livestock NOW‼ 🙏 🙏
Sun Apr 12 10:24:55 +0000 2020	🐕 ❤ 🐕 🆘 🆘 President STOP Dog torturen slaughter‼‼The Dog feel pain fear human do 😢 💔 😢 The world WAITING PROMISE PROMISE elect President‼ 🙏 Remove Dogs livestock NOW‼Thank you‼
Sun Apr 19 08:40:08 +0000 2020	🐕 ❤ 🆘 🆘 President STOP Dog torturen slaughter‼‼The Dog feel pain fear human do 😢 💔 😢 The world WAITING PROMISE PROMISE elect President‼ 🙏 Remove Dogs livestock NOW‼‼ Thank you‼
Sun Feb 23 15:00:59 +0000 2020	🐕 ❤ 🐕 🆘 🆘 🆘 President STOP Dog torturen slaughter‼‼The Dog feel pain fear human do 😢 💔 😢 The world WAITING PROMISE PROMISE elect President‼ 🙏 🙏 Remove Dogs livestock NOW‼‼ 🙏 🙏
Mon Mar 23 18:03:01 +0000 2020	plague cause CCP suppress Falun Gong irrational support CCP resist Falun Gong miss salvation Sincerely pray god opportunity time understand Falun Gong forgive save
Sat Mar 28 16:28:28 +0000 2020	Job Kudo Korean advance citizenship Korea demonstrate mean work unit
Thu Apr 09 13:15:44 +0000 2020	travel money waste modi ji
Sun Apr 19 06:31:30 +0000 2020	Pres Moon attend commemoration ceremony 60th anniversary April 19 Revolution address say previous generation stand April 19 Revolution forever remember symbol democracy
Thu Apr 09 11:45:36 +0000 2020	SORY NEAR RECO RECO REAL Reco namber politika RECO randdddd LIVE PANDEMIR
Wed Mar 04 14:16:49 +0000 2020	President Moon work order assist South Korea stop spread transmission Corona virus President Moon interest friendly relation North Korea need humanitarian assistance overcome corona crisis necessary
Tue Mar 03 16:00:43 +0000 2020	handle COVID 19 outbreak lesson Trump
Tue Mar 17 00:08:08 +0000 2020	welcome Thank send USA COVID 19 Disease Test
Fri Apr 17 07:30:16 +0000 2020	Disinfect Entire & amp Publicly FIRING failure PANDEMIC
Tue Apr 07 17:36:50 +0000 2020	don need relation Korea look
Thu Apr 09 11:36:24 +0000 2020	Brazil thank India America thank India Sri Lanka thank India world thank India leadership offer world New India create vision PM Shri Aren proud Indian
Fri Mar 27 00:25:18 +0000 2020	Remark Pres Moon G20 2020 Extraordinary Virtual Leader Summit hope today summit serve opportunity reaffirm G20 member solidarity overcome COVID 19 ▶ Full text
Thu Apr 09 12:03:25 +0000 2020	thank help Brazil country like Korea fight covid 19 Brazilian gratefu 🇮 🇳 🇧 🇷 🇰 🇷
Mon Mar 23 00:47:02 +0000 2020	worship God passionately respond Word know God way word God intend describe reality remain unknown human being learn respond passionately Word
Tue Mar 17 05:07:51 +0000 2020	Update Covid 19 situation South Korea
Tue Mar 31 00:32:59 +0000 2020	Read appreciate apply tariff American Chinese technology
Wed Apr 08 05:31:24 +0000 2020	Fat body subcontract cleaning work small agency call Sweat detoxify body helpful way
Thu Apr 09 11:48:33 +0000 2020	telephone conversation president moonriver 365 prevail precaution covid1 sitiution critical India citizen panick deft covid 19
Sat Apr 11 12:48:24 +0000 2020	hate Corona Virus Plague come Supreme King YAHUAH promise 14 people call shall humble pray seek face turn wicked way hear
Wed Mar 18 04:38:02 +0000 2020	Korea daeebakk government support preventif covid 19 👏 👏 👏 👏
Sun Mar 22 07:45:50 +0000 2020	help sir need Republic Korea country stay country SOS
Sat Apr 11 14:23:45 +0000 2020	Stay home stay safe
Wed Mar 25 01:30:54 +0000 2020	research finding show China main responsible crisis
Fri Apr 10 08:13:25 +0000 2020	SAVE CHILDREN STORM JUSTICE APRIL SHOWERS EVERGREEN DEPOPULATION DECODED COVID19
Thu Apr 09 13:27:26 +0000 2020	case rise exponentially sign stop testing symptom asymptomatic person symptom travel history hotspot pend SCARY don force work extend lockdown
Wed Apr 08 01:21:08 +0000 2020	Bird feather flock
Thu Apr 09 19:46:43 +0000 2020	MARKED MANUFACTURING UNIT PERMIT WORK MINIMUM MANPOWER LOCKDOWN CONDITION ARRANGE TEMPORARY ACCOMMODATION INSIDE FACTORY STRICT QUARANTINE CONDITION way counter target Thank
Sat Apr 04 02:33:20 +0000 2020	north korea nuclear story nuclear teammate people know love return sign 30 year stable currency rate drop level contract increase level contract easy
Thu Apr 09 11:37:58 +0000 2020	fight unity cooperation country important Indian govt work
Mon Mar 16 09:38:36 +0000 2020	💙 💙 💙 The Government South Korea wise management 🇰 🇷
Fri Apr 10 08:23:58 +0000 2020	Love home home Infinity Koi fish care love love love lotttssss love kug kiss rose 💖 💞 🌸 😘 😘 😘 😘 💋 🎋 💋 💋 💋 💋 💋 🌹 🌹 🌹 🌹 🌹 🌹 🥀 🌹 🌹 🌹 🌹 🌹 🌹 🌹 🌹 🌹 🌹 🌹
Fri Apr 10 09:05:52 +0000 2020	Korean people encourage biopharmaceutical company develop treatment vaccine COVID 19 proud Korean government Korean pharmaceutical company Korean medical professional 👍 👍 👍
Tue Mar 03 07:21:30 +0000 2020	Korona virus contain time declare Pres Moon Let vigorously march forward new 100 hour journey
Thu Apr 09 11:41:39 +0000 2020	Great movement Hon Mr PM 🇮 🇳 South Korea 🇰 🇷
Tue Mar 17 00:14:31 +0000 2020	ALBUTEROL work
Thu Apr 09 11:36:05 +0000 2020	Respected Shri Modi Ji work poorer great hope 135 crore citizen fan work follow sir 🙏 🙏 🙏
Thu Mar 05 05:55:02 +0000 2020	Message President Moon Jae Joint Effort Overcome COVID 19 Outbreak
Thu Apr 09 11:54:24 +0000 2020	India big mistake Covid 19 ekbar pura dekho ye video
Thu Mar 26 14:07:23 +0000 2020	Hi Justin Trudeau tcmplus Traditional Chinese medicine remedy help covid 19 work China different herb remedy different situation plz contact
Thu Apr 09 12:10:38 +0000 2020	Sir hv differ view newspp potentially COVID19 carrier Pl let doctor expert knowledgeable explain safe handle bundle paper hazardous use piece paper like currency note Regard
Tue Mar 31 02:31:36 +0000 2020	sir need share share help thick CEO education respectly CEO
Thu Mar 26 14:25:45 +0000 2020	Canada successfully handle SARS 2003 shut world don lead instead follow let leverage lesson learn factoring spread fast teach world shutdown
Mon Apr 06 09:07:17 +0000 2020	Message President Moon Jae Passing Korean Physician Infected COVID 19
Thu Apr 09 11:35:46 +0000 2020	Yeah definitely sir strongly stand covid 19 Aerobics Twist
Thu Mar 19 11:09:56 +0000 2020	show leadership protect South Korea well
Thu Mar 26 14:02:00 +0000 2020	transcript world leader conversation have probably bed sheet tent live play phone kid LOSER
Sat Apr 04 03:10:11 +0000 2020	care
Fri Apr 10 07:43:42 +0000 2020	think human right erode ain see Bill Gates vaccination programme plan & amp child
Sun Mar 15 03:19:23 +0000 2020	Thank Pres Moon Jae South Korea donate Covid testing kit Philippines regional neighbor help recover soon regional economy boost 💜 👍
Sat Mar 21 01:12:54 +0000 2020	likewise know destination eternal fellowship Triune God Trinity creation life heaven earth Lord opportunity faith evidence silently believe belief god triangle
Mon Apr 20 00:23:32 +0000 2020	individual move different path different series experience shape molding influence current expression feel realm … feel realm man enter glorious liberty child God
Wed Mar 04 11:22:27 +0000 2020	care support
Sun Apr 12 08:52:07 +0000 2020	Proverbs 16 18 Pride goeth destruction haughty spirit fall Recall Rameses EGYPT Repent sin 99 people know heir CREATOR PEOPLE FORSAKEN CREATOR YHVH YAHUAH FAVOR PAGAN GOD IDOL GRAVEN IMAGE ETC
Sat Apr 04 03:07:18 +0000 2020	translat bt know winner get result yr effort sure cntry go relief wd yr approach world need iron curtain Respect fm
Sat Apr 04 03:08:48 +0000 2020	translate bt know winner get result yr effort sure cntry go relief wd yr approach world need iron curtain Respect fm
Thu Mar 26 14:23:00 +0000 2020	plane land mainland China
Thu Mar 12 09:49:31 +0000 2020	Great job
Fri Apr 10 22:14:17 +0000 2020	Message President Moon Jae Report Zero New Confirmed COVID 19 Case Daegu
Mon Apr 20 23:13:17 +0000 2020	know kind attempt PR / brand domestic supporter hope world actually read hope realize silly sound stop late
Fri Feb 21 23:58:54 +0000 2020	want point situation KTX Normally pack passenger tightly car leave car annoy virus dangerous social distancing need practice slow spead
Thu Mar 05 10:16:52 +0000 2020	guy fuck bad Moon gon na impeach worthless leader
Sat Apr 11 09:36:40 +0000 2020	establishment Provisional Government independence movement finally get national independence truly proud independence fighter remember
Sun Mar 29 05:54:32 +0000 2020	DEAR SIR ATTENTION WEBSITE
Thu Mar 19 18:34:19 +0000 2020	American claim refuge SK pls
Thu Apr 09 17:29:02 +0000 2020	Sir rescue people ABUDHABUS
Thu Mar 26 20:41:27 +0000 2020	originate Chinese Wuhan Korean spread Italy Milan region Percentage base Korean expat Korean tourist Chinese expat tourist World wide spread tie Daegu cult
Thu Apr 09 12:09:38 +0000 2020	Thank Modi ji 🙏 🙏 Indian love people truely appreciate gesture ur team people nation make criticising know stand bark
Tue Mar 03 09:55:23 +0000 2020	Prime Minister Lee hope trip home pleasant return Seoul Mekong ROK Summit enjoy read Seoul Travel Log write wife grateful love share Korea
Thu Apr 09 10:42:34 +0000 2020	hard mask Korea Spain Currently Spain civilian mask like KF94 KN95 urgent know Spain suffer bad Korean Help
Thu Apr 09 14:49:54 +0000 2020	post timeline waste time
Thu Apr 09 11:54:55 +0000 2020	Sir pm kisan yojna ki kisht Rajsthan kisano ko abhi tak mili nhi sir farmer need finacialy help farmer
Thu Apr 09 11:56:22 +0000 2020	Sir ask Provide tablet improvement boost body immunity tablet red zone area body immunity little bit fight symptom fever
Tue Mar 03 08:28:08 +0000 2020	sir JAE MOON & lt & gt SOLAR Japan sir ANEE JAPAN JARMOON coulple donot know MADAM ANH Taiwain support Mix Hong Kong support befor Law taiwain Mix true sir send court JAPAN lose trust people
Thu Apr 09 11:49:59 +0000 2020	Sir pl talk Dr nurse country Sir pl spare time common man Sir situation get worest Sir state government hv sufficient PPE kit Sir lock stake holder Sir pl Aviabel basic kit drug Sir hv time fellow
Thu Apr 02 21:45:20 +0000 2020	EXUSE torture dog COWARDICE 🇰 🇷 TORTURE positive meat opposite make TOXIC diseased‼️EATING TORTURE ANIMAL make curse bring negative KARMA believe faith
Thu Apr 09 02:06:32 +0000 2020	dead world come Tedros bring hell
Tue Mar 24 18:09:32 +0000 2020	Hello Sir common man India request help country diagnose maximum possible case Covid 19 India lack testing kit huge population India reach stage million die
Thu Mar 26 14:11:50 +0000 2020	think get good President North Korea follow unethical unconstitutional power grab attempt Tuesday
Sat Apr 11 06:40:46 +0000 2020	Pick Satan come beloved Emperor country Japan 🇯 🇵
Thu Mar 26 14:06:34 +0000 2020	Canadian die stupidity
Tue Mar 31 08:48:23 +0000 2020	fight unseen plus greedy hoarder
Thu Apr 09 11:37:09 +0000 2020	India South Korea need enhance partnership China sideline
Thu Mar 05 05:57:46 +0000 2020	hope get control soon thank kind word
Thu Apr 09 11:43:02 +0000 2020	people control virus controler super power Allah
Thu Apr 02 01:17:38 +0000 2020	day Lord helps preach gospel preserve promise heart day appearance Jesus Christ reason confident tribulation confidence heart know savior alive Job 19 25
Wed Apr 22 06:02:43 +0000 2020	ah Kim Jong Unce Unce hide clearly North Korea rarely hunch stuff North Korea missile launch week Trump think thinking let tell
Thu Mar 26 14:25:07 +0000 2020	gold corporation currently Justin
Sat Apr 11 06:41:29 +0000 2020	Pick stupid boy Satan come beloved Emperor country Japan 🇯 🇵
Tue Mar 03 09:19:22 +0000 2020	husband wife ministry juice sigh husband wife USA SKOREA true viet nam true duty CEO nation corp USA send Viet nam SKOREA CHINA TAIWAIN court steel help cost viet nam 456 TAX
Thu Apr 09 11:38:18 +0000 2020	Shake hand ban naaaaa Jhappi
Mon Mar 30 21:02:06 +0000 2020	Globally orchestrate effort support give essentially needy experience hard time
Fri Mar 20 09:05:33 +0000 2020	Sir Gossip say Chinese Communist Party member represent interest Beijing true clarify Thank
Thu Mar 05 03:28:56 +0000 2020	stand strong President Moon 💪 🏻
Fri Apr 10 23:37:50 +0000 2020	proclamation Word perception transmit today symbol faith hungry disciple throw net right boat faith
Thu Apr 09 11:47:29 +0000 2020	bring flight let people travel mum grandma come important people family awful time
Tue Apr 07 03:57:53 +0000 2020	virus Moon
Fri Apr 10 07:56:43 +0000 2020	Thank Long live Korea India friendship 🇮 🇳 🇰 🇷
Wed Mar 11 01:50:31 +0000 2020	🇨 🇳 🇨 🇳 🇨 🇳 🇰 🇷 🇰 🇷 🇰 🇷 💪 🏻 💪 🏻 💪 🏻Stay Strong
Tue Mar 03 07:52:06 +0000 2020	get Microsoft computer government control pc camera spys
Thu Mar 26 08:56:54 +0000 2020	crisis long President
Tue Mar 03 05:38:26 +0000 2020	stay strong 💪 republic Korea 🇰 🇷 ，chinese you 🇨 🇳
Thu Apr 09 11:36:16 +0000 2020	Download Aarogya Setu App important essential app available play store fight family safe Corona
Thu Mar 26 14:22:33 +0000 2020	HST take small business think go help protect crisis
Tue Apr 07 03:55:24 +0000 2020	act Presidential stop bag dick
Mon Mar 23 18:11:59 +0000 2020	wear mask
Thu Apr 09 11:42:59 +0000 2020	world leader believe world flight leadership
Tue Apr 07 06:58:59 +0000 2020	track working find cure F6 visa holder regional voting right Let protect family
Mon Apr 20 00:19:58 +0000 2020	believe testimony Scripture experience potency word sermon key unlock door hell likewise unlock door heaven feel realm think properly classify hereditary tendency
Tue Mar 17 08:37:59 +0000 2020	teach doom charge
Wed Apr 01 04:23:58 +0000 2020	offer come prepare assassination thank
Tue Mar 03 09:16:20 +0000 2020	High CEO SKOREA viet nam befor Laws Diplomatical scandal immigration labour viet nam SKOREA cancel stop CEO Diplomatical SKOREA good duty high national representative north Korea Viet Nam CHINA CUBA VENEXURIA BOLIVIA low responsib
Wed Apr 01 11:46:20 +0000 2020	President Moon ensure the 🇰 🇷 South Korean company cooperation 🇨 🇳 China Japan 🇯 🇵 Asian country Russia EU 🇪 🇺 US 🇺 🇸 and 🌏 will build economic answer 🇰 🇷 South Korea the 🌏
Thu Apr 09 11:58:27 +0000 2020	great job mr
Mon Feb 24 11:35:52 +0000 2020	hope government increase price mask hand sanitizer
Thu Mar 12 03:26:51 +0000 2020	spread virus
Sun Apr 19 02:50:13 +0000 2020	sure defeat virus
Thu Mar 26 14:00:28 +0000 2020	money send honest oh right Crime minister aren honest
Wed Apr 22 05:59:26 +0000 2020	Mr Moon don lesson lead country
Mon Mar 16 10:25:00 +0000 2020	course Mr President
Thu Apr 09 12:00:48 +0000 2020	Acha hua south korea wale se suggestion nahi le rahe hai 🤣 🤣 obey lockdown properly
Thu Apr 02 16:44:11 +0000 2020	people talk
Tue Mar 03 08:41:56 +0000 2020	sir Binh PHD Laws Capture corruption ilegal CEO true court cop true
Wed Mar 18 20:55:48 +0000 2020	Thanks President Moon worry friend JZ { } worry diminish medical resource Persia far away Persia South Korea close Brother & amp Sister song+lyrics SK+IR+US ⬇ 
Mon Feb 24 03:48:26 +0000 2020	President Moon political ambition China ahead safety Korean people take minimal precaution prevent spread answer admit total failure leader
Tue Mar 03 08:45:53 +0000 2020	send defence help sir binh CHINA CORONA help international duty help PHD LAW sir Binh CHINA forget send court Sir ANBEE sorry sir Binh CHINA come sea Viet nam TAIWAIN inside lose comunist CHINA inside capture
Fri Apr 10 01:39:31 +0000 2020	minseok
Wed Mar 18 20:46:21 +0000 2020	Thanks President Moon worry friend JZ { } worried diminish medical resource Persia far away Persia South Korea close Brother & amp Sister gift SK+IR+US ⬇ 
Thu Apr 09 00:49:02 +0000 2020	trouble confusion corona19 face difficulty special dimension faith God Word reality Jesus birth death resurrection John 14 Word God dwell earth human form body
Thu Apr 09 11:52:25 +0000 2020	Tweet amazing healthcare worker world 👏 🇮 🇳 👏 👏 👏 👏 👏 👏 👏 👏 👏 👏 👏 👏 👏 👏 👏 👏 👏 👏 👏 👏 👏 👏 👏 👏 👏 👏 👏 👏 👏 👏 👏 👏 👏 👏 👏 👏 👏 👏 👏 👏 👏 👏 👏 👏 👏 👏 👏 👏 👏 👏 👏 👏 👏 👏 👏 👏 👏 👏 👏 👏 👏 👏 👏 👏 👏 👏 👏 👏 👏 👏 👏 👏 👏 👏 👏 👏 👏 👏 👏 👏 👏 👏 👏 👏 👏 👏 👏 👏 👏 👏 👏 👏 👏 👏 👏 🇮 🇳 RT
Thu Apr 09 11:51:58 +0000 2020	Tweet amazing healthcare worker world 👏 🇮 🇳 👏 👏 👏 👏 👏 👏 👏 👏 👏 👏 👏 👏 👏 👏 👏 👏 👏 👏 👏 👏 👏 👏 👏 👏 👏 👏 👏 👏 👏 👏 👏 👏 👏 👏 👏 👏 👏 👏 👏 👏 👏 👏 👏 👏 👏 👏 👏 👏 👏 👏 👏 👏 👏 👏 👏 👏 👏 👏 👏 👏 👏 👏 👏 👏 👏 👏 👏 👏 👏 👏 👏 👏 👏 👏 👏 👏 👏 👏 👏 👏 👏 👏 👏 👏 👏 👏 👏 👏 👏 👏 👏 👏 👏 👏 👏 🇮 🇳
Wed Mar 18 22:41:03 +0000 2020	Upload 3/19/2020
Thu Mar 26 14:04:59 +0000 2020	pathetic message time real virus
Thu Mar 05 08:47:48 +0000 2020	Prime Minister India send gorgeous garment modernize version traditional Indian costume know Modi Vest wear easily Korea fit perfectly
Tue Mar 03 09:25:26 +0000 2020	steel product viet nam FDI Taiwain FDI CHINA FDI SKOREA Federal coperation Viet nam govt control CHINA viet Nam Govt CEO lend CHINA true friend revenge
Tue Mar 24 09:13:26 +0000 2020	MADAM HANG Binh phuoc SKOREA INDUSTRIAL ZONES PHILIPIN CAPITAL SKOREA insutrial zone Pictures father MADAM PARK King hue
Thu Mar 19 05:40:06 +0000 2020	Think small fail work administration
Sun Apr 19 06:56:09 +0000 2020	look haggard care sure Korean people proud
Tue Apr 07 11:49:58 +0000 2020	Good competent world leader 🙏 👋 👌
Sun Mar 29 02:36:39 +0000 2020	Blend package glass container fridge Consume glass day family country thank God protect Blessing
Fri Mar 20 22:08:15 +0000 2020	North Korea
Fri Apr 10 07:40:18 +0000 2020	PEOPLE FORSAKEN CREATOR YAHUAH FAVOR PAGAN GOD IDOL GRAVEN IMAGE VIOLATE YAHUAH LAW ABORTION ELOHIM SEX SEX etc CORONA START PROMISE PEOPLE CALL YAHUAH PRAY HEAL LAND
Sat Apr 11 11:57:28 +0000 2020	THANKS PEOPLE FORSAKEN CREATOR YAHUAH FAVOR PAGAN GOD IDOL GRAVEN IMAGE VIOLATE YAHUAH LAW ABORTION ELOHIM SEX SEX etc CORONA START PROMISE PEOPLE CALL YAHUAH PRAY HEAL LAND
Tue Mar 31 10:58:59 +0000 2020	Learn Taiwan mask infection
Fri Mar 27 18:16:25 +0000 2020	Wish talk president Xi
Thu Apr 02 01:14:54 +0000 2020	Jesus heal people disease cast ghost know allow speak Mark 32 34 corona19 disease worldwide today suffer disease incident people ignorant disease
Thu Apr 09 11:46:37 +0000 2020	China pay invisible world war
Tue Apr 21 00:04:49 +0000 2020	woman dissolve time come sorrowful give birth baby joy man world remember pain John 16 21 woman dissolve troubled time come labor
Wed Mar 04 00:24:05 +0000 2020	new Big format allow DPRK case nuclear state w/ Minimal Nuclear Deterrent abide nonproliferation & amp arm control
Fri Apr 10 07:00:08 +0000 2020	World good president president 문재인 ~ 💪 💪 👍 👍 😘 😘
Tue Mar 03 07:31:59 +0000 2020	human right sovereignty democracy culture
Mon Mar 30 15:15:25 +0000 2020	South Korean Company contribute PM CARE Relief Fund India Hyundai LG Samsung Cheil India Hanon Automative Shinhan Havmor
Mon Feb 24 08:00:24 +0000 2020	gob
Tue Mar 03 12:44:14 +0000 2020	hello world japanese typical far right racist ban
Sun Apr 05 05:38:14 +0000 2020	Stop eat dog cat & amp exotic disgusting look world
Thu Mar 19 05:39:43 +0000 2020	govt do nt pay attn country earn democracy korean american pay attn world news aside italy understand weight sk applaud actually italy get praise I m sorry world
Sun Feb 23 11:16:40 +0000 2020	Congratulations Seven Music love Boy Wings ARMY song dance dream enthusiasm BTS energize give strength young people world
Sat Feb 22 03:15:22 +0000 2020	idiot Children susceptible ask KLM staff advice infection control government medium common sense Netherlands ZERO confirm case novel South Korea 346
Fri Mar 20 04:16:00 +0000 2020	Korea slaughter Japanese occupy Takeshima illegally Don come close Japan Killing Nation Korea
Mon Apr 06 09:20:37 +0000 2020	Remark Pres Moon 72nd Anniversary Memorial Ceremony Honor Victim Jeju April Incident ▶ Full text
Thu Mar 19 06:23:56 +0000 2020	170 Country affect CHINESE VIRUS THROW UN BRING SANCTION & amp PENALISE LOSS
Sun Feb 23 10:28:12 +0000 2020	new supposed disease keep task shouldn ponder
Fri Apr 10 07:18:50 +0000 2020	Thank president moon Thank set benchmark world fight
Sat Feb 22 15:07:18 +0000 2020	Excellency Moon Jae succeed God bless nation people 🦁 🇸 🇴
Thu Apr 09 11:42:20 +0000 2020	Modi ji lead world 🙏 🏻 🙏 🏻 🙏 🏻 🙏 🏻 🙏 🏻 🙏 🏻 🙏 🏻 🙏 🏻 🙏 🏻 🙏 🏻 🙏 🏻 🙏 🏻 🙏 🏻
Sat Feb 22 15:36:44 +0000 2020	Greeting Pres Moon tweet Dennis Rodman Hope aid invite South Korea Regard
Sat Apr 11 03:30:36 +0000 2020	real hero India pray mata Rani bless fight virus 🙏 🇮 🇳 jay Bharat
Wed Apr 08 19:44:50 +0000 2020	Fire Dr Fauci&amp Bixt Lying WORLD & amp AMERICA
Thu Apr 09 11:41:29 +0000 2020	situation control nation remember savior 🙏 🙏
Tue Mar 31 12:24:01 +0000 2020	Congratulatory Remark Pres Moon 56th Trade Day Ceremony Trade run blood Korean ▶ Full text
Fri Apr 17 03:32:00 +0000 2020	Address President Moon Jae 101st Anniversary Founding Provisional Republic Korea Government ▶ Full text
Sat Mar 21 07:11:37 +0000 2020	get world leader mandate week year 3/3
Sat Apr 11 06:35:47 +0000 2020	Rise Lord JesusChrist Sunday Bring Hope Batter World
Sat Apr 04 00:42:22 +0000 2020	immediately pay attention problem place inner place lot emotion disturb emotion evidence disturb place
Fri Apr 17 12:33:55 +0000 2020	election 10 Like Korea Germany USA POLAND wait SUPPORT AVOID anti Polish pre election FAKE NEWS win
Thu Apr 09 11:49:34 +0000 2020	Sir middle class man unemployed vote thing request plz don invest money new parliament peripheral wait year project move ahead go vote
Tue Mar 03 08:29:42 +0000 2020	sir Binh CHINA Tiem tay province daughter study HARVARD HUYNWEI CEO nearby HUYNDAI FACEBOOK TIMCOOK KIA CIA befor Lemonth brother BP Oil twister viet nam CEO share love nation
Tue Mar 10 22:52:50 +0000 2020	hasn ask patent Vaccine Virus
Sat Mar 28 07:32:47 +0000 2020	Opening Remark Pres Moon ASEAN Plus Summit hope today meeting serve opportunity strengthen cooperation safeguard free trade order lay cornerstone East Asian Community ▶ Full text
Sun Mar 29 01:36:29 +0000 2020	pass President Xi & amp Chairman Kim Jong Un 🇨 🇳 🇯 🇵 🇰 🇷 🇰 🇵 🌏 🕊
Tue Mar 03 09:24:15 +0000 2020	Court capture person normal carry Drug SKOREA ovea come death PENANTY current Drug drug come Viet nam send embassy Viet nam person viet nam death penanty send ministry juise Law come help president come
Mon Mar 23 01:04:22 +0000 2020	heaven look heart happen disturbed bounce moment disturb bounce blot clarity vision clarity understand clarity think
Tue Apr 07 22:18:55 +0000 2020	RAMPANTLY VIOLATE CREATOR SUPREME KING YAHUAH LAW LIKE ABORTION ELOHIM SIGHT SEX SEX etc COUNTRY LEGITIMIZE SEX MARRIAGE ETC CORONA VIRUS BEGIN
Tue Mar 31 06:58:16 +0000 2020	Kc 63 17 today true pastor prophet go God God send angel tell thing come live prophet time key Kingdom
Sat Apr 11 01:38:35 +0000 2020	person eye turn call God person think human think demon world salute think god india ji
Tue Mar 03 08:32:24 +0000 2020	PHD law jointed war bussiness nearby HUYNWEI CEO corp daighter capture CORP CEO sir DONAN true CEO DONAN pilitical CEO corp PHD Binh law CEO corp
Wed Apr 22 18:23:56 +0000 2020	DOGS FEELINGS 💔 ♥ 😢 DO PRESIDENT MOON FEELING DOG 🐕 ♥ 🐕 LET WORLD KNOW HAVE‼‼ 🙏 🙏 THANK YOU 🙏 🙏
Mon Apr 20 06:28:44 +0000 2020	Symbol Indo Korean partnership measure take Hyundai Motor India Hyundai donate Rs cr PM CARES Fund
Tue Mar 31 12:23:37 +0000 2020	Remark Pres Moon Joint Press Conference Follow Korea Japan China Summit host Korea fulfill obligation ensure result trilateral cooperation benefit live people ▶ Full text
Tue Mar 10 16:58:03 +0000 2020	Mr Hongzhi Li Falun Gong founder true Creator come China live New York come time prophecy prophetic forgive sin world purify grand ceremony welcome
Tue Mar 03 20:20:12 +0000 2020	2 / From logic perspective 2020 DPRK win negotiate away entire nuclear arsenal FFVD option remain Goldilocks deal imo Kim Jong un accept ll DPRK survivability normalization lead Peace Treaty
Fri Mar 27 09:17:42 +0000 2020	Pres Moon attend ceremony mark 5th West Sea Defense Day stress sacrifice dedication hero defend West Sea symbol patriotism
Wed Mar 18 00:15:41 +0000 2020	person guess wasn familiar Jewish religion Jesus hour life centurion come conclusion Jesus actually Son God confess Son God confess Jesus Christ God
Sat Apr 11 09:27:06 +0000 2020	Pres Moon attend ceremony commemorate 101st anniversary Provisional Republic Korea Government founding address say Provisional Government root today Republic Korea legitimacy spirit
Tue Mar 24 09:08:18 +0000 2020	look intelligent time sir wear clothing like Uniform worker FDI company KUMHORE worker respectly worker uniform Viet namese CHINA worker falg LE NIN way cutter hammer way
Sun Feb 23 15:53:19 +0000 2020	USA track citizen cop / cia / judge / government record have sex house watch speak word know usa citizen criminal WRONG
Tue Mar 03 09:05:39 +0000 2020	high CEO general COMANDERS true relationship MADAm PARK MADAm MYANMA CEO 40 30 mil Taiwain/1 bil CHINA viet nam 40 family car office money TAX 1985 1945 2025 court problem see
Sat Mar 28 00:10:13 +0000 2020	heaven earth advent Holy Spirit apostle Peter John heal sick people proclaim word God time Peter John hold Supreme Council Jerusalem continue preach Act
Wed Mar 18 06:48:28 +0000 2020	currently talk social distance mind continue forward stick wrap arm shoulder Message Pres Moon March 04 2020
Sun Apr 05 00:02:36 +0000 2020	Important Distress Week Week Prayer important distress week Bible verse sure ve day Timothy 12 tribulation emphasize confidence faith Jesus Christ
Tue Mar 03 23:40:31 +0000 2020	Lord encourage disciple say receive receive receive receive send Matthew 10 40 Lord Supper let fellowship Lord life heart feeling thought divergence
Sun Apr 12 05:38:11 +0000 2020	🐝 ⚠ ️Bill Gates Vaccine
Fri Apr 03 09:20:09 +0000 2020	Pres Moon attend 72nd anniversary memorial ceremony honor victim Jeju April Incident remark say Korean people effort reconciliation peace begin day April Incident
