created_at	text
Wed Apr 22 02:49:54 +0000 2020	Saeyip Korean American secret national security advisor secret anti terrorism unit fight WWIII holocaust right America & amp Korea
Wed Apr 08 08:37:34 +0000 2020	Thank acknowledge South Korea effort transparently openly fight share common belief world defeat virus global solidarity continue share comprehensive open approach world
Thu Apr 09 11:43:48 +0000 2020	Pakistan big terrorist country world proof want country know Pakistan nuclear program nuclear program Instead term
Tue Mar 24 17:07:34 +0000 2020	Dear Mr President Moon Jae admire integrity decisive action flatten curve country bypass President sell critical medical equipment directly American governor mayor Respectfully American people
Thu Apr 23 04:30:15 +0000 2020	stand solidarity global community fight pandemic entail economic challenge ve work testing virus sample Finland ll continue cooperate combat economic impact outbreak
Wed Apr 08 08:58:38 +0000 2020	Korea effort great plan implement fight virus knowledge transparency tough lesson learn previous outbreak courtesy China Korea model country learn
Thu Apr 09 11:55:48 +0000 2020	test machine free testing plzz avail Indian public easy fight pandemic
Tue Mar 17 00:14:10 +0000 2020	victim lot non stop terrorist organize crime attack Illinois go President SECRETARY want know help investigate States
Thu Apr 09 11:37:58 +0000 2020	fight unity cooperation country important Indian govt work
Sat Apr 11 06:09:02 +0000 2020	know doctor sleep body doctor Kundalini awaken good immune system fight virus whatsoever watch
Fri Mar 20 07:41:06 +0000 2020	Finally statesman emerge strong action plan drastic economic measure Hope join
Sat Apr 11 05:52:46 +0000 2020	pandemic call international cooperation curb transmission virus prevent potential economic fallout agree current situation shouldn reason hold bilateral economic exchange
Wed Apr 01 02:39:48 +0000 2020	Dear fight coronavirus Need Help Fight Coronavirus Need Support God Help
Wed Apr 08 08:59:08 +0000 2020	Remark Pres Moon Meeting Discuss Provision Emergency Financing Business Microbusiness Owner like finance source hope people business time crisis ▶ Full text
Sat Apr 11 05:58:49 +0000 2020	set example fr world fight agnst Typical example leadership drive approach & amp impact common people Respect fm watch yr success Best wish odr hand hv
Sun Apr 05 21:46:46 +0000 2020	Pres Moon flight home read Right Dr Jeong Hye shin psychiatrist / counselor think empathy communication basics politics book help realize superficial abstract definition empathy
Thu Apr 09 11:34:56 +0000 2020	telephone conversation President prevail COVID 19 situation fight pandemic cooperation leverage power technology
Thu Apr 09 11:36:30 +0000 2020	world leader regional conference like SAARC & amp plan G20 summit VC India evacuate Citizens global Corona hotspot Global organization like praise India decisive leadership combat COVID
Mon Mar 30 04:44:01 +0000 2020	help immune system win victory fight virus COVID 19 people recovery health help doctor medicine maybe vaccine serum
Fri Mar 20 08:44:13 +0000 2020	solution result economic crisis simple making covid 19 visible new fast test massive testing fast result panic subside normal vaccine come later
Mon Mar 30 04:45:22 +0000 2020	cure people mean help immune system win victory fight virus disease help destroy immune system need time water nutrition help win victory fight virus disease
Wed Mar 25 01:34:27 +0000 2020	need help fight coronavirus Bolivia mission like Timor Leste like 1999 2000 Need disinfectant fight Bolivia Need help fight Need Disinfectant
Tue Mar 03 09:02:28 +0000 2020	good friend CEO share pls delete Carrier Lose old money maintentenaince send Aviation International duty navy ship carrier old money 19 party Thai lan 19 office CHINA send Hong Kong true 19 province Hung Vuong
Tue Mar 03 08:41:56 +0000 2020	sir Binh PHD Laws Capture corruption ilegal CEO true court cop true
Mon Mar 30 04:44:44 +0000 2020	help immune system win victory fight virus COVID 19 virus attack cell symptom occur virus proliferate attack heavy heavy immune system win victory fight virus COVID 19 die occur
Thu Apr 09 11:49:40 +0000 2020	Share experience resource add strength fight medical professional expert utilise resource knowledge optimally
Tue Mar 03 09:20:58 +0000 2020	corp send nation true steel current product come CHINA SKOREA Taiwain Viet nam FDI company viet nam viet nam TAX steel corp USA send court CEO PM control ANTI court viet nam TAX Lost TAX lose Lose TAX lose trust FDI
Thu Apr 09 12:03:25 +0000 2020	thank help Brazil country like Korea fight covid 19 Brazilian gratefu 🇮 🇳 🇧 🇷 🇰 🇷
Thu Mar 26 14:00:28 +0000 2020	money send honest oh right Crime minister aren honest
Tue Apr 07 06:56:24 +0000 2020	refuse worker financial assistance marry man like right vote protect family radical politician
Sun Mar 15 05:07:09 +0000 2020	think go Koryo Union interest Kim Jong un b / c DPRK retain sovereignty socialism economic aspiration united economy 80 million Korean realize Single Korean Market la EU
Sun Mar 29 02:36:39 +0000 2020	Blend package glass container fridge Consume glass day family country thank God protect Blessing
Tue Mar 03 16:48:29 +0000 2020	young generation country move like dead Help help Human Right Organization Save noble people captivity Believe energy art prison deserve free earth
Thu Apr 09 11:59:38 +0000 2020	Superb leader discuss COVID 19 global pandemic challenge pose global health system economic situation share information step take country tackle pandemic Kudos joint effort combat COVID 19
Wed Apr 08 04:38:01 +0000 2020	good President Republic Thanked leadership & amp 🇰 🇷 openness share control measure epidemiological & amp clinical data 🇰 🇷 champion comprehensive approach response & amp control pandemic
Thu Apr 09 12:06:38 +0000 2020	world see South Korea fight pandemic think work focus western country Asia great
Sun Mar 29 02:36:19 +0000 2020	humbly ask consume know people face pandemic strong immune system pandemic come away vaccine month
Fri Mar 13 09:52:41 +0000 2020	Hat 🇰 🇷 gov professional put heart an soul 24/7 fight people 🇰 🇷 understand sentiment 🖕 to criticize
Sun Mar 29 13:39:49 +0000 2020	focus Koreas Solution aggressively test enforce quarantine GPS treat acetaminophen anti malaria meds citizen death toll incredibly low country need simulate especially Canada
Sun Apr 19 03:51:43 +0000 2020	Congratulations recent DPK victory unlawfully imprison psychiatric facility security patient ill waste public money resource assist stop politician world leader human right violation
Thu Apr 09 11:38:22 +0000 2020	ModiJi Understand Better Fight Won World Unite Unlike Nation Skip SAARC Meet online Regional Trade Insensible 🙏 🏻
Sat Apr 11 06:08:42 +0000 2020	thank Republic South Korea effort share world fight covid 19 area development especially occur Rwanda appreciate God bless
Thu Apr 02 11:59:50 +0000 2020	use steel wire material nose stripe prevent air leak nose ear band good outside mask tighten type string prevent air leak ear know DIY layer mask well
Thu Apr 09 11:48:34 +0000 2020	good PM ji lead cooperation different country world help fight covid 19 Share insight helpful Let fight war Coronavirus
Tue Apr 07 10:53:07 +0000 2020	Boris ICU day give exist treatment work Big Medicine smear refuse use Hey Tory cabinet minister save PM save job Pharma corruption unbelievable
Thu Mar 26 14:25:45 +0000 2020	Canada successfully handle SARS 2003 shut world don lead instead follow let leverage lesson learn factoring spread fast teach world shutdown
Wed Apr 22 06:00:06 +0000 2020	right trust
Thu Apr 09 15:28:36 +0000 2020	Yes sir overcome pandemic fight pandemic covid 19 world suffer pandemic unite togher fight
Sun Apr 19 07:49:02 +0000 2020	tell Korean government use Korean Military camp quarantine Corona virus patient suspect corona virus patient tell don pressure health sector doctor nurse people work hospital
Fri Mar 13 21:09:12 +0000 2020	Obviously South Korea actively fight battle virus COVID 19 topnotch robust warrior fast skilful solver
Thu Apr 02 00:21:25 +0000 2020	[ VIDEO ] Korea Secret Weapon COVID 19 Explain 13 Frontline Worker international cooperation solidarity overcome COVID 19
Mon Apr 20 05:12:30 +0000 2020	President India PM India Chief Minister WB India Radiation throwing stop till date Repeatedly send email tweet action till date Detail
Thu Apr 09 11:45:43 +0000 2020	request tell stop charge fee testing corona virus great help great service govt
Thu Apr 09 11:44:44 +0000 2020	Sir MSME sector MSME life line India
Fri Apr 17 17:09:06 +0000 2020	Today mark International Day Yoga designate United Nations day global celebration love yoga receive letter Prime Minister Modi India home yoga ask join celebration
Thu Apr 09 19:14:43 +0000 2020	Key contain win covid Isolation social distancing Isolation prime factor
Thu Mar 26 07:35:39 +0000 2020	touch perfect timely financial measure microbusiness owner self employ Thank Pres Moon public servant give confidence Korean economy soon recover nornal life shortly
Thu Mar 26 15:36:33 +0000 2020	Wear mask public Make mask Canada Washing hand Physical distance way flat curve
Tue Mar 03 09:25:26 +0000 2020	steel product viet nam FDI Taiwain FDI CHINA FDI SKOREA Federal coperation Viet nam govt control CHINA viet Nam Govt CEO lend CHINA true friend revenge
Tue Mar 03 08:24:47 +0000 2020	long assay SKOREA capture CEO saint religouse Hong Kong PAGODA scandal CORONA true ANTI Develop ANIY bankrupt sir send JAPAN court develop ANTI JAPAN viet nam UK EU RUSSIA EU word think way see
Fri Apr 10 07:43:42 +0000 2020	think human right erode ain see Bill Gates vaccination programme plan & amp child
Thu Mar 19 05:45:23 +0000 2020	sign 39 billion emergency finance SMEs fuel hit economy
Thu Mar 26 01:07:25 +0000 2020	God accept feeling world draw radiance light structure triangle point upward creative triangle place point mean creation take place Thank
Fri Apr 10 23:59:13 +0000 2020	Precisely coronavirus pandemic break barrier fight 19
Thu Mar 05 05:09:25 +0000 2020	Korean Scientist 11298661 Respiratory disinfection steam vaccine salt water Anger Symbol Scientifically prove virus live brine [ Main ] Public petition revelation
Thu Apr 09 13:15:44 +0000 2020	travel money waste modi ji
Thu Apr 02 20:40:37 +0000 2020	Korea Leadership roll East Asia China Japan big economy big population Korea Integrity Ingenuity Innovation willingness work world community unlike Japan China
Tue Mar 03 04:11:53 +0000 2020	Thank make great action control sale mask queue Post Office Pharmacy crowd lot people didn chance buy mask family think selli designate Community Center help chaos
Thu Apr 09 11:55:45 +0000 2020	request meet Shri Modi ji maintain economic development India recover situation
Fri Mar 13 16:49:48 +0000 2020	fight
Thu Mar 26 14:24:53 +0000 2020	talk fellow human world Let come solve great job
Wed Apr 08 05:37:17 +0000 2020	Thank solidarity exemplary leadership global stage world need responsible leader like step time crisis
Wed Apr 01 11:46:20 +0000 2020	President Moon ensure the 🇰 🇷 South Korean company cooperation 🇨 🇳 China Japan 🇯 🇵 Asian country Russia EU 🇪 🇺 US 🇺 🇸 and 🌏 will build economic answer 🇰 🇷 South Korea the 🌏
Tue Mar 03 09:00:45 +0000 2020	CEO NAVY Level 1st send navy ship international true CANADA international climate donot know good friend time ARMY AVINATION King Thai land send AVIATION International true
Tue Mar 03 08:49:07 +0000 2020	chess Chess shoot directly death death HONG KONG Mix violent Thai lan Viet nam SKOREA ready anti attack MIX true
Tue Mar 31 08:48:23 +0000 2020	fight unseen plus greedy hoarder
Thu Apr 09 12:04:47 +0000 2020	Thank guidance fight COVID 19
Tue Apr 07 04:23:16 +0000 2020	TRANSPARENTLY important Thank sir
Fri Apr 10 15:39:20 +0000 2020	believe unity solidarity tackle pandemic Apart test kit ve send India aim share medical data experience believe current crisis strengthen bilateral tie
Thu Mar 12 18:04:43 +0000 2020	transparency hope world need thank President Moon
Thu Apr 09 11:38:23 +0000 2020	Right sir
Mon Apr 06 09:18:40 +0000 2020	card benefit group suffer effect prevent thing Action token
Thu Apr 23 04:33:31 +0000 2020	Good behavior time SK people feel honor happy right？Its great respect international
Thu Apr 09 17:10:00 +0000 2020	Great Sir learn & amp share experience recover quickly fight nicely & amp good spread country request & amp material friend Hope recovery soon 🙏
Fri Apr 03 06:32:42 +0000 2020	
Fri Apr 10 02:27:56 +0000 2020	beg y all i m KNEES free kim minseok well know stage Xiumin bear March 26 1990 south korean chinese boy band EXO subunit CBX
Thu Apr 09 23:36:58 +0000 2020	Hi Sarath Kumar loose job family account Rs 29 bank account fund donate PM CARES FUND today don money survey daily life help recover life NEED MONEY help
Thu Apr 09 12:11:42 +0000 2020	Prime Minister Narendra Modi South Korean President Moon Jae discuss global pandemic challenge pose global health system economic situation
Fri Apr 17 12:33:55 +0000 2020	election 10 Like Korea Germany USA POLAND wait SUPPORT AVOID anti Polish pre election FAKE NEWS win
Fri Apr 10 02:56:08 +0000 2020	COVID 19 trigger huge difference India Government Technology way track spread virus collect data share source information medicine South Korea advanced Technology win COVID
Thu Apr 09 11:36:16 +0000 2020	Download Aarogya Setu App important essential app available play store fight family safe Corona
Thu Apr 09 18:54:35 +0000 2020	matter Need Kind Perusal IMMUNITY RESEARCH { 021064 / lab2013 / prs } Oriscon Biotech India Pvt Ltd Result Common Virus & amp Germ Protection ~boost Immune System ~Up Antioxidant & gt 500 ~Anti age Process ✓ Need Loan Cr Email orisconbiotech com
Thu Apr 23 04:41:45 +0000 2020	respect moonja president prevent nasty comment rule sue crazy fan people cause harm find solution thing Corona Virus Global Fan support kpop industry korea
Sun Feb 23 15:00:59 +0000 2020	🐕 ❤ 🐕 🆘 🆘 🆘 President STOP Dog torturen slaughter‼‼The Dog feel pain fear human do 😢 💔 😢 The world WAITING PROMISE PROMISE elect President‼ 🙏 🙏 Remove Dogs livestock NOW‼‼ 🙏 🙏
Mon Mar 23 20:28:26 +0000 2020	Opening Remark Pres Moon 1st Emergency Economic Council Meeting Council play role central economic response headquarters like Central Disease Control Headquarters ▶ Full text
Thu Mar 19 05:06:28 +0000 2020	Opening Remark Pres Moon Roundtable Principal Economic Player overcome COVID 19 outbreak succeed revive economy fail ▶ Full text
Thu Apr 09 11:56:22 +0000 2020	Sir ask Provide tablet improvement boost body immunity tablet red zone area body immunity little bit fight symptom fever
Thu Mar 26 15:31:11 +0000 2020	fat tard south need protect Canada USA ready find place deal dangerous
Thu Mar 26 01:49:44 +0000 2020	Mr president Moon Jae economy affect worldwide country affect economic alliance form country accord need 1/2
Thu Apr 09 19:03:36 +0000 2020	Great hope South Korea exchange help medical experience get medical equipment fight Corona epadamic won depend China
Sun Feb 23 16:41:02 +0000 2020	Opening Remark Pres Moon Annual Briefing Financial Service Commission Ministry Economy Finance Trade Industry Energy Sme Startup ▶ Full text
Thu Mar 19 10:49:20 +0000 2020	Peter Lee Inspirational South Korea example measure need reduce impact deadly coronavirus good fight Thank
Thu Apr 09 17:34:11 +0000 2020	fight corona market close till 14th April
Tue Apr 07 04:11:22 +0000 2020	Sir consider South Korea second home far far ahead show world technology leadership strong believer epidemic damage director let join HO India Korea
Thu Mar 19 10:52:25 +0000 2020	Peter Lee South Korea example measure need reduce impact deadly coronavirus good fight Stay healthy & amp Thank
Tue Apr 21 00:25:32 +0000 2020	quick recovery appreciate effort government citizen
Fri Apr 03 03:22:13 +0000 2020	Thank help Colombian people forget South Korea embody true spirit international cooperation
Tue Mar 31 01:47:16 +0000 2020	sir donot pay attention sir share set company jointed coperation some corp CAFE Viet nam Publical set office Plant singarpor USA Autralia ISO higly standard URC UK PHILIPIN buy TEA viet nam famouse URC CLEAN COOL
Sat Mar 14 08:07:35 +0000 2020	live streaming link Joint briefing Korean Ministry COVID19 FOREIGN MEDIA KTV
Thu Apr 09 11:43:13 +0000 2020	Good Cooperation different country world difficult time strong battle
Thu Apr 09 11:49:59 +0000 2020	Sir pl talk Dr nurse country Sir pl spare time common man Sir situation get worest Sir state government hv sufficient PPE kit Sir lock stake holder Sir pl Aviabel basic kit drug Sir hv time fellow
Sun Apr 19 06:57:06 +0000 2020	문재인さん Mature citizenship crucial amid ◯ ◯ pandemic state need strengthen cooperation overcome crisis Base tighten ◯ ◯ tie defeat ◯ ◯ solidarity Thank much 🇰 🇷
Fri Apr 10 07:18:50 +0000 2020	Thank president moon Thank set benchmark world fight
Wed Apr 01 08:57:11 +0000 2020	firmly believe world defeat COVID 19 soon Like Pres Moon say win war international cooperation solidarity
Mon Mar 16 19:47:03 +0000 2020	🇮 🇳 India PM 🇰 🇷 South Korea President call virtual meeting leader discuss coordinate public health financial response
Sun Apr 12 10:24:55 +0000 2020	🐕 ❤ 🐕 🆘 🆘 President STOP Dog torturen slaughter‼‼The Dog feel pain fear human do 😢 💔 😢 The world WAITING PROMISE PROMISE elect President‼ 🙏 Remove Dogs livestock NOW‼Thank you‼
Sun Apr 19 08:40:08 +0000 2020	🐕 ❤ 🆘 🆘 President STOP Dog torturen slaughter‼‼The Dog feel pain fear human do 😢 💔 😢 The world WAITING PROMISE PROMISE elect President‼ 🙏 Remove Dogs livestock NOW‼‼ Thank you‼
Thu Mar 26 15:28:07 +0000 2020	actually tell Give money people use dead
Sat Mar 28 07:32:47 +0000 2020	Opening Remark Pres Moon ASEAN Plus Summit hope today meeting serve opportunity strengthen cooperation safeguard free trade order lay cornerstone East Asian Community ▶ Full text
Sun Feb 23 09:44:21 +0000 2020	South Korean people work President Moon follow guideline order prevent spread transmission COVID 19 corona virus
Sun Apr 19 04:26:32 +0000 2020	important maintain democratic freedom human right
Tue Apr 07 09:26:31 +0000 2020	consider request release Julian Assange 🌎 🧬 ✌ ️
Fri Apr 10 00:02:47 +0000 2020	TV CELLPHONE APPLIANCE LOGO GE DIRECT TEST GE LOGO VS SAMSUNG LOGO INSIDE SAMSUNG MONEY
Sat Mar 28 16:30:09 +0000 2020	Ban live animal market act protect animal cruelty safeguard health Moon Jae stop
Thu Mar 26 17:30:55 +0000 2020	Thank actually take initiative fight pandemic wish president
Mon Mar 30 04:47:26 +0000 2020	patient need time help immune system win victory fight virus disease
Thu Apr 09 12:13:58 +0000 2020	salute corona warrior honourable PM ready fight 24 * 7 pandemic
Mon Feb 24 05:07:00 +0000 2020	cluster small designate area quarantine conduct effectively limit scale spread limited quarantine apply combat hopefully neutralize virus
Fri Mar 20 09:46:07 +0000 2020	touch Korea USA cooperate respect closely appreciate effort public servant good Currency Swap Agreement 👏 🏻 👏 🏻 👏 🏻
Tue Mar 03 07:31:59 +0000 2020	human right sovereignty democracy culture
Mon Feb 24 03:48:26 +0000 2020	President Moon political ambition China ahead safety Korean people take minimal precaution prevent spread answer admit total failure leader
Tue Mar 17 10:19:15 +0000 2020	trust government policy overcome crisis Moon Jae admire love president Korea fight
Mon Mar 30 04:48:50 +0000 2020	patient need think think cure think action think action method solve problem
Sat Apr 11 03:30:36 +0000 2020	real hero India pray mata Rani bless fight virus 🙏 🇮 🇳 jay Bharat
Wed Mar 18 16:02:37 +0000 2020	HUMILIATING DONATE REDUCE PRICE SELL COVID 19 TEST USA HELP SECURE SOUTH KOREA BORDER NORTH KOREA
Tue Mar 31 02:31:22 +0000 2020	member Circle Leadership strongly encourage United Nations strengthen integrate response UN system prevent occurrence sexual exploitation abuse protect assist victim hold perpetrator accountable
Wed Apr 08 07:15:14 +0000 2020	send good wish speedy recovery hope situation COVID 19 United Kingdom improve quickly look forward meeting near future
Thu Apr 09 11:49:34 +0000 2020	Sir middle class man unemployed vote thing request plz don invest money new parliament peripheral wait year project move ahead go vote
Sat Apr 04 03:07:18 +0000 2020	translat bt know winner get result yr effort sure cntry go relief wd yr approach world need iron curtain Respect fm
Sat Apr 04 03:08:48 +0000 2020	translate bt know winner get result yr effort sure cntry go relief wd yr approach world need iron curtain Respect fm
Tue Mar 03 12:44:14 +0000 2020	hello world japanese typical far right racist ban
Tue Mar 03 08:22:03 +0000 2020	way sir clearly true dip international national political economical economical policy true CEO corp come president Huyndai HUYNWEI Family political CEO MADAM PARK true herfather president USA sir Bush sir Bilclinton
Tue Mar 31 01:48:28 +0000 2020	sir share set coperation stress job Cafe viet nam delicouse Cafe Braxin go nation quotation CEO stress swear
Fri Apr 10 23:39:39 +0000 2020	process scope experience take present move water wheel appear creation heaven earth sky world reflect
Fri Mar 27 09:51:36 +0000 2020	Chinese interested international politics want tell Korean president Mr Moon literally good president comment express admiration
Wed Mar 04 07:01:55 +0000 2020	Dear Mr Moon Jae 문재인 vaccine prevent Covid 19 infection large fatal Use vaccine let people know use
Wed Apr 01 08:17:01 +0000 2020	Remark Pres Moon 16th Cabinet Meeting frontline people world fight COVID 19 international cooperation solidarity weapon determine victory defeat war ▶ Full text
Sun Apr 19 06:59:16 +0000 2020	60 year 19 revolution president symbol candle light revolution
Thu Mar 26 08:54:48 +0000 2020	Remark Pres Moon Meeting Producer COVID 19 Diagnostic Kit Approved Emergency Use Let turn crisis opportunity create new example global cooperation ▶ Full text
Tue Apr 07 05:43:42 +0000 2020	Mr prime minister sir read trust retweet
Sun Feb 23 15:42:26 +0000 2020	consider add Use Regular Military Natural Disaster Assistance Climate Change Increase Need Change Law United States China Japan Philippines Country
Mon Apr 06 09:17:52 +0000 2020	Place Action token Fanatic group Fanatic group play want benefit card play time require action liluminati
Thu Apr 09 11:42:59 +0000 2020	world leader believe world flight leadership
Thu Apr 09 11:36:00 +0000 2020	pm modi speak today Moon Jae President Republic Korea discuss global pandemic challenge pose global health system & amp economic situation Share information step take tackle corona
Tue Mar 03 08:40:26 +0000 2020	friend international sir ANBEE suddently sir PM CHINA sir sir CEO ANBEE purpose knowd hidden donot Mrs Cuong CEO PM CHINA friend sir JAEMMON PHD LAW BINH sir ANBEE Viet nam Mrs Hang lover
Sat Mar 28 22:00:31 +0000 2020	Government country take action limit ban Alcohol sale concern surge domestic violence Alcohol relate harm Justin Trudeau Canada
Tue Mar 31 12:22:08 +0000 2020	President Moon South Korean people and 🌏 Citizen support wonderful effort finish Public Health crisis
Fri Apr 17 03:13:00 +0000 2020	Congratulations President victory election Republic Korea join force save life stem spread lie ground sustainable economic recovery Look forward strategic partnership
Thu Apr 23 06:38:39 +0000 2020	Opening Remark Pres Moon 5th Emergency Economic Council Meeting Preserve job key overcome national crisis urgent matter survival ▶ Full text
Wed Mar 25 06:48:51 +0000 2020	Opening Remark Pres Moon 2nd Emergency Economic Council Meeting Government serve stalwart seawall stem tidal wave crisis descend business ▶ Full text
Sun Feb 23 16:41:25 +0000 2020	Opening Remark Pres Moon Meeting Business Community Leader regard COVID 19 Response business community effort translate economic recovery ▶ Full text
Mon Feb 24 10:27:51 +0000 2020	Opening Remark Pres Moon 7th Cabinet Meeting ask work preemptive extraordinary measure public safety people livelihood ▶ Full text
Mon Mar 30 20:46:46 +0000 2020	danger America global policy Hubris exception president wear proudly
Tue Mar 03 08:45:53 +0000 2020	send defence help sir binh CHINA CORONA help international duty help PHD LAW sir Binh CHINA forget send court Sir ANBEE sorry sir Binh CHINA come sea Viet nam TAIWAIN inside lose comunist CHINA inside capture
Fri Apr 17 10:28:15 +0000 2020	hope proceed rational innovative negotiation G20 leader continue world peace circulate world economy smoothly
Thu Apr 09 11:44:53 +0000 2020	South Korea & amp Taiwan handle crisis brilliantly India despite bio jihad Tablighis time action Tablighis prevent sabotage
Thu Mar 26 20:22:16 +0000 2020	President President Trump ask Korea medical equipment consider quid pro quo publicly apologize insult Korea & amp filmmaker name COViD 19 Chinese virus & amp admit responsibility attack Asian
Tue Mar 31 05:12:15 +0000 2020	Opening Remark Pres Moon 3rd Emergency Economic Council Meeting hope measure Government strength consolation people try overcome difficulty ▶ Full text
Thu Apr 09 09:51:02 +0000 2020	Opening Remark Pres Moon 4th Emergency Economic Council Meeting Government shake amid crisis actively prepare new leap forward ▶ Full text
Sat Apr 11 06:37:46 +0000 2020	Salary recieve Office personal say need clear bank formality help 12 family run money
Sun Mar 15 12:10:32 +0000 2020	Korean Scientist 11298661 Respiratory disinfection steam vaccine salt water Anger Symbol Scientifically prove virus live brine
Thu Apr 23 08:43:58 +0000 2020	Layoff Free City Jeonju hope city follow positive step soon Way Jeonju Way Korea
Tue Mar 03 09:26:59 +0000 2020	North KOREA capture tourist North Korea accuse spy agreement tourist North Korea donot know agreement international bane restrictly tourist security CEO vinh Son province Phuc eath donot help PM asst
Fri Mar 20 08:11:20 +0000 2020	take long force people quarantine number go people follow protocol mouth spray saltwater people mouth walk shopping center mask
Tue Mar 31 01:41:25 +0000 2020	sir president respectly work restaurant SKOREA company CEO company stress Jobs drive Food SKOREA KIM CHI FAMOUSE work year donot money KIM CHI food
Fri Apr 10 07:22:12 +0000 2020	Hearten global effort curb Covid 19 Wish & amp family safe stay healthy HWAITING
Sun Mar 29 02:36:08 +0000 2020	reason share drink simple help raise defense confront virus virus affect people critical illness low defense
Fri Mar 20 06:01:17 +0000 2020	South Korea Best Right COVID Response MOVIE drama foot Tech Car Men Women President Like
Fri Feb 21 23:58:54 +0000 2020	want point situation KTX Normally pack passenger tightly car leave car annoy virus dangerous social distancing need practice slow spead
Wed Apr 08 05:33:07 +0000 2020	Trump like recognize effort 🇰 🇷 cut aid 🇰 🇷 bitch buy face mask save people economy talk
Wed Apr 22 10:26:25 +0000 2020	ok fake news big problem ur new post update mean ok right
Fri Mar 27 14:13:51 +0000 2020	Dear Mr 문재인 World Country Overcome COVID 19 Pandemic Save Economic Loss Read letter ask related people consider take suggestion
Tue Mar 03 09:05:39 +0000 2020	high CEO general COMANDERS true relationship MADAm PARK MADAm MYANMA CEO 40 30 mil Taiwain/1 bil CHINA viet nam 40 family car office money TAX 1985 1945 2025 court problem see
Wed Mar 04 02:16:55 +0000 2020	support strong heart believe defeat matter tough fan China
Thu Mar 12 07:47:13 +0000 2020	inspire effort protect people Wish good solidarity
Wed Apr 08 02:40:35 +0000 2020	resolve inequality Human want dignity charity
Sat Mar 14 00:14:34 +0000 2020	right hild Virus lead share world
Tue Mar 03 09:16:20 +0000 2020	High CEO SKOREA viet nam befor Laws Diplomatical scandal immigration labour viet nam SKOREA cancel stop CEO Diplomatical SKOREA good duty high national representative north Korea Viet Nam CHINA CUBA VENEXURIA BOLIVIA low responsib
Fri Mar 13 12:03:52 +0000 2020	police strong weaken old woman soft labour union guy policecare PAPER TIGERS SIMPLE USA POLIce system dear MR Moon Moon SKY
Wed Apr 08 07:06:27 +0000 2020	Mr Prime Minister strike news admit intensive care good shape couple week early virtual summit G20 leader
Mon Mar 30 13:28:16 +0000 2020	CONGRATULATIONS President Moon South Korean people 🌏 Citizen wonderful work President Moon Public Health Professional worker overcome crisis
Tue Mar 31 01:45:27 +0000 2020	ofen like morning stress Jobs wish Cafe bag viet Nam free minute listen bird sing care bird nearby singing morning swear TOBACO SKOREA MANBORO fmouse white style lighterr
Sun Feb 23 11:53:56 +0000 2020	trust Chinese anything，Pls trust Hongkonger Wuhan
Wed Mar 04 12:58:45 +0000 2020	government give hope people Korea overcome difficult situation people create 21st century AI industry culture develop policy measure economy peace health insurance
Tue Mar 03 09:04:09 +0000 2020	ALIBABA 40 robbery MYANMA CEO MADAM SUTDY UK 40 year jail father defence general comader money lION weak poem INDIAN capture MADAM PARK visit MADAM MYANMA sigh high jail miss come visit
Tue Mar 31 01:39:43 +0000 2020	sir President respectly power work Skorea restaurent CEO come famouse food SKOREA donot money eat KIM CHI famouse call TAXI time sit nearby security gate coffce want morning stay
Thu Mar 05 08:22:23 +0000 2020	move President Pres Moon Korean hope care health good care President public servant
Mon Mar 02 23:39:35 +0000 2020	trust Government
Tue Apr 07 10:57:58 +0000 2020	wish speedy recovery
Mon Mar 30 04:49:56 +0000 2020	test vaccine body sure think achievement achievement think traditional Chinese medicine doctor test new medicine sure cure disease body
Wed Mar 04 10:20:23 +0000 2020	Korean people pay attention personal hygiene follow government direction carefully good care Pres Moon & amp public servant worry health
Thu Apr 02 20:45:29 +0000 2020	sick tired China distort image Asia deceit lie Japan basically lap dog America Step demand include permanent Security Council China USELESS nation Money thing matter Korea
Tue Apr 21 00:58:33 +0000 2020	sex bathroom China good Japan development field Japan sex bathroom limit age preferential young man embody human
Fri Apr 17 23:47:57 +0000 2020	party identification provide powerful anchor evaluation governmental performance face national crisis public judgment South Korea Covid 19 response Interpreter
Tue Mar 03 06:07:09 +0000 2020	Thing protect body virus corona hand activity Drink lot water warm water especially morning Eat lot fruit vitamin good
Mon Mar 30 03:30:10 +0000 2020	Sir support provide COVID 19 testing kit populate country like India want test Million people possible means enhance support India Thank Mr President
Thu Apr 09 17:28:06 +0000 2020	humanity real leadership skill disaster time take care country contribute hand sir
Wed Mar 18 02:16:26 +0000 2020	hope help USA Wide screen testing Contact Washington State Governor Inslee ramp COVID 19 TEST need work Thank
Mon Apr 20 18:40:51 +0000 2020	mega bribe year ago fact consequence lee hsien loong frequently tell criminal elaborate release virus
Tue Mar 31 01:55:14 +0000 2020	simple true Law flat regulation clean inviroemts simple crow customer donot work restaurent lose customer swear lose customer income payment noisy tree value 100 million Viet Nam record CAMERA send bac
Mon Mar 23 00:47:02 +0000 2020	worship God passionately respond Word know God way word God intend describe reality remain unknown human being learn respond passionately Word
Thu Apr 09 11:37:09 +0000 2020	India South Korea need enhance partnership China sideline
Sun Apr 19 18:13:56 +0000 2020	Thank thoughtful word Mature citizenship crucial amid pandemic state need strengthen cooperation overcome crisis Base tighten bilateral tie defeat virus solidarity
Sat Mar 14 18:58:12 +0000 2020	Sweden test people mild symptom UK Germany try build herd immunity expose people risk death country unwilling invest resource epidemic control human right humanitarianism
Sat Apr 11 01:38:35 +0000 2020	person eye turn call God person think human think demon world salute think god india ji
Thu Apr 09 11:50:44 +0000 2020	Hi people Wake Mother Nature Let ignore caste religion social background etc UNITED HUMAN Social Distancing set DP & amp retweet fight CORONA
Tue Mar 03 09:55:23 +0000 2020	Prime Minister Lee hope trip home pleasant return Seoul Mekong ROK Summit enjoy read Seoul Travel Log write wife grateful love share Korea
Tue Apr 07 04:28:30 +0000 2020	Mr prime min great news killer Jesus & amp apostle custody & amp chain leader orginized crime jail forever joy heaven & amp Earth win drink living water die soon live water body collapse
Mon Feb 24 10:51:15 +0000 2020	believe Korean people care personal hygiene try best follow government guidance thoroughly Way Pres Moon public servant Korean CDC thank effort
Wed Apr 01 08:48:42 +0000 2020	Thank effort people live daily life Thank good medical team excellent producer COVID 19 Diagnostic Kit outstanding public servant remember hard work forever
Thu Apr 09 11:51:00 +0000 2020	India believe trust Modi ji 🙏
Mon Mar 30 04:48:21 +0000 2020	remeber life listen treat life doubt like believe god speak inner voice
Sat Mar 14 23:17:41 +0000 2020	Thank aggressive COVID 19 testing people possible & amp make statistic public & amp accurate idea consider govt & amp mishandle
Thu Apr 09 23:47:04 +0000 2020	Order bring state chaos creative process role play work land accomplish equipment work way
Thu Apr 09 11:38:36 +0000 2020	don foreign office report news
Thu Mar 05 08:47:48 +0000 2020	Prime Minister India send gorgeous garment modernize version traditional Indian costume know Modi Vest wear easily Korea fit perfectly
Thu Apr 23 01:05:23 +0000 2020	allow creation process begin happen experience Thing consciousness emergence live organism body divinely design operating establish control
Sat Feb 22 17:56:35 +0000 2020	Don SCAPEGOAT religion shinchunji church basic basic strategic intelligence world
Wed Mar 18 08:18:46 +0000 2020	leadership lead boost international demand consumption
Sat Apr 11 16:46:06 +0000 2020	people want free
Fri Mar 27 00:25:18 +0000 2020	Remark Pres Moon G20 2020 Extraordinary Virtual Leader Summit hope today summit serve opportunity reaffirm G20 member solidarity overcome COVID 19 ▶ Full text
Tue Mar 03 08:13:16 +0000 2020	share sir donot send sir ANBEE court SLAVE cold war donot listen coperation deal call 50/50
Sun Mar 29 02:36:31 +0000 2020	reason repeat Let raise defense help God face liter green lemon juice radish 10 cm ginger 1/4 teaspoon cayenn pepper medium red onion medium garlic head 300 ml honey bee
Tue Mar 31 01:43:11 +0000 2020	time call TAXI come province CEO company nearby SKOREA come jointed Play goft sport international carry goft bag time work VISION INTERNATIONAL GOFT TAIWAIN FUSHENG Viet namese
Thu Apr 09 11:37:48 +0000 2020	Ban Chinese product Indian good product quality wise well
Tue Apr 07 11:27:53 +0000 2020	Thank mr president pray wish speedy recovery
Tue Apr 07 04:59:33 +0000 2020	global solidarity Thank President~~^^
Tue Apr 07 04:34:55 +0000 2020	global solidarity Thank President~~
Wed Mar 04 15:14:57 +0000 2020	Opening Remark Pres Moon 9th Cabinet Meeting order respond infectious disease entire population take action principal agent quarantine effort ▶ Full text
Thu Apr 09 19:46:43 +0000 2020	MARKED MANUFACTURING UNIT PERMIT WORK MINIMUM MANPOWER LOCKDOWN CONDITION ARRANGE TEMPORARY ACCOMMODATION INSIDE FACTORY STRICT QUARANTINE CONDITION way counter target Thank
Sun Apr 05 12:21:00 +0000 2020	equality Sir Government think Foreigners Korea suffer financially
Thu Apr 23 08:04:21 +0000 2020	Message President Moon Jae Layoff Free City Jeonju
Thu Apr 09 00:49:02 +0000 2020	trouble confusion corona19 face difficulty special dimension faith God Word reality Jesus birth death resurrection John 14 Word God dwell earth human form body
Tue Mar 10 16:53:35 +0000 2020	like thank Highness Sheikh Mohammed bin Zayed Al Nahyan warm word unwaver trust
Wed Mar 11 02:23:00 +0000 2020	good leadership manifest cooperation people Korea Congratulation Thank inspiration
Fri Mar 13 21:16:58 +0000 2020	Message President Moon Jae Thank Pharmacist Frontlines Cooperation
Sat Apr 04 03:27:07 +0000 2020	Industry thank office United Kingdom Good useful Free trial month
Wed Apr 22 06:02:43 +0000 2020	ah Kim Jong Unce Unce hide clearly North Korea rarely hunch stuff North Korea missile launch week Trump think thinking let tell
Thu Mar 05 03:28:56 +0000 2020	stand strong President Moon 💪 🏻
Sun Feb 23 15:02:23 +0000 2020	🐕 ❤ 🐕 🆘 🆘 🆘 President STOP Dog torturen slaughter‼‼The Dog feel pain fear human do 😢 💔 😢 The world WAITING PROMISE PROMISE elect President‼ 🙏 Remove Dogs livestock NOW‼‼ 🙏 🙏
Wed Apr 08 05:37:43 +0000 2020	🐕 ❤ 🐕 🆘 🆘 🆘 President STOP Dog torturen slaughter‼‼The Dog feel pain fear human do 😢 💔 😢 The world WAITING PROMISE PROMISE elect President‼ 🙏 🙏 Remove Dogs livestock NOW‼ 🙏 🙏
Sun Apr 12 10:26:04 +0000 2020	🐕 ❤ 🐕 🆘 🆘 President STOP Dog torturen slaughter‼‼The Dog feel pain fear human do 😢 💔 😢 The world WAITING PROMISE PROMISE elect President‼ 🙏 🙏 Remove Dogs livestock NOW‼ 🙏 🙏
Tue Apr 07 04:03:03 +0000 2020	elect director general Dr Ghebreyesus individual suspect crime Humanity home country
Tue Mar 31 01:50:14 +0000 2020	like flower simple shop Flower tree nearby carry morning cafe bag like bird sing sir set ISO SKOREA coperation IMPORT SKOREA ofcous nation high ISO bird sing donot
Sun Mar 15 03:19:23 +0000 2020	Thank Pres Moon Jae South Korea donate Covid testing kit Philippines regional neighbor help recover soon regional economy boost 💜 👍
Thu Mar 26 14:25:07 +0000 2020	gold corporation currently Justin
Fri Apr 10 00:09:33 +0000 2020	expect country achieve economic growth good result sharing country know
Wed Mar 11 01:50:31 +0000 2020	🇨 🇳 🇨 🇳 🇨 🇳 🇰 🇷 🇰 🇷 🇰 🇷 💪 🏻 💪 🏻 💪 🏻Stay Strong
Thu Mar 05 06:45:07 +0000 2020	Do nt worry good ppl understand good bad guy want president attack strong excellent Polite gentle
Thu Mar 19 05:26:11 +0000 2020	ShutDown & amp Global StockMarkets Unnecessarily Cause Panic & amp Hardship
Tue Apr 07 04:42:12 +0000 2020	Sir blessing Korea entire global village
Sat Mar 14 03:55:31 +0000 2020	look learn time close border
Tue Mar 03 05:38:26 +0000 2020	stay strong 💪 republic Korea 🇰 🇷 ，chinese you 🇨 🇳
Thu Apr 09 12:00:07 +0000 2020	pakistan shut indian spy drone today Actually search tea plant pakistan tea fantastic pak army zinda bad 👏 💪 💪 💪
Thu Mar 26 14:22:33 +0000 2020	HST take small business think go help protect crisis
Sat Mar 28 12:16:33 +0000 2020	lock south korea month Don entertain single person road Distribute fast response medicine citizen south korea fast response medicine circulate entire world
Tue Mar 31 02:31:19 +0000 2020	fully support effort Secretary General Antonio Guterre launch 「 Circle Leadership prevention response sexual exploitation abuse UN operation 」 raise global awareness press issue
Tue Apr 07 06:58:59 +0000 2020	track working find cure F6 visa holder regional voting right Let protect family
Thu Mar 26 14:02:58 +0000 2020	Korea 1st country spread coronavirus infection case Italy Spain way get infection case explain answer base intelligence
Mon Feb 24 05:06:17 +0000 2020	Shut travel China start quarantine need start advance get hand people infect need sure don spread
Thu Mar 26 14:15:41 +0000 2020	apply EI online week ago spend hrs hold disconnect twice qualify response ve work pay tax 30 year apply Iam take care parent need assistance
Tue Mar 03 09:28:20 +0000 2020	USA president bil fomer come sorry mistake error USA come later Nortk KOREA restrictly Baned nearby CHINA North KOREA international duty HELP CHINA example CUBA RUSSIA VENEXURIA stupid like
Thu Mar 26 14:05:11 +0000 2020	good need plan step learn experience
Thu Apr 23 07:17:52 +0000 2020	great President Don let support till end believe President repect love
Sat Apr 11 06:41:29 +0000 2020	Pick stupid boy Satan come beloved Emperor country Japan 🇯 🇵
Thu Mar 26 14:21:36 +0000 2020	doesn Canada implement week lock like western country NZ start month lockdown Bite bullet & amp instead piecemeal crap isn get
Tue Mar 31 11:09:55 +0000 2020	Sir French economy good business model Sincerely Fabrice BOUSSEL 92290 Châtenay Malabry France
Sun Apr 12 05:35:16 +0000 2020	Instigate fear ensure lockdown country Self victimisation corner Don trust china accept official figure allow access
Mon Apr 20 02:59:37 +0000 2020	GROSS
Sun Apr 19 03:01:03 +0000 2020	show tackle pandemic follow science prioritize people health economy politically expedient 1/2
Tue Mar 03 08:28:08 +0000 2020	sir JAE MOON & lt & gt SOLAR Japan sir ANEE JAPAN JARMOON coulple donot know MADAM ANH Taiwain support Mix Hong Kong support befor Law taiwain Mix true sir send court JAPAN lose trust people
Thu Apr 09 11:40:42 +0000 2020	Modi ji person protect nation innovative reaction COVID 19
Fri Apr 03 00:42:28 +0000 2020	Minju Party shy running handle Banner neighborhood state bluntly Minju candidate protect people Coronavirus crisis
Thu Apr 09 11:36:45 +0000 2020	Prime minister Proud 🙏 🙏 🙏
Thu Apr 09 19:03:21 +0000 2020	LOCK RIOT PROTEST GENOCIDES ENDIA 😂 😂 😂 😂 😂 😂 THANX FEKU MODI INTERNAL DESTRUCTION ENDIA ENDIAN ENDIAN BCOZ ENDIANS NEED PROVE CITIZENSHIP CAA NRC NPR 😂 😂 😂 😂 😂
Thu Apr 23 01:01:37 +0000 2020	sorrow pain close pass away Time heal wound today situation life quarantine space experience sadness frustration trust Lord
Sun Apr 05 00:50:29 +0000 2020	difficult time stay connect isolated challenging download BostApp communicate new people near keep social distance available free Apple Google
Sat Mar 28 10:54:09 +0000 2020	Vivek Malaria chloroquine hiv medicine Pappaya patient create strong effect end virus
Thu Apr 09 11:36:48 +0000 2020	Indore ward 85 Jyoti tomar isn support poor illiterate people lockdown request BJP government action thanqq hope step
Tue Mar 31 12:23:37 +0000 2020	Remark Pres Moon Joint Press Conference Follow Korea Japan China Summit host Korea fulfill obligation ensure result trilateral cooperation benefit live people ▶ Full text
Wed Apr 22 00:31:45 +0000 2020	hope government entertainment place handsome man preferential treatment good free limit age admission limit uncle sex handsome man ensure young man sex handsome man
Sun Mar 29 00:38:02 +0000 2020	Thank decisiveness model world handle thank action save life wish run
Sat Mar 21 01:06:27 +0000 2020	Scream confidence future John 19 30 Jesus show confidence exactly accord God plan likewise know destination eternal fellowship Triune God Trinity creation
Thu Apr 02 21:15:53 +0000 2020	Remark Pres Moon Visit Gumi National Industrial Complex Government safeguard economy industry people livelihood fail ▶ Full text
Tue Mar 03 09:19:22 +0000 2020	husband wife ministry juice sigh husband wife USA SKOREA true viet nam true duty CEO nation corp USA send Viet nam SKOREA CHINA TAIWAIN court steel help cost viet nam 456 TAX
Thu Apr 23 04:44:36 +0000 2020	important thing foreigner good korean culture wish blue house rule protect privacy people live artist normal people respect support president Moonja
Mon Apr 06 04:19:15 +0000 2020	Listen Guy key thing boost earnings home
Thu Mar 26 08:26:04 +0000 2020	Corona Virus World CHINA Remove Fm UN seat Ban China & amp Export World Pr Planned Wuhan infect Entire China Democracy Hide virus info & amp Kills Dr want tell time action
Mon Mar 30 16:10:17 +0000 2020	Mr prime minister check bottle water distribution cov19 probably get people
Tue Mar 17 05:37:21 +0000 2020	People sugarcoat virus want fact CCP single handedly destroy world security & amp economy reason world de couple
Wed Apr 08 04:46:10 +0000 2020	Thank President Moon message support UK Prime Minister hugely appreciate
Thu Apr 23 04:55:23 +0000 2020	Mr prime minister Bible PROPHECY shall send sword bring sister sister brother brother
Wed Mar 04 00:24:05 +0000 2020	new Big format allow DPRK case nuclear state w/ Minimal Nuclear Deterrent abide nonproliferation & amp arm control
Tue Mar 24 16:32:27 +0000 2020	talk helpful tip stay safe consult Fauci limited capacity reopen economy okay 55 + need stay indoor cost
Wed Mar 18 02:41:37 +0000 2020	Excellency control COVID19 case inside country kindly suggest establish new guideline relate control inbound flight boarder crossing new case transmission come
Thu Mar 12 03:13:18 +0000 2020	Mr prime minister guess mess good help don know
Thu Mar 26 14:00:47 +0000 2020	Ah leadership remember United States
Sat Apr 11 06:22:54 +0000 2020	Mr prime minister tell wish change way pray Father hail Mary forgiveness sin henceforth obey God commandment & amp God call angel guide soul heaven journey pray Father
Thu Apr 09 05:22:38 +0000 2020	Mr prime minister sir guess don want hear tell year soon break strike aim
Thu Mar 19 05:22:38 +0000 2020	twit special finance measure 50 trillion win small business ASAP believe effective step economy wanna tell news world qiuckly Thank Pres Moon care Korean people 👏 🏻 👏 🏻 👏 🏻
Tue Mar 03 08:15:26 +0000 2020	way sir PHD Law true see venexuria Jointed position superiod court president Laws nation develop think way sir PhD law lend PHD Laws Binh CHINA true PHD CEO Viet Nam sir Trong CEO Binh CHINA CEO JARMOON CEO Hong Kong CEO Taiwai
Thu Mar 26 06:46:16 +0000 2020	Mr Jae send photo & amp health status ll help activate good February year powerful Man w/o let know get sick couldn service Andy Nguyen Trong Khoa Khánh Thiên Ed khoa seapearl com
Tue Apr 07 15:19:04 +0000 2020	Mr prime minister sorry hear hospitalization virus water like yesterday pray prime minister Johnson God send holy spirit strengthen heal
Sat Apr 11 05:07:29 +0000 2020	Mr prime minister want crisis end good tell pray Father hail MARY
Sun Apr 19 02:59:09 +0000 2020	proud excellent leadership heartfelt empathy country leader inspire Korea control COVID19 🌱 Pressident Moon surely Gobal Leader save lives‼️
Wed Mar 18 20:46:21 +0000 2020	Thanks President Moon worry friend JZ { } worried diminish medical resource Persia far away Persia South Korea close Brother & amp Sister gift SK+IR+US ⬇ 
Mon Mar 30 04:43:16 +0000 2020	hello wanna advice suggestion maybe research vaccine COVID 19 hear vaccine patient cure body automaticly serum blood serum
Mon Feb 24 04:03:43 +0000 2020	🇰 🇷 fan politics hearing & amp see country action help contain appreciate impressed pass info country 🇸 help improve
Sat Feb 22 15:36:44 +0000 2020	Greeting Pres Moon tweet Dennis Rodman Hope aid invite South Korea Regard
Thu Apr 02 16:46:09 +0000 2020	Heartbreaking General Decry Furlough Thousand Korean Base Worker
Thu Apr 09 18:37:19 +0000 2020	understand 102 test million good test humble request pls consider increase test way Identify positive case isolate Let rest India mind business
Tue Mar 24 18:09:32 +0000 2020	Hello Sir common man India request help country diagnose maximum possible case Covid 19 India lack testing kit huge population India reach stage million die
Thu Apr 09 17:40:57 +0000 2020	option India survive virus attack develop medical supply drug industry like prepare army defend India Pak China attack prep scale prep war Pakistan China
Fri Apr 10 03:24:12 +0000 2020	Great Hopefully advice start normal life common sense change social distance Korea shut
Wed Mar 18 15:48:35 +0000 2020	Opening Remark Pres Moon 13th Cabinet Meeting strive bring COVID 19 outbreak control prepare fledged measure order intensively boost domestic demand consumption ▶ Full text
Thu Mar 26 17:46:03 +0000 2020	hater lot force work non essential job LOCK MOTHERFUCKER young child live country NEED
Tue Mar 03 12:34:21 +0000 2020	Congratulatory Message President Moon Jae Korean Film Parasite Winning Academy Award
Wed Mar 04 14:21:43 +0000 2020	Address President Moon Jae 101st March Independence Movement Day ▶ Full text
Thu Apr 23 01:45:08 +0000 2020	Address President Moon Jae 60th Anniversary April 19 Revolution ▶ Full text
Thu Mar 05 14:15:12 +0000 2020	source courage hope Pres Moon 101st March Independence Movement Day
Fri Mar 13 08:15:07 +0000 2020	Special thank world support Korean battle COVID 19 hashtag campaign Let overcome COVID 19
Fri Apr 17 03:32:00 +0000 2020	Address President Moon Jae 101st Anniversary Founding Provisional Republic Korea Government ▶ Full text
Wed Mar 18 06:48:28 +0000 2020	currently talk social distance mind continue forward stick wrap arm shoulder Message Pres Moon March 04 2020
Mon Mar 30 06:19:24 +0000 2020	Address Pres Moon 5th West Sea Defense Day Mark West Sea Defense Day today commemorate indomitable hero renew commitment surmount COVID 19 outbreak ▶ Full text
Fri Apr 03 09:20:09 +0000 2020	Pres Moon attend 72nd anniversary memorial ceremony honor victim Jeju April Incident remark say Korean people effort reconciliation peace begin day April Incident
