created_at	text
Tue Apr 07 09:54:51 +0000 2020	[ Financial system region remain vulnerable 2external shock ESPESCIALLY country w / high private sector debt rate increase PRC INDONESIA Mlysia Phlpnes&amp Thailnd EAP debt FAST rate increase 4the rest world ]
Thu Mar 19 12:42:43 +0000 2020	test kit appoint hospital transparency data 🙏 🏼 worry family kid
Mon Mar 23 23:23:50 +0000 2020	Big data analytic active testing command center SARS 2012 stockpile supply aggresively isolate suspect person Success story mainly depend fast response transparency invest technology medical field SARs & amp MersCov scare
Mon Mar 23 23:21:30 +0000 2020	Big data analytic active testing command center SARS 2012 stockpile supply aggresively isolate suspect person success story mainly depend fast response transparency invest technology medical field SARs & amp MersCov scare
Wed Apr 01 03:57:18 +0000 2020	online active time worker Data Entry Logo Design Social Marketing Link Building Facebook page create tube channel create FB page & amp tube cover poster mail robin78909 com Upwork
Sun Apr 19 10:54:34 +0000 2020	Search freelance designer social medium poster company profile card product etc Contact WhatsApps 0822 4475 1155 Thankyou guy 🥰
Sat Mar 28 00:11:35 +0000 2020	President encourage member country safeguard global economy synchronize economic policy & amp instrument counter economic downturn result pandemic
Sat Apr 11 00:40:31 +0000 2020	Jokowi great build infrastructure slow+late vs VIRUS VIRUS spread city & gt INA 🤬 Bad crisis manager coz crisis life difficult endless IDEAS+BEST crisis management WIN Vs VIRUS NEED SPEED LOSE
Wed Mar 11 06:46:44 +0000 2020	Miserable fake titled criminal misuse public money killing People rich powerful Greedy piggy Het criminele fascistische koningshuis Het zijn maar roofridder
Mon Apr 06 23:13:13 +0000 2020	right decision now — inform science data experience medical professional — we save life country work read thought blog
Sat Apr 11 00:59:31 +0000 2020	March tweet April slow & gt VIRUS spread OUT 🤬 Many test rich donate / gov FOLK money Exodus / no riot++
Fri Apr 03 14:11:15 +0000 2020	New wisdom read consider tbis article 2004 italy Spread Fast do nt Know solution
Tue Apr 07 10:11:14 +0000 2020	throw disenfectant liquid suggest instal 180 270 UV light city lamp harmful human skin good inactivate virus street UV active
Sun Mar 29 02:00:38 +0000 2020	fight coronavirus Need Help Fight Coronavirus Need Support
Tue Mar 24 06:41:38 +0000 2020	Mr President Indonesia lucky stop economic lockdown slow healing cost life Virus Thank pragmatic leadership
Thu Apr 02 16:48:02 +0000 2020	corruption time
Thu Apr 09 01:52:56 +0000 2020	Tablighi Jammat terrorist organization Indian medium speak strong action
Thu Mar 05 12:51:01 +0000 2020	Hello Anti Masista Pro Banzerista help Arrest 2020 Need Armys Air Force Arresting Evo Morales
Tue Mar 17 01:45:25 +0000 2020	internet data free month
Thu Mar 05 13:16:35 +0000 2020	Hello Anti Masista Pro Banzerista help Arrest 2020 Need Armys Air Force Arresting Evo Morales Want Safe
Wed Mar 11 13:50:16 +0000 2020	Remember Indonesia Sodom Gomora Jailhouse Rock Cactus run Ghosttown Seattle Cactus involve attempt murder arsenic & amp money launder Google RI1 protect Cactus long
Thu Mar 05 14:10:05 +0000 2020	Hello Anti Masista Want Pro Banzerista help Arrest 2020 Need Armys Air Force Arresting Evo Morales Want Safe Like
Thu Mar 05 15:44:01 +0000 2020	AG absolutely certain unlawful deliberate corruption Jiwasraya subsequence allegation agaisnt
Wed Mar 25 01:52:09 +0000 2020	need help fight coronavirus Bolivia Send Like Mission Timor Leste like 1999 2000 Need Disinfectant Fight Bolivia Need help fight Need Support
Wed Mar 25 01:46:42 +0000 2020	need help fight coronavirus Bolivia mission like Timor Leste like 1999 2000 Need disinfectant fight Bolivia Need help fight Need Disinfectant
Thu Mar 05 08:16:40 +0000 2020	room day crime organisation thief base india international criminal frendz prevent help solve crime stay kuta sari house
Fri Mar 13 09:12:52 +0000 2020	demand transparency Pak week get clear information place avoid mere suggestion work home
Wed Mar 18 10:12:13 +0000 2020	fear lamentation blood continue flow land rebuke Judas come form politician evil Pharisee evil Rabbi Jew Eye YAHUSHUA KING JEW
Fri Apr 10 23:50:09 +0000 2020	tweet Jokowi Merkel Trump etc need time act = SLOW 👎 Austria KURZ take ASAP ACTIONS+BRAVE 👍 GER etc see crazy thx KURZ craziness Austria 13 555 GER slow 10x 122 171+INA MILLION thx Ramadhan FASTEN+EARLY EXODUS+EXODUS 😱
Tue Apr 07 10:17:44 +0000 2020	throw disenfectant liquid suggest instal 180 270 UV light city lamp harmful human skin good inactivate virus street UV active di Langit Jakarta
Wed Mar 11 06:56:43 +0000 2020	fake titled witch spend thousand tax cash fat body thin hormonal treat child tall rest family make illegal cash transaction woldwide money laundering
Fri Apr 03 17:02:12 +0000 2020	Great meeting President Widodo Discussed infrastructure job education address extremism improve business climate attract investment position implement comprehensive reform program boost median income
Sat Apr 04 21:52:02 +0000 2020	correction ventilator sophisticated technology thankyou 👺 👺 👺
Tue Mar 03 14:47:48 +0000 2020	* nyanyi 🎶 amazing speak right heart say word darken light Try explain hear don thing smile face let know fool well
Thu Mar 26 14:24:20 +0000 2020	Accompanied President G20 Virtual Summit COVID 19 Istana Bogor 26/03 Indonesia stress main objective win war COVID 19 fight collapse global economy
Mon Mar 16 15:57:16 +0000 2020	Support good Indonesia Pak concern cause fckn virus fast
Mon Apr 20 16:01:46 +0000 2020	Brazilian President join supporter motorcade protest quarantine social distancing
Wed Apr 08 05:31:35 +0000 2020	test crawl data
Tue Mar 17 20:42:44 +0000 2020	Ta Da need thank Corona Virus know money tax etc go hell money ppl suffer desperate fr help rubbish jokowi
Thu Mar 19 03:57:09 +0000 2020	Free Wifi Free Check charge Public Spot Check Free Public Transportation charge
Wed Mar 18 08:26:23 +0000 2020	Scrap insurance contribution JKN informal sector & amp TAX finance health system 19
Wed Apr 01 05:33:07 +0000 2020	Sory Pak Minister
Fri Mar 13 17:49:22 +0000 2020	Oh dear government literally money money money
Fri Mar 13 15:34:51 +0000 2020	Mantab Jenius Brilian box Anti mainstream
Fri Apr 03 09:35:39 +0000 2020	come check human development index situation demographic dividend invest human capital gkeb pdb berfaedah kkkk
Wed Mar 11 07:04:51 +0000 2020	Videla & amp Zorreguieta family welcome nazi fly away Europe gae land help Hitler settle Argentina Professional cartel
Fri Apr 10 03:10:30 +0000 2020	SPONSOR BANK PETROL STATION MONEY CHANGER INSURANCE COMPANY EMBASSY COUNTRY PEOPLE COUNTRY SPONSOR DIBACK PERURI FEDERAL RESERVE BANK BANK ENGLAND EUROPEAN CENTRAL BANK NATIONAL SWISS BANK
Tue Mar 24 07:34:09 +0000 2020	enforce payment manage money high trillion dollar support yoga company www company like google facebook twitter etc
Tue Mar 17 10:34:16 +0000 2020	lot money leave close campaign participate poor needy Ramadan month goodness
Wed Apr 08 06:14:19 +0000 2020	wish speedy recovery action Indonesia people suffer covid 19 pak didn speech condolence doctor medical assistant die case
Fri Apr 17 10:03:18 +0000 2020	Sory Pak Minister Luar Negeri ganti Woman work slow Minister smart mana sory people China entry tambang nikel bring virus cek bodys wary fear people village virus die Leader infringe HAM yesterday sory
Wed Apr 08 14:42:14 +0000 2020	Good evening home live build money help help child
Sun Mar 15 11:25:42 +0000 2020	Read Mr President stop toy people life right thing human
Fri Apr 03 12:59:28 +0000 2020	Sory Pak dizzy work Minister kesehata smart Woman work slow sory oneday sick parah fear want entry hospital people virus work sory City ready virus fear dizzy sory Joko 🍁 🍁
Thu Mar 26 23:14:00 +0000 2020	focus commitment fight Covid 19 mourning time unspeakable Mr President * Salute * leadership find root value set new bar leader inspire Indonesian
Wed Mar 25 13:19:20 +0000 2020	thing know Today lose beloved ibunda need think people tough deep condolence mum Allah grant Jannah afterlife
Wed Mar 04 11:39:15 +0000 2020	+ Dr Tedros+Jens Spahn++doctor / not doctor know GINGER+garlic+Kurkuma+lemon grass+vit C++HELP Ur IMMUNE SYSTEM great 💪 s Virus HATE U = U ill = possibility FEW wash Ur hand immune system BAD 😝
Fri Mar 13 08:20:55 +0000 2020	INA LIKE ITA+CHN BRAVE ACTION CANCEL event CLOSE border ONLINE CHURCH+MOSQUE etc like AUT++ GOOD gov / not = U PROTECT / NOT FOLK LIFE DANGER+DONT wait INA like ITA+CHN action day choose help stay alive
Sun Apr 05 14:34:15 +0000 2020	Hi invite join RewardDollars site let earn money social medium earn 771 Sign today 25 bonus
Wed Mar 18 10:49:58 +0000 2020	invent disease plague shall come household able figure RUACH ha KODESH shed Blood YAHUSHUA anti body Child shall use Prophcey
Sat Mar 14 05:22:14 +0000 2020	Do nt like business people think money incl+even care FOLK + + surely good & gt fav Good / bad gov love folk Jokowi love share bike FOLK live 🤬
Thu Mar 26 06:27:08 +0000 2020	human respect President Sir year hard healthy stay strong care eye bag handle nation need energy beloved mother proud Allah grant high paradise 🌹
Fri Apr 17 10:43:29 +0000 2020	Mr President Think perilous constellation Ramadan Corona Indosurya leave million Indonesian money food Stop criminal reiteration 1998
Sat Mar 14 05:16:39 +0000 2020	Do nt like business people think money incl+even care FOLK + + surely well favourite good bad gov love folk Jokowi love share bike FOLK live
Sat Mar 14 12:10:41 +0000 2020	need transparency period
Fri Mar 20 18:19:58 +0000 2020	ignore Indonesia girl wear burqa anti LGBTQ trend society
Mon Mar 16 10:37:22 +0000 2020	humble request Mr President don wait number increase right action need immediately human being obey consequence face sake country needful
Sat Mar 28 08:40:18 +0000 2020	present right attend mother funeral Hat beloved president commitment save people deserve
Thu Mar 26 19:02:34 +0000 2020	Indonesian Foreign Minister accompany President G20 Virtual Summit COVID 19
Sat Apr 18 17:43:40 +0000 2020	
Mon Mar 30 10:49:11 +0000 2020	plausibly demonstrate consistently inconsistent way mean & amp form creative excuse underlie problem w / our LeaserS 50YRS CONFLICT INTEREST way & amp mean
Sat Apr 18 07:29:05 +0000 2020	Ministry State Own Enterprise BUMN say PT Indofarma Tbk INAF Bumn Indofarma target sale reach Rp 97 trillion 2020 INAF optimistic reverse net loss profit Rp billion Fantastis { 400
Thu Mar 26 08:05:19 +0000 2020	Fight Spirit
Mon Mar 16 12:43:06 +0000 2020	know economy investor right
Tue Mar 17 07:25:55 +0000 2020	💕 👍 🙏 🇮 🇩 👍 🙏 🇸 🇬 💕 Indonesia open accept aid Singapore fight coronavirus President Joko Widodo say yesterday
Mon Mar 16 00:15:01 +0000 2020	all+ w/ HEART SOUL / HUMAN IMPORTANT+U wo nt let DIE+so GER GER 1000 / day CARELESS+BAD GOV+only care butt 👎 = One day GETS+U+Ur beloved 2 😝 +no worry RIP coz RACIAL different GER 🤣
Sat Mar 14 04:01:21 +0000 2020	need approach silence approach garbage tell def high crack
Fri Apr 03 01:16:26 +0000 2020	terrorist ICC Court sit like wrong
Thu Mar 26 15:25:09 +0000 2020	human Stay strong pakdee 💪 😢
Sun Mar 15 02:45:09 +0000 2020	need direct formal public address Pak Pres way Lee regularly Singaporean esp time crisis like dis ll effective infographic
Sat Apr 11 12:23:52 +0000 2020	& amp Cabinet Member & amp IQRO alias thoughtfully observe ve resourceful warning Honoraable Gentleman signify highly dignified personal Integrity
Thu Apr 09 16:52:25 +0000 2020	slow bos
Thu Mar 26 14:13:17 +0000 2020	President join G20 leader discuss global response deal crisis impact world economy coordinate response ensure increase production med supply push R&amp meds vaccine
Sun Apr 05 22:41:26 +0000 2020	Bill Gates Mass public gathering come mass vaccination+he build factory manufacture promise vaccine & gt test parallel
Fri Mar 13 05:26:46 +0000 2020	Mass testing Free testing Mass testing Free testing Mass testing Free testing Mass testing Free testing Mass testing Free testing Mass testing Free testing Mass testing Free testing Mass testing Free testing Mass testing Free testing Mass testing Free testing
Mon Mar 16 16:49:59 +0000 2020	Good quote day Corona virus outbreak fact acid test single country quality healthcare standard governance social capital Balakrishnan Singapore Foreign Affair Minister
Sun Mar 15 03:37:04 +0000 2020	slow Sir
Wed Mar 11 13:34:56 +0000 2020	❤ ️ ❤ ️ ❤ ️ ❤ ️ ❤ ️ Fight Convid19
Fri Apr 10 20:27:33 +0000 2020	tired stress think pandemic influenza vaccine attack Justice laboratory hamburg today close Maybe people tolerate suspect terrorist
Sat Mar 21 09:08:48 +0000 2020	plan death need start think people economy learn wake Mr President need harsh decision Italy make
Thu Mar 26 16:16:16 +0000 2020	omg proud daddy fight ❤ ️
Thu Mar 12 15:43:30 +0000 2020	bermuda / masalembo triangle reseach way sea landing flight safety indonesia / international transportation nb usualy report good gov meeting
Tue Mar 03 20:04:34 +0000 2020	Fuck PR shit use data kind information Katanya point
Fri Mar 27 00:43:32 +0000 2020	Earn money
Fri Apr 10 00:32:17 +0000 2020	Right decision
Thu Apr 23 00:21:44 +0000 2020	response disappointing administration leader didn hesitate claim jamu hot weather prayer away virus data suppression happen addition insuffecient testing call Indonesia time bomb
Mon Mar 30 04:14:08 +0000 2020	tell great transparency justification infection prevention strategy
Mon Apr 06 08:00:30 +0000 2020	fight Corona pray prayer pray home pray God God protect disease
Mon Mar 16 11:47:18 +0000 2020	deeply appreciate refining directive action benefit lot people inclusive incentive Medical Professional great Man love serve people afraid have criticize irresponsible Men
Fri Mar 13 07:15:02 +0000 2020	slow react cost huge late
Fri Apr 10 18:30:58 +0000 2020	Root address Animal Human Health Protected continue spread like plague Indonesia
Tue Mar 10 15:45:52 +0000 2020	2015 tell surely same+INDEED know misuse data tell etc etc fact expertise analyze+predict things+take step = a great 2 💪
Tue Mar 17 09:54:51 +0000 2020	right 😴 💤
Thu Mar 12 11:11:29 +0000 2020	travel ban Public gathering ban
Wed Apr 22 10:09:57 +0000 2020	bapa bth asist private ga sy available lho
Wed Mar 18 10:47:03 +0000 2020	evil one dark secret YAHUVEH tell secret follow guide light YAHUSHUA YAHUVEH protect Baby Bride Choose One Elect Prophcey
Mon Apr 06 00:04:43 +0000 2020	INA ca nt close Jakarta coz 70 INA money / economy Jakarta+riot etc closed/ INA close cities+village OUTSIDE Jakarta VIRUS do nt spread INA do nt do+TOO SLOW & gt city INA+MIO get 😱
Sun Apr 19 06:08:13 +0000 2020	Indosurya sanction vessel organize crime hope Mr President million victim wait action inevitable explosion
Thu Mar 05 17:00:39 +0000 2020	Right 👍 👍 👍 👍
Fri Mar 13 11:21:57 +0000 2020	Kesaaalllll right mr President
Sat Mar 21 09:41:45 +0000 2020	👍 😷 need mask hand sanitizer able prevent Covid 19 virus spread difficult find government provide free mask & amp hand sanitizer people Indonesia Cc
Tue Apr 07 15:01:31 +0000 2020	Advise prevent humanity civilization collapse
Fri Apr 10 08:24:52 +0000 2020	say coz advise relaxation = still coz HUMAN stuff JESUS & gt DEAD ca nt alive relapse / BACK VIRUS EXPLOSION+as long vaccine live w/ virus ANYTIME EXPLODE FEW thx + +
Fri Apr 10 08:33:27 +0000 2020	say coz advise relaxation = still coz HUMAN stuff JESUS & gt DEAD ca nt alive relapse / BACK VIRUS EXPLOSION+as long vaccine LIVE w/ VIRUS ANYTIME EXPLODE FEW thx + +
Mon Mar 23 11:25:23 +0000 2020	need retweet sir
Mon Mar 23 09:37:26 +0000 2020	Instead thank condolance call hero fam money sir~
Fri Mar 27 05:25:34 +0000 2020	President Trump go celebrate great victory distant future Note President Trump say coronavirus outbreak August long 100 page plan leak week warn 18 month long
Wed Mar 11 07:25:34 +0000 2020	know Dutchman exist man family man German fake title steal cash sponsor wars&amp killing money weapon drug Dutch people brainwahse bit stupid
Thu Mar 05 07:28:12 +0000 2020	Government People Representative MPR / DPR responsible wipe POVERTY accordance Country Ideology Pancasila Print Rupiah money necessary additional Budget Tax Money help Poor Indonesian
Tue Mar 31 04:49:03 +0000 2020	feed slow mitted work place
Mon Mar 23 09:39:53 +0000 2020	Instead thank say condolance call hero fam money sir
Sun Apr 05 22:21:43 +0000 2020	Mar8 warn Jokowi++
Wed Apr 08 03:18:49 +0000 2020	write speedy recovery President fgs ask stafsus Harvard create proper copy
Thu Apr 02 08:20:33 +0000 2020	plan plain muter
Fri Mar 13 15:34:52 +0000 2020	Lockdown pak Don try Gambling sir human life
Mon Apr 06 00:15:22 +0000 2020	Do nt want ECONOMY DEAD=&gt CLOSE cities+village OUTSIDE JKT++FOR HUMAN food+stuff+logistics+work people work CONTRACT well /companies close they / truck driver cough / fever allow enter = STOP VIRUS
Thu Mar 19 15:11:01 +0000 2020	think tweet day night thank
Thu Mar 05 07:46:20 +0000 2020	history world GOVERNMENT BANKRUPT LIE HOAX know print money help poor stand foot Government duty Best National Economy
Mon Apr 06 06:59:23 +0000 2020	Watch video understand social distancing paramount curb spread COVID 19 Let society support fight Coronavirus stay indoor avoid crowded place
Tue Apr 21 17:00:18 +0000 2020	Dad senior colleague envy dad success & gt plan accident kill alive+they dead meanwhile+son debile+daugther get hot water+my dad help trace+police chief w/ bribery buy tombstone like mom CURSE coz let FREE hit
Tue Apr 21 17:11:15 +0000 2020	Dad senior colleague ENVY dad success & gt plan accident kill ALIVE+they DEAD meanwhile+son DEBILE+daughter HOT WATER FACE+my dad help trace+police chief w/ BRIBERY+let FREE hit buy TOMBSTONE like mom CURSE
Tue Mar 17 22:12:49 +0000 2020	Oh sir admit cabinet spend money admit bad
Mon Mar 23 18:25:32 +0000 2020	Incubation 2weeks & gt mass test 2weeks start close schools+companies++MANY interested virus / not want money+good life & gt IMPORTANT tell FOLK risk FOLK behave IDIOT company CLOSE MONTHS+BROKE & gt LOSE JOB+NO MONEY++&amp NORMAL LIFE CANT HUG++
Wed Mar 11 06:54:06 +0000 2020	fake title royal Criminal use wrong name rule steal cash
Sun Mar 15 18:55:51 +0000 2020	Ban Consumption Wild Animal Dogs Cat Permanently cruelty danger dog cat wildlife trade require immediate urgent action safeguard animal welfare public health & amp safety
Sat Mar 14 05:18:08 +0000 2020	sir think time stop let enter
Sun Mar 15 05:05:42 +0000 2020	Indo bakal lockdown juga ga Atau tergantun pemda shd wary cool head help slow virus spread have ppl stay quarantine house kalo gaada urgency buat keluar rumah Buat official statement gt tole
Fri Mar 13 08:07:33 +0000 2020	GER LIKE ITA+CHN INA case INA EXPLODE BRAVE ACTION CANCEL event CLOSE border ISOLATION abroad+ITA company MEETING skype+video conf ONLINE SCHOOL+UNIVERSITY+CHURCH+MOSQUE etc like AUT++ 👍
Fri Mar 13 12:20:39 +0000 2020	Respected Sir increase number individual infect novel coronavirus urge consider lockdown city Jakarta slow movement virus work assiduously contact trace
Sat Mar 14 03:00:07 +0000 2020	Hundred Chinese foreigner enter Indonesia despite travel restriction
Wed Mar 11 06:35:18 +0000 2020	fake title maffia cartel rule NL call royal steal royally Dutch tax cash & amp sponsor war killing plane rebel invest weapon drug
Fri Mar 27 02:42:28 +0000 2020	Sir set high standard president human
Thu Apr 02 10:45:20 +0000 2020	kind god help holy month Ramadan reduce movement population 40 slow food necessity Hope Indonesia stop contagious decease end Ramadan GOD accept prayer
Sat Feb 22 00:21:22 +0000 2020	dare Jokowi Karimun Surely Spineless right
Tue Mar 10 17:53:15 +0000 2020	Washing hand important prevent illness long know tip wash hand properly nother Lady Isn easy wash hand
Sat Mar 14 04:25:33 +0000 2020	respect sir think dumb fuck right
Fri Mar 20 11:15:45 +0000 2020	would nt mess job right
Sat Mar 28 08:00:20 +0000 2020	Likewise feel mutual decide trust judgement didn want antagonize & amp thing bad prioritize
Fri Mar 27 18:17:06 +0000 2020	fundraising prevent spread Corona Virus follow PPE Hand Sanitizer Food Donation Send BRI 346401012753503 manage fund KPK Puskesmas
Thu Mar 05 13:27:51 +0000 2020	type
Wed Mar 11 06:36:32 +0000 2020	kid nazi junta regime killer rule NL steal Dutch tax cash cash poor people worldwide microcredit invest war drug killing
Thu Apr 02 07:26:44 +0000 2020	JKT 70 INA money ca nt close like Wuhan & gt problem STOP domestic flights+public transportation ca nt EXODUS/+CLOSE cities+desa2 OUTSIDE JKT VIRUS do nt spread INA+MANY TESTS city w/ 7days 1month 🤬
Sat Apr 11 01:04:58 +0000 2020	WIN vs VIRUS NEED SPEED LOST+SPREAD city INA thx GOV brave+think+act slow 🤬 SINCE GER advice rating+electability Merkel+GER gov hate FOLK HIGH+highest charge Jokowi rating down+U know
Wed Mar 11 15:17:34 +0000 2020	Dear Mr Joko Widodo vaccine prevent Covid 19 infection large fatal Use vaccine let people know use
Thu Mar 19 10:35:35 +0000 2020	do nt kill economy Insurance disaster Indosurya crime etc Great president
Thu Mar 26 06:23:48 +0000 2020	want effectively implement Work Home Jakarta large Indonesia pl free access Internet people mobile phone Like pre pay sim card let telkom Company Govt add free pulsa People stay home
Tue Mar 10 17:54:46 +0000 2020	big villain right corona virus feel anxiety panic excessive fear
Fri Apr 03 07:24:35 +0000 2020	prevent december right thing early
Tue Mar 17 03:58:35 +0000 2020	Foreign KITAS holder tell need fly abroad renew country close Potentially import virus return find crazy Common sense
Wed Mar 11 06:42:31 +0000 2020	wicked witch smile People manipulate steal cash trust child junta regime killer serve satan
Sat Apr 18 06:47:59 +0000 2020	NRW theory+live lab REAL LIFE+Laschet care butt wanna Chancellor human live human RIP alive 🤬
Sat Mar 21 14:44:23 +0000 2020	Indonesian survive Dear pak Jokowi think consider agree
Sat Mar 14 05:12:38 +0000 2020	pls want death unbelievable love share bikes+loves FOLK die well do nt share bike love folk alive dead+1st Ur mom+other get+die 1st finally know ca nt buy LIFE money 🤬
Fri Mar 13 08:29:51 +0000 2020	Czech Slovakia Saxony East GER AUT Singapore etc GOOD gov+LOVE FOLK & gt take RADICAL / BRAVE action CASE 👏 +WEST GER++care butt+want FOLK+all RIP coz Coronavirus INA UNDERESTIMATE virus+NOT brave = Enjoy INA like ITA soon
Thu Mar 19 08:05:33 +0000 2020	save economy Suspend stock market trading immediately drop becoz performance economy sentiment Situation force majeure prudent suspend trading stock exchange
Fri Mar 13 09:05:45 +0000 2020	CZE SVK Saxony East GER AUT Singapore etc GOOD gov+LOVE FOLK & gt take RADICAL / BRAVE action CASE 👏 +WEST GER++care butt+want FOLK+all RIP coz Coronavirus GER+INA UNDERESTIMATE virus+NOT brave = Enjoy like ITA+CHN soon
Wed Apr 08 11:28:06 +0000 2020	Sory Pak true City kita sepray vaksin let add virus sory oneday Minister Kesehatan woman work slow mans fast work smart virus pity Dr nurse die dizzy work sory sory
Thu Mar 12 18:06:08 +0000 2020	Dear Indonesia president book tour package right situation bad corona virus spread & amp advisory release avoid travel note travel agent provide refund
Thu Apr 09 01:56:25 +0000 2020	Muslim world strict action India media social medium kind wrong propaganda go Islam Muslim
Tue Mar 24 16:04:53 +0000 2020	Pak Jokowi consider lockdown Indonesia late Number increase safety step Nation Waiting news ASAP
Tue Mar 24 22:46:14 +0000 2020	native people open gate country tourist foreign worker Arab didn accept people come Umrah Indonesia twit sweet talk cause like sweet thing
Mon Mar 30 08:55:54 +0000 2020	Action pak jokowi Action
Sat Feb 22 15:19:11 +0000 2020	Obviously constructive view express aren competent profess vast experience Private & amp Bureaucracy nation ve sort countryman ve contribute
Sun Apr 19 05:58:37 +0000 2020	Yes Mr President agree government Indosurya fraudulent Koperasi leave million cheat savings constellation Ramadan Corona Indosurya perilious lead reiteration 1998
Thu Mar 19 19:07:37 +0000 2020	HOPE CONSIDER IMPLEMENT SOON WISH STAY HEALTHY SAFE THANK
Sat Mar 21 08:10:21 +0000 2020	feel Pak hope strong reminder hit hard leader take care carefully people case bout life nation strong Sir good 💪 God bless
Fri Mar 13 04:54:56 +0000 2020	Sir Namaste mother 80 + yrs return ND 21st March 2020 visa need extension humanitarian ground contact 9481780106
Mon Mar 23 08:46:19 +0000 2020	input 5 G NATO`s computer Beast punish country climatic disaster pay money climate disaster input 5 G detrimental country suffer climatic disaster loss
Sun Apr 05 22:43:45 +0000 2020	EASIER MILLION INA + RIP USA EXODUS Eid al Fitr REASON WUHAN close INA ca nt close JKT & gt IDEA CLOSE cities+villages OUTSIDE JKT VIRUS do nt spread do nt do+too slow = even 2000 ventilator w/ already 🤬
Thu Apr 09 09:27:55 +0000 2020	advise tweets+e mail Merkel+Kaesang do nt dad Jokowi + WORLDWIDE CLOSE ALL+warned Mar8+since Feb RIP Twitter DEADLY & gt AUT Kurz ASAP GER+INA+all SLOW AUT GET
Sat Mar 28 11:16:42 +0000 2020	People Start Loosing Jobs Pandemick Economick Problem Banking system Housing 100
Fri Mar 13 23:05:51 +0000 2020	test positive gon na send home right gon na virus spread ffs
Sun Apr 19 23:39:41 +0000 2020	Wish GER judge RIP like GER prof SANE Judge win rapist criminal terrorist etc+so win idiot judge home DEAD Covid19 already+so hope get+RIP know right home+they hell 😝
Mon Apr 20 00:04:48 +0000 2020	Wish GER judge RIP like GER prof SANE Judge win rapist criminal terrorists++Now win idiot judge home DEAD Covid19 & gt hope get+RIP know right + they hell 900
Sun Apr 19 23:48:59 +0000 2020	Wish GER judge RIP like GER prof SANE Judge win rapist criminal terrorist etc+so win idiot judge home DEAD Covid19 already+so hope get+RIP know right + they hell 900
Fri Apr 17 12:14:38 +0000 2020	Mr President Kooerasi vessel organize crime Indosurya violate principle Koperasi Cheat million citizen intervene dangerous unrest Ramadan reiterate 1998
Thu Mar 26 06:18:54 +0000 2020	deep condolance family Allah give good place stay strong stay healthy need
Fri Apr 10 18:36:47 +0000 2020	Sehat terus ya pak stay strong stay safe stay healthy TEAM Achieve ❤ ️ ❤ ️ ❤ ️
Wed Apr 08 02:23:51 +0000 2020	Internet Media mati
Mon Mar 30 15:58:06 +0000 2020	PRESIDENT RAGEN LAO PAMATONG PHILIPPINES PRESENT EASY FAIL SAFE PLAN STOP ONGOING WORLWIDE COVID PLAGUE DAY NATIONALLY INTERNATIONALLY
Wed Mar 25 05:57:46 +0000 2020	Luhut head cloud friggin economic growth aim world fire Chinese investment dream window 1998 bestow power people involve tragedy Man
Sun Mar 29 06:14:18 +0000 2020	late Don think lockdown help economic wouldn buy ton medicine focus feed citizen heal
Wed Mar 25 20:17:26 +0000 2020	imagine feel right word help ease loss bear good peaceful place God grand gift deserve goodness life 🙏 🏽 🙏 🏽 😭 😭 😭
Thu Apr 09 23:36:16 +0000 2020	nation world period upheaval right important support elect good leader November future please share Win Era PAC new way positive impact
Thu Mar 19 08:32:51 +0000 2020	Hi guy recommend great Solar Light seller Amazon buy year get great fun charming lighting atmosphere house beautiful Solar motion sensor light outdoor like
Sat Mar 14 04:04:18 +0000 2020	way president try protect way far professional president try amateur leader
Thu Mar 26 18:40:19 +0000 2020	Mr President RI conference KTT Luar Biasa G20 today Bogor imagine feel speechless professional maybe sad inside strong proud Mr President 🙏 🙏 🙏
Fri Mar 13 06:51:25 +0000 2020	INA LIKE ITA+CHN BRAVE ACTION CANCEL event CLOSE border ONLINE CHURCH / MOSQUE etc like AUT++ GOOD gov / not = U PROTECT / NOT FOLK LIFE DANGER+DONT wait INA like ITA+CHN action day choose help stay alive
Fri Mar 13 06:52:16 +0000 2020	GER LIKE ITA+CHN BRAVE ACTION CANCEL event CLOSE border ONLINE CHURCH / MOSQUE etc like AUT++ GOOD gov / not = U PROTECT / NOT FOLK LIFE DANGER+DONT wait GER like ITA+CHN action day choose help stay alive
Wed Apr 08 03:33:02 +0000 2020	Speedy recovery LOL
Wed Apr 08 04:33:22 +0000 2020	Hh Speedy recovery
Tue Mar 17 07:30:45 +0000 2020	Friday Singapore Consul General Batam Mark Low hand 50 personal protective equipment set ventilator Batam Mayor Muhammad Rudi city tackle rise number infection Thank
Thu Mar 26 20:39:19 +0000 2020	President engage discussion PM world leader Extraordinary G20 Leader Summit G20 leader agree implement measure protect life safeguard job minimise trade disruption
Wed Mar 25 08:11:19 +0000 2020	mean besar big you re right goddamn mean great do nt think
Mon Apr 06 08:15:59 +0000 2020	Trust reserve little
Wed Mar 25 11:25:00 +0000 2020	Strong Pak mother prud president love deep condolance family
Fri Mar 20 09:31:45 +0000 2020	short Bapak Presiden command strong word people instead himbau vague word believe GOD save Indonesia world cause love creation 🙏 🏻
Mon Mar 16 04:00:29 +0000 2020	Trevor Noah salah satu favorit saya punya poin bagus kami butuh strong leader amid corona virus set expectation nation instead say worry shake
Thu Mar 26 16:31:23 +0000 2020	Greatest President Mr Thanks lot safe strong happiness support ur family matter good role model
Mon Mar 23 22:56:40 +0000 2020	ve prevent early sir
Thu Apr 09 12:56:50 +0000 2020	trust statement
Tue Apr 21 01:28:58 +0000 2020	Faith trust Allah
Fri Apr 03 10:40:25 +0000 2020	Ready Action
Sat Apr 18 00:28:43 +0000 2020	PRESIDENTE cq mrs retno power peacemaker MR XI & amp MR TRUMP need PROACTIVE stop coronawar & amp RECOVERY ECONOMY WORLD Soon&amp SOON 😎 😎 😎
Tue Mar 10 16:18:07 +0000 2020	Inside lift office church mosque cinema bus train airplane hospital etc good SPREAD coz breathe air+why KOR lady get second inside lift touch money door handle+ALL touch
Mon Mar 23 08:46:39 +0000 2020	stop project 5 G NATO`s computer Beast continue punish country harm God people ask stop implementation 5 G project build 5 G tower country world Eva
Mon Apr 06 18:01:10 +0000 2020	Hello sorry ask support fundraising project child continue study university help help share project world Thank
Sat Mar 14 12:55:53 +0000 2020	Dear pak loveee visit wonderful Indonesia year like allow people affect badly country enter bad pray cancel trip year 😩
Sun Mar 15 10:10:17 +0000 2020	trust Mr President
Mon Mar 23 00:44:23 +0000 2020	Action dong pak
Wed Apr 08 06:45:15 +0000 2020	Speedy recovery change indihome
Mon Mar 23 17:35:22 +0000 2020	TELL FOLK situation+if follow instruction WIN vs virus like CHN+KOR+soon NORMAL LIFE WONT NORMAL life+VERY LONG time home job money+million GET+MANY RIP+U KILL Ur parents+relatives+neighbors+boss+profs++coz CARELESS
Mon Mar 16 11:36:56 +0000 2020	Pake zoom think google meet high quality
Sat Mar 14 02:53:52 +0000 2020	focus Mr President trust
Fri Mar 27 02:11:42 +0000 2020	trust pakde 👍 👍
Tue Mar 17 06:36:42 +0000 2020	respect pak Prez stop prioritise economy investment pak risk COVID 19 imminent focus develop testing facility broaden coverage beg
Tue Mar 17 12:05:45 +0000 2020	Greater Action tolong pak
Sun Mar 15 22:23:42 +0000 2020	ready set action cut
Mon Mar 30 14:52:27 +0000 2020	Action Talk
Tue Mar 31 01:47:38 +0000 2020	mention action
Sun Mar 15 21:52:44 +0000 2020	LIFT / MRT / Bus/ waiting room / office / cinema / church / mosque coz breathe AIR = NO NEED touch money / the ill one+EACH get SPREADS ALL+why ASAP many+million get+RIP possible do nt action like CHN+why 80844 👏
Tue Mar 10 16:41:56 +0000 2020	dead soccer+if events+championship postponed+if watch soccer+sermon HOME church / mosque++But events+soccer++ ILL+RIP+NO 2021 2020 RIP+/world end 😝 U unwise+think money only = what love Ur heart 👎
Fri Apr 17 06:30:10 +0000 2020	Sory Pak Country like virus virus economy roar patient sory Minister Perhubungan work car want bring sembako kapal macet driver prone virus fear pity want eat family sory Joko 🍁 🍁
Mon Mar 30 13:16:26 +0000 2020	Truss
Fri Mar 20 05:09:34 +0000 2020	trust pak 🌹 🌹 🌹 🌹
Tue Mar 17 05:38:37 +0000 2020	action talk NATO
Wed Mar 18 10:19:24 +0000 2020	action
Tue Mar 31 12:45:07 +0000 2020	NATO Action Tweet
Fri Mar 20 15:28:47 +0000 2020	Problem Covid29 solve immediatelly Virus away origin normally Majapahit spirit die united power require NKRI destroy Covid19 ECOVID20 Economy Virus Disease 2020 Trust GOD way awaken NKRI ✋
Fri Apr 03 07:06:19 +0000 2020	SIR MAX INDONESIAN TOURIST VISA SPREADED CORONA INDIA WL WL HANG INVESTIGATE PLAN WL INDONESIA STAND INDIA SIR BODY INTENTION DEALT STRINGENTLY EXPECT ACTION JAI HIND
Fri Apr 03 06:10:24 +0000 2020	Plin plan
Mon Mar 16 13:24:39 +0000 2020	GER FINALLY HEAR advice+predictions+CLOSE church mosque fitness center bar discos museum expo sport club park pool etc coz everyday 1000 new case BIT LATE coz sok+Besserwisser like INA+no worry INA EXPLOSION
Thu Mar 19 11:26:27 +0000 2020	Truss pie
Wed Apr 22 21:00:20 +0000 2020	Ah * Stuttgart GER+ kill Twitter tweet deport mafia waste GER money only+U do 💪 SPD let mafia angry+kil Twitter + Twitter order USA USA unlucky + make busy bear Feb 1st Twitter 2014 4000 follower
Wed Apr 22 21:10:58 +0000 2020	Ah * Stuttgart GER+ kill Twitter tweet deport mafia waste GER money only+U do 💪 SPD let mafia angry+kil Twitter Twitter USA & gt USA unlucky order+made busy only 🤬 This bear Feb 1st Twitter 2014 4000 follower
Wed Mar 11 12:58:06 +0000 2020	get cliche repetitive good advice Tell people stay home simply self quarantine possible meter distance people public YUK WASPADA
Tue Mar 31 18:56:47 +0000 2020	Mar29 hrs WALK bank+church+BACK 💪 NOT take bus / train / tram / plane / cab do nt want 😝 No interest 2x & gt take money month rent need bank month 😝 Landlady want cash pay card etc 💪 🙏
Mon Mar 30 10:44:57 +0000 2020	Trus
Sat Mar 14 06:37:10 +0000 2020	pls want death what 🤬 unbelievable love share bikes+loves FOLK die well do nt share bike love folk alive dead+1st Ur mom+other get+die 1st finally know ca nt buy LIFE money 🤬
Mon Mar 30 23:05:15 +0000 2020	Java / pribumi BLOOD like LOVE INA+FOLK do nt want RIP LET Ur blood RIP+my grandpa give money INA break 1950+mom grandpa kill JPN coz helped+hid+gave food INA gerilya JPN time 💪
Thu Mar 26 14:30:50 +0000 2020	strong ya pak Jokowi strong nation strong
Sat Mar 14 02:39:05 +0000 2020	trust handle case focus Mr President
Fri Apr 03 06:54:33 +0000 2020	Bpk Presiden dan team mohon menyimak addition save life infect Covid 19 help society adhere cope lockdown shift lockdown mode public health containment mode rapidly possible Prof Jeffrey Sachs
Sat Mar 21 02:48:17 +0000 2020	Know Real problem country Prepare People Healthcare
Fri Mar 20 08:18:42 +0000 2020	Plan contingency plan
Mon Mar 30 09:13:08 +0000 2020	Trus py
Fri Mar 20 05:25:43 +0000 2020	Sehat truss pake De
Thu Apr 09 11:07:28 +0000 2020	good sir trust grow country
Tue Mar 17 07:28:51 +0000 2020	Speak press briefing State Palace Bogor Mr Joko say speak SG PM Lee Hsien Loong abt assistance elaborate kind help give Test kit & amp standard prosedur perawatan Pak SG death
Thu Mar 19 06:43:24 +0000 2020	want set example country tell lock ben lock like Indonesia lock holiday travel hemmm
Sun Mar 29 12:39:36 +0000 2020	time launch TRULY universal health reform 19 patient
Wed Mar 18 06:29:47 +0000 2020	trust lose Mr Presiden sorry 🙏 ✌ ️
Sun Mar 15 03:50:20 +0000 2020	honestly need good crisis management team lose people trust FAST
Wed Apr 01 08:27:42 +0000 2020	Selamat bertugas presiden kami good trust 👍 🇮 🇩
Wed Apr 22 08:33:05 +0000 2020	GER SLOW start everyday MORE+MORE GER part + INA & gt 1month prohibit exodus MILLION EXODUS EARLY ALREADY 🤬 But GOOD LATE mask vacuum clean bag
Thu Mar 26 08:55:41 +0000 2020	strong
Thu Apr 23 06:59:17 +0000 2020	good chance legacy come 19 truly universal publicly finance
Tue Mar 17 11:47:17 +0000 2020	ur shit bro deserve FREE TEST
Thu Apr 02 05:38:57 +0000 2020	hire Feel free dm
Fri Mar 13 15:30:28 +0000 2020	Jujurlah pak presiden need real action
Thu Mar 26 08:48:45 +0000 2020	deeply trust go get tough tough go
Thu Mar 12 16:35:29 +0000 2020	Upload random photo laptop Abe Shinzo
Mon Mar 30 11:05:53 +0000 2020	GER Chancellor SÖDER 👏 Fight vs Coronavirus like MERKEL++GREAT SPEECH JOKOWI+all hear+say FOLK SERIOUS+MUST STEP+EXTENDED till Apr19+NOT CARELESS pls SAVE Lives+hospital READY Emergency+company PRODUCE masks++
Mon Mar 30 11:01:53 +0000 2020	GER Chancellor 👏 Fight vs Coronavirus like others+++GREAT SPEECH Jokowi+all hear+say FOLK SITUATION+MUST STEP+EXTENDED till Apr19+NOT CARELESS pls SAVE LIFE+hospital Ready+company PRODUCE masks++
Fri Mar 20 11:04:39 +0000 2020	Bayer AG GER chem+pharmaceutical company dismiss employee refuse undergo 14 day quarantine home return abroad Beijing Bayer AG say official account Mar17 👏 GOOD coz ruin health+RIP w/
Thu Mar 26 15:31:37 +0000 2020	strong sir
Wed Mar 25 17:26:06 +0000 2020	Stay strong sir
Wed Mar 25 15:32:36 +0000 2020	Stay strong Mr President
Thu Mar 26 15:35:07 +0000 2020	strong Sir
Fri Mar 27 00:47:29 +0000 2020	Pak strong
Wed Apr 22 01:21:26 +0000 2020	strong brather
Sat Mar 21 16:49:51 +0000 2020	present world
Mon Mar 30 16:53:51 +0000 2020	set free damn
Tue Mar 17 21:05:10 +0000 2020	Bayer AG GER chem+pharmaceutical company dismiss employee refuse undergo 14 day quarantine home return abroad Beijing Bayer AG say official account Mar1 👍 GOOD coz RUIN HEALTH+RIP w/ 🤬
Thu Mar 12 15:39:59 +0000 2020	Harvard prof say radical action GER like ITA+CHN+500000 GER RIP Merkel pls tired gov+let folk hurt / rape / stab / kill = if million GER RIP mass murder want kill Ur folk
Mon Apr 06 00:03:40 +0000 2020	do nt want sacrifice parties+so INA Eid al Fitr big event muslims+prefer companies+schools++close MONTHS = IDIOT 👎 Million INA virus home+spread virus+INA gov slow act+dont want prohibit mudik million like CHN gov
Wed Apr 22 08:25:46 +0000 2020	GER SLOW start WAJIB masker everyday MORE+MORE GER part + INA & gt 1month prohibit exodus MILLION EXODUS EARLY ALREADY 🤬 But GOOD LATE DIY mask vacuum clean bag
Wed Mar 11 05:18:48 +0000 2020	Sory Pak true Minister kesehatan ada sick virus perawat baju pelindung pakai jas hujan unique oneday Minister smart fear perawat people panik sory Joko 🍁 🍁
Sat Mar 28 08:58:17 +0000 2020	Kabor tross
Thu Mar 26 01:03:18 +0000 2020	Stay strong President
Thu Mar 26 14:33:55 +0000 2020	strong Mr President
Thu Mar 26 15:32:19 +0000 2020	strong 💪 🏽 Sir
Thu Mar 26 15:34:49 +0000 2020	STRONG PRESIDENT
Thu Mar 26 16:33:13 +0000 2020	stay strong sir
Thu Mar 26 01:14:15 +0000 2020	Stay strong Sir
Wed Mar 25 22:45:00 +0000 2020	Stay strong Mr president
Wed Mar 25 14:21:03 +0000 2020	Stay strong sirrrr 🙏
Thu Mar 26 15:30:59 +0000 2020	strong mr president
Thu Mar 26 15:35:01 +0000 2020	strong sir 🙏 🏻
Fri Mar 27 00:45:36 +0000 2020	strong Mr president
Fri Mar 27 00:41:19 +0000 2020	Stay strong Indonesia
Thu Mar 26 21:55:34 +0000 2020	strong 💪 👏
Fri Mar 27 04:23:04 +0000 2020	Stay strong Sir 🙏 🏻
Thu Mar 26 21:37:48 +0000 2020	strong president
Fri Mar 27 02:14:10 +0000 2020	strong sir 🤘 🏻
Wed Mar 25 23:12:40 +0000 2020	strong hero
Thu Mar 26 04:09:23 +0000 2020	Stay strong Mr President ❤ ️
Fri Mar 27 00:37:37 +0000 2020	Stay strong Pak Presiden
Mon Apr 20 09:52:13 +0000 2020	WONT let STREECK LASCHET+ALL MISUSE IDEA save BILLIONS people ideum yours 🤬 U care butt+wanna Chancellor+WONT Chancellor QUIT CHURCH+God hear Coz kill NAZI do = SADISTS+VIP hell 🤬
Wed Apr 08 03:28:59 +0000 2020	Dutch indonesia wish BoJo good luck quick recovery
Wed Apr 08 07:11:41 +0000 2020	thought prayer PM family difficult time Indonesia wish speedy recovery good wish
Mon Mar 30 10:56:02 +0000 2020	GER Chancellor Markus 👏 LIKE speech min ago 😍 He fight vs Coronavirus like others+++GREAT SPEECH Jokowi+all hear+say FOLK CARELESS+muss save life+extend till Apr19+hospital Ready+company product masks++
Thu Apr 23 08:28:34 +0000 2020	ah * mob internet+twitter everyday Wish GER months+U+fam RIP Like CURSE work kill Twitter Feb wish GER+USA COWARD Twitter USA + indeed Facebook Instagram etc ah*+coward like Twitter
Wed Apr 08 07:28:40 +0000 2020	Speedy replace Indihome difference lemoooth Plis telkom Speed Recovery 😝 😷
Wed Apr 08 07:29:40 +0000 2020	Speedy replace Indihome difference lemoooth Plis telkom Speedy Recovery 😝 😷
Thu Mar 19 20:01:27 +0000 2020	think MERKEL CHANGE MIND month BLOCK close border+WORLDWIDE MORE+MORE ACTION vs w/ BRAVE + + e mail+they ASAP say close border mosque church school companies++
Mon Mar 16 11:42:49 +0000 2020	Stay safe strong sir
Thu Mar 26 00:33:02 +0000 2020	strong mr president 😭 😭
Thu Mar 26 17:26:47 +0000 2020	Stay strong president
Wed Mar 25 23:09:32 +0000 2020	Stay strong mr president
Thu Mar 26 15:30:16 +0000 2020	strong 😭 🙏
Fri Mar 27 08:58:40 +0000 2020	president strong
Wed Mar 25 17:56:44 +0000 2020	Stay strong pak presiden
Thu Mar 26 04:16:20 +0000 2020	strong Mr President RIP
Thu Mar 26 05:39:10 +0000 2020	Stay strong Mr President 🙏 🏻
Fri Mar 27 01:58:42 +0000 2020	STAY STRONG SIR 💪 💪
Wed Apr 01 09:54:15 +0000 2020	Strong
Fri Mar 20 03:15:00 +0000 2020	God Universe Stay healthy Chief
Sun Mar 29 13:01:34 +0000 2020	step Mr President bring subordinate decide lock step nicely
Sat Mar 14 02:04:44 +0000 2020	disaster movie start government didn trust scientist real world God bless
Wed Mar 11 06:51:08 +0000 2020	criminal Zorreguieta family banker junta nazi maffia steal misuse CASH deserve prison
Thu Mar 19 11:04:51 +0000 2020	Good decision strong Mr President
Thu Mar 26 15:32:03 +0000 2020	Stay strong Mr President Classy 👏 🏻
Wed Mar 25 15:31:57 +0000 2020	Stay strong Mr President Alfatihah 🤲 🏻
Thu Mar 26 16:20:32 +0000 2020	strong President Pak
Thu Mar 26 15:30:57 +0000 2020	strong president 🔥 💯
Fri Mar 27 09:19:57 +0000 2020	strong pakde 🥰 healthy
Fri Mar 27 05:11:33 +0000 2020	Stay safe strong sir 🙂
Fri Mar 27 02:04:54 +0000 2020	Strong hero & lt
Fri Mar 27 02:31:28 +0000 2020	strong ang stay safe sir
Thu Mar 26 17:26:54 +0000 2020	Stay strong sir love
Tue Mar 17 07:52:51 +0000 2020	Dasar economy stupid
Fri Apr 10 08:02:57 +0000 2020	Harap Pak ambil juga man disaster tahunan pembakaran terbuka yg come soon Msian Sing company culprit CHARGE Enforcement court yearly disaster suffocate destroy quality life million
Wed Apr 01 05:38:06 +0000 2020	good effort help people nation trust sir
Tue Mar 10 16:06:46 +0000 2020	Inside lift office church mosque cinema bus train airplane hospital etc good spread coz breathe air KOR lady get second inside lift touch money door handle+ALL touch
Sat Mar 14 16:19:13 +0000 2020	GER expect 500 000 GER DEAD INA MILLIONS++INA wo nt money+capacity MILLION treatments+NO doctor medicine+disinfectant etc+why day LET DIE save ca nt save
Mon Mar 23 17:32:56 +0000 2020	TELL FOLK situation+if follow instruction WIN vs virus like CHN+KOR+soon NORMAL LIFE WONT NORMAL life+VERY LONG time home job money+million GER+MANY RIP+U kill Ur parents+relatives+neighbors+boss+profs++by Ur behavior
Thu Apr 02 07:15:04 +0000 2020	CLOSE airports+ports++ASAP+ISOLATE WNI+WNA abroad+back city w/ virus w/ open & gt spread INA + LAW StayAtHome JAIL+MONEY POOR+CLOSE city OUTSIDE JKT++While StayAtHome think BUILD hospitals+million masks++ 😝
Thu Apr 02 07:17:01 +0000 2020	CLOSE airports+ports++ASAP+ISOLATE WNI+WNA abroad+back city w/ virus w/ StayAtHome open & gt spread INA + LAW StayAtHome JAIL+MONEY POOR+CLOSE city OUTSIDE JKT++While StayAtHome think BUILD hospitals+MIO masks++ 😝
Thu Apr 02 07:13:07 +0000 2020	CLOSE airports+ships++ASAP+ISOLATE WNI+WNA abroad+back city w/ virus w/ open & gt spread INA + LAW StayAtHome JAIL+MONEY POOR+CLOSE city OUTSIDE JKT++While StayAtHome think hospitals+MILLIONS masks++ 😝
Tue Mar 31 02:31:32 +0000 2020	Ur mask wear mask protect coronavirus big mistake Chinese scientist say
Thu Mar 12 09:23:41 +0000 2020	people merely Sick & amp Tired HEARING thing numerous time eversince call reformasi Thing WORSE increase import Ag Prod constitutionalize PolEcon Plan
Mon Mar 16 19:38:06 +0000 2020	Stay strong & amp healthy pak 🙏 🏻
Thu Mar 26 15:26:41 +0000 2020	strong President 👍 👍 👍
Thu Mar 26 06:39:23 +0000 2020	RIP strong ya pa
Wed Mar 25 14:23:51 +0000 2020	strong pak God bless ❤ ❤
Thu Mar 26 17:33:50 +0000 2020	professional person Stay strong Pak
Thu Mar 26 15:29:31 +0000 2020	Stay Strong Mr President
Fri Mar 27 05:11:23 +0000 2020	level profesionality strong sir
Fri Mar 27 00:21:24 +0000 2020	know strong pak de ❤ ️
Fri Apr 10 02:50:41 +0000 2020	Stay strong stay healthy Mr Presiden
Wed Mar 18 01:57:05 +0000 2020	3D printer save life make new respirator valve free
Mon Apr 20 10:25:40 +0000 2020	IDEA CLOSE wo nt get 💪 NOT 🤬 MILLION die Nazi prof live lab REAL LIFE HUMAN dead alive Jesus machine+car = wish such+fam RIP know DEAD already 🤬
Mon Apr 20 13:52:45 +0000 2020	HEAVEN / hell+PRAYER HEAR / not DOESNT DEPEND church / mosque / U Pope / PM / Chancellor / Pres / Nobel etc HYPOCRITE+ego not 😝 1st PRIORITY HUMAN LIVE Ur EGO church / mosque++must open EXODUS tradition++ & gt MILLION get+RIP + U VIP hell 🤬
Thu Mar 19 12:18:54 +0000 2020	TOLONG APD DI RUMAH SAKIT TOLONG BOS WANT DOCTOR PROTECT HUMANITY DIDNT TRY PROTECT
Fri Mar 13 16:53:23 +0000 2020	HELLO SIR THINK TIME LITERALLY PREVENT OUTBREAK VIRUS
Sat Mar 28 00:11:35 +0000 2020	President join COVID 19 host Saudi Arabia 3/26 call member country actively lead effort find antivirus & amp vaccine
Wed Mar 11 07:22:55 +0000 2020	steal cash misuse resource People Let awa country
Thu Mar 26 14:04:20 +0000 2020	Deep condolence pakde stay strong ❤
Wed Mar 25 14:25:19 +0000 2020	Aamiiin stay strong pak
Wed Mar 25 14:19:07 +0000 2020	strong President 😢 🙏 🏻 🙏 🏻 🙏 🏻
Fri Mar 27 08:01:11 +0000 2020	send love ♥ ️ strong pak
Fri Mar 27 09:34:22 +0000 2020	strong president God bless 🙏 🙏
Fri Mar 27 02:48:17 +0000 2020	know strong pak dhe
Wed Apr 01 08:43:03 +0000 2020	Stay strong President people
Thu Apr 02 01:49:14 +0000 2020	Stay strong President poeple
Tue Apr 21 01:59:25 +0000 2020	support Mr President Indonesia stay strong
Thu Mar 12 07:54:00 +0000 2020	good matter disease away Let day beautiful Draw happiness prevent coronavirus 🙏
Fri Mar 20 15:03:47 +0000 2020	Thank pak rapid action well good Indonesia
Wed Mar 11 06:50:09 +0000 2020	fake title monster willem alexander maxima ah bah dirty lier child nazi supporter grand father father member nazi organization father give land nazi go Argentina KLM
Fri Mar 27 01:52:22 +0000 2020	Food Crisis Pricing Roarinng country Lock Productivity
Thu Apr 23 09:32:34 +0000 2020	ECONOMY COVID 19 STUPID F**CKw 01
Sat Mar 21 01:25:38 +0000 2020	strong Presindent Love You ❤
Wed Mar 25 21:52:57 +0000 2020	Pak Jokowi strong yaaa walk
Thu Mar 26 15:25:30 +0000 2020	Stay strong fighting pak ❤ ❤ ❤ ❤
Thu Mar 26 16:25:38 +0000 2020	strong Mr President RESPECT
Thu Mar 26 21:53:38 +0000 2020	strong proud president Gbu
Wed Mar 25 18:13:32 +0000 2020	Rest peace strong mr President
Sun Apr 19 14:37:09 +0000 2020	PROACTIVELY essential ECONOMIC DELIVERABLES w / highly Selective Brilliant & amp Ultra Rich Individual
Mon Mar 30 18:24:07 +0000 2020	Cara satu2nya cegah kena LOW yg kena krn kl GET U+me do nt think INA+U good GER GER RIP & lt INA think survive coz minister rich etc worry U+family die heart attack cancer etc coz kill FOLK God silly 😜
Thu Mar 26 16:21:24 +0000 2020	Couldn agree pls strive accomplish shrewdly unify control majority national asset & amp M0 / M1
Sat Mar 28 16:17:11 +0000 2020	Lock option country like Indonesia Learn lesson India day people start starve India people shout lock complain hunger difficulty Island nation like Indonesia withstand disaster
Thu Mar 26 15:29:51 +0000 2020	political preference aside situation imagine go mother funeral attend international meeting damn day
Thu Mar 26 12:29:22 +0000 2020	sedih banget pak send deep condolence loss stake path alike lead good good blame thing happen pak yang kuat pass believe
Fri Mar 20 07:21:39 +0000 2020	Praise GOD Stay strong healthy pak 🙏 🏻 ❤ ️ 🇮 🇩
Thu Mar 26 03:52:53 +0000 2020	Deep condolence Sir stay strong mama proud
Wed Mar 25 22:45:12 +0000 2020	Stay strong stay healthy stay serve Imanuel President
Thu Mar 26 15:27:53 +0000 2020	Pak stay strong stay healthy pak
Thu Mar 26 16:30:38 +0000 2020	strong health President 💪 💪 👍 👍
Fri Mar 27 09:02:50 +0000 2020	Stay strong sir big love indonesian people ♥ ️ ♥ ️
Fri Mar 27 02:14:35 +0000 2020	Stay strong Pak support youu ❤
Fri Mar 27 02:18:37 +0000 2020	Stay strong Mr President need God bless
Wed Mar 25 19:35:09 +0000 2020	get Mr Presiden stay strong Indonesia
Thu Mar 26 05:33:23 +0000 2020	strong Pak 🙏 🙏 🙏 we need you 🤲
Wed Mar 11 06:53:13 +0000 2020	nazi junta regime killer rule NL world one send International criminal Court Justice
Sun Feb 23 20:59:52 +0000 2020	Sad ARROGANT smart GREAT SHAME compare ECONOMIC backlash
Wed Apr 22 14:51:56 +0000 2020	kind cooperative way community unity
Thu Mar 26 19:06:50 +0000 2020	attend mother cemetery salute sir
Thu Mar 26 15:30:16 +0000 2020	stay strong Bapak stay healthy love u ❤ ️ ❤ ️ ❤ ️
Wed Mar 25 14:19:14 +0000 2020	Stay strong stay healthy Pak love support ❤ ️
Fri Mar 27 04:11:52 +0000 2020	strong healthy Mr President God bless
Thu Mar 26 20:43:19 +0000 2020	Semangat pak 🥺 stay strong believe 💪 💪
Wed Apr 08 14:00:18 +0000 2020	strong president Gws sir boris GOD bless
Mon Apr 20 11:11:19 +0000 2020	strong indonesia soon inshallah 🇮 🇩
Mon Apr 06 10:14:31 +0000 2020	ask Indonesian wear face mask outdoor
Sun Apr 05 08:26:56 +0000 2020	Message Wuhan
Thu Mar 05 08:13:43 +0000 2020	crime sexual coitus indonesian
Sun Mar 15 00:03:09 +0000 2020	Lock pak lock
Sun Mar 15 01:45:57 +0000 2020	Cape ah
Sun Mar 29 06:03:50 +0000 2020	Auk ah
Thu Apr 02 01:58:44 +0000 2020	Prank ah
Tue Mar 24 11:15:05 +0000 2020	lock kita calm
Wed Apr 22 07:28:12 +0000 2020	argue believe lie Quote Dr Dre
Thu Mar 19 04:51:51 +0000 2020	shall resourceful welcome participate video conference global expert
Wed Mar 11 06:59:53 +0000 2020	faily professional maffia cartel protect puppet write law protect illegal act
Thu Mar 26 07:32:37 +0000 2020	deep condolence rest peace stay strong mr president 🇮 🇩 ❤ ️
Wed Mar 25 14:59:23 +0000 2020	tough year pak Stay strong ❤ 🙏 🏻
Wed Mar 25 14:18:44 +0000 2020	Turut berduka cita bapak stay health stay safe stay strong 😭 😭 ❣ ️
Wed Mar 25 15:35:31 +0000 2020	Deep condolence sir stay strong difficult situation shall pass
Wed Mar 25 11:04:56 +0000 2020	stay strong pak 🙏 🏻 Allah 🙏 🏻 🙏 🏻 💙
Thu Mar 26 04:54:10 +0000 2020	Stay strong sir know leader easy 🙏 🏻
Sun Mar 22 11:50:49 +0000 2020	chat Husband Friends india Lockdown Gov arange Bsick Suply Free
Tue Mar 17 00:16:32 +0000 2020	Arnold coz w/+ 🤣 👏 Do guy STAY HOME+NO CONTACT w/ 2020 RIP 😱 😭 Mar15 WALK 2hrs take public transportation DONT WANT sh * virus EVER 😝
Mon Mar 30 09:57:28 +0000 2020	Bacot bos ah
Wed Apr 22 22:51:17 +0000 2020	Avoid state sponsor panic fear like China
Fri Apr 03 23:16:29 +0000 2020	hope deep thought concern revisi pp pembebasan narapidana koruptor respect lot hope trust end Thank
Wed Mar 25 15:37:57 +0000 2020	Turut berduka cita stay strong Mr President ll hard time
Wed Mar 25 15:33:29 +0000 2020	Ujian bertubi tubi utk bpk strong know sir
Tue Apr 21 17:55:42 +0000 2020	terrorize terror TUR+Berlin TUR GER SPD from+VfB luck 2013+still+often plane / heli crash BW+BW people RIP young++coz steal citizenship God fair+not idiot citizen ok GER future envy brilliant+love criminal 👎
Mon Mar 23 11:44:15 +0000 2020	month control outbreak choose remember deep soul fail citizen thought prayer rest peace 🙏 🏻
Mon Mar 16 15:16:32 +0000 2020	Prof Drosten give EXPERT opinion PUSH WORLDWIDE incl etc action 💪 CHN survive coz RADICAL BRAVE action & lt 81000 million GER 60 70 Prof Drosten said+&gt 500000 RIP say Harvard prof
Sat Mar 14 23:59:11 +0000 2020	LOCK PAK ASTAGA LOCK DI TUTUP CLOSE
Fri Apr 03 10:23:40 +0000 2020	HiLaL 🌜 🌑 🌛 1st day Month 🌙 TODAY Jum*ah Syaban 1441 Friday 3rd April 2020 🌌 🌟 🌜 S 🌘 K 🌗 10 11 12 🌖 13 14 15 🌕 16 17 18 🌔 19 20 21 22 23 🌓 24 25 26 27 28 🌒 29 30 🌛 🔘 🌌 HiLaL 🌜 🌑 🌛 INSYH*LLAH 🌙 Sabtu Ramadan 1441 Saturday 25th April 2020
Thu Mar 19 10:31:11 +0000 2020	Lockdown ae ben cepet
Fri Mar 27 09:33:03 +0000 2020	string president God Bless 🙏 🙏
Fri Mar 27 04:39:58 +0000 2020	strong pakdee luv muchh
Thu Mar 26 12:36:31 +0000 2020	God Stay strong pa love ❤ ️
Thu Mar 26 00:51:01 +0000 2020	strong President 💪 💪 well good
Wed Mar 25 15:33:05 +0000 2020	deep condolence Pakde family Stay strong hopeful time predicament
Wed Apr 22 02:18:50 +0000 2020	tell people village Ramadan Idhul Fitri avoid community spread Covid 19 close border province control virus spread army border
Sun Apr 05 01:55:15 +0000 2020	Pesan moral yg mendalam Stay home work home study home good solution againt Corona Virus Deseas God bless protect nation
Thu Apr 09 19:35:14 +0000 2020	🌜 🌑 🌛 HiLaL 🌙 1st day Month TODAY Jum*ah 15 Syaban 1441 Friday 10th April 2020 o 🌜 S 🌘 K 🌗 T 🌖 R 14 15 🌕 161718 🌔 19202122 23 🌓 24252627 28 🌒 29 30 🌛 o 🌜 🌑 HiLaL 🌙 Sabtu Ramadan 1441 Saturday 25th April 2020 INSYH*LLOH 💕
Thu Mar 26 16:27:57 +0000 2020	strong sir Allah support
Fri Mar 27 23:33:51 +0000 2020	Tell pak need strong soul like
Wed Mar 18 06:18:47 +0000 2020	Lock
Sun Mar 22 11:49:03 +0000 2020	chat friend India Lock Till 31 st march bsick Food Energy distribute authority break Chain Virus Need sir Jakarta Bali Contaminated Area
Sun Mar 15 00:18:53 +0000 2020	care health 🙏 🙏 God protect Indonesia 🙏 🙏
Sun Apr 05 05:39:42 +0000 2020	Sory Pak definitely bore bodys healthy people ODP keluyuran ada hukum new jera virus nular bodys people healthy City like orderly City die work dizzy strong sory Joko 🍁 🍁
Sat Mar 28 04:55:35 +0000 2020	proud God protect Pak 🤗 ❤
Thu Mar 05 12:20:55 +0000 2020	Mr President bed Indonesian hospital available corona case / suspect case emergency situation happen plan bed occupy new case
Wed Mar 11 06:39:19 +0000 2020	dangerous maffia cartel give order puppet manipulate lie kill hide crime
Sun Mar 22 10:22:45 +0000 2020	48 death think step protect Italy make
Fri Apr 17 09:23:12 +0000 2020	Use masks+bre shopping bag+bre work Ur food cook plate w/ virus get 😱 why restaurant / buy cook food etc Feb cook food buy 😝 + open window office++But AC actually spread virus wind
Fri Apr 17 09:21:13 +0000 2020	Use masks+bre work Ur food cook plate w/ virus get restaurant / buy cook food etc Feb cook food buy 😝 + open window office++But AC actually spread virus wind+bring shopping bag
Thu Mar 19 08:52:40 +0000 2020	lock lahh
Sun Mar 15 02:25:13 +0000 2020	Lock pak
Sat Mar 14 10:26:14 +0000 2020	LOCK
Sun Mar 15 02:30:12 +0000 2020	Lock dong
Sun Mar 15 04:03:20 +0000 2020	Lock Pak
Sat Mar 28 15:14:11 +0000 2020	Lock Pakde
Sat Mar 28 16:39:02 +0000 2020	blok
Mon Mar 30 10:49:54 +0000 2020	Lock paaak
Thu Mar 26 15:24:43 +0000 2020	person Indonesia love stay strong stay healthy Allah bless u 💗
Mon Mar 23 08:45:16 +0000 2020	Example activity Beast climatic weapon 5 G country Heavy rain Lombok March Flooding Sulawesi West Java March Strong eruption Merali volcano March Storm devastating tornado Central Java March
Wed Mar 25 03:05:30 +0000 2020	Ikut ah follow wi presiden
Fri Apr 03 12:28:36 +0000 2020	THANKS MEDIA Indonesia GIVE month free monthly subscription Medical Related Service Personnel Customer follow share thing capacity
Thu Mar 26 04:28:04 +0000 2020	Turut berduka cita yang sedalam dalam Pak Stay strong Stay focused country need
Sat Mar 14 09:32:55 +0000 2020	GA LOCK PAK
Fri Mar 27 21:32:26 +0000 2020	halooo lock dong
Tue Mar 31 01:32:22 +0000 2020	Lock area pak
Wed Mar 25 18:03:51 +0000 2020	Dear mr President deep condolence pass beloved mother Allah accept good deed erase sin accept heaven strong country people turbulent time need
Wed Mar 25 16:16:40 +0000 2020	year hard country stay strong sir stay healthy God bless
Wed Mar 25 15:35:04 +0000 2020	Innalillahi wa innailaihi rajiun ve lot Sir hard know Stay strong Sir
Tue Apr 07 10:35:02 +0000 2020	BETUL PAK Don understand method make sense Release bad increase crime 🤦 ‍ ♀ ️
Wed Apr 01 16:32:34 +0000 2020	don time support team member time solve problem cause neglect Feedback need happen heel action week late
Fri Mar 13 15:43:23 +0000 2020	Lock key
Sat Mar 14 08:05:21 +0000 2020	pak lock pak
Thu Mar 26 03:37:35 +0000 2020	Stay strong Pak imagine Ur love Pak ❣ ️ Stay safe stay health 🙏 ❣ ️
Wed Mar 25 16:33:41 +0000 2020	deep condolence prayer Sir rough year hope okay strong
Fri Mar 20 11:47:04 +0000 2020	Future gon na concern nation i m world create teire nation strong riches Virus business America talk strong amunition China talk brave create virus say Usa world 🇮 🇩
Fri Mar 20 11:49:43 +0000 2020	Future gon na concern nation world create nation strong riches Virus business America talk strong amunition China talk brave create virus say Usa world 🇮 🇩
Mon Mar 30 01:13:33 +0000 2020	know bring economy life know bring people life
Tue Apr 21 17:15:56 +0000 2020	HEAVEN / hell+PRAYER+CURSE HEAR / not DOESNT DEPEND church / mosque / U Pope / PM / Chancellor / Pres / Nobel etc HYPOCRITE+ego not 😝 1st PRIORITY HUMAN LIVE Ur EGO church / mosque++must open EXODUS tradition++ & gt MILLION RIP + U VIP hell 🤬
Tue Apr 21 22:08:31 +0000 2020	HEAVEN / hell+PRAYER+CURSE HEAR / not DOESNT DEPEND church / mosque / Pope / PM / Chancellor / Pres / Nobel++or HYPOCRITE+ego not 😝 1st PRIORITY HUMAN LIVE Ur EGO church / mosque++must open EXODUS tradition++ & gt MILLION RIP + U VIP hell 🤬
Fri Mar 13 06:46:36 +0000 2020	Czech Slovakia Saxony East GER AUT Singapore etc GOOD gov+LOVE FOLK & gt take RADICAL / BRAVE action CASE 👏 +WEST GER++care butt+want FOLK+ME RIP coz Coronavirus want win championship wish Coronavirus+RIP 1st 🤬
Fri Mar 13 08:40:45 +0000 2020	Czech Slovakia Saxony East GER AUT Singapore etc GOOD gov+LOVE FOLK & gt take RADICAL / BRAVE action CASE 👏 +WEST GER++care butt+want FOLK+all RIP coz Coronavirus GER UNDERESTIMATE virus+NOT brave = Enjoy GER like ITA soon
Wed Apr 08 04:16:14 +0000 2020	soon leader big change UK & amp country need healthy body come soon Amen Stay safe & amp healthy great President good President Indonesia strong Amen
Fri Mar 13 20:19:32 +0000 2020	Lock Country Pakdee
Sat Mar 21 10:22:21 +0000 2020	SIR LOCK COUNTRY
Sat Apr 11 12:07:31 +0000 2020	consider meticulously neccessary cause ve generate call double jeopardy state illiquidity & amp regional insufficient fund
Sun Mar 15 06:48:56 +0000 2020	Lock pak 😭 😭
Fri Mar 20 10:53:09 +0000 2020	Oke Tak Count ya Mas
Fri Mar 27 14:01:50 +0000 2020	appreciate ve country strict decision stop foreigner enter Indonesia 14 day self isolation local crisis happen action late get bad
Sat Feb 22 10:34:04 +0000 2020	INDONESIAN MILITARY GOVERNMENT COVER WAR CRIMES WEST PAPUA CONTRA ISLAMIC TEACHING ALLAH permissible lie kaafir
Tue Mar 31 10:55:54 +0000 2020	Dear President people Turkey share grief lose beloved mother rest peace İnna lillâhi ve inna ileyhi raciun climate change lose species spread fatal virus like action Pasar Langoan+
Thu Apr 23 00:51:53 +0000 2020	want help deal virus cause effect virus messy economy number
Mon Mar 30 10:01:17 +0000 2020	Lesson learn India basic prime need readily available poor afford Supermarket huge discount & amp fee
Tue Mar 31 02:57:21 +0000 2020	Lock ala TNI
Wed Apr 22 21:05:25 +0000 2020	want help deal virus cause effect virus messy economy number +6287884161182
Thu Mar 26 01:57:34 +0000 2020	stay strong sir sorry loss thank good son mother ve good job
Mon Mar 16 10:15:54 +0000 2020	lock indonesia istg wanna stay inside
Sat Mar 14 06:02:16 +0000 2020	Come Ser Lock Indonesia Save Indonesia
Thu Mar 26 08:50:09 +0000 2020	Indonesia lock overseas
Tue Mar 17 05:51:46 +0000 2020	People sugarcoat virus want fact CCP single handedly destroy world security & amp economy reason world de couple
Wed Apr 22 19:39:19 +0000 2020	believe INA immune virus silly minister Dr = Since Feb advise fam teachers+friends INA careful etc+so GER buy mask+NOT mail Merkel Zetsche VW CEO etc + I right thx carnival & gt 1000 get kill HOME internet ca nt work = U RIP 🤬
Thu Apr 23 09:55:10 +0000 2020	GER etc COWARD surely tell mob / kill HOME internet Twitter etc Apr23 block like Polresjombang+why Covid19 Jombang Karma God back arrogant++ God idiot God see did+made unlucky know coz unluck cruel++ 😝
Sat Mar 14 02:43:37 +0000 2020	LOCK PEOPLE DIE RESPONSIBLE
Wed Mar 25 01:51:46 +0000 2020	Dear prime minister Italy cry China cry Pakistan cry India lockdown & amp Country way break chain corona complete lockdown 30days man infect family lockdown easy cure
Thu Apr 09 08:33:52 +0000 2020	BEST CHURCH SONGS 😍 Lagu Rohani Jawa Terpopuler Sepanjang Masa
Mon Mar 23 08:43:56 +0000 2020	Hello main purpose 5 G control behavior chip people total control humanity help 5 G network satellite build electronic concentration camp 5 G project harmful God nature humanity
Thu Mar 12 03:40:35 +0000 2020	Mr President go Corona release statement travel ban financial issue ahead kind preventive action go
Sat Apr 18 21:13:39 +0000 2020	Internet working coz GER do nt want RIP curse RIP mob me+my Twitter+why GER+USA coz GER love kill Twitter porno racists++all Twitter powerful etc+Twitter USA USA unlucky Trump etc block+even like / do tweet 👍
Wed Apr 22 19:35:58 +0000 2020	believe INA immune virus silly minister Dr = Since Feb advise fam teachers+friends INA careful stay home etc+so GER buy mask+NOT carnival mail Merkel Zetsche VW CEO etc + I right thx carnival & gt 1000 got kill internet work = U RIP 🤬
Thu Apr 23 10:02:51 +0000 2020	Stuttgart people TUR GER SPD lady Berlin bear TUR etc cruel+so Barley Twitter USA + why there+UK+GER+USA GER etc COWARD tell mob / killHOME internet Twitter++God idiot+see did+made unlucky know coz unluck cruel++ 😝
Thu Apr 23 10:08:18 +0000 2020	Stuttgart people TUR GER SPD lady Berlin bear TUR Barley Twitter USA etc cruel+why there+UK+GER+USA GER etc COWARD tell mob / kill HOME internet Twitter++ 🤬 God idiot+sees did+made unlucky know coz unluck cruel++ 😝
Thu Apr 23 09:55:59 +0000 2020	GER etc COWARD surely tell mob / kill HOME internet Twitter etc Apr23 block like PolresJombang+why & gt Covid19 Jombang Karma God back arrogant++ God idiot God see did+made unlucky know coz unluck cruel++ 😝
Thu Mar 26 06:23:24 +0000 2020	Mr Widodo send photo & amp health status ll help activate good February year powerful Man w/o let know get sick couldn service Andy Nguyen Trong Khoa Khánh Thiên Ed khoa seapearl com
Wed Apr 08 10:13:36 +0000 2020	Mr & amp Mr plz send ur photo & amp status ll help activate good Feb powerful Man w/o let know get sick couldn service Andy Nguyen Trong Khoa Khánh Thiên khoa seapearl com
Wed Apr 08 03:16:42 +0000 2020	1/ Japanese forget conceal novel coronavirus infect case Indonesia prior patient find conceal misbehavior Japanese scapegoat
Fri Mar 13 08:57:45 +0000 2020	PESSIMIST REALIST+GREAT ANALYST+STRATEGIST REALISTIC help PREVENTION step BAD wo nt happen GER+INA dream enjoy 2020 apocalypse CHN SURVIVE coz serious+RADICAL+BRAVE ACTIONS+SACRIFICE Wuhan++DONT wait till choose save B+other RIP
Fri Mar 20 11:05:28 +0000 2020	Wuhan w/ successful+Mar19 NEW CASE GER+INA+all CHN BEST+BRILLIANT+RADICAL BRAVE action HALF HEART HomeSchool / HomeOffice travelling++=more ILL = NEW LAW do nt soc distance / dont want isolation = JAIL coz bring danger+RIP
Tue Mar 31 19:23:38 +0000 2020	JOGGEN RADELN EINKAUFEN Wie leicht kann ich mich draußen anstecken
Fri Mar 13 09:52:00 +0000 2020	guess bad films++U win vs unseen deadly virus continent iff SERIOUS+BRAVE RADICAL action END wait till CHOOSE SAVE LIFE like ITA
Wed Mar 25 07:38:06 +0000 2020	Indonesia new epicenter corona crisis pak ⁦⁦⁩ ask China country spare equip mobile clinic ventilator protective gear specialist asap
Fri Apr 17 09:51:30 +0000 2020	PROHIBIT+AVOID SMOKER smoke virus Ur face sec inside lift get Covid19 church++even 1hr+mosque & gt Church++CLOSED till May31+DONT use lift+use Masks+bre shopping bag+company canteen+mensa Closed+bre FOOD work / school
Sun Mar 15 02:28:28 +0000 2020	Mr president lovely people outbreak get high sure ll care self personal hygene Mr president captain ship responsible decision hand Do nt let number get high high
Tue Mar 24 09:17:11 +0000 2020	lock nation virus corona erase boring stay house long
Tue Apr 21 21:55:22 +0000 2020	church PRAYER hear = Good home+churches+mosque close till May31 SAVE LIFE KILL FOLK want CHANCE HEAVEN Ur hand BLOOD coz let muslims+criminal hurt / rape / kill GER = CRIME COMPLICE
Mon Mar 23 09:23:55 +0000 2020	administration do nt play issue happen ignorant leader 🤬 🤬 🤬
Thu Mar 26 09:08:14 +0000 2020	ETR call invite OECD able willing dead wants sit Putin Time real membership OECD good
Tue Mar 17 21:02:28 +0000 2020	Bayer AG GER chem+pharmaceutical company dismiss employee refuse undergo 14 day quarantine home return abroad Beijing Bayer AG say official account Mar1 👍 GOOD coz ruin health+RIP w/ 🤬
Tue Mar 31 21:26:49 +0000 2020	reason LAW use mask MORE+MORE WORLD MASKS 🤬 +doctor etc NEED & gt Chinese scientist WEAR MASK protect coronavirus BIG MISTAKE 😱
Tue Mar 31 21:34:35 +0000 2020	reason LAW use mask MORE+MORE WORLD MASKS 🤬 +DOCTORS etc NEED & gt Chinese scientist WEAR MASK protect coronavirus BIG MISTAKE 😱
Tue Mar 31 17:48:30 +0000 2020	Pls /a use mask more+more GER useless+idiot stay home challenge Chinese scientist wear mask protect coronavirus big mistake
Thu Apr 09 09:38:55 +0000 2020	ITA act late+bad management & gt RIP INA save MILLION LIFE do nt want 🤬 NOT BRAVE afraid people GOD Jokowi mom RIP++Own fault play w/ FOLK lives+so DONT want PROHIBIT EXODUS+soon FAST do nt eat+drink & gt VIRUS 😱
Tue Mar 17 22:46:08 +0000 2020	write Merkel+many DAX CEOs+many politician & gt ASAP heard+schools+many+vw+daimler++closed+no NON EU++ Merkel month block close border = thx GER 9257 case 2000 / day NEW + no worry INA etc BRAVE
Thu Apr 09 15:25:17 +0000 2020	🌜 🌑 🌛 HiLaL 🌙 1st day Month TODAY Kamis 14 Syaban 1441 Thurday 9th April 2020 o 🌜 S 🌘 K 🌗 T 🌖 R 15 🌕 161718 🌔 19202122 23 🌓 24 25 26 27 28 🌒 29 30 🌛 o 🌜 🌑 HiLaL 🌙 Sabtu Ramadan 1441 Saturday 25th April 2020 INSYH*LLOH 💕
Tue Mar 10 16:17:31 +0000 2020	CHN sacrifice Wuhan BIZ++to survive 🙌 EU+all prefer soccer+events+then RIP+GHOST+=NOT BRAVE radical / BRAVE decision end ah * virus church / mosque / events++Make Online++meet skype / video call / conf++
Tue Apr 21 11:11:04 +0000 2020	Oct 2019 USA Jennifer Morgan 1st FEMALE DAX Co
Sat Apr 11 23:31:24 +0000 2020	+ stay healthy+ FREE 🙏 🐰 🐇 🥚 🍳 🤣 🥳 🙏 🙌 HE love us 😍 use MASK+Goggle glass style + at home FOREVER & gt company close & gt BROKE+U FIRE + CANT HUG anyone+VIRTUAL LIFE FOREVER++ 😱 Life on 💪
Wed Mar 18 12:49:29 +0000 2020	Malaysia screw big time export Malaysia neighbouring country Close
Sun Mar 15 21:23:13 +0000 2020	Trump+KURZ advice GER brave INA sok think ya udah nikmati aja CoronaVirus menyebar MORE+MILLIONS GET+RIP+that day U+INA economy RIP Well tell FOLK pls PREVENTATION+what avoid MILLION GET 💪
Tue Mar 17 07:29:52 +0000 2020	speak PM Lee week phone Singapore want help aid say add want help accept SG early donate safety equipment ventilator hospital Batam support treatment patient Covid 19
Fri Mar 13 08:24:57 +0000 2020	Surely Coronavirus 🙏 In city cases+both ITA+ISOLATE already+my city WIN+WIN SOCCER LONG NICE coz God BACK / PROTECT me+my family NICE BLESSED CRUEL unlucky+RIP+LOST championships+election 😝
Fri Mar 13 08:54:55 +0000 2020	PESSIMIST REALISTIC+GREAT ANALYST+STRATEGIST REALISTIC help PREVENTION step BAD wo nt happen GER dream enjoy 2020 apocalypse CHN SURVIVE coz serious+RADICAL+BRAVE ACTIONS+SACRIFICE Wuhan++dont wait till choose save B+other RIP
Thu Mar 12 10:18:34 +0000 2020	China survive coz SERIOUS+BRAVE actions+why End April control U+enjoy RIP start get+million get++WORLD END like ca nt imagine events+soccer cancelled+prefer GHOST get virus+RIP 🤬
Thu Mar 12 10:14:43 +0000 2020	China survive coz SERIOUS+BRAVE action End April control U = enjoy RIP start get+million get++world end like ca nt imagine events+soccer cancelled+prefer GHOST get virus+RIP 🤬
Tue Mar 17 22:28:04 +0000 2020	Expert predict MILLION GER surely EU+INA+world coz BRAVE++ & gt well CHN+less 81 000 CHN survive BILLIONS people+Wuhan MILLION people coz RADICAL BRAVE action HALF HEART useless
Tue Mar 17 22:31:06 +0000 2020	Expert predict MILLION GER surely EU+INA+world coz BRAVE++ & gt well CHN+less 81 000 CHN survive BILLIONS people+Wuhan MILLION people coz RADICAL BRAVE action 👏 EU+GER+INA++HALF HEART useless 👎
Mon Mar 16 19:39:35 +0000 2020	Like Carnival Shrek + do nt mind Chancellor vs + do nt block like lame duck Merkel+know do+leadership+CLEAR WORD need BRAVE ONES w/ BRAVE action win deadly Coronavirus monster
Mon Mar 30 19:32:50 +0000 2020	Jd Pres / menteri / gub / walikota / bupatus dll RESPONSIBLE usually FIRE / lose election / self / beloved RIP take God coz do nt deserve job gov kl cuma ikut2an bkn leader tp follower BRAVE+BRAVE action bkn ikut2an WRONG job
Mon Mar 16 20:02:28 +0000 2020	MERKEL tired govern late start+even block close border etc & gt 6500 GER w/ & gt 1000 NEW / day LATE start INA silly do nt same = if wait till 6500 ILL 1st+that happen QUICKLY
Mon Mar 16 19:58:42 +0000 2020	MERKEL tired govern late start+even block close border etc & gt 6500 GER w/ & gt 1000 NEW / day LATE start + INA silly do nt same = if wait till 6500 ILL 1st+that happen QUICKLY
Wed Mar 18 22:53:29 +0000 2020	Wanted INA actually RESPONSIBLE & gt stay GER coz worry way / on train / plane / at airport++ & gt chauffeur + so fam family+relatives+other infected+even RIP 😱 =if like virus could nt spread out+RIP
Mon Mar 16 19:54:17 +0000 2020	tired govern late start+even block close border etc & gt 6500 GER w/ & gt 1000 new / day LATE start + INA silly do nt same = if wait till 6500 ILL 1st+that happen quikly
Mon Apr 20 13:26:01 +0000 2020	+ why MILLION / BILLIONS worldwide RIP Nazi Jew + + IF care FOLK butt wanna Chancellor happen 😝 CATH HYPOCRITE everyday church PRAYER UNHEARD+TO HELL
Tue Mar 31 00:42:41 +0000 2020	busy tweet INA+didnt write GER+now GER hospital close doctor ill 🤣 OwnFault silly like INA ca nt think self hospital / MRT / Bus / train / plane++can get+Prof Drosten predict 60 70 GER dunno yr soon tell GER ASAP like CHN+why act 😝
Tue Mar 31 02:06:15 +0000 2020	Ur mask Easy unsafe
Fri Apr 03 02:02:52 +0000 2020	begin March tell Merkel Kurz USA EU Ina+jokowi+worldwide close airport school church mosque company etc fault INA ASAP it+why got+spread out+INA test = as got coz MILLION test yet 🤬
Thu Apr 02 06:18:05 +0000 2020	test CARELESS deadly old one Alat Tes Corona Terkontaminasi COVID 19
Sat Apr 18 08:57:21 +0000 2020	Open & gt Virus EXPLOSION+back month thx vs VIRUS care butt+wanna CDU boss+Chancellor QUIT CHURCH Chancellor end GER+w/ Union LOSE election CLOSE till May31 pls
Sat Apr 18 17:49:37 +0000 2020	MERKEL CDU+SPD hate FOLK coz let criminals+LET FOLK HURT / RAPE / KILL HIGH electability thx IDEA SAVE FOLK PRAYER hear Merkel+all nice muslims+criminal Ego + + want FOLK die 🤬
Tue Apr 21 21:42:04 +0000 2020	Merkel GER EU CDU SPD Grüne Pope pastors++VIP hell coz let folk hurt / stab / rape / kill AfD born+more+more AfD deport criminal CDU CSU FDP SPD Grüne++since yrs kick brilliant graduate GER Pastors++only help muslims+criminal = VIP hell
Tue Mar 17 22:20:01 +0000 2020	fault do nt hear early Merkel++all great analyst+strategist+great prediction etc well late bad allow EU people come GER ITA+ESP+FRA etc w/ virus+why expert say 60 70 GER get+&gt 500000 RIP
Tue Apr 21 19:52:55 +0000 2020	promise God church prayer hear week church = my prayer ASAP hear 😝 I church hello God do nt think gov Pope pastors++to heaven coz nice muslims+criminals+let folk hurt / rape / kill let in 🤬
Tue Mar 17 20:57:25 +0000 2020	AG German chemical pharmaceutical company dismiss employee Tuesday refuse undergo 14 day quarantine home return abroad Beijing company say official account Tuesday
Thu Apr 02 22:58:45 +0000 2020	force Merkel Söder etc act & gt folk like intervention idea & gt Merkel+SPD hate folk elect election sdg INA sok+teledor+allow mudik & gt 400 trilliun tdk cukup+FOLK ask down+no need puasa coz sin let FOLK get+DEAD 🤬
Tue Apr 21 11:06:10 +0000 2020	Oct 2019 USA Jennifer Morgan 1st DAX Co lady
Tue Apr 21 11:05:03 +0000 2020	Oct 2019 USA Jennifer Morgan 1st lady DAX Co CEO
Sun Apr 19 10:11:42 +0000 2020	Maskenpflicht Mask pls coz HEALTHY w/ mask+ah * ILL GER mask shop Aldi OUTSIDE etc+COUGH TIME 🤬 & gt walk fast+why & lt 1hr arrive CHURCH 💪 thx virus / cough GER 🤬 FEW metre me 🤣 +NO wish U+family RIP know DEAD already 🤬
Sat Apr 18 17:05:01 +0000 2020	LASCHET SMART & gt SAVE FOLK SILLY 🤣 why want MILLION FOLK DIE OPEN EARLY+want OPEN church+mosque etc 🤬 After DIE thx LASCHET STREECK+profs live lab Chancellor ah * FOLK FOLK vote AfD U 😝
Fri Apr 03 16:42:59 +0000 2020	force Merkel Söder etc act+GER like intervention idea & gt Merkel+SPD dibenci FOLK skrg rate tinggi+ELECTED election INA sok+teledor+ALLOW MUDIK & gt 405triliun tdk cukup+FOLK ask down+no need puasa coz sin let FOLK get+DEAD 🤬
