created_at	text
Tue Mar 24 08:43:15 +0000 2020	Director Communications Information pollution threaten public health like Covid 19
Thu Apr 09 17:27:33 +0000 2020	Pandemic Isolation Tracking Project develop Ministry Health order mitigate Covid 19 pandemic isolate patient
Sun Mar 29 21:14:08 +0000 2020	Salam good time plant tree planet late climate change matter human way Sucram 51 anno Area 51
Thu Mar 19 19:43:04 +0000 2020	President thank health worker fight spread COVID 19 like express gratitude healthcare professional work admirable sacrifice patience fight coronavirus
Sat Apr 04 04:13:00 +0000 2020	time pursue global local regional national issue GLOBAL problem need face head world war conflict affect time world pursue
Sat Feb 22 10:54:12 +0000 2020	Lady Erdoğan criterion sustainable life newly emerge concept modern life tally essence Islam
Sat Apr 04 06:59:54 +0000 2020	steal Spain health material miserable pirate Especially reserve material leader people
Thu Mar 19 05:01:42 +0000 2020	President Erdoğan especially ask citizen seek remedy non vital health problem family doctor
Thu Mar 26 20:15:48 +0000 2020	responsibility global cooperation coronavirus pandemic
Thu Apr 02 19:24:05 +0000 2020	President City Hospital provide modern health centre country kind facility
Thu Mar 05 09:05:51 +0000 2020	Planning action preserve regret wealth like intellect Imam Ali
Wed Mar 18 19:35:32 +0000 2020	President Erdoğan individual responsibility self sacrifice health serenity entire society
Thu Apr 02 18:36:01 +0000 2020	President power health infrastructure hope overcome tough period fight coronavirus give exemplary test
Tue Apr 21 09:16:10 +0000 2020	Sir international incoming tourism return encourage level Bayram end Turkish hotelier lead global approach affordable plus 100 safe travels post Crisis
Wed Mar 25 09:25:38 +0000 2020	Director Communications historic struggle coronavirus government implement strict health precaution ensure stability economy
Fri Mar 13 00:16:36 +0000 2020	DEAR ETHIOPIAN GOVERNMENT HEALTHY GOVERNMENT GOVERNMENT SEE GOVERNMENT DON SEE YEAR/2009 ETHIOPIAN EMBASSY OTTAWA CANADA STAFF ABDIRIHIM MISLEAD ETHIOPIAN MUSLIM CANADA LIFE AFRICAN ENEMY AFRICAN STORY
Wed Mar 18 17:26:24 +0000 2020	Director Communications responsibility protect freedom people health security fight leadership President
Tue Mar 17 17:03:40 +0000 2020	Turkish French German British leader discuss follow issue Opportunity joint action coronavirus Way solve Syrian crisis humanitarian aid Asylum seeker issue Turkey EU relation Idlib issue
Sun Apr 05 19:43:50 +0000 2020	Work magic Good idea thank & amp 🇹 🇷 🇺 🇸 export day
Tue Mar 17 16:18:20 +0000 2020	Turkish French German British leader discuss follow issue Opportunity joint action coronavirus Way solve Syrian crisis humanitarian aid Asylum seeker issue Libya situation Turkey EU relation EU status
Tue Mar 17 17:07:15 +0000 2020	Turkish French German British leader discuss follow issue Opportunity joint action coronavirus Way solve Syrian crisis humanitarian aid Asylum seeker issue Turkey EU relation
Fri Apr 03 22:19:10 +0000 2020	mean steal health material Spain Outrageous
Wed Apr 22 21:04:07 +0000 2020	DEAR UNITED NATIONS com•mu•ni•cate GOVERNMENT CANADA OFFICE SERVICE FIND CLEAR INFORMATION WARNING SIGN UNITED NATIONS GOVERNMENT CANADA GOVERNMENT CANADA LAW ter•mi•natED DEAD INSHA ALLAH
Mon Feb 24 04:10:30 +0000 2020	Public announcement news COVID 19 New Coronavirus allegation issue COVID 19 New Coronavirus case Turkey reflect truth
Fri Mar 20 15:40:30 +0000 2020	Director Communications Instead take draconian measure ignore problem Turkey rely robust health care system talented medic stop pandemic
Sat Mar 21 22:25:11 +0000 2020	President Mahmoud Abbas hold phone discuss recent development regional issue Amid coronavirus pandemic President Erdogan stress Turkey support Palestine combat virus
Wed Apr 22 02:25:50 +0000 2020	President speak phone President Emmanuel Macron France View exchange bilateral relation regional development global fight COVID 19 pandemic
Sat Apr 04 11:04:34 +0000 2020	Announce new measure take COVID 19 President Turkey prepare country global pandemic major crisis start
Wed Apr 22 08:34:20 +0000 2020	President talk French President Emmanuel Macron phone phone conversation discuss global fight coronavirus Covid 19 pandemic bilateral relation regional development
Wed Apr 01 11:10:07 +0000 2020	Salam Sir Greetings Day Increase Immunity Human World Wide Arrange Vaccination Policy Medicine Strong Immunity Compulsory Centralize Vaccination Programme free Health Check programme help Corona Virus
Sat Feb 22 03:29:29 +0000 2020	Pakistan provide nuclear weapon technology Turkey change security radicalisation situation region specifically EU Saudi Israel Kashmir issue diversion
Sat Feb 22 21:21:30 +0000 2020	President problem Idlib resolve regime force withdraw area determine Sochi agreement
Mon Apr 20 18:28:43 +0000 2020	pandemic process show importance strong healthcare infrastructure free medical service Turkey
Thu Mar 12 08:26:17 +0000 2020	good job Greece Turkey kick NATO NATO need help Greece Turk Stay away EU refugee mess Syria deal refugee wish send troop Greece help Turks
Fri Mar 27 21:43:00 +0000 2020	Egyptian physician away treat covid 19 patient low cost approve research need support possibility protection safe haven achieve way want achieve way turkey provide safe haven
Sun Apr 19 18:13:18 +0000 2020	line spirit solidarity NATO ally leader agree continue close cooperation threat Coronavirus pandemic pose public health economy
Wed Apr 08 14:38:13 +0000 2020	Good Luck fight China Virus
Thu Mar 05 12:36:02 +0000 2020	Director Communications renege agreement allow despicable regime kill drive million civilian border
Tue Mar 17 15:57:55 +0000 2020	summit Joint action opportunity context combat Covid 19 Syrian crisis solution Humanitarian aid method Idlib Refugee issue late situation Libya situation European Union Turkey EU relation discuss
Tue Mar 03 12:28:33 +0000 2020	communication campaign Izmir organize Directorate explain contribution Turkey NATO contribution Turkey Turkey remain important member Alliance political military communication field
Thu Apr 23 08:03:49 +0000 2020	God bless Mr President Erdogan RAMADAN MUBARAK Holly Month Ramadan bring health happiness Petar Mudri Honorary Consul General Republic Turkey Serbia nomination
Tue Mar 03 15:48:33 +0000 2020	Voluntary military service support message receive Presidency Communication Centre CIMER regard Operation Spring Shield
Fri Apr 10 22:28:39 +0000 2020	President send letter Prime Minister Boris Johnson UK Turkey deliver medical aid supply
Wed Mar 04 16:03:31 +0000 2020	President European country want resolve issue support political humanitarian solution Turkey working achieve Syria
Wed Apr 01 16:22:42 +0000 2020	save healthy Turkey StaySafe distance
Wed Apr 08 15:26:46 +0000 2020	Director Communications plan ahead world establish transformation international system aftermath pandemic prepare plan working scenario virus reach land
Wed Mar 04 15:05:18 +0000 2020	pls stop war isreal usa use syria true information isreal usa syria mission destroy turkey russia iran block true information guy
Sun Apr 05 14:35:51 +0000 2020	Director Communication Contribution citizen self sufficient deliver need state
Sun Apr 05 14:35:57 +0000 2020	Direbtor Communication Contribution citizen self sufficient deliver need state
Wed Mar 04 15:03:32 +0000 2020	pls stop war isreal usa use syria true information isreal usa syria mission destroy russia turkey iran block true information pls stop war
Mon Mar 30 18:04:32 +0000 2020	Directorate Communication prepare guideline contain issue press member pay attention Covid 19 conduct duty
Wed Mar 18 17:16:43 +0000 2020	Tornado require fight coronavirus tornado bring medical department Medical Health Department tornado fight coronavirus
Wed Mar 04 22:51:48 +0000 2020	invite eu safe zone agree security guard eu eu handle eu
Sat Feb 22 21:48:40 +0000 2020	Director Communications Assad regime horrible action result innocent life lose destabilizing region
Thu Mar 26 09:48:12 +0000 2020	Yes Speech Right Friendly World 13 Richest family Care Value Hümanity That s Start New Type War Bio Terror Desing New Life Planet World Create United Country
Wed Mar 04 22:58:02 +0000 2020	European country want resolve refugee issue support humanitarian solution Turkey work achieve Syria
Sat Feb 22 15:03:05 +0000 2020	Surely Turkey independent avoid interfere internal issue country especially India interfere internal affair country expect care future Thank
Thu Mar 19 09:57:22 +0000 2020	Coronavirus hype 1000 China clean Mass 10 Million people die Flu year country Lockdown Coronavirus victim China stop slaughter animal Excrement blood infect sewage environment urgently
Tue Apr 07 08:56:51 +0000 2020	Action loud word Unfortunately infect number support word Hope thing improve shortly
Fri Apr 10 21:28:52 +0000 2020	President send letter Boris Johnson Prime Minister United Kingdom Turkey deliver medical supply
Sun Apr 19 23:03:56 +0000 2020	President talk President Donald Trump phone conversation regional development bilateral issue discuss
Tue Mar 31 18:01:16 +0000 2020	President President Donald Trump talk phone conversation addition bilateral issue regional development coronavirus Covid 19 pandemic affect world discuss
Thu Mar 12 20:32:03 +0000 2020	Directorate Communications organize Common Challenge Turkey EU Refugee Crisis panel Brussels
Sun Feb 23 08:51:44 +0000 2020	President Idlib issue important Afrin Peace Spring region
Sun Mar 22 10:26:15 +0000 2020	President assure nation effort control coronavirus pandemic say Turkey duty institution serve citizen
Sat Mar 14 17:38:12 +0000 2020	Director Communications send letter criticize use Turkey photo concern coronavirus news mislead way warn remove photograph
Mon Mar 16 19:56:21 +0000 2020	Sir need support Allah need talk talk news Twitter talk leader talk boris law response response end Corona end force boris law force response
Thu Mar 12 14:36:16 +0000 2020	Sir law evidence talk law force response best way sir need easy sky wanna ok sky need
Sun Feb 23 05:57:17 +0000 2020	Good
Wed Apr 22 10:01:17 +0000 2020	MINISTER PUBLIC SAFETY CANADA BILL BLAIR INFORM CASE FALSE CASE secretary general United Nations OFFICE 72 HOUR United Nations log number 02078 DIRECTLINE 647 701 9381
Mon Mar 02 21:38:14 +0000 2020	endeavor resolve humanitarian crisis Syria ensure security land
Wed Apr 08 14:44:54 +0000 2020	Directorate Communication organize video conference COVID 19 Experience International Cooperation Fight Pandemic opening speech Director Communications
Wed Mar 18 17:27:58 +0000 2020	Good decision
Wed Apr 08 16:00:15 +0000 2020	Good evening
Mon Apr 06 13:56:01 +0000 2020	Directorate Communication organize live video conference COVID 19 Experience International Cooperation Fight Pandemic participation Turkey Ambassador Beijing Rome Seoul April 11 00
Wed Apr 08 14:44:44 +0000 2020	Director Communications plan fight pandemic develop national strategy situation country currently face grave outlook
Wed Apr 22 03:04:59 +0000 2020	HOLY QURAN SURAH AL FAJR 89 19 consume inheritance devour [ it ] altogether 20And love wealth immense love 21No earth level pound crush 22And Lord come angel rank rank
Wed Mar 04 19:25:23 +0000 2020	Good luck
Tue Mar 03 12:38:18 +0000 2020	good
Tue Apr 21 06:51:34 +0000 2020	Great good
Tue Apr 07 07:35:42 +0000 2020	Old information new information separate new information age Human being find artificial intelligence discipline artificial intelligence case people capture artificial intelligence
Thu Mar 26 05:57:27 +0000 2020	President attend Science Board Meeting Coronavirus video conference
Sun Mar 22 06:20:20 +0000 2020	University END TERM online learning END mark Pass go assess student ve leave country self isolate don Zoom worthy internet service care sick friend bloody terrify
Wed Apr 08 08:27:15 +0000 2020	Director Communication make opening speech COVID 19 Experience International Cooperation Fight Pandemic video conference Watch live stream
Thu Mar 12 14:38:10 +0000 2020	President issue message March 12 Day Adoption Turkish National Anthem Commemoration Mehmet Akif Ersoy
Fri Mar 20 22:04:34 +0000 2020	Informative brochure protection pandemic prepare Arabic Directorate Communication distribute Olive Branch Euphrates Shield Peace Spring Operation area temporary refuge center North Syria
Thu Mar 05 12:00:16 +0000 2020	Turkish Army carry Syria safety systematically destroy terrorist Russian / Asssadist / Iran / PKK / Hezbulloh terrorist destroy terrorist wise later terrorist recover come attack safety Turkish State
Sun Apr 12 09:45:27 +0000 2020	greatly commendable gesture act kindness world need fight COVID 19 pandemic world heal 🙏 🙏 🙏
Thu Apr 23 07:28:44 +0000 2020	President issue message occasion April 23rd National Sovereignty Children Day heart congratulate child child world unique festival
Fri Apr 10 15:38:26 +0000 2020	President President Rumen Radev Bulgaria discuss bilateral relation regional issue fight COVID 19 phone
Wed Apr 08 07:07:00 +0000 2020	Director Communication opening speech COVID 19 Experience International Cooperation Fight Pandemic video conference Watch live stream 👇 🏼 🗓 ️ April Wednesday 11 TR local time
Sat Apr 11 06:14:12 +0000 2020	President President Aleksandar Vucic Serbia discuss bilateral relation regional issue cooperation fight COVID 19 phone
Wed Mar 11 15:39:36 +0000 2020	need know coronavirus ▪ ️What symptom infection ▪ ️How patient monitor event possible case
Sat Mar 14 06:16:10 +0000 2020	Directorate Communication organize panel title 68th Anniversary Turkey NATO Membership Turkey Strong Member Strategic Alliance
Mon Mar 23 09:05:58 +0000 2020	Sir need support talk news Twitter response leader talk boris law response allah Allah need leader stand force response end Corona
Wed Mar 11 00:34:02 +0000 2020	Common Challenge Turkey EU Refugee Crisis organize Directorate Communications take place 12 March 2020 12 00 14 00 information
Sun Mar 15 06:38:34 +0000 2020	President hold phone TRNC Prime Minister Ersin Tatar conversation issue cooperation fight coronavirus discuss
Wed Mar 04 02:29:17 +0000 2020	willing volunteer Refugee traumatic situation worsen try reduce frustration
Wed Mar 11 01:39:46 +0000 2020	kill good go friendship
Wed Apr 22 21:45:42 +0000 2020	DEAR UNITED NATIONS COME TWITTER FRIDAY/24/2020 INSHA ALLAH DAY COMPLETE 72 HOUR DECLARE CHINA CHINA WANT DECLARE SECRET REPORT APRIL/22/2020 HOME TORONTO CANADA APT
Thu Apr 09 19:44:06 +0000 2020	Director Communications struggle hand hand shoulder shoulder state nation integration
Thu Mar 05 12:01:51 +0000 2020	sha Allah hope Turkish Saudi brother / sister overcome forgive eachother solve Libyan issue amicably urgently right unite country face Number common enemy Iranian Shia terrorist proxy Assadist Houthis Hezbulloh terrorist
Wed Apr 08 14:00:46 +0000 2020	Director Communications obvious fact step take leadership President 2002 significant contribution fight pandemic today
Mon Mar 02 22:27:15 +0000 2020	sha Allah hope Turkish Saudi brother / sister overcome forgive eachother solve Libyan issue URGENTLY RIGHT unite country face Number common enemy Iranian Shia regime terrorist proxy Assadist Houthis Hezbuloh terrorist
Thu Mar 26 14:00:34 +0000 2020	Director Communications Altun International solidarity sine qua non face deadly virus leave world untouched
Fri Apr 17 05:14:17 +0000 2020	Good Allah ho Akbar God help
Tue Mar 31 17:53:59 +0000 2020	Hopefully action learn Turkey nature thing fast Indonesian apart renowned hospitality accustom alon alon asal klakon slow sure obviously doesn apply situation
Tue Mar 17 16:27:36 +0000 2020	End APPEASEMENT & amp BLACKMAIL world hardly deal virus let undermine International law European value democratic principal
Tue Mar 03 07:24:00 +0000 2020	matter think family deserve mercy safe secure place live Cast away good way demonstrate leadership reconsider position don use politic tool Thank
Thu Mar 05 07:37:07 +0000 2020	today govern thing blame judge precautious measure border agreement relate nation
Thu Mar 05 14:42:57 +0000 2020	Human right owner fool
Wed Mar 18 17:24:35 +0000 2020	President Erdoğan ask individual nation remain home long possible COVID 19 threat
Fri Apr 17 04:57:50 +0000 2020	President President Salome Zourabichvili Georgia discuss bilateral relation regional issue cooperation fight coronavirus phone
Mon Mar 16 04:23:43 +0000 2020	Russian Federation accord give President Erdogan bad case scenario resolution Putin Quote Stalin & amp state lastly Turkey abide agreement entire Turkish convoy & amp soldier Syria obliterate FOAB saturation area
Tue Mar 03 03:15:46 +0000 2020	President speak German Chancellor Angela Merkel phone leader discuss refugee crisis development Idlib regional issue bilateral relation
Sat Apr 04 00:17:19 +0000 2020	rumor Turkey steal ventilator coronavirus patient cargo plane fly Spain stop Ankara believe true people safe help ally people safe Thank teşekkür ederim
Wed Mar 04 17:49:14 +0000 2020	President receive Representative United Nations Kelly Craft Presidential Complex
Tue Mar 10 18:42:39 +0000 2020	President answer question reporter comment recent development return flight Belgium
Thu Mar 12 17:53:37 +0000 2020	Sir need support talk news Twitter response talk leader talk boris law response sir allah Allah need leader stand support
Mon Mar 23 09:59:21 +0000 2020	Turkey begin disinfect entire town city week ago guarantee coronavirus case sure show government tolerance take risk hardly see public place disinfect European country Photo courtesy AFP / Daily Sabah 21/3/20
Sat Apr 18 08:40:34 +0000 2020	hopelessness hope darkness bright sun pandemic aid citizen Turkey provide aid request country symbol solidarity key peace 🇹 🇷
Sat Feb 22 08:52:42 +0000 2020	Turkey future lie technology innovation
Wed Apr 08 23:57:45 +0000 2020	President pen letter address citizen age 65 mask cologne distribute
Thu Mar 26 08:47:28 +0000 2020	Address nation effort combat COVID 19 President say life citizen equally valuable act management mentality put people Stay Home Turkey
Tue Mar 03 07:28:01 +0000 2020	Baby gather smoke Greek border cry TV filming create crisis political bargain SHAMNE HUMANITARIAN POLITICS
Thu Apr 02 18:19:23 +0000 2020	Hahahaha nice joke bro fool wanna
Fri Apr 10 16:22:08 +0000 2020	President attend Turkic Council videoconference summit fight COVID 19 prepare post pandemic era
Thu Mar 19 04:26:21 +0000 2020	19 March 2020 00 00 current situation Turkey world currently 191 confirm case virus relate death Turkey
Thu Mar 19 19:40:45 +0000 2020	19 March 2020 21 00 current situation Turkey world currently 191 confirm case virus relate death Turkey
Thu Mar 26 20:39:38 +0000 2020	Jewish logic think govern gold money stone country world land water
Wed Mar 18 17:13:32 +0000 2020	President Erdoğan Turkey closely follow development disease begin rapidly take measure execute
Wed Apr 01 21:28:48 +0000 2020	Information application Presidency Communication Center CIMER citizen wish support National Solidarity Campaign share
Tue Mar 03 05:30:35 +0000 2020	Director Communications EU failure work Turkey way meet unprecedented migration crisis lead day
Tue Mar 17 23:50:24 +0000 2020	18 March 2020 00 30 current situation Turkey world currently 98 confirm case virus relate death Turkey
Fri Apr 03 22:26:03 +0000 2020	Listen piece crap forget Seize 150 ventilator aim save human being good idea get foe life idiot
Tue Mar 10 17:11:38 +0000 2020	President Recep Tayyip Erdoğan participate event hold Ministry Family Labor Social Service Haliç Congress Center occasion March International Women Day
Tue Mar 03 07:29:59 +0000 2020	police fire tear gas canister crowd refugee border near provking run & amp cross border illegally force refugee weapon SHAME HUMANITARIAN POLITICS
Thu Mar 05 08:12:27 +0000 2020	Avsolutely right dear honorable Leader remember people fufil promise agreement double face culture
Wed Mar 04 22:53:55 +0000 2020	President European country close border refugee seek send beating sink boat shoot violate Universal Declaration Human Right
Sat Feb 22 10:55:46 +0000 2020	Turkey value strengthen economic cooperation Ukraine
Wed Apr 22 00:16:38 +0000 2020	President speak phone President Vladimir Putin Russia View exchange bilateral relation regional development cooperation fight COVID 19 pandemic
Wed Apr 22 16:25:52 +0000 2020	President speak phone President Hassan Rouhani Iran View exchange bilateral relation regional development cooperation fight COVID 19 pandemic
Wed Apr 22 16:28:35 +0000 2020	President speak phone President Shavkat Mirziyoyev Uzbekistan View exchange bilateral relation regional development cooperation fight COVID 19 pandemic
Sun Apr 19 09:55:38 +0000 2020	LIKE THANK TURKISH GOVERNMENT SEND PLANE SUPPLIES UK COME TURKEY HOLIDAY THANK 🇬 🇧 🇹 🇷
Tue Apr 07 10:49:21 +0000 2020	President mean morale determination defeat pandemic pessimism complacency measure bear mind possibility
Wed Apr 08 14:44:35 +0000 2020	Director Communications doubt nation fight invisible enemy face thank strong leadership President overcome challenging period beat conspiracy putschist betrayal gang
Wed Apr 22 16:10:30 +0000 2020	President speak phone Prime Minister Giuseppe Conte Italy View exchange bilateral relation regional development cooperation fight COVID 19 pandemic
Sat Apr 04 08:40:53 +0000 2020	Director Communications deeply grateful effort sacrifice healthcare worker overcome challenge
Mon Mar 30 05:17:05 +0000 2020	makeshift mask area high humidity closely tight space emergency personnel breeding ground fly sweat particle drop Eucalyptus oil clove add refreshing smell overuse mask hour prevent accidental itch scratch
Sun Apr 19 10:02:02 +0000 2020	LIKE THANK TURKISH GOVERNMENT GENEROSITY SEND PLANE SUPPLIES UK MEAN LOVE TURKEY 🇹 🇷 🇹 🇷 🇹 🇷 🇬 🇧 🇬 🇧 🇬 🇧 ♥ ️
Tue Mar 10 18:52:43 +0000 2020	Sir talk boris uk law response soon sky wanna ok
Thu Apr 09 22:57:33 +0000 2020	President hold phone President North Macedonia Stevo Pendarovski conversation cooperation fight Covid 19 bilateral relation regional issue discuss
Thu Mar 05 07:45:32 +0000 2020	regime hide important stuff turk kiddo good
Fri Apr 10 18:33:26 +0000 2020	President hold phone Bulgarian President Rumen Radev conversation Erdoğan Radev discuss cooperation fight coronavirus Covid 19 bilateral relation regional issue
Fri Mar 20 22:00:09 +0000 2020	President Lady Emine Erdoğan show support applaud healthcare professional work devotedly coronavirus pandemic
Wed Mar 11 17:51:06 +0000 2020	Sir talk uk law Twitter tomorrow talk law Twitter don response well tomorrow talk today try speak Muslim law understand
Sat Apr 04 06:06:16 +0000 2020	President President European Council Charles Michel talk phone conversation Turkey EU relation regional issue especially cooperation fight coronavirus Covid 19 discuss
Fri Apr 17 18:36:28 +0000 2020	President talk Georgian President Salome Zourabichvili phone discuss way cooperation novel coronavirus Covid 19 bilateral relation regional issue
Thu Mar 05 18:06:56 +0000 2020	Pakistanis love country good friend want peace friend good friendship burn enemy Putin & amp Erdogan Great Leader
Fri Apr 03 16:34:17 +0000 2020	President President EU Council Charles Michel talk phone conversation Turkey EU relation regional issue especially cooperation fight coronavirus Covid 19 discuss
Mon Apr 06 16:40:45 +0000 2020	President President Republic Moldova Igor Dodon talk phone conversation bilateral relation regional issue cooperation fight coronavirus Covid 19 discuss
Thu Mar 05 13:35:10 +0000 2020	President talk French President Emmanuel Macron phone phone conversation discuss issue Idlib refugee
Tue Mar 24 03:53:12 +0000 2020	President hold phone conversation Qatari Emir Sheikh Tamim bin Hamad al Thani conversation cooperation fight coronavirus Covid 19 bilateral relation regional issue discuss
Wed Apr 22 18:18:44 +0000 2020	COVID 19 crisis world country export help state medical equipment assist Turkey china true new superpower bear crisis
Tue Apr 21 09:00:21 +0000 2020	Director Communication hope start get normal Eid increase stringent measure month Ramadan
Sat Feb 22 21:20:47 +0000 2020	Directorate Communication organise conference title Malcolm World Istanbul conference host Malcolm daughter Ilyasah Shabazz speaker
Wed Apr 22 00:29:07 +0000 2020	HOLYQURAN3 26Say Allah Owner Sovereignty sovereignty sovereignty away honor humble hand [ all ] good thing competent
Wed Mar 11 17:32:11 +0000 2020	Sound weird come Greek hope past soon possible victim thing big politics need support Stay safe
Wed Mar 04 17:05:02 +0000 2020	Humanitarian solution turkey pull force Syria stop support ISIS war end soon later
Tue Apr 21 08:45:14 +0000 2020	Address citizen follow meet Presidential Cabinet President say Turkey maintain healthcare service failure crisis
Wed Mar 04 22:48:23 +0000 2020	Press Statement Presidential Spokesperson İbrahim Kalın Meeting Representative United Nations Kelly Craft Special Representative Syria James Jeffrey
Fri Mar 20 07:22:22 +0000 2020	American missionary el Congo talk bitter herb malaria cure corona bitterherb wormwood bitterwater herbal version quinine Artemisin lyme
Fri Mar 13 19:19:56 +0000 2020	Blast Nazi Greek Deny Refugee Access Europe Zero Hedge
Wed Apr 01 18:25:07 +0000 2020	President win need additional measure citizen voluntary quarantine
Fri Mar 13 17:45:37 +0000 2020	President issue message occasion March 14 Doctor Day
Tue Apr 07 21:08:01 +0000 2020	imperialist jew evangelist exploit America world establish Israel American people world slave evangelist Zionist Jew
Fri Apr 17 18:32:16 +0000 2020	17 April 2020 21 30 current situation Turkey world total 558 413 test perform currently 78 546 confirm case 769 relate death 631 discharge
Tue Mar 17 06:04:24 +0000 2020	17 March 2020 current situation new type Turkey world currently 47 confirm case virus Turkey
Tue Mar 17 19:00:24 +0000 2020	Trump right say China virus expect want African country virus America virus try implicate MEDIAL perfect world Jesus say comit adultery stone woman
Wed Apr 22 16:19:28 +0000 2020	President hold phone Uzbekistan President Shavkat Mirziyoyev conversation cooperation fight Covid 19 outbreak bilateral relation regional development discuss
Tue Mar 03 07:29:03 +0000 2020	press center set Hatay / Cilvegözü Operation Spring Shield launch Turkish Armed Force detail information
Sat Feb 22 10:56:57 +0000 2020	accept plan erase Palestine usurp Al Quds
Sun Apr 12 13:51:19 +0000 2020	President issue message occasion Easter
Tue Apr 21 16:04:20 +0000 2020	President hold phone Russian President Vladimir Putin conversation cooperation fight coronavirus Covid 19 outbreak bilateral relation regional development discuss
Wed Apr 22 16:23:30 +0000 2020	President talk Iranian President Hassan Rouhani phone conversation cooperation fight Covid 19 outbreak bilateral relation regional development discuss
Wed Apr 22 16:47:30 +0000 2020	President talk Italian Prime Minister Giuseppe Conte phone conversation cooperation fight Covid 19 outbreak bilateral relation regional development discuss
Wed Apr 08 23:57:37 +0000 2020	Director Communications compare state healthcare system develop country appreciate distance Turkey actually cover
Tue Mar 24 09:07:01 +0000 2020	Director Communications put relentless fight coronavirus moment case confirm Turkey
Sat Apr 04 06:06:08 +0000 2020	Director Communications National Solidarity Campaign launch President self sufficient Turkey continues attract support corner Turkey world
Wed Mar 04 05:02:56 +0000 2020	President receive United Kingdom Foreign Secretary Dominic Raab Presidential Complex
Sat Mar 14 17:38:21 +0000 2020	415 application Communication Center Presidency CIMER new type coronavirus COVID 19 week
Sat Feb 22 21:23:15 +0000 2020	President Kyrgyzstan President Sooronbay Jeenbekov talk phone Bilateral relation regional issue address
Tue Mar 31 09:54:28 +0000 2020	30 March 2020 22 30 current situation Turkey world total 76 981 test perform currently 10 827 confirm case 168 relate death 162 discharge
Thu Mar 26 07:44:29 +0000 2020	afraid bear produce create terrorist world Muslim
Sun Apr 19 14:08:28 +0000 2020	Director Communications fight coronavirus implement guideline diligently prevent rebound virus
Tue Mar 24 21:13:18 +0000 2020	Director Communications measure take 24 hour accelerate struggle hopefully cooperation state nation help process
Sun Mar 22 21:03:05 +0000 2020	23 March 2020 00 00 current situation Turkey world currently 1236 confirm case virus 30 relate death Turkey total time
Wed Mar 04 18:43:21 +0000 2020	Director Communications country suspend temporary protection tear gas migrant moral authority speak
Thu Mar 26 05:57:19 +0000 2020	President Turkey continue protect citizen impact coronavirus outbreak measure economic support package
Sun Mar 22 01:06:18 +0000 2020	
Fri Apr 10 22:41:00 +0000 2020	11 April 2020 00 15 current situation Turkey world total 307 210 test perform currently 47 029 confirm case 1006 relate death 423 discharge
Sun Apr 19 18:09:37 +0000 2020	19 April 2020 21 00 current situation Turkey world total 634 277 test perform currently 86 306 confirm case 017 relate death 11 976 discharge
Sun Apr 19 09:56:26 +0000 2020	18 April 2020 21 15 current situation Turkey world total 598 933 test perform currently 82 329 confirm case 890 relate death 10 453 discharge
Sun Feb 23 11:01:30 +0000 2020	📔 4 million print publication 125 thousand m² area thousand 500 person capacity Publication 134 different language 100 country 120 million article 550 thousand book rare book Open 24/7 Nation Library inaugurate 🇹 🇷
Wed Mar 04 17:14:58 +0000 2020	European Union apply double standard refugee issue
Tue Apr 07 07:42:27 +0000 2020	IIPC Canada Non Profit Charitable organization promote message Allah lecture deliver Adan Medina
Tue Mar 03 07:48:45 +0000 2020	Accord international law impossible hold people force country Accord Int shouldn invade Cyprus 1974 occupy 37 Accord Law home northern Cyprus free man use double standart
Mon Mar 30 06:43:03 +0000 2020	sir India Belong Muslim country people wrong work India year Actress go country marry Hindu guy girl belong Muslim family strong action
Sat Mar 28 10:40:42 +0000 2020	President citizen determinedly continue fight COVID 19 disease
Tue Mar 24 06:58:27 +0000 2020	24 March 2020 00 00 current situation Turkey world 3672 test complete past 24 hour total 24 017 currently 1529 confirm case virus 37 related death Turkey
Sat Mar 21 22:35:58 +0000 2020	Sura Maryam say Isa healer Read Muslim woman Pakistan paralyze 19 year heal
Tue Mar 24 13:43:44 +0000 2020	President brief relevant minister fight coronavirus COVID 19 videoconference
Mon Apr 06 11:34:41 +0000 2020	Director Communications celebrate Anadolu Agency centennial anniversary great vision find agency purpose explain National Struggle people world
Thu Mar 12 21:02:43 +0000 2020	Director Communications addition exemplary precaution take scientist work nonstop order find cure epidemic
Wed Apr 01 18:31:35 +0000 2020	01 April 2020 21 30 current situation Turkey world total 106 799 test perform currently 15 679 confirm case 277 relate death 333 discharge
Tue Mar 31 18:01:08 +0000 2020	31 March 2020 21 00 current situation Turkey world total 92 403 test perform currently 13 531 confirm case 214 relate death 243 discharge
Wed Mar 04 15:01:23 +0000 2020	Turkey insist half way membership EU resolve membership EU border end Turkey Give EU patently cognitive moral disaster Turkey membership help inject spine Strategically critical
Wed Mar 18 17:46:10 +0000 2020	fight coronavirus India 🇮 🇳
Thu Mar 19 17:36:47 +0000 2020	Follow Coordination Meeting Fight Coronavirus Covid 19 hold Çankaya Presidential Palace President start press conference
Sat Feb 22 08:44:41 +0000 2020	Malcolm daughter Ilyasah Shabazz Turkey project Figure Inspiring Youth speak Malcolm impact Islam America conference organize Directorate Communications İzmir
Thu Mar 26 17:44:03 +0000 2020	Watch trump lie / PROPAGANDA briefing waste time leader gain positive information
Wed Apr 22 02:01:41 +0000 2020	aim transition normal life follow Eid al Fitr
Wed Apr 01 14:26:01 +0000 2020	Director Communications National Solidarity Campaign launch President say self sufficient Turkey grow like snowball
Wed Mar 11 14:29:11 +0000 2020	President say determinedly implement measure resolve economic problem continue diplomatic effort international arena
Thu Mar 19 23:45:01 +0000 2020	20 March 2020 00 00 current situation Turkey world currently 359 confirm case virus relate death Turkey
Sat Mar 21 02:59:14 +0000 2020	21 March 2020 00 00 current situation Turkey world currently 670 confirm case virus relate death Turkey
Thu Mar 26 20:27:41 +0000 2020	Address virtual gathering G20 leader video conference President say coronavirus pandemic underscore importance G20 spirit cooperation reconciliation
Mon Apr 06 17:33:06 +0000 2020	Director Communications share video National Solidarity Campaign launch President slogan Self Sufficient Turkey
Sun Mar 15 13:06:52 +0000 2020	Syria right Erdogan cause suffer Route Russian Turkish patrol key de escalation line shorten prevent terrorist provocation involve civilian RT World News
Sun Mar 22 10:27:26 +0000 2020	22 March 2020 00 00 current situation Turkey world currently 947 confirm case virus 21 related death Turkey total time
Thu Mar 19 07:05:26 +0000 2020	Speak open Coordination Meeting Fight Coronavirus Covid 19 hold Çankaya Palace President say trust believe overcome
Sat Feb 22 21:21:39 +0000 2020	President Prime Minister Imran Khan Pakistan hold joint press conference Islamabad stand ready provide support Pakistan development
Tue Mar 24 21:01:50 +0000 2020	25 March 2020 00 00 current situation Turkey world total 27 969 test perform currently 872 confirm case virus 44 related death Turkey
Mon Mar 30 05:16:37 +0000 2020	Makeshift mask good mask Makeshift mask follow red thick rubber band paper towel scotch tape side method sharp knife screw driver punch hole rubber band
Sat Apr 04 18:27:40 +0000 2020	04 April 2020 21 15 current situation Turkey world total 161 380 test perform currently 23 934 confirm case 501 relate death 786 discharge
Sat Apr 04 06:06:30 +0000 2020	03 April 2020 21 15 current situation Turkey world total 141 716 test perform currently 20 921 confirm case 425 related death 484 discharge
Tue Apr 07 18:18:03 +0000 2020	07 April 2020 21 15 current situation Turkey world total 222 868 test perform currently 34 109 confirm case 725 relate death 582 discharge
Wed Apr 08 19:45:47 +0000 2020	08 April 2020 21 15 current situation Turkey world total 247 768 test perform currently 38 226 confirm case 812 relate death 846 discharge
Fri Apr 10 21:11:52 +0000 2020	09 April 2020 22 00 current situation Turkey world total 276 338 test perform currently 42 282 confirm case 908 relate death 142 discharge
Sat Apr 11 18:03:38 +0000 2020	11 April 2020 21 00 current situation Turkey world total 340 380 test perform currently 52 167 confirm case 1101 relate death 965 discharge
Fri Apr 17 10:17:20 +0000 2020	16 April 2020 21 45 current situation Turkey world total 518 143 test perform currently 74 193 confirm case 643 related death 089 discharge
Tue Apr 21 18:15:47 +0000 2020	21 April 2020 21 15 current situation Turkey world total 713 409 test perform currently 95 591 confirm case 259 relate death 14 918 discharge
Wed Apr 22 19:04:07 +0000 2020	22 April 2020 21 15 current situation Turkey world total 750 944 test perform currently 98 674 confirm case 376 relate death 16 477 discharge
Sun Apr 19 05:52:34 +0000 2020	President statement follow ratification new reform bill execution sentence General Assembly Grand National Assembly Turkey
Fri Apr 03 06:12:06 +0000 2020	Director Communications Hail distinguished participant demonstrate unity solidarity tough time
Sat Feb 22 21:21:23 +0000 2020	WeAreNATO campaign coordinate Directorate Communication introduce event hold Izmir February 18
Tue Mar 03 14:35:28 +0000 2020	President speak Pakistan Prime Minister Imran Khan phone leader discuss refugee crisis development Idlib bilateral relation
Sat Feb 22 21:18:35 +0000 2020	Speak inauguration Menemen Aliağa Çandarlı Highway President Turkey power capability pursue independent policy implement ground
Tue Apr 07 18:39:29 +0000 2020	stay safe teah
Sat Mar 28 10:42:13 +0000 2020	Director Communications patience diligence people follow rule help defeat unprecedented threat
Wed Mar 18 20:53:36 +0000 2020	18 March 2020 21 00 current situation Turkey world 210 thousand case world Total number death thousand total number discharge 80 thousand
Sat Feb 22 21:21:47 +0000 2020	Speak Turkey Pakistan Business Forum President want raise trade economic tie Pakistan level political relation
Sat Feb 22 15:46:44 +0000 2020	arab Kurdish terrorist organization going blow United States blow Kingdom England day brother brother involve hospital post office assumption pray blow world 61111
Thu Mar 05 15:10:38 +0000 2020	Deputy Director Communications Turkey hope million people struggle survive
Thu Mar 19 06:32:46 +0000 2020	Heart Christian bleed grief Turkish atrocity Islamic country communal thought destroy world miserable condition Christian turkey Turkey Govt lose morality minority
Sat Feb 22 21:20:53 +0000 2020	Shabazz daughter Malcolm symbol fight racism say control Islam narration beauty peace love politics
Sat Apr 11 09:14:57 +0000 2020	Director Communications curfew 48 hour business bakery pharmacy continue activity curfew
Thu Mar 26 08:12:34 +0000 2020	yes way fight covid 19
Fri Mar 27 09:17:45 +0000 2020	Director Communications Humanity face common enemy Turkey ready come spirit solidarity cooperation
Sat Apr 11 07:06:47 +0000 2020	Turkey look stray animal COVID 🇹 🇷
Wed Mar 25 18:03:56 +0000 2020	President hold Consultation Meeting New Judicial Reform Law Execution video conference
Tue Mar 31 08:54:15 +0000 2020	Director Communications key fight citizen follow strictly relevant guideline
Fri Apr 10 22:42:30 +0000 2020	Directorate Communication publish public spot healthcare professional
Wed Apr 01 12:50:27 +0000 2020	Director Communications display good example solidarity process difficult time far
Tue Mar 31 10:18:25 +0000 2020	Director Communications give interview newspaper Milliyet teleconference Turkey hopefully overcome crisis short thank measure take
Wed Mar 11 05:54:34 +0000 2020	flow refugee catastrophe Turkey Demand Europe membership European Union 000 000 000 Euro YEAR miss refugee
Tue Mar 31 08:22:42 +0000 2020	Address nation follow meet Presidential Cabinet President say Turkey comparison Europe country close overcome spread disease
Sun Apr 19 13:46:53 +0000 2020	concert organize slogan hill continent Presidency April 23 National Sovereignty Children Day broadcast YouTube channel Directorate Communication
Wed Apr 22 16:24:06 +0000 2020	President hold meet National Football Team player video conference
Wed Mar 04 22:58:25 +0000 2020	6West invide east let ll create land afraid sick mind bomb land
Fri Apr 17 05:44:27 +0000 2020	Laika goal Laika tell love one alive 24/7 suitable vulnerable people love one far away want know long time commitment like insurance read graph
Wed Apr 08 23:57:53 +0000 2020	Director Communications comment terrorist attack civilian Diyarbakır brutal terrorist organization account murder citizen doubt
Mon Mar 30 02:23:35 +0000 2020	Despite negative circumstance Turkey continue island stability region
Wed Mar 11 11:51:04 +0000 2020	Turkish Army train Pakistani Army right sure know Pakistani government threat Iranian Shia terrorist regime let 000 Shia terrorist 60 infect Coronavirus Syria Pakistan throught Iran
Fri Apr 10 15:36:16 +0000 2020	President attend Turkic Council Extraordinary Videoconference Summit Cooperation Solidarity Fight COVID 19 Pandemic
Fri Apr 03 01:58:07 +0000 2020	good infographic Follow
Mon Apr 06 10:48:10 +0000 2020	President receive President World Bank sideline G20 Osaka Summit
Wed Mar 18 17:02:49 +0000 2020	long disease control good outcome await
Sun Apr 05 19:39:24 +0000 2020	Director Communications mask week deliver house citizen age 20 65 fill form address
Tue Mar 17 16:03:29 +0000 2020	Turkish President Erdogan French German British counterpart teleconference discuss Syrian refugee crisis joint action coronavirus
Fri Apr 10 22:56:33 +0000 2020	President day virus start spread Turkey rapidly implement necessary measure Thanks investment healthcare past 17 year catch pandemic relatively prepared manner
Sun Apr 19 18:05:35 +0000 2020	President speak phone President Donald Trump early evening View exchange bilateral relation regional development
Wed Mar 11 00:03:32 +0000 2020	Speak joint press conference NATO Secretary General Stoltenberg President say NATO go period critical importance display alliance solidarity clear manner
Wed Mar 04 12:19:58 +0000 2020	EU worry Turkey benefit conflict EU totally ignore suffer Syrian civilian EU want refugee problem Turkish problem stupid source suffer Russia Iran Assad clan
Wed Apr 22 16:28:04 +0000 2020	President speak phone President Mohamed Abdullahi Mohamed Farmaajo Somalia View exchange bilateral relation cooperation fight COVID 19 pandemic
Fri Apr 03 06:13:35 +0000 2020	Sir French economy business model Sincerely 92290 Châtenay Malabry Fabrice BOUSSEL FRANCE
Sat Feb 22 21:21:06 +0000 2020	WeAreNATO campaign introduce event organize Izmir coordination Directorate Communications Deputy Director Communications Çağatay Özdemir PhD Amb Tacan Ildem NATO Assistant Sec Gen speak event
Wed Apr 22 16:26:04 +0000 2020	President speak phone President Teodoro Obiang Nguema Mbasogo Equatorial Guinea View exchange bilateral relation cooperation fight COVID 19 pandemic
Mon Mar 02 21:40:41 +0000 2020	Thank show love care humanity Syrian migrant remember Muslim brother European doesn care weather allow cross border Enemy root
Sat Mar 21 08:51:57 +0000 2020	team distribute Arabic brochure describe way protection coronavirus visit household inform local community threat pandemic brochure deliver 500 thousand household
Tue Apr 21 08:18:14 +0000 2020	Turkey maintain healthcare service failure crisis
Fri Mar 27 04:47:16 +0000 2020	27 March 2020 00 00 current situation Turkey world total 40 290 test perform currently 629 confirm case 75 relate death
Mon Mar 23 17:42:08 +0000 2020	Garlic Good street poverity Antiseptics Shalom
Tue Mar 17 16:18:17 +0000 2020	President French President Emmanuel Macron German Chancellor Angela Merkel UK Prime Minister Boris Johnson discuss Syrian refugee crisis joint action coronavirus teleconference
Thu Mar 26 14:24:55 +0000 2020	26 March 2020 00 00 current situation Turkey world total 33 004 test perform currently 433 confirm case 26 discharge 59 relate death
Wed Mar 25 21:06:05 +0000 2020	26 March 2020 00 00 current situation Turkey world total 33 004 test perform currently 433 confirm case 26 discharge 59 related death Turkey
Fri Mar 27 18:07:50 +0000 2020	27 March 2020 21 00 current situation Turkey world total 47 823 test perform currently 698 confirm case 92 relate death 42 discharge
Sat Mar 28 18:52:35 +0000 2020	28 March 2020 21 00 current situation Turkey world total 55 464 test perform currently 402 confirm case 108 related death 70 discharge
Sun Mar 29 22:56:22 +0000 2020	29 March 2020 21 00 current situation Turkey world total 65 446 test perform currently 217 confirm case 131 relate death 105 discharge
Thu Apr 02 21:38:16 +0000 2020	02 April 2020 21 00 current situation Turkey world total 125 556 test perform currently 18 135 confirm case 356 related death 415 discharge
Sun Apr 05 19:22:49 +0000 2020	05 April 2020 22 00 current situation Turkey world total 181 445 test perform currently 27 069 confirm case 574 relate death 042 discharge
Mon Apr 06 20:18:47 +0000 2020	06 April 2020 21 45 current situation Turkey world total 202 845 test perform currently 30 217 confirm case 649 related death 326 discharge
Mon Apr 20 18:00:58 +0000 2020	20 April 2020 21 00 current situation Turkey world total 673 980 test perform currently 90 980 confirm case 140 relate death 13 430 discharge
Thu Apr 02 08:03:12 +0000 2020	Covid 19 Designer publish production data simple face mask
Wed Apr 08 11:57:31 +0000 2020	Inn shaa Allah grace Allah Pakistan pray safety safety Turkish brother remember prayer PM imran Khan pride Love sir
Sat Feb 22 05:11:31 +0000 2020	stop bomb Syria kill civilian stop military operation Syria temporarily till call resume withdraw militia Libya peace stability
Fri Apr 17 23:30:46 +0000 2020	ask help Pakistan Muslim world week God man live animal world earthquake rock heaven rafique j2 com
Fri Apr 03 09:02:44 +0000 2020	President send letter Prime Ministers Italy Spain follow delivery medical aid
Sat Apr 04 09:18:53 +0000 2020	Turkish Presidency win need additional measure citizen voluntary quarantine Yes Steal Spanish Ventilator TURKEY THIEF COUNTRY
Sun Apr 19 18:10:08 +0000 2020	Thank Doctor Nurse line staff support deserve need
Sat Feb 22 17:22:09 +0000 2020	Turkey Stop bark Kashmir India India large military power th large Economic power Beware India punish hard Pakistan China able protect
Wed Apr 01 17:56:45 +0000 2020	Mr President amnesty people Guardian Outrage denial amnesty Turkish political prisoner
Wed Apr 22 00:25:02 +0000 2020	MUSLIM IMAM TELL RIGHT WRONG CRISIS CANADA AUGUST/19/2013 INFORMED CRISIS CANADA UN SEC GEN BAN KI MOON ISLAMIC NATIONS ISLAM COUNTRY PROTECT FAMILY CHURCH HARM
Sat Feb 22 21:20:59 +0000 2020	Address AK Party parliamentary group meeting President say determine cost Idlib safe people Turkey
Sat Mar 21 22:37:26 +0000 2020	President congratulate Lailat al Miraj Turkish nation Islamic world
Wed Mar 11 08:48:28 +0000 2020	accept sincere feeling solidarity moral support outbreak Coronavirus Turkish soil
Tue Apr 07 14:18:11 +0000 2020	InshALLAH turkey overcome pandemic InshALLAH overcome pandemic Ramadan 🇵 🇰 ❤ 🇹 🇷
Wed Apr 08 14:41:21 +0000 2020	jail virus idiot
Sat Apr 11 09:31:29 +0000 2020	President talk Serbian President Aleksandar Vucic phone conversation President Erdoğan wish speedy recovery Vucic son contract coronavirus Covid 19
Tue Apr 07 08:53:29 +0000 2020	Action loud word Unfortunately infect number support statement
Thu Mar 05 15:28:08 +0000 2020	CURSE ON&gt Terrorist back AssSadists terrorist Kafir terrorist terrorist million innocent man woman
Tue Mar 17 17:03:30 +0000 2020	President hold quadrilateral meet President Emmanuel Macron France Chancellor Angela Merkel Germany Prime Minister Boris Johnson United Kingdom video conference
Mon Mar 16 19:32:58 +0000 2020	Turkey fully commit protect citizen especially high risk individual Covid 19
Tue Mar 10 17:50:16 +0000 2020	case help undress EU & amp far bad willing naked grotesqueness statement present
Sun Apr 12 10:34:03 +0000 2020	truly beautiful amazing thing country th UK Uniting fight horrible virus hope return people return favour visit country help economy grow strong
Thu Mar 26 14:18:21 +0000 2020	President participate virtual gathering G20 leader coronavirus COVID 19 video conference
Thu Mar 05 13:00:26 +0000 2020	CURSE ON&gt Terrorist Putin Russian terrorist back Asssadist Iranian Shia terrorist regime Houthis PKK Hezbuloh terrorist terrorist MURDER million innocent man woman CHILD BABY Syria Iraq |Kurdistan| Iran Turkey Saudi Arabia Yemen etc
Mon Mar 02 22:26:11 +0000 2020	CURSE ON&gt Terrorist Putin Russian terrorist back Iranian Shia terrorist regime Houthis PKK AsSadists Hezbulloh terrorist terrorist MURDER million innocent man woman CHILD BABY Syria Iraq |Kurdistan| Iran Turkey Saudi Arabia Yemen etc
Tue Mar 31 07:44:29 +0000 2020	Turkish government world ask people send money government instead support coronavirus pandemic tell people stay home instead help financially ask money shame
Thu Apr 23 09:10:18 +0000 2020	Hello Dear Madam/ Sir problem know education attack President Erdogan aim create million programmer Turksat Kablo Tv cancel education channel ENGLISH CLUB TV match state policy
Mon Apr 20 18:42:50 +0000 2020	Presidency organize concert April 23 National Sovereignty Children Day slogan hill continent concert broadcast YouTube channel Directorate Communication
Fri Apr 10 04:14:38 +0000 2020	Virgin Coconut Oil Benefits Change Life
Tue Mar 03 05:57:02 +0000 2020	President Erdoğan teach historic lesson dares think nation corner
Sat Mar 28 10:24:37 +0000 2020	address fight coronavirus President citizen determinedly continue fight COVID 19 disease
Sat Feb 22 06:44:43 +0000 2020	Nations Library 125 thousand square meter area Serve people age clock million publication 134 different language 100 country 550 thousand book million dissertation 120 million article
Thu Mar 12 20:27:05 +0000 2020	Turkey plan coronavirus open boarder AVOID TRAVEL TURKEY
Thu Mar 12 21:00:59 +0000 2020	President chair meet hold Presidential Complex discuss measure take coronavirus Covid 19
Wed Apr 08 23:57:47 +0000 2020	President phone Chinese President Xi Jinping phone conversation Erdoğan Xi discuss way cooperation fight Covid 19 bilateral relation
Sat Apr 04 08:18:28 +0000 2020	President Thanks support fellow citizen total 061 Billion collect far self sufficient Turkey campaign
Fri Mar 13 00:17:35 +0000 2020	Mohamed Yussuf Ethiopian Canadian citizen resident Canada marry August/09/2007 Canada Children Canada THANK ALLAH YEAR BIRTH MAY/8/1972 ETHIOPIAN ORIGIN ID DIRECT TEL&gt 647 701 9381
Tue Mar 31 15:38:14 +0000 2020	President hold phone conversation Indonesian President Joko Widodo conversation way cooperation fight coronavirus Covid 19 bilateral relation discuss
Tue Mar 17 18:05:44 +0000 2020	current number 17 March 2020 9PM compare Turkey world
Sun Feb 23 20:13:38 +0000 2020	Sky wanna justice end soon ok
Mon Apr 06 05:24:46 +0000 2020	Sir voluntary quarantine risky small portion population medical doctor & amp nurse community danger infection Lockdowns unpopular people alive grumble later
Wed Mar 04 12:36:32 +0000 2020	White Judeo Christian Govt conspire ensure Muslim continue fight Muslim Balkanization Turkey lead creation ultimate goal Great Israel Enshrine control Middle East
Fri Mar 20 23:07:47 +0000 2020	pleased request aal president action china
Fri Apr 03 16:48:09 +0000 2020	understand Stop EU Turkey wait 60 year 2021 2027 EU budget foresee Turkey EU membership answer mean EU mock Turkey citizen
Thu Apr 23 07:17:55 +0000 2020	President talk President Teodoro Obiang Nguema Mbasogo Equatorial Guinea phone phone conversation discuss way cooperation fight Covid 19 bilateral relation
Mon Mar 23 19:41:55 +0000 2020	President Erdogan sake Allah add instruction people need pray repent Almighty
Sun Mar 29 12:59:52 +0000 2020	musician province support campaign Life home launch attention importance stay home fight coronavirus Covid 19
Thu Mar 05 12:09:57 +0000 2020	Daniel 11 16 come please stand stand land Decoration ability exterminate hand
Mon Mar 02 21:38:53 +0000 2020	humble observer million refugee harbour time issue & amp conflict shall resolve fair & amp reasonable number think fairs&amp reasonable assume Turkey buckle
Thu Apr 02 23:25:34 +0000 2020	Love Indonesia wish finish life mother land long life Mr President
Wed Mar 04 22:23:55 +0000 2020	Don pour crocodile tear flock illegal immigrant Puppet theater time pass long time
Tue Mar 17 03:56:56 +0000 2020	Announcement Decision concern Organization March 18th Martyr Day Commemoration Gallipoli Naval Victory Ceremony publish
Thu Mar 12 21:02:34 +0000 2020	President Turkey hopefully overcome problem [ coronavirus ] casualty wish virus strong measure
Sun Apr 12 04:52:45 +0000 2020	Armed search carry 10 June large number home Risa Omerov Aider Dzhapparov Eskender Suleymanov Belogorsk man Alushta 39 year old Eldar Kantemirov 52 year old Lenur Khalilov illegal
Thu Mar 05 12:54:01 +0000 2020	Send 1000 Special force Turkish police greek boarder sure greek police open boarder violate NATO Law boarder country turkish business declaration war thing protect Turkey anymore NATO Membership
Sun Mar 29 21:22:23 +0000 2020	President hold meet Minister Transport Infrastructure Adil Karaismailoğlu video conference
Sat Mar 28 21:23:54 +0000 2020	Pl reply ansar pl sir urgent anware
Tue Mar 03 09:49:43 +0000 2020	Sir ajman Pakistani shahbaz yousaf help need job turki plz +971 55 213 77 94
Sat Feb 22 21:21:16 +0000 2020	Turkey ally contribute mission 2nd big army organization
Wed Mar 18 15:59:40 +0000 2020	know meaning term hear recently outbreak
Wed Mar 18 17:59:04 +0000 2020	similar sense follower India ask behave responsibly light virus pandemic stop fund use brain
Tue Mar 10 16:15:00 +0000 2020	NATO go period critical importance display alliance solidarity Turkey clear manner
Fri Mar 13 00:21:51 +0000 2020	HOLY QURAN 48 23 [ This be ] establish way Allah occur find way Allah change
Tue Apr 07 08:36:12 +0000 2020	country unite
Thu Apr 02 01:10:27 +0000 2020	Hey sign petition netizen FREE CHEN QIUSHI，FANG BIN LI ZEHUA NOW ！ want help add need support read sign petition
Wed Apr 08 18:02:19 +0000 2020	world troubled epidemic arrive world solution rid problem SHA ALLAH accord remedy save world epidemic
Sun Apr 19 13:17:37 +0000 2020	Salute 🇹 🇷 🇹 🇷 🇹 🇷
Wed Apr 01 18:24:48 +0000 2020	Director Communications National Solidarity Campaign entirely voluntary basis
Wed Mar 11 11:57:11 +0000 2020	President arrive Brussels pay day working visit invitation President European Council Charles Michel
Sat Feb 22 22:12:14 +0000 2020	buy life jacket need
Wed Apr 08 14:42:21 +0000 2020	need AXIS
Wed Apr 22 11:46:46 +0000 2020	HOLY QURAN SURAH AL FATH 48 23 [ This be ] establish way Allah occur find way Allah change
Fri Apr 10 18:32:19 +0000 2020	thank
Tue Apr 07 19:04:36 +0000 2020	mean morale determination defeat coronavirus pandemic
Wed Mar 25 19:54:30 +0000 2020	originate December Wuhan China see Turkey 11 March 2020 27 000 test perform 26 patient discharge Turkey today
Fri Mar 20 03:01:31 +0000 2020	Thank testing kit
Sat Mar 28 22:10:10 +0000 2020	disgrace country
Sat Apr 04 06:49:32 +0000 2020	Weldone mr President
Wed Apr 08 15:31:46 +0000 2020	China lie people die
Thu Mar 05 12:35:48 +0000 2020	International Idlib Conference host Directorate Communication take place Dolmabahce Palace https …
Thu Mar 05 10:14:28 +0000 2020	International Idlib Conference host Directorate Communication take place Dolmabahce Palace https / …
Thu Mar 05 17:26:25 +0000 2020	look indian muslim need support
Wed Apr 08 08:27:20 +0000 2020	President congratulate citizen especially healthcare professional carry duty great sacrifice country particularly line fight coronavirus
Wed Apr 22 00:24:13 +0000 2020	WORLD MUSLIM IMAM TELL RIGHT WRONG CRISIS CANADA ISLAM RELIGION ALLOW ENTER HUMAN BEING HOUSE PERMISSION MUSLIM IMAM TALK CASE MUSLIM IMAM hyp•o•crite
Thu Mar 26 06:35:12 +0000 2020	Allah help combat deadly virus Live long Pakistan 🇵 🇰 Turkey 🇹 🇷
Thu Mar 12 18:30:23 +0000 2020	soon possible inshallah
Wed Mar 11 09:23:11 +0000 2020	rabid dog
Sat Apr 11 09:22:48 +0000 2020	Best wish Turkish brethren
Sat Apr 11 21:31:49 +0000 2020	Thankyou Turkey ❤ ️
Tue Apr 21 08:55:55 +0000 2020	support Muslim
Tue Mar 03 06:59:46 +0000 2020	Muslim citizen Bangladesh Modi rule Muslim kill Muslim Delhi India protect Muslim protect Prophet Muhammad Islam know leader present Muslim world
Tue Apr 07 04:50:28 +0000 2020	library Quranic lecture base SOLELY Ayaat
Sun Apr 05 19:28:44 +0000 2020	Turkey report
Thu Mar 05 10:52:55 +0000 2020	man do nt dumb NATO good conflict expert plan year advance use domino tactic history Syria fall Iran Turkey Start Iraq Evil use country weaken tactic start UK unholy family
Sun Apr 05 12:14:44 +0000 2020	President Erdoğan address joint session National Assembly Senate Pakistan
Sun Feb 23 10:50:08 +0000 2020	let Iranian enter country know outbreak Iran Think people think money
Sat Mar 28 04:30:11 +0000 2020	Allah protect Turkey people president Ordogan harm disease Virus love
Thu Apr 02 07:19:30 +0000 2020	552 million 529 thousand 912 Turkish lira raise far National Solidarity Campaign launch President self sufficient Turkey
Sat Feb 22 08:52:21 +0000 2020	aim increase bilateral trade volume Uzbekistan billion
Fri Mar 20 15:39:01 +0000 2020	Sir correct approach
Thu Apr 02 18:22:29 +0000 2020	hope total lockdown declare
Thu Apr 23 10:52:19 +0000 2020	love Mr President 🇹 🇷 🇵 🇰
Mon Apr 06 10:24:31 +0000 2020	like introduce deliver lecture base kindly visit link give watch Al Quran say different topic
Fri Mar 27 12:52:05 +0000 2020	President Let comply warning patient let guard
Thu Apr 09 18:40:06 +0000 2020	like introduce deliver lecture base Kindly visit link give Adan Meeca
Wed Mar 04 15:03:03 +0000 2020	good Leader World ALLAH save protect Enemy Ameen
Thu Apr 09 00:35:40 +0000 2020	like introduce 50 + publicly deliver lecture base Quran kindly visit link give Adhan Meeca
Wed Mar 11 00:03:20 +0000 2020	President pay day work visit Brussels meet President European Council Charles Michel President European Commission Ursula von der Leyen
Fri Mar 20 22:16:31 +0000 2020	terrorist like
Fri Apr 17 13:56:14 +0000 2020	Thank alot Generosity 👍 🤲 🇹 🇷
Tue Apr 21 08:48:16 +0000 2020	Islamic country support Muslim India
Sat Feb 22 10:57:14 +0000 2020	President Turkey ancient tie continent date thousand year share common fate African Brotherhood sincerity essence relation Africa
Sat Apr 04 02:08:29 +0000 2020	ask return material urgently war measure
Tue Apr 21 20:48:37 +0000 2020	China send COVID 19 TESTING KIT DUPLICATE
Wed Apr 01 20:37:12 +0000 2020	Turkey nation educate aware organize peace love hope world
Fri Apr 03 11:45:11 +0000 2020	Yazeed ALLAH cruse force Erdogan follow Yazeed Thank save terrorist godfather Erdogan past Turkish coup
Wed Mar 18 17:24:50 +0000 2020	folk leave Greece help border criminal world watch
Mon Mar 16 07:24:53 +0000 2020	Read this 👇 b4 mock & amp neglect pandemic
Wed Mar 18 17:18:34 +0000 2020	President Erdoğan frustrate malicious people rub hand expect virus country captive continue
Wed Mar 25 01:27:53 +0000 2020	sir total lock corona
Fri Apr 03 20:33:18 +0000 2020	star fall phone join Synchronicity
Sat Mar 28 10:48:24 +0000 2020	stop barbaric treatment animal slaughter house thank
Sat Apr 11 01:33:25 +0000 2020	leader level guy great work read citizen receive extra mask
Wed Mar 04 18:43:57 +0000 2020	President receive United Kingdom Foreign Secretary Presidential Complex
Thu Mar 05 15:39:10 +0000 2020	DON SHOOT SINKING BOAT STUPID BELIEVE FAKE NEWS VIDEO TOTALLY FAKE KNOW AFRAID CRAZY SULTAN CHICKENS GOD COME HARD
Thu Apr 23 10:44:54 +0000 2020	Happy National Sovereignty Children Day Best Wish Pakistan
Wed Mar 11 14:44:02 +0000 2020	Europe poor land earn money casino
Wed Apr 01 18:40:14 +0000 2020	win need additional measure citizen voluntary quarantine
Thu Apr 02 19:23:56 +0000 2020	Address mayor videoconference President determinedly continue fight wise balanced realistic step panic
Thu Mar 05 12:15:28 +0000 2020	heart Muslim world grieve massacre Muslim India govt India confront extremist Hindu & amp party & amp stop massacre Muslim order prevent India isolation world Islam
Thu Mar 05 15:32:27 +0000 2020	look good gaming laptop 2020 problem help find good gaming laptop find detailed review good gaming laptop like share check link give
Sat Feb 22 21:56:41 +0000 2020	Turkey power capability pursue independent policy
Wed Apr 22 00:24:29 +0000 2020	WORLD MUSLIM IMAM TELL RIGHT WRONG CRISIS CANADA MUSLIM WORLD IMAM LET SHUT TONGUE TELL CRISIS WRONG RIGHT LEAVE UNKNOWN CASE ALMIGHTY GOD TRUST ALLAH
Tue Mar 17 15:56:00 +0000 2020	President French President Emmanuel Macron German Chancellor Angela Merkel British Prime Minister Boris Johnson hold summit video conference
Wed Mar 25 09:33:32 +0000 2020	govt turkey help people country need India
Tue Mar 03 15:15:24 +0000 2020	people 🇵 🇰 stand 🇹 🇷 bleed
Mon Mar 16 21:07:32 +0000 2020	Yeah don try sell nonsense buying
Thu Mar 19 10:30:29 +0000 2020	Indian Ascetic Yogi hold defeat Turkish skull
Thu Apr 23 03:19:51 +0000 2020	Turkish government people continual backer Somali nation people Somalia forget support Turkey contribute drought
Fri Feb 21 22:50:15 +0000 2020	President hold trilateral phone conversation French President Emmanuel Macron German Chancellor Angela Merkel
Sat Mar 28 08:31:31 +0000 2020	determinedly continue fight COVID 19
Fri Apr 17 13:48:16 +0000 2020	government perform beaten expectation tackle COVID 19 KUDOS
Wed Mar 04 19:11:27 +0000 2020	guy straightaway jump&gt jugular like wild animal Read pause thn spk
Wed Apr 22 07:24:23 +0000 2020	great hear good relationship France EU member
Wed Mar 04 23:29:43 +0000 2020	savage ally Turkey world country Erdogan universe favor die
Sat Mar 14 07:30:58 +0000 2020	salute Lionheart Favourite sir Reccip Tayyab Erdogan pray
Mon Apr 06 16:55:05 +0000 2020	Presidential Cabinet convene President chairmanship
Fri Apr 17 08:24:24 +0000 2020	hope gay stuff happen turkey rn SAY HOPE
Sat Feb 22 21:18:41 +0000 2020	President hold phone Russian President Vladimir Putin phone conversation President Erdoğan emphasize regime restrain Idlib humanitarian crisis stop
Wed Apr 22 00:25:45 +0000 2020	PROPHET MOHAMED BIN ABDULLAH SALLALLAAHU ALAIHI SAY sex•u•al in•ter•course WIFE WOMAN vagina WAY LIKE ENTER vagina ORAL WOMAN SEX pro•hib•it•ed ALLAH KNEWS BEST INSHA ALLAH
Mon Feb 24 09:36:12 +0000 2020	President hold phone conversation Interior Minister Süleyman Soylu regard earthquake occur western Iran feel Van
Thu Mar 12 21:01:28 +0000 2020	President hold phone conversation Russian President Vladimir Putin
Sat Mar 14 18:56:07 +0000 2020	President hold phone Azerbaijani President Ilham Aliyev
Tue Apr 21 09:44:23 +0000 2020	plz support Ummah India Targeted government sponser Media deliberately acuse spread Covid 19 India RSS terrorist kill boycott destroy business
Wed Mar 04 17:34:51 +0000 2020	Dictator killer away Syrian land
Thu Apr 02 13:34:02 +0000 2020	hope fight disease covind 19 bad human being pray hope pray thank regard GULL ALAMGEER
Thu Mar 26 09:16:22 +0000 2020	India Lockdown country ready understand Police work hard inside home Twitts work Close border home way Arrange daily need
Wed Mar 18 08:51:33 +0000 2020	President finally sit agree declaration ceasefire midnight yesterday hope hold war Muslim Muslim come end
Mon Mar 16 06:25:08 +0000 2020	Statement meeting hold instruction chairmanship Vice President Fuat Oktay
Mon Mar 16 12:15:35 +0000 2020	Press release concern member press cover March 18th Martyr Day Commemoration Gallipoli Naval Victory Ceremony
Wed Apr 22 00:24:44 +0000 2020	MUSLIM IMAM TELL RIGHT & amp WRONG CRISIS CANADA VATICAN CHURCH FAMILY OCTOBER/2/2004 /2020 MUSLIM IMAM SEE DAILY LIFE CRISIS WORLD IMAM PROTECT FAMILY VATICAN CHURCH INSHA ALLAH
Thu Mar 26 06:17:43 +0000 2020	Respected Mr President start campaign disinfect Airplane Airplane main cause spread COVID 19
Fri Apr 17 18:35:33 +0000 2020	President hold phone conversation Prime Minister Shinzo Abe Japan conversation bilateral relation cooperation fight coronavirus discuss
Thu Apr 02 15:50:35 +0000 2020	Goodmorning friend
Thu Apr 02 06:02:16 +0000 2020	President Ukrainian President Volodymyr Zelensky talk phone
Wed Mar 18 20:53:34 +0000 2020	Thank tweet information English
Sat Mar 21 06:34:48 +0000 2020	President Turkey work day night minimize effect coronavirus country
Wed Mar 18 07:10:22 +0000 2020	President hold phone conversation Italian Prime Minister Giuseppe Conte
Tue Mar 24 20:32:10 +0000 2020	President hold meet Presidential Cabinet member video conference
Mon Mar 30 15:26:31 +0000 2020	Presidential Cabinet convene chairmanship President video conference
Fri Mar 27 18:49:22 +0000 2020	President hold meet Presidential Cabinet video conference
Wed Apr 01 18:25:30 +0000 2020	President Russian President Vladimir Putin talk phone
Thu Apr 09 09:08:40 +0000 2020	President share message occasion Passover
Fri Apr 17 09:22:27 +0000 2020	Statement medium activity newspaper distribution curfew
Mon Apr 20 17:53:16 +0000 2020	President inaugurate phase Basaksehir City Hospital Istanbul
Mon Apr 20 13:57:17 +0000 2020	President chair videoconference meet Presidential Cabinet Huber Villa Istanbul
Fri Mar 27 09:40:47 +0000 2020	Help Kashmiry Allah remove corona virus world Believe prayer Kashmiri mother negligence
Wed Mar 04 12:15:13 +0000 2020	President meet President Charles Michel European Council Presidential Complex
Sat Mar 21 15:44:41 +0000 2020	President share message occasion International Nowruz Day
Thu Mar 26 07:30:35 +0000 2020	President attend G20 Extraordinary Leader Summit coronavirus video conference March 26
Fri Mar 27 07:25:22 +0000 2020	President attend G20 Extraordinary Leader Summit convene discuss coronavirus main agenda item video conference
Mon Apr 06 19:35:57 +0000 2020	President send Director General Senol Kazanc congratulatory message occasion Anadolu Agency 100th anniversary
Thu Apr 09 09:45:35 +0000 2020	President thank representative different religion Turkey support National Solidarity Campaign
Wed Mar 04 16:54:13 +0000 2020	journalist imprison lately
Tue Mar 31 12:26:50 +0000 2020	Turkey country close overcome spread COVID 19
Sat Feb 22 21:23:01 +0000 2020	President welcome Prime Minister Imran Han Pakistan official ceremony
Sat Feb 22 21:18:53 +0000 2020	President meet Chairman Presidential Council Government National Accord Libya Fayez Al Sarraj Dolmabahçe Palace Istanbul
Wed Mar 25 05:44:03 +0000 2020	useful info accurate add column number test perform country
Mon Apr 20 20:56:39 +0000 2020	President Turkey continue weekend curfew stem spread coronavirus
Tue Mar 10 17:17:53 +0000 2020	President pay day work visit Brussels meet NATO Secretary General Jens Stoltenberg
Mon Mar 23 21:16:04 +0000 2020	settle matter ur adversary take court pay far thing
Thu Apr 02 19:11:38 +0000 2020	big liar cover real dramatic situation sacrif Turkish people death ☠ ☠ ☠
Wed Apr 08 21:21:12 +0000 2020	President President Xi Jinping People Republic China discuss bilateral relation cooperation fight COVID 19 phone
Fri Apr 10 04:10:18 +0000 2020	work Oil Best Treatment Coronavirus Dr Pavithra Role Media TV
Wed Mar 04 10:11:13 +0000 2020	increase trade volume Azerbaijan 15 billion 2023
Sat Apr 11 14:39:30 +0000 2020	Long live PRESENT
Sat Apr 04 00:12:35 +0000 2020	Turkey power capacity defeat coronavirus outbreak STOLEN RESPIRATORS PROPERTY COUNTRY
Thu Apr 02 19:48:23 +0000 2020	Definitely controll ALLAHA power
Wed Mar 04 18:32:55 +0000 2020	President Russian Federation day work visit March 2020
Thu Mar 05 14:31:41 +0000 2020	President meet President Vladimir Putin Russia Kremlin Moscow pay day work visit
Tue Mar 03 08:56:35 +0000 2020	refugee send middle east country
Fri Apr 03 21:56:27 +0000 2020	power steal ventilator buy Spanish government Forget enter UE attitude
Sat Feb 22 10:55:29 +0000 2020	progress defense industry play major role achievement
Thu Mar 19 07:29:57 +0000 2020	use important resource save people country effort kill coronavirus
Thu Apr 02 13:31:12 +0000 2020	respect sir asalamualikum Gull Aulamgeer jammu Kashmir citizen India times international player medalist cwg torch bearer need support thank regard gull alamgeer 009419768825
Wed Apr 22 02:53:33 +0000 2020	President Sir hard time human community earth painful result corona attack people Turkey area total human community Hope come soon
Thu Mar 05 02:55:33 +0000 2020	Thank President UK get don know REMEMBER defend Turkey till death great leader 🇹 🇷 🤝 🇬 🇧 ✊
Wed Mar 11 03:26:12 +0000 2020	drive border bus ticket Pakistan Afghanistan wrong
Sun Apr 12 04:51:29 +0000 2020	Armed search carry 10 June large number home Risa Omerov Aider Dzhapparov Eskender Suleymanov Belogorsk man Alushta 39 year old Eldar Kantemirov 52 year old Lenur Khalilov Putin suck
Wed Mar 04 22:28:28 +0000 2020	do nt refugee turkish CITIZENSHIP like Bana Alabed family ship greece
Fri Apr 17 05:42:20 +0000 2020	Turkey power meet need citizen
Wed Mar 04 15:04:43 +0000 2020	way end problem stop bomb Middle East EU troop home Stop kill innocent people oil power
Mon Mar 23 11:30:59 +0000 2020	Repatriate ape Evro send dead sand think sheep think stick head wooden pole
Sat Feb 22 10:55:20 +0000 2020	attack troop respond kind warning
Sat Feb 22 08:52:31 +0000 2020	determine Idlib safe people Turkey
Fri Apr 03 22:49:40 +0000 2020	feel anger
Wed Mar 04 14:32:33 +0000 2020	Turkey great nation
Wed Apr 08 06:51:43 +0000 2020	ther wrong story Imam Mahdi Imam story tell kill people wrong advent going fight oppressor bring saftly peace human world
Thu Mar 26 10:17:38 +0000 2020	WORLD LEADER PRESIDENT
Sat Apr 04 02:12:22 +0000 2020	course steal equipment
Sun Mar 29 05:40:02 +0000 2020	China Cheat country China Attacking World Plan
Thu Mar 12 09:07:57 +0000 2020	Europe country give limitation number people let country don act like don want waste people life force hard life condition refugee move
Sat Mar 14 15:19:19 +0000 2020	Erdogan president Arab care rest
Mon Apr 20 21:06:09 +0000 2020	President phone Prime Minister Abiy Ahmed Ali Ethiopia conversation President state Turkey support Ethiopia continue fight coronavirus
Fri Mar 20 07:03:23 +0000 2020	Masha Allah Turkey best enrich islamic history people proud have lady Erduan Love Allah protect devil satanic strategy
Sat Apr 04 07:11:16 +0000 2020	🇪 🇸 🇪 🇸 🇪 🇸 🇪 🇸 🇪 🇸 🇪 🇸 🇪 🇸 🇪 🇸 🇪 🇸 🇪 🇸 🇪 🇸 🇪 🇸 🇪 🇸 Turkey power capacity defeat coronavirus outbreak STOLEN RESPIRATORS PROPERTY COUNTRY Spanish people need 🇪 🇸 🇪 🇸 🇪 🇸 🇪 🇸 🇪 🇸 🇪 🇸 🇪 🇸 🇪 🇸 🇪 🇸 🇪 🇸 🇪 🇸 🇪 🇸 🇪 🇸 🇪 🇸 🇪 🇸 🇪 🇸 🇪 🇸 🇪 🇸 🇪 🇸
Thu Mar 19 00:31:22 +0000 2020	Protrct Turkey people ALMIGHTY ALLAH cure disease
Fri Mar 20 06:41:23 +0000 2020	USA worthless Greek ally vs appease Sunni Turkey & amp rebel Protect Greece Russian alliance
Mon Mar 30 06:44:00 +0000 2020	love country stop wrong work country
Sat Apr 11 07:52:33 +0000 2020	Turkey IYI wallah Kardashan Turkish President completely slaghter hater UK Long live Turkey
Wed Mar 04 18:39:51 +0000 2020	person earth speak human right Turkey criminal record history Genocide massacre pogrom illegal invasion & amp occupation ethnic cleansing series expand war freedom inside Turkey presidency
Fri Feb 21 23:14:19 +0000 2020	Opening Ceremony Nation Library
Thu Apr 23 06:09:23 +0000 2020	go reopen national hospital digfeer know emperor Recep Tayyip Erdoğan Hospital close public place
Wed Apr 01 00:17:35 +0000 2020	planned approach Turkey succeed strong leadership help overcome killer disease Salute Turkey
Mon Apr 20 21:06:16 +0000 2020	President phone Prime Minister Ersin Tatar Turkish Republic Northern Cyprus TRNC conversation President state Turkey support TRNC continue fight coronavirus
Tue Mar 03 07:43:16 +0000 2020	COURSE DOUBLE STANDARD MIGRANT GOIN GREECE BULGARIA
Fri Mar 13 07:40:11 +0000 2020	Hasan come holiday bayram
Thu Mar 05 17:21:28 +0000 2020	Violate human right say dictator use people object doesn care
Sat Feb 22 10:58:14 +0000 2020	Turkey key peace Libya effort ground diplomacy
Tue Apr 07 09:26:41 +0000 2020	proud President 🇹 🇷 Insha Allah soon rid world calamity
Wed Mar 04 15:11:12 +0000 2020	Rejep tell truth people Liras= 50 Coffin / day Indlib Russian ready bombard palace eat breakfast destroy Turkey destroy nation
Sat Apr 04 09:19:46 +0000 2020	VENTILATORS THIEF
Fri Apr 03 22:11:58 +0000 2020	respirator bazaar burglar
Wed Mar 18 01:02:13 +0000 2020	President fight continue terrorist threat Turkey particularly Syria Northern Iraq end terrorist neutralize
Fri Apr 10 18:07:44 +0000 2020	Turkey Spring mercy world leader
Wed Mar 11 14:07:59 +0000 2020	Glad hear europe wake negotiation terrorist state
Wed Mar 18 17:03:14 +0000 2020	President Erdoğan address nation follow coordination meeting coronavirus
Thu Mar 19 11:03:09 +0000 2020	mobilize means eliminate virus threat
Thu Mar 05 15:41:02 +0000 2020	RIGHT LOSING SYRIA BREAK FIND GREECE HUH STUPID WAIT DON WORRY KARMA
Fri Apr 03 22:58:33 +0000 2020	war brutal Ottoman army defeat expel country
Thu Mar 26 09:06:36 +0000 2020	& lt Le Best President Le Vorld & gt
Fri Apr 17 13:58:52 +0000 2020	help Nadeem Khan India family difficult taiyyab Irdogan help guy Union bank India Abdul Nadeem khan A / c 666002010005248 IFSC code UBIN0566608
Wed Mar 04 15:12:03 +0000 2020	blame No1 war starter
Sun Feb 23 20:13:39 +0000 2020	Sir talk leader soon Allah wanna soon people ok
Tue Mar 10 15:18:50 +0000 2020	President Recep Tayyip Erdoğan arrive Brussels pay day working visit invitation President European Council Charles Michel
Thu Mar 05 12:27:41 +0000 2020	muslim country unwanted EU border close
Wed Apr 22 11:45:07 +0000 2020	YEAR APRIL/2019 INFORMED MALAYSIA GOVERNMENT FAST RAMADAN MONTH 1994 2019 Peptic ulcer DISEASE ADVICE ALLAH EASY HUMAN BEING POWER pun•ish•ment LIFE ALLAH SAVE HARM
Tue Apr 21 17:43:52 +0000 2020	Join Rise voice justice RSS Terrorist Organization kill thousand innocent Muslim minority India Allah world Happy healthy
Sat Mar 14 09:22:31 +0000 2020	don point different direction Saudi Arabia friendly Islamic country war Europe let kicking want care kind
Thu Mar 05 08:53:19 +0000 2020	ETR understand meeting trying find settlement 59 Turkish soldier die
Sun Feb 23 20:14:02 +0000 2020	Sky wanna justice sky prove nazi paedophile cost Elizabeth fault Corona talk Twitter news soon people ok end nazi paedophile death sentence send hell
Tue Mar 10 15:44:54 +0000 2020	President meet President European Council Charles Michel President European Commission Ursula von der Leyen Brussels
Thu Mar 19 00:35:26 +0000 2020	President Erdoğan threat citizen leave home avoid contact
Thu Mar 12 05:44:58 +0000 2020	German Turkish Friendship Treaty June 18 1941
Fri Apr 17 14:19:06 +0000 2020	President Prime Minister Shinzo Abe Japan discuss bilateral relation cooperation fight coronavirus phone
Sat Feb 22 10:55:52 +0000 2020	maintain support Ukraine sovereignty territorial integrity include Crimea
Sat Feb 22 10:54:43 +0000 2020	brotherhood Turkey Pakistan true brotherhood reinforce historical event
Sat Feb 22 08:52:33 +0000 2020	Presidential Spokesperson Kalın act unity solidarity fight FETO
Sat Feb 22 10:55:03 +0000 2020	Press release meet Presidential Spokesperson İbrahim Kalın Special Representative Syria James Jeffrey
Mon Mar 02 21:35:19 +0000 2020	Syria want end soon possible endeavor victory prevent bloodshed
Thu Mar 05 05:55:08 +0000 2020	President receive Deputy Prime Minister Minister Foreign Affair Qatar Sheikh Mohammed bin Abdulrahman Al Thani Presidential Complex
Thu Mar 12 12:37:32 +0000 2020	make great sacrifice establish peace prevent refugee crisis Idlib haven receive substantial support Europe
