created_at	text
Thu Mar 05 13:00:26 +0000 2020	CURSE ON&gt Terrorist Putin Russian terrorist back Asssadist Iranian Shia terrorist regime Houthis PKK Hezbuloh terrorist terrorist MURDER million innocent man woman CHILD BABY Syria Iraq |Kurdistan| Iran Turkey Saudi Arabia Yemen etc
Mon Mar 02 22:26:11 +0000 2020	CURSE ON&gt Terrorist Putin Russian terrorist back Iranian Shia terrorist regime Houthis PKK AsSadists Hezbulloh terrorist terrorist MURDER million innocent man woman CHILD BABY Syria Iraq |Kurdistan| Iran Turkey Saudi Arabia Yemen etc
Thu Mar 05 15:28:08 +0000 2020	CURSE ON&gt Terrorist back AssSadists terrorist Kafir terrorist terrorist million innocent man woman
Wed Mar 18 01:02:13 +0000 2020	President fight continue terrorist threat Turkey particularly Syria Northern Iraq end terrorist neutralize
Thu Mar 05 12:00:16 +0000 2020	Turkish Army carry Syria safety systematically destroy terrorist Russian / Asssadist / Iran / PKK / Hezbulloh terrorist destroy terrorist wise later terrorist recover come attack safety Turkish State
Wed Mar 04 22:24:52 +0000 2020	Imbecile terrorist Sultan Fuckinggoat Erdogan end hell pedophile pseudo prophet terrorist Muhammad
Wed Apr 08 23:57:53 +0000 2020	Director Communications comment terrorist attack civilian Diyarbakır brutal terrorist organization account murder citizen doubt
Sat Feb 22 10:55:52 +0000 2020	maintain support Ukraine sovereignty territorial integrity include Crimea
Sat Feb 22 15:15:24 +0000 2020	matter country leader country support international Terrorism sentence death Counterguerrilla Department Presidency Hasan ERTIK patriot people TV mental hospital Guatemala guy run 🌪 s
Fri Apr 17 14:19:06 +0000 2020	President Prime Minister Shinzo Abe Japan discuss bilateral relation cooperation fight coronavirus phone
Thu Apr 02 13:34:02 +0000 2020	hope fight disease covind 19 bad human being pray hope pray thank regard GULL ALAMGEER
Wed Mar 11 11:51:04 +0000 2020	Turkish Army train Pakistani Army right sure know Pakistani government threat Iranian Shia terrorist regime let 000 Shia terrorist 60 infect Coronavirus Syria Pakistan throught Iran
Thu Mar 05 06:55:52 +0000 2020	stop terrorist damage country reputation turkish military pretend refugee wo nt enter Greece Greek people sure start behave like adult
Mon Apr 20 18:28:43 +0000 2020	pandemic process show importance strong healthcare infrastructure free medical service Turkey
Tue Apr 07 07:35:42 +0000 2020	Old information new information separate new information age Human being find artificial intelligence discipline artificial intelligence case people capture artificial intelligence
Tue Apr 21 09:16:10 +0000 2020	Sir international incoming tourism return encourage level Bayram end Turkish hotelier lead global approach affordable plus 100 safe travels post Crisis
Sun Mar 15 13:06:52 +0000 2020	Syria right Erdogan cause suffer Route Russian Turkish patrol key de escalation line shorten prevent terrorist provocation involve civilian RT World News
Wed Apr 08 14:44:54 +0000 2020	Directorate Communication organize video conference COVID 19 Experience International Cooperation Fight Pandemic opening speech Director Communications
Wed Mar 04 15:15:11 +0000 2020	Don use weapon Haven learn support favour Man live sword Foster Allow light life shine heart bring benevolence wisdom happiness
Fri Mar 20 22:16:31 +0000 2020	terrorist like
Thu Apr 02 18:36:01 +0000 2020	President power health infrastructure hope overcome tough period fight coronavirus give exemplary test
Sat Feb 22 15:46:44 +0000 2020	arab Kurdish terrorist organization going blow United States blow Kingdom England day brother brother involve hospital post office assumption pray blow world 61111
Wed Mar 18 17:16:43 +0000 2020	Tornado require fight coronavirus tornado bring medical department Medical Health Department tornado fight coronavirus
Tue Mar 31 07:44:29 +0000 2020	Turkish government world ask people send money government instead support coronavirus pandemic tell people stay home instead help financially ask money shame
Wed Mar 11 05:54:34 +0000 2020	flow refugee catastrophe Turkey Demand Europe membership European Union 000 000 000 Euro YEAR miss refugee
Sun Feb 23 10:50:08 +0000 2020	let Iranian enter country know outbreak Iran Think people think money
Fri Apr 10 06:11:43 +0000 2020	promise stay tax money right probably 🇩 🇪 write email kind ordnance thing Flushing Building 🇩 🇪 🇩 🇪 Thank thought consideration
Wed Mar 11 14:07:59 +0000 2020	Glad hear europe wake negotiation terrorist state
Wed Mar 11 14:12:01 +0000 2020	Turkey talk human right envade Cyprus Syria Iraq Libya imprison turkey MPs mayor Gulen feto follower Tortures Kurd journalist shame
Wed Apr 08 14:44:44 +0000 2020	Director Communications plan fight pandemic develop national strategy situation country currently face grave outlook
Sun Apr 19 14:08:28 +0000 2020	Director Communications fight coronavirus implement guideline diligently prevent rebound virus
Wed Apr 22 00:24:13 +0000 2020	WORLD MUSLIM IMAM TELL RIGHT WRONG CRISIS CANADA ISLAM RELIGION ALLOW ENTER HUMAN BEING HOUSE PERMISSION MUSLIM IMAM TALK CASE MUSLIM IMAM hyp•o•crite
Sat Mar 28 10:24:37 +0000 2020	address fight coronavirus President citizen determinedly continue fight COVID 19 disease
Thu Mar 19 07:05:26 +0000 2020	Speak open Coordination Meeting Fight Coronavirus Covid 19 hold Çankaya Palace President say trust believe overcome
Thu Mar 26 20:39:38 +0000 2020	Jewish logic think govern gold money stone country world land water
Wed Apr 01 21:28:48 +0000 2020	Information application Presidency Communication Center CIMER citizen wish support National Solidarity Campaign share
Wed Apr 01 11:10:07 +0000 2020	Salam Sir Greetings Day Increase Immunity Human World Wide Arrange Vaccination Policy Medicine Strong Immunity Compulsory Centralize Vaccination Programme free Health Check programme help Corona Virus
Wed Apr 08 08:27:15 +0000 2020	Director Communication make opening speech COVID 19 Experience International Cooperation Fight Pandemic video conference Watch live stream
Fri Mar 27 12:26:03 +0000 2020	PRAYER EASE DIFFICULTY SPREAD RECITE LA ILAHA ILLA ANTA SUBHANAKA INNI KUNTU MINAZ ZALIMEEN right worship Allah Glorify Exalted evil associate Truly wrong doer
Tue Mar 24 13:43:44 +0000 2020	President brief relevant minister fight coronavirus COVID 19 videoconference
Sat Mar 14 17:38:21 +0000 2020	415 application Communication Center Presidency CIMER new type coronavirus COVID 19 week
Wed Apr 08 14:44:35 +0000 2020	Director Communications doubt nation fight invisible enemy face thank strong leadership President overcome challenging period beat conspiracy putschist betrayal gang
Thu Mar 26 07:44:29 +0000 2020	afraid bear produce create terrorist world Muslim
Tue Mar 03 07:29:03 +0000 2020	press center set Hatay / Cilvegözü Operation Spring Shield launch Turkish Armed Force detail information
Sat Mar 28 10:40:42 +0000 2020	President citizen determinedly continue fight COVID 19 disease
Mon Apr 06 13:56:01 +0000 2020	Directorate Communication organize live video conference COVID 19 Experience International Cooperation Fight Pandemic participation Turkey Ambassador Beijing Rome Seoul April 11 00
Thu Apr 02 19:23:56 +0000 2020	Address mayor videoconference President determinedly continue fight wise balanced realistic step panic
Thu Mar 19 17:36:47 +0000 2020	Follow Coordination Meeting Fight Coronavirus Covid 19 hold Çankaya Presidential Palace President start press conference
Fri Apr 10 16:22:08 +0000 2020	President attend Turkic Council videoconference summit fight COVID 19 prepare post pandemic era
Sat Feb 22 08:52:33 +0000 2020	Presidential Spokesperson Kalın act unity solidarity fight FETO
Fri Apr 10 15:38:26 +0000 2020	President President Rumen Radev Bulgaria discuss bilateral relation regional issue fight COVID 19 phone
Sat Feb 22 10:57:14 +0000 2020	President Turkey ancient tie continent date thousand year share common fate African Brotherhood sincerity essence relation Africa
Tue Mar 24 09:07:01 +0000 2020	Director Communications put relentless fight coronavirus moment case confirm Turkey
Fri Mar 13 07:33:24 +0000 2020	Presidential Spokesperson Kalın capability fight coronavirus panic complacency
Tue Mar 31 08:54:15 +0000 2020	Director Communications key fight citizen follow strictly relevant guideline
Wed Apr 22 16:10:30 +0000 2020	President speak phone Prime Minister Giuseppe Conte Italy View exchange bilateral relation regional development cooperation fight COVID 19 pandemic
Wed Apr 08 07:07:00 +0000 2020	Director Communication opening speech COVID 19 Experience International Cooperation Fight Pandemic video conference Watch live stream 👇 🏼 🗓 ️ April Wednesday 11 TR local time
Sun Mar 15 06:38:34 +0000 2020	President hold phone TRNC Prime Minister Ersin Tatar conversation issue cooperation fight coronavirus discuss
Tue Mar 24 08:43:15 +0000 2020	Director Communications Information pollution threaten public health like Covid 19
Fri Apr 03 21:56:27 +0000 2020	power steal ventilator buy Spanish government Forget enter UE attitude
Fri Apr 10 15:36:16 +0000 2020	President attend Turkic Council Extraordinary Videoconference Summit Cooperation Solidarity Fight COVID 19 Pandemic
Sun Mar 29 21:22:23 +0000 2020	President hold meet Minister Transport Infrastructure Adil Karaismailoğlu video conference
Tue Mar 17 15:57:55 +0000 2020	summit Joint action opportunity context combat Covid 19 Syrian crisis solution Humanitarian aid method Idlib Refugee issue late situation Libya situation European Union Turkey EU relation discuss
Tue Apr 21 17:43:52 +0000 2020	Join Rise voice justice RSS Terrorist Organization kill thousand innocent Muslim minority India Allah world Happy healthy
Thu Mar 26 20:15:48 +0000 2020	responsibility global cooperation coronavirus pandemic
Fri Apr 17 18:35:33 +0000 2020	President hold phone conversation Prime Minister Shinzo Abe Japan conversation bilateral relation cooperation fight coronavirus discuss
Tue Mar 03 15:48:33 +0000 2020	Voluntary military service support message receive Presidency Communication Centre CIMER regard Operation Spring Shield
Wed Mar 04 22:53:55 +0000 2020	President European country close border refugee seek send beating sink boat shoot violate Universal Declaration Human Right
Wed Apr 22 03:04:59 +0000 2020	HOLY QURAN SURAH AL FAJR 89 19 consume inheritance devour [ it ] altogether 20And love wealth immense love 21No earth level pound crush 22And Lord come angel rank rank
Wed Mar 04 08:23:37 +0000 2020	true putin prepare trap urdogan tomorrow poison Urdogan visit Moscow
Thu Mar 05 05:55:08 +0000 2020	President receive Deputy Prime Minister Minister Foreign Affair Qatar Sheikh Mohammed bin Abdulrahman Al Thani Presidential Complex
Wed Apr 22 16:47:30 +0000 2020	President talk Italian Prime Minister Giuseppe Conte phone conversation cooperation fight Covid 19 outbreak bilateral relation regional development discuss
Wed Apr 22 02:53:33 +0000 2020	President Sir hard time human community earth painful result corona attack people Turkey area total human community Hope come soon
Mon Feb 24 04:10:30 +0000 2020	Public announcement news COVID 19 New Coronavirus allegation issue COVID 19 New Coronavirus case Turkey reflect truth
Sat Feb 22 21:20:53 +0000 2020	Shabazz daughter Malcolm symbol fight racism say control Islam narration beauty peace love politics
Sat Feb 22 03:29:29 +0000 2020	Pakistan provide nuclear weapon technology Turkey change security radicalisation situation region specifically EU Saudi Israel Kashmir issue diversion
Mon Apr 20 21:06:09 +0000 2020	President phone Prime Minister Abiy Ahmed Ali Ethiopia conversation President state Turkey support Ethiopia continue fight coronavirus
Tue Mar 10 18:42:39 +0000 2020	President answer question reporter comment recent development return flight Belgium
Thu Mar 05 17:21:28 +0000 2020	Violate human right say dictator use people object doesn care
Sun Apr 19 18:13:18 +0000 2020	line spirit solidarity NATO ally leader agree continue close cooperation threat Coronavirus pandemic pose public health economy
Tue Apr 21 16:04:20 +0000 2020	President hold phone Russian President Vladimir Putin conversation cooperation fight coronavirus Covid 19 outbreak bilateral relation regional development discuss
Wed Apr 22 16:23:30 +0000 2020	President talk Iranian President Hassan Rouhani phone conversation cooperation fight Covid 19 outbreak bilateral relation regional development discuss
Thu Mar 26 08:47:28 +0000 2020	Address nation effort combat COVID 19 President say life citizen equally valuable act management mentality put people Stay Home Turkey
Mon Mar 02 22:27:15 +0000 2020	sha Allah hope Turkish Saudi brother / sister overcome forgive eachother solve Libyan issue URGENTLY RIGHT unite country face Number common enemy Iranian Shia regime terrorist proxy Assadist Houthis Hezbuloh terrorist
Thu Mar 05 12:01:51 +0000 2020	sha Allah hope Turkish Saudi brother / sister overcome forgive eachother solve Libyan issue amicably urgently right unite country face Number common enemy Iranian Shia terrorist proxy Assadist Houthis Hezbulloh terrorist
Thu Mar 05 00:15:11 +0000 2020	glad Turkey find human right exist finally genoside way treat neighbor Kurdish people do nt know
Thu Apr 02 08:03:12 +0000 2020	Covid 19 Designer publish production data simple face mask
Sat Mar 21 06:34:48 +0000 2020	President Turkey work day night minimize effect coronavirus country
Tue Mar 10 17:11:38 +0000 2020	President Recep Tayyip Erdoğan participate event hold Ministry Family Labor Social Service Haliç Congress Center occasion March International Women Day
Mon Apr 20 21:06:16 +0000 2020	President phone Prime Minister Ersin Tatar Turkish Republic Northern Cyprus TRNC conversation President state Turkey support TRNC continue fight coronavirus
Wed Apr 01 00:17:35 +0000 2020	planned approach Turkey succeed strong leadership help overcome killer disease Salute Turkey
Wed Mar 18 17:26:24 +0000 2020	Director Communications responsibility protect freedom people health security fight leadership President
Wed Mar 04 18:39:51 +0000 2020	person earth speak human right Turkey criminal record history Genocide massacre pogrom illegal invasion & amp occupation ethnic cleansing series expand war freedom inside Turkey presidency
Tue Mar 31 17:53:59 +0000 2020	Hopefully action learn Turkey nature thing fast Indonesian apart renowned hospitality accustom alon alon asal klakon slow sure obviously doesn apply situation
Wed Apr 22 10:01:17 +0000 2020	MINISTER PUBLIC SAFETY CANADA BILL BLAIR INFORM CASE FALSE CASE secretary general United Nations OFFICE 72 HOUR United Nations log number 02078 DIRECTLINE 647 701 9381
Fri Mar 20 15:39:01 +0000 2020	Sir correct approach
Wed Apr 01 19:00:14 +0000 2020	sure Data say time bad Spain
Wed Apr 08 06:51:43 +0000 2020	ther wrong story Imam Mahdi Imam story tell kill people wrong advent going fight oppressor bring saftly peace human world
Fri Apr 03 11:45:11 +0000 2020	Yazeed ALLAH cruse force Erdogan follow Yazeed Thank save terrorist godfather Erdogan past Turkish coup
Wed Apr 08 15:26:46 +0000 2020	Director Communications plan ahead world establish transformation international system aftermath pandemic prepare plan working scenario virus reach land
Wed Apr 22 00:16:38 +0000 2020	President speak phone President Vladimir Putin Russia View exchange bilateral relation regional development cooperation fight COVID 19 pandemic
Sat Apr 11 06:14:12 +0000 2020	President President Aleksandar Vucic Serbia discuss bilateral relation regional issue cooperation fight COVID 19 phone
Tue Mar 03 07:48:45 +0000 2020	Accord international law impossible hold people force country Accord Int shouldn invade Cyprus 1974 occupy 37 Accord Law home northern Cyprus free man use double standart
Wed Apr 22 16:25:52 +0000 2020	President speak phone President Hassan Rouhani Iran View exchange bilateral relation regional development cooperation fight COVID 19 pandemic
Wed Apr 22 16:28:04 +0000 2020	President speak phone President Mohamed Abdullahi Mohamed Farmaajo Somalia View exchange bilateral relation cooperation fight COVID 19 pandemic
Wed Apr 22 16:28:35 +0000 2020	President speak phone President Shavkat Mirziyoyev Uzbekistan View exchange bilateral relation regional development cooperation fight COVID 19 pandemic
Fri Apr 17 04:57:50 +0000 2020	President President Salome Zourabichvili Georgia discuss bilateral relation regional issue cooperation fight coronavirus phone
Wed Apr 22 02:25:50 +0000 2020	President speak phone President Emmanuel Macron France View exchange bilateral relation regional development global fight COVID 19 pandemic
Wed Apr 08 21:21:12 +0000 2020	President President Xi Jinping People Republic China discuss bilateral relation cooperation fight COVID 19 phone
Wed Apr 22 16:26:04 +0000 2020	President speak phone President Teodoro Obiang Nguema Mbasogo Equatorial Guinea View exchange bilateral relation cooperation fight COVID 19 pandemic
Wed Mar 11 14:44:02 +0000 2020	Europe poor land earn money casino
Wed Mar 04 10:01:16 +0000 2020	List Holy Mosque attack Hindu Terrorist Indian Police accept internal metter
Thu Mar 26 08:12:34 +0000 2020	yes way fight covid 19
Mon Apr 20 10:10:18 +0000 2020	help money help
Wed Apr 22 00:24:29 +0000 2020	WORLD MUSLIM IMAM TELL RIGHT WRONG CRISIS CANADA MUSLIM WORLD IMAM LET SHUT TONGUE TELL CRISIS WRONG RIGHT LEAVE UNKNOWN CASE ALMIGHTY GOD TRUST ALLAH
Wed Mar 11 14:29:11 +0000 2020	President say determinedly implement measure resolve economic problem continue diplomatic effort international arena
Tue Apr 21 09:44:23 +0000 2020	plz support Ummah India Targeted government sponser Media deliberately acuse spread Covid 19 India RSS terrorist kill boycott destroy business
Tue Mar 24 03:53:12 +0000 2020	President hold phone conversation Qatari Emir Sheikh Tamim bin Hamad al Thani conversation cooperation fight coronavirus Covid 19 bilateral relation regional issue discuss
Thu Mar 05 15:41:02 +0000 2020	RIGHT LOSING SYRIA BREAK FIND GREECE HUH STUPID WAIT DON WORRY KARMA
Thu Apr 09 22:57:33 +0000 2020	President hold phone President North Macedonia Stevo Pendarovski conversation cooperation fight Covid 19 bilateral relation regional issue discuss
Wed Apr 22 16:19:28 +0000 2020	President hold phone Uzbekistan President Shavkat Mirziyoyev conversation cooperation fight Covid 19 outbreak bilateral relation regional development discuss
Sun Apr 12 10:34:03 +0000 2020	truly beautiful amazing thing country th UK Uniting fight horrible virus hope return people return favour visit country help economy grow strong
Thu Mar 05 08:06:41 +0000 2020	Erdogan speak human right lmao
Tue Mar 03 07:29:59 +0000 2020	police fire tear gas canister crowd refugee border near provking run & amp cross border illegally force refugee weapon SHAME HUMANITARIAN POLITICS
Tue Mar 31 15:38:14 +0000 2020	President hold phone conversation Indonesian President Joko Widodo conversation way cooperation fight coronavirus Covid 19 bilateral relation discuss
Fri Apr 10 18:33:26 +0000 2020	President hold phone Bulgarian President Rumen Radev conversation Erdoğan Radev discuss cooperation fight coronavirus Covid 19 bilateral relation regional issue
Thu Mar 05 18:04:24 +0000 2020	say genocide denier turk monkey
Sat Apr 04 06:06:16 +0000 2020	President President European Council Charles Michel talk phone conversation Turkey EU relation regional issue especially cooperation fight coronavirus Covid 19 discuss
Fri Apr 03 16:34:17 +0000 2020	President President EU Council Charles Michel talk phone conversation Turkey EU relation regional issue especially cooperation fight coronavirus Covid 19 discuss
Mon Apr 06 16:40:45 +0000 2020	President President Republic Moldova Igor Dodon talk phone conversation bilateral relation regional issue cooperation fight coronavirus Covid 19 discuss
Wed Apr 08 23:57:47 +0000 2020	President phone Chinese President Xi Jinping phone conversation Erdoğan Xi discuss way cooperation fight Covid 19 bilateral relation
Sun Apr 12 09:45:27 +0000 2020	greatly commendable gesture act kindness world need fight COVID 19 pandemic world heal 🙏 🙏 🙏
Thu Mar 05 14:32:45 +0000 2020	absolutely right president
Tue Mar 17 19:00:24 +0000 2020	Trump right say China virus expect want African country virus America virus try implicate MEDIAL perfect world Jesus say comit adultery stone woman
Thu Apr 23 07:17:55 +0000 2020	President talk President Teodoro Obiang Nguema Mbasogo Equatorial Guinea phone phone conversation discuss way cooperation fight Covid 19 bilateral relation
Wed Apr 22 08:34:20 +0000 2020	President talk French President Emmanuel Macron phone phone conversation discuss global fight coronavirus Covid 19 pandemic bilateral relation regional development
Sat Mar 28 08:31:31 +0000 2020	determinedly continue fight COVID 19
Wed Mar 04 05:02:56 +0000 2020	President receive United Kingdom Foreign Secretary Dominic Raab Presidential Complex
Wed Apr 22 00:24:44 +0000 2020	MUSLIM IMAM TELL RIGHT & amp WRONG CRISIS CANADA VATICAN CHURCH FAMILY OCTOBER/2/2004 /2020 MUSLIM IMAM SEE DAILY LIFE CRISIS WORLD IMAM PROTECT FAMILY VATICAN CHURCH INSHA ALLAH
Wed Apr 22 00:25:02 +0000 2020	MUSLIM IMAM TELL RIGHT WRONG CRISIS CANADA AUGUST/19/2013 INFORMED CRISIS CANADA UN SEC GEN BAN KI MOON ISLAMIC NATIONS ISLAM COUNTRY PROTECT FAMILY CHURCH HARM
Thu Mar 26 05:57:19 +0000 2020	President Turkey continue protect citizen impact coronavirus outbreak measure economic support package
Tue Mar 24 17:15:38 +0000 2020	Assad start address UN complain sir money
Wed Mar 04 12:36:32 +0000 2020	White Judeo Christian Govt conspire ensure Muslim continue fight Muslim Balkanization Turkey lead creation ultimate goal Great Israel Enshrine control Middle East
Thu Mar 05 15:01:35 +0000 2020	boy threaten gun people force come Greek border Big liar whore country sell high bidder
Wed Mar 04 17:25:43 +0000 2020	describe exactly refugee woman child human shield violate human right
Tue Mar 03 07:24:00 +0000 2020	matter think family deserve mercy safe secure place live Cast away good way demonstrate leadership reconsider position don use politic tool Thank
Fri Mar 20 10:55:14 +0000 2020	talk human right let laugh 🤣 🤣 🤣 🤣
Fri Apr 03 09:02:44 +0000 2020	President send letter Prime Ministers Italy Spain follow delivery medical aid
Thu Mar 12 12:37:32 +0000 2020	make great sacrifice establish peace prevent refugee crisis Idlib haven receive substantial support Europe
Thu Mar 26 06:35:12 +0000 2020	Allah help combat deadly virus Live long Pakistan 🇵 🇰 Turkey 🇹 🇷
Mon Mar 02 21:35:19 +0000 2020	Syria want end soon possible endeavor victory prevent bloodshed
Fri Apr 10 22:28:39 +0000 2020	President send letter Prime Minister Boris Johnson UK Turkey deliver medical aid supply
Sat Apr 04 09:04:11 +0000 2020	Easy big mouth steal certain item country hope use dumbass lololol
Fri Apr 10 22:42:30 +0000 2020	Directorate Communication publish public spot healthcare professional
Sat Feb 22 10:55:46 +0000 2020	Turkey value strengthen economic cooperation Ukraine
Fri Mar 20 10:52:54 +0000 2020	Hahahaha speak human right let laugh 🤣 🤣 🤣 🤣 🤣 hahaha
Wed Apr 08 14:00:46 +0000 2020	Director Communications obvious fact step take leadership President 2002 significant contribution fight pandemic today
Tue Mar 17 17:07:15 +0000 2020	Turkish French German British leader discuss follow issue Opportunity joint action coronavirus Way solve Syrian crisis humanitarian aid Asylum seeker issue Turkey EU relation
Tue Mar 17 17:03:40 +0000 2020	Turkish French German British leader discuss follow issue Opportunity joint action coronavirus Way solve Syrian crisis humanitarian aid Asylum seeker issue Turkey EU relation Idlib issue
Thu Mar 26 09:16:22 +0000 2020	India Lockdown country ready understand Police work hard inside home Twitts work Close border home way Arrange daily need
Tue Mar 17 16:18:20 +0000 2020	Turkish French German British leader discuss follow issue Opportunity joint action coronavirus Way solve Syrian crisis humanitarian aid Asylum seeker issue Libya situation Turkey EU relation EU status
Tue Mar 17 16:18:17 +0000 2020	President French President Emmanuel Macron German Chancellor Angela Merkel UK Prime Minister Boris Johnson discuss Syrian refugee crisis joint action coronavirus teleconference
Wed Mar 04 16:03:31 +0000 2020	President European country want resolve issue support political humanitarian solution Turkey working achieve Syria
Thu Mar 26 14:00:34 +0000 2020	Director Communications Altun International solidarity sine qua non face deadly virus leave world untouched
Thu Mar 05 08:12:27 +0000 2020	Avsolutely right dear honorable Leader remember people fufil promise agreement double face culture
Thu Mar 05 09:05:51 +0000 2020	Planning action preserve regret wealth like intellect Imam Ali
Sat Apr 04 04:13:00 +0000 2020	time pursue global local regional national issue GLOBAL problem need face head world war conflict affect time world pursue
Wed Mar 04 15:15:34 +0000 2020	Yes Reis right politician Union European liar double face
Thu Mar 05 14:42:57 +0000 2020	Human right owner fool
Sun Mar 29 21:14:08 +0000 2020	Salam good time plant tree planet late climate change matter human way Sucram 51 anno Area 51
Thu Mar 26 20:27:41 +0000 2020	Address virtual gathering G20 leader video conference President say coronavirus pandemic underscore importance G20 spirit cooperation reconciliation
Sat Feb 22 10:54:49 +0000 2020	President Islamabad 6th meeting Turkey Pakistan High Level Strategic Cooperation Council meet President Arif Alvi Pakistan
Tue Mar 03 06:59:46 +0000 2020	Muslim citizen Bangladesh Modi rule Muslim kill Muslim Delhi India protect Muslim protect Prophet Muhammad Islam know leader present Muslim world
Sat Feb 22 06:44:43 +0000 2020	Nations Library 125 thousand square meter area Serve people age clock million publication 134 different language 100 country 550 thousand book million dissertation 120 million article
Wed Mar 18 17:59:04 +0000 2020	similar sense follower India ask behave responsibly light virus pandemic stop fund use brain
Thu Apr 09 17:27:33 +0000 2020	Pandemic Isolation Tracking Project develop Ministry Health order mitigate Covid 19 pandemic isolate patient
Fri Mar 20 22:04:34 +0000 2020	Informative brochure protection pandemic prepare Arabic Directorate Communication distribute Olive Branch Euphrates Shield Peace Spring Operation area temporary refuge center North Syria
Wed Apr 08 08:27:20 +0000 2020	President congratulate citizen especially healthcare professional carry duty great sacrifice country particularly line fight coronavirus
Thu Mar 26 09:48:12 +0000 2020	Yes Speech Right Friendly World 13 Richest family Care Value Hümanity That s Start New Type War Bio Terror Desing New Life Planet World Create United Country
Sat Feb 22 21:21:47 +0000 2020	Speak Turkey Pakistan Business Forum President want raise trade economic tie Pakistan level political relation
Sun Mar 29 12:59:52 +0000 2020	musician province support campaign Life home launch attention importance stay home fight coronavirus Covid 19
Sun Apr 19 18:13:01 +0000 2020	sad increase number Turkey cross China tomorrow don follow idiot Idiotic strategy 700 K
Thu Mar 12 09:07:57 +0000 2020	Europe country give limitation number people let country don act like don want waste people life force hard life condition refugee move
Sat Feb 22 17:22:09 +0000 2020	Turkey Stop bark Kashmir India India large military power th large Economic power Beware India punish hard Pakistan China able protect
Sat Feb 22 21:48:40 +0000 2020	Director Communications Assad regime horrible action result innocent life lose destabilizing region
Thu Apr 23 06:09:23 +0000 2020	go reopen national hospital digfeer know emperor Recep Tayyip Erdoğan Hospital close public place
Mon Mar 02 21:40:41 +0000 2020	Thank show love care humanity Syrian migrant remember Muslim brother European doesn care weather allow cross border Enemy root
Wed Mar 04 22:58:25 +0000 2020	6West invide east let ll create land afraid sick mind bomb land
Tue Apr 07 08:56:51 +0000 2020	Action loud word Unfortunately infect number support word Hope thing improve shortly
Thu Apr 02 01:10:27 +0000 2020	Hey sign petition netizen FREE CHEN QIUSHI，FANG BIN LI ZEHUA NOW ！ want help add need support read sign petition
Wed Apr 22 00:25:45 +0000 2020	PROPHET MOHAMED BIN ABDULLAH SALLALLAAHU ALAIHI SAY sex•u•al in•ter•course WIFE WOMAN vagina WAY LIKE ENTER vagina ORAL WOMAN SEX pro•hib•it•ed ALLAH KNEWS BEST INSHA ALLAH
Fri Mar 27 21:43:00 +0000 2020	Egyptian physician away treat covid 19 patient low cost approve research need support possibility protection safe haven achieve way want achieve way turkey provide safe haven
Fri Apr 03 22:26:03 +0000 2020	Listen piece crap forget Seize 150 ventilator aim save human being good idea get foe life idiot
Mon Mar 30 06:43:03 +0000 2020	sir India Belong Muslim country people wrong work India year Actress go country marry Hindu guy girl belong Muslim family strong action
Wed Mar 11 03:26:12 +0000 2020	drive border bus ticket Pakistan Afghanistan wrong
Tue Mar 03 07:28:01 +0000 2020	Baby gather smoke Greek border cry TV filming create crisis political bargain SHAMNE HUMANITARIAN POLITICS
Thu Mar 05 10:52:55 +0000 2020	man do nt dumb NATO good conflict expert plan year advance use domino tactic history Syria fall Iran Turkey Start Iraq Evil use country weaken tactic start UK unholy family
Sat Feb 22 02:44:34 +0000 2020	Luciferian Deep State root Erdogan Holocaust Idlib tell
Tue Mar 17 15:56:00 +0000 2020	President French President Emmanuel Macron German Chancellor Angela Merkel British Prime Minister Boris Johnson hold summit video conference
Thu Mar 05 12:54:01 +0000 2020	Send 1000 Special force Turkish police greek boarder sure greek police open boarder violate NATO Law boarder country turkish business declaration war thing protect Turkey anymore NATO Membership
Mon Mar 23 09:59:21 +0000 2020	Turkey begin disinfect entire town city week ago guarantee coronavirus case sure show government tolerance take risk hardly see public place disinfect European country Photo courtesy AFP / Daily Sabah 21/3/20
Sat Apr 04 10:09:17 +0000 2020	steal respirator country sure THIEFS
Fri Apr 10 21:28:52 +0000 2020	President send letter Boris Johnson Prime Minister United Kingdom Turkey deliver medical supply
Wed Apr 22 11:45:07 +0000 2020	YEAR APRIL/2019 INFORMED MALAYSIA GOVERNMENT FAST RAMADAN MONTH 1994 2019 Peptic ulcer DISEASE ADVICE ALLAH EASY HUMAN BEING POWER pun•ish•ment LIFE ALLAH SAVE HARM
Tue Mar 03 14:35:28 +0000 2020	President speak Pakistan Prime Minister Imran Khan phone leader discuss refugee crisis development Idlib bilateral relation
Sat Apr 11 14:39:30 +0000 2020	Long live PRESENT
Sat Feb 22 08:44:41 +0000 2020	Malcolm daughter Ilyasah Shabazz Turkey project Figure Inspiring Youth speak Malcolm impact Islam America conference organize Directorate Communications İzmir
Thu Apr 09 19:44:06 +0000 2020	Director Communications struggle hand hand shoulder shoulder state nation integration
Tue Mar 24 21:13:18 +0000 2020	Director Communications measure take 24 hour accelerate struggle hopefully cooperation state nation help process
Sat Feb 22 21:21:39 +0000 2020	President Prime Minister Imran Khan Pakistan hold joint press conference Islamabad stand ready provide support Pakistan development
Wed Apr 08 23:57:37 +0000 2020	Director Communications compare state healthcare system develop country appreciate distance Turkey actually cover
Sun Apr 19 09:55:38 +0000 2020	LIKE THANK TURKISH GOVERNMENT SEND PLANE SUPPLIES UK COME TURKEY HOLIDAY THANK 🇬 🇧 🇹 🇷
Sun Apr 19 10:02:02 +0000 2020	LIKE THANK TURKISH GOVERNMENT GENEROSITY SEND PLANE SUPPLIES UK MEAN LOVE TURKEY 🇹 🇷 🇹 🇷 🇹 🇷 🇬 🇧 🇬 🇧 🇬 🇧 ♥ ️
Sat Apr 04 00:17:19 +0000 2020	rumor Turkey steal ventilator coronavirus patient cargo plane fly Spain stop Ankara believe true people safe help ally people safe Thank teşekkür ederim
Thu Mar 26 07:30:35 +0000 2020	President attend G20 Extraordinary Leader Summit coronavirus video conference March 26
Sat Apr 04 09:18:53 +0000 2020	Turkish Presidency win need additional measure citizen voluntary quarantine Yes Steal Spanish Ventilator TURKEY THIEF COUNTRY
Wed Mar 04 15:17:54 +0000 2020	effort prevent humanitarian crisis Idlib
Wed Mar 04 18:43:57 +0000 2020	President receive United Kingdom Foreign Secretary Presidential Complex
Mon Apr 06 10:48:10 +0000 2020	President receive President World Bank sideline G20 Osaka Summit
Thu Mar 26 14:18:21 +0000 2020	President participate virtual gathering G20 leader coronavirus COVID 19 video conference
Thu Mar 05 12:35:48 +0000 2020	International Idlib Conference host Directorate Communication take place Dolmabahce Palace https …
Thu Mar 05 10:14:28 +0000 2020	International Idlib Conference host Directorate Communication take place Dolmabahce Palace https / …
Sat Apr 11 09:31:29 +0000 2020	President talk Serbian President Aleksandar Vucic phone conversation President Erdoğan wish speedy recovery Vucic son contract coronavirus Covid 19
Sat Mar 21 15:44:41 +0000 2020	President share message occasion International Nowruz Day
Sat Mar 28 08:42:05 +0000 2020	TRUST PRESİDENT GOVERMENT 🇹 🇷 responsibility society 🇹 🇷 WE STAY HOME 🇹 🇷
Tue Mar 17 16:27:36 +0000 2020	End APPEASEMENT & amp BLACKMAIL world hardly deal virus let undermine International law European value democratic principal
Fri Mar 20 23:07:47 +0000 2020	pleased request aal president action china
Sat Feb 22 14:47:05 +0000 2020	get love globe
Sun Feb 23 20:24:48 +0000 2020	FREE SYRIA Opportunity come wait capture dare ATTACK
Sun Feb 23 20:21:57 +0000 2020	Free Syria Opportunity come wait capture dare ATTACK
Sun Mar 22 06:20:20 +0000 2020	University END TERM online learning END mark Pass go assess student ve leave country self isolate don Zoom worthy internet service care sick friend bloody terrify
Tue Apr 07 08:53:29 +0000 2020	state
Thu Apr 02 13:31:12 +0000 2020	respect sir asalamualikum Gull Aulamgeer jammu Kashmir citizen India times international player medalist cwg torch bearer need support thank regard gull alamgeer 009419768825
Fri Mar 27 07:25:22 +0000 2020	President attend G20 Extraordinary Leader Summit convene discuss coronavirus main agenda item video conference
Tue Mar 31 07:40:57 +0000 2020	InshaALLAH praise Allah Allah Erdogan Sultan strength ensure CORONA free Turkey Ameen
Thu Mar 12 20:27:05 +0000 2020	Turkey plan coronavirus open boarder AVOID TRAVEL TURKEY
Wed Mar 18 08:51:33 +0000 2020	President finally sit agree declaration ceasefire midnight yesterday hope hold war Muslim Muslim come end
Fri Mar 27 09:17:45 +0000 2020	Director Communications Humanity face common enemy Turkey ready come spirit solidarity cooperation
Thu Mar 05 12:15:28 +0000 2020	heart Muslim world grieve massacre Muslim India govt India confront extremist Hindu & amp party & amp stop massacre Muslim order prevent India isolation world Islam
Tue Mar 10 17:50:16 +0000 2020	case help undress EU & amp far bad willing naked grotesqueness statement present
Tue Apr 07 08:53:29 +0000 2020	Action loud word Unfortunately infect number support statement
Fri Apr 03 06:13:35 +0000 2020	Sir French economy business model Sincerely 92290 Châtenay Malabry Fabrice BOUSSEL FRANCE
Sun Mar 29 05:40:02 +0000 2020	China Cheat country China Attacking World Plan
Thu Mar 05 07:37:07 +0000 2020	today govern thing blame judge precautious measure border agreement relate nation
Fri Mar 20 07:03:23 +0000 2020	Masha Allah Turkey best enrich islamic history people proud have lady Erduan Love Allah protect devil satanic strategy
Thu Mar 19 00:31:22 +0000 2020	Protrct Turkey people ALMIGHTY ALLAH cure disease
Fri Mar 20 06:41:23 +0000 2020	USA worthless Greek ally vs appease Sunni Turkey & amp rebel Protect Greece Russian alliance
Fri Apr 17 18:36:28 +0000 2020	President talk Georgian President Salome Zourabichvili phone discuss way cooperation novel coronavirus Covid 19 bilateral relation regional issue
Mon Mar 30 05:17:05 +0000 2020	makeshift mask area high humidity closely tight space emergency personnel breeding ground fly sweat particle drop Eucalyptus oil clove add refreshing smell overuse mask hour prevent accidental itch scratch
Wed Mar 04 22:48:34 +0000 2020	eu border sherrif ppl want let
Fri Apr 03 23:41:04 +0000 2020	Thief ventilator filthy hand medical supply country coward
Sat Mar 21 22:35:58 +0000 2020	Sura Maryam say Isa healer Read Muslim woman Pakistan paralyze 19 year heal
Sat Mar 28 04:30:11 +0000 2020	Allah protect Turkey people president Ordogan harm disease Virus love
Wed Mar 04 15:03:03 +0000 2020	good Leader World ALLAH save protect Enemy Ameen
Sat Apr 04 11:04:34 +0000 2020	Announce new measure take COVID 19 President Turkey prepare country global pandemic major crisis start
Wed Mar 25 09:25:38 +0000 2020	Director Communications historic struggle coronavirus government implement strict health precaution ensure stability economy
Fri Mar 27 12:52:05 +0000 2020	President Let comply warning patient let guard
Thu Mar 05 05:33:19 +0000 2020	President meet Prime Minister Bulgaria
Tue Mar 17 16:03:29 +0000 2020	Turkish President Erdogan French German British counterpart teleconference discuss Syrian refugee crisis joint action coronavirus
Wed Mar 18 07:10:22 +0000 2020	President hold phone conversation Italian Prime Minister Giuseppe Conte
Sat Mar 14 06:16:10 +0000 2020	Directorate Communication organize panel title 68th Anniversary Turkey NATO Membership Turkey Strong Member Strategic Alliance
Sat Feb 22 21:23:01 +0000 2020	President welcome Prime Minister Imran Han Pakistan official ceremony
Wed Mar 18 17:24:50 +0000 2020	folk leave Greece help border criminal world watch
Sat Feb 22 10:56:57 +0000 2020	accept plan erase Palestine usurp Al Quds
Thu Mar 05 12:36:02 +0000 2020	Director Communications renege agreement allow despicable regime kill drive million civilian border
Wed Mar 18 17:26:42 +0000 2020	President hold quadrilateral meet President Emmanuel Macron France Chancellor Angela Merkel Germany Prime Minister Boris Johnson United Kingdom video conference
Thu Mar 05 12:27:41 +0000 2020	muslim country unwanted EU border close
Wed Mar 25 01:27:53 +0000 2020	sir total lock corona
Thu Apr 23 09:10:18 +0000 2020	Hello Dear Madam/ Sir problem know education attack President Erdogan aim create million programmer Turksat Kablo Tv cancel education channel ENGLISH CLUB TV match state policy
Wed Mar 04 15:01:23 +0000 2020	Turkey insist half way membership EU resolve membership EU border end Turkey Give EU patently cognitive moral disaster Turkey membership help inject spine Strategically critical
Thu Mar 05 08:31:23 +0000 2020	apologize way behave talk nazi remnant face westerner want share burden mess
Wed Mar 04 12:19:58 +0000 2020	EU worry Turkey benefit conflict EU totally ignore suffer Syrian civilian EU want refugee problem Turkish problem stupid source suffer Russia Iran Assad clan
Sun Apr 05 14:35:51 +0000 2020	Director Communication Contribution citizen self sufficient deliver need state
Sun Apr 05 14:35:57 +0000 2020	Direbtor Communication Contribution citizen self sufficient deliver need state
Sun Apr 05 00:07:48 +0000 2020	perverted America Crown Prince Bethesda 👑 🇩 🇪 🇮 🇹 🇯 🇵 🇹 🇷 ⚛ ️ ☪ ️ 🙏 😇 🇸 🇪 ❤ ️ ️ 🇯 🇴 🇮 🇪 🇦 🇹
Sat Mar 14 09:22:31 +0000 2020	don point different direction Saudi Arabia friendly Islamic country war Europe let kicking want care kind
Thu Mar 12 21:02:43 +0000 2020	Director Communications addition exemplary precaution take scientist work nonstop order find cure epidemic
Sat Apr 18 08:40:34 +0000 2020	hopelessness hope darkness bright sun pandemic aid citizen Turkey provide aid request country symbol solidarity key peace 🇹 🇷
Sat Feb 22 21:21:23 +0000 2020	WeAreNATO campaign coordinate Directorate Communication introduce event hold Izmir February 18
Thu Mar 05 15:39:10 +0000 2020	DON SHOOT SINKING BOAT STUPID BELIEVE FAKE NEWS VIDEO TOTALLY FAKE KNOW AFRAID CRAZY SULTAN CHICKENS GOD COME HARD
Sat Feb 22 10:57:51 +0000 2020	Turkish German University success set example foundation new joint university
Mon Mar 30 02:23:35 +0000 2020	Despite negative circumstance Turkey continue island stability region
Sat Feb 22 10:56:07 +0000 2020	President welcome official ceremony President Volodymyr Zelensky Ukraine Mariyinsky Palace Kyiv
Sat Feb 22 10:58:08 +0000 2020	President meet Chairman Presidential Council Government National Accord Libya Fayez Al Sarraj Berlin
Sat Feb 22 21:56:45 +0000 2020	President meet Chairman Presidential Council Government National Accord Libya Fayez Al Sarraj Dolmabahçe Palace Istanbul
Sat Feb 22 21:20:59 +0000 2020	Address AK Party parliamentary group meeting President say determine cost Idlib safe people Turkey
Tue Mar 31 10:18:25 +0000 2020	Director Communications give interview newspaper Milliyet teleconference Turkey hopefully overcome crisis short thank measure take
Mon Apr 06 11:34:41 +0000 2020	Director Communications celebrate Anadolu Agency centennial anniversary great vision find agency purpose explain National Struggle people world
Sun Feb 23 11:01:30 +0000 2020	📔 4 million print publication 125 thousand m² area thousand 500 person capacity Publication 134 different language 100 country 120 million article 550 thousand book rare book Open 24/7 Nation Library inaugurate 🇹 🇷
Thu Mar 19 19:43:04 +0000 2020	President thank health worker fight spread COVID 19 like express gratitude healthcare professional work admirable sacrifice patience fight coronavirus
Sat Feb 22 21:21:06 +0000 2020	WeAreNATO campaign introduce event organize Izmir coordination Directorate Communications Deputy Director Communications Çağatay Özdemir PhD Amb Tacan Ildem NATO Assistant Sec Gen speak event
Tue Mar 03 12:28:33 +0000 2020	communication campaign Izmir organize Directorate explain contribution Turkey NATO contribution Turkey Turkey remain important member Alliance political military communication field
Wed Mar 25 18:03:56 +0000 2020	President hold Consultation Meeting New Judicial Reform Law Execution video conference
Wed Mar 04 18:32:55 +0000 2020	President Russian Federation day work visit March 2020
Sun Apr 19 13:46:53 +0000 2020	concert organize slogan hill continent Presidency April 23 National Sovereignty Children Day broadcast YouTube channel Directorate Communication
Mon Apr 20 18:42:50 +0000 2020	Presidency organize concert April 23 National Sovereignty Children Day slogan hill continent concert broadcast YouTube channel Directorate Communication
Thu Apr 23 07:28:44 +0000 2020	President issue message occasion April 23rd National Sovereignty Children Day heart congratulate child child world unique festival
Thu Mar 26 05:57:27 +0000 2020	President attend Science Board Meeting Coronavirus video conference
Sun Apr 19 18:05:35 +0000 2020	President speak phone President Donald Trump early evening View exchange bilateral relation regional development
Sat Feb 22 10:58:14 +0000 2020	Turkey key peace Libya effort ground diplomacy
Sat Feb 22 10:55:03 +0000 2020	Press release meet Presidential Spokesperson İbrahim Kalın Special Representative Syria James Jeffrey
Mon Apr 06 19:35:57 +0000 2020	President send Director General Senol Kazanc congratulatory message occasion Anadolu Agency 100th anniversary
Thu Mar 12 14:38:10 +0000 2020	President issue message March 12 Day Adoption Turkish National Anthem Commemoration Mehmet Akif Ersoy
Wed Mar 04 22:48:23 +0000 2020	Press Statement Presidential Spokesperson İbrahim Kalın Meeting Representative United Nations Kelly Craft Special Representative Syria James Jeffrey
Sat Feb 22 21:18:35 +0000 2020	Speak inauguration Menemen Aliağa Çandarlı Highway President Turkey power capability pursue independent policy implement ground
Fri Mar 20 15:40:30 +0000 2020	Director Communications Instead take draconian measure ignore problem Turkey rely robust health care system talented medic stop pandemic
Wed Mar 25 19:54:30 +0000 2020	originate December Wuhan China see Turkey 11 March 2020 27 000 test perform 26 patient discharge Turkey today
Sun Apr 19 05:52:34 +0000 2020	President statement follow ratification new reform bill execution sentence General Assembly Grand National Assembly Turkey
