text	EmotionES-Axel	EmotionES-Ana	EmotionES-Fernando	EmotionES-Mauro	EmotionES-Machine
duplicar inversión compra libros bibliotecas populares acceso cultura lectura derecho argentinos Conocé	Trust	Trust	No emotion	Trust	Joy
Disculpe lomas comercios alimentos mascotas quedando stock xq dejan circular consideran esencial desidia mentira serenísima ENTREGA LECHE LOMAS LACTEOS PRECIOS NUBESaumentosadiario	Anger	Anger	Fear	Sadness	Fear
¿ no llamamiento internacional liberación presos políticos riesgos mayores crímenes sádica Delcy panorama tétrico	Surprise	Fear	Disgust	Fear	No emotion
acordar empleados comercio eh brindamos beneficio contagiamos cuarentena SEÑOR PRESIDENTE	Anger	Anger	Anger	Disgust	Joy
comercios permitidos siguen trabajando sociedad aprovechando precios	Sadness	Anger	Sadness	Anger	No emotion
debería aprovechar feriado decretar cierre comercios transportes abren shoppings supermercados llenan bolas fuerza argentino entiende	Fear	Anger	Disgust	Anger	Disgust
necesario posnet obligatorio comercios chicos pcia Aires evitar colas cajeros encontrarse dinero procurarselo colas bancos	Fear	Fear	No emotion	Fear	Sadness
presidente Alberto Fernández dialogó vicepresidente Banco Mundial comunicó organismo brindará apoyo presupuestario Argentina 300 millones dólares	No emotion	Trust	No emotion	No emotion	Surprise
Necesitan prestigio internacional Macri jaja ja jaja ja votar	Surprise	Surprise	Joy	Anger	Joy
favor señor presidente necesitamos ayuda berazategui señor intendente controlando despilfarro Abrio comercio policía caos	Fear	Anger	Fear	Fear	Joy
carajo mejoran economía estás boludeces parecen URSS pura inversión armas nucleares satélites población cagaba hambre	Disgust	Anger	Anger	Disgust	Anger
Acá gana banco ! Deudas generadas ! toca ganar menos ? ! autorizaron crédito 24	Disgust	Anger	Anger	Anger	Anger
Hola consulta desinfección fumigación desratización consorcios comercios locales exceptuados aislamiento social obligatorio ? Osea entra higiene limpieza seguridad ?	No emotion	No emotion	No emotion	No emotion	No emotion
PYMES ? ? ? ? ? ? EMPLEADO COMERCIO PAGAR SUELDO MANGO ! ! TIREN SOGA PEQUEÑAS MEDIANAS EMPRESAS ! ! ! FUNDIR MILES DESOCUPADOS ! ! !	Fear	Fear	Fear	Fear	No emotion
Ministro desarollo	No emotion	Trust	No emotion	No emotion	Trust
presidente firme equilibrado justo inflexible ventajeros poderosos siento escucha sector financiero empezando banca publica hombro atencion publico tarjetas credito juntos par	Trust	Trust	Joy	Trust	Fear
monotributistas comercio cerrado pagar impuestos servicios	Fear	Sadness	Disgust	No emotion	Anger
Alberto propuso G20 creación Fondo Mundial Emergencia Humanitaria	No emotion	Trust	No emotion	No emotion	Trust
autónomos categorías abrir comercios reciben ayuda ? ? ?	Sadness	Sadness	Anger	Sadness	Sadness
sistema turnos prioridades actividades bancos cobranzas tramites etc	Trust	No emotion	No emotion	Anger	Fear
política internacional digamos importa vida condenamos Cuba Venezuela semejante orfandad cuestión humanitaria exclusivamente referencia charla G20	No emotion	No emotion	No emotion	No emotion	Anger
responsables momentos bloqueo puente internacional conecta Salvador Mazza Bolivia perjudicando libre paso mercaderías insumos exportación importación gobierno señor	Fear	Fear	Disgust	Disgust	Joy
día ! ! ! Necesitamos incluyan librerias comercio necesidad clases continúan virtualmente necesitan útiles tareas Gracias !	Fear	No emotion	Disgust	Joy	Joy
Presi curva afloja 1/04 liberarse comercios minoristas bares restaurantes cuentapropistas unipersonales	No emotion	Trust	No emotion	Trust	Trust
presidente propuso crear Fondo Mundial Emergencia Humanitaria dilema economía vida elijo vida 👏 ❤ 🇦 🇷	Trust	Trust	No emotion	Trust	Sadness
