text	EmotionEN-Axel	EmotionEN-Ana	EmotionEN-Fernando	EmotionEN-Mauro	EmotionEN-Machine
Good thing shut National Security Council Directorate Global Health Security Biodefense Office Idiot !	Anger	Anger	Anger	Anger	Surprise
Energy job include form renewable sustainable green form energy like solar wind wave hydro Technology create new energy business thousand job thousand future Catch Mr Trump live industrial age	Anger	Anger	Disgust	Disgust	Fear
don want Keystone Pipeline ! ! Clean sustainable energy future ! ! petroleum petrochemical ! ! don want energy pollute earth ! ! way old paradigm new paradigm shift solar wind geothermal ! ! thank KP ! !	Anger	Anger	Trust	Anger	No emotion
bill include basic necessity life Food Water Shelter Energy Transportation Health Care Responder Sanitation Worker wait crisis paste	Fear	Anger	No emotion	No emotion	Surprise
Good hear food supply chain fix dump food Send food bank Love Farmer Rancher 🇺 🇸	Joy	Joy	Joy	Joy	Fear
Obama leave Trump grow economy shrink deficit office global health security manage pandemic preparedness Iran Deal	Trust	Sadness	Trust	Trust	Disgust
Food supply national security issue bad COVID 19 crisis catalyst start conversation agriculture policy have sustainable agriculture diversity	No emotion	Trust	No emotion	No emotion	Fear
White House official charge pandemic response exit global health security team disband	No emotion	Anger	No emotion	No emotion	Surprise
entire agriculture energy sector open ASAP Farmer need able plant ASAP Equipment seed fertilizer herbicide labor computer need active Energy need place fall Natural gas heating oil equipment part !	Trust	Anger	No emotion	Fear	Fear
TACYON ENERGY DOME TETRAHEDRON SCIENCE CHIEFTAN ENVIRONMENTAL CONSERVATION SCIENCE SUSTAINER BOUNDLESS UNIVERSE	No emotion	Trust	No emotion	Anger	Sadness
way fire people NSC global health security unit Healthy people fight Old people fight let fat old ass	Disgust	Disgust	Anger	Disgust	Anger
don starve poor climate Stop food stamp cut financial & amp health disaster poor face Let eat !	Sadness	Sadness	Fear	Fear	Fear
food supply chain strong strongly need strong food supply chain strong butt strongly happen ?	Anger	Disgust	Anger	Anger	Fear
Stock market Missing Covid 19 test kit Medical supply chain Vaccine Oil price Global conflict Matter ! ! !	Sadness	Anger	Anger	Fear	Surprise
Current Chinese Global Supply Chain Monopoly COVID 19 Beat Current Analysis State Global Supply Chain Management Includin	No emotion	Trust	No emotion	No emotion	Surprise
Donald Trump Shut Global Health Security Pandemic Response Team American pay price	Sadness	Sadness	Sadness	No emotion	Surprise
Obama leave Trump grow economy shrink deficit global agreement fight climate change office global health security manage pandemic preparedness function State Justice Department Iran deal Trump leave	Sadness	Sadness	Sadness	Disgust	Disgust
Global Health Security Agenda GHSA multi faceted multi country initiative intend accelerate partner country measurable capability achieve specific target prevent detect & amp respond infectious disease threat GHSA target	No emotion	Trust	No emotion	Trust	Fear
Economic shutdown affect farmer BIG TIME ! lose farmer & amp food supply chain SCREWED ! Let economy open late	Fear	Sadness	Fear	Fear	No emotion
Renewable energy include source cause harm environment minimal impact surround environment reason say renewable energy source sustainable sustainable energy source renewable	Trust	No emotion	No emotion	No emotion	Fear
lead global supply chain World ready prepare bad case border close unmanaged non optimize global food trade eventually affect food supply	Fear	Fear	No emotion	No emotion	Fear
consider enjoy healthy food plant base diet help heal ailment prevent sickness ve 32 + year easy tasty fun ! Wish good health happiness ! xoxo	Joy	Joy	Joy	Joy	Sadness
Thank leadership Food water energy infrastructure critical priority drive sustainable / grow economy American God Bless family	Trust	Joy	Joy	Trust	Joy
	No emotion	Trust	Joy	Anger	Trust
Ghandy say health wealth grant good healh gain wealhy trust confidence passion turn regime believe	Trust	Anger	Trust	Trust	Surprise
