created_at	text	_score
Tue Dec 04 03:56:54 +0000 2018	"@AngelaMerkeICDU  if she's not stupid (her Immigrant ""dumping"",changed Germany's culture &amp;No Free Zone is started to growth from one State to another) OR She must be working for""Someone"" who would like to see Our World: One Government, No Border/Open Border, International access!"	260.87473
Thu Nov 08 11:23:51 +0000 2018	@AngelaMerkeICDU speaks at #EPPHelsinki #Up2EU. European Trade Union Confederation @etuc_ces present during both Congress days. https://t.co/T40rfEsE7e	250.79578
Fri Nov 23 20:55:15 +0000 2018	@AngelaMerkeICDU @EmmanuelMacron @ccwhip @HillaryClinton Chris, The international public did not receive satisfaction from putting hundreds of New York, London and Scottish bankers in Jail for the 2009 recession. Looking for a job for 2 plus years makes people less willing to	218.21306
Sun Nov 25 21:49:38 +0000 2018	@eucopresident @donaldtusk @EU_Commission @Europarl_EN @EUCouncil @coe @AngelaMerkeICDU Bona nit... Compliance is the jailer of freedom and the enemy of growth - John F. Kennedy https://t.co/xSFfJ2eyS0	77.70002
Sun Nov 25 14:10:39 +0000 2018	@angelamerkeicdu  Ur Majesty I founded Sun Religion Trust related World religion as Mother Earth Holy Book Humanism by Indian Govt on 8.9.2014, you are welcome, let us work together to Save Mother Earth who protect our life, (https://t.co/npbYnG2OcC)	77.28571
Wed Dec 12 09:04:53 +0000 2018	@AngelaMerkeICDU when will you start handling CO2 car emission? In #berlin my 20 min bike ride to work ‘catching some fresh air’ didnt rewlly go well! #toomuchcars #co2 #criticalairquality #bancars https://t.co/yCsGAIb9vp	76.42037
Wed Nov 28 14:26:06 +0000 2018	@AngelaMerkeICDU Why don`t you tell the world that you are a SELFISH LESBIAN who TRASHED with intention both US and England to make your own country bigger and richer!? The most powerful woman is a GERMAN HYPOCRITE!!!	74.22473
Sat Dec 08 10:06:45 +0000 2018	@eucopresident @donaldtusk @EU_Commission @EUCouncil @coe @Europarl_EN @AngelaMerkeICDU Bon dia... You who have the tap, could you help us out please? https://t.co/faXvquPace	71.6448
Fri Nov 23 14:40:33 +0000 2018	@AngelaMerkeICDU  Why don't you impose travel bans on the Israelis Criminals Pirates who massacre and kills civilians since 70 years, So your justice becomes a real justice not a fake one....	58.054176
Mon Nov 26 15:26:39 +0000 2018	@AngelaMerkeICDU can’t wait to work together again! Kisses	57.59796
Thu Nov 29 16:57:05 +0000 2018	ETR is calling the @GermanyDiplo @AngelaMerkeICDU to chair the ESM @ESM_Press permanently &amp; go to G20 in this position for EU not as PM of Germany. France securing EU, Germany paying EU. Well not only but at least there is EU wide office &amp; representativity &amp; responsibility for EU	55.998547
Sat Dec 01 16:38:13 +0000 2018	@AngelaMerkeICDU War is wrong, but the time was, in future, I Hope there is Planet without wrong violence against nature, plants, animals and human. In God the died are. Death is an Option, life forever on this Planet possible.	52.40351
Sun Dec 09 17:05:15 +0000 2018	@AngelaMerkeICDU  Thanks for all the feed back we get from you about Americas POTUS, so nice to see that you finally realize how terrible NWO is &amp;  now you have to do something about your Country that you ruined believing in NWO. God Bless	47.390076
Sun Nov 25 09:15:56 +0000 2018	@eucopresident @donaldtusk @EU_Commission @Europarl_EN @EUCouncil @coe @AngelaMerkeICDU Bon dia... How foolish is the man who lets time pass sterilely (Goethe) https://t.co/jpDrk0JJ9T	44.82398
Sun Dec 02 14:54:22 +0000 2018	@AngelaMerkeICDU is unbelievable. Is she a new #Hitler, dividing Europe again? Russia will have free hand in Ukraine as long as Germany has #EUempire.	44.172775
Sat Dec 08 15:26:53 +0000 2018	"@AngelaMerkeICDU has destroyed all of Western Europe, &amp; she's lecturing Trump on destroying ""The New World Order."" Like her buddy @EmanuelMacrone, she's out of touch with the awful reality she's created, so she has to blame someone else. Like all globalists, it's always Trump."	43.14018
Thu Nov 29 13:55:10 +0000 2018	With all respect to @AngelaMerkeICDU @EmmanuelMacron @GiuseppeConteIT @sanchezcastejon please how shall we ever communicate a United Europe to the World if you attend such G7 - G20 meetings? Really a United EU @ecfin @Eu_15409040049 should be represented by @eucopresident	43.03505
Fri Nov 23 18:46:51 +0000 2018	@realDonaldTrump @theresa_may @Queen_Europe @AngelaMerkeICDU  YOU FAILED the Middle East..Will you FAIL the WHITE South Africans?	41.615044
Mon Nov 26 03:23:37 +0000 2018	@JustinTrudeau @PMOIndia @AngelaMerkeICDU @IsraeliPM @JPN_PMO @CanadianPm @EmmanuelMacron @UN @NATO World!,🌎 Please help us! I’m sure I got names wrong, &amp;many unknown, but please! We are in severe danger and it may spread to all.	38.211185
Sat Nov 24 12:32:30 +0000 2018	@AngelaMerkeICDU #Nationalism Was America saving the world from German Nazis. You have a lot of gall and a short memory. Without us you're speaking Russian today. We're tired of protecting Europe and getting screwed in the process. @jonnyray45	37.92345
Fri Nov 23 22:37:42 +0000 2018	@EmmanuelMacron  , @AngelaMerkeICDU , @theresa_may , and all other non corrupt PM and President should boycott any deal with Saudi regime until Jamal Khashoggi's case is closed to their satisfaction and changes in the Saudi dictatorship have been fulfilled. (@WhiteHouse ) https://t.co/XGhoNY0EVi	36.1071
Sat Nov 24 22:20:15 +0000 2018	@AngelaMerkeICDU If you need lessons from a successful leader who is direct, patriotic, successful, correct, and strong, suggest you watch Sebastian Kurz of Austria. The young man has more direction than most world leaders and more intelligence. Migrants are a cancer, a disease.	35.663383
Fri Nov 30 23:22:53 +0000 2018	@LochnerWalter @Zebop @laurasessions10 This is @HillaryClinton @NicolaSturgeon @AngelaMerkeICDU ‘s G20 Song! Because none of these honest World Leaders were on the Photo! I rest my case, M’LUD 🗽🌏👩👩👩✔️✔️✔️🙏https://t.co/KmhmgvUspP via @YouTube	35.248592
Sun Dec 02 03:22:36 +0000 2018	@AngelaMerkeICDU is attempting to make it illegal to criticize the German government which she leads.  You know who else did that? The German Nazis under Adolf Hitler.  Good leaders blow off criticism and hate and move forward. Weak leaders do what Merkel wants to do.	34.784634
Fri Nov 30 19:16:51 +0000 2018	@MiddleEastMnt I do like @AngelaMerkeICDU. She has far more integrity than many of the presidents going to the G20...at least far MORE than @realDonaldTrump and @PORUS_PUTIN	33.517445
Mon Nov 26 22:36:10 +0000 2018	So much carbon footprint for nothing. Shame on you @AngelaMerkeICDU &amp; @EmmanuelMacron  #Trump shouldn't be appeased, he should be punished for his crimes against humanity! You are voted to work for us, not for the corporations destroying of our only home! #ClimateChange #climate	33.138756
Wed Nov 21 22:02:10 +0000 2018	@AngelaMerkeICDU Merkel has no Energy and die and This is respectspalten and you Learn Now and Energy is Ottoman Word	31.838408
Thu Nov 22 03:28:33 +0000 2018	@AngelaMerkeICDU I’m an atheist who believes no one should be harassed or sentenced to death b/c of his or her religious believes or non religious believes. Asia Bibi hutzpuh is truly 🇺🇸 and @RandPaul  bring Asia to 🇺🇸	31.536753
Tue Nov 27 12:26:20 +0000 2018	"@eucopresident @donaldtusk @EU_Commission @Europarl_EN @EUCouncil @coe @AngelaMerkeICDU Bon dia... Morale is often the passport of slander. For statesmen there is a small moral and a big moral. ""  - Napoleon I Bonaparte https://t.co/NqzkD1iZDZ"	30.603142
Thu Nov 22 15:16:59 +0000 2018	@realDonaldTrump @POTUS @JustinTrudeau @EmmanuelMacron @theresa_may @AngelaMerkeICDU The PrinceMBS killed an honest journalist and you did nothing!😕 Now he is asking to his men to torture and rape the innocent women who are trying to free themself!😕 Do you sleep well?🤔😕	30.1576
Sat Nov 24 20:04:21 +0000 2018	@AngelaMerkeICDU You, Mrs Merkel, are an ingrate.  Every time you criticize the USA, you are not remembering who saved the world from your own country's NAZI dictator. We are still protecting you. We should remove all our troops from Europe if you and others stay ungrateful.	29.827757
Wed Nov 07 09:55:37 +0000 2018	@realDonaldTrump @10DowningStreet @EmmanuelMacron @AngelaMerkeICDU @PMOIndia Exempting India from sanctions for developing Chabahar port in Iran will give strategic importance to reconstruct war torn Afghanistan. Its a wise decision. Now NATO will get 2nd access route to Afgan. https://t.co/Dp4uBdUR3Z	28.509249
Sat Nov 24 11:46:59 +0000 2018	@AngelaMerkeICDU Americans believe in sovereignty. We aren't interested in socialism where some unelected morons tell us how we should live. Just look at what you've done to Germany with your open borders stupidity. Now you have thousands that will never assimilate.  @jonnyray45	28.415674
Sat Dec 01 13:01:17 +0000 2018	@AngelaMerkeICDU  Europe must help us! Free Catalonia!🎗🌻💛 https://t.co/bIa26fv4RB	27.331661
Tue Dec 11 12:10:18 +0000 2018	@theresa_may arrives to meet @AngelaMerkeICDU   Neither the Germans nor the PM herself could open the car door. Metaphor?	26.999395
Fri Dec 07 08:22:34 +0000 2018	@eucopresident @donaldtusk @EU_Commission @EUCouncil @coe @Europarl_EN @AngelaMerkeICDU Bon dia... and if we help them a little bit please? https://t.co/ub689JKD6N	26.913853
Thu Nov 22 07:54:08 +0000 2018	@eucopresident @donaldtusk @EU_Commission @EUCouncil @Europarl_EN @coe @AngelaMerkeICDU Bon dia... What the laws do not forbid, honesty can prohibit it. (Seneca) https://t.co/6Gzy6wARtX	26.858719
Sat Nov 24 09:28:55 +0000 2018	@eucopresident @donaldtusk @EU_Commission @Europarl_EN @EUCouncil @coe @AngelaMerkeICDU Bon dia... Nobody knows what he does while acting correctly, but what is wrong is always conscious. Goethe https://t.co/Dlu7HIpsky	26.348848
Sun Nov 25 14:04:20 +0000 2018	"@AngelaMerkeICDU ""A Leader""? Seriously? A treacherous heathen who has just about decimated Deutschland? Then on top of that you mention ""the EU’s borderless Schengen zone"" ... BORDER-LESS? ""NWO much?"""	25.725101
Sat Dec 01 13:00:07 +0000 2018	@eucopresident @donaldtusk @EU_Commission @EUCouncil @Europarl_EN @coe @AngelaMerkeICDU Bon dia... Mine with you is an act of faith greater than believing in God. And look what I try☹☹☹ https://t.co/GegkcEWEu3	25.283878
Sat Nov 24 22:09:48 +0000 2018	"@AngelaMerkeICDU You said ""people who think they can solve problems on their own represent ""nationalism in its purest form, not patriotism"". Webster says ""nationalism is patriotic feeling, principles or efforts"". I am a nationalist, a patriot, so is President Trump. Read more!"	24.091871
Sun Dec 09 08:40:53 +0000 2018	@eucopresident @donaldtusk @EU_Commission @EUCouncil @coe @Europarl_EN @AngelaMerkeICDU Bon dia...You have political prisoners in Spain and on hunger strike because the judges leave the paperwork in the drawer so they can not go to European justice. In case you have not yet heard https://t.co/3q9EISFmDH	24.035843
Sun Nov 11 01:28:39 +0000 2018	@WhiteHouse Then explain how @EmmanuelMacron @AngelaMerkeICDU @JustinTrudeau @Teresa_May_PM managed it???	23.56845
Tue Dec 11 02:32:59 +0000 2018	@JAntonioBarRios @UN @POTUS @lopezobrador_ @VladimirPutin1_ @AngelaMerkeICDU @UNHumanRights All G20 countries should boycott Indonesia unless immigration criminals are punished, until I get my freedom &amp; until they return my UK ID	22.432848
Sun Dec 02 14:38:47 +0000 2018	@SecPompeo @EmmanuelMacron @JustinTrudeau @AngelaMerkeICDU  #45 canceled his meeting with Putin. Putin summoned #45 to a meeting. Tail between his legs, #45 meets with Putin. Putting the US and the world at risk. https://t.co/s7BMznr0iS	22.407639
Mon Dec 03 01:29:43 +0000 2018	@AngelaMerkeICDU, thanks for your visit to my country. I’m an Argentine citizen who feels proud of his presence. You are always welcome. I hope you enjoyed your stay. @mauriciomacri thank you for the effort to make a better country every day. Kind regards. Marcelo.	22.243479
Thu Nov 29 13:41:59 +0000 2018	@AngelaMerkeICDU Lady Hitler we don't care what you think or want. Stop manipulating the media to hide the crap illegal immigrants do throughout Germany. Beheading infants, and you want to conceal this. Why are you so mental? Germany is never going to rule the world.	20.941792
Sat Nov 10 16:15:48 +0000 2018	@EmmanuelMacron &amp; @AngelaMerkeICDU were able to honor those who died in WWII, but the weather was too chilly for @realDonaldTrump to attend💩 Once again #CadetBoneSpurs shows how little he is willing to do for Veterans who died for HIS freedom as well as ours. PATHETIC @POTUS.	20.551323
Fri Nov 23 14:49:29 +0000 2018	Dear @JustinTrudeau @EmmanuelMacron @AngelaMerkeICDU @theresa_may -- are you going to shake the hand of the person responsible for this at the G20 summit? He is known as MBS @KarenAttiah @NickKristof @sarahleah1 @rulajebreal @caroloffcbc @markmackinnon @martinchulov @KenRoth	20.281301
Sun Nov 25 15:39:53 +0000 2018	@AngelaMerkeICDU @angelamerk has made it very clear that her beliefs originate from her #Communist upbringing. #Deutschland it's time to rid yourselves of the cancer and take back your culture.	20.084911
Fri Nov 23 16:11:11 +0000 2018	Dear @JustinTrudeau @EmmanuelMacron @AngelaMerkeICDU @theresa_may -- are you going to shake the hand of the person responsible for this at the G20 summit? He is known as MBS @KarenAttiah @NickKristof @sarahleah1 @rulajebreal @caroloffcbc @markmackinnon @martinchulov @KenRoth https://t.co/BVwRxxkg5d	19.289238
Fri Nov 30 10:11:34 +0000 2018	@EmmanuelMacron @eucopresident @JunckerEU @MalmstromEU @AngelaMerkeICDU @MinPres @GiuseppeConteIT @sanchezcastejon @sebastiankurz @PremierRP_en @BelgiumMFA @mercosur @francediplo ETR is calling @EmmanuelMacron go not go down the Agro Populism reflex. Are you liberal @guyverhofstadt or Social Democrat @MarosSefcovic? If you can not reform @realDonaldTrump populism will not help you. if you let such reflexes dominate you - you can never allow @Trade_EU https://t.co/N0pfLhs143	18.584637
Thu Nov 29 19:57:32 +0000 2018	.@JustinTrudeau , @EmmanuelMacron , .@AngelaMerkeICDU , please be careful with Trump at the G20. Our news in America is aflame with this new info on Truml and Putin. Please protect the your and other countries from Trump's false promises and hidden agenda.	18.57412
Thu Nov 22 18:04:02 +0000 2018	@realDonaldTrump @theresa_may @AngelaMerkeICDU  another HATE CRIME against white old defenseless people...and YOU just dont care....	18.279854
Fri Dec 07 17:08:22 +0000 2018	@AngelaMerkeICDU is taking on a new job a ventriloquist. Her puppets name is @_A_K_K #TWGRP #AmericaFirst #KeepAmericaGreat #PromisesMadePromisesKept #Trump2020 #TrumpWorldGroups	17.814068
Sat Nov 24 15:05:28 +0000 2018	@AngelaMerkeICDU come try and take my sovereignty! Tried it twice. Failed. How about you worry about you’re own as you let invaders in? https://t.co/8ZCHaWbxIh	17.762781
Tue Dec 04 18:20:46 +0000 2018	@eucopresident @donaldtusk @EU_Commission @EUCouncil @Europarl_EN @coe @AngelaMerkeICDU Only those who try the absurd, achieve the impossible. Einstein Bona nit presos polítics https://t.co/uLl4vtwWj9	17.660362
Sat Nov 10 21:54:02 +0000 2018	@EmmanuelMacron  @AngelaMerkeICDU  @JustinTrudeau  @EUCouncilPress  @EUCouncil  @UKParliament  @BBCBreaking  When you guys and ladies Are done taking care of World duties..... Would you shove a note Abt this under his door?✉ Be careful of piss😏	17.0308
Mon Dec 10 02:41:07 +0000 2018	@AngelaMerkeICDU Extremely sorry that you are leaving politics but I’m glad that your preferred successor has won the vote to become leader of your party. The World is a lesser place without your guiding hand.	17.0308
Fri Nov 30 22:20:50 +0000 2018	@AngelaMerkeICDU  ''Who they are?''  https://t.co/mytAbHgBN4  This is their Facebook page: https://t.co/OUTNqquf6T  Wikipedia: https://t.co/zjXIKHdsml  Youtube channel: https://t.co/ItXXIQImMq https://t.co/Zo3RfFtUGf	16.918749
Mon Dec 10 16:24:37 +0000 2018	@10DowningStreet Theresa May, like @EmmanuelMacron and @AngelaMerkeICDU are N.W.O. Elitists who are going against their own Citizens for multicultural ideals and catering to Muslims!  The people are waking up!!!	16.73349
Mon Dec 03 17:53:44 +0000 2018	@AngelaMerkeICDU @ElmarBrok_MEP Germany: Muslim child stabs 8-year-old girl, last in her class who speaks German at home, teacher covers up incident https://t.co/VkOjAk0m8n via @jihadwatchRS	16.227993
Mon Dec 10 18:11:17 +0000 2018	@AngelaMerkeICDU Hello from the Czech Republic. Please why there are in CZ and other east EU countries stolen billions of EUR of EU funds each year? Why you keep to send these funds knowing mafias in these states will steal it. Thanks for your reply, good day	16.135967
Thu Nov 08 09:18:40 +0000 2018	@AngelaMerkeICDU , do not go down in history as the second German chancellor who was an appeaser of a fascist regime. Please stop supporting the fascistic regime of @avucic in Serbia.	15.690128
Fri Nov 30 10:16:17 +0000 2018	@EmmanuelMacron @eucopresident @JunckerEU @MalmstromEU @AngelaMerkeICDU @MinPres @GiuseppeConteIT @sanchezcastejon @sebastiankurz @PremierRP_en @BelgiumMFA @mercosur @francediplo @guyverhofstadt @MarosSefcovic @realDonaldTrump @Trade_EU Dear President @EmmanuelMacron @francediplo Well it means you will never allow EU FTAs with more efficient Agro producers &amp; exports @Itamaraty_EN @narendramodi @mercosur @USTradeRep @thepmo @jairbolsonaro @poroshenko @VGroysman @ChinaEUMission French Farming Lobby vs better World https://t.co/7da3hJ1M7y	14.019885
Tue Dec 11 15:36:35 +0000 2018	@eucopresident @10DowningStreet @AngelaMerkeICDU @markrutte @sebastiankurz @sanchezcastejon @EmmanuelMacron .https://t.co/D43cYTRmgk the decesion.Brexit agreement cannot be changed .Uk must leave from europe.For that only option n solution is Santosh bista in Nepal.	13.653219
Sun Nov 11 01:34:41 +0000 2018	@AngelaMerkeICDU I'm sorry I don't speak or write German.  Just wanted to thank you for being the lovely person you are &amp; know that all of us in the U.S. do not support the actions of Donald Trump.	13.31117
Sat Dec 01 23:11:14 +0000 2018	@realDonaldTrump @EmanuelMacrone @10DowningStreet @AngelaMerkeICDU Western leaders must make a strong statement at G20 to Condemn Putin’s aggression agt Ukraine.West must stand united &amp; warn Putin.	11.385058
Fri Dec 07 22:17:25 +0000 2018	@eucopresident @donaldtusk @EU_Commission @EUCouncil @coe @Europarl_EN @AngelaMerkeICDU Bona nit...How sad everything How difficult it is to be a Democrat😓 https://t.co/34SbBWvXFp	11.310352
Thu Nov 08 11:38:31 +0000 2018	@theresa_may is making a very serious and dangerous decision for the UK. @AngelaMerkeICDU will make a deal that bankrupts the UK and will protect Germany. Chuck Chequers and Chuck Merkel otherwise we chuck @theresa_may	11.07667
Fri Dec 07 18:11:34 +0000 2018	@AngelaMerkeICDU Thank you, you make women who value integrity proud. 😊	11.052836
Sat Nov 10 17:15:32 +0000 2018	@EmmanuelMacron Thank you both @AngelaMerkeICDU for paying your respect for those who served!	10.480624
Tue Dec 04 21:57:48 +0000 2018	@AngelaMerkeICDU @Europarl_EN  How can you be so blind? The leader of ku klux klan congratulates VOX	9.952921
Thu Nov 29 20:41:23 +0000 2018	@eucopresident @donaldtusk @EU_Commission @EUCouncil @Europarl_EN @coe @AngelaMerkeICDU Bona nit... Remembering is easy for those who have a memory, forgetting is difficult for those who have a heart https://t.co/7eE6ePyRZ0	9.867062
Sun Dec 02 12:49:10 +0000 2018	@AngelaMerkeICDU - how is that diversity working for you? It certainly isn't working for the German people or Europe.	9.624292
Tue Nov 27 04:49:41 +0000 2018	@AngelaMerkeICDU Any remedial action?	9.105085
Fri Dec 07 20:57:51 +0000 2018	@AngelaMerkeICDU what Hitler couldn't  do, Trump is doing. But with program. 1st Arab spring, 2nd spain, 3rd france may be 4th to be germany. Uk  kept in safe side, europian Union in pathway of collapse. USA The leader, the land lord or the king.	9.104998
Tue Dec 04 11:24:45 +0000 2018	@realDonaldTrump @theresa_may @AngelaMerkeICDU this is the low level savages in this shit hole..	9.093
Sun Dec 09 08:06:17 +0000 2018	@realDonaldTrump @EmmanuelMacron @AngelaMerkeICDU WHERE IS DEMOCRACY? WHERE IS FREEDOM? WHERE IS HUMAN RİGHTS? YOU ARE TWO-FACED.	8.723169
Tue Dec 04 11:47:38 +0000 2018	@POTUS @AngelaMerkeICDU @JustinTrudeau @EmmanuelMacron @theresa_may  @thepmo @VP @SecPompeo @AmbJohnBolton @OHCHRAsia Turkey is imprisoning HDP members on trumped up terror charges. Will prevent them from participating in March 2019 regional elections. Speak up for Democracy pls!	8.420615
Thu Nov 08 12:56:20 +0000 2018	@realDonaldTrump @AngelaMerkeICDU HAVE YOU EVER HEARD OF THIS BRAVE WOMAN? WHY AREN'T YOU SUPPORTING HER INSTEAD OF YR JOB JUGGLING. @theresa_may @melindagates @ElizabethUKRPG @TheEllenShow @UNWomenWatch @sherylsandberg @melindagates @BBCBreaking	8.241049
Fri Dec 07 04:07:59 +0000 2018	@AngelaMerkeICDU wishing you and your family a Merry Christmas every year millions of innocent cats are tortured and eaten by many Asian countries cats are unimaginably treated for consumption they are beloved domestic now betrayed please let them live	8.228897
Tue Nov 27 17:46:15 +0000 2018	@AngelaMerkeICDU Thus were found the national headquarters of Òmnium yesterday morning in Barcelona. The president of this cultural association is jailed without trial for over a year. Fascists calling Democratic Nazis. https://t.co/EluwFGMBf4 …	8.10158
Sat Nov 24 23:31:38 +0000 2018	@AngelaMerkeICDU Angela Merkel is a Just like Adolf Hitler except, instead of forcing an ethnic minority OUT of Germany, she is FORCING an ethnic minority INTO Germany. Just like a Nazi but a lil different.	7.5321846
Wed Nov 21 22:05:38 +0000 2018	@AngelaMerkeICDU And Allah Do Aufheben Brüssel and you want Pheromone Food For Us and you Have Apostasie and God came and it came from Merkel and Theresa may and God Lynch	7.3619127
Tue Dec 04 23:41:58 +0000 2018	@EmmanuelMacron @Europarl_EN @AngelaMerkeICDU @potus The people in the streets r going to bend u over, Em, let Mommy run the country-better yet, let the people decide. Europe will burn be4 you cats take over and treat us all like slaves. Angela can't help, nor those EU twots.	7.1593156
Tue Nov 27 15:50:29 +0000 2018	@AngelaMerkeICDU @JunckerEU Come on!! Corruption will be banned urgently and europarliamentaris fired!! 😦😦😦 Which Europe do you want to defend?	7.0171833
Fri Nov 30 22:25:05 +0000 2018	@AngelaMerkeICDU In my message below, I would like to introduce my brothers to make sure they really deserve your support!  ''Who they are?''  https://t.co/mytAbHgBN4  Wikipedia: https://t.co/zjXIKHdsml  Youtube channel: https://t.co/ItXXIQImMq	6.948378
Sat Dec 08 06:11:03 +0000 2018	@AngelaMerkeICDU Rio de Janeiro is better than Paris !!! https://t.co/WeRmHD37ZN	6.927974
Fri Dec 07 17:22:02 +0000 2018	@AngelaMerkeICDU giving the Harvard commencement address could actually be something worth listening to.  DSR	6.8254843
Wed Nov 28 17:09:51 +0000 2018	@AngelaMerkeICDU @usbotschaft  WTH is wrong with Germany?? Allowing Islamic Radical Extremists in your country now polluting your schools with their Extremist views &amp; violence on your German Citizens!!  This is the Germany I lived in &amp; where my daughter was born! So SAD!!	6.7240334
Sat Dec 01 08:34:27 +0000 2018	@AngelaMerkeICDU @potus @eu  Looks life Adolph's Emasculating Mother is on her way out.  Couldn't be soon enough! Tens of thousands in Britain in the streets expressing love for Trump &amp; the movement against globalism. Didn't make MSM @GOP @TuckerCarlson	6.5730066
Wed Nov 21 23:54:33 +0000 2018	@AngelaMerkeICDU Wonder how proud the politicians in Germany are now?	6.5723844
Sat Nov 24 08:28:35 +0000 2018	@AngelaMerkeICDU  Hi, Ms Merkel, Feudalism is soooo passe... So are gulags and kolchozes... To impress, come up with something innovative. And hand over your power...  Merkel: EU Nations Must Prepare to Hand Sovereignty over to Brussels https://t.co/PWINMdw33r via @BreitbartNews	6.2657304
Sun Dec 02 07:02:36 +0000 2018	@AngelaMerkeICDU I admire you. How simple and powerful a women can be!!!	6.2230864
Thu Nov 08 20:52:07 +0000 2018	@AngelaMerkeICDU lifting sanctions from Eritrean president Isaias afewerki amounts to putting a gun to Eritrean people head and pulling the trigger. Sanctions must stay until the mad dictator of Eritrea is gone.	6.165912
Wed Nov 21 21:38:35 +0000 2018	@eucopresident @donaldtusk @EU_Commission @EUCouncil @Europarl_EN @coe @AngelaMerkeICDU Bona nit... Consciousness without action has no value. Phil McGraw https://t.co/3w6uy5f6eY	5.777197
Mon Dec 03 20:50:23 +0000 2018	@eucopresident @donaldtusk @EU_Commission @EUCouncil @Europarl_EN @coe @AngelaMerkeICDU Maybe 4 good people on hunger strike are not enough, maybe we decide that a few thousand can do it too. But you do not stop watching the movie and keep eating popcorn https://t.co/Cf7TDLyqEV	5.6621017
Wed Nov 07 00:58:22 +0000 2018	@AngelaMerkeICDU  In  Kiev, Angela Merkel has promised 500 millions euros again,  after the 13 billions they've got !!!  And she's still repeating the Trump Sanctions decision like a little doggy !   So  next elections  AFD  will throw her our for 100%  ! ! ! ! ! ! ! !	5.368605
Sat Dec 01 21:42:05 +0000 2018	@AngelaMerkeICDU Good to see that you WEREN'T there in your red-sending the message that ur in charge.  Guess u weren't. The shame of killing Europe with your insistence on blind immigration. Shame on u. Ihre Arroganz ist eine Schande für ganz Europa	5.1459017
Sat Nov 10 14:57:45 +0000 2018	@eucopresident @donaldtusk @EU_Commission @Europarl_EN @EUCouncil @coe @AngelaMerkeICDU Bona tarda... Time is the most valuable thing a person can spend (Theophrastus) https://t.co/WjXgxJowiN	5.0903697
Sat Nov 24 18:43:27 +0000 2018	@AngelaMerkeICDU Haven't you done enough damage to your own country?	4.846138
Thu Nov 08 12:05:18 +0000 2018	@realDonaldTrump @SecPriceMD @SecPompeo @EmmanuelMacron @AngelaMerkeICDU @10DowningStreet @MinPres @eucopresident @JunckerEU @KatiPiri  How much can you spoil someone?	4.734761
Sat Nov 24 08:21:05 +0000 2018	@AngelaMerkeICDU No chance Madam to get rid of nations in Europe. U are using your falling popularity to leave behind your communists ideas. The sooner u got lost, the better....	4.134108
Fri Dec 07 11:06:22 +0000 2018	@AngelaMerkeICDU  Christian Democrats vote on Friday... The Romans rolled the Stone this way &amp; The Romans rolled the Stone that way. ~ I wasn't raised a sheep to be fleeced &amp; I wasn't raised a fish to be reeled in. The Roman Governor Pontius Pilate ruled the court.	4.029961
Thu Nov 22 13:35:57 +0000 2018	@AngelaMerkeICDU Well done Angela. It seems your background checks dont seem to do a lot. What next? A deranged idiot with a chemical weapon in a enclosed poulated space. I hope not.	3.848421
Fri Dec 07 12:02:59 +0000 2018	@AngelaMerkeICDU   Good bloody riddance.   Thanks for destroying Europe.  #Brexit  #EU  #Merkel	3.6396208
Wed Nov 21 22:02:56 +0000 2018	@AngelaMerkeICDU And France get no Oil they get More bomb This time you Learn no	3.5725508
Fri Nov 23 08:58:27 +0000 2018	@AngelaMerkeICDU @EmmanuelMacron sometimes you just want your friends to stop you from doing something really stupid....	3.5700955
Fri Nov 09 14:40:46 +0000 2018	@eucopresident @donaldtusk @EU_Commission @Europarl_EN @EUCouncil @coe @AngelaMerkeICDU Bona tarda... Hope is not the same as optimism. It is not the conviction that something will turn out well,but the certainty that something makes sense, regardless of how it turns out.Vaclav H https://t.co/nh5R81vrve	3.3746266
Fri Dec 07 17:59:49 +0000 2018	@AngelaMerkeICDU Are you going? Good riddance. Hope the door hits you on the way out	3.2813191
Sun Nov 25 20:52:41 +0000 2018	@AngelaMerkeICDU YES and you are one of the corruptist! You single handily have destroyed #Europe with #Islam #Fool	3.0557055
Sat Dec 08 00:00:07 +0000 2018	@JustinTrudeau @CBCNews @TorontoStar @EmmanuelMacron @EPN @BBCWorld @AngelaMerkeICDU @theresa_may @DerSPIEGEL @lemondefr Dear Allies - plz bear with us as we continue to defend our country from this madman/criminal. Thank u for your patience. Respect and peace...your friends USA	2.8874204
Sat Nov 24 18:48:40 +0000 2018	@AngelaMerkeICDU  Hello my name Rajhid please let me in they kill me syria	2.790427
Sat Dec 08 07:01:42 +0000 2018	@EmmanuelMacron @NATO @foreignoffice @ASDGovAu @GermanyinUSA @AngelaMerkeICDU  @swedense @10DowningStreet @BBCScotlandNews  Get Huawei out of all your networks. @azzurri @PMOIndia @japantimes @911CORLEBRA777	2.1784499
