created_at	text	_score
Sat Dec 01 20:58:10 +0000 2018	"@realDonaldTrump´s harebrained Oximoron :""clean carbon, clean fossile energy..."" @AngelaMerkeICDU's facial expression says it all. https://t.co/Jl6XNaAWoc"	223.02925
Wed Nov 21 22:02:10 +0000 2018	@AngelaMerkeICDU Merkel has no Energy and die and This is respectspalten and you Learn Now and Energy is Ottoman Word	93.37734
Thu Nov 29 16:57:05 +0000 2018	ETR is calling the @GermanyDiplo @AngelaMerkeICDU to chair the ESM @ESM_Press permanently &amp; go to G20 in this position for EU not as PM of Germany. France securing EU, Germany paying EU. Well not only but at least there is EU wide office &amp; representativity &amp; responsibility for EU	78.05963
Mon Dec 03 17:26:12 +0000 2018	@EmmanuelMacron @JustinTrudeau @Deb4CongressNM @AngelaMerkeICDU @Poulin2012 @sunrisemvmt @AJENews @china @_Africa24 @KarzaiH @MeTooMVMT It does not appear to me that Germany, France, Canada or America are investing in clean energy.  https://t.co/1kuZy0doPo	78.048706
Wed Nov 21 22:05:38 +0000 2018	@AngelaMerkeICDU And Allah Do Aufheben Brüssel and you want Pheromone Food For Us and you Have Apostasie and God came and it came from Merkel and Theresa may and God Lynch	70.48299
Wed Dec 12 09:04:53 +0000 2018	@AngelaMerkeICDU when will you start handling CO2 car emission? In #berlin my 20 min bike ride to work ‘catching some fresh air’ didnt rewlly go well! #toomuchcars #co2 #criticalairquality #bancars https://t.co/yCsGAIb9vp	64.78201
Thu Nov 08 11:22:58 +0000 2018	@AngelaMerkeICDU strong speech on european values and the need to defend them now.  The history should teach us what happens with #nationalisme #populism #extremism #1stworldwar #2ndworldwar #EPPCongress #UP2EU https://t.co/INL6wVv16g	58.519253
Fri Dec 07 04:07:59 +0000 2018	@AngelaMerkeICDU wishing you and your family a Merry Christmas every year millions of innocent cats are tortured and eaten by many Asian countries cats are unimaginably treated for consumption they are beloved domestic now betrayed please let them live	53.415535
Mon Dec 03 20:50:23 +0000 2018	@eucopresident @donaldtusk @EU_Commission @EUCouncil @Europarl_EN @coe @AngelaMerkeICDU Maybe 4 good people on hunger strike are not enough, maybe we decide that a few thousand can do it too. But you do not stop watching the movie and keep eating popcorn https://t.co/Cf7TDLyqEV	50.95892
Tue Dec 04 03:56:54 +0000 2018	"@AngelaMerkeICDU  if she's not stupid (her Immigrant ""dumping"",changed Germany's culture &amp;No Free Zone is started to growth from one State to another) OR She must be working for""Someone"" who would like to see Our World: One Government, No Border/Open Border, International access!"	46.776985
Sat Dec 01 21:42:05 +0000 2018	@AngelaMerkeICDU Good to see that you WEREN'T there in your red-sending the message that ur in charge.  Guess u weren't. The shame of killing Europe with your insistence on blind immigration. Shame on u. Ihre Arroganz ist eine Schande für ganz Europa	46.313118
Sat Dec 01 16:38:13 +0000 2018	@AngelaMerkeICDU War is wrong, but the time was, in future, I Hope there is Planet without wrong violence against nature, plants, animals and human. In God the died are. Death is an Option, life forever on this Planet possible.	45.556065
Mon Dec 03 22:48:39 +0000 2018	@AngelaMerkeICDU   Less nukes = more pollution	39.063194
Sat Dec 08 06:11:03 +0000 2018	@AngelaMerkeICDU Rio de Janeiro is better than Paris !!! https://t.co/WeRmHD37ZN	35.867382
Tue Dec 11 15:36:35 +0000 2018	@eucopresident @10DowningStreet @AngelaMerkeICDU @markrutte @sebastiankurz @sanchezcastejon @EmmanuelMacron .https://t.co/D43cYTRmgk the decesion.Brexit agreement cannot be changed .Uk must leave from europe.For that only option n solution is Santosh bista in Nepal.	35.62345
Sun Dec 02 03:22:36 +0000 2018	@AngelaMerkeICDU is attempting to make it illegal to criticize the German government which she leads.  You know who else did that? The German Nazis under Adolf Hitler.  Good leaders blow off criticism and hate and move forward. Weak leaders do what Merkel wants to do.	35.485218
Wed Nov 21 21:38:35 +0000 2018	@eucopresident @donaldtusk @EU_Commission @EUCouncil @Europarl_EN @coe @AngelaMerkeICDU Bona nit... Consciousness without action has no value. Phil McGraw https://t.co/3w6uy5f6eY	35.461514
Mon Nov 26 22:36:10 +0000 2018	So much carbon footprint for nothing. Shame on you @AngelaMerkeICDU &amp; @EmmanuelMacron  #Trump shouldn't be appeased, he should be punished for his crimes against humanity! You are voted to work for us, not for the corporations destroying of our only home! #ClimateChange #climate	34.890076
Fri Dec 07 12:02:59 +0000 2018	@AngelaMerkeICDU   Good bloody riddance.   Thanks for destroying Europe.  #Brexit  #EU  #Merkel	32.756588
Fri Dec 07 17:59:49 +0000 2018	@AngelaMerkeICDU Are you going? Good riddance. Hope the door hits you on the way out	29.531872
Fri Dec 07 18:11:34 +0000 2018	@AngelaMerkeICDU Thank you, you make women who value integrity proud. 😊	29.101982
Sun Nov 25 20:52:41 +0000 2018	@AngelaMerkeICDU YES and you are one of the corruptist! You single handily have destroyed #Europe with #Islam #Fool	27.50135
Sat Nov 24 14:11:18 +0000 2018	@AngelaMerkeICDU Your words are as cheap as your patriotic contribution to the UN. PAY YOUR SHARE. That’s right, put you money where your loud mouth is.	27.303185
Sat Nov 24 22:20:15 +0000 2018	@AngelaMerkeICDU If you need lessons from a successful leader who is direct, patriotic, successful, correct, and strong, suggest you watch Sebastian Kurz of Austria. The young man has more direction than most world leaders and more intelligence. Migrants are a cancer, a disease.	27.000359
Sat Nov 24 08:21:05 +0000 2018	@AngelaMerkeICDU No chance Madam to get rid of nations in Europe. U are using your falling popularity to leave behind your communists ideas. The sooner u got lost, the better....	26.312912
Fri Nov 23 20:55:15 +0000 2018	@AngelaMerkeICDU @EmmanuelMacron @ccwhip @HillaryClinton Chris, The international public did not receive satisfaction from putting hundreds of New York, London and Scottish bankers in Jail for the 2009 recession. Looking for a job for 2 plus years makes people less willing to	25.518583
Thu Nov 08 17:17:46 +0000 2018	@eucopresident @donaldtusk @EU_Commission @Europarl_EN @EUCouncil @coe @AngelaMerkeICDU Bona tarda... Every man can improve his life by improving his attitude. Héctor Tassinari https://t.co/ivVKg03Q5d	25.078405
Mon Dec 10 18:11:17 +0000 2018	@AngelaMerkeICDU Hello from the Czech Republic. Please why there are in CZ and other east EU countries stolen billions of EUR of EU funds each year? Why you keep to send these funds knowing mafias in these states will steal it. Thanks for your reply, good day	24.798075
Thu Nov 29 13:55:10 +0000 2018	With all respect to @AngelaMerkeICDU @EmmanuelMacron @GiuseppeConteIT @sanchezcastejon please how shall we ever communicate a United Europe to the World if you attend such G7 - G20 meetings? Really a United EU @ecfin @Eu_15409040049 should be represented by @eucopresident	24.522041
Sun Nov 25 15:39:53 +0000 2018	@AngelaMerkeICDU @angelamerk has made it very clear that her beliefs originate from her #Communist upbringing. #Deutschland it's time to rid yourselves of the cancer and take back your culture.	22.495487
Sat Dec 01 23:11:14 +0000 2018	@realDonaldTrump @EmanuelMacrone @10DowningStreet @AngelaMerkeICDU Western leaders must make a strong statement at G20 to Condemn Putin’s aggression agt Ukraine.West must stand united &amp; warn Putin.	21.599064
Wed Nov 07 09:55:37 +0000 2018	@realDonaldTrump @10DowningStreet @EmmanuelMacron @AngelaMerkeICDU @PMOIndia Exempting India from sanctions for developing Chabahar port in Iran will give strategic importance to reconstruct war torn Afghanistan. Its a wise decision. Now NATO will get 2nd access route to Afgan. https://t.co/Dp4uBdUR3Z	18.477392
Fri Dec 07 20:57:51 +0000 2018	@AngelaMerkeICDU what Hitler couldn't  do, Trump is doing. But with program. 1st Arab spring, 2nd spain, 3rd france may be 4th to be germany. Uk  kept in safe side, europian Union in pathway of collapse. USA The leader, the land lord or the king.	18.276089
Sun Dec 09 17:05:15 +0000 2018	@AngelaMerkeICDU  Thanks for all the feed back we get from you about Americas POTUS, so nice to see that you finally realize how terrible NWO is &amp;  now you have to do something about your Country that you ruined believing in NWO. God Bless	18.244282
Tue Nov 27 04:49:41 +0000 2018	@AngelaMerkeICDU Any remedial action?	18.21017
Tue Dec 04 18:20:46 +0000 2018	@eucopresident @donaldtusk @EU_Commission @EUCouncil @Europarl_EN @coe @AngelaMerkeICDU Only those who try the absurd, achieve the impossible. Einstein Bona nit presos polítics https://t.co/uLl4vtwWj9	17.524143
Sun Nov 25 09:15:56 +0000 2018	@eucopresident @donaldtusk @EU_Commission @Europarl_EN @EUCouncil @coe @AngelaMerkeICDU Bon dia... How foolish is the man who lets time pass sterilely (Goethe) https://t.co/jpDrk0JJ9T	16.641201
Fri Nov 23 22:37:42 +0000 2018	@EmmanuelMacron  , @AngelaMerkeICDU , @theresa_may , and all other non corrupt PM and President should boycott any deal with Saudi regime until Jamal Khashoggi's case is closed to their satisfaction and changes in the Saudi dictatorship have been fulfilled. (@WhiteHouse ) https://t.co/XGhoNY0EVi	16.54297
Tue Dec 11 15:47:20 +0000 2018	@AngelaMerkeICDU: You are destroying both Germany and Europe. Le Pen is far better for Europe than you globalists.  Merkel Hails UN Migration Pact Le Pen Says Would ‘Forever Change’ France - https://t.co/Suz4IY3IAq	16.156158
Thu Dec 06 21:29:28 +0000 2018	@eucopresident @donaldtusk @EU_Commission @EUCouncil @coe @Europarl_EN @AngelaMerkeICDU Bona nit... Here we continue with the same misery as always but now with six days of glasses of water. Until when is this passivity towards European citizens, democracy and human rights?😦 https://t.co/g6UIRljVFJ	16.131182
Thu Nov 29 13:41:59 +0000 2018	@AngelaMerkeICDU Lady Hitler we don't care what you think or want. Stop manipulating the media to hide the crap illegal immigrants do throughout Germany. Beheading infants, and you want to conceal this. Why are you so mental? Germany is never going to rule the world.	15.911406
Fri Nov 30 10:16:17 +0000 2018	@EmmanuelMacron @eucopresident @JunckerEU @MalmstromEU @AngelaMerkeICDU @MinPres @GiuseppeConteIT @sanchezcastejon @sebastiankurz @PremierRP_en @BelgiumMFA @mercosur @francediplo @guyverhofstadt @MarosSefcovic @realDonaldTrump @Trade_EU Dear President @EmmanuelMacron @francediplo Well it means you will never allow EU FTAs with more efficient Agro producers &amp; exports @Itamaraty_EN @narendramodi @mercosur @USTradeRep @thepmo @jairbolsonaro @poroshenko @VGroysman @ChinaEUMission French Farming Lobby vs better World https://t.co/7da3hJ1M7y	15.64065
Sat Nov 10 16:15:48 +0000 2018	@EmmanuelMacron &amp; @AngelaMerkeICDU were able to honor those who died in WWII, but the weather was too chilly for @realDonaldTrump to attend💩 Once again #CadetBoneSpurs shows how little he is willing to do for Veterans who died for HIS freedom as well as ours. PATHETIC @POTUS.	15.465865
Sun Nov 25 14:10:39 +0000 2018	@angelamerkeicdu  Ur Majesty I founded Sun Religion Trust related World religion as Mother Earth Holy Book Humanism by Indian Govt on 8.9.2014, you are welcome, let us work together to Save Mother Earth who protect our life, (https://t.co/npbYnG2OcC)	15.027412
Tue Dec 04 11:24:45 +0000 2018	@realDonaldTrump @theresa_may @AngelaMerkeICDU this is the low level savages in this shit hole..	14.698967
Sun Dec 02 14:54:22 +0000 2018	@AngelaMerkeICDU is unbelievable. Is she a new #Hitler, dividing Europe again? Russia will have free hand in Ukraine as long as Germany has #EUempire.	14.4588375
Wed Nov 28 18:07:41 +0000 2018	@AngelaMerkeICDU Stop the Nord Stream 2, because of Russian aggression, or is their gas so important?	13.417348
Sun Nov 25 14:04:20 +0000 2018	"@AngelaMerkeICDU ""A Leader""? Seriously? A treacherous heathen who has just about decimated Deutschland? Then on top of that you mention ""the EU’s borderless Schengen zone"" ... BORDER-LESS? ""NWO much?"""	12.983097
Wed Nov 28 14:26:06 +0000 2018	@AngelaMerkeICDU Why don`t you tell the world that you are a SELFISH LESBIAN who TRASHED with intention both US and England to make your own country bigger and richer!? The most powerful woman is a GERMAN HYPOCRITE!!!	12.416372
Thu Nov 29 16:21:42 +0000 2018	@AngelaMerkeICDU Saying She's Not Willing To Send Military Forces Into The #KerchStrait / #SeaOfAzov Is Akin To Neville Chamberlain Telling Hitler He Would Be Allowed To Keep The Sudentenland, As Long As That Was All Of Europe That He Wanted.  #MunichBetrayal	12.165119
Sat Nov 10 18:49:51 +0000 2018	@AngelaMerkeICDU Thank you Angela and Emmanuel for attending. Our hearts and thoughts are with you as you commemorate such an important event in history.  It is paramount for Americans to remember our past, for one day it may repeat itself.  -A citizen of the United States	11.642536
Fri Dec 07 22:17:25 +0000 2018	@eucopresident @donaldtusk @EU_Commission @EUCouncil @coe @Europarl_EN @AngelaMerkeICDU Bona nit...How sad everything How difficult it is to be a Democrat😓 https://t.co/34SbBWvXFp	11.310352
Wed Nov 28 19:47:38 +0000 2018	@eucopresident @donaldtusk @EU_Commission @Europarl_EN @EUCouncil @coe @AngelaMerkeICDU Bona nit... I wasted time. Now time is wasting me (William Shakespeare) https://t.co/HhgMetvfE4	11.102374
Sat Nov 24 12:32:30 +0000 2018	@AngelaMerkeICDU #Nationalism Was America saving the world from German Nazis. You have a lot of gall and a short memory. Without us you're speaking Russian today. We're tired of protecting Europe and getting screwed in the process. @jonnyray45	10.461477
Tue Dec 11 11:30:48 +0000 2018	@AngelaMerkeICDU  Please help I need you https://t.co/POpARCnTzG	10.170069
Tue Dec 04 21:57:48 +0000 2018	@AngelaMerkeICDU @Europarl_EN  How can you be so blind? The leader of ku klux klan congratulates VOX	9.952921
Sun Dec 02 12:49:10 +0000 2018	@AngelaMerkeICDU - how is that diversity working for you? It certainly isn't working for the German people or Europe.	9.624292
Sun Dec 09 07:43:48 +0000 2018	@realDonaldTrump @FoxNews @cnni @AngelaMerkeICDU Send these greedy cheating nations Invoices for the past 50 yrs &amp; give them 60 days to pay before % kicks in.	9.60911
Sat Nov 24 08:28:35 +0000 2018	@AngelaMerkeICDU  Hi, Ms Merkel, Feudalism is soooo passe... So are gulags and kolchozes... To impress, come up with something innovative. And hand over your power...  Merkel: EU Nations Must Prepare to Hand Sovereignty over to Brussels https://t.co/PWINMdw33r via @BreitbartNews	9.456139
Sat Nov 24 15:05:28 +0000 2018	@AngelaMerkeICDU come try and take my sovereignty! Tried it twice. Failed. How about you worry about you’re own as you let invaders in? https://t.co/8ZCHaWbxIh	9.055566
Fri Nov 23 14:49:29 +0000 2018	Dear @JustinTrudeau @EmmanuelMacron @AngelaMerkeICDU @theresa_may -- are you going to shake the hand of the person responsible for this at the G20 summit? He is known as MBS @KarenAttiah @NickKristof @sarahleah1 @rulajebreal @caroloffcbc @markmackinnon @martinchulov @KenRoth	8.986542
Fri Dec 07 17:08:22 +0000 2018	@AngelaMerkeICDU is taking on a new job a ventriloquist. Her puppets name is @_A_K_K #TWGRP #AmericaFirst #KeepAmericaGreat #PromisesMadePromisesKept #Trump2020 #TrumpWorldGroups	8.907034
Sun Nov 25 22:56:00 +0000 2018	@AngelaMerkeICDU  called Brexit a tragedy. It really is. @eucopresident @JunckerEU @MichelBarnier clearly took no pleasure from today , respectfully and professionally making it clear that they wish Brexit wasn’t happening. When will Brexiters realise they are the problem. Not EU	8.511719
Tue Nov 27 17:00:28 +0000 2018	@AngelaMerkeICDU  Sie haben Ihre Nation zum Scheitern verurteilt   You would think that Germans would have learned to not be sheep by now.	8.172533
Fri Nov 30 10:11:34 +0000 2018	@EmmanuelMacron @eucopresident @JunckerEU @MalmstromEU @AngelaMerkeICDU @MinPres @GiuseppeConteIT @sanchezcastejon @sebastiankurz @PremierRP_en @BelgiumMFA @mercosur @francediplo ETR is calling @EmmanuelMacron go not go down the Agro Populism reflex. Are you liberal @guyverhofstadt or Social Democrat @MarosSefcovic? If you can not reform @realDonaldTrump populism will not help you. if you let such reflexes dominate you - you can never allow @Trade_EU https://t.co/N0pfLhs143	8.059795
Sun Nov 25 21:49:38 +0000 2018	@eucopresident @donaldtusk @EU_Commission @Europarl_EN @EUCouncil @coe @AngelaMerkeICDU Bona nit... Compliance is the jailer of freedom and the enemy of growth - John F. Kennedy https://t.co/xSFfJ2eyS0	7.770002
Sun Nov 11 01:34:41 +0000 2018	@AngelaMerkeICDU I'm sorry I don't speak or write German.  Just wanted to thank you for being the lovely person you are &amp; know that all of us in the U.S. do not support the actions of Donald Trump.	7.7338924
Mon Nov 26 03:23:37 +0000 2018	@JustinTrudeau @PMOIndia @AngelaMerkeICDU @IsraeliPM @JPN_PMO @CanadianPm @EmmanuelMacron @UN @NATO World!,🌎 Please help us! I’m sure I got names wrong, &amp;many unknown, but please! We are in severe danger and it may spread to all.	7.6422377
Fri Nov 23 16:11:11 +0000 2018	Dear @JustinTrudeau @EmmanuelMacron @AngelaMerkeICDU @theresa_may -- are you going to shake the hand of the person responsible for this at the G20 summit? He is known as MBS @KarenAttiah @NickKristof @sarahleah1 @rulajebreal @caroloffcbc @markmackinnon @martinchulov @KenRoth https://t.co/BVwRxxkg5d	7.6334023
Mon Dec 10 02:41:07 +0000 2018	@AngelaMerkeICDU Extremely sorry that you are leaving politics but I’m glad that your preferred successor has won the vote to become leader of your party. The World is a lesser place without your guiding hand.	7.419597
Sat Nov 10 21:54:02 +0000 2018	@EmmanuelMacron  @AngelaMerkeICDU  @JustinTrudeau  @EUCouncilPress  @EUCouncil  @UKParliament  @BBCBreaking  When you guys and ladies Are done taking care of World duties..... Would you shove a note Abt this under his door?✉ Be careful of piss😏	7.405717
Sun Dec 02 17:02:48 +0000 2018	@EmmanuelMacron Has @AngelaMerkeICDU asked you to grow the Hitler mustache yet?  Congrats on giving your Country's resources to Muslims!	6.93022
Sat Dec 08 15:26:53 +0000 2018	"@AngelaMerkeICDU has destroyed all of Western Europe, &amp; she's lecturing Trump on destroying ""The New World Order."" Like her buddy @EmanuelMacrone, she's out of touch with the awful reality she's created, so she has to blame someone else. Like all globalists, it's always Trump."	6.8974695
Fri Dec 07 08:22:34 +0000 2018	@eucopresident @donaldtusk @EU_Commission @EUCouncil @coe @Europarl_EN @AngelaMerkeICDU Bon dia... and if we help them a little bit please? https://t.co/ub689JKD6N	6.728463
Thu Nov 22 07:54:08 +0000 2018	@eucopresident @donaldtusk @EU_Commission @EUCouncil @Europarl_EN @coe @AngelaMerkeICDU Bon dia... What the laws do not forbid, honesty can prohibit it. (Seneca) https://t.co/6Gzy6wARtX	6.7146797
Sat Dec 08 10:06:45 +0000 2018	@eucopresident @donaldtusk @EU_Commission @EUCouncil @coe @Europarl_EN @AngelaMerkeICDU Bon dia... You who have the tap, could you help us out please? https://t.co/faXvquPace	6.7146797
Sat Nov 24 09:28:55 +0000 2018	@eucopresident @donaldtusk @EU_Commission @Europarl_EN @EUCouncil @coe @AngelaMerkeICDU Bon dia... Nobody knows what he does while acting correctly, but what is wrong is always conscious. Goethe https://t.co/Dlu7HIpsky	6.587212
Wed Nov 28 23:20:45 +0000 2018	@AngelaMerkeICDU You are not strong enough, sorry.	6.5801497
Sun Nov 11 01:28:39 +0000 2018	@WhiteHouse Then explain how @EmmanuelMacron @AngelaMerkeICDU @JustinTrudeau @Teresa_May_PM managed it???	6.5723844
Wed Nov 21 23:54:33 +0000 2018	@AngelaMerkeICDU Wonder how proud the politicians in Germany are now?	6.5723844
Tue Nov 27 12:26:20 +0000 2018	"@eucopresident @donaldtusk @EU_Commission @Europarl_EN @EUCouncil @coe @AngelaMerkeICDU Bon dia... Morale is often the passport of slander. For statesmen there is a small moral and a big moral. ""  - Napoleon I Bonaparte https://t.co/NqzkD1iZDZ"	6.4024386
Sat Dec 01 13:00:07 +0000 2018	@eucopresident @donaldtusk @EU_Commission @EUCouncil @Europarl_EN @coe @AngelaMerkeICDU Bon dia... Mine with you is an act of faith greater than believing in God. And look what I try☹☹☹ https://t.co/GegkcEWEu3	6.3209696
Sun Dec 02 07:02:36 +0000 2018	@AngelaMerkeICDU I admire you. How simple and powerful a women can be!!!	6.2230864
Sun Dec 09 08:40:53 +0000 2018	@eucopresident @donaldtusk @EU_Commission @EUCouncil @coe @Europarl_EN @AngelaMerkeICDU Bon dia...You have political prisoners in Spain and on hunger strike because the judges leave the paperwork in the drawer so they can not go to European justice. In case you have not yet heard https://t.co/3q9EISFmDH	6.0089607
Fri Nov 23 14:40:33 +0000 2018	@AngelaMerkeICDU  Why don't you impose travel bans on the Israelis Criminals Pirates who massacre and kills civilians since 70 years, So your justice becomes a real justice not a fake one....	5.986269
Mon Nov 26 15:26:39 +0000 2018	@AngelaMerkeICDU can’t wait to work together again! Kisses	5.759796
Wed Nov 07 09:11:52 +0000 2018	@AngelaMerkeICDU talk with him ..	5.6466317
Mon Nov 26 18:41:21 +0000 2018	@JustinTrudeau @theresa_may @AngelaMerkeICDU @UN @KensingtonRoyal @EPN @Pontifex @BillGates @EmmanuelMacron being strong isn’t nearly as important as being brave. Stand up to the #GOP policies to terrorize children. Photo: AP https://t.co/9Z1XMD4fEt	5.5623884
Thu Dec 06 20:03:51 +0000 2018	@AngelaMerkeICDU everyday in Spain. Could you help? @eucopresident stop looking to another side	5.1714654
Thu Nov 22 18:04:02 +0000 2018	@realDonaldTrump @theresa_may @AngelaMerkeICDU  another HATE CRIME against white old defenseless people...and YOU just dont care....	5.093422
Sat Nov 10 21:13:52 +0000 2018	@EmmanuelMacron @TheReal_McCall Vous me manquez @AngelaMerkeICDU sorry I can’t say that in German. I have utter faith in you &amp; I’m so sad you are leaving the political arena x	4.938136
Thu Nov 08 11:38:31 +0000 2018	@theresa_may is making a very serious and dangerous decision for the UK. @AngelaMerkeICDU will make a deal that bankrupts the UK and will protect Germany. Chuck Chequers and Chuck Merkel otherwise we chuck @theresa_may	4.9292717
Thu Nov 08 12:05:18 +0000 2018	@realDonaldTrump @SecPriceMD @SecPompeo @EmmanuelMacron @AngelaMerkeICDU @10DowningStreet @MinPres @eucopresident @JunckerEU @KatiPiri  How much can you spoil someone?	4.734761
Thu Nov 29 19:57:32 +0000 2018	.@JustinTrudeau , @EmmanuelMacron , .@AngelaMerkeICDU , please be careful with Trump at the G20. Our news in America is aflame with this new info on Truml and Putin. Please protect the your and other countries from Trump's false promises and hidden agenda.	4.66274
Sun Nov 25 20:38:40 +0000 2018	@realDonaldTrump @palinpal1 Talk 2 @AngelaMerkeICDU &amp; @Plaid_Macron stead of hobnobbing with them @POTUS	4.331148
Thu Nov 22 03:28:33 +0000 2018	@AngelaMerkeICDU I’m an atheist who believes no one should be harassed or sentenced to death b/c of his or her religious believes or non religious believes. Asia Bibi hutzpuh is truly 🇺🇸 and @RandPaul  bring Asia to 🇺🇸	4.2230678
Fri Nov 30 19:16:51 +0000 2018	@MiddleEastMnt I do like @AngelaMerkeICDU. She has far more integrity than many of the presidents going to the G20...at least far MORE than @realDonaldTrump and @PORUS_PUTIN	4.166258
Thu Nov 08 12:56:20 +0000 2018	@realDonaldTrump @AngelaMerkeICDU HAVE YOU EVER HEARD OF THIS BRAVE WOMAN? WHY AREN'T YOU SUPPORTING HER INSTEAD OF YR JOB JUGGLING. @theresa_may @melindagates @ElizabethUKRPG @TheEllenShow @UNWomenWatch @sherylsandberg @melindagates @BBCBreaking	4.1205244
Sat Nov 24 13:04:53 +0000 2018	@AngelaMerkeICDU Of course you do not believe in Nationalism! You are only GERMANY! We are AMERICA! HUGE difference. We are GREAT, you are just germany.	3.9387856
Thu Nov 22 13:35:57 +0000 2018	@AngelaMerkeICDU Well done Angela. It seems your background checks dont seem to do a lot. What next? A deranged idiot with a chemical weapon in a enclosed poulated space. I hope not.	3.848421
Wed Nov 07 00:58:22 +0000 2018	@AngelaMerkeICDU  In  Kiev, Angela Merkel has promised 500 millions euros again,  after the 13 billions they've got !!!  And she's still repeating the Trump Sanctions decision like a little doggy !   So  next elections  AFD  will throw her our for 100%  ! ! ! ! ! ! ! !	3.5934408
Sat Nov 24 11:46:59 +0000 2018	@AngelaMerkeICDU Americans believe in sovereignty. We aren't interested in socialism where some unelected morons tell us how we should live. Just look at what you've done to Germany with your open borders stupidity. Now you have thousands that will never assimilate.  @jonnyray45	3.445321
Sun Dec 02 14:38:47 +0000 2018	@SecPompeo @EmmanuelMacron @JustinTrudeau @AngelaMerkeICDU  #45 canceled his meeting with Putin. Putin summoned #45 to a meeting. Tail between his legs, #45 meets with Putin. Putting the US and the world at risk. https://t.co/s7BMznr0iS	3.4061599
Fri Nov 09 14:40:46 +0000 2018	@eucopresident @donaldtusk @EU_Commission @Europarl_EN @EUCouncil @coe @AngelaMerkeICDU Bona tarda... Hope is not the same as optimism. It is not the conviction that something will turn out well,but the certainty that something makes sense, regardless of how it turns out.Vaclav H https://t.co/nh5R81vrve	3.3746266
Fri Nov 30 23:22:53 +0000 2018	@LochnerWalter @Zebop @laurasessions10 This is @HillaryClinton @NicolaSturgeon @AngelaMerkeICDU ‘s G20 Song! Because none of these honest World Leaders were on the Photo! I rest my case, M’LUD 🗽🌏👩👩👩✔️✔️✔️🙏https://t.co/KmhmgvUspP via @YouTube	3.2239552
Sat Nov 24 20:04:21 +0000 2018	@AngelaMerkeICDU You, Mrs Merkel, are an ingrate.  Every time you criticize the USA, you are not remembering who saved the world from your own country's NAZI dictator. We are still protecting you. We should remove all our troops from Europe if you and others stay ungrateful.	3.029489
