created_at	text	_score
Tue Nov 27 15:50:29 +0000 2018	@AngelaMerkeICDU @JunckerEU Come on!! Corruption will be banned urgently and europarliamentaris fired!! 😦😦😦 Which Europe do you want to defend?	61.80871
Fri Nov 30 19:16:51 +0000 2018	@MiddleEastMnt I do like @AngelaMerkeICDU. She has far more integrity than many of the presidents going to the G20...at least far MORE than @realDonaldTrump and @PORUS_PUTIN	51.586357
Fri Nov 23 20:55:15 +0000 2018	@AngelaMerkeICDU @EmmanuelMacron @ccwhip @HillaryClinton Chris, The international public did not receive satisfaction from putting hundreds of New York, London and Scottish bankers in Jail for the 2009 recession. Looking for a job for 2 plus years makes people less willing to	33.80217
Fri Dec 07 18:11:34 +0000 2018	@AngelaMerkeICDU Thank you, you make women who value integrity proud. 😊	28.045721
Tue Dec 04 03:56:54 +0000 2018	"@AngelaMerkeICDU  if she's not stupid (her Immigrant ""dumping"",changed Germany's culture &amp;No Free Zone is started to growth from one State to another) OR She must be working for""Someone"" who would like to see Our World: One Government, No Border/Open Border, International access!"	24.77769
Sun Dec 09 08:06:17 +0000 2018	@realDonaldTrump @EmmanuelMacron @AngelaMerkeICDU WHERE IS DEMOCRACY? WHERE IS FREEDOM? WHERE IS HUMAN RİGHTS? YOU ARE TWO-FACED.	24.307598
Sat Nov 24 14:11:18 +0000 2018	@AngelaMerkeICDU Your words are as cheap as your patriotic contribution to the UN. PAY YOUR SHARE. That’s right, put you money where your loud mouth is.	22.745346
Thu Nov 22 20:24:27 +0000 2018	@AngelaMerkeICDU Give up sovereignty to the EU. Great idea! Perhaps you might like to start with Poland? Wait a minute, I seem to remember that did not go too well the last time you tried it.	21.959991
Sun Nov 25 14:10:39 +0000 2018	@angelamerkeicdu  Ur Majesty I founded Sun Religion Trust related World religion as Mother Earth Holy Book Humanism by Indian Govt on 8.9.2014, you are welcome, let us work together to Save Mother Earth who protect our life, (https://t.co/npbYnG2OcC)	16.202766
Sat Dec 01 23:11:14 +0000 2018	@realDonaldTrump @EmanuelMacrone @10DowningStreet @AngelaMerkeICDU Western leaders must make a strong statement at G20 to Condemn Putin’s aggression agt Ukraine.West must stand united &amp; warn Putin.	15.138189
Thu Nov 08 11:23:51 +0000 2018	@AngelaMerkeICDU speaks at #EPPHelsinki #Up2EU. European Trade Union Confederation @etuc_ces present during both Congress days. https://t.co/T40rfEsE7e	12.706566
Thu Nov 22 18:04:02 +0000 2018	@realDonaldTrump @theresa_may @AngelaMerkeICDU  another HATE CRIME against white old defenseless people...and YOU just dont care....	12.118664
Sun Dec 02 14:54:22 +0000 2018	@AngelaMerkeICDU is unbelievable. Is she a new #Hitler, dividing Europe again? Russia will have free hand in Ukraine as long as Germany has #EUempire.	11.043194
Sun Dec 02 03:22:36 +0000 2018	@AngelaMerkeICDU is attempting to make it illegal to criticize the German government which she leads.  You know who else did that? The German Nazis under Adolf Hitler.  Good leaders blow off criticism and hate and move forward. Weak leaders do what Merkel wants to do.	10.909431
Thu Nov 29 19:57:32 +0000 2018	.@JustinTrudeau , @EmmanuelMacron , .@AngelaMerkeICDU , please be careful with Trump at the G20. Our news in America is aflame with this new info on Truml and Putin. Please protect the your and other countries from Trump's false promises and hidden agenda.	10.854114
Fri Nov 23 14:41:13 +0000 2018	@eucopresident @donaldtusk @EU_Commission @Europarl_EN @EUCouncil @coe @AngelaMerkeICDU Bona tarda... The heroes are born of human indifference to the suffering of others. (Nicholas Welles) https://t.co/SzWvL3ZIcR	10.458889
Sat Nov 24 22:20:15 +0000 2018	@AngelaMerkeICDU If you need lessons from a successful leader who is direct, patriotic, successful, correct, and strong, suggest you watch Sebastian Kurz of Austria. The young man has more direction than most world leaders and more intelligence. Migrants are a cancer, a disease.	10.419887
Thu Nov 08 11:22:58 +0000 2018	@AngelaMerkeICDU strong speech on european values and the need to defend them now.  The history should teach us what happens with #nationalisme #populism #extremism #1stworldwar #2ndworldwar #EPPCongress #UP2EU https://t.co/INL6wVv16g	10.136201
Tue Nov 27 04:49:41 +0000 2018	@AngelaMerkeICDU Any remedial action?	9.105085
Sat Dec 01 16:38:13 +0000 2018	@AngelaMerkeICDU War is wrong, but the time was, in future, I Hope there is Planet without wrong violence against nature, plants, animals and human. In God the died are. Death is an Option, life forever on this Planet possible.	8.988526
Thu Dec 06 21:29:28 +0000 2018	@eucopresident @donaldtusk @EU_Commission @EUCouncil @coe @Europarl_EN @AngelaMerkeICDU Bona nit... Here we continue with the same misery as always but now with six days of glasses of water. Until when is this passivity towards European citizens, democracy and human rights?😦 https://t.co/g6UIRljVFJ	8.706078
Sat Nov 24 15:05:28 +0000 2018	@AngelaMerkeICDU come try and take my sovereignty! Tried it twice. Failed. How about you worry about you’re own as you let invaders in? https://t.co/8ZCHaWbxIh	8.426448
Sat Nov 24 22:09:48 +0000 2018	"@AngelaMerkeICDU You said ""people who think they can solve problems on their own represent ""nationalism in its purest form, not patriotism"". Webster says ""nationalism is patriotic feeling, principles or efforts"". I am a nationalist, a patriot, so is President Trump. Read more!"	7.87126
Tue Dec 11 02:32:59 +0000 2018	@JAntonioBarRios @UN @POTUS @lopezobrador_ @VladimirPutin1_ @AngelaMerkeICDU @UNHumanRights All G20 countries should boycott Indonesia unless immigration criminals are punished, until I get my freedom &amp; until they return my UK ID	6.8384604
Sat Dec 01 13:01:17 +0000 2018	@AngelaMerkeICDU  Europe must help us! Free Catalonia!🎗🌻💛 https://t.co/bIa26fv4RB	6.8329153
Wed Nov 28 23:20:45 +0000 2018	@AngelaMerkeICDU You are not strong enough, sorry.	6.5801497
Fri Nov 30 23:22:53 +0000 2018	@LochnerWalter @Zebop @laurasessions10 This is @HillaryClinton @NicolaSturgeon @AngelaMerkeICDU ‘s G20 Song! Because none of these honest World Leaders were on the Photo! I rest my case, M’LUD 🗽🌏👩👩👩✔️✔️✔️🙏https://t.co/KmhmgvUspP via @YouTube	6.376272
Sun Nov 25 20:38:40 +0000 2018	@realDonaldTrump @palinpal1 Talk 2 @AngelaMerkeICDU &amp; @Plaid_Macron stead of hobnobbing with them @POTUS	6.1216955
Tue Dec 04 11:47:38 +0000 2018	@POTUS @AngelaMerkeICDU @JustinTrudeau @EmmanuelMacron @theresa_may  @thepmo @VP @SecPompeo @AmbJohnBolton @OHCHRAsia Turkey is imprisoning HDP members on trumped up terror charges. Will prevent them from participating in March 2019 regional elections. Speak up for Democracy pls!	6.1216435
Sat Nov 24 18:43:27 +0000 2018	@AngelaMerkeICDU Haven't you done enough damage to your own country?	6.060377
Wed Nov 21 21:38:35 +0000 2018	@eucopresident @donaldtusk @EU_Commission @EUCouncil @Europarl_EN @coe @AngelaMerkeICDU Bona nit... Consciousness without action has no value. Phil McGraw https://t.co/3w6uy5f6eY	5.777197
Mon Dec 10 18:11:17 +0000 2018	@AngelaMerkeICDU Hello from the Czech Republic. Please why there are in CZ and other east EU countries stolen billions of EUR of EU funds each year? Why you keep to send these funds knowing mafias in these states will steal it. Thanks for your reply, good day	5.7125635
Sat Nov 10 13:32:40 +0000 2018	@realDonaldTrump @FLOTUS @EmmanuelMacron @AngelaMerkeICDU   Black Block french Deep State..	5.65816
Thu Nov 29 16:57:05 +0000 2018	ETR is calling the @GermanyDiplo @AngelaMerkeICDU to chair the ESM @ESM_Press permanently &amp; go to G20 in this position for EU not as PM of Germany. France securing EU, Germany paying EU. Well not only but at least there is EU wide office &amp; representativity &amp; responsibility for EU	5.656244
Mon Nov 26 18:41:21 +0000 2018	@JustinTrudeau @theresa_may @AngelaMerkeICDU @UN @KensingtonRoyal @EPN @Pontifex @BillGates @EmmanuelMacron being strong isn’t nearly as important as being brave. Stand up to the #GOP policies to terrorize children. Photo: AP https://t.co/9Z1XMD4fEt	5.5623884
Thu Nov 08 09:18:40 +0000 2018	@AngelaMerkeICDU , do not go down in history as the second German chancellor who was an appeaser of a fascist regime. Please stop supporting the fascistic regime of @avucic in Serbia.	5.4311166
Sun Nov 25 14:04:20 +0000 2018	"@AngelaMerkeICDU ""A Leader""? Seriously? A treacherous heathen who has just about decimated Deutschland? Then on top of that you mention ""the EU’s borderless Schengen zone"" ... BORDER-LESS? ""NWO much?"""	5.1108475
Thu Nov 08 11:38:31 +0000 2018	@theresa_may is making a very serious and dangerous decision for the UK. @AngelaMerkeICDU will make a deal that bankrupts the UK and will protect Germany. Chuck Chequers and Chuck Merkel otherwise we chuck @theresa_may	4.9292717
Sat Nov 24 23:31:38 +0000 2018	@AngelaMerkeICDU Angela Merkel is a Just like Adolf Hitler except, instead of forcing an ethnic minority OUT of Germany, she is FORCING an ethnic minority INTO Germany. Just like a Nazi but a lil different.	4.384537
Tue Dec 04 21:57:48 +0000 2018	@AngelaMerkeICDU @Europarl_EN  How can you be so blind? The leader of ku klux klan congratulates VOX	4.3277497
Thu Nov 22 15:16:59 +0000 2018	@realDonaldTrump @POTUS @JustinTrudeau @EmmanuelMacron @theresa_may @AngelaMerkeICDU The PrinceMBS killed an honest journalist and you did nothing!😕 Now he is asking to his men to torture and rape the innocent women who are trying to free themself!😕 Do you sleep well?🤔😕	4.278072
Mon Nov 26 22:36:10 +0000 2018	So much carbon footprint for nothing. Shame on you @AngelaMerkeICDU &amp; @EmmanuelMacron  #Trump shouldn't be appeased, he should be punished for his crimes against humanity! You are voted to work for us, not for the corporations destroying of our only home! #ClimateChange #climate	3.9435778
Sun Nov 11 01:34:41 +0000 2018	@AngelaMerkeICDU I'm sorry I don't speak or write German.  Just wanted to thank you for being the lovely person you are &amp; know that all of us in the U.S. do not support the actions of Donald Trump.	3.8669462
Mon Dec 10 16:24:37 +0000 2018	@10DowningStreet Theresa May, like @EmmanuelMacron and @AngelaMerkeICDU are N.W.O. Elitists who are going against their own Citizens for multicultural ideals and catering to Muslims!  The people are waking up!!!	3.7512636
Sat Nov 24 11:46:59 +0000 2018	@AngelaMerkeICDU Americans believe in sovereignty. We aren't interested in socialism where some unelected morons tell us how we should live. Just look at what you've done to Germany with your open borders stupidity. Now you have thousands that will never assimilate.  @jonnyray45	3.6790977
Tue Dec 11 13:15:42 +0000 2018	@AngelaMerkeICDU You should go apologise to all the victims and left-behinds of your policies. You have the blood of your own citizens on your hands. Do the right thing. #apologise	3.6624455
Wed Nov 28 14:26:06 +0000 2018	@AngelaMerkeICDU Why don`t you tell the world that you are a SELFISH LESBIAN who TRASHED with intention both US and England to make your own country bigger and richer!? The most powerful woman is a GERMAN HYPOCRITE!!!	3.3821692
Fri Nov 23 14:49:29 +0000 2018	Dear @JustinTrudeau @EmmanuelMacron @AngelaMerkeICDU @theresa_may -- are you going to shake the hand of the person responsible for this at the G20 summit? He is known as MBS @KarenAttiah @NickKristof @sarahleah1 @rulajebreal @caroloffcbc @markmackinnon @martinchulov @KenRoth	3.3660617
Thu Nov 29 13:55:10 +0000 2018	With all respect to @AngelaMerkeICDU @EmmanuelMacron @GiuseppeConteIT @sanchezcastejon please how shall we ever communicate a United Europe to the World if you attend such G7 - G20 meetings? Really a United EU @ecfin @Eu_15409040049 should be represented by @eucopresident	3.2556636
Sat Nov 24 20:04:21 +0000 2018	@AngelaMerkeICDU You, Mrs Merkel, are an ingrate.  Every time you criticize the USA, you are not remembering who saved the world from your own country's NAZI dictator. We are still protecting you. We should remove all our troops from Europe if you and others stay ungrateful.	3.110156
Fri Nov 23 16:11:11 +0000 2018	Dear @JustinTrudeau @EmmanuelMacron @AngelaMerkeICDU @theresa_may -- are you going to shake the hand of the person responsible for this at the G20 summit? He is known as MBS @KarenAttiah @NickKristof @sarahleah1 @rulajebreal @caroloffcbc @markmackinnon @martinchulov @KenRoth https://t.co/BVwRxxkg5d	2.3990173
Fri Nov 30 10:11:34 +0000 2018	@EmmanuelMacron @eucopresident @JunckerEU @MalmstromEU @AngelaMerkeICDU @MinPres @GiuseppeConteIT @sanchezcastejon @sebastiankurz @PremierRP_en @BelgiumMFA @mercosur @francediplo ETR is calling @EmmanuelMacron go not go down the Agro Populism reflex. Are you liberal @guyverhofstadt or Social Democrat @MarosSefcovic? If you can not reform @realDonaldTrump populism will not help you. if you let such reflexes dominate you - you can never allow @Trade_EU https://t.co/N0pfLhs143	1.8840315
