created_at	text	_score
Fri Nov 09 12:41:08 +0000 2018	@realDonaldTrump @ElizabethUKRPG @AngelaMerkeICDU @TheEllenShow Why not invite this incredibly brave woman onto yr show? IF SHE'S ALLOWED TO TRAVEL! @Oprah @NTN24ve @theresa_may @USATODAY @USAenEspanol @UNWomenWatch YOU SHOULD BE SUPPORTING THIS BRAVE WOMAN @HouseofCommons	95.143524
Tue Dec 04 03:56:54 +0000 2018	"@AngelaMerkeICDU  if she's not stupid (her Immigrant ""dumping"",changed Germany's culture &amp;No Free Zone is started to growth from one State to another) OR She must be working for""Someone"" who would like to see Our World: One Government, No Border/Open Border, International access!"	90.75531
Thu Nov 08 12:56:20 +0000 2018	@realDonaldTrump @AngelaMerkeICDU HAVE YOU EVER HEARD OF THIS BRAVE WOMAN? WHY AREN'T YOU SUPPORTING HER INSTEAD OF YR JOB JUGGLING. @theresa_may @melindagates @ElizabethUKRPG @TheEllenShow @UNWomenWatch @sherylsandberg @melindagates @BBCBreaking	84.13047
Sun Dec 09 08:06:17 +0000 2018	@realDonaldTrump @EmmanuelMacron @AngelaMerkeICDU WHERE IS DEMOCRACY? WHERE IS FREEDOM? WHERE IS HUMAN RİGHTS? YOU ARE TWO-FACED.	75.87353
Wed Dec 12 09:04:53 +0000 2018	@AngelaMerkeICDU when will you start handling CO2 car emission? In #berlin my 20 min bike ride to work ‘catching some fresh air’ didnt rewlly go well! #toomuchcars #co2 #criticalairquality #bancars https://t.co/yCsGAIb9vp	71.647156
Mon Dec 03 17:53:44 +0000 2018	@AngelaMerkeICDU @ElmarBrok_MEP Germany: Muslim child stabs 8-year-old girl, last in her class who speaks German at home, teacher covers up incident https://t.co/VkOjAk0m8n via @jihadwatchRS	66.36387
Sat Dec 01 16:38:13 +0000 2018	@AngelaMerkeICDU War is wrong, but the time was, in future, I Hope there is Planet without wrong violence against nature, plants, animals and human. In God the died are. Death is an Option, life forever on this Planet possible.	66.175095
Wed Nov 07 09:55:37 +0000 2018	@realDonaldTrump @10DowningStreet @EmmanuelMacron @AngelaMerkeICDU @PMOIndia Exempting India from sanctions for developing Chabahar port in Iran will give strategic importance to reconstruct war torn Afghanistan. Its a wise decision. Now NATO will get 2nd access route to Afgan. https://t.co/Dp4uBdUR3Z	63.894913
Thu Nov 22 03:12:05 +0000 2018	@realDonaldTrump getting shown up by a bad ass woman, @AngelaMerkeICDU.	49.741714
Sat Dec 08 06:32:56 +0000 2018	@AngelaMerkeICDU Dear Angela Thank you for all you did for Germany and Europe. History will keep you as a great and courageous woman. It is time for you to enjoy life 🇩🇪🇫🇷	45.323296
Wed Nov 28 14:26:06 +0000 2018	@AngelaMerkeICDU Why don`t you tell the world that you are a SELFISH LESBIAN who TRASHED with intention both US and England to make your own country bigger and richer!? The most powerful woman is a GERMAN HYPOCRITE!!!	45.20879
Thu Nov 08 17:17:46 +0000 2018	@eucopresident @donaldtusk @EU_Commission @Europarl_EN @EUCouncil @coe @AngelaMerkeICDU Bona tarda... Every man can improve his life by improving his attitude. Héctor Tassinari https://t.co/ivVKg03Q5d	44.779152
Fri Dec 07 18:11:34 +0000 2018	@AngelaMerkeICDU Thank you, you make women who value integrity proud. 😊	43.547066
Sun Dec 02 07:02:36 +0000 2018	@AngelaMerkeICDU I admire you. How simple and powerful a women can be!!!	41.32144
Wed Nov 21 22:02:10 +0000 2018	@AngelaMerkeICDU Merkel has no Energy and die and This is respectspalten and you Learn Now and Energy is Ottoman Word	40.812927
Mon Nov 26 15:26:39 +0000 2018	@AngelaMerkeICDU can’t wait to work together again! Kisses	40.318573
Thu Nov 22 15:16:59 +0000 2018	@realDonaldTrump @POTUS @JustinTrudeau @EmmanuelMacron @theresa_may @AngelaMerkeICDU The PrinceMBS killed an honest journalist and you did nothing!😕 Now he is asking to his men to torture and rape the innocent women who are trying to free themself!😕 Do you sleep well?🤔😕	35.997353
Sun Nov 25 14:10:39 +0000 2018	@angelamerkeicdu  Ur Majesty I founded Sun Religion Trust related World religion as Mother Earth Holy Book Humanism by Indian Govt on 8.9.2014, you are welcome, let us work together to Save Mother Earth who protect our life, (https://t.co/npbYnG2OcC)	35.28339
Sat Dec 01 23:11:14 +0000 2018	@realDonaldTrump @EmanuelMacrone @10DowningStreet @AngelaMerkeICDU Western leaders must make a strong statement at G20 to Condemn Putin’s aggression agt Ukraine.West must stand united &amp; warn Putin.	34.76708
Wed Nov 21 22:04:51 +0000 2018	@AngelaMerkeICDU Ugly Merkel Nobody Loves even not Özil and Even not erdogan and no russian Women they Love and but they did tövbe Now	33.186234
Fri Dec 07 11:06:22 +0000 2018	@AngelaMerkeICDU  Christian Democrats vote on Friday... The Romans rolled the Stone this way &amp; The Romans rolled the Stone that way. ~ I wasn't raised a sheep to be fleeced &amp; I wasn't raised a fish to be reeled in. The Roman Governor Pontius Pilate ruled the court.	31.43175
Thu Nov 29 16:21:42 +0000 2018	@AngelaMerkeICDU Saying She's Not Willing To Send Military Forces Into The #KerchStrait / #SeaOfAzov Is Akin To Neville Chamberlain Telling Hitler He Would Be Allowed To Keep The Sudentenland, As Long As That Was All Of Europe That He Wanted.  #MunichBetrayal	31.346798
Mon Nov 26 22:36:10 +0000 2018	So much carbon footprint for nothing. Shame on you @AngelaMerkeICDU &amp; @EmmanuelMacron  #Trump shouldn't be appeased, he should be punished for his crimes against humanity! You are voted to work for us, not for the corporations destroying of our only home! #ClimateChange #climate	29.008263
Thu Dec 06 21:29:28 +0000 2018	@eucopresident @donaldtusk @EU_Commission @EUCouncil @coe @Europarl_EN @AngelaMerkeICDU Bona nit... Here we continue with the same misery as always but now with six days of glasses of water. Until when is this passivity towards European citizens, democracy and human rights?😦 https://t.co/g6UIRljVFJ	28.792564
Fri Nov 23 14:41:13 +0000 2018	@eucopresident @donaldtusk @EU_Commission @Europarl_EN @EUCouncil @coe @AngelaMerkeICDU Bona tarda... The heroes are born of human indifference to the suffering of others. (Nicholas Welles) https://t.co/SzWvL3ZIcR	26.147223
Sun Nov 25 14:31:42 +0000 2018	@AngelaMerkeICDU 👈AGAIN, THE GERMANS AT THE HEIGHT OF STUPIDITY.. When will they learn...Oh, maybe it's over for them this time... Bye bye Europe!	25.132748
Thu Nov 08 11:23:51 +0000 2018	@AngelaMerkeICDU speaks at #EPPHelsinki #Up2EU. European Trade Union Confederation @etuc_ces present during both Congress days. https://t.co/T40rfEsE7e	25.079578
Sun Dec 02 03:22:36 +0000 2018	@AngelaMerkeICDU is attempting to make it illegal to criticize the German government which she leads.  You know who else did that? The German Nazis under Adolf Hitler.  Good leaders blow off criticism and hate and move forward. Weak leaders do what Merkel wants to do.	24.664696
Thu Nov 08 11:38:31 +0000 2018	@theresa_may is making a very serious and dangerous decision for the UK. @AngelaMerkeICDU will make a deal that bankrupts the UK and will protect Germany. Chuck Chequers and Chuck Merkel otherwise we chuck @theresa_may	24.033136
Thu Nov 22 20:24:27 +0000 2018	@AngelaMerkeICDU Give up sovereignty to the EU. Great idea! Perhaps you might like to start with Poland? Wait a minute, I seem to remember that did not go too well the last time you tried it.	24.021837
Thu Nov 22 18:04:02 +0000 2018	@realDonaldTrump @theresa_may @AngelaMerkeICDU  another HATE CRIME against white old defenseless people...and YOU just dont care....	22.71395
Fri Nov 23 20:55:15 +0000 2018	@AngelaMerkeICDU @EmmanuelMacron @ccwhip @HillaryClinton Chris, The international public did not receive satisfaction from putting hundreds of New York, London and Scottish bankers in Jail for the 2009 recession. Looking for a job for 2 plus years makes people less willing to	22.322653
Sat Nov 24 22:20:15 +0000 2018	@AngelaMerkeICDU If you need lessons from a successful leader who is direct, patriotic, successful, correct, and strong, suggest you watch Sebastian Kurz of Austria. The young man has more direction than most world leaders and more intelligence. Migrants are a cancer, a disease.	21.770926
Wed Nov 07 00:58:22 +0000 2018	@AngelaMerkeICDU  In  Kiev, Angela Merkel has promised 500 millions euros again,  after the 13 billions they've got !!!  And she's still repeating the Trump Sanctions decision like a little doggy !   So  next elections  AFD  will throw her our for 100%  ! ! ! ! ! ! ! !	21.444805
Mon Nov 26 18:41:21 +0000 2018	@JustinTrudeau @theresa_may @AngelaMerkeICDU @UN @KensingtonRoyal @EPN @Pontifex @BillGates @EmmanuelMacron being strong isn’t nearly as important as being brave. Stand up to the #GOP policies to terrorize children. Photo: AP https://t.co/9Z1XMD4fEt	20.66637
Thu Nov 29 16:57:05 +0000 2018	ETR is calling the @GermanyDiplo @AngelaMerkeICDU to chair the ESM @ESM_Press permanently &amp; go to G20 in this position for EU not as PM of Germany. France securing EU, Germany paying EU. Well not only but at least there is EU wide office &amp; representativity &amp; responsibility for EU	19.761883
Fri Nov 23 18:46:51 +0000 2018	@realDonaldTrump @theresa_may @Queen_Europe @AngelaMerkeICDU  YOU FAILED the Middle East..Will you FAIL the WHITE South Africans?	19.717138
Sun Dec 02 14:54:22 +0000 2018	@AngelaMerkeICDU is unbelievable. Is she a new #Hitler, dividing Europe again? Russia will have free hand in Ukraine as long as Germany has #EUempire.	19.568594
Wed Nov 21 22:02:56 +0000 2018	@AngelaMerkeICDU And France get no Oil they get More bomb This time you Learn no	18.30241
Sat Dec 01 08:34:27 +0000 2018	@AngelaMerkeICDU @potus @eu  Looks life Adolph's Emasculating Mother is on her way out.  Couldn't be soon enough! Tens of thousands in Britain in the streets expressing love for Trump &amp; the movement against globalism. Didn't make MSM @GOP @TuckerCarlson	18.123442
Fri Dec 07 17:08:22 +0000 2018	@AngelaMerkeICDU is taking on a new job a ventriloquist. Her puppets name is @_A_K_K #TWGRP #AmericaFirst #KeepAmericaGreat #PromisesMadePromisesKept #Trump2020 #TrumpWorldGroups	17.85929
Mon Dec 03 12:06:51 +0000 2018	@EmmanuelMacron ''s and @AngelaMerkeICDU @AngelaMerkelMES	17.741339
Sat Dec 01 20:58:10 +0000 2018	"@realDonaldTrump´s harebrained Oximoron :""clean carbon, clean fossile energy..."" @AngelaMerkeICDU's facial expression says it all. https://t.co/Jl6XNaAWoc"	17.485708
Sat Nov 24 14:11:18 +0000 2018	@AngelaMerkeICDU Your words are as cheap as your patriotic contribution to the UN. PAY YOUR SHARE. That’s right, put you money where your loud mouth is.	16.824408
Fri Nov 30 23:22:53 +0000 2018	@LochnerWalter @Zebop @laurasessions10 This is @HillaryClinton @NicolaSturgeon @AngelaMerkeICDU ‘s G20 Song! Because none of these honest World Leaders were on the Photo! I rest my case, M’LUD 🗽🌏👩👩👩✔️✔️✔️🙏https://t.co/KmhmgvUspP via @YouTube	15.724051
Fri Nov 30 22:25:05 +0000 2018	@AngelaMerkeICDU In my message below, I would like to introduce my brothers to make sure they really deserve your support!  ''Who they are?''  https://t.co/mytAbHgBN4  Wikipedia: https://t.co/zjXIKHdsml  Youtube channel: https://t.co/ItXXIQImMq	15.407879
Sun Dec 09 07:43:48 +0000 2018	@realDonaldTrump @FoxNews @cnni @AngelaMerkeICDU Send these greedy cheating nations Invoices for the past 50 yrs &amp; give them 60 days to pay before % kicks in.	14.96805
Thu Nov 08 11:22:58 +0000 2018	@AngelaMerkeICDU strong speech on european values and the need to defend them now.  The history should teach us what happens with #nationalisme #populism #extremism #1stworldwar #2ndworldwar #EPPCongress #UP2EU https://t.co/INL6wVv16g	14.963972
Sat Nov 24 08:28:35 +0000 2018	@AngelaMerkeICDU  Hi, Ms Merkel, Feudalism is soooo passe... So are gulags and kolchozes... To impress, come up with something innovative. And hand over your power...  Merkel: EU Nations Must Prepare to Hand Sovereignty over to Brussels https://t.co/PWINMdw33r via @BreitbartNews	13.753073
Wed Nov 28 18:07:41 +0000 2018	@AngelaMerkeICDU Stop the Nord Stream 2, because of Russian aggression, or is their gas so important?	13.417347
Wed Nov 21 22:05:38 +0000 2018	@AngelaMerkeICDU And Allah Do Aufheben Brüssel and you want Pheromone Food For Us and you Have Apostasie and God came and it came from Merkel and Theresa may and God Lynch	12.793555
Tue Dec 11 15:47:20 +0000 2018	@AngelaMerkeICDU: You are destroying both Germany and Europe. Le Pen is far better for Europe than you globalists.  Merkel Hails UN Migration Pact Le Pen Says Would ‘Forever Change’ France - https://t.co/Suz4IY3IAq	12.561189
Tue Dec 11 13:15:42 +0000 2018	@AngelaMerkeICDU You should go apologise to all the victims and left-behinds of your policies. You have the blood of your own citizens on your hands. Do the right thing. #apologise	12.259655
Sat Dec 08 15:26:53 +0000 2018	"@AngelaMerkeICDU has destroyed all of Western Europe, &amp; she's lecturing Trump on destroying ""The New World Order."" Like her buddy @EmanuelMacrone, she's out of touch with the awful reality she's created, so she has to blame someone else. Like all globalists, it's always Trump."	11.529995
Sun Nov 25 21:49:38 +0000 2018	@eucopresident @donaldtusk @EU_Commission @Europarl_EN @EUCouncil @coe @AngelaMerkeICDU Bona nit... Compliance is the jailer of freedom and the enemy of growth - John F. Kennedy https://t.co/xSFfJ2eyS0	9.842307
Thu Nov 29 13:41:59 +0000 2018	@AngelaMerkeICDU Lady Hitler we don't care what you think or want. Stop manipulating the media to hide the crap illegal immigrants do throughout Germany. Beheading infants, and you want to conceal this. Why are you so mental? Germany is never going to rule the world.	9.660918
Sun Dec 09 23:03:20 +0000 2018	@EmmanuelMacron @theresa_may @V_of_Europe @AngelaMerkeICDU Hah - wait until Canadians start shouting it.  @RalphGoodale @realDonaldTrump @MichelleRempel @MaximeBernier @SenatorHousakos	9.360602
Sat Nov 24 18:48:40 +0000 2018	@AngelaMerkeICDU  Hello my name Rajhid please let me in they kill me syria	9.158818
Sat Nov 24 11:40:26 +0000 2018	@AngelaMerkeICDU We'll Never give up our USA sovereignty. @foxandfriends @CNN @DNC @gop @SebGorka Nationalist Patriots fought for that right. Reitre Angela. Thanks	8.384387
Thu Nov 22 13:35:57 +0000 2018	@AngelaMerkeICDU Well done Angela. It seems your background checks dont seem to do a lot. What next? A deranged idiot with a chemical weapon in a enclosed poulated space. I hope not.	8.380166
Sat Nov 10 21:54:02 +0000 2018	@EmmanuelMacron  @AngelaMerkeICDU  @JustinTrudeau  @EUCouncilPress  @EUCouncil  @UKParliament  @BBCBreaking  When you guys and ladies Are done taking care of World duties..... Would you shove a note Abt this under his door?✉ Be careful of piss😏	7.859727
Sun Nov 25 15:39:53 +0000 2018	@AngelaMerkeICDU @angelamerk has made it very clear that her beliefs originate from her #Communist upbringing. #Deutschland it's time to rid yourselves of the cancer and take back your culture.	7.7851515
Thu Nov 29 13:55:10 +0000 2018	With all respect to @AngelaMerkeICDU @EmmanuelMacron @GiuseppeConteIT @sanchezcastejon please how shall we ever communicate a United Europe to the World if you attend such G7 - G20 meetings? Really a United EU @ecfin @Eu_15409040049 should be represented by @eucopresident	7.7066145
Fri Nov 23 14:40:33 +0000 2018	@AngelaMerkeICDU  Why don't you impose travel bans on the Israelis Criminals Pirates who massacre and kills civilians since 70 years, So your justice becomes a real justice not a fake one....	7.629629
Thu Nov 22 18:12:09 +0000 2018	@eucopresident Please @eucopresident, @AngelaMerkeICDU, @EmmanuelMacron, #EU27, announce that you’ll agree this deal only if it is subject to the scrutiny of a second #referendum.  We in the UK are still European citizens and most are feeling robbed of our identity. @peoplesvote_uk #NotBuyingIt	7.3513865
Fri Nov 23 22:37:42 +0000 2018	@EmmanuelMacron  , @AngelaMerkeICDU , @theresa_may , and all other non corrupt PM and President should boycott any deal with Saudi regime until Jamal Khashoggi's case is closed to their satisfaction and changes in the Saudi dictatorship have been fulfilled. (@WhiteHouse ) https://t.co/XGhoNY0EVi	7.208981
Sun Dec 02 14:38:47 +0000 2018	@SecPompeo @EmmanuelMacron @JustinTrudeau @AngelaMerkeICDU  #45 canceled his meeting with Putin. Putin summoned #45 to a meeting. Tail between his legs, #45 meets with Putin. Putting the US and the world at risk. https://t.co/s7BMznr0iS	7.1862497
Mon Dec 03 01:29:43 +0000 2018	@AngelaMerkeICDU, thanks for your visit to my country. I’m an Argentine citizen who feels proud of his presence. You are always welcome. I hope you enjoyed your stay. @mauriciomacri thank you for the effort to make a better country every day. Kind regards. Marcelo.	7.174938
Sat Nov 24 20:04:21 +0000 2018	@AngelaMerkeICDU You, Mrs Merkel, are an ingrate.  Every time you criticize the USA, you are not remembering who saved the world from your own country's NAZI dictator. We are still protecting you. We should remove all our troops from Europe if you and others stay ungrateful.	7.0557666
Tue Nov 27 12:26:20 +0000 2018	"@eucopresident @donaldtusk @EU_Commission @Europarl_EN @EUCouncil @coe @AngelaMerkeICDU Bon dia... Morale is often the passport of slander. For statesmen there is a small moral and a big moral. ""  - Napoleon I Bonaparte https://t.co/NqzkD1iZDZ"	6.897935
Sat Dec 01 13:01:17 +0000 2018	@AngelaMerkeICDU  Europe must help us! Free Catalonia!🎗🌻💛 https://t.co/bIa26fv4RB	6.8329153
Thu Nov 29 19:57:32 +0000 2018	.@JustinTrudeau , @EmmanuelMacron , .@AngelaMerkeICDU , please be careful with Trump at the G20. Our news in America is aflame with this new info on Truml and Putin. Please protect the your and other countries from Trump's false promises and hidden agenda.	6.7260494
Wed Nov 28 23:20:45 +0000 2018	@AngelaMerkeICDU You are not strong enough, sorry.	6.5801497
Sat Nov 10 18:49:51 +0000 2018	@AngelaMerkeICDU Thank you Angela and Emmanuel for attending. Our hearts and thoughts are with you as you commemorate such an important event in history.  It is paramount for Americans to remember our past, for one day it may repeat itself.  -A citizen of the United States	6.4750357
Tue Dec 04 23:41:58 +0000 2018	@EmmanuelMacron @Europarl_EN @AngelaMerkeICDU @potus The people in the streets r going to bend u over, Em, let Mommy run the country-better yet, let the people decide. Europe will burn be4 you cats take over and treat us all like slaves. Angela can't help, nor those EU twots.	6.1858625
Fri Nov 23 16:11:11 +0000 2018	Dear @JustinTrudeau @EmmanuelMacron @AngelaMerkeICDU @theresa_may -- are you going to shake the hand of the person responsible for this at the G20 summit? He is known as MBS @KarenAttiah @NickKristof @sarahleah1 @rulajebreal @caroloffcbc @markmackinnon @martinchulov @KenRoth https://t.co/BVwRxxkg5d	6.1783814
Fri Nov 30 19:16:51 +0000 2018	@MiddleEastMnt I do like @AngelaMerkeICDU. She has far more integrity than many of the presidents going to the G20...at least far MORE than @realDonaldTrump and @PORUS_PUTIN	6.1356044
Sat Nov 24 22:09:48 +0000 2018	"@AngelaMerkeICDU You said ""people who think they can solve problems on their own represent ""nationalism in its purest form, not patriotism"". Webster says ""nationalism is patriotic feeling, principles or efforts"". I am a nationalist, a patriot, so is President Trump. Read more!"	5.9802303
Sun Dec 09 22:25:18 +0000 2018	@eucopresident @AngelaMerkeICDU For you kind info when u are to support his autocratic and dictatorial regime.	5.888954
Thu Nov 22 03:28:33 +0000 2018	@AngelaMerkeICDU I’m an atheist who believes no one should be harassed or sentenced to death b/c of his or her religious believes or non religious believes. Asia Bibi hutzpuh is truly 🇺🇸 and @RandPaul  bring Asia to 🇺🇸	5.8277664
Mon Dec 10 16:24:37 +0000 2018	@10DowningStreet Theresa May, like @EmmanuelMacron and @AngelaMerkeICDU are N.W.O. Elitists who are going against their own Citizens for multicultural ideals and catering to Muslims!  The people are waking up!!!	5.806789
Sat Nov 24 04:32:18 +0000 2018	@EmmanuelMacron @AngelaMerkeICDU @GermanyDiplo @10DowningStreet @Europarl_EN @EUCouncil @HouseofCommons @UN @ReutersWorld @TorontoStar @dwnews @washingtonpost @nytimes @guardian @thetimes @globalnews @globaltimesnews  DON'T MAKE ANOTHER CHINA OUT OF SAUDI ARABIA &amp; blame politics!	5.6494703
Sat Nov 10 16:15:48 +0000 2018	@EmmanuelMacron &amp; @AngelaMerkeICDU were able to honor those who died in WWII, but the weather was too chilly for @realDonaldTrump to attend💩 Once again #CadetBoneSpurs shows how little he is willing to do for Veterans who died for HIS freedom as well as ours. PATHETIC @POTUS.	5.5252047
Fri Dec 07 08:22:34 +0000 2018	@eucopresident @donaldtusk @EU_Commission @EUCouncil @coe @Europarl_EN @AngelaMerkeICDU Bon dia... and if we help them a little bit please? https://t.co/ub689JKD6N	5.4271264
Fri Dec 07 04:07:59 +0000 2018	@AngelaMerkeICDU wishing you and your family a Merry Christmas every year millions of innocent cats are tortured and eaten by many Asian countries cats are unimaginably treated for consumption they are beloved domestic now betrayed please let them live	5.4051957
Sun Dec 09 18:11:14 +0000 2018	@realDonaldTrump WILL destroy the #NWO  &amp; you won't be able to stop him @AngelaMerkeICDU	5.3110557
Sat Nov 24 12:32:30 +0000 2018	@AngelaMerkeICDU #Nationalism Was America saving the world from German Nazis. You have a lot of gall and a short memory. Without us you're speaking Russian today. We're tired of protecting Europe and getting screwed in the process. @jonnyray45	5.302886
Fri Nov 23 18:59:30 +0000 2018	"@AngelaMerkeICDU and @EmmanuelMacron    want to take away our freedom again ''national countries must be ready today to give up their sovereignty"""	5.283028
Tue Nov 27 15:50:29 +0000 2018	@AngelaMerkeICDU @JunckerEU Come on!! Corruption will be banned urgently and europarliamentaris fired!! 😦😦😦 Which Europe do you want to defend?	5.186414
Sun Nov 25 14:04:20 +0000 2018	"@AngelaMerkeICDU ""A Leader""? Seriously? A treacherous heathen who has just about decimated Deutschland? Then on top of that you mention ""the EU’s borderless Schengen zone"" ... BORDER-LESS? ""NWO much?"""	5.1108475
Wed Dec 05 18:54:58 +0000 2018	@AngelaMerkeICDU supports Nazi agendas, Now we know where Merkel got her radical socialist ideaology. German and French leadership leading to 4th Riech. https://t.co/FcV4AUSjId	5.102989
Sun Dec 09 16:54:09 +0000 2018	@KremlinRussia_E Putin is behind #BREXIT, @realDonaldTrump , The riots in France and @AngelaMerkeICDU's problems in Germany. He has mastered the art of false proaganda to manipulate the masses irrationally to overreact in democracies. He must be stoppeed1	5.056373
Sat Nov 24 15:05:28 +0000 2018	@AngelaMerkeICDU come try and take my sovereignty! Tried it twice. Failed. How about you worry about you’re own as you let invaders in? https://t.co/8ZCHaWbxIh	4.950435
Fri Dec 07 20:57:51 +0000 2018	@AngelaMerkeICDU what Hitler couldn't  do, Trump is doing. But with program. 1st Arab spring, 2nd spain, 3rd france may be 4th to be germany. Uk  kept in safe side, europian Union in pathway of collapse. USA The leader, the land lord or the king.	4.6294613
Mon Dec 10 18:11:17 +0000 2018	@AngelaMerkeICDU Hello from the Czech Republic. Please why there are in CZ and other east EU countries stolen billions of EUR of EU funds each year? Why you keep to send these funds knowing mafias in these states will steal it. Thanks for your reply, good day	4.5337687
Sat Nov 10 17:49:17 +0000 2018	@AngelaMerkeICDU .@EmmanuelMacron .@JustinTrudeau ALL WENT! These leaders displayed real honor &amp; grace!  .@realDonaldTrump .@FLOTUS #bebest #civility .@GOP THE TRUMP showed utter disrespect towards the fallen of WWI! .@AmericanLegion .@votevets  #WWI100	4.4241734
Mon Dec 03 20:50:23 +0000 2018	@eucopresident @donaldtusk @EU_Commission @EUCouncil @Europarl_EN @coe @AngelaMerkeICDU Maybe 4 good people on hunger strike are not enough, maybe we decide that a few thousand can do it too. But you do not stop watching the movie and keep eating popcorn https://t.co/Cf7TDLyqEV	4.242353
Tue Dec 11 18:07:19 +0000 2018	@AngelaMerkeICDU Made in Slovenia : https://t.co/U3UedZeknm	4.0749617
Fri Nov 30 10:11:34 +0000 2018	@EmmanuelMacron @eucopresident @JunckerEU @MalmstromEU @AngelaMerkeICDU @MinPres @GiuseppeConteIT @sanchezcastejon @sebastiankurz @PremierRP_en @BelgiumMFA @mercosur @francediplo ETR is calling @EmmanuelMacron go not go down the Agro Populism reflex. Are you liberal @guyverhofstadt or Social Democrat @MarosSefcovic? If you can not reform @realDonaldTrump populism will not help you. if you let such reflexes dominate you - you can never allow @Trade_EU https://t.co/N0pfLhs143	3.8383284
Sat Nov 24 11:46:59 +0000 2018	@AngelaMerkeICDU Americans believe in sovereignty. We aren't interested in socialism where some unelected morons tell us how we should live. Just look at what you've done to Germany with your open borders stupidity. Now you have thousands that will never assimilate.  @jonnyray45	3.6790977
Wed Nov 07 09:11:52 +0000 2018	@AngelaMerkeICDU talk with him ..	3.6473365
Mon Nov 26 03:23:37 +0000 2018	@JustinTrudeau @PMOIndia @AngelaMerkeICDU @IsraeliPM @JPN_PMO @CanadianPm @EmmanuelMacron @UN @NATO World!,🌎 Please help us! I’m sure I got names wrong, &amp;many unknown, but please! We are in severe danger and it may spread to all.	3.6167676
Sat Nov 10 00:04:10 +0000 2018	@AngelaMerkeICDU is responsible for turning Germany and her people over to Sharia AntiSemites	3.5486422
Sat Nov 10 20:47:33 +0000 2018	@AngelaMerkeICDU @EmmanuelMacron True diplomats and politicians for peace   #ww1centenary  @EUparliament  🕊️🇪🇺🌍	3.5486422
Mon Nov 26 13:21:47 +0000 2018	@AngelaMerkeICDU  They are 😂🤣🤣😂😄🤣 at you and Germany.	3.5486422
Sun Dec 02 15:48:27 +0000 2018	@AngelaMerkeICDU we despise him, too.	3.5282667
Mon Nov 26 08:38:11 +0000 2018	@AngelaMerkeICDU I am British and I’m sad about Brexit. Thank you for being authentic. #sadaboutbrexit	3.3739696
Sun Nov 25 20:52:41 +0000 2018	@AngelaMerkeICDU YES and you are one of the corruptist! You single handily have destroyed #Europe with #Islam #Fool	3.141986
Mon Nov 26 08:45:23 +0000 2018	@AngelaMerkeICDU I’m British and I’m very sad about Brexit. Thank you for being authentic #sadaboutbrexit #brexit #AngelaMERKEL #teresamay	3.141986
Sun Nov 25 20:38:40 +0000 2018	@realDonaldTrump @palinpal1 Talk 2 @AngelaMerkeICDU &amp; @Plaid_Macron stead of hobnobbing with them @POTUS	2.65091
Sat Nov 10 22:26:06 +0000 2018	@EmmanuelMacron @JustinTrudeau @AngelaMerkeICDU  Please know that the American people stand with YOU in that rain today, in remembrance to the fallen heroes of WW1 in France, and that the absent shameful @realDonaldTrump is but a stain in and on the U.S.	2.447029
Wed Nov 28 17:09:51 +0000 2018	@AngelaMerkeICDU @usbotschaft  WTH is wrong with Germany?? Allowing Islamic Radical Extremists in your country now polluting your schools with their Extremist views &amp; violence on your German Citizens!!  This is the Germany I lived in &amp; where my daughter was born! So SAD!!	2.326572
Fri Nov 09 14:40:46 +0000 2018	@eucopresident @donaldtusk @EU_Commission @Europarl_EN @EUCouncil @coe @AngelaMerkeICDU Bona tarda... Hope is not the same as optimism. It is not the conviction that something will turn out well,but the certainty that something makes sense, regardless of how it turns out.Vaclav H https://t.co/nh5R81vrve	2.3188443
Sun Nov 25 10:42:00 +0000 2018	@AngelaMerkeICDU AN INDO-US NUCLEAR SCIENTIST IS ROTTING IN MENTAL ASYLUM OF USA.PLS RESCUE HIM.MOTHER PRAY U PLS HELP HIM IN DEPORTATION https://t.co/fwviNSq4ld	2.2533815
Sat Nov 10 21:28:45 +0000 2018	@EmmanuelMacron  @francediplo_EN  @AngelaMerkeICDU  @GermanyDiplo  @BBCBreaking  @EUCouncilPress  @EUCouncilTVNews  @UKParliament  @Russia  Dotard is Putins Toy Do not forget that And waterproof covers  For all mattresses!!!!🤣	2.1258042
Thu Nov 08 20:52:07 +0000 2018	@AngelaMerkeICDU lifting sanctions from Eritrean president Isaias afewerki amounts to putting a gun to Eritrean people head and pulling the trigger. Sanctions must stay until the mad dictator of Eritrea is gone.	1.9268303
Sat Dec 01 13:00:07 +0000 2018	@eucopresident @donaldtusk @EU_Commission @EUCouncil @Europarl_EN @coe @AngelaMerkeICDU Bon dia... Mine with you is an act of faith greater than believing in God. And look what I try☹☹☹ https://t.co/GegkcEWEu3	1.9045472
Sat Nov 10 21:13:52 +0000 2018	@EmmanuelMacron @TheReal_McCall Vous me manquez @AngelaMerkeICDU sorry I can’t say that in German. I have utter faith in you &amp; I’m so sad you are leaving the political arena x	1.903748
Tue Dec 11 02:32:59 +0000 2018	@JAntonioBarRios @UN @POTUS @lopezobrador_ @VladimirPutin1_ @AngelaMerkeICDU @UNHumanRights All G20 countries should boycott Indonesia unless immigration criminals are punished, until I get my freedom &amp; until they return my UK ID	1.903748
Tue Nov 27 21:54:31 +0000 2018	@eucopresident @donaldtusk @EU_Commission @Europarl_EN @EUCouncil @coe @AngelaMerkeICDU Bona nit... We continue with the same misery but the indignation and the shame of others are increasing. Sleep quietly if you can, I can not. https://t.co/fJXdjahfja	1.8406868
Sat Dec 08 00:00:07 +0000 2018	@JustinTrudeau @CBCNews @TorontoStar @EmmanuelMacron @EPN @BBCWorld @AngelaMerkeICDU @theresa_may @DerSPIEGEL @lemondefr Dear Allies - plz bear with us as we continue to defend our country from this madman/criminal. Thank u for your patience. Respect and peace...your friends USA	1.8004403
Sun Nov 25 22:56:00 +0000 2018	@AngelaMerkeICDU  called Brexit a tragedy. It really is. @eucopresident @JunckerEU @MichelBarnier clearly took no pleasure from today , respectfully and professionally making it clear that they wish Brexit wasn’t happening. When will Brexiters realise they are the problem. Not EU	1.78097
Sun Nov 11 01:34:41 +0000 2018	@AngelaMerkeICDU I'm sorry I don't speak or write German.  Just wanted to thank you for being the lovely person you are &amp; know that all of us in the U.S. do not support the actions of Donald Trump.	1.737247
Sun Nov 25 08:02:39 +0000 2018	@realDonaldTrump @10DowningStreet @AngelaMerkeICDU  @CanadianPM @dfat  In the 1970s, you imposed sanctions that paralysed the Rhodesian tyranny. Today Zim has a tyranny worse than Ian Smith &amp; Mugabe combined, I call upon you to impose severe TARGETED sanctions on Zim GVT Elites	1.7000749
Sun Dec 09 08:40:53 +0000 2018	@eucopresident @donaldtusk @EU_Commission @EUCouncil @coe @Europarl_EN @AngelaMerkeICDU Bon dia...You have political prisoners in Spain and on hunger strike because the judges leave the paperwork in the drawer so they can not go to European justice. In case you have not yet heard https://t.co/3q9EISFmDH	1.6556387
Sun Dec 09 17:05:15 +0000 2018	@AngelaMerkeICDU  Thanks for all the feed back we get from you about Americas POTUS, so nice to see that you finally realize how terrible NWO is &amp;  now you have to do something about your Country that you ruined believing in NWO. God Bless	1.6303072
Sat Nov 10 23:44:26 +0000 2018	@EmmanuelMacron @g1gary @theresa_may @EmmanuelMacron @theresa_may @AngelaMerkeICDU @JustinTrudeau  We in America are so sorry for the shameful callousness &amp; disrespect shown by our President today on what should have been a somber day of commemoration. We look forward to having a leader worthy of such honor in 2020.	1.5975277
Fri Nov 30 10:16:17 +0000 2018	@EmmanuelMacron @eucopresident @JunckerEU @MalmstromEU @AngelaMerkeICDU @MinPres @GiuseppeConteIT @sanchezcastejon @sebastiankurz @PremierRP_en @BelgiumMFA @mercosur @francediplo @guyverhofstadt @MarosSefcovic @realDonaldTrump @Trade_EU Dear President @EmmanuelMacron @francediplo Well it means you will never allow EU FTAs with more efficient Agro producers &amp; exports @Itamaraty_EN @narendramodi @mercosur @USTradeRep @thepmo @jairbolsonaro @poroshenko @VGroysman @ChinaEUMission French Farming Lobby vs better World https://t.co/7da3hJ1M7y	1.4786096
Sat Nov 10 14:57:45 +0000 2018	@eucopresident @donaldtusk @EU_Commission @Europarl_EN @EUCouncil @coe @AngelaMerkeICDU Bona tarda... Time is the most valuable thing a person can spend (Theophrastus) https://t.co/WjXgxJowiN	0.0
Thu Nov 08 09:18:40 +0000 2018	@AngelaMerkeICDU , do not go down in history as the second German chancellor who was an appeaser of a fascist regime. Please stop supporting the fascistic regime of @avucic in Serbia.	0.0
Sat Nov 10 21:55:33 +0000 2018	@realDonaldTrump is scum!! @AngelaMerkeICDU @EmmanuelMacron @JustinTrudeau @WhiteHouse	0.0
Sat Nov 10 17:18:54 +0000 2018	@realDonaldTrump got schlecht aussehen’d by @AngelaMerkeICDU at the WWI ceremony. Remember kids, half of life is just showing up. https://t.co/q1cZGrxliu	0.0
Sat Nov 24 09:28:55 +0000 2018	@eucopresident @donaldtusk @EU_Commission @Europarl_EN @EUCouncil @coe @AngelaMerkeICDU Bon dia... Nobody knows what he does while acting correctly, but what is wrong is always conscious. Goethe https://t.co/Dlu7HIpsky	0.0
Fri Nov 23 14:49:29 +0000 2018	Dear @JustinTrudeau @EmmanuelMacron @AngelaMerkeICDU @theresa_may -- are you going to shake the hand of the person responsible for this at the G20 summit? He is known as MBS @KarenAttiah @NickKristof @sarahleah1 @rulajebreal @caroloffcbc @markmackinnon @martinchulov @KenRoth	0.0
Sun Nov 25 06:29:50 +0000 2018	@realDonaldTrump is not the only problem @AngelaMerkeICDU	0.0
Sun Nov 25 09:15:56 +0000 2018	@eucopresident @donaldtusk @EU_Commission @Europarl_EN @EUCouncil @coe @AngelaMerkeICDU Bon dia... How foolish is the man who lets time pass sterilely (Goethe) https://t.co/jpDrk0JJ9T	0.0
Fri Nov 23 09:38:32 +0000 2018	@AngelaMerkeICDU just a short message from England 🏴󠁧󠁢󠁥󠁮󠁧󠁿   FUCK OFF !!!!	0.0
Sat Nov 24 23:31:38 +0000 2018	@AngelaMerkeICDU Angela Merkel is a Just like Adolf Hitler except, instead of forcing an ethnic minority OUT of Germany, she is FORCING an ethnic minority INTO Germany. Just like a Nazi but a lil different.	0.0
Thu Nov 22 21:31:32 +0000 2018	@eucopresident @donaldtusk @EU_Commission @Europarl_EN @EUCouncil @coe @AngelaMerkeICDU Bona nit... Honesty is the best of all lost arts. Mark Twain. (there are honest people in prison, in case you don't know) https://t.co/WyvC1ygRpd	0.0
Fri Nov 09 23:07:42 +0000 2018	@WhiteHouse Don’t be fooled. Trump doesn’t believe in freedom. He’s a racist. @AngelaMerkeICDU @EmmanuelMacron @EPN @theresa_may @JustinTrudeau @BBCBreaking @BBCWorld @PolandMFA @FRANCE24 @CSISKoreaChair @GOP @WhiteHouse @SenateGOP @HouseGOP  @DNC  @SenateMajLdr @realDonaldTrump https://t.co/Xz3k4vfMSv	0.0
Mon Nov 26 11:25:04 +0000 2018	@realDonaldTrump America is a disgrace under Donald Trump. @AngelaMerkeICDU @EmmanuelMacron @EPN @theresa_may @JustinTrudeau @BBCBreaking @BBCWorld @PolandMFA @FRANCE24 @CSISKoreaChair @GOP @WhiteHouse @SenateGOP @HouseGOP  @DNC  @SenateMajLdr  — https://t.co/icMuC4FImN	0.0
Tue Nov 27 17:46:15 +0000 2018	@AngelaMerkeICDU Thus were found the national headquarters of Òmnium yesterday morning in Barcelona. The president of this cultural association is jailed without trial for over a year. Fascists calling Democratic Nazis. https://t.co/EluwFGMBf4 …	0.0
Mon Nov 26 19:28:55 +0000 2018	@eucopresident @donaldtusk @EU_Commission @Europarl_EN @EUCouncil @coe @AngelaMerkeICDU Bona nit... Indifference is silent support in favor of injustice. (Jorge González Moore) https://t.co/MdLMy3NnQx	0.0
Fri Nov 30 22:20:50 +0000 2018	@AngelaMerkeICDU  ''Who they are?''  https://t.co/mytAbHgBN4  This is their Facebook page: https://t.co/OUTNqquf6T  Wikipedia: https://t.co/zjXIKHdsml  Youtube channel: https://t.co/ItXXIQImMq https://t.co/Zo3RfFtUGf	0.0
Thu Dec 06 06:16:08 +0000 2018	@AngelaMerkeICDU is a hero. Well Done Angela, you deserve the award. I wish more were like you.	0.0
Wed Nov 28 19:47:38 +0000 2018	@eucopresident @donaldtusk @EU_Commission @Europarl_EN @EUCouncil @coe @AngelaMerkeICDU Bona nit... I wasted time. Now time is wasting me (William Shakespeare) https://t.co/HhgMetvfE4	0.0
Thu Nov 29 20:41:23 +0000 2018	@eucopresident @donaldtusk @EU_Commission @EUCouncil @Europarl_EN @coe @AngelaMerkeICDU Bona nit... Remembering is easy for those who have a memory, forgetting is difficult for those who have a heart https://t.co/7eE6ePyRZ0	0.0
Fri Nov 30 10:56:48 +0000 2018	@realDonaldTrump America’s president Is having a meltdown! @AngelaMerkeICDU @EmmanuelMacron @EPN @theresa_may @JustinTrudeau @BBCBreaking @BBCWorld @PolandMFA @FRANCE24 @CSISKoreaChair @GOP @WhiteHouse @SenateGOP @HouseGOP  @DNC  @SenateMajLdr @GOPLeader   @RepGoodlatte @VP @replouiegohmert https://t.co/R6S4FqgyZp	0.0
Mon Dec 03 18:39:43 +0000 2018	@AngelaMerkeICDU @JunckerEU In Calatunya there are 4 LEADERS on hunger strike. What? Do we do something now? Is it time or not?	0.0
Tue Dec 04 11:24:45 +0000 2018	@realDonaldTrump @theresa_may @AngelaMerkeICDU this is the low level savages in this shit hole..	0.0
Tue Dec 04 11:47:38 +0000 2018	@POTUS @AngelaMerkeICDU @JustinTrudeau @EmmanuelMacron @theresa_may  @thepmo @VP @SecPompeo @AmbJohnBolton @OHCHRAsia Turkey is imprisoning HDP members on trumped up terror charges. Will prevent them from participating in March 2019 regional elections. Speak up for Democracy pls!	0.0
Sun Dec 02 21:21:50 +0000 2018	@AngelaMerkeICDU hi Ms. Merkel, fascist party enters in Andalusian parliament, soon in Spanish one. UK leaving UE, France under fire, Spain controlled by neonazis..... 1/	0.0
Sun Dec 02 12:49:10 +0000 2018	@AngelaMerkeICDU - how is that diversity working for you? It certainly isn't working for the German people or Europe.	0.0
Tue Dec 11 20:55:14 +0000 2018	@AngelaMerkeICDU is to blame for this, High Treason🔥🔥🔥 #GelbeWesten #YellowVests #Germany #Austria #HitlerCrimeFamily #gunman #liveshooter	0.0
Fri Dec 07 22:17:25 +0000 2018	@eucopresident @donaldtusk @EU_Commission @EUCouncil @coe @Europarl_EN @AngelaMerkeICDU Bona nit...How sad everything How difficult it is to be a Democrat😓 https://t.co/34SbBWvXFp	0.0
Sat Dec 08 15:14:24 +0000 2018	@theresa_may @EmmanuelMacron @AngelaMerkeICDU  @JunckerEU @donaldtusk question.who has seen the living Son of God  A,@DesyJTruesdale https://t.co/jhRTDJ1p9F	0.0
Tue Dec 11 15:36:35 +0000 2018	@eucopresident @10DowningStreet @AngelaMerkeICDU @markrutte @sebastiankurz @sanchezcastejon @EmmanuelMacron .https://t.co/D43cYTRmgk the decesion.Brexit agreement cannot be changed .Uk must leave from europe.For that only option n solution is Santosh bista in Nepal.	0.0
Mon Dec 10 02:41:07 +0000 2018	@AngelaMerkeICDU Extremely sorry that you are leaving politics but I’m glad that your preferred successor has won the vote to become leader of your party. The World is a lesser place without your guiding hand.	0.0
Wed Dec 12 16:06:51 +0000 2018	@realDonaldTrump @daveycrokett @EmmanuelMacron @EmmanuelMacron is Vee che' @AngelaMerkeICDU too... : (	0.0
Sun Dec 09 19:35:53 +0000 2018	@eucopresident @JunckerEU @ManfredWeber @TimmermansEU @EmmanuelMacron @AngelaMerkeICDU @guyverhofstadt Europe you had better be listening #PeoplesVote	0.0
Tue Dec 11 11:30:48 +0000 2018	@AngelaMerkeICDU  Please help I need you https://t.co/POpARCnTzG	0.0
Sat Dec 08 00:11:00 +0000 2018	@AngelaMerkeICDU is a true heroine to me. Thank you for your constant striving for the the well-being of us all.	0.0
Sat Dec 08 06:11:03 +0000 2018	@AngelaMerkeICDU Rio de Janeiro is better than Paris !!! https://t.co/WeRmHD37ZN	0.0
