created_at	text	_score
Tue Nov 27 05:56:12 +0000 2018	"@Saudiegov @tariqaljaser Peter Fredericks A Tribute To Princess Diana On Her 57th Birthday . 🙏🌹🌴💧 VA Palo Alto Health Care System EL AL France  Health Resources and Services Administration (HRSA) Raising Men Lawn Care Service Huntsville T-Systems do Brasil AD Zamora ""Op ons knieë voor Jesus"" Jesus is"	99.744125
Sun Dec 09 00:04:35 +0000 2018	@Saudiegov @McitGovSa Make an IT industry only own and run by Muslims and trained your own people and work otherwise ready to become baddu and ghulam, shame on your thinking and approach they are becoming strong and you guys let them	75.39264
Sun Dec 09 00:02:18 +0000 2018	@Saudiegov @McitGovSa Surprise to hear that saudi, govt open jobs in IT to had us shame onnthem you never deserve to be king you guys are owing back to become baddu, Allah give you blessing but you do not deserve it	67.9922
Tue Nov 27 04:44:31 +0000 2018	@Saudiegov @tariqaljaser Welcome to the Internet Peter Fredericks Diana, the one and only Queen of our hearts The Lord is my Shepherd; I will not Want. - Psalm23: 1 The Good Shepherd The Lord is my Shepherd; I will not Want. - Psalm23: 1 The Lord is my Shepherd; I will not Want. - Psalm23: 1🙏🌹🌴💧 Dan	2.1450467
