created_at	text	_score
Mon Dec 03 03:29:01 +0000 2018	The participation of the international market has been effective in Public-Private partnerships with Brazil in over two years. In this period, 105 Brazilian projects were auctioned or renewed. Confirmation of the trust of the external public for investing in the country. https://t.co/mwZq53Q2Em	65.66312
Tue Dec 04 05:30:44 +0000 2018	The goals of each country will be evaluated during @COP24. #Brazil has proposed actions for all sectors of the economy, from the renewable energy segment to forest restoration actions. #COP24	61.64222
Thu Nov 08 11:40:40 +0000 2018	One of the highlights is the audiovisual sector, which moves billions every year in 🇧🇷, currently representing 0.46% of the Brazilian GDP. The sector grows about 9% per year and is responsible for direct employment of 94,972 people. Annually, the sector collects R$ 2.13 billion. https://t.co/4ZXLmParup	60.047207
Mon Dec 10 15:55:16 +0000 2018	Agriculture and livestock were one of the main sectors responsible for the growth in the Brazilian economy during the 3rd quarter of the year. They recorded a 0.7% growth in #GDP. Find out more: https://t.co/pSPeBxy6pW https://t.co/BlED1DbNxA	48.887268
Thu Nov 22 16:57:06 +0000 2018	"#Brazil 🇧🇷 and #Chile 🇨🇱 signed a ""next generation"" Free Trade Agreement, which inaugurated an ambitious stage of their value chain integration, to the direct benefit of economic operators and consumers of the two countries. https://t.co/Fm1bvgVUoy"	40.351974
Fri Dec 07 21:03:08 +0000 2018	Data on integrated fire management and firefighting in indigenous lands were presented during #COP24. Altogether, 2,542 prescribed burning plans were executed throughout Brazil in 2018. In 2017, there were only 1,261. The practice was adopted in 21 protected areas. https://t.co/Vh9cnPYHa1	39.410736
Tue Dec 04 14:16:12 +0000 2018	Brazilian Central Bank predicts record #GDP for the Q3 of 2018. The indicator considers data that confirms the return of economic growth in Brazil, such as the increase in sales of commerce. Read more: https://t.co/uwvkAXK7pr	39.03944
Fri Nov 23 15:27:06 +0000 2018	More and more Brazilians are now saying goodbye to unemployment, according to the last data released by the CAGED - General Register of Employed and Unemployed Persons. https://t.co/tSX6Ffb0uS	36.053955
Thu Dec 06 21:09:03 +0000 2018	A total of 231 inspection operations were carried out in the Amazon between August 2017 and July 2018, according to data released by @brasil_IBAMA at the Brazil Space during @COP24. #ClimateChange #ParisAgreement	35.076103
Thu Nov 29 11:06:36 +0000 2018	Brazil launches app to help fishermen record and share data on 20 species of fish in the Amazon. The gathered information will help clarify on fish migrations in the Amazon and environmental factors that may influence them. https://t.co/DeQockX1Ss	34.73668
Wed Nov 21 23:21:19 +0000 2018	Brazilian cocoa production is expected to increase by 50% over the next 5 years. The data, which also estimates that the country will reach 300,000 tons of cocoa per year, was announced during the annual meeting of the World Cocoa Foundation (WCF - @WorldCocoa) in São Paulo. https://t.co/VCu7NsnBz5	32.362885
Fri Nov 30 07:32:32 +0000 2018	@g20org @MichelTemer Today, the G20 is an important opportunity and hope for the whole world, we believe that the decisions will be made in the interest of the protection of terrorism, global warming, atmosphere and nature and the goodness of humanity, India is with the G20 for world peace,,	31.791264
Sat Dec 01 17:06:33 +0000 2018	@MichelTemer .what is bioenergy? What's wring with solar and wind? I'm looking for a recognition that financial products don't help human s breathe oxygen, trees do. Brazil is rich email n what humans need. When can living trees become assets market s invest in, that would make sense!	30.117584
Sat Dec 01 13:03:26 +0000 2018	The growing infrastructure of the temporary shelter in Roraima State helps ensure labor and social security rights for Venezuelans arriving in Brazil. These units’ aid immigrants from the neighboring country into issuing their work permits and seeking a new job opportunity. https://t.co/n0OT9Fcl77	29.786898
Wed Nov 28 11:30:20 +0000 2018	Brazil and the UAE are building bridges to facilitate trade and investment flows. Since 2000, bilateral relations between the two countries have been increasing, such as the number of official visits and cooperation projects. https://t.co/80na5wHS47	29.148542
Thu Nov 29 12:21:41 +0000 2018	@realDonaldTrump American friends, Brazil needs your help. a traitor to the country @MichelTemer wants to bring clemency to those who have a relationship with corruption. thug has to stay in jail. Can I count on the help of Mr. @realDonaldTrump?	26.380365
Fri Dec 07 21:07:05 +0000 2018	To date, more than 466 million hectares have been registered in more than 5.4 million rural properties, which represents almost the entire territory of Brazil.Complete agenda of Brazil Space in @COP24 at: https://t.co/kxH2jjBpzI #COP24 #ClimateChange #ParisAgreement	26.013626
Wed Nov 28 02:05:26 +0000 2018	The Blue Flag Programme is known for certifying water quality and sustainability tourism actions in resorts, marinas and tourist boats. The label benefits everyone around the areas by helping to increase local activities to protect the environment.	25.728848
Fri Nov 23 11:17:04 +0000 2018	Today is the day to celebrate the greatness of the Blue Amazon. Date to strengthen the protection and remember the great potential of this immense maritime area defended and preserved by the Naval Force of Brazil. https://t.co/aOJXvjHhXX	25.334377
Fri Nov 23 20:01:35 +0000 2018	Fruit of a partnership between the Ministry of Human Rights of Brazil (@DHumanosBrasil) the government of the Federal District and the support of @UNESCO, the project can be found in the subway entrance of the station Galeria dos Estados, in Brasília - the capital of Brazil .	24.972534
Tue Dec 11 19:37:08 +0000 2018	In two years and seven months Brazil's international agenda adopted parameters of openness, integration, responsibility and solidarity with other nations. A Foreign policy in line with the internal growth and gradual recovery of employment and income. https://t.co/Rd35QDvVJM	24.011436
Mon Nov 26 13:59:18 +0000 2018	Soon Brazil will be celebrating 200 years of Independence and it calls for a great action. The government is gathering authors all over the country to introduce new literature about such important date. https://t.co/NbR3nL6zEa	23.066982
Thu Nov 08 17:49:22 +0000 2018	Brazilian activist for the rights of indigenous communities wins international @UN honorary award in recognition of her outstanding achievements in human rights. Joênia Wapichana, was the first indigenous woman to become a lawyer in Brazil. https://t.co/ibJzrdZP7M	22.43694
Fri Dec 07 21:07:25 +0000 2018	Natural vegetation recovery actions, such as those foreseen by the Minister of Environment every year, strengthen ecosystem services of provision and regulation, such as water supply and thermal regulation, and reduce flood risks and landslides.	22.11986
Mon Dec 03 08:43:19 +0000 2018	@MichelTemer   We want to know, who killed and who ordered the summary execution of  the human rights defender and councilor Marielle Franco ! #Brazil	22.068668
Fri Dec 07 02:50:20 +0000 2018	@MichelTemer MichelTemer We want to know, who killed and who ordered the summary execution of the human rights defender and councilor Marielle Franco !	22.068668
Sun Dec 02 18:54:03 +0000 2018	@MichelTemer  We want to know, who killed and who ordered the summary  execution of the human rights defender and councilor Marielle Franco !	21.982397
Wed Nov 28 20:10:50 +0000 2018	@MichelTemer  We want to know, who killed and who ordered the summary execution of the human rights defender and councilor Marielle Franco ! @@MichelTemer	21.838379
Sat Dec 01 15:06:44 +0000 2018	@MichelTemer  We want to know, who killed and who ordered the summary  execution of the human rights defender and councilor Marielle Franco ! #Brazil #Write4Rights	21.698078
Thu Dec 06 18:24:45 +0000 2018	Brazil will host a series of events to present national environmental policies to the international community. The Brazilian pavilion in the exhibition area of the @COP24 will be open for visitation during the two weeks of the event. #ClimateChange #COP24 #ParisAgreement https://t.co/sJIAOXHpvJ	21.611305
Thu Dec 06 21:04:19 +0000 2018	The most complex scientific infrastructure ever built in Brazil is one step closer to be launched. The new electron accelerator will be key for the resolution of important worldwide issues in strategic areas such as energy, health and agriculture. https://t.co/WyHHpfECsC	21.58704
Tue Dec 04 05:55:10 +0000 2018	The gases known as HCFCs, are released by air conditioners and refrigeration systems. Therefore, the implementation of projects in partnership with the sectors of polyurethane foam, refrigeration and air-conditioning is among the measures that contributed for the result.	21.077682
Mon Dec 10 16:24:32 +0000 2018	@MichelTemer We want to know, who killed and who ordered the summary execution of the human rights defender and councilor Marielle Franco ! Justice et vérité pour #MarielleFranco https://t.co/1socrwXlEl	20.926868
Wed Dec 05 12:27:58 +0000 2018	Innovative, effective and successful actions have contributed to advances in areas such as sustainable agriculture &amp; food security. Brazilian good practices and public policies are being shared with partners. A way of reinforcing bonds of solidarity and growth for all.	19.177761
Wed Dec 12 16:53:48 +0000 2018	The Foreign Ministers of #Brazil, #Uruguay, #Paraguay and #Argentina met in #Brasilia to review recent developments in the free trade agreement negotiations between @Mercosur and the #EuropeanUnion. https://t.co/vnTAP4ZrX9	18.974285
Fri Nov 09 10:36:12 +0000 2018	@BrazilGovNews @mercosur @CPLP Brazil can take the dollars to investment other Latin America country, Like steel and aluminum industry. If it can made in local, the maglev trains system can be very affordable.	18.646088
Tue Nov 27 23:34:26 +0000 2018	The #Brazil in Concert project was launched last week at #Itamaraty Palace. By 2023, nearly 30 CDs will be recorded with 100 symphonic works in order to introduce international audiences to the tradition of Brazilian concert music from the nineteenth century to the present day. https://t.co/jkKxROomWf	18.496006
Sun Nov 25 13:16:06 +0000 2018	.@Mercosur recognizes a sacred site of the indigenous Guarani as cultural heritage. The region, known as Tava, integrates the south of Brazil, Argentina and Paraguay. The site is home to a great ethnic network for the memory and identity of the tribe. https://t.co/7LJptaL9KL	17.511086
Wed Nov 21 16:38:28 +0000 2018	🇧🇷🇨🇱✈️💼President @MichelTemer and the Minister of Industry, Trade and Services of Brazil, Marco Jorge,  are currently on an official visit to #Chile. The two countries sign a free trade agreement that will contribute to boosting trade and investment flows. https://t.co/3XL3iOBv5F	16.946262
Sat Dec 08 05:13:39 +0000 2018	@MichelTemer green is the light.	16.5363
Thu Nov 29 16:04:03 +0000 2018	On Friday, President @MichelTemer and Foreign Minister @Aloysio_Nunes attend the #BRICS Summit in the morning and the #G20 Leaders' Summit in the afternoon. The events take place in Buenos Aires - Argentina 🇦🇷 @g20org	16.491306
Thu Nov 29 11:06:43 +0000 2018	At the same time, the initiative aims to inform and empower citizens of the Amazon to actively contribute to the sustainable management of fisheries and the conservation of flooded forests. The app is available in English on: https://t.co/i5vklz975H	15.87132
Fri Dec 07 21:02:51 +0000 2018	Indigenous people from all over Brazil have presented to the international community how their way of life and environmental protection actions contribute to contain #GlobalWarming. #COP24 #ClimateChange #ParisAgreement https://t.co/LMlJOw4ty5	15.519651
Wed Dec 12 20:23:56 +0000 2018	Brazilian State-owned oil company, @petrobras, plans to invest R$ 84.1 billion in productive activities by 2023. Read more: https://t.co/AlBZGrsakO https://t.co/hbLSOGISWk	15.381922
Tue Nov 06 18:37:45 +0000 2018	Trade between Brazil and China continue to show great results. Exports of soybeans to China have already surpassed in USD 4 billion the flow of the same period in 2017. https://t.co/5JxBNnsSoW	15.374849
Tue Dec 11 18:09:02 +0000 2018	During a breakfast with foreign correspondents on Thursday (6 December), president @MichelTemer highlighted the transformations the country underwent over the past 2 years. Read more: https://t.co/LojqTjC95S https://t.co/bvtgNJQcBI	14.581007
Sat Nov 24 16:03:50 +0000 2018	Research on the Brazilian Digital Games Industry indicated growth in all regions of Brazil. From 2014 to 2018, the number of game developers increased by 164%. In addition, in the last two years alone, 1,718 games have been produced in the country. https://t.co/NqfOFByPG6	14.547019
Wed Nov 28 13:41:14 +0000 2018	The governments of #Brazil, #SouthAfrica, #China and #India issued a joint statement in which they defend the increase of global ambition in the fight against climate change. The document focuses on issues that will be discussed during the @UN climate conference #COP24. 🇧🇷🇿🇦🇨🇳🇮🇳 https://t.co/3u02mlYs88	14.534113
Sat Dec 01 10:15:03 +0000 2018	@MichelTemer @mercosul @ItamaratyGovBr @g20org @BrasilBAires ［Press Conferences］ Press Conference by Foreign Minister Taro Kono ｜ Ministry of Foreign Affairs of Japan （6th November 2018 2:50 p.m.） https://t.co/GygY0M85XC  #戦時出稼ぎ朝鮮人労働者 #KoreanWorkerOftheWartimeEmigration	14.504269
Sat Dec 01 10:23:55 +0000 2018	@MichelTemer @mercosul @ItamaratyGovBr @g20org @BrasilBAires Announcement by Foreign Ministers of Japan and the Republic of Korea at the Joint Press Occasion ｜ Ministry of Foreign Affairs of Japan （28th December 2015） https://t.co/RNo4HyTJtF  #ComfortWomen #theReconciliationAndHealingFoundation	14.448645
Fri Nov 09 09:51:28 +0000 2018	The Article 4 of the document written in 1988 lists ten principles that should govern the national foreign policy, including the means for the country to take part of @Mercosur, the @CPLP, the Community of Latin American and Caribbean States (#CELAC) and #BRICS, for example.	14.210245
Mon Nov 26 14:12:17 +0000 2018	President @MichelTemer was in Santiago yesterday for an official visit, during which Brazil and Chile signed the Free Trade Agreement concluded last month. https://t.co/sGk0wSKy5t	13.184774
Sat Dec 01 10:09:13 +0000 2018	@MichelTemer @mercosul @ItamaratyGovBr @g20org @BrasilBAires Takeshima ｜ Ministry of Foreign Affairs of Japan （30th July 2014） https://t.co/MMPxWleUSz  #Takeshima　#竹島  #SouthKorea　#MoonJaein　#文在寅　#ブン・ザイイン  #SouthKoreaHasbeenOccupyingTakeshimaWithnoBasisinInternationalLaw	12.987112
Tue Dec 04 11:07:21 +0000 2018	@MichelTemer  Would Like to connect &amp; to share #Shoghi’s Latest updates in ISR Solutions | Electronic Warfare System | Cyber Warfare| Avionics |Border Surveillance| Satellite Imaging Visit site: https://t.co/D26MyPgRTh https://t.co/BTUbNoPwfS follow @ShoghiComm https://t.co/4N5Ab35MnS	12.900946
Sun Nov 25 18:56:45 +0000 2018	@MichelTemer calculating all my 35 years that i missed of financial and donation done on a gambling court or a game made give a notice that no base is my base without my presence and my knowledge putting life of advancers on their own responsibility.	12.891911
Tue Dec 04 11:01:07 +0000 2018	New Brazilian aviation regulations attract low-cost airlines and a greater number of passengers. Chile's second largest airline, @SKYAirline_CL started operation in Galeão Airport, in Rio de Janeiro. Three other low cost companies are in process to offer flights in the country. https://t.co/1yDW2SRXa9	12.72082
Tue Dec 11 15:13:31 +0000 2018	As part of the efforts to prevent foot-and-mouth disease from migrating to Brazil, the government will send 1.6 million doses of vaccine against the disease to Venezuela. Find out more: https://t.co/w0UAma3Be6 https://t.co/a1demmRQx4	12.41032
Tue Dec 04 08:20:40 +0000 2018	Brazil has exceeded the #GlobalGoal of reducing emissions of the main gas that affects #ClimateChange. The target set for 2018 was a reduction of 16.6%, but to date the emission of hydrofluorocarbons gases has already fallen by 36.92%. https://t.co/IkWb9DH92E	12.4072
Sat Dec 01 10:34:32 +0000 2018	@MichelTemer @mercosul @ItamaratyGovBr @g20org @BrasilBAires Situation of the Senkaku Islands ｜ Ministry of Foreign Affairs of Japan （4th April 2014） https://t.co/siu8bVyQSU  #SenkakuIslands　#尖閣諸島  #China　#HsiChinping　#XiJinping　#習近平　#シュウ・キンペイ #Invasion　#aggression #ShipofChinaCoastGuard　#Armedfishingvessel	12.34214
Mon Nov 26 09:08:37 +0000 2018	Amazonas will inaugurate a floating structure that will improve the quality of a local fish: the Pirarucu. The station will be equipped with sustainable technologies that will offer the ideal sanitary conditions for the preparation of the meat for sale. Thanks to partner @USAID https://t.co/GjleBF3yso	12.310339
Sat Dec 01 10:11:46 +0000 2018	@MichelTemer @mercosul @ItamaratyGovBr @g20org @BrasilBAires 【Agreement Between Japan and the Republic of Korea Concerning the Settlement of Problems in Regard to Property and Claims and Economic Cooperation】（Wikisource） https://t.co/72FNnoB8vj  #戦時出稼ぎ朝鮮人労働者 #KoreanWorkerOftheWartimeEmigration	12.032394
Sat Dec 01 10:29:14 +0000 2018	@MichelTemer @mercosul @ItamaratyGovBr @g20org @BrasilBAires Japan’s ODA to China—End of a Momentous Foreign Policy Failure （8th November 2018 2:11 a.m.） https://t.co/9BzEjvDtSC #JAPANForward  #China　#HsiChinping　#XiJinping　#習近平　#シュウ・キンペイ #Invasion　#aggression  #SenkakuIslands #ShipofChinaCoastGuard　#Armedfishingvessel	12.02022
Tue Nov 27 17:38:10 +0000 2018	Travel tip: Visit the Gruta de Ubajara. The site has access by cable car, offering panoramic view of the region that is a mixture of Atlantic Forest, Cerrado, Mata dos Cocais and Caatinga, as well as traces of the Amazon Forest. https://t.co/uXuZEzqD7R	11.921625
Mon Dec 10 12:23:05 +0000 2018	Brazil is internationally recognized for the growing production and consumption of renewable sources. According to a report from the @IEA agency, Brazil has the greenest energy mix and the largest share of renewable sources among the world's major energy consumers. https://t.co/6A7qW48VVU	11.881118
Sat Nov 24 03:09:00 +0000 2018	According to President @MichelTemer, the Free Trade signed with Chile guarantees less bureaucracy, more legal certainty and higher regulatory standards to both countries. Read more: https://t.co/3yNSLU1ust https://t.co/Muo5r0wITF	11.656927
Mon Dec 10 19:29:47 +0000 2018	"In just under 3 years, the government of Brazil implemented a series of reforms to lift the country out of recession. On the matter, the president @MichelTemer, stated: ""We did right by Brazil"". Learn more: https://t.co/Z62PkCp9UD https://t.co/pcehIKe3FF"	11.311013
Mon Nov 26 14:20:24 +0000 2018	@BrazilGovNews Brazil need to cut the tax, Brazil need to free trading in your country, that will make the economic growth.	11.270664
Sat Dec 01 21:36:59 +0000 2018	@MichelTemer We want to know, who killed and who ordered the summary execution of the human rights defender and councilor Marielle Franco !	11.199469
Thu Dec 06 07:51:37 +0000 2018	@MichelTemer  We want to know, who killed and who ordered the summary execution of the human rights defender and councilor Marielle Franco !	11.199469
Fri Dec 07 16:41:18 +0000 2018	@MichelTemer  We want to know, who killed and who ordered the summary execution of the human rights defender and councilor Marielle Franco !	11.199469
Thu Nov 22 10:57:22 +0000 2018	The Brazilian native vegetation is very rich. Hundreds of living beings inhabit it, some of them only found in Brazil. The flora is considered great source of research and it’s key to human well-being. https://t.co/TqNKOxEFID	11.080777
Fri Nov 23 20:01:09 +0000 2018	For the first time in history Brazil hosted 4 international @WCoffeeEvents earlier this month. Also unprecedented, was the use of a coffee produced 100% in the Minas Gerais region, in Brazil, by the champion of the 2018 World Brewers Cup - Emi Fukahori (Switzerland). #BrazilWCC https://t.co/YZAMsdyMPJ	10.829118
Tue Dec 04 22:33:40 +0000 2018	@MichelTemer Personally I hope trees become valuable carbon converters and a financial market grows up around their protection making places where forests remain very valuable indeed. We can find a way to help you prosper if we all work together. 🐾🐾🐾	10.569792
Sun Dec 02 18:18:34 +0000 2018	The next annual gathering for world leaders and tourism representatives will present Brazil as the guest of honour. Scheduled for October next year, the event will help solidify the increasing bilateral relations between China and Brazil. Read more: https://t.co/eSIbylE34k https://t.co/0687pcfFtw	10.566131
Tue Nov 27 20:39:47 +0000 2018	"@BrazilGovNews ""Who will live or die ? I had a strong sense of responsibility towards  Swedish population""  Fredrik Reinfeldt  , The Moderate Party, Prime Minister of Sweden 2006 - 2014 https://t.co/wlqpCyMHqe"	10.401209
Thu Nov 22 11:44:56 +0000 2018	Brazil accepted the challenge to reduce CO2 emissions by 2020 and achieved even higher results before the deadline. It was possible due to good management of protected areas and measures to combat deforestation and incentivize environmental care taken by the govt and citizens. https://t.co/xxSZjzQhpY	9.880439
Fri Nov 23 19:49:10 +0000 2018	With a total of R$ 10 million destined to the execution of the action, each of the projects will receive R$ 20 thousand. This is the largest volume ever made available for this type of culture promotion.	9.865669
Tue Nov 27 17:38:29 +0000 2018	Over the last 10 years, Brazil has been investing in training of health professionals and improving the National Transplant System to support organ donations. In total, there are more than 1000 teams that can work in more than 500 centers.	9.744822
Fri Dec 07 21:03:04 +0000 2018	The prescribed burning helps reduce vulnerability to the impacts of #GlobalWarming. It consists in using fire during rainy months to burn the low grass in a controlled manner. When the dry season comes, there is no combustion material in the area and the risk of fire decreases.	8.971198
Tue Dec 11 20:30:17 +0000 2018	In less than three years, President @MichelTemer held bilateral visits to nine countries during his administration and participated in main forums of global governance, from @UN, #BRICS, @wef and #G20. https://t.co/nCLjReMcxk	8.561229
Sat Dec 01 09:30:49 +0000 2018	@MichelTemer @ItamaratyGovBr Temer is the pussycat of this lot. OK, he took bribes &amp; acted for pals. Well Ramaphosa of SA became a US$ billionaire in 10 years. Putin is fomenting war with Ukraine. Modi is an ultra-nationalist and jeez, can u compare him to Xi? Temer undoubtedly also the poorest of the lot.	8.364326
Fri Nov 30 09:13:19 +0000 2018	@realDonaldTrump Flee from a certain @MichelTemer person. He is a coup and together  'coxinhas' people, sank Brazil. Worse: now exists 'bolsomínions' too. Run Trump, run.	8.323989
Mon Nov 26 14:06:34 +0000 2018	The new Brazilian #RamsarSite, in the state of Amazonas, has an enormous abundance of species, ecosystems and cultural diversity. The Juruá River has more than 2.1 million hectares and houses endangered species such as the Mutum-fava bird, manatee and boto (local river dolphin). https://t.co/qDvXqBXIaf	8.081637
Fri Dec 07 18:44:07 +0000 2018	In Brazil, children under the age of 16 can only work as apprentices, as defined in the Federal Constitution of 1988. This healthy participation in the marketplace is encouraged by a series of laws that provide for learning as a right of the growing citizen.	7.9593153
Mon Dec 10 16:59:00 +0000 2018	President @MichelTemer received earlier today the credentials of 10 new foreign Ambassadors.	7.769507
Wed Nov 21 23:35:20 +0000 2018	@MichelTemer @Estadao @Thiago30seconds Ave Temer rei do free market	7.6221185
Fri Nov 23 19:49:02 +0000 2018	The 500 projects of this year were chosen from a list of 2,227 registered. They underwent an evaluation that highlighted factors such as sociocultural contribution and improvement of the quality of life of the communities involved from their cultural practices.	7.3258753
Mon Nov 26 13:58:58 +0000 2018	The first phase of the project has already selected 57 authors to have their works evaluated. In total, 25 authors with the best scores will receive incentives to publish and introduce their writings to all Brazilians.	7.21558
Sun Nov 25 04:59:24 +0000 2018	@BrazilGovNews #free morning under hand.   12*8*79 https://t.co/BIO7OzVQ0g	7.2059736
Sat Dec 01 10:15:48 +0000 2018	@MichelTemer @mercosul @ItamaratyGovBr @g20org @BrasilBAires ［Press Conferences］ Extraordinary Press Conference by Foreign Minister Taro Kono ｜ Ministry of Foreign Affairs of Japan （30th October 2018 4:22 p.m.） https://t.co/XbvvpNpgSv  #戦時出稼ぎ朝鮮人労働者 #KoreanWorkerOftheWartimeEmigration	7.20141
Sat Dec 01 10:16:12 +0000 2018	@MichelTemer @mercosul @ItamaratyGovBr @g20org @BrasilBAires ［Press Releases］ Regarding the Decision by the Supreme Court of the Republic of Korea, Confirming the Existing Judgments on the Japanese Company （Statement by Foreign Minister Taro Kono） ｜ Ministry of Foreign Affairs of Japan （30th October 2018） https://t.co/fRv2OBLWhR	7.097495
Mon Dec 03 18:58:13 +0000 2018	This project is supported by the @the_idb, which has provided a US$ 500 thousand investments for the development of a series of measures to strengthen the routes, such as the creation of a website and the selection of proposes elaborated by SMEs, startups and microentrepreneurs.	6.9521065
Tue Nov 27 22:03:48 +0000 2018	The measures aims to invigorate knowledge about the independence of Brazil and encourage reading. There will be invested R$ 6 million in the creation of digital libraries, the promotion of literary exhibitions and the publishing of new books about the theme.	6.8502245
Sat Dec 01 10:12:32 +0000 2018	@MichelTemer @mercosul @ItamaratyGovBr @g20org @BrasilBAires Let’s Not Aid South Korean Supreme Court’s Misperception of Facts on Wartime Labor （21st November 2018 12:15 a.m.） https://t.co/vYpYrTMFAV #JAPANForward  #戦時出稼ぎ朝鮮人労働者 #KoreanWorkerOftheWartimeEmigration	6.7632933
Sat Dec 01 10:17:59 +0000 2018	@MichelTemer @mercosul @ItamaratyGovBr @g20org @BrasilBAires Regarding the Decision by the Supreme Court of the Republic of Korea,  Confirming the Existing Judgments on the Japanese Company （Statement by Foreign Minister Taro Kono）｜Ministry of Foreign Affairs of Japan（29th November 2018）https://t.co/eYRxgunAf8  #戦時出稼ぎ朝鮮人労働者	6.6198773
Mon Dec 10 02:02:22 +0000 2018	Brazil signed an agreement with Germany in the area of occupational health and safety. The purpose of the technical cooperation with @DGUV is the creation of mechanisms to improve the prevention and treatment of occupational diseases and accidents.	6.3580008
Tue Nov 06 20:02:48 +0000 2018	@MichelTemer @DaniloMedina @NicolasMaduro @mauriciomacri @JustinTrudeau @moisejovenel @evoespueblo @sanchezceren @presidenciaperu   @ONUMX  @OEA_oficial  @CubaMINREX @EPN  see? This is stealing from me, communication from the US military intelligence, they know their robots, they	6.2222147
Sat Dec 08 13:42:17 +0000 2018	In 2019 Brazil will become an even better place to visit. Thanks to more than 25 thousand professionals that have signed up for a free course of tourist reception - offered by the government. Graduation is scheduled for February of next year. https://t.co/uGgpcJjkEY	6.198988
Sat Dec 01 10:18:44 +0000 2018	@MichelTemer @mercosul @ItamaratyGovBr @g20org @BrasilBAires Press Conference by the Chief Cabinet Secretary ［Japanese Government Internet TV］ ｜ Prime Minister of Japan and His Cabinet Homepage （29th November 2018（A.M.）） https://t.co/KmTSvTfC8f  #戦時出稼ぎ朝鮮人労働者 #KoreanWorkerOftheWartimeEmigration	6.156375
Fri Dec 07 21:07:21 +0000 2018	In 2018, the Brazilian Ministry of the Environment in partnership with the Amazon Fund allocated R$ 200 million to strengthen the connections of the productive chain to the recovery of vegetation and to improve the process of environmental regularization of rural properties.	5.9705305
Fri Nov 30 01:21:27 +0000 2018	@MichelTemer MT....you dont worth your own pants👎 https://t.co/a2SXupKx6i	5.7382903
Wed Nov 28 19:26:19 +0000 2018	Brazil has given residence permit to 2,242 Haitians in November. Since the beginning of the year, the country has already granted 6,242 humanitarian authorizations for immigrants from Haiti. If you are one of the beneficiaries, seek the Federal Police within 30 days. https://t.co/O8vrzroEwy	5.6650476
Fri Nov 30 11:40:19 +0000 2018	@anticorruption @meberazategui @MichelTemer @RegSprecher @CyrilRamaphosa @jokowi @EPN @KremlinRussia_E @AbeShinzo @GiuseppeConteIT @sanchezcastejon As an example: #G20 Leaders adopted these commitments in 2014. They are their own promises, not TI recommendations. Yet, they are moving far too slowly. We don't need any more new promises - just implement existing commitments! #G20TakeAction https://t.co/tJ6GDPI6Xd https://t.co/mMFvusFtPb	5.6496067
Wed Dec 12 14:00:24 +0000 2018	This is the last week of the @COP24 conference and Brazil will continue to reinforce the message that the environmental preservation can coexist with an economic development. See some of the initiatives presented during the meeting: https://t.co/ELxq5wh5UF #ClimateChange #COP24 https://t.co/cJc4PQk4Uh	5.544347
Thu Nov 22 17:58:44 +0000 2018	President @MichelTemer was in Santiago yesterday for an official visit, during which Brazil and Chile signed the Free Trade Agreement concluded last month.	5.4528937
Mon Nov 26 14:06:13 +0000 2018	By promoting knowledge about the Blue Amazon, it is expected that more people will understand the political, strategic and economic importance of our maritime territory.	5.207225
Fri Nov 30 04:36:58 +0000 2018	@BrazilGovNews Brazil has a very strong creative population, and the arts are rich in your culture.	5.1576514
Thu Nov 22 14:18:52 +0000 2018	Brazil highlighted advances in wetland conservation during the @RamsarConv in Dubai. Among the government’s initiatives are the maintenance of 27 #RamsarSites – which guarantee protection of the local biodiversity and allows greater international support. #RamsarCOP13 https://t.co/otbtUAnDtz	5.124341
Thu Nov 29 13:55:27 +0000 2018	The Youth ID (ID Jovem in Portuguese) offers half-entry benefits for artistic, cultural and sport events, as well as free or reduced-fare seats in the interstate collective transportation system. The document is valid for Brazilians up to 29 years old.	4.991526
Tue Dec 04 13:15:50 +0000 2018	RT @BrazilGovNews: Index shows that entrepreneurs in Brazil are more confident with the economy. Read more: https://t.co/wDdoJ45vs6 https:/…	4.989248
Thu Nov 08 11:58:23 +0000 2018	@BrazilGovNews if Brazil want to up your GDP and development the basic industry, the fastest way is Rebuild your city. That can up the steel and cement production. And that will be change these people life. https://t.co/Kp0TbrVGEm	4.916002
Fri Dec 07 10:59:57 +0000 2018	@MichelTemer This morning in dubai singer @MikaSingh molest a minor brazilian girl...n dubui police arrest him but Mr President this man is so rich..he can manipulate case so plz take some strict action...thank you	4.6916265
Tue Dec 11 19:37:12 +0000 2018	Important trade and investment agreements have been signed in a little over 2 years. Among the key ones are the #OpenSkies with the USA &amp; Cooperation and Facilitation Investment Agreements with Angola, Chile, Colombia, Ethiopia, Malawi, Mexico, Mozambique, Peru &amp; Suriname. https://t.co/IizFi4VEMx	4.6796184
Tue Nov 27 17:37:34 +0000 2018	RT @BrazilGovNews: Do you know the recently created Brazil in Concert project? https://t.co/xWu2es86Tx	4.607416
Fri Nov 23 19:49:06 +0000 2018	Some of the most famous Brazilian popular cultural expressions are cordel, quadrilha, maracatu, and bumba-meu-boi. The idea of action is to pass the knowledge of all expressions possible by spreading them beyond their territorial boundaries.	4.5369906
Tue Nov 06 20:03:37 +0000 2018	@MichelTemer @DaniloMedina @NicolasMaduro @mauriciomacri @JustinTrudeau @moisejovenel @evoespueblo @sanchezceren @presidenciaperu   @ONUMX  @OEA_oficial  @CubaMINREX @EPN  ask to act to maintain this communication, they stole the signal with which the UN protects me, they use it	4.273951
Tue Nov 27 22:27:34 +0000 2018	The two Brazilian institutions will now be able to apply for investments of the fund to move forward the implementation of projects and programmes that support actions to reduce climate impacts.	4.035124
Sat Nov 10 23:25:35 +0000 2018	@PanAmPost_es @LatAmFr @jairbolsonaro @MichelTemer Perfect, he can meet @realDonaldTrump #G20	3.6379404
Fri Dec 07 15:04:23 +0000 2018	@BrazilGovNews @MichelTemer @ScottMorrisonMP Yo Aussies Down Under. The Fiat 500L @FiatChrysler_NA https://t.co/EoEsGX1O8d	3.6324735
Mon Dec 03 18:58:10 +0000 2018	The tour connects 19 destinations that mark the history of colonization for mission areas in the region, all of them recognized by @Unesco as world heritage sites. Not to mention 7 protected areas. The implementation of the actions has a deadline for October 2020.	3.521881
Fri Nov 30 01:34:11 +0000 2018	@g20org @MichelTemer Welcome to Argentina Welcome to G20 🇦🇷🌎🇧🇷 @g20org @Brasil @VisitBrasil	3.2707677
Fri Nov 30 15:18:43 +0000 2018	The initiative that allows young people to reach greater access to cultural means in order to provide conditions for greater world learning. https://t.co/y7Ny8ZO5rY	3.0170276
Fri Nov 09 20:19:07 +0000 2018	Today was the final day of the #ANEXTLatAm edition. Supported by @EmbraturNews - the Brazilian Institute for Tourism, one of the largest events of Adventure and Ecotourism had been taking place in Mato Grosso do Sul, state that presents a vast Pantanal area. https://t.co/BHJibUz4jv	2.6502943
Fri Dec 07 13:15:29 +0000 2018	RT @BrazilGovNews: Did you miss the Brazilian role during the #G20 summit last week? Find out how it was: https://t.co/2fl3FuSb5S https://t…	2.611763
Sat Nov 24 08:46:30 +0000 2018	The Brazilian government has selected 500 initiatives to reinforce culture promotion in the country. All projects are directly connected to popular expressions and aim to spread artistic manifestations to all regions of Brazil. https://t.co/l8tmMcruDP	1.4159694
Mon Dec 03 18:58:09 +0000 2018	Wondering where to go in South America? Brazil, Argentina, Uruguay, Paraguay and Bolivia have joined efforts to create a whole new experience for tourists by implementing an integrated guide tour about jesuit reductions. https://t.co/BBElqQVAFk	1.4159694
Fri Nov 09 12:38:28 +0000 2018	The Brazilian Constitution, written 30 years ago, is known for being an important instrument to the democracy of the country. This was the 7th edition of the country’s Constitution, and it ensured a series of individual guarantees. https://t.co/25rXGJGfvc	1.3582962
Fri Dec 07 21:08:02 +0000 2018	Brazil becomes one of the 1st countries in the world to reduce sugar in industrialized foods. The country has signed an agreement with the food industry to reduce 144,000 tons of sugar from specific products until 2022. Read more: https://t.co/0oiq4bTSgz https://t.co/ajVTPVKSFc	1.3051373
Thu Nov 22 20:16:33 +0000 2018	Brazil participated in the 27th BASIC Ministerial Meeting on Climate Change, on 19-20 November 2018, in New Delhi. 🇧🇷🇿🇦🇮🇳🇨🇳 https://t.co/AZwe3SUIHq	1.2501013
Mon Dec 03 08:53:58 +0000 2018	#Brazilian Pres @MichelTemer, #Russian Pres #VladimirPutin, #Indian PM @narendramodi, #Chinese Pres #XiJinping &amp; #SouthAfrican Pres @CyrilRamaphosa - leaders of #BRICS declared the common stand on the reform of the @wto on the sidelines of the #G20Summit. https://t.co/15l3DmiwgQ	1.1436949
Wed Nov 21 16:53:27 +0000 2018	🇧🇷🇯🇵 The Brazil-Japan relationship has just won a comic book! This month, the Brazilian cartoonist Mauricio de Sousa participated in the launch of a workpiece that tells the story of Brazilians living in Japan. https://t.co/VmimlWErdT	1.1058167
Mon Nov 26 14:06:16 +0000 2018	Blue Amazon has the full support of @marmilbr, which, under the guidelines of the @UN Convention on the Law of the Sea and geopolitical studies for the oceans, highlights the decisive position of oceanic and riverine spaces on people's destinies and in dynamics of intl relations. https://t.co/a7lRrQnmSg	1.0679436
Thu Dec 06 21:09:03 +0000 2018	The Brazilian measures to stop deforestation and in search of environmental regularization were debated on the first day (04) of the Brazil Space at @COP24. Complete agenda at: https://t.co/kxH2jjBpzI #ClimateChange #ParisAgreement	0.8839221
Tue Nov 27 17:38:34 +0000 2018	In Brazil, organ donation requires family consent. That’s why in addition to having the National Organ Donation Day, the Brazilian government incentives the activity by sharing information and launching campaigns on the importance of notifying family members.	0.8467849
Tue Nov 27 17:38:41 +0000 2018	The production of flowers on the Serra de Ibiapaba attracts the attention of many people. In the spring, the tourist routes of Bica do Ipú, Tianguá and Ubajara National Park are among the most sought after. https://t.co/bcSTFfRdMN	0.8293626
Sun Nov 11 04:27:18 +0000 2018	Brazil attended the 3rd #BRICS Meeting of Culture this Wednesday (31) in South Africa. The country's leading role in the Latin American creative industry, especially in pay-TV, video on demand, fairs, business events, electronic games and music, was highlighted during the event. https://t.co/UfRI2kLIJ5	0.7736505
