created_at	text	_score
Wed Dec 05 12:27:58 +0000 2018	Innovative, effective and successful actions have contributed to advances in areas such as sustainable agriculture &amp; food security. Brazilian good practices and public policies are being shared with partners. A way of reinforcing bonds of solidarity and growth for all.	327.0782
Wed Nov 28 02:05:26 +0000 2018	The Blue Flag Programme is known for certifying water quality and sustainability tourism actions in resorts, marinas and tourist boats. The label benefits everyone around the areas by helping to increase local activities to protect the environment.	197.34421
Fri Dec 07 21:07:25 +0000 2018	Natural vegetation recovery actions, such as those foreseen by the Minister of Environment every year, strengthen ecosystem services of provision and regulation, such as water supply and thermal regulation, and reduce flood risks and landslides.	189.22105
Mon Dec 10 02:02:22 +0000 2018	Brazil signed an agreement with Germany in the area of occupational health and safety. The purpose of the technical cooperation with @DGUV is the creation of mechanisms to improve the prevention and treatment of occupational diseases and accidents.	180.00587
Fri Dec 07 21:07:21 +0000 2018	In 2018, the Brazilian Ministry of the Environment in partnership with the Amazon Fund allocated R$ 200 million to strengthen the connections of the productive chain to the recovery of vegetation and to improve the process of environmental regularization of rural properties.	165.27425
Thu Nov 22 11:44:56 +0000 2018	Brazil accepted the challenge to reduce CO2 emissions by 2020 and achieved even higher results before the deadline. It was possible due to good management of protected areas and measures to combat deforestation and incentivize environmental care taken by the govt and citizens. https://t.co/xxSZjzQhpY	162.59937
Mon Dec 10 15:55:16 +0000 2018	Agriculture and livestock were one of the main sectors responsible for the growth in the Brazilian economy during the 3rd quarter of the year. They recorded a 0.7% growth in #GDP. Find out more: https://t.co/pSPeBxy6pW https://t.co/BlED1DbNxA	148.77086
Thu Dec 06 21:04:19 +0000 2018	The most complex scientific infrastructure ever built in Brazil is one step closer to be launched. The new electron accelerator will be key for the resolution of important worldwide issues in strategic areas such as energy, health and agriculture. https://t.co/WyHHpfECsC	146.41545
Fri Dec 07 21:08:02 +0000 2018	Brazil becomes one of the 1st countries in the world to reduce sugar in industrialized foods. The country has signed an agreement with the food industry to reduce 144,000 tons of sugar from specific products until 2022. Read more: https://t.co/0oiq4bTSgz https://t.co/ajVTPVKSFc	142.07053
Tue Dec 04 05:30:44 +0000 2018	The goals of each country will be evaluated during @COP24. #Brazil has proposed actions for all sectors of the economy, from the renewable energy segment to forest restoration actions. #COP24	134.15967
Fri Dec 07 21:07:01 +0000 2018	Brazil launched the National Strategy for the Conservation and Sustainable Use of Wetlands. The measure will contribute to the country's fulfillment of its commitments under the @RamsarConv.	133.17441
Tue Nov 27 19:33:05 +0000 2018	@BrazilGovNews THEY MAY NEED MARTY PARIS.  Marty Paris, mparis@mcbankny.com wants to Entrepreneurially Help your Corporation Grow with 1 Card &amp; 3 Great options. https://t.co/l07mklVEkp https://t.co/vmRQZyvKxL	125.114044
Wed Nov 07 19:48:16 +0000 2018	#DidYouKnow the Brazilian secretary for tourism, Totó Parente, has participated in the official ceremony of the #WorldResponsibleTourismDay? Let’s keep the work and promote sustainable and responsible tourism! https://t.co/WtlUqCHHZd	124.77334
Fri Dec 07 21:07:09 +0000 2018	Brazil also highlighted the advances of the Rural Environmental Database, that has strategic geo-referenced information used for monitoring and combating deforestation. #COP24 #ClimateChange #ParisAgreement	123.54323
Thu Nov 29 00:19:14 +0000 2018	@BrazilGovNews Worsening Earth Matters such as Conflicts, Poverty, Climate Change and Habitat Requires Creation of a United Earth Government by Nonprofit Organizations and Other Activists Working on Earth Matters. https://t.co/IFsQ2JjK4i	119.55236
Thu Nov 22 16:57:06 +0000 2018	"#Brazil 🇧🇷 and #Chile 🇨🇱 signed a ""next generation"" Free Trade Agreement, which inaugurated an ambitious stage of their value chain integration, to the direct benefit of economic operators and consumers of the two countries. https://t.co/Fm1bvgVUoy"	118.55583
Mon Dec 10 12:23:05 +0000 2018	Brazil is internationally recognized for the growing production and consumption of renewable sources. According to a report from the @IEA agency, Brazil has the greenest energy mix and the largest share of renewable sources among the world's major energy consumers. https://t.co/6A7qW48VVU	117.19681
Mon Nov 26 09:08:37 +0000 2018	Amazonas will inaugurate a floating structure that will improve the quality of a local fish: the Pirarucu. The station will be equipped with sustainable technologies that will offer the ideal sanitary conditions for the preparation of the meat for sale. Thanks to partner @USAID https://t.co/GjleBF3yso	117.149345
Wed Nov 28 13:41:14 +0000 2018	The governments of #Brazil, #SouthAfrica, #China and #India issued a joint statement in which they defend the increase of global ambition in the fight against climate change. The document focuses on issues that will be discussed during the @UN climate conference #COP24. 🇧🇷🇿🇦🇨🇳🇮🇳 https://t.co/3u02mlYs88	108.41671
Sat Dec 08 07:10:31 +0000 2018	RT @BrazilGovNews: Brazil is finalist in sustainable tourism award. Check it out: https://t.co/7MN68IwDLv #Sustainability https://t.co/fGlb…	106.69104
Tue Nov 27 17:38:29 +0000 2018	Over the last 10 years, Brazil has been investing in training of health professionals and improving the National Transplant System to support organ donations. In total, there are more than 1000 teams that can work in more than 500 centers.	104.30113
Tue Nov 27 17:38:27 +0000 2018	According to the Ministry of Health @minsaude, the projection is that 26,400 organs and tissues will be transplanted in the Brazil by the end of this year. https://t.co/RGj0WY8uIa	97.44598
Wed Dec 12 14:00:24 +0000 2018	This is the last week of the @COP24 conference and Brazil will continue to reinforce the message that the environmental preservation can coexist with an economic development. See some of the initiatives presented during the meeting: https://t.co/ELxq5wh5UF #ClimateChange #COP24 https://t.co/cJc4PQk4Uh	95.10458
Tue Dec 04 22:33:40 +0000 2018	@MichelTemer Personally I hope trees become valuable carbon converters and a financial market grows up around their protection making places where forests remain very valuable indeed. We can find a way to help you prosper if we all work together. 🐾🐾🐾	90.62671
Thu Dec 06 21:09:03 +0000 2018	The Brazilian measures to stop deforestation and in search of environmental regularization were debated on the first day (04) of the Brazil Space at @COP24. Complete agenda at: https://t.co/kxH2jjBpzI #ClimateChange #ParisAgreement	87.0405
Thu Dec 06 18:24:45 +0000 2018	Brazil will host a series of events to present national environmental policies to the international community. The Brazilian pavilion in the exhibition area of the @COP24 will be open for visitation during the two weeks of the event. #ClimateChange #COP24 #ParisAgreement https://t.co/sJIAOXHpvJ	83.80245
Sat Dec 01 17:06:33 +0000 2018	@MichelTemer .what is bioenergy? What's wring with solar and wind? I'm looking for a recognition that financial products don't help human s breathe oxygen, trees do. Brazil is rich email n what humans need. When can living trees become assets market s invest in, that would make sense!	82.30195
Sun Nov 25 18:56:45 +0000 2018	@MichelTemer calculating all my 35 years that i missed of financial and donation done on a gambling court or a game made give a notice that no base is my base without my presence and my knowledge putting life of advancers on their own responsibility.	79.032875
Tue Nov 27 21:50:57 +0000 2018	The Green Climate Fund Board approved the accreditation application of the first Brazilian entities 21st meeting held in Bahrain: @Caixa and Brazilian Biodiversity Fund - @funbio.	78.761475
Fri Dec 07 21:03:04 +0000 2018	The prescribed burning helps reduce vulnerability to the impacts of #GlobalWarming. It consists in using fire during rainy months to burn the low grass in a controlled manner. When the dry season comes, there is no combustion material in the area and the risk of fire decreases.	78.080696
Fri Dec 07 21:02:51 +0000 2018	Indigenous people from all over Brazil have presented to the international community how their way of life and environmental protection actions contribute to contain #GlobalWarming. #COP24 #ClimateChange #ParisAgreement https://t.co/LMlJOw4ty5	74.624695
Tue Dec 04 08:20:40 +0000 2018	Brazil has exceeded the #GlobalGoal of reducing emissions of the main gas that affects #ClimateChange. The target set for 2018 was a reduction of 16.6%, but to date the emission of hydrofluorocarbons gases has already fallen by 36.92%. https://t.co/IkWb9DH92E	72.46961
Tue Nov 27 22:27:34 +0000 2018	The two Brazilian institutions will now be able to apply for investments of the fund to move forward the implementation of projects and programmes that support actions to reduce climate impacts.	69.84935
Thu Nov 29 11:06:43 +0000 2018	At the same time, the initiative aims to inform and empower citizens of the Amazon to actively contribute to the sustainable management of fisheries and the conservation of flooded forests. The app is available in English on: https://t.co/i5vklz975H	68.3483
Mon Nov 26 13:59:22 +0000 2018	#BRICS aims to bring the culture of the participating nations closer together, but the countries already have a lot in common. Both #Brazil and #India have traditional religious festivals that are celebrated with a lot of color and energy in February: Holika and Carnaval. https://t.co/W2IBP5bl7e	67.92931
Mon Dec 03 18:58:10 +0000 2018	The tour connects 19 destinations that mark the history of colonization for mission areas in the region, all of them recognized by @Unesco as world heritage sites. Not to mention 7 protected areas. The implementation of the actions has a deadline for October 2020.	66.44129
Thu Nov 22 20:16:33 +0000 2018	Brazil participated in the 27th BASIC Ministerial Meeting on Climate Change, on 19-20 November 2018, in New Delhi. 🇧🇷🇿🇦🇮🇳🇨🇳 https://t.co/AZwe3SUIHq	66.22732
Mon Nov 26 18:47:36 +0000 2018	@BrazilGovNews Climate Change:  Why is the Green party suddenly flying high in Germany? The Bavarian election results are a glimpse of Sweden Sámi Indigenous  people`s future https://t.co/uRtsl5cjxx	63.467796
Mon Nov 26 13:27:54 +0000 2018	Water is the basis of life and, oh, what a great and extensive variety of life forms yet to be found in the midst of aquatic environments! https://t.co/OcdVEAkScU	63.024048
Sat Dec 01 10:11:46 +0000 2018	@MichelTemer @mercosul @ItamaratyGovBr @g20org @BrasilBAires 【Agreement Between Japan and the Republic of Korea Concerning the Settlement of Problems in Regard to Property and Claims and Economic Cooperation】（Wikisource） https://t.co/72FNnoB8vj  #戦時出稼ぎ朝鮮人労働者 #KoreanWorkerOftheWartimeEmigration	58.126026
Tue Dec 11 20:30:17 +0000 2018	In less than three years, President @MichelTemer held bilateral visits to nine countries during his administration and participated in main forums of global governance, from @UN, #BRICS, @wef and #G20. https://t.co/nCLjReMcxk	57.55118
Fri Nov 23 16:33:21 +0000 2018	Five Brazilians were acknowledged by the 2017 Mercosur Science and Technology Award. The event recognized the research with greater potential to contribute to scientific, technological and innovation development in the @Mercosur.	54.133835
Fri Nov 30 02:50:03 +0000 2018	Cultural production should be shared with all citizens. As culture provides for a development of bridges to reach new horizons, #BRICS countries work together in discussing ways to increase cultural interaction and promote wide talks about world's cultures.	50.009514
Wed Nov 21 16:29:09 +0000 2018	🇧🇷🇨🇱✈️💼President @MichelTemer and the Minister of Industry, Trade and Services of Brazil, Marco Jorge,  are currently on an official visit to #Chile. The two countries sign a free trade agreement that will contribute to boosting trade and investment flows. https://t.co/3XL3iOBv5F	49.8018
Fri Nov 23 15:18:06 +0000 2018	@MichelTemer Good job!	48.670937
Fri Nov 30 07:32:32 +0000 2018	@g20org @MichelTemer Today, the G20 is an important opportunity and hope for the whole world, we believe that the decisions will be made in the interest of the protection of terrorism, global warming, atmosphere and nature and the goodness of humanity, India is with the G20 for world peace,,	48.401386
Fri Dec 07 21:03:25 +0000 2018	The Young Apprentice program shares immense benefits, such as the inclusion in the labor market for the future professionals and giving the opportunity for the entrepreneurs to contribute to the training by spreading the values and culture of their company.	47.744064
Tue Dec 11 15:13:31 +0000 2018	As part of the efforts to prevent foot-and-mouth disease from migrating to Brazil, the government will send 1.6 million doses of vaccine against the disease to Venezuela. Find out more: https://t.co/w0UAma3Be6 https://t.co/a1demmRQx4	47.306587
Sun Nov 25 05:19:33 +0000 2018	@BrazilGovNews u guys are either gonna have like the guns kinda revolution or be really good im guessing but i dont kno but about ur current situation i havent followed it in a few yrs. hope things are well.	47.03128
Tue Nov 27 17:38:10 +0000 2018	Travel tip: Visit the Gruta de Ubajara. The site has access by cable car, offering panoramic view of the region that is a mixture of Atlantic Forest, Cerrado, Mata dos Cocais and Caatinga, as well as traces of the Amazon Forest. https://t.co/uXuZEzqD7R	46.996872
Fri Nov 30 15:18:43 +0000 2018	The initiative that allows young people to reach greater access to cultural means in order to provide conditions for greater world learning. https://t.co/y7Ny8ZO5rY	46.964806
Thu Nov 29 11:06:36 +0000 2018	Brazil launches app to help fishermen record and share data on 20 species of fish in the Amazon. The gathered information will help clarify on fish migrations in the Amazon and environmental factors that may influence them. https://t.co/DeQockX1Ss	46.292667
Tue Dec 11 19:37:12 +0000 2018	Important trade and investment agreements have been signed in a little over 2 years. Among the key ones are the #OpenSkies with the USA &amp; Cooperation and Facilitation Investment Agreements with Angola, Chile, Colombia, Ethiopia, Malawi, Mexico, Mozambique, Peru &amp; Suriname. https://t.co/IizFi4VEMx	46.232113
Wed Dec 05 17:35:38 +0000 2018	@BrazilGovNews @COP24 2019,  6 February Sami National Day &amp; Elsa Renberg Memorial prize .Today no doubt Sweden use financial, political, juristical force  achieve Indigenous powerlessness and prime method ethnic cleansing is suicide. The Sámi Parliament closely linked to Socialism! https://t.co/oiFIBcpPo4	46.10009
Sat Dec 01 13:03:26 +0000 2018	The growing infrastructure of the temporary shelter in Roraima State helps ensure labor and social security rights for Venezuelans arriving in Brazil. These units’ aid immigrants from the neighboring country into issuing their work permits and seeking a new job opportunity. https://t.co/n0OT9Fcl77	45.75336
Sat Dec 01 10:22:47 +0000 2018	@MichelTemer @mercosul @ItamaratyGovBr @g20org @BrasilBAires Asahi Shimbun Blocks Access to Articles Retracting Its ‘Comfort Women’ Stories （11th September 2018 1:11 a.m.） https://t.co/CMMJ8GWIqs #JAPANForward  #AsahiShimbunIsaFakeNewspaper #AsahiShimbun #AsahiNewspaperIsaFakeNewspaper #AsahiNewspaper  #ComfortWomen	45.738976
Wed Dec 12 16:53:48 +0000 2018	The Foreign Ministers of #Brazil, #Uruguay, #Paraguay and #Argentina met in #Brasilia to review recent developments in the free trade agreement negotiations between @Mercosur and the #EuropeanUnion. https://t.co/vnTAP4ZrX9	45.386345
Fri Dec 07 18:44:07 +0000 2018	In Brazil, children under the age of 16 can only work as apprentices, as defined in the Federal Constitution of 1988. This healthy participation in the marketplace is encouraged by a series of laws that provide for learning as a right of the growing citizen.	44.5612
Tue Nov 27 17:38:41 +0000 2018	The production of flowers on the Serra de Ibiapaba attracts the attention of many people. In the spring, the tourist routes of Bica do Ipú, Tianguá and Ubajara National Park are among the most sought after. https://t.co/bcSTFfRdMN	43.397606
Tue Dec 04 05:55:10 +0000 2018	The gases known as HCFCs, are released by air conditioners and refrigeration systems. Therefore, the implementation of projects in partnership with the sectors of polyurethane foam, refrigeration and air-conditioning is among the measures that contributed for the result.	42.082024
Sun Dec 02 18:18:34 +0000 2018	The next annual gathering for world leaders and tourism representatives will present Brazil as the guest of honour. Scheduled for October next year, the event will help solidify the increasing bilateral relations between China and Brazil. Read more: https://t.co/eSIbylE34k https://t.co/0687pcfFtw	41.481224
Wed Dec 05 11:00:01 +0000 2018	During the meeting with #BRICS leaders, President @MichelTemer highlighted the role of the bloc for the development of #Brazil. Read more: https://t.co/2AqITR3EpB https://t.co/qEY05Ekgu1	41.42391
Mon Dec 03 18:58:13 +0000 2018	This project is supported by the @the_idb, which has provided a US$ 500 thousand investments for the development of a series of measures to strengthen the routes, such as the creation of a website and the selection of proposes elaborated by SMEs, startups and microentrepreneurs.	40.630108
Thu Nov 08 11:58:23 +0000 2018	@BrazilGovNews if Brazil want to up your GDP and development the basic industry, the fastest way is Rebuild your city. That can up the steel and cement production. And that will be change these people life. https://t.co/Kp0TbrVGEm	40.333473
Sat Nov 10 21:57:04 +0000 2018	The diverse wildlife and richness of natural landscapes welcomes visitors to several types of tourism in the region. Bonito is one of the most searched sites for ecotourism in the area. Its caves, resorts and springs attract thousands of tourists every year. https://t.co/UcoVDboba2	39.252254
Wed Nov 07 19:52:21 +0000 2018	✈️🌍🔎 During the 2nd day of the @WTM_London, members of  @EmbraturNews and @MTurismo represented Brazil at the panel of Ministers of Tourism - Investments in tourism linked to new technologies. #WTMLDN #IdeasArriveHere #NewInspiration https://t.co/U4j6ASntFk	38.724247
Fri Nov 09 20:19:07 +0000 2018	Today was the final day of the #ANEXTLatAm edition. Supported by @EmbraturNews - the Brazilian Institute for Tourism, one of the largest events of Adventure and Ecotourism had been taking place in Mato Grosso do Sul, state that presents a vast Pantanal area. https://t.co/BHJibUz4jv	38.626366
Tue Nov 06 19:36:02 +0000 2018	The Brazilian government has published a list displaying 10 innovation industries projects selected to receive investments up to R$ 300 thousand each. https://t.co/7evJD8ZUpw	37.171516
Sat Dec 01 10:23:31 +0000 2018	@MichelTemer @mercosul @ItamaratyGovBr @g20org @BrasilBAires ［STATEMENT］Why Asahi Shimbun Won’t Change How It Describes Comfort Women （3rd August 2018 3:59 p.m.） https://t.co/ajPAZHyjCg #JAPANForward  #AsahiShimbunIsaFakeNewspaper #AsahiShimbun #AsahiNewspaperIsaFakeNewspaper #AsahiNewspaper  #ComfortWomen	36.100258
Thu Nov 22 17:58:44 +0000 2018	President @MichelTemer was in Santiago yesterday for an official visit, during which Brazil and Chile signed the Free Trade Agreement concluded last month.	34.724056
Thu Nov 08 11:49:30 +0000 2018	@BrazilGovNews in South America we have to development the mining and smelting first. And save more W ore to ready to build the South America railway system. I think I need 10 years to ready these basic industry.	33.26548
Sat Nov 24 14:22:59 +0000 2018	@BrazilGovNews Good posts. Keep 'em coming. Thinking of boutique hostel bookings? Let us know. 😎 @GarrettZoukis	32.821526
Sat Nov 10 22:31:42 +0000 2018	@MichelTemer will you be the president responsible for killing the lungs of planet earth? Until when fucking government people will give some fuck about the future of the planet... ?	32.065193
Fri Nov 23 19:49:10 +0000 2018	With a total of R$ 10 million destined to the execution of the action, each of the projects will receive R$ 20 thousand. This is the largest volume ever made available for this type of culture promotion.	31.187376
Thu Nov 08 11:40:40 +0000 2018	One of the highlights is the audiovisual sector, which moves billions every year in 🇧🇷, currently representing 0.46% of the Brazilian GDP. The sector grows about 9% per year and is responsible for direct employment of 94,972 people. Annually, the sector collects R$ 2.13 billion. https://t.co/4ZXLmParup	30.454374
Sat Nov 24 08:46:30 +0000 2018	The Brazilian government has selected 500 initiatives to reinforce culture promotion in the country. All projects are directly connected to popular expressions and aim to spread artistic manifestations to all regions of Brazil. https://t.co/l8tmMcruDP	30.03755
Mon Nov 26 14:06:16 +0000 2018	Blue Amazon has the full support of @marmilbr, which, under the guidelines of the @UN Convention on the Law of the Sea and geopolitical studies for the oceans, highlights the decisive position of oceanic and riverine spaces on people's destinies and in dynamics of intl relations. https://t.co/a7lRrQnmSg	29.74014
Sun Dec 02 15:37:47 +0000 2018	@BrazilGovNews Forget it. The new President @jairbolsonaro, by himself, has said that he has no interest making business with China. Further: canceled the Discuss Meeting Climate Issues. Here in Brazil he is better known as 'The BolsoAsno'	29.151842
Sun Nov 11 04:27:18 +0000 2018	Brazil attended the 3rd #BRICS Meeting of Culture this Wednesday (31) in South Africa. The country's leading role in the Latin American creative industry, especially in pay-TV, video on demand, fairs, business events, electronic games and music, was highlighted during the event. https://t.co/UfRI2kLIJ5	28.757187
Tue Nov 06 19:43:11 +0000 2018	Woodcut printing is one of the most important contribution to art and culture of Brazil. It has been pretty popular in the Northeast region of the country since its appearance, specially for being used in label printing and cordel booklets. https://t.co/6q8bWVDO8Z	28.31749
Mon Nov 26 14:12:17 +0000 2018	President @MichelTemer was in Santiago yesterday for an official visit, during which Brazil and Chile signed the Free Trade Agreement concluded last month. https://t.co/sGk0wSKy5t	28.27891
Fri Dec 07 21:03:08 +0000 2018	Data on integrated fire management and firefighting in indigenous lands were presented during #COP24. Altogether, 2,542 prescribed burning plans were executed throughout Brazil in 2018. In 2017, there were only 1,261. The practice was adopted in 21 protected areas. https://t.co/Vh9cnPYHa1	27.05327
Mon Nov 26 13:59:18 +0000 2018	Soon Brazil will be celebrating 200 years of Independence and it calls for a great action. The government is gathering authors all over the country to introduce new literature about such important date. https://t.co/NbR3nL6zEa	26.454168
Sat Nov 10 16:37:10 +0000 2018	Science covers everything. It goes from the simple deductions of a child to great solutions for the future of a country. Therefore, participating in science is essential for bringing the best out of it. Celebrate #ScienceDay by making it part of your life! https://t.co/IvI5p7YulM	25.323414
Wed Dec 12 20:23:56 +0000 2018	Brazilian State-owned oil company, @petrobras, plans to invest R$ 84.1 billion in productive activities by 2023. Read more: https://t.co/AlBZGrsakO https://t.co/hbLSOGISWk	24.491936
Tue Nov 06 20:46:26 +0000 2018	@MichelTemer It does not make sense that when humanity is barely aware of the damage it has done to the planet, you as a leader intend to take giant leaps back guaranteeing and promoting the destruction of the Amazon that not only makes your country rich but the whole world.	24.453283
Mon Nov 26 14:20:24 +0000 2018	@BrazilGovNews Brazil need to cut the tax, Brazil need to free trading in your country, that will make the economic growth.	22.997108
Tue Nov 27 22:03:48 +0000 2018	The measures aims to invigorate knowledge about the independence of Brazil and encourage reading. There will be invested R$ 6 million in the creation of digital libraries, the promotion of literary exhibitions and the publishing of new books about the theme.	22.899265
Thu Nov 22 14:18:52 +0000 2018	Brazil highlighted advances in wetland conservation during the @RamsarConv in Dubai. Among the government’s initiatives are the maintenance of 27 #RamsarSites – which guarantee protection of the local biodiversity and allows greater international support. #RamsarCOP13 https://t.co/otbtUAnDtz	22.758198
Fri Nov 23 19:49:02 +0000 2018	The 500 projects of this year were chosen from a list of 2,227 registered. They underwent an evaluation that highlighted factors such as sociocultural contribution and improvement of the quality of life of the communities involved from their cultural practices.	22.365349
Tue Dec 04 14:16:12 +0000 2018	Brazilian Central Bank predicts record #GDP for the Q3 of 2018. The indicator considers data that confirms the return of economic growth in Brazil, such as the increase in sales of commerce. Read more: https://t.co/uwvkAXK7pr	21.76538
Fri Nov 23 20:35:24 +0000 2018	According to President @MichelTemer, the Free Trade signed with Chile guarantees less bureaucracy, more legal certainty and higher regulatory standards to both countries. Read more: https://t.co/3yNSLU1ust https://t.co/Muo5r0wITF	21.559883
Sun Nov 25 19:10:16 +0000 2018	@MichelTemer lived in Lebanon your organ country for 30 years had made a love of fabrication using the my identity making sure my change of believe to saleraty on 2014 made it clear for everyone not to put in any more what isn't true through dish and other radio waves.	20.417683
Sat Dec 08 13:42:17 +0000 2018	In 2019 Brazil will become an even better place to visit. Thanks to more than 25 thousand professionals that have signed up for a free course of tourist reception - offered by the government. Graduation is scheduled for February of next year. https://t.co/uGgpcJjkEY	20.41206
Wed Nov 28 19:26:19 +0000 2018	Brazil has given residence permit to 2,242 Haitians in November. Since the beginning of the year, the country has already granted 6,242 humanitarian authorizations for immigrants from Haiti. If you are one of the beneficiaries, seek the Federal Police within 30 days. https://t.co/O8vrzroEwy	19.9999
Tue Dec 11 15:31:58 +0000 2018	In addition to being a reference unit for animal diagnostics, the laboratory can support academic research, resulting in the discovery of new vaccines and methods for detecting diseases. https://t.co/ftgRDvP5aB	19.933083
Sat Nov 24 14:42:06 +0000 2018	Brazil expects to harvest of 238.3 million tons of grain in the 2018/2019 crop. This means a 4.5% growth compared to the previous period. Weather is one of the reasons for the positive result. Read more: https://t.co/RTqgDrNKoA https://t.co/GCJU0y6p1d	18.85111
Fri Nov 09 12:38:28 +0000 2018	The Brazilian Constitution, written 30 years ago, is known for being an important instrument to the democracy of the country. This was the 7th edition of the country’s Constitution, and it ensured a series of individual guarantees. https://t.co/25rXGJGfvc	18.617933
Wed Nov 21 23:21:19 +0000 2018	Brazilian cocoa production is expected to increase by 50% over the next 5 years. The data, which also estimates that the country will reach 300,000 tons of cocoa per year, was announced during the annual meeting of the World Cocoa Foundation (WCF - @WorldCocoa) in São Paulo. https://t.co/VCu7NsnBz5	18.336426
Wed Nov 28 13:11:03 +0000 2018	The Brazilian team consists of 16 athletes, divided equally between the men's and women's teams. These athletes are part of the High Performance Athletes Program of the Ministry of Defense and are third-sergeants of the Armed Forces (@marmilbr, @exercitooficial and @portalfab)	18.196386
Thu Nov 08 11:40:38 +0000 2018	Artists, entrepreneurs, investors, producers and culture lovers were invited to attend @MicBR_oficial. The event represents a great opportunity to discuss and understand the development of the creative industry in the country and in the world. 👉 https://t.co/fI06uRCoYf https://t.co/gVOKfUahp7	18.157211
Tue Dec 04 11:01:07 +0000 2018	New Brazilian aviation regulations attract low-cost airlines and a greater number of passengers. Chile's second largest airline, @SKYAirline_CL started operation in Galeão Airport, in Rio de Janeiro. Three other low cost companies are in process to offer flights in the country. https://t.co/1yDW2SRXa9	17.49746
Tue Nov 27 11:12:03 +0000 2018	Brazil has just reached a new and amazing record: the number of effective organ donors in the country increase to 7% between January and June of 2018. With this contribution, more procedures could be performed and more people took a new turn in their lives. https://t.co/CibWyVhghj	17.27898
Sat Dec 01 10:20:23 +0000 2018	@MichelTemer @mercosul @ItamaratyGovBr @g20org @BrasilBAires Korea Had Long History of Trafficking in Women—Even Before the Japanese Came （25th November 2017 12:15 a.m.） https://t.co/LBTkTTDA9N #JAPANForward  #AsahiShimbunIsaFakeNewspaper #AsahiShimbun #AsahiNewspaperIsaFakeNewspaper #AsahiNewspaper  #ComfortWomen	16.637058
Fri Nov 09 19:00:57 +0000 2018	President @MichelTemer was a member of the Constituent Assembly of 1988, when the current constitutional text was enacted. During the ceremony, he recalled the popular enthusiasm and participation that guided the drafting of the document. https://t.co/oiAAY21f6h	16.636677
Mon Dec 03 21:59:32 +0000 2018	@BrazilGovNews @COP24 Brazil have to make the stand and make the change, we are ready to Change ..It’s time!!	16.263031
Mon Dec 03 03:29:01 +0000 2018	The participation of the international market has been effective in Public-Private partnerships with Brazil in over two years. In this period, 105 Brazilian projects were auctioned or renewed. Confirmation of the trust of the external public for investing in the country. https://t.co/mwZq53Q2Em	15.719685
Fri Nov 30 04:36:58 +0000 2018	@BrazilGovNews Brazil has a very strong creative population, and the arts are rich in your culture.	15.672677
Thu Nov 29 13:55:27 +0000 2018	The Youth ID (ID Jovem in Portuguese) offers half-entry benefits for artistic, cultural and sport events, as well as free or reduced-fare seats in the interstate collective transportation system. The document is valid for Brazilians up to 29 years old.	15.432916
Tue Dec 04 13:15:50 +0000 2018	RT @BrazilGovNews: Index shows that entrepreneurs in Brazil are more confident with the economy. Read more: https://t.co/wDdoJ45vs6 https:/…	14.967743
Tue Nov 06 20:02:48 +0000 2018	@MichelTemer @DaniloMedina @NicolasMaduro @mauriciomacri @JustinTrudeau @moisejovenel @evoespueblo @sanchezceren @presidenciaperu   @ONUMX  @OEA_oficial  @CubaMINREX @EPN  see? This is stealing from me, communication from the US military intelligence, they know their robots, they	14.219504
Thu Nov 22 21:03:52 +0000 2018	Brazil is among the top 10 producing countries of Cocoa. The basis of the preparation of chocolate that was originally cultivated in Central America is today the star of one of the great agricultural routes of Brazil. Being much of the production for export. https://t.co/7NxxsRuXg6	14.192017
Fri Dec 07 21:07:05 +0000 2018	To date, more than 466 million hectares have been registered in more than 5.4 million rural properties, which represents almost the entire territory of Brazil.Complete agenda of Brazil Space in @COP24 at: https://t.co/kxH2jjBpzI #COP24 #ClimateChange #ParisAgreement	14.162698
Tue Nov 27 23:34:26 +0000 2018	The #Brazil in Concert project was launched last week at #Itamaraty Palace. By 2023, nearly 30 CDs will be recorded with 100 symphonic works in order to introduce international audiences to the tradition of Brazilian concert music from the nineteenth century to the present day. https://t.co/jkKxROomWf	13.947173
Mon Nov 26 13:58:58 +0000 2018	The first phase of the project has already selected 57 authors to have their works evaluated. In total, 25 authors with the best scores will receive incentives to publish and introduce their writings to all Brazilians.	13.624243
Tue Dec 11 18:17:33 +0000 2018	@BrazilGovNews @MichelTemer How long breakfast remained? 3 minutes ?	13.42891
Mon Nov 26 14:06:13 +0000 2018	By promoting knowledge about the Blue Amazon, it is expected that more people will understand the political, strategic and economic importance of our maritime territory.	12.194007
Sat Nov 24 16:03:50 +0000 2018	Research on the Brazilian Digital Games Industry indicated growth in all regions of Brazil. From 2014 to 2018, the number of game developers increased by 164%. In addition, in the last two years alone, 1,718 games have been produced in the country. https://t.co/NqfOFByPG6	12.03273
Fri Dec 07 21:03:13 +0000 2018	Brazil lead yesterday five panels throughout the day during @COP24 with themes related to indigenous people. Check out the complete schedule: https://t.co/6niIywVTs2 #ClimateChange #ParisAgreement https://t.co/lHojRlZ99K	12.0149975
Tue Nov 06 20:03:37 +0000 2018	@MichelTemer @DaniloMedina @NicolasMaduro @mauriciomacri @JustinTrudeau @moisejovenel @evoespueblo @sanchezceren @presidenciaperu   @ONUMX  @OEA_oficial  @CubaMINREX @EPN  ask to act to maintain this communication, they stole the signal with which the UN protects me, they use it	11.993784
Sun Nov 25 18:58:19 +0000 2018	@MichelTemer nothing was better than moving forward since 2014 separated father of 3 children as an orphan.and keeping my belonging safe without any permit official or on the side.	11.787098
Fri Nov 23 19:49:06 +0000 2018	Some of the most famous Brazilian popular cultural expressions are cordel, quadrilha, maracatu, and bumba-meu-boi. The idea of action is to pass the knowledge of all expressions possible by spreading them beyond their territorial boundaries.	11.702153
Sat Dec 01 10:12:32 +0000 2018	@MichelTemer @mercosul @ItamaratyGovBr @g20org @BrasilBAires Let’s Not Aid South Korean Supreme Court’s Misperception of Facts on Wartime Labor （21st November 2018 12:15 a.m.） https://t.co/vYpYrTMFAV #JAPANForward  #戦時出稼ぎ朝鮮人労働者 #KoreanWorkerOftheWartimeEmigration	11.536712
Wed Dec 12 00:38:41 +0000 2018	Did you know you can find many different types of 1 Real coins?   Commemorative coins - released by the Central Bank of Brazil - can often be found in transactions throughout the country.   ✈️Find out more about coming to Brazil at: https://t.co/4Y2SM8aG6b https://t.co/mKnbaOcCrx	10.954662
Mon Nov 26 14:04:29 +0000 2018	RT @BrazilGovNews: All regions of the country have registered job growth in September, representing a 0.36% rise compared to August. Confid…	10.922026
Fri Dec 07 13:15:29 +0000 2018	RT @BrazilGovNews: Did you miss the Brazilian role during the #G20 summit last week? Find out how it was: https://t.co/2fl3FuSb5S https://t…	10.53648
Sun Nov 25 19:21:46 +0000 2018	@MichelTemer the huge impact that had reached the lower part of the american land from Mexico to panama to Brazil isn't for granted was on the behalf of people to have a better place and roads as well as stronger goverments not to doom and open new fraud opportunity.	10.49488
Tue Nov 27 20:39:47 +0000 2018	"@BrazilGovNews ""Who will live or die ? I had a strong sense of responsibility towards  Swedish population""  Fredrik Reinfeldt  , The Moderate Party, Prime Minister of Sweden 2006 - 2014 https://t.co/wlqpCyMHqe"	10.401209
Tue Dec 11 19:37:08 +0000 2018	In two years and seven months Brazil's international agenda adopted parameters of openness, integration, responsibility and solidarity with other nations. A Foreign policy in line with the internal growth and gradual recovery of employment and income. https://t.co/Rd35QDvVJM	10.200236
Thu Nov 29 12:21:41 +0000 2018	@realDonaldTrump American friends, Brazil needs your help. a traitor to the country @MichelTemer wants to bring clemency to those who have a relationship with corruption. thug has to stay in jail. Can I count on the help of Mr. @realDonaldTrump?	10.159603
Fri Nov 30 11:49:00 +0000 2018	@anticorruption @meberazategui @MichelTemer @RegSprecher @CyrilRamaphosa @jokowi @EPN @KremlinRussia_E @AbeShinzo @GiuseppeConteIT @sanchezcastejon As an example: #G20 Leaders adopted these commitments in 2014. They are their own promises, not TI recommendations. Yet, they are moving far too slowly. We don't need any more new promises - just implement existing commitments! #G20TakeAction https://t.co/tJ6GDPI6Xd https://t.co/mMFvusFtPb	9.638273
Tue Dec 04 22:24:07 +0000 2018	@MichelTemer .biodiesel uses palm oil which is wasting more carbon than its saving by killing trees.	9.621257
Fri Dec 07 10:59:57 +0000 2018	@MichelTemer This morning in dubai singer @MikaSingh molest a minor brazilian girl...n dubui police arrest him but Mr President this man is so rich..he can manipulate case so plz take some strict action...thank you	9.383253
Sat Dec 01 10:13:41 +0000 2018	@MichelTemer @mercosul @ItamaratyGovBr @g20org @BrasilBAires South Korea Breaches Rule of Law, Common Sense with Court’s Wartime Labor Ruling （6th November 2018 1:44 am） https://t.co/yrebXJVUob #JAPANForward  #戦時出稼ぎ朝鮮人労働者 #KoreanWorkerOftheWartimeEmigration	8.886366
Fri Nov 23 15:27:06 +0000 2018	More and more Brazilians are now saying goodbye to unemployment, according to the last data released by the CAGED - General Register of Employed and Unemployed Persons. https://t.co/tSX6Ffb0uS	8.6923275
Mon Dec 03 05:06:50 +0000 2018	@BrazilGovNews genocide order for Arabs,Iranians, Afghani,Pakistan,Armenia,Georgia, Turk,Kurd,Yazidi,Jews,Blacks, Germans,French&amp;Spanish.Order of genocide has been signed by Queen Elizabeth to clear Middle East, Europe,Africa&amp;South America from occupants to create a new Britain	8.244252
Sun Nov 25 04:59:24 +0000 2018	@BrazilGovNews #free morning under hand.   12*8*79 https://t.co/BIO7OzVQ0g	8.125109
Mon Dec 03 21:35:14 +0000 2018	Brazil is proud to be a mixture of cultures. Among the different nations that have chosen to migrate to the country over the years, thousands of Jews and New Christians (Jewish of Portuguese origin converted to Christianity) have come here in search of a new life. Happy #Hanukkah	8.00548
Tue Nov 06 18:37:45 +0000 2018	Trade between Brazil and China continue to show great results. Exports of soybeans to China have already surpassed in USD 4 billion the flow of the same period in 2017. https://t.co/5JxBNnsSoW	7.942315
Fri Nov 30 15:18:48 +0000 2018	Dissemination of culture is key for building bridges and giving support to knowledge exchange for young minds. With the objective of opening doors to young Brazilians, the govt has created the Youth ID. https://t.co/xc4f1hTJqZ	7.531551
Mon Nov 26 14:06:34 +0000 2018	The new Brazilian #RamsarSite, in the state of Amazonas, has an enormous abundance of species, ecosystems and cultural diversity. The Juruá River has more than 2.1 million hectares and houses endangered species such as the Mutum-fava bird, manatee and boto (local river dolphin). https://t.co/qDvXqBXIaf	6.9393525
Fri Nov 23 11:17:04 +0000 2018	Today is the day to celebrate the greatness of the Blue Amazon. Date to strengthen the protection and remember the great potential of this immense maritime area defended and preserved by the Naval Force of Brazil. https://t.co/aOJXvjHhXX	6.9277015
Sat Dec 01 09:30:49 +0000 2018	@MichelTemer @ItamaratyGovBr Temer is the pussycat of this lot. OK, he took bribes &amp; acted for pals. Well Ramaphosa of SA became a US$ billionaire in 10 years. Putin is fomenting war with Ukraine. Modi is an ultra-nationalist and jeez, can u compare him to Xi? Temer undoubtedly also the poorest of the lot.	5.998086
Mon Dec 03 03:47:19 +0000 2018	12 airports from the Northeast, Midwest and Southeast regions of Brazil were announced by the Council of the Investment Partnerships Programme of the Presidency of the Republic. The concession period will be of 30 years for all blocks and airports. Read: https://t.co/l5G9V2jOQr https://t.co/36tHqrrum7	5.9833827
Sat Dec 01 10:26:45 +0000 2018	@MichelTemer @mercosul @ItamaratyGovBr @g20org @BrasilBAires China Steps Up Efforts to Demonize Japan in Canada｜Miroslav Marinov［a Toronto-based writer, blogger and translator］（4th October 2018 4:18 a.m.） https://t.co/XayQMEyFHp  #China #HsiChinping #XiJinping #NanjingMassacre #ChineseLobby #CommunistPartyofChina #Invasion #aggression	5.714802
Fri Nov 09 04:21:39 +0000 2018	@BrazilGovNews I think Our China and Brazil trading the iron ore can by the Real. How do you think so?	5.1320806
Thu Nov 29 18:56:52 +0000 2018	@MichelTemer @DaniloMedina @NicolasMaduro @mauriciomacri @JustinTrudeau @moisejovenel @evoespueblo @sanchezceren @presidenciaperu  @OEA_oficial  @CubaMINREX @EPN los zombies son ladrones, nadie te tiene miedo no los use= the zombies are thieves, nobody is afraid of you, do not	5.115429
Thu Nov 22 10:57:22 +0000 2018	The Brazilian native vegetation is very rich. Hundreds of living beings inhabit it, some of them only found in Brazil. The flora is considered great source of research and it’s key to human well-being. https://t.co/TqNKOxEFID	5.0454006
Tue Nov 27 17:38:34 +0000 2018	In Brazil, organ donation requires family consent. That’s why in addition to having the National Organ Donation Day, the Brazilian government incentives the activity by sharing information and launching campaigns on the importance of notifying family members.	5.0206847
Wed Dec 05 23:58:06 +0000 2018	Brazil expects to gain 54 new flights and increase their frequencies in the next 6 months. Last year, there were 1,160 weekly flights departing from the country, in October of this year there were 1,187. https://t.co/vCzkMkatxh	4.927919
Thu Nov 22 13:21:34 +0000 2018	The Brumadinho city is near the capital of Minas Gerais, Belo Horizonte. It's home of the Inhotim institute, the largest open-sky museum of the Latin America. There are about 4 thousand botanical species beautifying the gardens, interspersed with galleries and outdoor art works. https://t.co/FGVWUjkQLK	4.7882285
Tue Nov 27 17:37:34 +0000 2018	RT @BrazilGovNews: Do you know the recently created Brazil in Concert project? https://t.co/xWu2es86Tx	4.607416
Sat Dec 01 10:23:10 +0000 2018	@MichelTemer @mercosul @ItamaratyGovBr @g20org @BrasilBAires Asahi Shimbun Rejects Call to Temper Its Language on Comfort Women （3rd August 2018 4:47 a.m.） https://t.co/3qvrh9Fkqo #JAPANForward  #AsahiShimbunIsaFakeNewspaper #AsahiShimbun #AsahiNewspaperIsaFakeNewspaper #AsahiNewspaper  #ComfortWomen	4.4588914
Thu Nov 08 06:59:40 +0000 2018	@BrazilGovNews @WTM_London Just give back they dollars.	4.453754
Sat Dec 01 10:21:47 +0000 2018	@MichelTemer @mercosul @ItamaratyGovBr @g20org @BrasilBAires 200,000 South Korean Wartime Sex Slaves is ‘Fake News,’ says Historian; An Interview with Dr. Ikuhiko Hata（5th April 2017 12:31 p.m.）https://t.co/2687M5GWiA #JAPANForward  #AsahiShimbunIsaFakeNewspaper #AsahiShimbun #AsahiNewspaperIsaFakeNewspaper #AsahiNewspaper  #ComfortWomen	4.4532967
Mon Dec 03 01:26:43 +0000 2018	@MichelTemer 8 AIRMAIL @SecretService LORD 10 HONOR ..... BURNING BRIDGESZ ........ 💼 R.I.P George Bush Senior @laurawbush https://t.co/qYHG7oikJL	4.25434
Sat Dec 01 10:21:13 +0000 2018	@MichelTemer @mercosul @ItamaratyGovBr @g20org @BrasilBAires Son of Comfort Women Perjurer Yoshida Removes “Unbearable” Apology Inscription （15th May 2017 12:15 p.m.） https://t.co/dZodK792dk #JAPANForward  #AsahiShimbunIsaFakeNewspaper #AsahiShimbun #AsahiNewspaperIsaFakeNewspaper #AsahiNewspaper  #ComfortWomen	4.0457425
Fri Nov 23 19:45:55 +0000 2018	@TonnerDave We’re glad to read this! What do you think about Samba and Bossa Nova? Here's a gift to you: Two playlists to feel the Brazilian vibe. Hope you like them! https://t.co/CvypeSraVj (Samba) and https://t.co/ql1qvG40YV (Bossa Nova)	3.7639375
Fri Nov 30 23:21:21 +0000 2018	The Youth ID is intended for young people between the ages of 15 and 29 who belong to families with a monthly income of up to two minimum wages.	3.5511427
Fri Nov 23 20:01:35 +0000 2018	Fruit of a partnership between the Ministry of Human Rights of Brazil (@DHumanosBrasil) the government of the Federal District and the support of @UNESCO, the project can be found in the subway entrance of the station Galeria dos Estados, in Brasília - the capital of Brazil .	3.5502439
Fri Nov 09 09:51:28 +0000 2018	The Article 4 of the document written in 1988 lists ten principles that should govern the national foreign policy, including the means for the country to take part of @Mercosur, the @CPLP, the Community of Latin American and Caribbean States (#CELAC) and #BRICS, for example.	3.2728338
Wed Nov 28 13:42:18 +0000 2018	Rio is hosting another sports event! By December 3, athletes from 29 countries will get to the Amazônia Azul Gymnasium to show their great performance during the 2018 Taekwondo Military World Championship. https://t.co/gg4XTYAeI3	3.2463396
Wed Nov 21 16:53:27 +0000 2018	🇧🇷🇯🇵 The Brazil-Japan relationship has just won a comic book! This month, the Brazilian cartoonist Mauricio de Sousa participated in the launch of a workpiece that tells the story of Brazilians living in Japan. https://t.co/VmimlWErdT	3.1812847
Fri Dec 07 21:07:35 +0000 2018	Born in 1865 in Paraíba, Leandro Gomes de Barros is considered the king of the popular poets of his time. He was one of the few popular poets to live solely from his rhymed stories, which were hundreds. Leandro talked about all the subjects, always with a lot of sense of humor. https://t.co/Ljym8pqkfT	3.134482
Fri Nov 23 20:07:42 +0000 2018	Basic interest rate remains unchanged at 6.5% per year. Called SELIC, one of the most important tools for controlling inflation in Brazil was kept in the lowest level recorded since 1999 as a decision of the Central Bank. Find out more: https://t.co/mXwXRzn4um https://t.co/Xfqq2KlinJ	3.098207
Fri Nov 23 20:01:09 +0000 2018	For the first time in history Brazil hosted 4 international @WCoffeeEvents earlier this month. Also unprecedented, was the use of a coffee produced 100% in the Minas Gerais region, in Brazil, by the champion of the 2018 World Brewers Cup - Emi Fukahori (Switzerland). #BrazilWCC https://t.co/YZAMsdyMPJ	2.9036565
Wed Nov 28 11:30:20 +0000 2018	Brazil and the UAE are building bridges to facilitate trade and investment flows. Since 2000, bilateral relations between the two countries have been increasing, such as the number of official visits and cooperation projects. https://t.co/80na5wHS47	2.8905177
Mon Dec 10 19:29:47 +0000 2018	"In just under 3 years, the government of Brazil implemented a series of reforms to lift the country out of recession. On the matter, the president @MichelTemer, stated: ""We did right by Brazil"". Learn more: https://t.co/Z62PkCp9UD https://t.co/pcehIKe3FF"	2.298535
Mon Dec 10 16:59:00 +0000 2018	President @MichelTemer received earlier today the credentials of 10 new foreign Ambassadors.	2.143186
Thu Nov 22 13:21:31 +0000 2018	Some people say nature is art and we could not agree more! So what if we put together the art of nature and contemporary art? The perfect union is born, which is what Brumadinho offers to its visitors. https://t.co/C9MAaqKzDc	2.0796757
Fri Dec 07 12:06:06 +0000 2018	@BrazilGovNews Even so, the worst rates of the last 16 years. According to @ibgecomunica	2.0350316
Sat Dec 01 10:29:14 +0000 2018	@MichelTemer @mercosul @ItamaratyGovBr @g20org @BrasilBAires Japan’s ODA to China—End of a Momentous Foreign Policy Failure （8th November 2018 2:11 a.m.） https://t.co/9BzEjvDtSC #JAPANForward  #China　#HsiChinping　#XiJinping　#習近平　#シュウ・キンペイ #Invasion　#aggression  #SenkakuIslands #ShipofChinaCoastGuard　#Armedfishingvessel	1.8259892
Fri Nov 23 20:07:16 +0000 2018	The @museuafrobrasil celebrates the African influence in Brazil, including a rich legacy of traditions, religion, folkloric beliefs, cuisine, art, music, and sport. Visit the Museum in São Paulo city, at Ibirapuera Park. Visitation hours from Tuesday to Sunday, 10 a.m. to 5 p.m.	1.7310332
Thu Nov 29 16:04:03 +0000 2018	On Friday, President @MichelTemer and Foreign Minister @Aloysio_Nunes attend the #BRICS Summit in the morning and the #G20 Leaders' Summit in the afternoon. The events take place in Buenos Aires - Argentina 🇦🇷 @g20org	0.6728991
Sun Nov 25 13:16:06 +0000 2018	.@Mercosur recognizes a sacred site of the indigenous Guarani as cultural heritage. The region, known as Tava, integrates the south of Brazil, Argentina and Paraguay. The site is home to a great ethnic network for the memory and identity of the tribe. https://t.co/7LJptaL9KL	0.62253946
Thu Nov 08 11:40:35 +0000 2018	This week Brazil receives several looks, brushstrokes, movements and expressions in @MicBR_oficial. During the event, 40+ buyers from mostly South American countries were expected to attend business rounds. https://t.co/jEwTVf0W8u	0.5128622
Thu Dec 06 21:09:03 +0000 2018	A total of 231 inspection operations were carried out in the Amazon between August 2017 and July 2018, according to data released by @brasil_IBAMA at the Brazil Space during @COP24. #ClimateChange #ParisAgreement	0.50717676
Mon Dec 03 18:58:09 +0000 2018	Wondering where to go in South America? Brazil, Argentina, Uruguay, Paraguay and Bolivia have joined efforts to create a whole new experience for tourists by implementing an integrated guide tour about jesuit reductions. https://t.co/BBElqQVAFk	0.48564202
Fri Dec 07 21:24:37 +0000 2018	Trade balance in Brazil reached a US$ 4 billion surplus in November. Basic goods such as soy, sugar and meat were among the top sellers in the month. Read more: https://t.co/6QZRkcueH7 https://t.co/HSe7enc0hl	0.48564202
