created_at	text	_score
Sat Nov 10 06:19:01 +0000 2018	China's #digital economy reached 27.2 trillion yuan (nearly US$4 trillion) in 2017, accounting for 55 percent of the country's total GDP growth. #WorldInternetConference  https://t.co/1zsedmVs24 https://t.co/l5RWdlFEpw	225.28316
Fri Nov 09 07:36:07 +0000 2018	China's #digital economy reached 27.2 trillion yuan (nearly US$4 trillion) in 2017, accounting for 55 percent of the country's total GDP growth. #WorldInternetConference  https://t.co/1zsedmVs24 https://t.co/l5RWdlFEpw	225.28316
Thu Nov 08 10:36:32 +0000 2018	Huang Kunming, head of the Publicity Department of the CPC Central Committee, urges concerted efforts to build #digital world. #WorldInternetConference  https://t.co/1TtLXbT3FX https://t.co/qrIN2U3fV5	163.32399
Fri Dec 07 05:25:01 +0000 2018	RT @chinascio: Chinese premier urges technological innovation to support high-quality development. https://t.co/rt1sHB6X8s https://t.co/49D…	62.297546
Sun Dec 09 00:54:59 +0000 2018	RT @chinascio: Chinese premier urges technological innovation to support high-quality development. https://t.co/rt1sHB6X8s https://t.co/49D…	62.297546
Sun Dec 09 19:56:09 +0000 2018	RT @chinascio: Chinese premier urges technological innovation to support high-quality development. https://t.co/rt1sHB6X8s https://t.co/49D…	62.297546
Sun Dec 02 03:58:32 +0000 2018	@chinascio NEW DEFINITION OD DEATH LIVING CELL FUNCTIONS AT SUB ATOMIC LEVEL SUBATOMIC MOVEMENT OF S UBATOMIC PARTICLES MAKE CELL LIVE AND FUNCTIONAL AND LIVING ORGANISM ALIVE .WHEN SUBATOMIC MOVEMENT STOPS CELL DIES .ORGAN DIES AND LIVING ORGANISM DIESDrgianPrakashPHDDELHI https://t.co/DmhPa37wVb	61.30454
Mon Dec 10 16:23:48 +0000 2018	China's Chang'e-4 lunar probe was launched in the early hours of Saturday, and it is expected to make the first-ever soft landing on the far side of the moon. https://t.co/J6DREmKSHe	43.857075
Fri Nov 23 11:18:12 +0000 2018	RT @chinascio: Palace Museum adopts modern approaches to promote traditional culture. https://t.co/2OJ0nAKiAm https://t.co/sRgKoqazvr	41.20541
Fri Nov 23 02:56:03 +0000 2018	RT @chinascio: Palace Museum adopts modern approaches to promote traditional culture. https://t.co/2OJ0nAKiAm https://t.co/sRgKoqazvr	41.20541
Fri Nov 23 02:35:44 +0000 2018	RT @chinascio: Palace Museum adopts modern approaches to promote traditional culture. https://t.co/2OJ0nAKiAm https://t.co/sRgKoqazvr	41.20541
Fri Nov 23 02:48:34 +0000 2018	RT @chinascio: Palace Museum adopts modern approaches to promote traditional culture. https://t.co/2OJ0nAKiAm https://t.co/sRgKoqazvr	41.20541
Fri Nov 23 11:19:29 +0000 2018	RT @chinascio: Palace Museum adopts modern approaches to promote traditional culture. https://t.co/2OJ0nAKiAm https://t.co/sRgKoqazvr	41.20541
Fri Nov 23 01:45:47 +0000 2018	RT @chinascio: Palace Museum adopts modern approaches to promote traditional culture. https://t.co/2OJ0nAKiAm https://t.co/sRgKoqazvr	41.20541
Tue Nov 27 10:42:33 +0000 2018	RT @chinascio: Palace Museum adopts modern approaches to promote traditional culture. https://t.co/2OJ0nAKiAm https://t.co/sRgKoqazvr	41.20541
Thu Nov 29 01:49:00 +0000 2018	#China and #Spain agree to build on the 45th anniversary of the establishment of diplomatic ties to jointly promote the development of the relationship and deliver more benefit to the two peoples. https://t.co/F9lSkZIRFn https://t.co/yudrAMlhDV	36.26059
Thu Nov 29 05:35:38 +0000 2018	#China and #Spain agree to build on the 45th anniversary of the establishment of diplomatic ties to jointly promote the development of the relationship and deliver more benefit to the two peoples. https://t.co/F9lSkZIRFn https://t.co/yudrAMlhDV	36.26059
Sat Dec 08 01:45:47 +0000 2018	@realDonaldTrump @chinascio Hello, gentlemen. Perhaps we can make a public statement once again somehow with both of our leaders to reassure everyone that thing's are working out. There's still a lot of uncertainty. Keywords need to be said; like how certain and confident you are	35.164585
Thu Dec 06 08:45:19 +0000 2018	RT @chinascio: China's electric auto giant drives towards a #green future. https://t.co/xFg3ebevDq	32.582237
Thu Nov 22 06:41:23 +0000 2018	RT @chinascio: Chinese vice premier stresses high-quality construction of Beijing new #airport. https://t.co/PRzdJZa2Ea https://t.co/OMvwZA…	31.569328
Tue Dec 11 12:12:17 +0000 2018	Chinese Vice Premier Liu He on Tuesday called U.S. Treasury Secretary Steven Mnuchin and Trade Representative Robert Lighthizer on #trade disputes between the two countries. https://t.co/LAP8CjYi3H https://t.co/3G8wCkfkCt	28.618921
Wed Dec 05 05:06:38 +0000 2018	RT @chinascio: China shares a future of #cleanenergy with the world. https://t.co/Xmv4Al0wMq	26.568083
Sat Dec 08 01:50:49 +0000 2018	@realDonaldTrump @chinascio I honestly think there's still a way out of this, even though it seems really bad. Just take my advice; Bolster up the image of a good relationship between Trump and Xi. Focus on keywords like confidence and talk about progress and we might make it out	23.864944
Wed Dec 05 03:42:53 +0000 2018	RT @chinascio: Escaping #poverty! Chinese villager benefits from resettlement project. https://t.co/FGb8B2EHGF	23.80914
Thu Dec 06 18:28:42 +0000 2018	@realDonaldTrump @chinascio We had everything back on track, but we hit a few bumps in the road. We can do something about it right now and try to fix it. And once things are fixed we need to be very cautious. Watch what we say and do. The stock market is very sensitive right now	23.55026
Sun Nov 25 21:12:53 +0000 2018	@chinascio Cops and pedestrians brutality kill dogs in #Hangzhou and take them away from owners #hangzhoukilldogs #boycottchina #asiangames2022 @euronews @peta #chinatravel #chinaculture https://t.co/HSMBaLl8TJ	21.359823
Wed Nov 28 03:35:54 +0000 2018	RT @chinascio: #Confucius Institute bridges gap between cultures. https://t.co/Js06GaZ8o8 https://t.co/BRnhuitzfW	21.14167
Wed Nov 28 21:30:09 +0000 2018	RT @chinascio: #Confucius Institute bridges gap between cultures. https://t.co/Js06GaZ8o8 https://t.co/BRnhuitzfW	21.14167
Wed Nov 28 21:03:09 +0000 2018	RT @chinascio: #Confucius Institute bridges gap between cultures. https://t.co/Js06GaZ8o8 https://t.co/BRnhuitzfW	21.14167
Wed Nov 28 21:40:10 +0000 2018	RT @chinascio: #Confucius Institute bridges gap between cultures. https://t.co/Js06GaZ8o8 https://t.co/BRnhuitzfW	21.14167
Thu Nov 08 10:14:46 +0000 2018	RT @chinascio: China, #Russia eye enhanced mutual trust, economic ties. https://t.co/rki9HVZkyg https://t.co/RvctzJTXtN	20.733725
Fri Nov 09 11:46:33 +0000 2018	RT @chinascio: China, #Russia eye enhanced mutual trust, economic ties. https://t.co/rki9HVZkyg https://t.co/RvctzJTXtN	20.733725
Thu Nov 08 13:53:47 +0000 2018	RT @chinascio: China, #Russia eye enhanced mutual trust, economic ties. https://t.co/rki9HVZkyg https://t.co/RvctzJTXtN	20.733725
Thu Nov 08 10:39:34 +0000 2018	President #XiJinping stresses furthering reform and opening-up, elevating city core competitiveness during Shanghai inspection. https://t.co/BUBa8j9zHU https://t.co/XgEjj6kseD	20.154165
Thu Nov 08 13:53:17 +0000 2018	President #XiJinping stresses furthering reform and opening-up, elevating city core competitiveness during Shanghai inspection. https://t.co/BUBa8j9zHU https://t.co/XgEjj6kseD	20.154165
Thu Dec 06 18:26:24 +0000 2018	@realDonaldTrump @chinascio Hello gentlemen. Stocks are in bad shape again. I had an idea to help them recover and hopefully remain strong. Perhaps we can schedule another big meeting between top trade advisors. Something big enough to rattle the headlines with something positive	19.525717
Sat Nov 24 06:03:15 +0000 2018	RT @chinascio: Free Trade Zones expanding as #China further opens up. https://t.co/3130CHJ0SE	19.35151
Fri Nov 23 01:18:08 +0000 2018	RT @chinascio: Free Trade Zones expanding as #China further opens up. https://t.co/3130CHJ0SE	19.35151
Sun Dec 02 01:10:42 +0000 2018	Leaders of #China, #Russia and #India had an in-depth exchange of views on cooperation among their countries under new circumstances at an informal meeting on the sidelines of the #G20Summit2018. https://t.co/FmSCJTOSiR https://t.co/MLYKgNQvYl	18.821722
Thu Nov 29 11:08:46 +0000 2018	RT @chinascio: President #XiJinping meets Spanish king to cement friendship, enhance cooperation. https://t.co/4bvyGvXqkq https://t.co/xPRu…	17.694622
Fri Nov 30 15:35:44 +0000 2018	RT @chinascio: President #XiJinping meets Spanish king to cement friendship, enhance cooperation. https://t.co/4bvyGvXqkq https://t.co/xPRu…	17.694622
Tue Dec 11 01:49:35 +0000 2018	RT @chinascio: China, #Germany pledge to jointly protect free trade, world order. https://t.co/VjrkxqGgxY https://t.co/F44xEobUA3	17.57744
Thu Nov 22 13:51:37 +0000 2018	@chinascio China Xinhua net and 16 banks to participate in Yunnan Fanya fraud citizens 43 billion yuan.   https://t.co/QNJWxnVoh4 #郭文贵 #习近平 #彭丽媛 #王沪宁 #李克强 #汪洋 #栗战书 #中兴 #丁薛祥 #范冰冰 #特朗普 #一带一路 #中美贸易战 #李希 #孟亮 #孟建柱 #大撒币 #王岐山 #China #XiJinping	16.970556
Wed Nov 28 10:16:24 +0000 2018	@chinascio China Xinhua net and 16 banks to participate in Yunnan Fanya fraud citizens 43 billion yuan.   https://t.co/Uw8HT4CmPX #郭文贵 #习近平 #彭丽媛 #王沪宁 #李克强 #汪洋 #栗战书 #中兴 #丁薛祥 #范冰冰 #特朗普 #一带一路 #中美贸易战 #李希 #孟亮 #孟建柱 #大撒币 #王岐山 #China #XiJinping	16.970556
Mon Nov 26 01:52:14 +0000 2018	RT @chinascio: 1st China College Students’ #Innovation and #Entrepreneurship Competition held in Qingdao. https://t.co/f3LTcHneoc https://t…	16.682287
Wed Nov 07 03:21:19 +0000 2018	@chinascio @BillGates China Xinhua net and 16 banks to participate in Yunnan Fanya fraud citizens 43 billion yuan.  #郭文贵 #特朗普 #刘强东 #习近平 #彭丽媛 #华为 #李克强 #贸易战 #金正恩 #王岐山 #范冰冰 #马云 #China #乌镇互联网大会 #孟宏伟 #赵乐际 #丁薛祥 #一帶一路 #泛亚 #王毅 https://t.co/RmwKPIRwLt	16.34382
Mon Nov 26 10:27:23 +0000 2018	@chinascio 😇I do not know the alloy of that material.,.,. but not only should noise be taken into account.,.,. and dilatation with changes in temperature.,.,. and earth movements.,.,. I hope that you have already taken into account. ♥ 😇With the hope of helping! 🙏😇	15.798041
Wed Nov 07 03:20:48 +0000 2018	@chinascio China Xinhua net and 16 banks to participate in Yunnan Fanya fraud citizens 43 billion yuan.  #郭文贵 #特朗普 #刘强东 #习近平 #彭丽媛 #华为 #李克强 #贸易战 #金正恩 #王岐山 #范冰冰 #马云 #China #国际刑警组织 #孟宏伟 #赵乐际 #丁薛祥 #一帶一路 #泛亚 #王毅 https://t.co/RmwKPIRwLt	15.580916
Fri Dec 07 04:26:52 +0000 2018	Guo Weimin, vice minister of the State Council Information Office of China, met with U.S. media representatives from the @NPR, @Bloomberg News, @WSJ, and the @CookPolitical. @garyrosenWSJ  https://t.co/st1Ax7lEnL https://t.co/Fm9rgzMvHM	15.0218525
Sun Dec 09 19:56:19 +0000 2018	Guo Weimin, vice minister of the State Council Information Office of China, met with U.S. media representatives from the @NPR, @Bloomberg News, @WSJ, and the @CookPolitical. @garyrosenWSJ  https://t.co/st1Ax7lEnL https://t.co/Fm9rgzMvHM	15.0218525
Tue Dec 11 10:13:26 +0000 2018	Guo Weimin, vice minister of the State Council Information Office of China, met with U.S. media representatives from the @NPR, @Bloomberg News, @WSJ, and the @CookPolitical. @garyrosenWSJ  https://t.co/st1Ax7lEnL https://t.co/Fm9rgzMvHM	15.0218525
Wed Nov 28 03:28:36 +0000 2018	China calls on countries to use the upcoming #G20 Summit to tackle climate change issues and reaffirm the commitment to the landmark Paris climate accord. https://t.co/gP44mmWUOn https://t.co/GLH0MBN58p	15.016547
Wed Nov 28 12:02:30 +0000 2018	RT @chinascio: China allocates 90.98 bln yuan (about 13 billion U.S. dollars) for #poverty alleviation. https://t.co/5ogEFYSOYG https://t.c…	14.199991
Wed Nov 28 21:03:00 +0000 2018	RT @chinascio: China allocates 90.98 bln yuan (about 13 billion U.S. dollars) for #poverty alleviation. https://t.co/5ogEFYSOYG https://t.c…	14.199991
Sat Nov 10 12:02:54 +0000 2018	RT @chinascio: Battling China's largest #desert: Oasis emerges after 3 decades of greening. https://t.co/8NVDeBLKli	13.801238
Wed Nov 07 05:43:56 +0000 2018	"China will adhere to opening-up, multilateralism, Premier Li said at the third ""1+6"" Roundtable with leaders of major international economic and financial institutions in Beijing. https://t.co/tmzAVFTLWY https://t.co/PHrf5hv54a"	13.316536
Sat Dec 08 01:48:41 +0000 2018	@realDonaldTrump @chinascio This is my advice to you both: If your meeting was in fact pleasant then please use this image of you both to help get us out of this terrible stock market situation. If you're making calls in private, communicating in some other way, whatever it takes	12.8263855
Thu Nov 22 13:51:12 +0000 2018	RT @chinascio: Full text of China-#Philippines joint statement. https://t.co/c8FccTuq6O https://t.co/CwahqdhC9O	12.825031
Sat Nov 24 06:02:40 +0000 2018	RT @chinascio: Full text of China-#Philippines joint statement. https://t.co/c8FccTuq6O https://t.co/CwahqdhC9O	12.825031
Thu Nov 22 23:17:22 +0000 2018	RT @chinascio: Full text of China-#Philippines joint statement. https://t.co/c8FccTuq6O https://t.co/CwahqdhC9O	12.825031
Mon Nov 26 01:17:36 +0000 2018	RT @chinascio: Full text of China-#Philippines joint statement. https://t.co/c8FccTuq6O https://t.co/CwahqdhC9O	12.825031
Mon Dec 03 04:15:04 +0000 2018	"Chinese President Xi Jinping and his U.S. counterpart Donald Trump held a ""highly successful meeting"" in Buenos Aires on Saturday, reaching important consensus and agreeing not to impose new additional tariffs. https://t.co/NC8pbpodhy https://t.co/akVkrZaBL2"	12.476644
Mon Dec 03 04:14:34 +0000 2018	"Chinese President Xi Jinping and his U.S. counterpart Donald Trump held a ""highly successful meeting"" in Buenos Aires on Saturday, reaching important consensus and agreeing not to impose new additional tariffs. https://t.co/NC8pbpodhy https://t.co/akVkrZaBL2"	12.476644
Mon Dec 03 04:21:54 +0000 2018	"Chinese President Xi Jinping and his U.S. counterpart Donald Trump held a ""highly successful meeting"" in Buenos Aires on Saturday, reaching important consensus and agreeing not to impose new additional tariffs. https://t.co/NC8pbpodhy https://t.co/akVkrZaBL2"	12.476644
Wed Dec 05 08:30:15 +0000 2018	"Chinese President Xi Jinping and his U.S. counterpart Donald Trump held a ""highly successful meeting"" in Buenos Aires on Saturday, reaching important consensus and agreeing not to impose new additional tariffs. https://t.co/NC8pbpodhy https://t.co/akVkrZaBL2"	12.476644
Mon Dec 03 01:47:57 +0000 2018	"Chinese President Xi Jinping and his U.S. counterpart Donald Trump held a ""highly successful meeting"" in Buenos Aires on Saturday, reaching important consensus and agreeing not to impose new additional tariffs. https://t.co/NC8pbpodhy https://t.co/akVkrZaBL2"	12.476644
Mon Dec 03 04:05:18 +0000 2018	RT @chinascio: Traveling through mountains and across water! New #railway in east China in trial operation. https://t.co/3VAxwSuMXJ	11.6275015
Sun Dec 09 19:55:53 +0000 2018	RT @chinascio: China to put 10 new #railways into service by end-2018. https://t.co/2xLmypMfbS https://t.co/NKsulwLi4A	11.269312
Wed Dec 12 05:54:07 +0000 2018	@chinascio See the logo in the right hand corner, see what the diagram depicts......	10.650899
Thu Nov 08 06:15:40 +0000 2018	@chinascio @Reuters China Xinhua net and 16 banks to participate in Yunnan Fanya fraud citizens 43 billion yuan.   https://t.co/rBqt8uV6yZ	9.925665
Sat Nov 24 17:03:32 +0000 2018	@chinascio New Nazi Leader Adolf Shi Cinping   #UygurİçinTekYürek #UygurİçinTekYürek #UygurİçinTekYürek #UygurİçinTekYürek #UygurİçinTekYürek #UygurİçinTekYürek #UygurİçinTekYürek #UygurİçinTekYürek #UygurİçinTekYürek #UygurİçinTekYürek #UygurİçinTekYürek #UygurİçinTekYürek https://t.co/4pGL2Q7A25	9.450548
Wed Nov 28 03:36:29 +0000 2018	RT @chinascio: #Confucius family's secret legacy comes to light. https://t.co/VVhzg5LDV6	8.973565
Mon Nov 26 01:18:36 +0000 2018	Chinese President #XiJinping arrived for a state visit to #Brunei, the first by a Chinese head of state in 13 years to the Southeastern Asian country. https://t.co/ek0F9UAedm https://t.co/HdzdWWOwVQ	8.79299
Wed Nov 28 03:16:20 +0000 2018	All high-speed #railway stations across China will allow passengers to check in without a paper ticket next year. https://t.co/GZWWJ0Zzwl https://t.co/HsmnA6dQIs	8.265373
Wed Nov 28 09:40:18 +0000 2018	RT @chinascio: #BeltandRoad train enhances cooperation between China, #Europe. https://t.co/G775lBXc2i	8.045441
Wed Nov 07 19:32:53 +0000 2018	RT @chinascio: China, #Pakistan to upgrade all-weather strategic partnership. https://t.co/ezQXp708X5 https://t.co/jFYRvipHTY	7.851779
Thu Nov 08 07:37:30 +0000 2018	RT @chinascio: Checking in a smart B&amp;B in host town of 5th #WorldInternetConference. https://t.co/4vkXhOxujF	7.774944
Wed Dec 12 00:58:56 +0000 2018	RT @chinascio: Book of President Xi Jinping's remarks on #BeltandRoad Initiative published. https://t.co/AodPffAv7k https://t.co/q3dMeKnahz	7.1653996
Wed Dec 05 03:11:30 +0000 2018	The mainland will only open wider and wider to #Taiwan, with ever-improving policies and services, according to top political advisor Wang Yang. https://t.co/D4kezwg8cl https://t.co/Wx2QRJX6yn	6.844244
Wed Dec 05 02:20:53 +0000 2018	The mainland will only open wider and wider to #Taiwan, with ever-improving policies and services, according to top political advisor Wang Yang. https://t.co/D4kezwg8cl https://t.co/Wx2QRJX6yn	6.844244
Wed Dec 05 02:20:09 +0000 2018	The mainland will only open wider and wider to #Taiwan, with ever-improving policies and services, according to top political advisor Wang Yang. https://t.co/D4kezwg8cl https://t.co/Wx2QRJX6yn	6.844244
Mon Nov 26 01:13:18 +0000 2018	RT @chinascio: Secret of China's high-speed bullet #train going jerk-free, less noisy. https://t.co/Rpd5dXmvrz	6.1918077
Mon Nov 26 01:17:14 +0000 2018	Chinese President #XiJinping's upcoming visits to Spain, Argentina, Panama and Portugal will intensify respective bilateral ties and G20 cooperation. https://t.co/QT71eRu54h https://t.co/sFCAdfkwga	6.0755334
Tue Nov 27 08:12:06 +0000 2018	Chinese President #XiJinping's upcoming visits to Spain, Argentina, Panama and Portugal will intensify respective bilateral ties and G20 cooperation. https://t.co/QT71eRu54h https://t.co/sFCAdfkwga	6.0755334
Tue Nov 27 08:35:36 +0000 2018	RT @chinascio: Chinese firm launches road upgrading project in central #Laos. https://t.co/11qADNHwbZ	5.8120317
Sun Dec 09 19:56:01 +0000 2018	RT @chinascio: How far have Shenzhen, Xi'an and #Shanghai gone in 40 years of opening-up? https://t.co/yADCv6cBbH	5.687971
Mon Dec 10 10:30:10 +0000 2018	RT @chinascio: China's first #3Dprinted pedestrian bridge to be put into use in #Shanghai. https://t.co/2hLDy019Qz	5.570398
Wed Nov 21 22:39:38 +0000 2018	RT @chinascio: China, #Philippines agree to upgrade ties, jointly build #BeltandRoad. https://t.co/qb0uef1Znh https://t.co/b3NegqUhoT	5.5394464
Thu Nov 08 08:38:18 +0000 2018	@chinascio I should make the trip there.	5.433283
Thu Nov 29 19:14:17 +0000 2018	Chinese President #XiJinping addresses the two houses of Spanish parliament, the Senate and the Congress of Deputies, in Madrid. https://t.co/xy0qQ65bkV https://t.co/n3kl2cArEO	5.139229
Thu Nov 29 04:43:49 +0000 2018	Chinese President #XiJinping addresses the two houses of Spanish parliament, the Senate and the Congress of Deputies, in Madrid. https://t.co/xy0qQ65bkV https://t.co/n3kl2cArEO	5.139229
Tue Nov 27 08:46:23 +0000 2018	Chinese State Councilor and Foreign Minister Wang Yi met with a visiting delegation of permanent representatives of the #UN Security Council members. https://t.co/yhEbLMnrgu https://t.co/5PKu7zWV4y	5.0626907
Tue Nov 27 08:43:59 +0000 2018	Chinese State Councilor and Foreign Minister Wang Yi met with a visiting delegation of permanent representatives of the #UN Security Council members. https://t.co/yhEbLMnrgu https://t.co/5PKu7zWV4y	5.0626907
Tue Nov 27 01:05:17 +0000 2018	Chinese State Councilor and Foreign Minister Wang Yi met with a visiting delegation of permanent representatives of the #UN Security Council members. https://t.co/yhEbLMnrgu https://t.co/5PKu7zWV4y	5.0626907
Fri Nov 30 23:18:25 +0000 2018	Chinese State Councilor and Foreign Minister Wang Yi met with a visiting delegation of permanent representatives of the #UN Security Council members. https://t.co/yhEbLMnrgu https://t.co/5PKu7zWV4y	5.0626907
Thu Dec 06 00:11:09 +0000 2018	Chinese State Councilor and Foreign Minister Wang Yi met with a visiting delegation of permanent representatives of the #UN Security Council members. https://t.co/yhEbLMnrgu https://t.co/5PKu7zWV4y	5.0626907
Wed Nov 28 21:12:39 +0000 2018	Chinese State Councilor and Foreign Minister Wang Yi met with a visiting delegation of permanent representatives of the #UN Security Council members. https://t.co/yhEbLMnrgu https://t.co/5PKu7zWV4y	5.0626907
Thu Nov 22 01:50:13 +0000 2018	RT @chinascio: China, #Philippines agree to step up legislative exchanges. https://t.co/yx9wTmWbzJ https://t.co/p2ML2C8B6x	4.9371524
Sun Dec 09 00:54:44 +0000 2018	The exhibition to commemorate the 40th anniversary of China's reform and opening-up has received more than 1 million visits as of Thursday, according to the organizer. https://t.co/Ddd5eTVoKI https://t.co/XC2Qpn8IBm	4.884594
Wed Dec 12 10:12:25 +0000 2018	How fast and #stable is China's high-speed train? A pen with a coin on its top stands on edge as the train moves ahead. https://t.co/0mF6wQ6k58	4.678983
Mon Nov 26 01:18:24 +0000 2018	RT @chinascio: Chinese-built petrochemical complex in #Brunei to be put into operation. #BeltandRoad https://t.co/pKwYa7KRb6	4.431557
Tue Dec 11 01:29:15 +0000 2018	RT @chinascio: China builds railway arch #bridge with world's longest span. https://t.co/VdIfiLK66B https://t.co/7FINf5Gwgn	4.431557
Thu Nov 29 09:08:08 +0000 2018	"#G20Argentina ""Anticipation and challenge"" via @chinascio"	4.3339405
Mon Nov 26 01:17:54 +0000 2018	RT @chinascio: New types of high-speed trains on debut in China. https://t.co/T6IrZaDY71 https://t.co/lTUIxpny0N	4.138266
Thu Nov 29 20:23:23 +0000 2018	RT @chinascio: #G20 summit: Anticipation and challenge. https://t.co/84s0VcTt0e	3.847417
Thu Dec 06 00:12:31 +0000 2018	RT @chinascio: #G20 summit: Anticipation and challenge. https://t.co/84s0VcTt0e	3.847417
Thu Dec 06 00:22:37 +0000 2018	RT @chinascio: #G20 summit: Anticipation and challenge. https://t.co/84s0VcTt0e	3.847417
Thu Dec 06 00:28:01 +0000 2018	RT @chinascio: #G20 summit: Anticipation and challenge. https://t.co/84s0VcTt0e	3.847417
Thu Nov 29 11:26:39 +0000 2018	RT @chinascio: #G20 summit: Anticipation and challenge. https://t.co/84s0VcTt0e	3.847417
Thu Nov 29 09:10:00 +0000 2018	RT @chinascio: #G20 summit: Anticipation and challenge. https://t.co/84s0VcTt0e	3.847417
Thu Nov 29 09:08:52 +0000 2018	RT @chinascio: #G20 summit: Anticipation and challenge. https://t.co/84s0VcTt0e	3.847417
Thu Nov 29 19:13:56 +0000 2018	RT @chinascio: #G20 summit: Anticipation and challenge. https://t.co/84s0VcTt0e	3.847417
Sat Dec 08 14:43:25 +0000 2018	RT @chinascio: #G20 summit: Anticipation and challenge. https://t.co/84s0VcTt0e	3.847417
Thu Nov 29 09:09:57 +0000 2018	"RT @GlobalTimes_eu: #G20Argentina ""Anticipation and challenge"" via @chinascio https://t.co/kXItpRnZRt"	3.7423882
Thu Nov 08 12:23:38 +0000 2018	RT @chinascio: Xinhua's first English #AI anchor makes debut. https://t.co/CGKZe2f7UU	3.5335386
Fri Nov 09 13:44:41 +0000 2018	RT @chinascio: Chinese Premier Li Keqiang to visit #Singapore and attend #ASEAN meetings. https://t.co/AKmiWql2kE https://t.co/DXBT2VDPLT	3.0715878
Fri Nov 23 11:15:17 +0000 2018	RT @chinascio: China-#LatinAmerica and the Caribbean media forum kicks off in #Argentina. https://t.co/vTTvKNilYm https://t.co/J8jborfKQM	3.0715878
Fri Nov 23 02:48:22 +0000 2018	RT @chinascio: China-#LatinAmerica and the Caribbean media forum kicks off in #Argentina. https://t.co/vTTvKNilYm https://t.co/J8jborfKQM	3.0715878
Mon Nov 26 01:18:03 +0000 2018	RT @chinascio: China-#LatinAmerica and the Caribbean media forum kicks off in #Argentina. https://t.co/vTTvKNilYm https://t.co/J8jborfKQM	3.0715878
Thu Nov 29 11:48:03 +0000 2018	RT @chinascio: 40 years, 5 minutes: How has #China changed? https://t.co/jSYhMboNye	3.022739
Tue Nov 06 19:10:01 +0000 2018	RT @chinascio: Beijing, Tianjin and Hebei to present annual Spring Festival celebration in US. https://t.co/hLWQnZgQ9s https://t.co/grrNGnJ…	3.0042753
Wed Nov 07 05:44:30 +0000 2018	RT @chinascio: Beijing, Tianjin and Hebei to present annual Spring Festival celebration in US. https://t.co/hLWQnZgQ9s https://t.co/grrNGnJ…	3.0042753
Wed Nov 28 21:03:15 +0000 2018	RT @chinascio: Full Video: SCIO briefing on China's Policies and Actions for Addressing #ClimateChange (2018). https://t.co/mZH85lZ750 来自 @…	3.0042753
Sun Dec 09 19:55:46 +0000 2018	RT @chinascio: Technological advances bring sweeping changes to China's Inner Mongolia over past 40 years. https://t.co/WYXGaML0y8 https://…	2.6163833
Tue Nov 27 07:21:50 +0000 2018	Chinese president #XiJinping leaves for Spain, Argentina, Panama, Portugal visits, G20 summit. https://t.co/3I5fT6ylNc https://t.co/2SnEq0HlFQ	1.0921559
Wed Nov 28 03:36:40 +0000 2018	Chinese president #XiJinping leaves for Spain, Argentina, Panama, Portugal visits, G20 summit. https://t.co/3I5fT6ylNc https://t.co/2SnEq0HlFQ	1.0921559
Wed Nov 21 22:41:08 +0000 2018	#Kazakh Prime Minister Bakytzhan Sagintayev will pay an official visit to China from Nov 21 to 22 at the invitation of Premier Li Keqiang. https://t.co/n7bej5AoRj https://t.co/fklEZqJrJx	1.0615208
Wed Nov 28 13:20:04 +0000 2018	Chinese president #XiJinping arrives in #Spain for state visit. It is the first visit by a Chinese head of state to the European nation in 13 years. https://t.co/j4s82Divuu https://t.co/pTbnNNqAMT	0.9125374
Wed Nov 28 21:02:54 +0000 2018	Chinese president #XiJinping arrives in #Spain for state visit. It is the first visit by a Chinese head of state to the European nation in 13 years. https://t.co/j4s82Divuu https://t.co/pTbnNNqAMT	0.9125374
Wed Nov 07 06:54:41 +0000 2018	RT @chinascio: China's J-10B TVC fighter wows audience with surprise performance. #ZhuhaiAirShow https://t.co/wfeinkSEM5	0.0
Thu Nov 22 08:05:18 +0000 2018	RT @chinascio: Moments forever: Chinese people's changes in #fashions over past 4 decades. https://t.co/GOjfRtajxx https://t.co/9XNoQCS2JY	0.0
Sat Nov 24 06:03:00 +0000 2018	RT @chinascio: Moments forever: Chinese people's changes in #fashions over past 4 decades. https://t.co/GOjfRtajxx https://t.co/9XNoQCS2JY	0.0
Fri Nov 23 01:18:03 +0000 2018	RT @chinascio: Moments forever: Chinese people's changes in #fashions over past 4 decades. https://t.co/GOjfRtajxx https://t.co/9XNoQCS2JY	0.0
Thu Nov 22 08:03:57 +0000 2018	RT @chinascio: Moments forever: Chinese people's changes in #fashions over past 4 decades. https://t.co/GOjfRtajxx https://t.co/9XNoQCS2JY	0.0
Fri Nov 23 18:57:27 +0000 2018	RT @chinascio: Moments forever: Chinese people's changes in #fashions over past 4 decades. https://t.co/GOjfRtajxx https://t.co/9XNoQCS2JY	0.0
Tue Nov 27 08:43:11 +0000 2018	RT @chinascio: China Spokespersons Forum is held at Peking University in Beijing. https://t.co/kIbnFIqA3v https://t.co/D3JXqAPtLo	0.0
Tue Nov 27 08:46:31 +0000 2018	RT @chinascio: China Spokespersons Forum is held at Peking University in Beijing. https://t.co/kIbnFIqA3v https://t.co/D3JXqAPtLo	0.0
Sun Dec 02 01:10:34 +0000 2018	RT @chinascio: Full text of President #XiJinping's remarks at Session I of #G20Summit2018 in Buenos Aires. https://t.co/OtdrAlpgLa https://…	0.0
Sun Dec 02 04:51:50 +0000 2018	RT @chinascio: Full text of President #XiJinping's remarks at Session I of #G20Summit2018 in Buenos Aires. https://t.co/OtdrAlpgLa https://…	0.0
Thu Nov 29 11:08:54 +0000 2018	RT @chinascio: China's #Tibetan medicinal bathing listed as Intangible Cultural Heritage. https://t.co/wNNpClsDaD https://t.co/R5AEtLQUCl	0.0
