created_at	text	_score
Wed Nov 07 05:43:56 +0000 2018	"China will adhere to opening-up, multilateralism, Premier Li said at the third ""1+6"" Roundtable with leaders of major international economic and financial institutions in Beijing. https://t.co/tmzAVFTLWY https://t.co/PHrf5hv54a"	238.19424
Tue Dec 11 12:12:17 +0000 2018	Chinese Vice Premier Liu He on Tuesday called U.S. Treasury Secretary Steven Mnuchin and Trade Representative Robert Lighthizer on #trade disputes between the two countries. https://t.co/LAP8CjYi3H https://t.co/3G8wCkfkCt	237.47029
Sat Nov 24 06:03:15 +0000 2018	RT @chinascio: Free Trade Zones expanding as #China further opens up. https://t.co/3130CHJ0SE	175.84535
Fri Nov 23 01:18:08 +0000 2018	RT @chinascio: Free Trade Zones expanding as #China further opens up. https://t.co/3130CHJ0SE	175.84535
Tue Dec 11 01:49:35 +0000 2018	RT @chinascio: China, #Germany pledge to jointly protect free trade, world order. https://t.co/VjrkxqGgxY https://t.co/F44xEobUA3	163.90329
Thu Dec 06 18:26:24 +0000 2018	@realDonaldTrump @chinascio Hello gentlemen. Stocks are in bad shape again. I had an idea to help them recover and hopefully remain strong. Perhaps we can schedule another big meeting between top trade advisors. Something big enough to rattle the headlines with something positive	116.171776
Sat Nov 10 06:19:01 +0000 2018	China's #digital economy reached 27.2 trillion yuan (nearly US$4 trillion) in 2017, accounting for 55 percent of the country's total GDP growth. #WorldInternetConference  https://t.co/1zsedmVs24 https://t.co/l5RWdlFEpw	90.41471
Fri Nov 09 07:36:07 +0000 2018	China's #digital economy reached 27.2 trillion yuan (nearly US$4 trillion) in 2017, accounting for 55 percent of the country's total GDP growth. #WorldInternetConference  https://t.co/1zsedmVs24 https://t.co/l5RWdlFEpw	90.41471
Wed Dec 05 03:11:30 +0000 2018	The mainland will only open wider and wider to #Taiwan, with ever-improving policies and services, according to top political advisor Wang Yang. https://t.co/D4kezwg8cl https://t.co/Wx2QRJX6yn	68.24022
Wed Dec 05 02:20:53 +0000 2018	The mainland will only open wider and wider to #Taiwan, with ever-improving policies and services, according to top political advisor Wang Yang. https://t.co/D4kezwg8cl https://t.co/Wx2QRJX6yn	68.24022
Wed Dec 05 02:20:09 +0000 2018	The mainland will only open wider and wider to #Taiwan, with ever-improving policies and services, according to top political advisor Wang Yang. https://t.co/D4kezwg8cl https://t.co/Wx2QRJX6yn	68.24022
Mon Nov 26 01:17:14 +0000 2018	Chinese President #XiJinping's upcoming visits to Spain, Argentina, Panama and Portugal will intensify respective bilateral ties and G20 cooperation. https://t.co/QT71eRu54h https://t.co/sFCAdfkwga	64.480774
Tue Nov 27 08:12:06 +0000 2018	Chinese President #XiJinping's upcoming visits to Spain, Argentina, Panama and Portugal will intensify respective bilateral ties and G20 cooperation. https://t.co/QT71eRu54h https://t.co/sFCAdfkwga	64.480774
Thu Nov 08 10:36:32 +0000 2018	Huang Kunming, head of the Publicity Department of the CPC Central Committee, urges concerted efforts to build #digital world. #WorldInternetConference  https://t.co/1TtLXbT3FX https://t.co/qrIN2U3fV5	59.93344
Wed Dec 05 05:06:38 +0000 2018	RT @chinascio: China shares a future of #cleanenergy with the world. https://t.co/Xmv4Al0wMq	55.12007
Fri Dec 07 05:25:01 +0000 2018	RT @chinascio: Chinese premier urges technological innovation to support high-quality development. https://t.co/rt1sHB6X8s https://t.co/49D…	55.02276
Sun Dec 09 00:54:59 +0000 2018	RT @chinascio: Chinese premier urges technological innovation to support high-quality development. https://t.co/rt1sHB6X8s https://t.co/49D…	55.02276
Sun Dec 09 19:56:09 +0000 2018	RT @chinascio: Chinese premier urges technological innovation to support high-quality development. https://t.co/rt1sHB6X8s https://t.co/49D…	55.02276
Wed Nov 28 03:28:36 +0000 2018	China calls on countries to use the upcoming #G20 Summit to tackle climate change issues and reaffirm the commitment to the landmark Paris climate accord. https://t.co/gP44mmWUOn https://t.co/GLH0MBN58p	53.101128
Wed Dec 12 10:12:25 +0000 2018	How fast and #stable is China's high-speed train? A pen with a coin on its top stands on edge as the train moves ahead. https://t.co/0mF6wQ6k58	52.33181
Thu Dec 06 18:28:42 +0000 2018	@realDonaldTrump @chinascio We had everything back on track, but we hit a few bumps in the road. We can do something about it right now and try to fix it. And once things are fixed we need to be very cautious. Watch what we say and do. The stock market is very sensitive right now	47.746647
Thu Nov 08 10:39:34 +0000 2018	President #XiJinping stresses furthering reform and opening-up, elevating city core competitiveness during Shanghai inspection. https://t.co/BUBa8j9zHU https://t.co/XgEjj6kseD	43.531197
Thu Nov 08 13:53:17 +0000 2018	President #XiJinping stresses furthering reform and opening-up, elevating city core competitiveness during Shanghai inspection. https://t.co/BUBa8j9zHU https://t.co/XgEjj6kseD	43.531197
Thu Nov 22 13:51:37 +0000 2018	@chinascio China Xinhua net and 16 banks to participate in Yunnan Fanya fraud citizens 43 billion yuan.   https://t.co/QNJWxnVoh4 #郭文贵 #习近平 #彭丽媛 #王沪宁 #李克强 #汪洋 #栗战书 #中兴 #丁薛祥 #范冰冰 #特朗普 #一带一路 #中美贸易战 #李希 #孟亮 #孟建柱 #大撒币 #王岐山 #China #XiJinping	40.953125
Wed Nov 28 10:16:24 +0000 2018	@chinascio China Xinhua net and 16 banks to participate in Yunnan Fanya fraud citizens 43 billion yuan.   https://t.co/Uw8HT4CmPX #郭文贵 #习近平 #彭丽媛 #王沪宁 #李克强 #汪洋 #栗战书 #中兴 #丁薛祥 #范冰冰 #特朗普 #一带一路 #中美贸易战 #李希 #孟亮 #孟建柱 #大撒币 #王岐山 #China #XiJinping	40.953125
Wed Nov 07 03:21:19 +0000 2018	@chinascio @BillGates China Xinhua net and 16 banks to participate in Yunnan Fanya fraud citizens 43 billion yuan.  #郭文贵 #特朗普 #刘强东 #习近平 #彭丽媛 #华为 #李克强 #贸易战 #金正恩 #王岐山 #范冰冰 #马云 #China #乌镇互联网大会 #孟宏伟 #赵乐际 #丁薛祥 #一帶一路 #泛亚 #王毅 https://t.co/RmwKPIRwLt	39.493073
Thu Nov 08 12:23:38 +0000 2018	RT @chinascio: Xinhua's first English #AI anchor makes debut. https://t.co/CGKZe2f7UU	38.158974
Wed Nov 07 03:20:48 +0000 2018	@chinascio China Xinhua net and 16 banks to participate in Yunnan Fanya fraud citizens 43 billion yuan.  #郭文贵 #特朗普 #刘强东 #习近平 #彭丽媛 #华为 #李克强 #贸易战 #金正恩 #王岐山 #范冰冰 #马云 #China #国际刑警组织 #孟宏伟 #赵乐际 #丁薛祥 #一帶一路 #泛亚 #王毅 https://t.co/RmwKPIRwLt	37.483578
Sun Dec 09 00:54:44 +0000 2018	The exhibition to commemorate the 40th anniversary of China's reform and opening-up has received more than 1 million visits as of Thursday, according to the organizer. https://t.co/Ddd5eTVoKI https://t.co/XC2Qpn8IBm	33.92939
Thu Dec 06 08:45:19 +0000 2018	RT @chinascio: China's electric auto giant drives towards a #green future. https://t.co/xFg3ebevDq	33.210102
Mon Nov 26 01:17:54 +0000 2018	RT @chinascio: New types of high-speed trains on debut in China. https://t.co/T6IrZaDY71 https://t.co/lTUIxpny0N	32.911583
Mon Nov 26 10:27:23 +0000 2018	@chinascio 😇I do not know the alloy of that material.,.,. but not only should noise be taken into account.,.,. and dilatation with changes in temperature.,.,. and earth movements.,.,. I hope that you have already taken into account. ♥ 😇With the hope of helping! 🙏😇	31.430513
Fri Nov 23 11:18:12 +0000 2018	RT @chinascio: Palace Museum adopts modern approaches to promote traditional culture. https://t.co/2OJ0nAKiAm https://t.co/sRgKoqazvr	28.970541
Fri Nov 23 02:56:03 +0000 2018	RT @chinascio: Palace Museum adopts modern approaches to promote traditional culture. https://t.co/2OJ0nAKiAm https://t.co/sRgKoqazvr	28.970541
Fri Nov 23 02:35:44 +0000 2018	RT @chinascio: Palace Museum adopts modern approaches to promote traditional culture. https://t.co/2OJ0nAKiAm https://t.co/sRgKoqazvr	28.970541
Fri Nov 23 02:48:34 +0000 2018	RT @chinascio: Palace Museum adopts modern approaches to promote traditional culture. https://t.co/2OJ0nAKiAm https://t.co/sRgKoqazvr	28.970541
Fri Nov 23 11:19:29 +0000 2018	RT @chinascio: Palace Museum adopts modern approaches to promote traditional culture. https://t.co/2OJ0nAKiAm https://t.co/sRgKoqazvr	28.970541
Fri Nov 23 01:45:47 +0000 2018	RT @chinascio: Palace Museum adopts modern approaches to promote traditional culture. https://t.co/2OJ0nAKiAm https://t.co/sRgKoqazvr	28.970541
Tue Nov 27 10:42:33 +0000 2018	RT @chinascio: Palace Museum adopts modern approaches to promote traditional culture. https://t.co/2OJ0nAKiAm https://t.co/sRgKoqazvr	28.970541
Sun Dec 02 01:10:42 +0000 2018	Leaders of #China, #Russia and #India had an in-depth exchange of views on cooperation among their countries under new circumstances at an informal meeting on the sidelines of the #G20Summit2018. https://t.co/FmSCJTOSiR https://t.co/MLYKgNQvYl	28.620382
Thu Nov 29 20:23:23 +0000 2018	RT @chinascio: #G20 summit: Anticipation and challenge. https://t.co/84s0VcTt0e	27.636206
Thu Dec 06 00:12:31 +0000 2018	RT @chinascio: #G20 summit: Anticipation and challenge. https://t.co/84s0VcTt0e	27.636206
Thu Dec 06 00:22:37 +0000 2018	RT @chinascio: #G20 summit: Anticipation and challenge. https://t.co/84s0VcTt0e	27.636206
Thu Dec 06 00:28:01 +0000 2018	RT @chinascio: #G20 summit: Anticipation and challenge. https://t.co/84s0VcTt0e	27.636206
Thu Nov 29 11:26:39 +0000 2018	RT @chinascio: #G20 summit: Anticipation and challenge. https://t.co/84s0VcTt0e	27.636206
Thu Nov 29 09:10:00 +0000 2018	RT @chinascio: #G20 summit: Anticipation and challenge. https://t.co/84s0VcTt0e	27.636206
Thu Nov 29 09:08:52 +0000 2018	RT @chinascio: #G20 summit: Anticipation and challenge. https://t.co/84s0VcTt0e	27.636206
Thu Nov 29 19:13:56 +0000 2018	RT @chinascio: #G20 summit: Anticipation and challenge. https://t.co/84s0VcTt0e	27.636206
Sat Dec 08 14:43:25 +0000 2018	RT @chinascio: #G20 summit: Anticipation and challenge. https://t.co/84s0VcTt0e	27.636206
Thu Nov 08 10:14:46 +0000 2018	RT @chinascio: China, #Russia eye enhanced mutual trust, economic ties. https://t.co/rki9HVZkyg https://t.co/RvctzJTXtN	26.123648
Fri Nov 09 11:46:33 +0000 2018	RT @chinascio: China, #Russia eye enhanced mutual trust, economic ties. https://t.co/rki9HVZkyg https://t.co/RvctzJTXtN	26.123648
Thu Nov 08 13:53:47 +0000 2018	RT @chinascio: China, #Russia eye enhanced mutual trust, economic ties. https://t.co/rki9HVZkyg https://t.co/RvctzJTXtN	26.123648
Thu Nov 08 06:15:40 +0000 2018	@chinascio @Reuters China Xinhua net and 16 banks to participate in Yunnan Fanya fraud citizens 43 billion yuan.   https://t.co/rBqt8uV6yZ	25.283998
Mon Nov 26 01:13:18 +0000 2018	RT @chinascio: Secret of China's high-speed bullet #train going jerk-free, less noisy. https://t.co/Rpd5dXmvrz	24.767231
Fri Dec 07 04:26:52 +0000 2018	Guo Weimin, vice minister of the State Council Information Office of China, met with U.S. media representatives from the @NPR, @Bloomberg News, @WSJ, and the @CookPolitical. @garyrosenWSJ  https://t.co/st1Ax7lEnL https://t.co/Fm9rgzMvHM	23.934776
Sun Dec 09 19:56:19 +0000 2018	Guo Weimin, vice minister of the State Council Information Office of China, met with U.S. media representatives from the @NPR, @Bloomberg News, @WSJ, and the @CookPolitical. @garyrosenWSJ  https://t.co/st1Ax7lEnL https://t.co/Fm9rgzMvHM	23.934776
Tue Dec 11 10:13:26 +0000 2018	Guo Weimin, vice minister of the State Council Information Office of China, met with U.S. media representatives from the @NPR, @Bloomberg News, @WSJ, and the @CookPolitical. @garyrosenWSJ  https://t.co/st1Ax7lEnL https://t.co/Fm9rgzMvHM	23.934776
Sat Dec 08 01:48:41 +0000 2018	@realDonaldTrump @chinascio This is my advice to you both: If your meeting was in fact pleasant then please use this image of you both to help get us out of this terrible stock market situation. If you're making calls in private, communicating in some other way, whatever it takes	23.916847
Wed Nov 21 22:41:08 +0000 2018	#Kazakh Prime Minister Bakytzhan Sagintayev will pay an official visit to China from Nov 21 to 22 at the invitation of Premier Li Keqiang. https://t.co/n7bej5AoRj https://t.co/fklEZqJrJx	23.52701
Thu Nov 29 11:26:54 +0000 2018	RT @chinascio: Forum held in London to discuss #BeltandRoad, green finance. https://t.co/TMBHgN8VUT https://t.co/PlGqBFyplc	23.316252
Thu Nov 29 19:14:00 +0000 2018	RT @chinascio: Forum held in London to discuss #BeltandRoad, green finance. https://t.co/TMBHgN8VUT https://t.co/PlGqBFyplc	23.316252
Thu Nov 29 06:15:49 +0000 2018	RT @chinascio: Forum held in London to discuss #BeltandRoad, green finance. https://t.co/TMBHgN8VUT https://t.co/PlGqBFyplc	23.316252
Sun Dec 09 00:59:19 +0000 2018	RT @chinascio: Forum held in London to discuss #BeltandRoad, green finance. https://t.co/TMBHgN8VUT https://t.co/PlGqBFyplc	23.316252
Mon Nov 26 01:52:14 +0000 2018	RT @chinascio: 1st China College Students’ #Innovation and #Entrepreneurship Competition held in Qingdao. https://t.co/f3LTcHneoc https://t…	22.56717
Fri Nov 23 11:18:01 +0000 2018	RT @chinascio: Sino-#Singapore Friendship Library opens in north China's Tianjin. https://t.co/CR6tnmYzPc https://t.co/ym68LJRtZs	20.724535
Fri Nov 23 01:50:06 +0000 2018	RT @chinascio: Sino-#Singapore Friendship Library opens in north China's Tianjin. https://t.co/CR6tnmYzPc https://t.co/ym68LJRtZs	20.724535
Fri Nov 23 02:48:09 +0000 2018	RT @chinascio: Sino-#Singapore Friendship Library opens in north China's Tianjin. https://t.co/CR6tnmYzPc https://t.co/ym68LJRtZs	20.724535
Mon Nov 26 01:17:51 +0000 2018	RT @chinascio: Sino-#Singapore Friendship Library opens in north China's Tianjin. https://t.co/CR6tnmYzPc https://t.co/ym68LJRtZs	20.724535
Wed Nov 07 06:16:29 +0000 2018	RT @chinascio: President #XiJinping sends congratulatory letter to 5th World #Internet Conference. #Wuzhen https://t.co/DWywHepsHr https://…	20.368168
Wed Nov 07 00:12:00 +0000 2018	RT @chinascio: 5th World #Internet Conference to be held in China's Wuzhen. https://t.co/OrEe7MseqE https://t.co/r2yC8Dje1o	19.90135
Thu Nov 29 01:49:00 +0000 2018	#China and #Spain agree to build on the 45th anniversary of the establishment of diplomatic ties to jointly promote the development of the relationship and deliver more benefit to the two peoples. https://t.co/F9lSkZIRFn https://t.co/yudrAMlhDV	19.78004
Thu Nov 29 05:35:38 +0000 2018	#China and #Spain agree to build on the 45th anniversary of the establishment of diplomatic ties to jointly promote the development of the relationship and deliver more benefit to the two peoples. https://t.co/F9lSkZIRFn https://t.co/yudrAMlhDV	19.78004
Wed Nov 07 05:43:29 +0000 2018	RT @chinascio: In pictures: Scenery of Wuzhen, host place of World #Internet Conference. https://t.co/v1C6VRG43x https://t.co/AkZBactjDM	19.45545
Thu Nov 29 09:08:08 +0000 2018	"#G20Argentina ""Anticipation and challenge"" via @chinascio"	18.837006
Tue Nov 27 07:21:50 +0000 2018	Chinese president #XiJinping leaves for Spain, Argentina, Panama, Portugal visits, G20 summit. https://t.co/3I5fT6ylNc https://t.co/2SnEq0HlFQ	17.998636
Wed Nov 28 03:36:40 +0000 2018	Chinese president #XiJinping leaves for Spain, Argentina, Panama, Portugal visits, G20 summit. https://t.co/3I5fT6ylNc https://t.co/2SnEq0HlFQ	17.998636
Sun Dec 02 03:58:32 +0000 2018	@chinascio NEW DEFINITION OD DEATH LIVING CELL FUNCTIONS AT SUB ATOMIC LEVEL SUBATOMIC MOVEMENT OF S UBATOMIC PARTICLES MAKE CELL LIVE AND FUNCTIONAL AND LIVING ORGANISM ALIVE .WHEN SUBATOMIC MOVEMENT STOPS CELL DIES .ORGAN DIES AND LIVING ORGANISM DIESDrgianPrakashPHDDELHI https://t.co/DmhPa37wVb	16.701382
Wed Nov 28 00:56:17 +0000 2018	RT @chinascio: China-aided university library complex handed over to #Tanzania. https://t.co/Vt6MhhUOXB https://t.co/TolFw1N4V0	16.43353
Wed Nov 28 02:20:53 +0000 2018	RT @chinascio: China-aided university library complex handed over to #Tanzania. https://t.co/Vt6MhhUOXB https://t.co/TolFw1N4V0	16.43353
Thu Nov 29 09:09:57 +0000 2018	"RT @GlobalTimes_eu: #G20Argentina ""Anticipation and challenge"" via @chinascio https://t.co/kXItpRnZRt"	16.265888
Tue Nov 27 08:43:11 +0000 2018	RT @chinascio: China Spokespersons Forum is held at Peking University in Beijing. https://t.co/kIbnFIqA3v https://t.co/D3JXqAPtLo	14.812162
Tue Nov 27 08:46:31 +0000 2018	RT @chinascio: China Spokespersons Forum is held at Peking University in Beijing. https://t.co/kIbnFIqA3v https://t.co/D3JXqAPtLo	14.812162
Thu Nov 29 19:14:17 +0000 2018	Chinese President #XiJinping addresses the two houses of Spanish parliament, the Senate and the Congress of Deputies, in Madrid. https://t.co/xy0qQ65bkV https://t.co/n3kl2cArEO	14.796983
Thu Nov 29 04:43:49 +0000 2018	Chinese President #XiJinping addresses the two houses of Spanish parliament, the Senate and the Congress of Deputies, in Madrid. https://t.co/xy0qQ65bkV https://t.co/n3kl2cArEO	14.796983
Fri Nov 23 11:15:17 +0000 2018	RT @chinascio: China-#LatinAmerica and the Caribbean media forum kicks off in #Argentina. https://t.co/vTTvKNilYm https://t.co/J8jborfKQM	14.480289
Fri Nov 23 02:48:22 +0000 2018	RT @chinascio: China-#LatinAmerica and the Caribbean media forum kicks off in #Argentina. https://t.co/vTTvKNilYm https://t.co/J8jborfKQM	14.480289
Mon Nov 26 01:18:03 +0000 2018	RT @chinascio: China-#LatinAmerica and the Caribbean media forum kicks off in #Argentina. https://t.co/vTTvKNilYm https://t.co/J8jborfKQM	14.480289
Tue Nov 27 08:35:36 +0000 2018	RT @chinascio: Chinese firm launches road upgrading project in central #Laos. https://t.co/11qADNHwbZ	14.357631
Mon Dec 10 16:23:48 +0000 2018	China's Chang'e-4 lunar probe was launched in the early hours of Saturday, and it is expected to make the first-ever soft landing on the far side of the moon. https://t.co/J6DREmKSHe	12.576979
Sun Dec 09 19:55:53 +0000 2018	RT @chinascio: China to put 10 new #railways into service by end-2018. https://t.co/2xLmypMfbS https://t.co/NKsulwLi4A	12.027167
Sun Dec 09 19:55:46 +0000 2018	RT @chinascio: Technological advances bring sweeping changes to China's Inner Mongolia over past 40 years. https://t.co/WYXGaML0y8 https://…	11.587376
Wed Nov 28 03:16:20 +0000 2018	All high-speed #railway stations across China will allow passengers to check in without a paper ticket next year. https://t.co/GZWWJ0Zzwl https://t.co/HsmnA6dQIs	11.442796
Thu Nov 22 01:50:13 +0000 2018	RT @chinascio: China, #Philippines agree to step up legislative exchanges. https://t.co/yx9wTmWbzJ https://t.co/p2ML2C8B6x	11.387498
Mon Dec 03 04:15:04 +0000 2018	"Chinese President Xi Jinping and his U.S. counterpart Donald Trump held a ""highly successful meeting"" in Buenos Aires on Saturday, reaching important consensus and agreeing not to impose new additional tariffs. https://t.co/NC8pbpodhy https://t.co/akVkrZaBL2"	10.202366
Mon Dec 03 04:14:34 +0000 2018	"Chinese President Xi Jinping and his U.S. counterpart Donald Trump held a ""highly successful meeting"" in Buenos Aires on Saturday, reaching important consensus and agreeing not to impose new additional tariffs. https://t.co/NC8pbpodhy https://t.co/akVkrZaBL2"	10.202366
Mon Dec 03 04:21:54 +0000 2018	"Chinese President Xi Jinping and his U.S. counterpart Donald Trump held a ""highly successful meeting"" in Buenos Aires on Saturday, reaching important consensus and agreeing not to impose new additional tariffs. https://t.co/NC8pbpodhy https://t.co/akVkrZaBL2"	10.202366
Wed Dec 05 08:30:15 +0000 2018	"Chinese President Xi Jinping and his U.S. counterpart Donald Trump held a ""highly successful meeting"" in Buenos Aires on Saturday, reaching important consensus and agreeing not to impose new additional tariffs. https://t.co/NC8pbpodhy https://t.co/akVkrZaBL2"	10.202366
Mon Dec 03 01:47:57 +0000 2018	"Chinese President Xi Jinping and his U.S. counterpart Donald Trump held a ""highly successful meeting"" in Buenos Aires on Saturday, reaching important consensus and agreeing not to impose new additional tariffs. https://t.co/NC8pbpodhy https://t.co/akVkrZaBL2"	10.202366
Wed Nov 28 21:03:12 +0000 2018	RT @chinascio: Premier Li Keqiang met with former British Prime Minister David Cameron in Beijing. https://t.co/DB6YWwzruX https://t.co/sKC…	10.1291065
Sat Dec 08 01:50:49 +0000 2018	@realDonaldTrump @chinascio I honestly think there's still a way out of this, even though it seems really bad. Just take my advice; Bolster up the image of a good relationship between Trump and Xi. Focus on keywords like confidence and talk about progress and we might make it out	8.572904
Thu Nov 29 11:08:46 +0000 2018	RT @chinascio: President #XiJinping meets Spanish king to cement friendship, enhance cooperation. https://t.co/4bvyGvXqkq https://t.co/xPRu…	8.095594
Fri Nov 30 15:35:44 +0000 2018	RT @chinascio: President #XiJinping meets Spanish king to cement friendship, enhance cooperation. https://t.co/4bvyGvXqkq https://t.co/xPRu…	8.095594
Wed Nov 28 09:40:18 +0000 2018	RT @chinascio: #BeltandRoad train enhances cooperation between China, #Europe. https://t.co/G775lBXc2i	8.045441
Wed Dec 12 00:58:56 +0000 2018	RT @chinascio: Book of President Xi Jinping's remarks on #BeltandRoad Initiative published. https://t.co/AodPffAv7k https://t.co/q3dMeKnahz	7.1653996
Sat Dec 08 01:45:47 +0000 2018	@realDonaldTrump @chinascio Hello, gentlemen. Perhaps we can make a public statement once again somehow with both of our leaders to reassure everyone that thing's are working out. There's still a lot of uncertainty. Keywords need to be said; like how certain and confident you are	6.7492533
Thu Nov 29 11:48:03 +0000 2018	RT @chinascio: 40 years, 5 minutes: How has #China changed? https://t.co/jSYhMboNye	6.062
Wed Nov 07 19:32:53 +0000 2018	RT @chinascio: China, #Pakistan to upgrade all-weather strategic partnership. https://t.co/ezQXp708X5 https://t.co/jFYRvipHTY	5.6403236
Sun Dec 09 19:56:01 +0000 2018	RT @chinascio: How far have Shenzhen, Xi'an and #Shanghai gone in 40 years of opening-up? https://t.co/yADCv6cBbH	5.2470675
Wed Nov 28 21:03:15 +0000 2018	RT @chinascio: Full Video: SCIO briefing on China's Policies and Actions for Addressing #ClimateChange (2018). https://t.co/mZH85lZ750 来自 @…	4.927129
Mon Nov 26 01:18:36 +0000 2018	Chinese President #XiJinping arrived for a state visit to #Brunei, the first by a Chinese head of state in 13 years to the Southeastern Asian country. https://t.co/ek0F9UAedm https://t.co/HdzdWWOwVQ	4.780643
Mon Dec 03 04:05:18 +0000 2018	RT @chinascio: Traveling through mountains and across water! New #railway in east China in trial operation. https://t.co/3VAxwSuMXJ	4.5103674
Tue Nov 27 08:46:23 +0000 2018	Chinese State Councilor and Foreign Minister Wang Yi met with a visiting delegation of permanent representatives of the #UN Security Council members. https://t.co/yhEbLMnrgu https://t.co/5PKu7zWV4y	3.9518425
Tue Nov 27 08:43:59 +0000 2018	Chinese State Councilor and Foreign Minister Wang Yi met with a visiting delegation of permanent representatives of the #UN Security Council members. https://t.co/yhEbLMnrgu https://t.co/5PKu7zWV4y	3.9518425
Tue Nov 27 01:05:17 +0000 2018	Chinese State Councilor and Foreign Minister Wang Yi met with a visiting delegation of permanent representatives of the #UN Security Council members. https://t.co/yhEbLMnrgu https://t.co/5PKu7zWV4y	3.9518425
Fri Nov 30 23:18:25 +0000 2018	Chinese State Councilor and Foreign Minister Wang Yi met with a visiting delegation of permanent representatives of the #UN Security Council members. https://t.co/yhEbLMnrgu https://t.co/5PKu7zWV4y	3.9518425
Thu Dec 06 00:11:09 +0000 2018	Chinese State Councilor and Foreign Minister Wang Yi met with a visiting delegation of permanent representatives of the #UN Security Council members. https://t.co/yhEbLMnrgu https://t.co/5PKu7zWV4y	3.9518425
Wed Nov 28 21:12:39 +0000 2018	Chinese State Councilor and Foreign Minister Wang Yi met with a visiting delegation of permanent representatives of the #UN Security Council members. https://t.co/yhEbLMnrgu https://t.co/5PKu7zWV4y	3.9518425
Wed Nov 28 13:20:04 +0000 2018	Chinese president #XiJinping arrives in #Spain for state visit. It is the first visit by a Chinese head of state to the European nation in 13 years. https://t.co/j4s82Divuu https://t.co/pTbnNNqAMT	1.3485028
Wed Nov 28 21:02:54 +0000 2018	Chinese president #XiJinping arrives in #Spain for state visit. It is the first visit by a Chinese head of state to the European nation in 13 years. https://t.co/j4s82Divuu https://t.co/pTbnNNqAMT	1.3485028
