created_at	text	_score
Wed Nov 28 03:28:36 +0000 2018	China calls on countries to use the upcoming #G20 Summit to tackle climate change issues and reaffirm the commitment to the landmark Paris climate accord. https://t.co/gP44mmWUOn https://t.co/GLH0MBN58p	114.601326
Tue Nov 27 03:36:40 +0000 2018	RT @chinascio: China, #Japan sign cooperation deals on #energy conservation. https://t.co/BcIn2bXi7f https://t.co/m5GC2zyorC	70.78746
Fri Dec 07 05:25:01 +0000 2018	RT @chinascio: Chinese premier urges technological innovation to support high-quality development. https://t.co/rt1sHB6X8s https://t.co/49D…	43.378555
Sun Dec 09 00:54:59 +0000 2018	RT @chinascio: Chinese premier urges technological innovation to support high-quality development. https://t.co/rt1sHB6X8s https://t.co/49D…	43.378555
Sun Dec 09 19:56:09 +0000 2018	RT @chinascio: Chinese premier urges technological innovation to support high-quality development. https://t.co/rt1sHB6X8s https://t.co/49D…	43.378555
Wed Nov 07 05:43:56 +0000 2018	"China will adhere to opening-up, multilateralism, Premier Li said at the third ""1+6"" Roundtable with leaders of major international economic and financial institutions in Beijing. https://t.co/tmzAVFTLWY https://t.co/PHrf5hv54a"	38.05005
Sat Nov 10 06:19:01 +0000 2018	China's #digital economy reached 27.2 trillion yuan (nearly US$4 trillion) in 2017, accounting for 55 percent of the country's total GDP growth. #WorldInternetConference  https://t.co/1zsedmVs24 https://t.co/l5RWdlFEpw	34.34854
Fri Nov 09 07:36:07 +0000 2018	China's #digital economy reached 27.2 trillion yuan (nearly US$4 trillion) in 2017, accounting for 55 percent of the country's total GDP growth. #WorldInternetConference  https://t.co/1zsedmVs24 https://t.co/l5RWdlFEpw	34.34854
Wed Dec 05 03:11:30 +0000 2018	The mainland will only open wider and wider to #Taiwan, with ever-improving policies and services, according to top political advisor Wang Yang. https://t.co/D4kezwg8cl https://t.co/Wx2QRJX6yn	28.233955
Wed Dec 05 02:20:53 +0000 2018	The mainland will only open wider and wider to #Taiwan, with ever-improving policies and services, according to top political advisor Wang Yang. https://t.co/D4kezwg8cl https://t.co/Wx2QRJX6yn	28.233955
Wed Dec 05 02:20:09 +0000 2018	The mainland will only open wider and wider to #Taiwan, with ever-improving policies and services, according to top political advisor Wang Yang. https://t.co/D4kezwg8cl https://t.co/Wx2QRJX6yn	28.233955
Mon Nov 26 01:52:14 +0000 2018	RT @chinascio: 1st China College Students’ #Innovation and #Entrepreneurship Competition held in Qingdao. https://t.co/f3LTcHneoc https://t…	28.10297
Thu Nov 29 01:49:00 +0000 2018	#China and #Spain agree to build on the 45th anniversary of the establishment of diplomatic ties to jointly promote the development of the relationship and deliver more benefit to the two peoples. https://t.co/F9lSkZIRFn https://t.co/yudrAMlhDV	26.037762
Thu Nov 29 05:35:38 +0000 2018	#China and #Spain agree to build on the 45th anniversary of the establishment of diplomatic ties to jointly promote the development of the relationship and deliver more benefit to the two peoples. https://t.co/F9lSkZIRFn https://t.co/yudrAMlhDV	26.037762
Sat Dec 08 01:50:49 +0000 2018	@realDonaldTrump @chinascio I honestly think there's still a way out of this, even though it seems really bad. Just take my advice; Bolster up the image of a good relationship between Trump and Xi. Focus on keywords like confidence and talk about progress and we might make it out	23.981724
Fri Dec 07 04:06:51 +0000 2018	RT @chinascio: Incredible devotion: Man spends 36 years digging water canal. https://t.co/0Cyk7gdJ9l	23.148375
Sat Dec 08 01:45:47 +0000 2018	@realDonaldTrump @chinascio Hello, gentlemen. Perhaps we can make a public statement once again somehow with both of our leaders to reassure everyone that thing's are working out. There's still a lot of uncertainty. Keywords need to be said; like how certain and confident you are	22.15486
Mon Nov 26 10:27:23 +0000 2018	@chinascio 😇I do not know the alloy of that material.,.,. but not only should noise be taken into account.,.,. and dilatation with changes in temperature.,.,. and earth movements.,.,. I hope that you have already taken into account. ♥ 😇With the hope of helping! 🙏😇	20.872072
Sun Dec 09 19:55:53 +0000 2018	RT @chinascio: China to put 10 new #railways into service by end-2018. https://t.co/2xLmypMfbS https://t.co/NKsulwLi4A	19.847803
Tue Nov 27 08:46:23 +0000 2018	Chinese State Councilor and Foreign Minister Wang Yi met with a visiting delegation of permanent representatives of the #UN Security Council members. https://t.co/yhEbLMnrgu https://t.co/5PKu7zWV4y	19.378101
Tue Nov 27 08:43:59 +0000 2018	Chinese State Councilor and Foreign Minister Wang Yi met with a visiting delegation of permanent representatives of the #UN Security Council members. https://t.co/yhEbLMnrgu https://t.co/5PKu7zWV4y	19.378101
Tue Nov 27 01:05:17 +0000 2018	Chinese State Councilor and Foreign Minister Wang Yi met with a visiting delegation of permanent representatives of the #UN Security Council members. https://t.co/yhEbLMnrgu https://t.co/5PKu7zWV4y	19.378101
Fri Nov 30 23:18:25 +0000 2018	Chinese State Councilor and Foreign Minister Wang Yi met with a visiting delegation of permanent representatives of the #UN Security Council members. https://t.co/yhEbLMnrgu https://t.co/5PKu7zWV4y	19.378101
Thu Dec 06 00:11:09 +0000 2018	Chinese State Councilor and Foreign Minister Wang Yi met with a visiting delegation of permanent representatives of the #UN Security Council members. https://t.co/yhEbLMnrgu https://t.co/5PKu7zWV4y	19.378101
Wed Nov 28 21:12:39 +0000 2018	Chinese State Councilor and Foreign Minister Wang Yi met with a visiting delegation of permanent representatives of the #UN Security Council members. https://t.co/yhEbLMnrgu https://t.co/5PKu7zWV4y	19.378101
Thu Dec 06 19:28:30 +0000 2018	@chinascio @realXi_Jinping @ChinaEUMission   CHINA STOP ANIMAL ABUSE:	18.553188
Mon Dec 03 04:05:18 +0000 2018	RT @chinascio: Traveling through mountains and across water! New #railway in east China in trial operation. https://t.co/3VAxwSuMXJ	17.93874
Mon Dec 10 16:23:48 +0000 2018	China's Chang'e-4 lunar probe was launched in the early hours of Saturday, and it is expected to make the first-ever soft landing on the far side of the moon. https://t.co/J6DREmKSHe	17.518175
Thu Nov 29 11:48:03 +0000 2018	RT @chinascio: 40 years, 5 minutes: How has #China changed? https://t.co/jSYhMboNye	17.349152
Wed Nov 28 21:03:15 +0000 2018	RT @chinascio: Full Video: SCIO briefing on China's Policies and Actions for Addressing #ClimateChange (2018). https://t.co/mZH85lZ750 来自 @…	16.760002
Thu Dec 06 19:29:36 +0000 2018	@chinascio @realXi_Jinping @ChinaEUMission  @Twitter   CHINA STOP ANIMAL ABUSE: https://t.co/mCU2OCIqaV  @realDonaldTrump	16.088102
Wed Dec 05 03:42:53 +0000 2018	RT @chinascio: Escaping #poverty! Chinese villager benefits from resettlement project. https://t.co/FGb8B2EHGF	15.228209
Thu Nov 22 06:41:23 +0000 2018	RT @chinascio: Chinese vice premier stresses high-quality construction of Beijing new #airport. https://t.co/PRzdJZa2Ea https://t.co/OMvwZA…	14.271591
Sat Nov 10 12:02:54 +0000 2018	RT @chinascio: Battling China's largest #desert: Oasis emerges after 3 decades of greening. https://t.co/8NVDeBLKli	13.801238
Fri Dec 07 04:26:52 +0000 2018	Guo Weimin, vice minister of the State Council Information Office of China, met with U.S. media representatives from the @NPR, @Bloomberg News, @WSJ, and the @CookPolitical. @garyrosenWSJ  https://t.co/st1Ax7lEnL https://t.co/Fm9rgzMvHM	12.938254
Sun Dec 09 19:56:19 +0000 2018	Guo Weimin, vice minister of the State Council Information Office of China, met with U.S. media representatives from the @NPR, @Bloomberg News, @WSJ, and the @CookPolitical. @garyrosenWSJ  https://t.co/st1Ax7lEnL https://t.co/Fm9rgzMvHM	12.938254
Tue Dec 11 10:13:26 +0000 2018	Guo Weimin, vice minister of the State Council Information Office of China, met with U.S. media representatives from the @NPR, @Bloomberg News, @WSJ, and the @CookPolitical. @garyrosenWSJ  https://t.co/st1Ax7lEnL https://t.co/Fm9rgzMvHM	12.938254
Wed Nov 07 06:16:29 +0000 2018	RT @chinascio: President #XiJinping sends congratulatory letter to 5th World #Internet Conference. #Wuzhen https://t.co/DWywHepsHr https://…	12.8332405
Fri Nov 23 11:18:12 +0000 2018	RT @chinascio: Palace Museum adopts modern approaches to promote traditional culture. https://t.co/2OJ0nAKiAm https://t.co/sRgKoqazvr	12.28882
Fri Nov 23 02:56:03 +0000 2018	RT @chinascio: Palace Museum adopts modern approaches to promote traditional culture. https://t.co/2OJ0nAKiAm https://t.co/sRgKoqazvr	12.28882
Fri Nov 23 02:35:44 +0000 2018	RT @chinascio: Palace Museum adopts modern approaches to promote traditional culture. https://t.co/2OJ0nAKiAm https://t.co/sRgKoqazvr	12.28882
Fri Nov 23 02:48:34 +0000 2018	RT @chinascio: Palace Museum adopts modern approaches to promote traditional culture. https://t.co/2OJ0nAKiAm https://t.co/sRgKoqazvr	12.28882
Fri Nov 23 11:19:29 +0000 2018	RT @chinascio: Palace Museum adopts modern approaches to promote traditional culture. https://t.co/2OJ0nAKiAm https://t.co/sRgKoqazvr	12.28882
Fri Nov 23 01:45:47 +0000 2018	RT @chinascio: Palace Museum adopts modern approaches to promote traditional culture. https://t.co/2OJ0nAKiAm https://t.co/sRgKoqazvr	12.28882
Tue Nov 27 10:42:33 +0000 2018	RT @chinascio: Palace Museum adopts modern approaches to promote traditional culture. https://t.co/2OJ0nAKiAm https://t.co/sRgKoqazvr	12.28882
Wed Dec 05 05:06:38 +0000 2018	RT @chinascio: China shares a future of #cleanenergy with the world. https://t.co/Xmv4Al0wMq	11.0240135
Wed Nov 28 12:02:30 +0000 2018	RT @chinascio: China allocates 90.98 bln yuan (about 13 billion U.S. dollars) for #poverty alleviation. https://t.co/5ogEFYSOYG https://t.c…	10.557061
Wed Nov 28 21:03:00 +0000 2018	RT @chinascio: China allocates 90.98 bln yuan (about 13 billion U.S. dollars) for #poverty alleviation. https://t.co/5ogEFYSOYG https://t.c…	10.557061
Thu Dec 06 18:28:42 +0000 2018	@realDonaldTrump @chinascio We had everything back on track, but we hit a few bumps in the road. We can do something about it right now and try to fix it. And once things are fixed we need to be very cautious. Watch what we say and do. The stock market is very sensitive right now	10.198565
Thu Nov 22 08:05:18 +0000 2018	RT @chinascio: Moments forever: Chinese people's changes in #fashions over past 4 decades. https://t.co/GOjfRtajxx https://t.co/9XNoQCS2JY	9.769787
Sat Nov 24 06:03:00 +0000 2018	RT @chinascio: Moments forever: Chinese people's changes in #fashions over past 4 decades. https://t.co/GOjfRtajxx https://t.co/9XNoQCS2JY	9.769787
Fri Nov 23 01:18:03 +0000 2018	RT @chinascio: Moments forever: Chinese people's changes in #fashions over past 4 decades. https://t.co/GOjfRtajxx https://t.co/9XNoQCS2JY	9.769787
Thu Nov 22 08:03:57 +0000 2018	RT @chinascio: Moments forever: Chinese people's changes in #fashions over past 4 decades. https://t.co/GOjfRtajxx https://t.co/9XNoQCS2JY	9.769787
Fri Nov 23 18:57:27 +0000 2018	RT @chinascio: Moments forever: Chinese people's changes in #fashions over past 4 decades. https://t.co/GOjfRtajxx https://t.co/9XNoQCS2JY	9.769787
Sun Dec 09 19:55:46 +0000 2018	RT @chinascio: Technological advances bring sweeping changes to China's Inner Mongolia over past 40 years. https://t.co/WYXGaML0y8 https://…	9.769787
Tue Nov 27 08:35:36 +0000 2018	RT @chinascio: Chinese firm launches road upgrading project in central #Laos. https://t.co/11qADNHwbZ	9.474768
Wed Nov 28 03:35:54 +0000 2018	RT @chinascio: #Confucius Institute bridges gap between cultures. https://t.co/Js06GaZ8o8 https://t.co/BRnhuitzfW	9.3962965
Wed Nov 28 21:30:09 +0000 2018	RT @chinascio: #Confucius Institute bridges gap between cultures. https://t.co/Js06GaZ8o8 https://t.co/BRnhuitzfW	9.3962965
Wed Nov 28 21:03:09 +0000 2018	RT @chinascio: #Confucius Institute bridges gap between cultures. https://t.co/Js06GaZ8o8 https://t.co/BRnhuitzfW	9.3962965
Wed Nov 28 21:40:10 +0000 2018	RT @chinascio: #Confucius Institute bridges gap between cultures. https://t.co/Js06GaZ8o8 https://t.co/BRnhuitzfW	9.3962965
Mon Nov 26 01:13:18 +0000 2018	RT @chinascio: Secret of China's high-speed bullet #train going jerk-free, less noisy. https://t.co/Rpd5dXmvrz	9.349981
Thu Nov 29 09:08:08 +0000 2018	"#G20Argentina ""Anticipation and challenge"" via @chinascio"	8.98813
Tue Dec 11 01:49:35 +0000 2018	RT @chinascio: China, #Germany pledge to jointly protect free trade, world order. https://t.co/VjrkxqGgxY https://t.co/F44xEobUA3	8.985998
Wed Dec 12 10:12:25 +0000 2018	How fast and #stable is China's high-speed train? A pen with a coin on its top stands on edge as the train moves ahead. https://t.co/0mF6wQ6k58	8.977114
Thu Nov 22 13:51:37 +0000 2018	@chinascio China Xinhua net and 16 banks to participate in Yunnan Fanya fraud citizens 43 billion yuan.   https://t.co/QNJWxnVoh4 #郭文贵 #习近平 #彭丽媛 #王沪宁 #李克强 #汪洋 #栗战书 #中兴 #丁薛祥 #范冰冰 #特朗普 #一带一路 #中美贸易战 #李希 #孟亮 #孟建柱 #大撒币 #王岐山 #China #XiJinping	8.184066
Wed Nov 28 10:16:24 +0000 2018	@chinascio China Xinhua net and 16 banks to participate in Yunnan Fanya fraud citizens 43 billion yuan.   https://t.co/Uw8HT4CmPX #郭文贵 #习近平 #彭丽媛 #王沪宁 #李克强 #汪洋 #栗战书 #中兴 #丁薛祥 #范冰冰 #特朗普 #一带一路 #中美贸易战 #李希 #孟亮 #孟建柱 #大撒币 #王岐山 #China #XiJinping	8.184066
Thu Nov 29 11:26:54 +0000 2018	RT @chinascio: Forum held in London to discuss #BeltandRoad, green finance. https://t.co/TMBHgN8VUT https://t.co/PlGqBFyplc	8.156645
Thu Nov 29 19:14:00 +0000 2018	RT @chinascio: Forum held in London to discuss #BeltandRoad, green finance. https://t.co/TMBHgN8VUT https://t.co/PlGqBFyplc	8.156645
Thu Nov 29 06:15:49 +0000 2018	RT @chinascio: Forum held in London to discuss #BeltandRoad, green finance. https://t.co/TMBHgN8VUT https://t.co/PlGqBFyplc	8.156645
Sun Dec 09 00:59:19 +0000 2018	RT @chinascio: Forum held in London to discuss #BeltandRoad, green finance. https://t.co/TMBHgN8VUT https://t.co/PlGqBFyplc	8.156645
Thu Nov 29 20:23:23 +0000 2018	RT @chinascio: #G20 summit: Anticipation and challenge. https://t.co/84s0VcTt0e	7.979132
Thu Dec 06 00:12:31 +0000 2018	RT @chinascio: #G20 summit: Anticipation and challenge. https://t.co/84s0VcTt0e	7.979132
Thu Dec 06 00:22:37 +0000 2018	RT @chinascio: #G20 summit: Anticipation and challenge. https://t.co/84s0VcTt0e	7.979132
Thu Dec 06 00:28:01 +0000 2018	RT @chinascio: #G20 summit: Anticipation and challenge. https://t.co/84s0VcTt0e	7.979132
Thu Nov 29 11:26:39 +0000 2018	RT @chinascio: #G20 summit: Anticipation and challenge. https://t.co/84s0VcTt0e	7.979132
Thu Nov 29 09:10:00 +0000 2018	RT @chinascio: #G20 summit: Anticipation and challenge. https://t.co/84s0VcTt0e	7.979132
Thu Nov 29 09:08:52 +0000 2018	RT @chinascio: #G20 summit: Anticipation and challenge. https://t.co/84s0VcTt0e	7.979132
Thu Nov 29 19:13:56 +0000 2018	RT @chinascio: #G20 summit: Anticipation and challenge. https://t.co/84s0VcTt0e	7.979132
Sat Dec 08 14:43:25 +0000 2018	RT @chinascio: #G20 summit: Anticipation and challenge. https://t.co/84s0VcTt0e	7.979132
Wed Nov 28 13:20:04 +0000 2018	Chinese president #XiJinping arrives in #Spain for state visit. It is the first visit by a Chinese head of state to the European nation in 13 years. https://t.co/j4s82Divuu https://t.co/pTbnNNqAMT	7.897801
Wed Nov 28 21:02:54 +0000 2018	Chinese president #XiJinping arrives in #Spain for state visit. It is the first visit by a Chinese head of state to the European nation in 13 years. https://t.co/j4s82Divuu https://t.co/pTbnNNqAMT	7.897801
Wed Nov 07 03:21:19 +0000 2018	@chinascio @BillGates China Xinhua net and 16 banks to participate in Yunnan Fanya fraud citizens 43 billion yuan.  #郭文贵 #特朗普 #刘强东 #习近平 #彭丽媛 #华为 #李克强 #贸易战 #金正恩 #王岐山 #范冰冰 #马云 #China #乌镇互联网大会 #孟宏伟 #赵乐际 #丁薛祥 #一帶一路 #泛亚 #王毅 https://t.co/RmwKPIRwLt	7.8841634
Thu Nov 29 09:09:57 +0000 2018	"RT @GlobalTimes_eu: #G20Argentina ""Anticipation and challenge"" via @chinascio https://t.co/kXItpRnZRt"	7.7613134
Thu Nov 08 10:36:32 +0000 2018	Huang Kunming, head of the Publicity Department of the CPC Central Committee, urges concerted efforts to build #digital world. #WorldInternetConference  https://t.co/1TtLXbT3FX https://t.co/qrIN2U3fV5	7.6312103
Wed Nov 07 03:20:48 +0000 2018	@chinascio China Xinhua net and 16 banks to participate in Yunnan Fanya fraud citizens 43 billion yuan.  #郭文贵 #特朗普 #刘强东 #习近平 #彭丽媛 #华为 #李克强 #贸易战 #金正恩 #王岐山 #范冰冰 #马云 #China #国际刑警组织 #孟宏伟 #赵乐际 #丁薛祥 #一帶一路 #泛亚 #王毅 https://t.co/RmwKPIRwLt	7.5087214
Wed Nov 07 19:32:53 +0000 2018	RT @chinascio: China, #Pakistan to upgrade all-weather strategic partnership. https://t.co/ezQXp708X5 https://t.co/jFYRvipHTY	7.3976164
Thu Dec 06 08:45:19 +0000 2018	RT @chinascio: China's electric auto giant drives towards a #green future. https://t.co/xFg3ebevDq	6.6420207
Thu Nov 08 10:14:46 +0000 2018	RT @chinascio: China, #Russia eye enhanced mutual trust, economic ties. https://t.co/rki9HVZkyg https://t.co/RvctzJTXtN	6.2837377
Fri Nov 09 11:46:33 +0000 2018	RT @chinascio: China, #Russia eye enhanced mutual trust, economic ties. https://t.co/rki9HVZkyg https://t.co/RvctzJTXtN	6.2837377
Thu Nov 08 13:53:47 +0000 2018	RT @chinascio: China, #Russia eye enhanced mutual trust, economic ties. https://t.co/rki9HVZkyg https://t.co/RvctzJTXtN	6.2837377
Mon Nov 26 01:18:36 +0000 2018	Chinese President #XiJinping arrived for a state visit to #Brunei, the first by a Chinese head of state in 13 years to the Southeastern Asian country. https://t.co/ek0F9UAedm https://t.co/HdzdWWOwVQ	6.188673
Wed Dec 12 05:54:07 +0000 2018	@chinascio See the logo in the right hand corner, see what the diagram depicts......	5.475034
Sun Dec 09 19:56:01 +0000 2018	RT @chinascio: How far have Shenzhen, Xi'an and #Shanghai gone in 40 years of opening-up? https://t.co/yADCv6cBbH	5.2470675
Thu Dec 06 18:26:24 +0000 2018	@realDonaldTrump @chinascio Hello gentlemen. Stocks are in bad shape again. I had an idea to help them recover and hopefully remain strong. Perhaps we can schedule another big meeting between top trade advisors. Something big enough to rattle the headlines with something positive	4.9797606
Thu Nov 08 06:15:40 +0000 2018	@chinascio @Reuters China Xinhua net and 16 banks to participate in Yunnan Fanya fraud citizens 43 billion yuan.   https://t.co/rBqt8uV6yZ	4.846183
Thu Nov 22 13:51:12 +0000 2018	RT @chinascio: Full text of China-#Philippines joint statement. https://t.co/c8FccTuq6O https://t.co/CwahqdhC9O	4.123007
Sat Nov 24 06:02:40 +0000 2018	RT @chinascio: Full text of China-#Philippines joint statement. https://t.co/c8FccTuq6O https://t.co/CwahqdhC9O	4.123007
Thu Nov 22 23:17:22 +0000 2018	RT @chinascio: Full text of China-#Philippines joint statement. https://t.co/c8FccTuq6O https://t.co/CwahqdhC9O	4.123007
Mon Nov 26 01:17:36 +0000 2018	RT @chinascio: Full text of China-#Philippines joint statement. https://t.co/c8FccTuq6O https://t.co/CwahqdhC9O	4.123007
Wed Nov 07 00:12:00 +0000 2018	RT @chinascio: 5th World #Internet Conference to be held in China's Wuzhen. https://t.co/OrEe7MseqE https://t.co/r2yC8Dje1o	3.98027
Sun Dec 09 00:54:44 +0000 2018	The exhibition to commemorate the 40th anniversary of China's reform and opening-up has received more than 1 million visits as of Thursday, according to the organizer. https://t.co/Ddd5eTVoKI https://t.co/XC2Qpn8IBm	3.8921812
Wed Nov 07 05:43:29 +0000 2018	RT @chinascio: In pictures: Scenery of Wuzhen, host place of World #Internet Conference. https://t.co/v1C6VRG43x https://t.co/AkZBactjDM	3.89109
Sun Dec 02 01:10:34 +0000 2018	RT @chinascio: Full text of President #XiJinping's remarks at Session I of #G20Summit2018 in Buenos Aires. https://t.co/OtdrAlpgLa https://…	3.671239
Sun Dec 02 04:51:50 +0000 2018	RT @chinascio: Full text of President #XiJinping's remarks at Session I of #G20Summit2018 in Buenos Aires. https://t.co/OtdrAlpgLa https://…	3.671239
Mon Dec 03 04:15:04 +0000 2018	"Chinese President Xi Jinping and his U.S. counterpart Donald Trump held a ""highly successful meeting"" in Buenos Aires on Saturday, reaching important consensus and agreeing not to impose new additional tariffs. https://t.co/NC8pbpodhy https://t.co/akVkrZaBL2"	2.1387572
Mon Dec 03 04:14:34 +0000 2018	"Chinese President Xi Jinping and his U.S. counterpart Donald Trump held a ""highly successful meeting"" in Buenos Aires on Saturday, reaching important consensus and agreeing not to impose new additional tariffs. https://t.co/NC8pbpodhy https://t.co/akVkrZaBL2"	2.1387572
Mon Dec 03 04:21:54 +0000 2018	"Chinese President Xi Jinping and his U.S. counterpart Donald Trump held a ""highly successful meeting"" in Buenos Aires on Saturday, reaching important consensus and agreeing not to impose new additional tariffs. https://t.co/NC8pbpodhy https://t.co/akVkrZaBL2"	2.1387572
Wed Dec 05 08:30:15 +0000 2018	"Chinese President Xi Jinping and his U.S. counterpart Donald Trump held a ""highly successful meeting"" in Buenos Aires on Saturday, reaching important consensus and agreeing not to impose new additional tariffs. https://t.co/NC8pbpodhy https://t.co/akVkrZaBL2"	2.1387572
Mon Dec 03 01:47:57 +0000 2018	"Chinese President Xi Jinping and his U.S. counterpart Donald Trump held a ""highly successful meeting"" in Buenos Aires on Saturday, reaching important consensus and agreeing not to impose new additional tariffs. https://t.co/NC8pbpodhy https://t.co/akVkrZaBL2"	2.1387572
Thu Nov 08 10:39:34 +0000 2018	President #XiJinping stresses furthering reform and opening-up, elevating city core competitiveness during Shanghai inspection. https://t.co/BUBa8j9zHU https://t.co/XgEjj6kseD	2.0296845
Thu Nov 08 13:53:17 +0000 2018	President #XiJinping stresses furthering reform and opening-up, elevating city core competitiveness during Shanghai inspection. https://t.co/BUBa8j9zHU https://t.co/XgEjj6kseD	2.0296845
Wed Nov 21 22:41:08 +0000 2018	#Kazakh Prime Minister Bakytzhan Sagintayev will pay an official visit to China from Nov 21 to 22 at the invitation of Premier Li Keqiang. https://t.co/n7bej5AoRj https://t.co/fklEZqJrJx	1.6029423
Mon Nov 26 01:17:14 +0000 2018	Chinese President #XiJinping's upcoming visits to Spain, Argentina, Panama and Portugal will intensify respective bilateral ties and G20 cooperation. https://t.co/QT71eRu54h https://t.co/sFCAdfkwga	0.7149618
Tue Nov 27 08:12:06 +0000 2018	Chinese President #XiJinping's upcoming visits to Spain, Argentina, Panama and Portugal will intensify respective bilateral ties and G20 cooperation. https://t.co/QT71eRu54h https://t.co/sFCAdfkwga	0.7149618
Thu Nov 29 19:14:17 +0000 2018	Chinese President #XiJinping addresses the two houses of Spanish parliament, the Senate and the Congress of Deputies, in Madrid. https://t.co/xy0qQ65bkV https://t.co/n3kl2cArEO	0.5498446
Thu Nov 29 04:43:49 +0000 2018	Chinese President #XiJinping addresses the two houses of Spanish parliament, the Senate and the Congress of Deputies, in Madrid. https://t.co/xy0qQ65bkV https://t.co/n3kl2cArEO	0.5498446
Tue Dec 11 12:12:17 +0000 2018	Chinese Vice Premier Liu He on Tuesday called U.S. Treasury Secretary Steven Mnuchin and Trade Representative Robert Lighthizer on #trade disputes between the two countries. https://t.co/LAP8CjYi3H https://t.co/3G8wCkfkCt	0.5128622
Sun Dec 02 01:10:42 +0000 2018	Leaders of #China, #Russia and #India had an in-depth exchange of views on cooperation among their countries under new circumstances at an informal meeting on the sidelines of the #G20Summit2018. https://t.co/FmSCJTOSiR https://t.co/MLYKgNQvYl	0.48054105
