created_at	text	_score
Sat Nov 10 06:19:01 +0000 2018	China's #digital economy reached 27.2 trillion yuan (nearly US$4 trillion) in 2017, accounting for 55 percent of the country's total GDP growth. #WorldInternetConference  https://t.co/1zsedmVs24 https://t.co/l5RWdlFEpw	24.164968
Fri Nov 09 07:36:07 +0000 2018	China's #digital economy reached 27.2 trillion yuan (nearly US$4 trillion) in 2017, accounting for 55 percent of the country's total GDP growth. #WorldInternetConference  https://t.co/1zsedmVs24 https://t.co/l5RWdlFEpw	24.164968
Thu Nov 08 10:14:46 +0000 2018	RT @chinascio: China, #Russia eye enhanced mutual trust, economic ties. https://t.co/rki9HVZkyg https://t.co/RvctzJTXtN	20.733725
Fri Nov 09 11:46:33 +0000 2018	RT @chinascio: China, #Russia eye enhanced mutual trust, economic ties. https://t.co/rki9HVZkyg https://t.co/RvctzJTXtN	20.733725
Thu Nov 08 13:53:47 +0000 2018	RT @chinascio: China, #Russia eye enhanced mutual trust, economic ties. https://t.co/rki9HVZkyg https://t.co/RvctzJTXtN	20.733725
Tue Nov 27 08:46:23 +0000 2018	Chinese State Councilor and Foreign Minister Wang Yi met with a visiting delegation of permanent representatives of the #UN Security Council members. https://t.co/yhEbLMnrgu https://t.co/5PKu7zWV4y	20.670593
Tue Nov 27 08:43:59 +0000 2018	Chinese State Councilor and Foreign Minister Wang Yi met with a visiting delegation of permanent representatives of the #UN Security Council members. https://t.co/yhEbLMnrgu https://t.co/5PKu7zWV4y	20.670593
Tue Nov 27 01:05:17 +0000 2018	Chinese State Councilor and Foreign Minister Wang Yi met with a visiting delegation of permanent representatives of the #UN Security Council members. https://t.co/yhEbLMnrgu https://t.co/5PKu7zWV4y	20.670593
Fri Nov 30 23:18:25 +0000 2018	Chinese State Councilor and Foreign Minister Wang Yi met with a visiting delegation of permanent representatives of the #UN Security Council members. https://t.co/yhEbLMnrgu https://t.co/5PKu7zWV4y	20.670593
Thu Dec 06 00:11:09 +0000 2018	Chinese State Councilor and Foreign Minister Wang Yi met with a visiting delegation of permanent representatives of the #UN Security Council members. https://t.co/yhEbLMnrgu https://t.co/5PKu7zWV4y	20.670593
Wed Nov 28 21:12:39 +0000 2018	Chinese State Councilor and Foreign Minister Wang Yi met with a visiting delegation of permanent representatives of the #UN Security Council members. https://t.co/yhEbLMnrgu https://t.co/5PKu7zWV4y	20.670593
Sat Dec 08 01:45:47 +0000 2018	@realDonaldTrump @chinascio Hello, gentlemen. Perhaps we can make a public statement once again somehow with both of our leaders to reassure everyone that thing's are working out. There's still a lot of uncertainty. Keywords need to be said; like how certain and confident you are	19.634212
Thu Dec 06 18:26:24 +0000 2018	@realDonaldTrump @chinascio Hello gentlemen. Stocks are in bad shape again. I had an idea to help them recover and hopefully remain strong. Perhaps we can schedule another big meeting between top trade advisors. Something big enough to rattle the headlines with something positive	15.852917
Thu Nov 08 10:36:32 +0000 2018	Huang Kunming, head of the Publicity Department of the CPC Central Committee, urges concerted efforts to build #digital world. #WorldInternetConference  https://t.co/1TtLXbT3FX https://t.co/qrIN2U3fV5	15.3191185
Wed Nov 28 09:40:18 +0000 2018	RT @chinascio: #BeltandRoad train enhances cooperation between China, #Europe. https://t.co/G775lBXc2i	15.07274
Thu Nov 29 11:08:46 +0000 2018	RT @chinascio: President #XiJinping meets Spanish king to cement friendship, enhance cooperation. https://t.co/4bvyGvXqkq https://t.co/xPRu…	14.156542
Fri Nov 30 15:35:44 +0000 2018	RT @chinascio: President #XiJinping meets Spanish king to cement friendship, enhance cooperation. https://t.co/4bvyGvXqkq https://t.co/xPRu…	14.156542
Sun Dec 02 01:10:42 +0000 2018	Leaders of #China, #Russia and #India had an in-depth exchange of views on cooperation among their countries under new circumstances at an informal meeting on the sidelines of the #G20Summit2018. https://t.co/FmSCJTOSiR https://t.co/MLYKgNQvYl	13.5192375
Wed Nov 28 03:36:29 +0000 2018	RT @chinascio: #Confucius family's secret legacy comes to light. https://t.co/VVhzg5LDV6	13.460348
Wed Dec 12 05:54:07 +0000 2018	@chinascio See the logo in the right hand corner, see what the diagram depicts......	12.781079
Fri Nov 23 11:18:12 +0000 2018	RT @chinascio: Palace Museum adopts modern approaches to promote traditional culture. https://t.co/2OJ0nAKiAm https://t.co/sRgKoqazvr	11.931231
Fri Nov 23 02:56:03 +0000 2018	RT @chinascio: Palace Museum adopts modern approaches to promote traditional culture. https://t.co/2OJ0nAKiAm https://t.co/sRgKoqazvr	11.931231
Fri Nov 23 02:35:44 +0000 2018	RT @chinascio: Palace Museum adopts modern approaches to promote traditional culture. https://t.co/2OJ0nAKiAm https://t.co/sRgKoqazvr	11.931231
Fri Nov 23 02:48:34 +0000 2018	RT @chinascio: Palace Museum adopts modern approaches to promote traditional culture. https://t.co/2OJ0nAKiAm https://t.co/sRgKoqazvr	11.931231
Fri Nov 23 11:19:29 +0000 2018	RT @chinascio: Palace Museum adopts modern approaches to promote traditional culture. https://t.co/2OJ0nAKiAm https://t.co/sRgKoqazvr	11.931231
Fri Nov 23 01:45:47 +0000 2018	RT @chinascio: Palace Museum adopts modern approaches to promote traditional culture. https://t.co/2OJ0nAKiAm https://t.co/sRgKoqazvr	11.931231
Tue Nov 27 10:42:33 +0000 2018	RT @chinascio: Palace Museum adopts modern approaches to promote traditional culture. https://t.co/2OJ0nAKiAm https://t.co/sRgKoqazvr	11.931231
Tue Dec 11 01:49:35 +0000 2018	RT @chinascio: China, #Germany pledge to jointly protect free trade, world order. https://t.co/VjrkxqGgxY https://t.co/F44xEobUA3	11.055626
Sat Dec 08 01:50:49 +0000 2018	@realDonaldTrump @chinascio I honestly think there's still a way out of this, even though it seems really bad. Just take my advice; Bolster up the image of a good relationship between Trump and Xi. Focus on keywords like confidence and talk about progress and we might make it out	10.178995
Wed Nov 07 05:43:56 +0000 2018	"China will adhere to opening-up, multilateralism, Premier Li said at the third ""1+6"" Roundtable with leaders of major international economic and financial institutions in Beijing. https://t.co/tmzAVFTLWY https://t.co/PHrf5hv54a"	10.09956
Sat Dec 08 01:48:41 +0000 2018	@realDonaldTrump @chinascio This is my advice to you both: If your meeting was in fact pleasant then please use this image of you both to help get us out of this terrible stock market situation. If you're making calls in private, communicating in some other way, whatever it takes	9.803463
Wed Nov 28 13:20:04 +0000 2018	Chinese president #XiJinping arrives in #Spain for state visit. It is the first visit by a Chinese head of state to the European nation in 13 years. https://t.co/j4s82Divuu https://t.co/pTbnNNqAMT	9.5549555
Wed Nov 28 21:02:54 +0000 2018	Chinese president #XiJinping arrives in #Spain for state visit. It is the first visit by a Chinese head of state to the European nation in 13 years. https://t.co/j4s82Divuu https://t.co/pTbnNNqAMT	9.5549555
Mon Nov 26 01:18:36 +0000 2018	Chinese President #XiJinping arrived for a state visit to #Brunei, the first by a Chinese head of state in 13 years to the Southeastern Asian country. https://t.co/ek0F9UAedm https://t.co/HdzdWWOwVQ	9.506392
Wed Nov 21 22:41:08 +0000 2018	#Kazakh Prime Minister Bakytzhan Sagintayev will pay an official visit to China from Nov 21 to 22 at the invitation of Premier Li Keqiang. https://t.co/n7bej5AoRj https://t.co/fklEZqJrJx	9.14502
Mon Nov 26 01:17:14 +0000 2018	Chinese President #XiJinping's upcoming visits to Spain, Argentina, Panama and Portugal will intensify respective bilateral ties and G20 cooperation. https://t.co/QT71eRu54h https://t.co/sFCAdfkwga	8.522036
Tue Nov 27 08:12:06 +0000 2018	Chinese President #XiJinping's upcoming visits to Spain, Argentina, Panama and Portugal will intensify respective bilateral ties and G20 cooperation. https://t.co/QT71eRu54h https://t.co/sFCAdfkwga	8.522036
Thu Nov 08 12:23:38 +0000 2018	RT @chinascio: Xinhua's first English #AI anchor makes debut. https://t.co/CGKZe2f7UU	8.431995
Wed Nov 28 03:16:20 +0000 2018	All high-speed #railway stations across China will allow passengers to check in without a paper ticket next year. https://t.co/GZWWJ0Zzwl https://t.co/HsmnA6dQIs	8.265373
Wed Nov 07 06:16:29 +0000 2018	RT @chinascio: President #XiJinping sends congratulatory letter to 5th World #Internet Conference. #Wuzhen https://t.co/DWywHepsHr https://…	7.5339127
Wed Nov 07 00:12:00 +0000 2018	RT @chinascio: 5th World #Internet Conference to be held in China's Wuzhen. https://t.co/OrEe7MseqE https://t.co/r2yC8Dje1o	7.3612432
Fri Dec 07 05:25:01 +0000 2018	RT @chinascio: Chinese premier urges technological innovation to support high-quality development. https://t.co/rt1sHB6X8s https://t.co/49D…	7.299341
Sun Dec 09 00:54:59 +0000 2018	RT @chinascio: Chinese premier urges technological innovation to support high-quality development. https://t.co/rt1sHB6X8s https://t.co/49D…	7.299341
Sun Dec 09 19:56:09 +0000 2018	RT @chinascio: Chinese premier urges technological innovation to support high-quality development. https://t.co/rt1sHB6X8s https://t.co/49D…	7.299341
Wed Nov 07 05:43:29 +0000 2018	RT @chinascio: In pictures: Scenery of Wuzhen, host place of World #Internet Conference. https://t.co/v1C6VRG43x https://t.co/AkZBactjDM	7.196311
Mon Dec 10 11:55:27 +0000 2018	RT @chinascio: Chinese president #XiJinping meets DPRK foreign minister. https://t.co/5qTdpablcX https://t.co/f7a8cVjiki	7.1958566
Mon Dec 10 00:21:29 +0000 2018	RT @chinascio: Chinese president #XiJinping meets DPRK foreign minister. https://t.co/5qTdpablcX https://t.co/f7a8cVjiki	7.1958566
Mon Dec 10 00:47:04 +0000 2018	RT @chinascio: Chinese president #XiJinping meets DPRK foreign minister. https://t.co/5qTdpablcX https://t.co/f7a8cVjiki	7.1958566
Thu Nov 22 06:41:23 +0000 2018	RT @chinascio: Chinese vice premier stresses high-quality construction of Beijing new #airport. https://t.co/PRzdJZa2Ea https://t.co/OMvwZA…	7.1357956
Fri Dec 07 04:26:52 +0000 2018	Guo Weimin, vice minister of the State Council Information Office of China, met with U.S. media representatives from the @NPR, @Bloomberg News, @WSJ, and the @CookPolitical. @garyrosenWSJ  https://t.co/st1Ax7lEnL https://t.co/Fm9rgzMvHM	7.0838356
Sun Dec 09 19:56:19 +0000 2018	Guo Weimin, vice minister of the State Council Information Office of China, met with U.S. media representatives from the @NPR, @Bloomberg News, @WSJ, and the @CookPolitical. @garyrosenWSJ  https://t.co/st1Ax7lEnL https://t.co/Fm9rgzMvHM	7.0838356
Tue Dec 11 10:13:26 +0000 2018	Guo Weimin, vice minister of the State Council Information Office of China, met with U.S. media representatives from the @NPR, @Bloomberg News, @WSJ, and the @CookPolitical. @garyrosenWSJ  https://t.co/st1Ax7lEnL https://t.co/Fm9rgzMvHM	7.0838356
Sat Nov 24 06:03:15 +0000 2018	RT @chinascio: Free Trade Zones expanding as #China further opens up. https://t.co/3130CHJ0SE	6.660506
Fri Nov 23 01:18:08 +0000 2018	RT @chinascio: Free Trade Zones expanding as #China further opens up. https://t.co/3130CHJ0SE	6.660506
Tue Nov 27 03:36:40 +0000 2018	RT @chinascio: China, #Japan sign cooperation deals on #energy conservation. https://t.co/BcIn2bXi7f https://t.co/m5GC2zyorC	6.352115
Mon Nov 26 01:13:18 +0000 2018	RT @chinascio: Secret of China's high-speed bullet #train going jerk-free, less noisy. https://t.co/Rpd5dXmvrz	6.1918077
Wed Nov 28 03:28:36 +0000 2018	China calls on countries to use the upcoming #G20 Summit to tackle climate change issues and reaffirm the commitment to the landmark Paris climate accord. https://t.co/gP44mmWUOn https://t.co/GLH0MBN58p	6.1564755
Tue Nov 27 07:21:50 +0000 2018	Chinese president #XiJinping leaves for Spain, Argentina, Panama, Portugal visits, G20 summit. https://t.co/3I5fT6ylNc https://t.co/2SnEq0HlFQ	5.9995456
Wed Nov 28 03:36:40 +0000 2018	Chinese president #XiJinping leaves for Spain, Argentina, Panama, Portugal visits, G20 summit. https://t.co/3I5fT6ylNc https://t.co/2SnEq0HlFQ	5.9995456
Tue Nov 06 19:10:01 +0000 2018	RT @chinascio: Beijing, Tianjin and Hebei to present annual Spring Festival celebration in US. https://t.co/hLWQnZgQ9s https://t.co/grrNGnJ…	5.803006
Wed Nov 07 05:44:30 +0000 2018	RT @chinascio: Beijing, Tianjin and Hebei to present annual Spring Festival celebration in US. https://t.co/hLWQnZgQ9s https://t.co/grrNGnJ…	5.803006
Wed Nov 28 21:03:15 +0000 2018	RT @chinascio: Full Video: SCIO briefing on China's Policies and Actions for Addressing #ClimateChange (2018). https://t.co/mZH85lZ750 来自 @…	4.927129
Wed Dec 05 03:42:53 +0000 2018	RT @chinascio: Escaping #poverty! Chinese villager benefits from resettlement project. https://t.co/FGb8B2EHGF	4.845945
Tue Nov 27 08:35:36 +0000 2018	RT @chinascio: Chinese firm launches road upgrading project in central #Laos. https://t.co/11qADNHwbZ	4.723671
Tue Dec 04 13:48:49 +0000 2018	RT @chinascio: Chinese president #XiJinping arrives in #Panama for state visit. https://t.co/sasL2vPCkC https://t.co/5CIXG4ILOY	4.596391
Mon Dec 03 13:13:17 +0000 2018	RT @chinascio: Chinese president #XiJinping arrives in #Panama for state visit. https://t.co/sasL2vPCkC https://t.co/5CIXG4ILOY	4.596391
Mon Dec 03 04:05:18 +0000 2018	RT @chinascio: Traveling through mountains and across water! New #railway in east China in trial operation. https://t.co/3VAxwSuMXJ	4.5103674
Wed Nov 28 21:03:12 +0000 2018	RT @chinascio: Premier Li Keqiang met with former British Prime Minister David Cameron in Beijing. https://t.co/DB6YWwzruX https://t.co/sKC…	3.9086976
Thu Nov 29 20:23:23 +0000 2018	RT @chinascio: #G20 summit: Anticipation and challenge. https://t.co/84s0VcTt0e	3.6379404
Thu Dec 06 00:12:31 +0000 2018	RT @chinascio: #G20 summit: Anticipation and challenge. https://t.co/84s0VcTt0e	3.6379404
Thu Dec 06 00:22:37 +0000 2018	RT @chinascio: #G20 summit: Anticipation and challenge. https://t.co/84s0VcTt0e	3.6379404
Thu Dec 06 00:28:01 +0000 2018	RT @chinascio: #G20 summit: Anticipation and challenge. https://t.co/84s0VcTt0e	3.6379404
Thu Nov 29 11:26:39 +0000 2018	RT @chinascio: #G20 summit: Anticipation and challenge. https://t.co/84s0VcTt0e	3.6379404
Thu Nov 29 09:10:00 +0000 2018	RT @chinascio: #G20 summit: Anticipation and challenge. https://t.co/84s0VcTt0e	3.6379404
Thu Nov 29 09:08:52 +0000 2018	RT @chinascio: #G20 summit: Anticipation and challenge. https://t.co/84s0VcTt0e	3.6379404
Thu Nov 29 19:13:56 +0000 2018	RT @chinascio: #G20 summit: Anticipation and challenge. https://t.co/84s0VcTt0e	3.6379404
Sat Dec 08 14:43:25 +0000 2018	RT @chinascio: #G20 summit: Anticipation and challenge. https://t.co/84s0VcTt0e	3.6379404
Wed Dec 12 10:12:25 +0000 2018	How fast and #stable is China's high-speed train? A pen with a coin on its top stands on edge as the train moves ahead. https://t.co/0mF6wQ6k58	1.231013
Tue Dec 11 12:12:17 +0000 2018	Chinese Vice Premier Liu He on Tuesday called U.S. Treasury Secretary Steven Mnuchin and Trade Representative Robert Lighthizer on #trade disputes between the two countries. https://t.co/LAP8CjYi3H https://t.co/3G8wCkfkCt	1.2034489
Mon Dec 10 16:23:48 +0000 2018	China's Chang'e-4 lunar probe was launched in the early hours of Saturday, and it is expected to make the first-ever soft landing on the far side of the moon. https://t.co/J6DREmKSHe	0.87433577
Mon Dec 03 04:15:04 +0000 2018	"Chinese President Xi Jinping and his U.S. counterpart Donald Trump held a ""highly successful meeting"" in Buenos Aires on Saturday, reaching important consensus and agreeing not to impose new additional tariffs. https://t.co/NC8pbpodhy https://t.co/akVkrZaBL2"	0.8467849
Mon Dec 03 04:14:34 +0000 2018	"Chinese President Xi Jinping and his U.S. counterpart Donald Trump held a ""highly successful meeting"" in Buenos Aires on Saturday, reaching important consensus and agreeing not to impose new additional tariffs. https://t.co/NC8pbpodhy https://t.co/akVkrZaBL2"	0.8467849
Mon Dec 03 04:21:54 +0000 2018	"Chinese President Xi Jinping and his U.S. counterpart Donald Trump held a ""highly successful meeting"" in Buenos Aires on Saturday, reaching important consensus and agreeing not to impose new additional tariffs. https://t.co/NC8pbpodhy https://t.co/akVkrZaBL2"	0.8467849
Wed Dec 05 08:30:15 +0000 2018	"Chinese President Xi Jinping and his U.S. counterpart Donald Trump held a ""highly successful meeting"" in Buenos Aires on Saturday, reaching important consensus and agreeing not to impose new additional tariffs. https://t.co/NC8pbpodhy https://t.co/akVkrZaBL2"	0.8467849
Mon Dec 03 01:47:57 +0000 2018	"Chinese President Xi Jinping and his U.S. counterpart Donald Trump held a ""highly successful meeting"" in Buenos Aires on Saturday, reaching important consensus and agreeing not to impose new additional tariffs. https://t.co/NC8pbpodhy https://t.co/akVkrZaBL2"	0.8467849
Thu Nov 29 01:49:00 +0000 2018	#China and #Spain agree to build on the 45th anniversary of the establishment of diplomatic ties to jointly promote the development of the relationship and deliver more benefit to the two peoples. https://t.co/F9lSkZIRFn https://t.co/yudrAMlhDV	0.83798325
Thu Nov 29 05:35:38 +0000 2018	#China and #Spain agree to build on the 45th anniversary of the establishment of diplomatic ties to jointly promote the development of the relationship and deliver more benefit to the two peoples. https://t.co/F9lSkZIRFn https://t.co/yudrAMlhDV	0.83798325
