created_at	text	_score
Tue Dec 04 10:24:55 +0000 2018	@jokowi @PolhukamRI  @DivHumas_Polri  they have fought day and night for their lives and country....don't play with terrorist or terrorist supporters..	49.434196
Fri Dec 07 14:33:42 +0000 2018	@jokowi Haters make human as victim.Duty.Duty.Duty.Duty.Duty also Obstructions any sectors .Monster.	41.853756
Mon Dec 10 09:37:24 +0000 2018	@jokowi Sir, IMP You are defamed for human right violation online via Fake Trial by this Tribunal of Human Rights, please Act https://t.co/8HUDXLCFpj	39.92449
Fri Dec 07 14:33:14 +0000 2018	@jokowi Haters make human as victim. Duty .Duty.Duty.Duty.Duty also Obstructions any sectors .Monster.	39.68696
Tue Dec 11 01:57:49 +0000 2018	@jokowi Congrats for both of them with NO for Corruption !!!	37.313633
Fri Dec 07 14:41:42 +0000 2018	@jokowi Haters make human as victim.Duty.Duty.Duty.Duty.Duty also Obstructions any sectors .Monster.Primitive staying in hundred years a go	35.963276
Fri Nov 09 04:22:06 +0000 2018	@jokowi  @RusdiKirana #2019TetapJokowi #LionAirJT610 there is no evidence that stabilizer trim ran away. Pilots may have been forced to trim nose down by other factors. Wait for the CVR -just been found. Why was PK-LQP flown level faster than VMO with nose trim down?	35.784264
Wed Dec 12 05:38:50 +0000 2018	@jokowi Bismillah....transparent how to spend the money is mandatory.	34.23275
Mon Dec 10 06:12:31 +0000 2018	@jokowi ALFA RIO WANTO WANT GIVE MONEY 2 MILLION WHO CAN MAKE ALFA RIO WANTO WORK. ALFA RIO WANTO GIVE YOU MONEY FROM ALFA RIO WANTO WAGE 50% EVERY WEEK IF ALFA RIO WANTO WORK. ALFA RIO WANTO CAN'T GIVE YOU MONEY IF ALFA RIO WANTO NOT WORK. https://t.co/M9VegllSEP	33.771805
Thu Dec 06 15:14:12 +0000 2018	@jokowi For years Indonesian people have been spending their money only to purchase expensive rice, fuel &amp; electric causing high inflation, weakening people purchasing power &amp; uncotrolled worker wage raising protest which bothering investment climate &amp; weakening economic growth	33.57172
Fri Dec 07 09:19:44 +0000 2018	@jokowi @MBuhari @CyrilRamaphosa @narendramodi Pumping approx 1% GDP into your public health systems focussing on providing universal FREE PHC services will enable you to win big in 2019. #UHC is a proven vote winner. @DrTedros	33.052456
Sat Dec 08 14:20:59 +0000 2018	@jokowi @kaesangp have fun Mr. President.. you and your family deserve it. it ain't spend a lot of money by doing so for family quality time.. you may have a good time Mr. President	31.017704
Wed Nov 21 14:50:16 +0000 2018	@jokowi I like ur systematic approach! Indonesia is on the right path! #gojokowi	30.667397
Tue Dec 11 02:01:09 +0000 2018	@jokowi Need to be improved on integrity and  professionalism.	29.665363
Sat Dec 01 15:44:52 +0000 2018	@jokowi For years Indonesian people have been spending their moneys only to purchase expensive rice, fuel&amp;electric causing high inflation rate, weakening people purchasing power&amp;uncotrolled worker wage raising protest which bothering investment climate&amp;weakening economic grwoth	28.513689
Sun Dec 02 13:59:55 +0000 2018	@jokowi For years Indonesian people have been spending their moneys only to purchase expensive rice, fuel &amp;electric causing high inflation rate, weakening people purchasing power&amp;uncotrolled worker wage raising protest which bothering investment climate&amp;weakening economic growth	28.513689
Mon Dec 10 06:22:02 +0000 2018	"@jokowi OPEN THIS WEBSITE "" https://t.co/PM3BtAuZxQ "" ALFA RIO WANTO WANT GIVE MONEY 2 MILLION WHO CAN MAKE ALFA RIO WANTO WORK. ALFA RIO WANTO GIVE YOU MONEY FROM ALFA RIO WANTO WAGE 50% EVERY WEEK IF ALFA RIO WANTO WORK. ALFA RIO WANTO CAN'T GIVE YOU MONEY IF ALFA RIO WANTO NOT WORK. https://t.co/Ztxd9T4g7f"	28.42919
Fri Dec 07 22:22:49 +0000 2018	"@jokowi OPEN THIS WEBSITE "" https://t.co/PM3BtAuZxQ "" ALFA RIO WANTO WANT GIVE MONEY 2 MILLION WHO CAN MAKE ALFA RIO WANTO WORK. ALFA RIO WANTO GIVE YOU MONEY FROM ALFA RIO WANTO WAGE 50% EVERY WEEK IF ALFA RIO WANTO WORK. ALFA RIO WANTO CAN'T GIVE YOU MONEY IF ALFA RIO WANTO NOT WORK. https://t.co/dYm22n3fnn"	28.42919
Fri Nov 23 00:02:57 +0000 2018	https://t.co/ZTJLZq8u0K  Are we seriously transforming into low-carbon economy? @jokowi @prabowo @BappenasRI @KementerianESDM #Indonesia #B2Greport #G20  @ClimateT_G20	27.765158
Tue Nov 27 01:09:51 +0000 2018	https://t.co/ZTJLZq8u0K  Are we seriously transforming into low-carbon economy? @jokowi @prabowo @BappenasRI @KementerianESDM #Indonesia #B2Greport #G20  @ClimateT_G20	25.551022
Tue Dec 04 09:52:12 +0000 2018	@jokowi   Would Like to connect with you and to share our Latest updates of Innovative Intelligence &amp; Surveillance Systems | Electronic Warfare System | Cyber Warfare| Avionics |Border Surveillance| Satellite Imaging Visit site : https://t.co/D26MyPgRTh https://t.co/BTUbNoPwfS https://t.co/U1b3bAEfkj	25.409565
Sun Nov 25 06:26:32 +0000 2018	@jokowi water resources and irrigation development such as weirs, dams, irrigation canals is a key factor to develop potential local economy toward fulfilling the need of padi and other produce by our own capacity.	25.056684
Mon Dec 03 05:29:43 +0000 2018	@jokowi @setkabgoid @BBCWorld @CNN 15 - 20 Years From Now Indonesia Might World Will Loose Their Youth.. if we Still Cant Find Solution for this #hariaidssedunia https://t.co/GmV4HwFnvN	23.312243
Thu Nov 22 10:54:32 +0000 2018	@EU_Commission  @EUinAus @APEC @ForumSEC @UN_HRC @ICRC @jokowi @SadeBimantara @pacmedcentre @MarisePayne @ScottMorrisonMP @cpyne @AP @washingtonpost. ARMS EMBARGO ON INDONESIA STATE SPONSORED TERRORISTS SLAUGHTER WEST PAPUANS COVERED UP .               https://t.co/6aQf29zjbO	22.948368
Fri Nov 23 08:22:59 +0000 2018	@jokowi Rural development is the right thing to do ; at the end boosting local economic growth and reducing poverty and migration to the city.	22.36161
Fri Dec 07 11:00:56 +0000 2018	@jokowi @WHO #Trade #AsiaPacific @billshortenmp This and  #coal #gas #fracking is the contribution of ALL #Auspol in #Australia to anti 🌊 level rise that will affect all our island neighbours #climatechangeaction . #Selfishness  #Innovation #Design #Economy #ActOnClimate #Shame	21.38359
Sun Nov 25 12:01:36 +0000 2018	@jokowi @BappenasRI @bank_indonesia @BankDunia @PerekonomianRI @MoazzamTMalik Indonesia GDP by Region - an Econography perspectives as Urban to become the center gravity of economic growth. Indonesia GDP 2017 USD 1.015 Bio (nominal) https://t.co/0V1nL3a5WN	19.293848
Sun Nov 25 12:34:57 +0000 2018	@jokowi You are right!	17.094357
Sat Dec 01 15:44:58 +0000 2018	@jokowi Indonesia requires president candidate who have bravery to swear not to import rice, creates regulation to stimulate Waste-Energy Exchange concept to produce electric &amp; high quality &amp; cheap rice for poeples during his leadership.	16.366993
Sun Dec 02 14:00:03 +0000 2018	@jokowi Indonesia now requires a presidential candidate who have bravery to swear not to import rice, creates a regulation which could stimulate Waste-Energy Exchange concept to produce electric, high quality &amp; cheap rice for peoples during his leadership	15.746706
Sun Dec 02 09:24:13 +0000 2018	@jokowi Indonesia now requires a presidential candidate who have bravery to swear not to import rice, creates a regulation which could stimulate Waste-Energy Exchange development concept to produce electric &amp; high quality &amp; cheap rice for poeples during his leadership.	15.674116
Thu Dec 06 15:14:18 +0000 2018	@jokowi Indonesia now requires a presidential candidate who have bravery to swear not to import rice, creates a regulation which could initiate Waste-Energy Exchange concept to produce electric, high quality &amp; cheap rice for peoples during his tenure https://t.co/fomRSKQraH	15.533501
Thu Dec 06 01:04:58 +0000 2018	@jokowi Indonesia now requires a presidential candidate who have bravery to swear not to import rice, creates a regulation which could initiate Waste-Energy Exchange concept to produce electric, high quality &amp; cheap rice for peoples during his leadership https://t.co/fomRSKQraH	15.533501
Tue Dec 11 07:12:11 +0000 2018	@jokowi Indonesia now requires a presidential candidate who have bravery to swear not to import rice, creates a regulation which could initiate Waste-Energy Exchange concept to produce electric, high quality &amp; cheap rice for peoples during his tenure https://t.co/fomRSL82zh	15.533501
Wed Dec 05 17:23:06 +0000 2018	@jokowi Don’t stop doing right ya pak...	15.522798
Tue Dec 04 06:30:45 +0000 2018	@jokowi sir plz help the indian as a human being	14.971188
Thu Nov 29 17:43:51 +0000 2018	@jokowi what a wonderful human being. God bless My President	14.971188
Thu Nov 22 14:23:08 +0000 2018	@jokowi Safe Flight Pakdhe ❤🇮🇩 https://t.co/ed3Qn5jqSG	14.626353
Fri Nov 23 07:18:29 +0000 2018	@jokowi Juz sky light - self camera 2013 https://t.co/dPMcpkUk4u	14.21587
Thu Nov 22 10:04:35 +0000 2018	@jokowi Announcement by Foreign Ministers of Japan and the Republic of Korea at the Joint Press Occasion （December 28th, 2015） ｜ Ministry of Foreign Affairs of Japan https://t.co/RNo4HyTJtF  #ComfortWomen #theReconciliationAndHealingFoundation	14.102082
Fri Nov 23 07:21:00 +0000 2018	@jokowi Juz sky light - Self camera iPhone 2013 https://t.co/wh77wTVJRM	13.827796
Wed Dec 12 02:47:28 +0000 2018	@jokowi Great post Good morning for #Indonesia  Greetings night from #ChicagoIL US	13.460348
Fri Nov 23 07:49:55 +0000 2018	@jokowi Mr President!now you are on the right track🌟,👏👍👍	12.781079
Wed Nov 21 19:07:12 +0000 2018	@Jokowi Ban nationwide plastic use right now. We can't afford this.  https://t.co/GItWBvVpBX	12.781079
Tue Dec 04 02:16:09 +0000 2018	@JPN_PMO @jokowi @Pak_JK @prabowo @sandiuno @KHMarufAmin_ @AbeShinzo @CCMofa_Japan @ClimateT_G20 @CANJapan_org @350_Japan @erickthohir @sudirmansaid @dewanenergi @BappenasRI @PerekonomianRI @jonan_ignasius @KementerianESDM @djebtke @Amran_Sulaiman1 @kementan @tomlembong @Dr_Moeldoko @KSPgoid @Masinton @pramonoanung @budimandjatmiko @evndari @riekediahp @EkoSandjojo @info_Mekkah @Kadir_Karding @ZUL_Hasan @fadlizon @Fahrihamzah @Yusrilihza_Mhd @SBYudhoyono @hincapandjaitan @saididu @jokowi For years Indonesian people have been spending their moneys only to purchase expensive rice, fuel&amp;electric causing high inflation rate, weakening people purchasing power&amp;uncotrolled worker wage raising protest which bothering investment climate&amp;weakening economic growth	12.532324
Sun Dec 02 05:11:52 +0000 2018	@jokowi telepathy can be used to steal your highest classified info and not only that a subject can be instructed to act dangerously eg crash car, donate funds to thieves, attack people. This is true and lucrative.	12.237015
Thu Dec 06 00:11:26 +0000 2018	@jokowi we do not want separatism.military approach.i am afraid getting worst.diplomacy through the https://t.co/vbeybKJU17 and dialog with them first. We are against if separatism supported by outside power. In running text the weapons are NATO standard???😎	12.217818
Sun Dec 02 12:55:07 +0000 2018	@jokowi @Pak_JK @prabowo @sandiuno @KHMarufAmin_ @AbeShinzo @JPN_PMO @CCMofa_Japan @CANJapan_org @ClimateT_G20 @erickthohir @sudirmansaid @dewanenergi @BappenasRI @PerekonomianRI @jonan_ignasius @KementerianESDM @djebtke @Amran_Sulaiman1 @kementan @tomlembong @Dr_Moeldoko @KSPgoid @pramonoanung @BamsoetQuotes @akbarfaizal68 @MMisbakhun @Masinton @budimandjatmiko @evndari @riekediahp @EkoSandjojo @info_Mekkah @Kadir_Karding @ZUL_Hasan @fadlizon @Fahrihamzah @Yusrilihza_Mhd @SBYudhoyono @hincapandjaitan @msi_sohibuliman @jokowi For years Indonesian people have been spending their moneys only to purchase expensive rice, fuel&amp;electric causing high inflation rate, weakening people purchasing power&amp;uncotrolled worker wage raising protest which bothering investment climate&amp;weakening economic growth	12.156741
Tue Dec 04 02:47:23 +0000 2018	@jokowi @harry_pearl  I got back from Cimaja in 3 hours last night. And I think I could now break 2 hours going down. Big up Jokowi 👏👏👏	11.906972
Fri Nov 09 15:26:22 +0000 2018	@jokowi https://t.co/w1EoQdIo4T Good*****Good Night 💤🌙 😊 Sweet Dream 🌠🌠🌠🌠🌠🌠🌠	11.349249
Sun Dec 02 07:18:03 +0000 2018	@jokowi Mr. President Jokowi. You're the 'real' hero.. just do not be hesitate to do the right things. Mauliate	11.349249
Sun Dec 02 09:24:06 +0000 2018	@jokowi For years Indonesia Government has been failing to creat a condition to strengthen national rice industry in order to produce high quality &amp;cheap rice for its poeples while increasing Farmer Exchange Rates&amp;economic growth rate as well as to reduce Current Account Deficit https://t.co/oMMFqcTfQA	10.9434
Thu Dec 06 15:14:13 +0000 2018	@jokowi For years Indonesia Government has been failing to creat a regulation to strengthen national rice industry in order to produce high quality &amp; cheap rice for peoples while increasing Farmer Exchange Rates &amp; economic growth rate as well as to reduce Current Account Deficit https://t.co/ERUIRZsbme	10.9434
Sun Dec 02 13:59:56 +0000 2018	@jokowi For years Indonesia Government has been failing to creat a condition to strengthen national rice industry in order to produce high quality &amp;cheap rice for its poeples while increasing Farmer Exchange Rates&amp;economic growth rate as well as to reduce Current Account Deficit https://t.co/CnjUJBAIFW	10.9434
Sat Dec 01 15:44:54 +0000 2018	@jokowi To fulfill rice husk requirement, reaches 500 ton/day a RHPP creates an Eco Industrial Cluster/Estate with local farmers&amp;rice mill industries to strengthen Thailand rice industries. Thailand rice import  (January-August 2018) was 7,1 million ton, 735.530 ton to Indonesia	10.688109
Mon Nov 26 11:52:29 +0000 2018	@jokowi So close so intimate between the President and public salute for you MR PRESIDENT GOD BLESSING YOU ALL THE TIME.  JOKOWI 2X.	10.687606
Tue Dec 11 03:16:09 +0000 2018	@jokowi The Future of Indonesian Fisheries: Digitalization Driving Industry 4.0  The Global Maritime Axis seems to be a realistic dream for Indonesia ever since President @jokowi came into power.  https://t.co/E8A8a7o9RQ	10.516172
Sat Nov 10 11:56:19 +0000 2018	@jokowi I am a journalist refugee in Indonesia. I will tell the world that there is a man who led Indonesia towards love, peace and a strong economy, and he loved Indonesians	10.033449
Tue Nov 27 14:05:43 +0000 2018	@jokowi President Jokowi : #APECSummit2018 in @visitPNG wrapped with no joint statement amid US-China disagreements on trade. Despite the global economic uncertainty, we must remain optimistic and keep on searching for emerging opportunities amid trade friction  https://t.co/jb9CLhIEhB	10.008846
Fri Nov 09 06:23:45 +0000 2018	@jokowi @bawaslu_RI @prabowo e.g.ACTIONS  Worth Considering (required ABSOLUTE HONESTY) , invite to HAVE AMICABLE PEACEFUL public reconciliation Ahok &amp; Ustadz Rozieq? @DPR_RI @DPDRI @Puspen_TNI @DivHumas_Polri @PolhukamRI @wiranto1947 @mohmahfudmd	9.985562
Mon Dec 03 03:32:24 +0000 2018	@jokowi Our President and his parliament already did a tremendous outcome at least they have progressed those plan. We are as valuable citizens have to contribute more to the nation, principally for the notion of teenager. it will initiate to be better Indonesia.	9.819691
Sun Dec 02 12:58:43 +0000 2018	@jokowi On Dec 2, 2016 then so called 212 Action- about more than 7 million muslims &amp; non-muslims protested the Jakarta Governor ahok, for blasphemy to Qur’an! Now millions of friendly peoples reach Monas to attend the very peaceful reunion 212 Thank GOD😊 #Reuni212 #ReuniAkbar212diMonas https://t.co/X2yq6y86gA	9.430852
Mon Nov 26 06:55:38 +0000 2018	@jokowi Action pak	9.42309
Wed Nov 07 07:33:15 +0000 2018	@jokowi #Indonesia #economy has flat lined. 3Q is the lowest growth in decades &amp; negative -5% in US $s. Nothing to celebrate here. https://t.co/P3Ducj3Bjn	9.395771
Fri Nov 09 06:44:19 +0000 2018	@jokowi I spoke to the gym manager regarding this issue but we couldn't come to an understanding. I requested a refund for the remaining months left on my prepaid contract. I ended up losing money bc I had to pay a higher fee. She did not want to refund the account.	9.3017845
Sun Dec 09 12:00:17 +0000 2018	@jokowi do you know this? could you and us give some help?  China has put over 1 million Muslims in concentration camps. This is a human rights atrocity &amp; no one seems to care.    https://t.co/WkwSmQ1jUG	9.187231
Sun Dec 09 08:38:17 +0000 2018	@jokowi @Arie_Kriting Counter attack, Mr. President!!!	9.136274
Fri Nov 09 06:36:16 +0000 2018	@jokowi After they removed the photos, the head gym manager became angry at me while I was sitting down on a boxing ring. He demanded to know how many months that I had remaining on my contract. I said that when my contract ends, I plan to renew. I ended up not renewing my 3rd contract.	8.798413
Fri Dec 07 15:30:10 +0000 2018	@jokowi You need to be Korea employer ?	8.722729
Fri Nov 09 06:12:39 +0000 2018	"@jokowi @bawaslu_RI @DivHumas_Polri it's not bad idea; yet we need preemptive actions to mitigate this so called ""sontoloyo""; the least competent of any leader of any organization, then lots tougher subordinates would have to compensate or to reconcile @PDI_Perjuangan @Gerindra"	8.605675
Sat Dec 08 04:41:59 +0000 2018	@jokowi @kaesangp Quality time ya Pak 👍👍👍 Balancing your life ..	8.463141
Mon Dec 10 21:42:00 +0000 2018	@jokowi @SadeBimantara @dfat @Menlu_RI  @MarisePayne @JulieBishopMP @WilkieMP @JimMolan  @JudithKiejda           ALL FOREIGN AID TO INDONESIA SHOULD CEASE PENDING A ROYAL COMMISSION INTO AUSTRALIA COMPLICITY IN MASS MURDER TORTURE IN WEST PAPUA BY INDONESIA UNDER LOMBOK TREATY https://t.co/6ex10luwqY	8.394203
Fri Dec 07 10:21:43 +0000 2018	@jokowi ONE MORE ACTION https://t.co/IRhNnijj6f	8.268015
Sun Dec 02 12:56:12 +0000 2018	@jokowi @Pak_JK @prabowo @sandiuno @KHMarufAmin_ @AbeShinzo @JPN_PMO @CCMofa_Japan @CANJapan_org @ClimateT_G20 @erickthohir @sudirmansaid @dewanenergi @BappenasRI @PerekonomianRI @jonan_ignasius @KementerianESDM @djebtke @Amran_Sulaiman1 @kementan @tomlembong @Dr_Moeldoko @KSPgoid @pramonoanung @BamsoetQuotes @akbarfaizal68 @MMisbakhun @Masinton @budimandjatmiko @evndari @riekediahp @EkoSandjojo @info_Mekkah @Kadir_Karding @ZUL_Hasan @fadlizon @Fahrihamzah @Yusrilihza_Mhd @SBYudhoyono @hincapandjaitan @msi_sohibuliman @jokowi For years Indonesia Government has been failing to creat a condition to strengthen national rice industry in order to produce high quality &amp;cheap rice for its poeples while increasing Farmer Exchange Rates&amp;economic growth rate as well as to reduce Current Account Deficit https://t.co/kLZIZck3wE	7.8492184
Fri Dec 07 14:27:53 +0000 2018	@jokowi I can not fall in love anywhere but i want to get my freedom for my health n economy by anyone .Thank you if you can do humanity .You know terrible experiences no one possible .I will give welcome when you have normal thought of opportunity for business .Do not think as primitive	7.800831
Mon Dec 03 05:12:38 +0000 2018	@jokowi Internatinal Day Of People with Disability #HariDisabilitasInternasional	7.645686
Thu Dec 06 21:32:08 +0000 2018	@jokowi Trus? So what?!!!!	7.563177
Wed Dec 05 02:42:01 +0000 2018	@jokowi But anyway, there is no such a free lunch 😁	7.2059736
Thu Dec 06 05:18:45 +0000 2018	@jokowi @narendramodi SKorea Cosmetic industry n Politicians begin seminar for more export. if they aid me for visit there, i must more twitt to you.	6.919034
Wed Dec 05 11:57:23 +0000 2018	@jokowi Goodjobs,be strong n keepprying	6.7881722
Sat Dec 01 15:44:52 +0000 2018	@jokowi As a rice importer country, contribute to Current Account Deficit which cause Rupiah rate depreciation, Indonesia never learn from Thailand the way to produce the high quality and cheap rice for its people and make rice as an export commodity.	6.7123384
Sat Dec 01 15:44:56 +0000 2018	@jokowi Put into effect back Energy&amp;Mineral Resources Ministry Regulation No.21/2016 on Electricity Power Purchasing for Biomass Power by PT. PLN to fullfill the local electricty requirement, strengthen national rice industry to produce high quality&amp;cheap rice for poeples while	6.436878
Sun Dec 02 09:24:05 +0000 2018	@jokowi As a rice importer country, contribute to Current Account Deficit which cause Rupiah rate depreciation, Indonesia never learn from Thailand the way to produce the high quality and cheap rice for its people and make rice as an export commodity. https://t.co/DBAKQU8kyY	6.436878
Thu Dec 06 15:14:17 +0000 2018	@jokowi Put into effect back Energy &amp; Mineral Resources Ministry Regulation No. 21 of 2016 on Electricity Power Purchasing for Biomass Power by PT. PLN to fullfill the local electricty need, strengthen national rice industry to produce high quality &amp; cheap rice for peoples	6.436878
Sat Dec 01 15:44:53 +0000 2018	@jokowi For years Indonesia Government has been failing to creat a conditions to strengthen national rice industry in order to produce high quality&amp;cheap rice for its poeples while increasing Farmer Exchange Rates&amp;national growth rate as well as to reduce Current Account Deficit	6.307456
Tue Dec 04 09:44:55 +0000 2018	@jokowi @TweetRAMALAN  @MarisePayne @JulieBishopMP @Menlu_RI @wapres_ri @ryamizard_r Lies in Jakarta Coverup Canberra. Civil War West Papua. Australian funding training ofIndonesian military police should be boycotted by ADF AFPpending a royal commission.  https://t.co/kdRmWrHPcm https://t.co/jZCK4LnYSs	6.2525373
Sat Dec 08 08:16:23 +0000 2018	@jokowi @kaesangp Hi all dear. Wanna free gift card codes online., 100% working guaranteed!  https://t.co/aoBeukTOVI	6.1918077
Sat Dec 01 15:44:55 +0000 2018	@jokowi RMEC Scheme makes Thailand rice mill industries more efficient. With Specific Energy Consumption Average of 19,5 kWh/ton&amp;Specific Cost Average of USD 2,37/ton (2016) Thailand rice mill industries are able to produce high quality&amp;cheap rice&amp;makes rice as an export product	6.183135
Mon Dec 03 05:22:10 +0000 2018	@jokowi @bank_indonesia @BappenasRI @PerekonomianRI @KemenkeuRI @WorldBank G20 &amp; growth - on GDP Quarterly : - G7 avg growth of 2%  only USA close to 3% trend increasing - 3 key countries non G7 - Asia (China India Indonesia), growth above 5% and only Indonesia in RISING trend https://t.co/CwhBSouW4V	6.0958595
Tue Dec 04 08:26:26 +0000 2018	@jokowi @bank_indonesia @BappenasRI @PerekonomianRI @KemenkeuRI @WorldBank G20 &amp; growth - on GDP Quarterly : - G7 avg growth of 2%  only USA close to 3% trend increasing - 3 key countries non G7 - Asia (China India Indonesia), growth above 5% and only Indonesia in RISING trend https://t.co/CwhBSouW4V	6.087578
Mon Dec 03 10:41:45 +0000 2018	@jokowi @bank_indonesia @BappenasRI @PerekonomianRI @KemenkeuRI @WorldBank G20 &amp; growth - on GDP Quarterly : - G7 avg growth of 2%  only USA close to 3% trend increasing - 3 key countries non G7 - Asia (China India Indonesia), growth above 5% and only Indonesia in RISING trend https://t.co/CwhBSouW4V	6.087578
Sat Dec 08 03:44:08 +0000 2018	@jokowi Soon Samosir Island desert.Chainsawing trees down maffia full bussy,changing the island in a dessert.Investment in camels is the future.Thank You.	5.958335
Sat Dec 08 03:41:49 +0000 2018	@jokowi Samosir Island,(touristic area's).Stop the chainsawing trees down maffia.Sawing woodboards on the spot.Totally insane.Tourists don't want sawing sound day afther day around the head.Stop it,please.Thank You.	5.8003054
Sat Nov 10 11:56:52 +0000 2018	@jokowi Quarter by quarter the #Indonesia #economy is going into hiding... https://t.co/q3VkPgeKZ7	5.7445855
Fri Nov 30 11:40:19 +0000 2018	@anticorruption @meberazategui @MichelTemer @RegSprecher @CyrilRamaphosa @jokowi @EPN @KremlinRussia_E @AbeShinzo @GiuseppeConteIT @sanchezcastejon As an example: #G20 Leaders adopted these commitments in 2014. They are their own promises, not TI recommendations. Yet, they are moving far too slowly. We don't need any more new promises - just implement existing commitments! #G20TakeAction https://t.co/tJ6GDPI6Xd https://t.co/mMFvusFtPb	5.6496067
Thu Dec 06 09:23:07 +0000 2018	@jokowi Samosir Island.(Tomok hill's).Seems that chainsawing trees down maffia never learn.Making wood boards on the spot.Few tourists, who are around,moving to better places. Soon Samosir Island a desert.Thank you.	5.5679145
Sat Nov 24 13:58:52 +0000 2018	@jokowi Prettt ah	5.54123
Sun Nov 25 10:37:45 +0000 2018	@jokowi Prett ah	5.54123
Sun Dec 09 07:22:45 +0000 2018	@jokowi Preeeeeet ah!	5.54123
Tue Dec 11 13:15:32 +0000 2018	@jokowi Pret ah	5.54123
Wed Nov 28 15:33:45 +0000 2018	@jokowi Anyway.I had critics .They hate white cats but choose Africa global only one way  https://t.co/OuTcyNlyr0	5.4613514
Thu Nov 22 02:20:04 +0000 2018	@jokowi Reply ah...😂	5.354228
Tue Dec 04 06:01:25 +0000 2018	@jokowi is slytherin rite   slytherin is not abt thugs. its abt strong will and dedication.	5.2845874
Tue Nov 27 07:22:13 +0000 2018	@jokowi Let me share information about Donald Trump,  Benjamin Netanyahu,  Vladimir Putin and Steve Bullocks partnership to ambush me and my Muslim wife and daughter that's a bigger organized crime and failed communist crusade   https://t.co/WRcr4QCWJj	5.2019067
Mon Dec 10 11:55:39 +0000 2018	@jokowi Indeed,  Let's positively contribute to our lovely country base on our own background. We are rock !!!	5.0652866
Thu Nov 08 04:04:48 +0000 2018	@jokowi good news for indonesian electrical motor project..but look like VARIO	4.974717
Tue Dec 04 02:16:37 +0000 2018	@JPN_PMO @jokowi @Pak_JK @prabowo @sandiuno @KHMarufAmin_ @AbeShinzo @CCMofa_Japan @ClimateT_G20 @CANJapan_org @350_Japan @erickthohir @sudirmansaid @dewanenergi @BappenasRI @PerekonomianRI @jonan_ignasius @KementerianESDM @djebtke @Amran_Sulaiman1 @kementan @tomlembong @Dr_Moeldoko @KSPgoid @Masinton @pramonoanung @budimandjatmiko @evndari @riekediahp @EkoSandjojo @info_Mekkah @Kadir_Karding @ZUL_Hasan @fadlizon @Fahrihamzah @Yusrilihza_Mhd @SBYudhoyono @hincapandjaitan @saididu @jokowi As a rice importer country, contribute to Current Account Deficit which cause Rupiah rate depreciation, Indonesia never learn from Thailand the way to produce the high quality and cheap rice for its people and make rice as an export commodity. https://t.co/DBAKQU8kyY	4.7007093
Sun Dec 02 13:02:49 +0000 2018	@jokowi @Pak_JK @prabowo @sandiuno @KHMarufAmin_ @AbeShinzo @JPN_PMO @CCMofa_Japan @CANJapan_org @ClimateT_G20 @erickthohir @sudirmansaid @dewanenergi @BappenasRI @PerekonomianRI @jonan_ignasius @KementerianESDM @djebtke @Amran_Sulaiman1 @kementan @tomlembong @Dr_Moeldoko @KSPgoid @pramonoanung @BamsoetQuotes @akbarfaizal68 @MMisbakhun @Masinton @budimandjatmiko @evndari @riekediahp @EkoSandjojo @info_Mekkah @Kadir_Karding @ZUL_Hasan @fadlizon @Fahrihamzah @Yusrilihza_Mhd @SBYudhoyono @hincapandjaitan @msi_sohibuliman @jokowi Indonesia now requires a presidential candidate who have bravery to swear not to import rice, creates a regulation which could stimulate Waste-Energy Exchange concept to produce electric, and high quality &amp; cheap rice for peoples during his leadership	4.7007093
Thu Nov 08 04:45:52 +0000 2018	"@jokowi @kemenhub151 @bagpenseskoal @USNavy #INDONESIA#TRAINING VESSEL FOR INDONESIAN NAVAL CADET#IT IS TIME TO CHANGE  SHIP ""DEWARUCI"" FROM EX FOREIGN TO OUR SELVES. WE CAN SEE IT OURS ON THE RELIEF OF BOROBUDUR TEMPLE. IT WAS AN AMAZING SHIP. WE HV TO BE PROUD. LETS DO IT ASAP. https://t.co/za5XmWxffe"	4.6635094
Wed Dec 05 08:06:20 +0000 2018	@jokowi The #ClimateCrisis is a health crisis. Leading scientists agree: We must slash greenhouse gas emissions by 2030 to avert disaster. Join me in demanding leaders increase their commitments to action: https://t.co/Wyvwa1pXz0. #24HoursofReality. https://t.co/NrqP8ZZOx7	4.6403356
Wed Dec 05 16:07:52 +0000 2018	@jokowi The #ClimateCrisis is a health crisis. Leading scientists agree: We must slash greenhouse gas emissions by 2030 to avert disaster. Join me in demanding leaders increase their commitments to action: https://t.co/I0K4QJXDlT. #24HoursofReality. https://t.co/OlUGo4RxhW	4.6403356
Wed Dec 05 11:51:52 +0000 2018	@jokowi The #ClimateCrisis is a health crisis. Leading scientists agree: We must slash greenhouse gas emissions by 2030 to avert disaster. Join me in demanding leaders increase their commitments to action: https://t.co/FmyaftxPJG. #24HoursofReality. https://t.co/p9hXYcJ8br	4.6403356
Tue Dec 04 22:16:02 +0000 2018	@jokowi The #ClimateCrisis is a health crisis. Leading scientists agree: We must slash greenhouse gas emissions by 2030 to avert disaster. Join me in demanding leaders increase their commitments to action: https://t.co/AwhLtrewzv. #24HoursofReality. https://t.co/STG8oO5YzV	4.6403356
Wed Dec 05 02:06:26 +0000 2018	@jokowi The #ClimateCrisis is a health crisis. Leading scientists agree: We must slash greenhouse gas emissions by 2030 to avert disaster. Join me in demanding leaders increase their commitments to action: https://t.co/c0JV1iVQWx. #24HoursofReality. https://t.co/HyCr5zay0C	4.6403356
Wed Dec 05 05:31:59 +0000 2018	@jokowi The #ClimateCrisis is a health crisis. Leading scientists agree: We must slash greenhouse gas emissions by 2030 to avert disaster. Join me in demanding leaders increase their commitments to action: https://t.co/FVDjP7D27n. #24HoursofReality. https://t.co/W5wdtkxASb	4.6403356
Tue Dec 04 07:51:28 +0000 2018	@jokowi The #ClimateCrisis is a health crisis. Leading scientists agree: We must slash greenhouse gas emissions by 2030 to avert disaster. Join me in demanding leaders increase their commitments to action: https://t.co/de2NFIswEc. #24HoursofReality. https://t.co/ACRFd8Tvwi	4.6403356
Mon Dec 03 23:20:32 +0000 2018	@jokowi The #ClimateCrisis is a health crisis. Leading scientists agree: We must slash greenhouse gas emissions by 2030 to avert disaster. Join me in demanding leaders increase their commitments to action: https://t.co/2gMt6RP0KS. #24HoursofReality. https://t.co/YAs3xZXYgt	4.6403356
Tue Dec 04 16:15:48 +0000 2018	@jokowi The #ClimateCrisis is a health crisis. Leading scientists agree: We must slash greenhouse gas emissions by 2030 to avert disaster. Join me in demanding leaders increase their commitments to action: https://t.co/7PiEksclzA. #24HoursofReality. https://t.co/sQnpYF2IEa	4.6403356
Tue Dec 04 18:51:44 +0000 2018	@jokowi The #ClimateCrisis is a health crisis. Leading scientists agree: We must slash greenhouse gas emissions by 2030 to avert disaster. Join me in demanding leaders increase their commitments to action: https://t.co/osKw1rJzvT. #24HoursofReality. https://t.co/GXBFwm925d	4.6403356
Tue Dec 04 17:57:15 +0000 2018	@jokowi The #ClimateCrisis is a health crisis. Leading scientists agree: We must slash greenhouse gas emissions by 2030 to avert disaster. Join me in demanding leaders increase their commitments to action: https://t.co/JTsnR9mfSn. #24HoursofReality. https://t.co/86GeG0xtmN	4.6403356
Fri Dec 07 04:46:44 +0000 2018	@jokowi The #ClimateCrisis is a health crisis. Leading scientists agree: We must slash greenhouse gas emissions by 2030 to avert disaster. Join me in demanding leaders increase their commitments to action: https://t.co/XBwfZIhDWo. #24HoursofReality. https://t.co/4T1YmT7ipt	4.6403356
Sat Nov 24 08:20:35 +0000 2018	@jokowi connecting cities through highways is reducing costs and time , distance to drive , more efficient and effective delivery of products, boosting potential local economy development, at the end reducing poverty.	4.5781894
Mon Dec 03 03:33:19 +0000 2018	@jokowi Our President and his parliament already did a tremendous outcome at least they have progressed of those plan. We are as valuable citizens have to contribute more to the nation, principally for the notion of teenager. it will initiate to be better Indonesia.	4.5722837
Tue Dec 04 02:19:42 +0000 2018	@JPN_PMO @jokowi @Pak_JK @prabowo @sandiuno @KHMarufAmin_ @AbeShinzo @CCMofa_Japan @ClimateT_G20 @CANJapan_org @350_Japan @erickthohir @sudirmansaid @dewanenergi @BappenasRI @PerekonomianRI @jonan_ignasius @KementerianESDM @djebtke @Amran_Sulaiman1 @kementan @tomlembong @Dr_Moeldoko @KSPgoid @Masinton @pramonoanung @budimandjatmiko @evndari @riekediahp @EkoSandjojo @info_Mekkah @Kadir_Karding @ZUL_Hasan @fadlizon @Fahrihamzah @Yusrilihza_Mhd @SBYudhoyono @hincapandjaitan @saididu @jokowi RMEC Scheme makes Thailand rice mill industries more efficient. With Specific Energy Consumption Average of 19,5 kWh/ton&amp;Specific Cost Average of USD 2,37/ton (2016) Thailand rice mill industries are able to produce high quality&amp;cheap rice&amp;makes rice as an export product	4.5639334
Sun Dec 02 12:55:33 +0000 2018	@jokowi @Pak_JK @prabowo @sandiuno @KHMarufAmin_ @AbeShinzo @JPN_PMO @CCMofa_Japan @CANJapan_org @ClimateT_G20 @erickthohir @sudirmansaid @dewanenergi @BappenasRI @PerekonomianRI @jonan_ignasius @KementerianESDM @djebtke @Amran_Sulaiman1 @kementan @tomlembong @Dr_Moeldoko @KSPgoid @pramonoanung @BamsoetQuotes @akbarfaizal68 @MMisbakhun @Masinton @budimandjatmiko @evndari @riekediahp @EkoSandjojo @info_Mekkah @Kadir_Karding @ZUL_Hasan @fadlizon @Fahrihamzah @Yusrilihza_Mhd @SBYudhoyono @hincapandjaitan @msi_sohibuliman @jokowi As a rice importer country, contribute to Current Account Deficit which cause Rupiah rate depreciation, Indonesia never learn from Thailand the way to produce the high quality and cheap rice for its people and make rice as an export commodity. https://t.co/DBAKQU8kyY	4.5639334
Sun Dec 02 13:00:39 +0000 2018	@jokowi @Pak_JK @prabowo @sandiuno @KHMarufAmin_ @AbeShinzo @JPN_PMO @CCMofa_Japan @CANJapan_org @ClimateT_G20 @erickthohir @sudirmansaid @dewanenergi @BappenasRI @PerekonomianRI @jonan_ignasius @KementerianESDM @djebtke @Amran_Sulaiman1 @kementan @tomlembong @Dr_Moeldoko @KSPgoid @pramonoanung @BamsoetQuotes @akbarfaizal68 @MMisbakhun @Masinton @budimandjatmiko @evndari @riekediahp @EkoSandjojo @info_Mekkah @Kadir_Karding @ZUL_Hasan @fadlizon @Fahrihamzah @Yusrilihza_Mhd @SBYudhoyono @hincapandjaitan @msi_sohibuliman @jokowi Put into effect back Energy&amp;Mineral Resources Ministry Regulation No.21/2016 on Electricity Power Purchasing for Biomass Power by PT. PLN to fullfill the local electricty requirement, strengthen national rice industry to produce high quality&amp;cheap rice for poeples while	4.5639334
Fri Dec 07 06:45:49 +0000 2018	@jokowi ? i need fee for visit there n aid You.	4.452639
Sun Dec 02 12:58:58 +0000 2018	@jokowi @Pak_JK @prabowo @sandiuno @KHMarufAmin_ @AbeShinzo @JPN_PMO @CCMofa_Japan @CANJapan_org @ClimateT_G20 @erickthohir @sudirmansaid @dewanenergi @BappenasRI @PerekonomianRI @jonan_ignasius @KementerianESDM @djebtke @Amran_Sulaiman1 @kementan @tomlembong @Dr_Moeldoko @KSPgoid @pramonoanung @BamsoetQuotes @akbarfaizal68 @MMisbakhun @Masinton @budimandjatmiko @evndari @riekediahp @EkoSandjojo @info_Mekkah @Kadir_Karding @ZUL_Hasan @fadlizon @Fahrihamzah @Yusrilihza_Mhd @SBYudhoyono @hincapandjaitan @msi_sohibuliman @jokowi RMEC Scheme makes Thailand rice mill industries more efficient. With Specific Energy Consumption Average of 19,5 kWh/ton&amp;Specific Cost Average of USD 2,37/ton (2016) Thailand rice mill industries are able to produce high quality&amp;cheap rice&amp;makes rice as an export product	4.43489
Wed Nov 07 01:01:03 +0000 2018	@jokowi (Women underwear),and salung-pupuwit(Chair).The Pilipino National Language is Pili at Pino or Chosen and Refine therefore Pilipino is very hard to study in UP(University of the Philippines)Diliman,Quezon City,Philippines the primer State University of the Country...	3.9092016
Fri Nov 09 11:25:59 +0000 2018	@jokowi President Jokowi just officially opened the 37.3 km East Brebes -Sewaka segment and 5.4 Km Pemalang-Batang ( Sewaka-SS Pemalang) Central Java this morning . One area by one area,region by region,island by island get more integrated  New Emerging economy points #TerimakasihJokowi https://t.co/wco2Pcj9dC	3.8417816
Fri Dec 07 07:19:57 +0000 2018	@jokowi Chainsawing trees down maffia full active Samosir Island.Stop it ,please.Thank You.	3.8255265
Sun Dec 02 09:24:04 +0000 2018	2014 @jokowi promised to stop rice import https://t.co/shhN79sScT @Pak_JK @prabowo @sandiuno @khmarufamin_ @AbeShinzo @JPN_PMO @CCMofa_Japan @CANJapan_org @ClimateT_G20 @erickthohir @sudirmansaid #G20 #G20Summit2018 #UNFCCC #COP24japan #JapanPavilion #TakeYourSeat	3.7006989
Sat Dec 01 15:44:50 +0000 2018	2014 @jokowi promised to stop Indonesia rice import https://t.co/DRQNWBhHVN. @Pak_JK @prabowo @sandiuno @khmarufamin_ @AbeShinzo @JPN_PMO @CCMofa_Japan @CANJapan_org @ClimateT_G20 @erickthohir @sudirmansaid #G20 #G20Summit2018 #UNFCCC #COP24japan #JapanPavilion #TakeYourSeat	3.6552749
Sun Dec 02 08:50:09 +0000 2018	2014 @jokowi promised to stop Indonesia rice import https://t.co/shhN79sScT @Pak_JK @prabowo @sandiuno @khmarufamin_ @AbeShinzo @JPN_PMO @CCMofa_Japan @CANJapan_org @ClimateT_G20 @erickthohir @sudirmansaid #G20 #G20Summit2018 #UNFCCC #COP24japan #JapanPavilion #TakeYourSeat	3.6552749
Sun Dec 02 13:59:53 +0000 2018	2014 @jokowi promised to stop Indonesia rice import https://t.co/shhN79sScT @Pak_JK @prabowo @sandiuno @khmarufamin_ @AbeShinzo @JPN_PMO @CCMofa_Japan @ClimateT_G20 #G20 #G20Summit2018 #UNFCCC #COP24japan #JapanPavilion #TakeYourSeat #Katowice #ClimateAction #ClimateChange	3.6552749
Sun Dec 02 12:53:05 +0000 2018	@jokowi 2014 @jokowi promised to stop Indonesia rice import https://t.co/shhN79sScT @Pak_JK @prabowo @sandiuno @khmarufamin_ @AbeShinzo @JPN_PMO @CCMofa_Japan @CANJapan_org @ClimateT_G20 @erickthohir @sudirmansaid #G20 #G20Summit2018 #UNFCCC #COP24japan #JapanPavilion #TakeYourSeat	3.6109529
Sun Dec 02 23:14:52 +0000 2018	@UN 2014 @jokowi promised to stop Indonesia rice import https://t.co/shhN79sScT @Pak_JK @prabowo @sandiuno @khmarufamin_ @AbeShinzo @JPN_PMO @CCMofa_Japan @ClimateT_G20 #G20 #G20Summit2018 #UNFCCC #COP24japan #JapanPavilion #TakeYourSeat #Katowice #ClimateAction #ClimateChange	3.6109529
Mon Dec 10 12:08:31 +0000 2018	@jokowi Defending Positive from Negative or Negative from Positive by force, by giving length to the distance, or by other means is no longer a solution. Bringing the two forces close to the limit they get a strength and reach the state of UNITY may be the TARGET and HOME please.	3.606955
Sat Dec 01 16:04:39 +0000 2018	@kato_oecc @OECC_Japan 2014 @jokowi promised to stop Indonesia rice import https://t.co/DRQNWBhHVN. @Pak_JK @prabowo @sandiuno @khmarufamin_ @AbeShinzo @JPN_PMO @CCMofa_Japan @CANJapan_org @ClimateT_G20 @erickthohir @sudirmansaid #G20 #G20Summit2018 #UNFCCC #COP24japan #JapanPavilion #TakeYourSeat	3.5676928
Tue Dec 04 02:13:48 +0000 2018	@JPN_PMO 2014 @jokowi promised to stop Indonesia rice import https://t.co/shhN79sScT @Pak_JK @prabowo @sandiuno @khmarufamin_ @AbeShinzo @CCMofa_Japan @ClimateT_G20 #G20 #G20Summit2018 #UNFCCC #COP24 #COP24japan #JapanPavilion #Katowice #TakeYourSeat #ClimateAction #ClimateChange #KLHK	3.5676928
Tue Dec 04 15:38:02 +0000 2018	@GCF_News @CCMofa_Japan 2014 @jokowi promised to stop Indonesia rice import https://t.co/shhN79sScT @Pak_JK @prabowo @sandiuno @khmarufamin_ @AbeShinzo @JPN_PMO @ClimateT_G20 #G20 #G20Summit2018 #UNFCCC #COP24 #COP24japan #RE100 #TakeYourSeat #ClimateAction #ClimateChange #KLHK #TalanoaDialogue	3.525457
Mon Dec 03 07:03:18 +0000 2018	@UNECOSOC @UN 2014 @jokowi promised to stop Indonesia rice import https://t.co/shhN79sScT @prabowo @sandiuno @khmarufamin_ @AbeShinzo @JPN_PMO @CCMofa_Japan @ClimateT_G20 #G20Summit2018 #UNFCCC #COP24 #COP24japan #JapanPavilion #Katowice #TakeYourSeat #ClimateAction #ClimateChange #KLHK #G20	3.525457
Thu Nov 08 22:10:47 +0000 2018	@jokowi #suzuki #AFFSuzukiCup18  PT Suzuki Indomobil Sales (Indonesia) officially stated on 3rd June 2016 at one of their authorized dealerships that it is NORMAL to feel vibrations in #ertiga in Indonesia. Does it mean that all #ertiga sold in Indonesia share similar feature?	3.4353666
Wed Nov 07 01:38:23 +0000 2018	@jokowi #suzuki #AFFSuzukiCup18  PT Suzuki Indomobil Sales (Indonesia) officially stated on 3rd June 2016 at one of their authorized dealerships that it is NORMAL to feel vibrations in #ertiga in Indonesia. Does it mean that all #ertiga sold in Indonesia share similar feature?	3.4353666
Thu Dec 06 15:14:13 +0000 2018	@jokowi Contrast with Indonesia which still electrify peoples with import &amp; dirty energy source Thailand through the Feed in Tariff &amp; Rice Mill Energy Conservation/RMEC Scheme since early 2000 has been electrifying peoples &amp; rice mill industries with Rice Husk Power Plant (RHPP)	3.429213
Mon Dec 03 01:09:16 +0000 2018	@GlobalGoalsUN @antonioguterres @UN_Spokesperson @UN @UNFCCC 2014 @jokowi promised to stop Indonesia rice import https://t.co/shhN79sScT @Pak_JK @prabowo @sandiuno @khmarufamin_ @AbeShinzo @JPN_PMO @CCMofa_Japan @ClimateT_G20 #G20 #G20Summit2018 #UNFCCC #COP24japan #JapanPavilion #TakeYourSeat #Katowice #ClimateAction #ClimateChange #KLHK	3.4045439
Tue Dec 11 23:42:01 +0000 2018	"@jokowi @prabowo @DPR_RI Obviously a good start. This has been expressed numerous times previously. Yet it would absolutely require Independent Decisive Leadership Nation widely. Let us strive to come up with CONSTITUTIONALIZED ""20YrsRenBangNas"" i.e. ONE Collective Goals for All."	3.4023066
Sat Nov 10 22:13:36 +0000 2018	@jokowi #ertiga #TimnasDay PT Suzuki Indomobil Sales (Indonesia) officially stated on 3rd June 2016 at one of their authorized dealerships that it is NORMAL to feel vibrations in #ertiga in Indonesia. Does it mean that all #ertiga sold in Indonesia share similar feature?	3.3616972
Fri Nov 09 23:31:27 +0000 2018	@jokowi #ertiga #TimnasDay PT Suzuki Indomobil Sales (Indonesia) officially stated on 3rd June 2016 at one of their authorized dealerships that it is NORMAL to feel vibrations in #ertiga in Indonesia. Does it mean that all #ertiga sold in Indonesia share similar feature?	3.3616972
Sat Dec 01 15:44:53 +0000 2018	@jokowi Contrast with Indonesia which still electrify its people with import&amp;dirty energy source Thailand through the Feed in Tariff&amp;Rice Mill Energy Conservation/RMEC Scheme since early 2000 has been electrifying its people&amp;rice mill industries with Rice Husk Power Plant (RHPP)	3.3602643
Mon Dec 03 03:35:03 +0000 2018	@jokowi Our President and his parliament already did a tremendous outcome at least they have progressed of those plans. We are as valuable citizens have to contribute more to the nation, principally for the notion of teenager and their execution. it will initiate to be better Indonesia.	3.3602643
Sun Dec 02 13:59:57 +0000 2018	@jokowi Contrast with Indonesia which still electrify its people with import&amp;dirty energy source Thailand through the Feed in Tariff&amp;Rice Mill Energy Conservation/RMEC Scheme since early 2000 has been electrifying its people&amp;rice mill industries with Rice Husk Power Plant (RHPP) https://t.co/cTi7OP4iQv	3.294033
Mon Dec 10 07:10:54 +0000 2018	@jokowi Let the kampret hate the best. Because they know, opposition can't beat him with a hard work, so they trying another disgusting way to drag him down :)	2.5315385
Sun Dec 02 12:56:53 +0000 2018	@jokowi @Pak_JK @prabowo @sandiuno @KHMarufAmin_ @AbeShinzo @JPN_PMO @CCMofa_Japan @CANJapan_org @ClimateT_G20 @erickthohir @sudirmansaid @dewanenergi @BappenasRI @PerekonomianRI @jonan_ignasius @KementerianESDM @djebtke @Amran_Sulaiman1 @kementan @tomlembong @Dr_Moeldoko @KSPgoid @pramonoanung @BamsoetQuotes @akbarfaizal68 @MMisbakhun @Masinton @budimandjatmiko @evndari @riekediahp @EkoSandjojo @info_Mekkah @Kadir_Karding @ZUL_Hasan @fadlizon @Fahrihamzah @Yusrilihza_Mhd @SBYudhoyono @hincapandjaitan @msi_sohibuliman @jokowi Contrast with Indonesia which still electrify its people with import&amp;dirty energy source Thailand through the Feed in Tariff&amp;Rice Mill Energy Conservation/RMEC Scheme since early 2000 has been electrifying its people&amp;rice mill industries with Rice Husk Power Plant (RHPP) https://t.co/sCe5V32263	2.3626647
Tue Dec 04 02:19:10 +0000 2018	@JPN_PMO @jokowi @Pak_JK @prabowo @sandiuno @KHMarufAmin_ @AbeShinzo @CCMofa_Japan @ClimateT_G20 @CANJapan_org @350_Japan @erickthohir @sudirmansaid @dewanenergi @BappenasRI @PerekonomianRI @jonan_ignasius @KementerianESDM @djebtke @Amran_Sulaiman1 @kementan @tomlembong @Dr_Moeldoko @KSPgoid @Masinton @pramonoanung @budimandjatmiko @evndari @riekediahp @EkoSandjojo @info_Mekkah @Kadir_Karding @ZUL_Hasan @fadlizon @Fahrihamzah @Yusrilihza_Mhd @SBYudhoyono @hincapandjaitan @saididu @jokowi To fulfill rice husk requirement, reaches 500 ton/day a RHPP creates an Eco Industrial Cluster/Estate with local farmers&amp;rice mill industries to strengthen Thailand rice industries. Thailand rice import  (January-August 2018) was 7,1 million ton, 735.530 ton to Indonesia	2.2369804
Sun Dec 02 12:58:24 +0000 2018	@jokowi @Pak_JK @prabowo @sandiuno @KHMarufAmin_ @AbeShinzo @JPN_PMO @CCMofa_Japan @CANJapan_org @ClimateT_G20 @erickthohir @sudirmansaid @dewanenergi @BappenasRI @PerekonomianRI @jonan_ignasius @KementerianESDM @djebtke @Amran_Sulaiman1 @kementan @tomlembong @Dr_Moeldoko @KSPgoid @pramonoanung @BamsoetQuotes @akbarfaizal68 @MMisbakhun @Masinton @budimandjatmiko @evndari @riekediahp @EkoSandjojo @info_Mekkah @Kadir_Karding @ZUL_Hasan @fadlizon @Fahrihamzah @Yusrilihza_Mhd @SBYudhoyono @hincapandjaitan @msi_sohibuliman @jokowi To fulfill rice husk requirement, reaches 500 ton/day a RHPP creates an Eco Industrial Cluster/Estate with local farmers&amp;rice mill industries to strengthen Thailand rice industries. Thailand rice import  (January-August 2018) was 7,1 million ton, 735.530 ton to Indonesia	2.1718912
