created_at	text	_score
Tue Dec 11 03:16:09 +0000 2018	@jokowi The Future of Indonesian Fisheries: Digitalization Driving Industry 4.0  The Global Maritime Axis seems to be a realistic dream for Indonesia ever since President @jokowi came into power.  https://t.co/E8A8a7o9RQ	143.27846
Fri Nov 23 08:22:59 +0000 2018	@jokowi Rural development is the right thing to do ; at the end boosting local economic growth and reducing poverty and migration to the city.	135.77542
Mon Dec 10 09:37:24 +0000 2018	@jokowi Sir, IMP You are defamed for human right violation online via Fake Trial by this Tribunal of Human Rights, please Act https://t.co/8HUDXLCFpj	109.52498
Fri Dec 07 09:19:44 +0000 2018	@jokowi @MBuhari @CyrilRamaphosa @narendramodi Pumping approx 1% GDP into your public health systems focussing on providing universal FREE PHC services will enable you to win big in 2019. #UHC is a proven vote winner. @DrTedros	87.07719
Fri Dec 07 11:00:56 +0000 2018	@jokowi @WHO #Trade #AsiaPacific @billshortenmp This and  #coal #gas #fracking is the contribution of ALL #Auspol in #Australia to anti 🌊 level rise that will affect all our island neighbours #climatechangeaction . #Selfishness  #Innovation #Design #Economy #ActOnClimate #Shame	84.62647
Mon Dec 03 06:49:00 +0000 2018	@jokowi Indonesia supports torture &amp; violence against women. I am UK national &amp; being trapped in this horrible country for 11 months. The immigration lied to me and about me, tortured me &amp; have taken my UK ID. Indonesian government, police, prosecutor supported immigration criminals.	80.19832
Wed Nov 07 07:33:15 +0000 2018	@jokowi #Indonesia #economy has flat lined. 3Q is the lowest growth in decades &amp; negative -5% in US $s. Nothing to celebrate here. https://t.co/P3Ducj3Bjn	80.09154
Wed Nov 07 01:01:03 +0000 2018	@jokowi (Women underwear),and salung-pupuwit(Chair).The Pilipino National Language is Pili at Pino or Chosen and Refine therefore Pilipino is very hard to study in UP(University of the Philippines)Diliman,Quezon City,Philippines the primer State University of the Country...	79.95622
Mon Nov 26 12:33:56 +0000 2018	@jokowi So now you realise that you overproducing and deforesting precious natural resources for the futur. And desperately search way to get rid of it. Maybe it's time to think to reduce palm oil production and make something else better for humanity.	77.09176
Tue Dec 04 09:52:12 +0000 2018	@jokowi   Would Like to connect with you and to share our Latest updates of Innovative Intelligence &amp; Surveillance Systems | Electronic Warfare System | Cyber Warfare| Avionics |Border Surveillance| Satellite Imaging Visit site : https://t.co/D26MyPgRTh https://t.co/BTUbNoPwfS https://t.co/U1b3bAEfkj	73.32
Mon Dec 10 06:12:31 +0000 2018	@jokowi ALFA RIO WANTO WANT GIVE MONEY 2 MILLION WHO CAN MAKE ALFA RIO WANTO WORK. ALFA RIO WANTO GIVE YOU MONEY FROM ALFA RIO WANTO WAGE 50% EVERY WEEK IF ALFA RIO WANTO WORK. ALFA RIO WANTO CAN'T GIVE YOU MONEY IF ALFA RIO WANTO NOT WORK. https://t.co/M9VegllSEP	72.487625
Tue Dec 04 17:15:23 +0000 2018	@jokowi @kemkominfo @Kemdikbud_RI @rudiantara_id checkout @NewsLitProject's @checkology.   “It’s where students learn how to navigate the challenging information landscape by mastering the skills of news literacy.”  https://t.co/pKuzsZEwAc  #Indonesia #Education #Checkology	69.97511
Sat Nov 24 08:20:35 +0000 2018	@jokowi connecting cities through highways is reducing costs and time , distance to drive , more efficient and effective delivery of products, boosting potential local economy development, at the end reducing poverty.	68.66412
Sun Nov 25 06:26:32 +0000 2018	@jokowi water resources and irrigation development such as weirs, dams, irrigation canals is a key factor to develop potential local economy toward fulfilling the need of padi and other produce by our own capacity.	67.23609
Tue Nov 27 01:09:51 +0000 2018	https://t.co/ZTJLZq8u0K  Are we seriously transforming into low-carbon economy? @jokowi @prabowo @BappenasRI @KementerianESDM #Indonesia #B2Greport #G20  @ClimateT_G20	66.958595
Sun Dec 09 04:34:55 +0000 2018	@jokowi Mr. President, well said. Hoping Indonesian to be content with what GOD given to them and work hard and move forward. Take care and have a wonderful Blessed day	65.02683
Mon Dec 10 07:10:54 +0000 2018	@jokowi Let the kampret hate the best. Because they know, opposition can't beat him with a hard work, so they trying another disgusting way to drag him down :)	63.852303
Mon Dec 03 06:48:12 +0000 2018	@jokowi Dirty work of Indonesian Immigration &amp; hotel security: They tortured me on three occasions. Harassed me constantly. Filthy indonesian authorities that get rewarded by idiots. Photos of my injuries https://t.co/PQyHbDwLh3	63.453995
Thu Dec 06 15:14:13 +0000 2018	@jokowi For years Indonesia Government has been failing to creat a regulation to strengthen national rice industry in order to produce high quality &amp; cheap rice for peoples while increasing Farmer Exchange Rates &amp; economic growth rate as well as to reduce Current Account Deficit https://t.co/ERUIRZsbme	62.313683
Sun Dec 02 09:24:06 +0000 2018	@jokowi For years Indonesia Government has been failing to creat a condition to strengthen national rice industry in order to produce high quality &amp;cheap rice for its poeples while increasing Farmer Exchange Rates&amp;economic growth rate as well as to reduce Current Account Deficit https://t.co/oMMFqcTfQA	62.215126
Sun Dec 02 13:59:56 +0000 2018	@jokowi For years Indonesia Government has been failing to creat a condition to strengthen national rice industry in order to produce high quality &amp;cheap rice for its poeples while increasing Farmer Exchange Rates&amp;economic growth rate as well as to reduce Current Account Deficit https://t.co/CnjUJBAIFW	62.215126
Fri Nov 23 00:02:57 +0000 2018	https://t.co/ZTJLZq8u0K  Are we seriously transforming into low-carbon economy? @jokowi @prabowo @BappenasRI @KementerianESDM #Indonesia #B2Greport #G20  @ClimateT_G20	61.76217
Sun Dec 02 09:24:12 +0000 2018	@jokowi increasing Farmer Exchange Rates, increasing national rate growth and reduce Current Account Deficit.    Refference  https://t.co/RDDs7R3aSL https://t.co/9TYJVPEBYG  page.33 https://t.co/mxTvUbwEo4. https://t.co/1s9YmPsMtO	60.618095
Sat Nov 10 11:56:19 +0000 2018	@jokowi I am a journalist refugee in Indonesia. I will tell the world that there is a man who led Indonesia towards love, peace and a strong economy, and he loved Indonesians	60.196514
Fri Dec 07 14:27:53 +0000 2018	@jokowi I can not fall in love anywhere but i want to get my freedom for my health n economy by anyone .Thank you if you can do humanity .You know terrible experiences no one possible .I will give welcome when you have normal thought of opportunity for business .Do not think as primitive	59.59955
Sat Dec 01 15:44:57 +0000 2018	@jokowi increasing Farmer Exchange Rates, increasing national rate growth and reduce Current Account Deficit.    Refference  https://t.co/RDDs7R3aSL https://t.co/9TYJVPEBYG  page.33 https://t.co/mxTvUbwEo4. https://t.co/1s9YmPsMtO https://t.co/ZX6VyQ3Tg1	59.53752
Sun Dec 02 14:00:02 +0000 2018	@jokowi increasing Farmer Exchange Rates, increasing national rate growth and reduce Current Account Deficit.    Refference  https://t.co/RDDs7R3aSL https://t.co/9TYJVPEBYG  page.33 https://t.co/mxTvUbwEo4. https://t.co/1s9YmPsMtO https://t.co/9qCKH70mzj	59.53752
Thu Dec 06 15:14:18 +0000 2018	@jokowi while increasing Farmer Exchange Rates, increasing national rate growth and reduce Current Account Deficit.    Refference  https://t.co/RDDs7R3aSL https://t.co/9TYJVPEBYG  page.33 https://t.co/mxTvUbwEo4. https://t.co/1s9YmPsMtO https://t.co/9qCKH70mzj	59.19399
Tue Dec 04 06:46:10 +0000 2018	@jokowi Work work work	58.900085
Sat Dec 01 15:44:53 +0000 2018	@jokowi For years Indonesia Government has been failing to creat a conditions to strengthen national rice industry in order to produce high quality&amp;cheap rice for its poeples while increasing Farmer Exchange Rates&amp;national growth rate as well as to reduce Current Account Deficit	58.6051
Sun Dec 02 09:24:13 +0000 2018	@jokowi Indonesia now requires a presidential candidate who have bravery to swear not to import rice, creates a regulation which could stimulate Waste-Energy Exchange development concept to produce electric &amp; high quality &amp; cheap rice for poeples during his leadership.	58.395596
Sat Dec 01 09:41:03 +0000 2018	"@jokowi Dear Mr. President  What's Up with Indonesia till have needed wrote ""proclaimation"" to need freedom of other country who ever build education n' government in this country?"	58.2341
Sun Dec 02 09:24:04 +0000 2018	@jokowi Indonesia new &amp; renewable energy development handicap   https://t.co/34FYs7m5vf @Masinton @budimandjatmiko @evndari @riekediahp @EkoSandjojo @info_Mekkah @Kadir_Karding @ZUL_Hasan @fadlizon @Fahrihamzah @Yusrilihza_Mhd @SBYudhoyono @hincapandjaitan @msi_sohibuliman	57.986385
Sun Dec 02 13:59:54 +0000 2018	@jokowi Indonesia new &amp; renewable energy development handicap   https://t.co/34FYs7m5vf @Masinton @budimandjatmiko @evndari @riekediahp @EkoSandjojo @info_Mekkah @Kadir_Karding @ZUL_Hasan @fadlizon @Fahrihamzah @Yusrilihza_Mhd @SBYudhoyono @hincapandjaitan @msi_sohibuliman	57.986385
Sat Dec 01 15:44:51 +0000 2018	@jokowi Indonesia new &amp; renewable energy development handicap  https://t.co/WqRltMS7Vf @Masinton @budimandjatmiko @evndari @riekediahp @EkoSandjojo @eae18 @info_Mekkah @Kadir_Karding @ZUL_Hasan @fadlizon @Fahrihamzah @Yusrilihza_Mhd @SBYudhoyono @hincapandjaitan @msi_sohibuliman	57.613956
Thu Dec 06 15:14:11 +0000 2018	@jokowi Indonesia new &amp; renewable energy development handicap    https://t.co/34FYs7m5vf  @Dr_Moeldoko @KSPgoid @evndari @Masinton @pramonoanung @budimandjatmiko @riekediahp @EkoSandjojo @Kadir_Karding @ZUL_Hasan @fadlizon @Fahrihamzah @Yusrilihza_Mhd @SBYudhoyono @RamliRizal	57.613956
Mon Dec 10 12:08:31 +0000 2018	@jokowi Defending Positive from Negative or Negative from Positive by force, by giving length to the distance, or by other means is no longer a solution. Bringing the two forces close to the limit they get a strength and reach the state of UNITY may be the TARGET and HOME please.	53.55224
Tue Nov 27 14:05:43 +0000 2018	@jokowi President Jokowi : #APECSummit2018 in @visitPNG wrapped with no joint statement amid US-China disagreements on trade. Despite the global economic uncertainty, we must remain optimistic and keep on searching for emerging opportunities amid trade friction  https://t.co/jb9CLhIEhB	53.45823
Tue Dec 04 06:01:25 +0000 2018	@jokowi is slytherin rite   slytherin is not abt thugs. its abt strong will and dedication.	52.943264
Fri Nov 09 06:31:42 +0000 2018	@jokowi I used to work out at a fitness gym in Kelapa Gading off and on from 2008 - 2015. This gym started using pictures of me on their website without my consent for a period of 2 years. I requested that they remove the pictures since they were used without my permission. They obliged.	50.507748
Wed Dec 05 08:06:20 +0000 2018	@jokowi The #ClimateCrisis is a health crisis. Leading scientists agree: We must slash greenhouse gas emissions by 2030 to avert disaster. Join me in demanding leaders increase their commitments to action: https://t.co/Wyvwa1pXz0. #24HoursofReality. https://t.co/NrqP8ZZOx7	50.31281
Wed Dec 05 16:07:52 +0000 2018	@jokowi The #ClimateCrisis is a health crisis. Leading scientists agree: We must slash greenhouse gas emissions by 2030 to avert disaster. Join me in demanding leaders increase their commitments to action: https://t.co/I0K4QJXDlT. #24HoursofReality. https://t.co/OlUGo4RxhW	50.31281
Wed Dec 05 11:51:52 +0000 2018	@jokowi The #ClimateCrisis is a health crisis. Leading scientists agree: We must slash greenhouse gas emissions by 2030 to avert disaster. Join me in demanding leaders increase their commitments to action: https://t.co/FmyaftxPJG. #24HoursofReality. https://t.co/p9hXYcJ8br	50.31281
Tue Dec 04 22:16:02 +0000 2018	@jokowi The #ClimateCrisis is a health crisis. Leading scientists agree: We must slash greenhouse gas emissions by 2030 to avert disaster. Join me in demanding leaders increase their commitments to action: https://t.co/AwhLtrewzv. #24HoursofReality. https://t.co/STG8oO5YzV	50.31281
Wed Dec 05 02:06:26 +0000 2018	@jokowi The #ClimateCrisis is a health crisis. Leading scientists agree: We must slash greenhouse gas emissions by 2030 to avert disaster. Join me in demanding leaders increase their commitments to action: https://t.co/c0JV1iVQWx. #24HoursofReality. https://t.co/HyCr5zay0C	50.31281
Wed Dec 05 05:31:59 +0000 2018	@jokowi The #ClimateCrisis is a health crisis. Leading scientists agree: We must slash greenhouse gas emissions by 2030 to avert disaster. Join me in demanding leaders increase their commitments to action: https://t.co/FVDjP7D27n. #24HoursofReality. https://t.co/W5wdtkxASb	50.31281
Tue Dec 04 07:51:28 +0000 2018	@jokowi The #ClimateCrisis is a health crisis. Leading scientists agree: We must slash greenhouse gas emissions by 2030 to avert disaster. Join me in demanding leaders increase their commitments to action: https://t.co/de2NFIswEc. #24HoursofReality. https://t.co/ACRFd8Tvwi	50.31281
Mon Dec 03 23:20:32 +0000 2018	@jokowi The #ClimateCrisis is a health crisis. Leading scientists agree: We must slash greenhouse gas emissions by 2030 to avert disaster. Join me in demanding leaders increase their commitments to action: https://t.co/2gMt6RP0KS. #24HoursofReality. https://t.co/YAs3xZXYgt	50.31281
Tue Dec 04 16:15:48 +0000 2018	@jokowi The #ClimateCrisis is a health crisis. Leading scientists agree: We must slash greenhouse gas emissions by 2030 to avert disaster. Join me in demanding leaders increase their commitments to action: https://t.co/7PiEksclzA. #24HoursofReality. https://t.co/sQnpYF2IEa	50.31281
Tue Dec 04 18:51:44 +0000 2018	@jokowi The #ClimateCrisis is a health crisis. Leading scientists agree: We must slash greenhouse gas emissions by 2030 to avert disaster. Join me in demanding leaders increase their commitments to action: https://t.co/osKw1rJzvT. #24HoursofReality. https://t.co/GXBFwm925d	50.31281
Tue Dec 04 17:57:15 +0000 2018	@jokowi The #ClimateCrisis is a health crisis. Leading scientists agree: We must slash greenhouse gas emissions by 2030 to avert disaster. Join me in demanding leaders increase their commitments to action: https://t.co/JTsnR9mfSn. #24HoursofReality. https://t.co/86GeG0xtmN	50.31281
Fri Dec 07 04:46:44 +0000 2018	@jokowi The #ClimateCrisis is a health crisis. Leading scientists agree: We must slash greenhouse gas emissions by 2030 to avert disaster. Join me in demanding leaders increase their commitments to action: https://t.co/XBwfZIhDWo. #24HoursofReality. https://t.co/4T1YmT7ipt	50.31281
Tue Dec 04 09:41:41 +0000 2018	@jokowi Lies in Jakarta Coverup Canberra. Civil War West Papua. Australian funding training of Indonesian military police should be boycotted by ADF AFPpending a royal commission.  https://t.co/kdRmWrHPcm https://t.co/OjDQVt2bBD	47.01526
Wed Nov 21 21:18:30 +0000 2018	"@jokowi  Word of mouth - ""I can heal the little Alexander (and not only) before your eyes if you eliminate or suspend the 1172 for 12 hours"". Appeal sent on 28/10/18 to the Italian Government. Silence. PETITION https://t.co/QfZp48FFuX Facebook https://t.co/7v37T2VpkD https://t.co/x8yLCV9uxA"	46.820442
Sat Dec 08 01:38:09 +0000 2018	@jokowi will improve onward #SeduceMeIn4Words	46.577316
Mon Dec 10 06:22:02 +0000 2018	"@jokowi OPEN THIS WEBSITE "" https://t.co/PM3BtAuZxQ "" ALFA RIO WANTO WANT GIVE MONEY 2 MILLION WHO CAN MAKE ALFA RIO WANTO WORK. ALFA RIO WANTO GIVE YOU MONEY FROM ALFA RIO WANTO WAGE 50% EVERY WEEK IF ALFA RIO WANTO WORK. ALFA RIO WANTO CAN'T GIVE YOU MONEY IF ALFA RIO WANTO NOT WORK. https://t.co/Ztxd9T4g7f"	44.932644
Fri Dec 07 22:22:49 +0000 2018	"@jokowi OPEN THIS WEBSITE "" https://t.co/PM3BtAuZxQ "" ALFA RIO WANTO WANT GIVE MONEY 2 MILLION WHO CAN MAKE ALFA RIO WANTO WORK. ALFA RIO WANTO GIVE YOU MONEY FROM ALFA RIO WANTO WAGE 50% EVERY WEEK IF ALFA RIO WANTO WORK. ALFA RIO WANTO CAN'T GIVE YOU MONEY IF ALFA RIO WANTO NOT WORK. https://t.co/dYm22n3fnn"	44.932644
Sun Dec 02 05:24:29 +0000 2018	@jokowi semangat bapak!! stay unbothered and work hard 💞	43.112877
Sat Dec 01 15:44:52 +0000 2018	@jokowi As a rice importer country, contribute to Current Account Deficit which cause Rupiah rate depreciation, Indonesia never learn from Thailand the way to produce the high quality and cheap rice for its people and make rice as an export commodity.	42.18997
Sat Nov 24 10:26:45 +0000 2018	@jokowi Anyone ignored these women https://t.co/8oOpLNIkKO	42.159775
Sun Dec 09 01:09:39 +0000 2018	@jokowi deep condolences for them as victims who took involved in the papua development. the construction continuation is a must for the good of the people of papua.	41.83145
Mon Nov 26 10:23:20 +0000 2018	@jokowi Keep up the good work pak!	41.55413
Sun Dec 02 12:56:12 +0000 2018	@jokowi @Pak_JK @prabowo @sandiuno @KHMarufAmin_ @AbeShinzo @JPN_PMO @CCMofa_Japan @CANJapan_org @ClimateT_G20 @erickthohir @sudirmansaid @dewanenergi @BappenasRI @PerekonomianRI @jonan_ignasius @KementerianESDM @djebtke @Amran_Sulaiman1 @kementan @tomlembong @Dr_Moeldoko @KSPgoid @pramonoanung @BamsoetQuotes @akbarfaizal68 @MMisbakhun @Masinton @budimandjatmiko @evndari @riekediahp @EkoSandjojo @info_Mekkah @Kadir_Karding @ZUL_Hasan @fadlizon @Fahrihamzah @Yusrilihza_Mhd @SBYudhoyono @hincapandjaitan @msi_sohibuliman @jokowi For years Indonesia Government has been failing to creat a condition to strengthen national rice industry in order to produce high quality &amp;cheap rice for its poeples while increasing Farmer Exchange Rates&amp;economic growth rate as well as to reduce Current Account Deficit https://t.co/kLZIZck3wE	41.54047
Fri Dec 07 14:33:42 +0000 2018	@jokowi Haters make human as victim.Duty.Duty.Duty.Duty.Duty also Obstructions any sectors .Monster.	41.24624
Wed Nov 07 01:22:51 +0000 2018	"@jokowi the buck.Before I forget I remember Sanskrit word ""Mahal"".Good Day.Regards to the people of Indonesia.Gods https://t.co/I2mO94EHBr https://t.co/XKzryKDEv3 https://t.co/IIQwmhrGvv be it.Eternally Yours.Allah.Your Emperor.God.Signed.Holiness World Emperor Ricardo B. Dino"	41.061287
Sun Dec 02 09:24:10 +0000 2018	@jokowi Unfortunatelly these valuable wastes are still burnt of left decay so be source of disease, Green House Gas emission, hotel, restaurant and &amp; Maternity Hospital for rats/mice &amp; even snakes https://t.co/orjokQ3KPC	40.96526
Sat Dec 01 15:44:58 +0000 2018	@jokowi Indonesia requires president candidate who have bravery to swear not to import rice, creates regulation to stimulate Waste-Energy Exchange concept to produce electric &amp; high quality &amp; cheap rice for poeples during his leadership.	40.8123
Tue Dec 04 08:26:26 +0000 2018	@jokowi @bank_indonesia @BappenasRI @PerekonomianRI @KemenkeuRI @WorldBank G20 &amp; growth - on GDP Quarterly : - G7 avg growth of 2%  only USA close to 3% trend increasing - 3 key countries non G7 - Asia (China India Indonesia), growth above 5% and only Indonesia in RISING trend https://t.co/CwhBSouW4V	40.786392
Mon Dec 03 10:41:45 +0000 2018	@jokowi @bank_indonesia @BappenasRI @PerekonomianRI @KemenkeuRI @WorldBank G20 &amp; growth - on GDP Quarterly : - G7 avg growth of 2%  only USA close to 3% trend increasing - 3 key countries non G7 - Asia (China India Indonesia), growth above 5% and only Indonesia in RISING trend https://t.co/CwhBSouW4V	40.786392
Sat Dec 01 15:44:55 +0000 2018	@jokowi Unfortunatelly these valuable wastes are still burnt of left decay so be source of disease, Green House Gas emission, hotel, restaurant and  Maternity Hospital for rats/mice &amp; even snakes https://t.co/gJAKGcNQer	40.54536
Sun Dec 02 09:24:05 +0000 2018	@jokowi As a rice importer country, contribute to Current Account Deficit which cause Rupiah rate depreciation, Indonesia never learn from Thailand the way to produce the high quality and cheap rice for its people and make rice as an export commodity. https://t.co/DBAKQU8kyY	40.48838
Tue Nov 27 06:06:32 +0000 2018	@jokowi Masuk @jokowi Keep up a good work.	40.318573
Thu Dec 06 15:14:16 +0000 2018	@jokowi 2016 Indonesia paddy production was 75.4 million ton produced 20.1 million ton of rice husk could produce 2,703 MW of electric. Unfortunatelly these wastes are still burnt or left decay so be source of disease, GHG emission, hotel, restaurant&amp;Maternity Hospital for rats https://t.co/TUAhPqUOxh	40.311485
Sun Dec 02 14:00:00 +0000 2018	@jokowi 2016 Indonesia paddy production was 75.4 million ton produced 20.1 million ton of rice husk could produce 2,703 MW of electric. Unfortunatelly these wastes are still burnt or left decay so be source of disease, GHG emission, hotel, restaurant&amp;Maternity Hospital for snake https://t.co/IZKGYTyX6o	40.311485
Sat Dec 08 14:20:59 +0000 2018	@jokowi @kaesangp have fun Mr. President.. you and your family deserve it. it ain't spend a lot of money by doing so for family quality time.. you may have a good time Mr. President	40.28254
Tue Dec 11 02:01:09 +0000 2018	@jokowi Need to be improved on integrity and  professionalism.	39.270756
Fri Dec 07 14:33:14 +0000 2018	@jokowi Haters make human as victim. Duty .Duty.Duty.Duty.Duty also Obstructions any sectors .Monster.	39.110893
Sun Dec 02 14:00:03 +0000 2018	@jokowi Indonesia now requires a presidential candidate who have bravery to swear not to import rice, creates a regulation which could stimulate Waste-Energy Exchange concept to produce electric, high quality &amp; cheap rice for peoples during his leadership	38.762897
Sun Dec 09 12:00:17 +0000 2018	@jokowi do you know this? could you and us give some help?  China has put over 1 million Muslims in concentration camps. This is a human rights atrocity &amp; no one seems to care.    https://t.co/WkwSmQ1jUG	38.759014
Tue Nov 27 17:02:04 +0000 2018	@jokowi @jokowi Ttue Leader speaks optkmism and courage without denying the reality. The future is Bright for our country.	38.485992
Thu Dec 06 15:14:18 +0000 2018	@jokowi Indonesia now requires a presidential candidate who have bravery to swear not to import rice, creates a regulation which could initiate Waste-Energy Exchange concept to produce electric, high quality &amp; cheap rice for peoples during his tenure https://t.co/fomRSKQraH	37.826447
Thu Dec 06 01:04:58 +0000 2018	@jokowi Indonesia now requires a presidential candidate who have bravery to swear not to import rice, creates a regulation which could initiate Waste-Energy Exchange concept to produce electric, high quality &amp; cheap rice for peoples during his leadership https://t.co/fomRSKQraH	37.826447
Tue Dec 11 07:12:11 +0000 2018	@jokowi Indonesia now requires a presidential candidate who have bravery to swear not to import rice, creates a regulation which could initiate Waste-Energy Exchange concept to produce electric, high quality &amp; cheap rice for peoples during his tenure https://t.co/fomRSL82zh	37.826447
Tue Dec 04 06:30:45 +0000 2018	@jokowi sir plz help the indian as a human being	37.42797
Thu Nov 29 17:43:51 +0000 2018	@jokowi what a wonderful human being. God bless My President	37.42797
Sat Dec 01 15:44:55 +0000 2018	@jokowi RMEC Scheme makes Thailand rice mill industries more efficient. With Specific Energy Consumption Average of 19,5 kWh/ton&amp;Specific Cost Average of USD 2,37/ton (2016) Thailand rice mill industries are able to produce high quality&amp;cheap rice&amp;makes rice as an export product	36.849663
Fri Dec 07 14:41:42 +0000 2018	@jokowi Haters make human as victim.Duty.Duty.Duty.Duty.Duty also Obstructions any sectors .Monster.Primitive staying in hundred years a go	35.44126
Tue Nov 06 22:49:09 +0000 2018	@jokowi One of the perks of having work office in Senayan. Im excited!	35.100277
Thu Nov 29 03:51:39 +0000 2018	@jokowi Bapak president We at @airasia are a firm believer in Indonesian Tourism . We are committed like opening Selangit ( lake Toba) and Lombok . #amazingIndonesia	33.844044
Thu Dec 06 15:14:12 +0000 2018	@jokowi For years Indonesian people have been spending their money only to purchase expensive rice, fuel &amp; electric causing high inflation, weakening people purchasing power &amp; uncotrolled worker wage raising protest which bothering investment climate &amp; weakening economic growth	33.673702
Sat Dec 01 15:44:55 +0000 2018	@jokowi 2016 Indonesia paddy production was 75,4 million ton could produce 20,1 million ton of rice husk. These wastes energy potency could be 341.000.360 GJ/yr equals to  2.703 MW of electric power.	33.451756
Sun Dec 02 13:59:55 +0000 2018	@jokowi For years Indonesian people have been spending their moneys only to purchase expensive rice, fuel &amp;electric causing high inflation rate, weakening people purchasing power&amp;uncotrolled worker wage raising protest which bothering investment climate&amp;weakening economic growth	33.405285
Sat Dec 08 04:41:59 +0000 2018	@jokowi @kaesangp Quality time ya Pak 👍👍👍 Balancing your life ..	32.643547
Sat Dec 01 15:44:52 +0000 2018	@jokowi For years Indonesian people have been spending their moneys only to purchase expensive rice, fuel&amp;electric causing high inflation rate, weakening people purchasing power&amp;uncotrolled worker wage raising protest which bothering investment climate&amp;weakening economic grwoth	32.30425
Fri Dec 07 09:57:16 +0000 2018	@jokowi there an island bodh few person skilly reach as too many trunk under surface motorboatpassenger endanger.  on the island no doctor.  ...mightious n chance save prita Aranya more n bring technology compressionairtubechainsaw these pagan sites.  this lakri can fave income+federals https://t.co/ycz5axt0TH	31.56958
Thu Nov 08 04:45:52 +0000 2018	"@jokowi @kemenhub151 @bagpenseskoal @USNavy #INDONESIA#TRAINING VESSEL FOR INDONESIAN NAVAL CADET#IT IS TIME TO CHANGE  SHIP ""DEWARUCI"" FROM EX FOREIGN TO OUR SELVES. WE CAN SEE IT OURS ON THE RELIEF OF BOROBUDUR TEMPLE. IT WAS AN AMAZING SHIP. WE HV TO BE PROUD. LETS DO IT ASAP. https://t.co/za5XmWxffe"	30.475916
Tue Dec 04 02:16:37 +0000 2018	@JPN_PMO @jokowi @Pak_JK @prabowo @sandiuno @KHMarufAmin_ @AbeShinzo @CCMofa_Japan @ClimateT_G20 @CANJapan_org @350_Japan @erickthohir @sudirmansaid @dewanenergi @BappenasRI @PerekonomianRI @jonan_ignasius @KementerianESDM @djebtke @Amran_Sulaiman1 @kementan @tomlembong @Dr_Moeldoko @KSPgoid @Masinton @pramonoanung @budimandjatmiko @evndari @riekediahp @EkoSandjojo @info_Mekkah @Kadir_Karding @ZUL_Hasan @fadlizon @Fahrihamzah @Yusrilihza_Mhd @SBYudhoyono @hincapandjaitan @saididu @jokowi As a rice importer country, contribute to Current Account Deficit which cause Rupiah rate depreciation, Indonesia never learn from Thailand the way to produce the high quality and cheap rice for its people and make rice as an export commodity. https://t.co/DBAKQU8kyY	29.718761
Sat Dec 01 15:44:56 +0000 2018	@jokowi Put into effect back Energy&amp;Mineral Resources Ministry Regulation No.21/2016 on Electricity Power Purchasing for Biomass Power by PT. PLN to fullfill the local electricty requirement, strengthen national rice industry to produce high quality&amp;cheap rice for poeples while	29.317087
Thu Dec 06 15:14:17 +0000 2018	@jokowi Put into effect back Energy &amp; Mineral Resources Ministry Regulation No. 21 of 2016 on Electricity Power Purchasing for Biomass Power by PT. PLN to fullfill the local electricty need, strengthen national rice industry to produce high quality &amp; cheap rice for peoples	29.27098
Thu Nov 22 12:52:56 +0000 2018	@jokowi Hello Dear  I am Mehedi  Your Creative Logo/Graphic Designer. My first Priority is my client satisfaction I hope you will enjoy to work with Me.  If you order me , i will sent you unlimited Revisions And 5 logo design for your choice my gig https://t.co/c7Mf5VE8xL	28.954664
Fri Nov 23 16:45:23 +0000 2018	@jokowi Hello Dear  I am Mehedi  Your Creative Logo/Graphic Designer. My first Priority is my client satisfaction I hope you will enjoy to work with Me.  If you order me , i will sent you unlimited Revisions And 5 logo design for your choice my gig https://t.co/c7Mf5VE8xL	28.954664
Wed Nov 28 17:06:17 +0000 2018	@jokowi Hello Dear  I am Mehedi  Your Creative Logo/Graphic Designer. My first Priority is my client satisfaction I hope you will enjoy to work with Me.  If you order me , i will sent you unlimited Revisions And 5 logo design for your choice my gig https://t.co/c7Mf5VE8xL	28.954664
Mon Nov 26 13:05:21 +0000 2018	@jokowi Hello Dear  I am Mehedi  Your Creative Logo/Graphic Designer. My first Priority is my client satisfaction I hope you will enjoy to work with Me.  If you order me , i will sent you unlimited Revisions And 5 logo design for your choice my gig https://t.co/c7Mf5VE8xL	28.954664
Mon Nov 26 13:05:57 +0000 2018	@jokowi Hello Dear  I am Mehedi  Your Creative Logo/Graphic Designer. My first Priority is my client satisfaction I hope you will enjoy to work with Me.  If you order me , i will sent you unlimited Revisions And 5 logo design for your choice my gig https://t.co/c7Mf5VE8xL	28.954664
Mon Nov 26 13:06:49 +0000 2018	@jokowi Hello Dear  I am Mehedi  Your Creative Logo/Graphic Designer. My first Priority is my client satisfaction I hope you will enjoy to work with Me.  If you order me , i will sent you unlimited Revisions And 5 logo design for your choice my gig https://t.co/c7Mf5VE8xL	28.954664
Mon Dec 03 12:41:16 +0000 2018	@jokowi Hello Dear  I am Mehedi  Your Creative Logo/Graphic Designer. My first Priority is my client satisfaction I hope you will enjoy to work with Me.  If you order me , i will sent you unlimited Revisions And 5 logo design for your choice my gig https://t.co/c7Mf5VE8xL	28.954664
Mon Dec 03 12:36:33 +0000 2018	@jokowi Hello Dear  I am Mehedi  Your Creative Logo/Graphic Designer. My first Priority is my client satisfaction I hope you will enjoy to work with Me.  If you order me , i will sent you unlimited Revisions And 5 logo design for your choice my gig https://t.co/c7Mf5VE8xL	28.954664
Sun Dec 02 12:55:33 +0000 2018	@jokowi @Pak_JK @prabowo @sandiuno @KHMarufAmin_ @AbeShinzo @JPN_PMO @CCMofa_Japan @CANJapan_org @ClimateT_G20 @erickthohir @sudirmansaid @dewanenergi @BappenasRI @PerekonomianRI @jonan_ignasius @KementerianESDM @djebtke @Amran_Sulaiman1 @kementan @tomlembong @Dr_Moeldoko @KSPgoid @pramonoanung @BamsoetQuotes @akbarfaizal68 @MMisbakhun @Masinton @budimandjatmiko @evndari @riekediahp @EkoSandjojo @info_Mekkah @Kadir_Karding @ZUL_Hasan @fadlizon @Fahrihamzah @Yusrilihza_Mhd @SBYudhoyono @hincapandjaitan @msi_sohibuliman @jokowi As a rice importer country, contribute to Current Account Deficit which cause Rupiah rate depreciation, Indonesia never learn from Thailand the way to produce the high quality and cheap rice for its people and make rice as an export commodity. https://t.co/DBAKQU8kyY	28.866678
Sat Nov 10 11:56:52 +0000 2018	@jokowi Quarter by quarter the #Indonesia #economy is going into hiding... https://t.co/q3VkPgeKZ7	28.722927
Wed Nov 21 23:15:32 +0000 2018	@jokowi Yes....!! Do the best Mr. Presiden, We support and pray for you to make Indonesia still big and unity under NKRI and the red and white flag.	28.637877
Fri Nov 09 04:22:06 +0000 2018	@jokowi  @RusdiKirana #2019TetapJokowi #LionAirJT610 there is no evidence that stabilizer trim ran away. Pilots may have been forced to trim nose down by other factors. Wait for the CVR -just been found. Why was PK-LQP flown level faster than VMO with nose trim down?	28.522465
Thu Dec 06 00:02:00 +0000 2018	@jokowi Palm oil is unavoidable. Can it be sustainable? https://t.co/xxHx7MAHJP lewat @NatGeoMag	27.711578
Tue Dec 04 09:44:55 +0000 2018	@jokowi @TweetRAMALAN  @MarisePayne @JulieBishopMP @Menlu_RI @wapres_ri @ryamizard_r Lies in Jakarta Coverup Canberra. Civil War West Papua. Australian funding training ofIndonesian military police should be boycotted by ADF AFPpending a royal commission.  https://t.co/kdRmWrHPcm https://t.co/jZCK4LnYSs	27.638214
Fri Nov 09 11:25:59 +0000 2018	@jokowi President Jokowi just officially opened the 37.3 km East Brebes -Sewaka segment and 5.4 Km Pemalang-Batang ( Sewaka-SS Pemalang) Central Java this morning . One area by one area,region by region,island by island get more integrated  New Emerging economy points #TerimakasihJokowi https://t.co/wco2Pcj9dC	27.428574
Fri Dec 07 05:31:35 +0000 2018	@jokowi After living in Indonesia for almost 12 years, I am being deported. My wife and I filed an extension of my KITAP and the immigration officer revoked my extension. He did not specify the reason. After all my hard work to stay and live in Indonesia was thrown away.	26.771267
Wed Nov 07 00:43:04 +0000 2018	"@jokowi Gat Andres Bonifacio,and First President of the Republic(The first to be Independent in Asia)President Emilio Aguinaldo(Aguinaldo or ""Simbang Gabi"")while Spain had the Second Crusade therefore back to Christian https://t.co/UJ65hwobp0 Great Great Grandfather was..."	26.711906
Wed Nov 07 18:20:45 +0000 2018	@jokowi The Presiden of Indonesia Jokowi Failed to give Electricity in Teluk Bintuni West Papua, The city of OIL and Gas but city NOT GROW. @jokowi @BP_Press @Puspen_TNI @KemenBUMN @KementerianESDM @pln_123  @prabowo @sandiuno @fadlizon @Fahrihamzah	26.643353
Sat Nov 24 13:42:31 +0000 2018	@jokowi The Presiden of Indonesia Jokowi Failed to give Electricity in Teluk Bintuni West Papua, The city of OIL and Gas but city NOT GROW. #PapuaNeedHELP @jokowi @BP_Press @Puspen_TNI @KemenBUMN @KementerianESDM @pln_123  @prabowo @sandiuno @fadlizon @Fahrihamzah	26.437866
Mon Dec 03 05:29:43 +0000 2018	@jokowi @setkabgoid @BBCWorld @CNN 15 - 20 Years From Now Indonesia Might World Will Loose Their Youth.. if we Still Cant Find Solution for this #hariaidssedunia https://t.co/GmV4HwFnvN	24.956106
Sun Dec 02 03:41:42 +0000 2018	@jokowi Whilst the opposition leader, Prabowo Subianto, IS flirting with religious nutters and radical groups, the incumbent Indonesian president Joko Widodo is very busy working to transform the country into a modern, civilized and developed nation.	24.874321
Wed Dec 05 04:44:46 +0000 2018	@jokowi Sory Pak + but like City kita motor already very many + City solid + not sesuai + maybe + sory great bagi sartifikat true + but people which want buat lama again how to + success sory P. Joko great 👍🍁	24.49001
Thu Dec 06 15:14:13 +0000 2018	@jokowi Contrast with Indonesia which still electrify peoples with import &amp; dirty energy source Thailand through the Feed in Tariff &amp; Rice Mill Energy Conservation/RMEC Scheme since early 2000 has been electrifying peoples &amp; rice mill industries with Rice Husk Power Plant (RHPP)	23.995134
Tue Dec 04 13:20:58 +0000 2018	@jokowi should immediately review the head count in regulators and ministries around the country.. the reason for over regulation in Indonesia is because of too many people in regulatory bodies.. reduce the head count and see how regulations are streamlined!! @kompascom @jakpost	23.752094
Sat Dec 01 15:44:53 +0000 2018	@jokowi Contrast with Indonesia which still electrify its people with import&amp;dirty energy source Thailand through the Feed in Tariff&amp;Rice Mill Energy Conservation/RMEC Scheme since early 2000 has been electrifying its people&amp;rice mill industries with Rice Husk Power Plant (RHPP)	23.522749
Mon Dec 03 05:22:10 +0000 2018	@jokowi @bank_indonesia @BappenasRI @PerekonomianRI @KemenkeuRI @WorldBank G20 &amp; growth - on GDP Quarterly : - G7 avg growth of 2%  only USA close to 3% trend increasing - 3 key countries non G7 - Asia (China India Indonesia), growth above 5% and only Indonesia in RISING trend https://t.co/CwhBSouW4V	23.43429
Sun Dec 02 13:59:57 +0000 2018	@jokowi Contrast with Indonesia which still electrify its people with import&amp;dirty energy source Thailand through the Feed in Tariff&amp;Rice Mill Energy Conservation/RMEC Scheme since early 2000 has been electrifying its people&amp;rice mill industries with Rice Husk Power Plant (RHPP) https://t.co/cTi7OP4iQv	23.28507
Tue Dec 04 02:15:41 +0000 2018	@JPN_PMO @jokowi @Pak_JK @prabowo @sandiuno @KHMarufAmin_ @AbeShinzo @CCMofa_Japan @ClimateT_G20 @CANJapan_org @350_Japan @erickthohir @sudirmansaid @dewanenergi @BappenasRI @PerekonomianRI @jonan_ignasius @KementerianESDM @djebtke @Amran_Sulaiman1 @kementan @tomlembong @Dr_Moeldoko @KSPgoid @jokowi Indonesia new &amp; renewable energy development handicap   https://t.co/34FYs7m5vf @Masinton @pramonoanung @budimandjatmiko @evndari @riekediahp @EkoSandjojo @info_Mekkah @Kadir_Karding @ZUL_Hasan @fadlizon @Fahrihamzah @Yusrilihza_Mhd @SBYudhoyono @hincapandjaitan @saididu	22.445967
Tue Dec 04 02:19:42 +0000 2018	@JPN_PMO @jokowi @Pak_JK @prabowo @sandiuno @KHMarufAmin_ @AbeShinzo @CCMofa_Japan @ClimateT_G20 @CANJapan_org @350_Japan @erickthohir @sudirmansaid @dewanenergi @BappenasRI @PerekonomianRI @jonan_ignasius @KementerianESDM @djebtke @Amran_Sulaiman1 @kementan @tomlembong @Dr_Moeldoko @KSPgoid @Masinton @pramonoanung @budimandjatmiko @evndari @riekediahp @EkoSandjojo @info_Mekkah @Kadir_Karding @ZUL_Hasan @fadlizon @Fahrihamzah @Yusrilihza_Mhd @SBYudhoyono @hincapandjaitan @saididu @jokowi RMEC Scheme makes Thailand rice mill industries more efficient. With Specific Energy Consumption Average of 19,5 kWh/ton&amp;Specific Cost Average of USD 2,37/ton (2016) Thailand rice mill industries are able to produce high quality&amp;cheap rice&amp;makes rice as an export product	22.304272
Sun Dec 02 12:54:26 +0000 2018	@jokowi @Pak_JK @prabowo @sandiuno @KHMarufAmin_ @AbeShinzo @JPN_PMO @CCMofa_Japan @CANJapan_org @ClimateT_G20 @erickthohir @sudirmansaid @dewanenergi @BappenasRI @PerekonomianRI @jonan_ignasius @KementerianESDM @djebtke @Amran_Sulaiman1 @kementan @tomlembong @Dr_Moeldoko @KSPgoid @pramonoanung @BamsoetQuotes @akbarfaizal68 @MMisbakhun @jokowi Indonesia new &amp; renewable energy development handicap   https://t.co/34FYs74uDH @Masinton @budimandjatmiko @evndari @riekediahp @EkoSandjojo @info_Mekkah @Kadir_Karding @ZUL_Hasan @fadlizon @Fahrihamzah @Yusrilihza_Mhd @SBYudhoyono @hincapandjaitan @msi_sohibuliman	22.020336
Sun Dec 02 13:02:49 +0000 2018	@jokowi @Pak_JK @prabowo @sandiuno @KHMarufAmin_ @AbeShinzo @JPN_PMO @CCMofa_Japan @CANJapan_org @ClimateT_G20 @erickthohir @sudirmansaid @dewanenergi @BappenasRI @PerekonomianRI @jonan_ignasius @KementerianESDM @djebtke @Amran_Sulaiman1 @kementan @tomlembong @Dr_Moeldoko @KSPgoid @pramonoanung @BamsoetQuotes @akbarfaizal68 @MMisbakhun @Masinton @budimandjatmiko @evndari @riekediahp @EkoSandjojo @info_Mekkah @Kadir_Karding @ZUL_Hasan @fadlizon @Fahrihamzah @Yusrilihza_Mhd @SBYudhoyono @hincapandjaitan @msi_sohibuliman @jokowi Indonesia now requires a presidential candidate who have bravery to swear not to import rice, creates a regulation which could stimulate Waste-Energy Exchange concept to produce electric, and high quality &amp; cheap rice for peoples during his leadership	21.880589
Sun Dec 02 12:58:58 +0000 2018	@jokowi @Pak_JK @prabowo @sandiuno @KHMarufAmin_ @AbeShinzo @JPN_PMO @CCMofa_Japan @CANJapan_org @ClimateT_G20 @erickthohir @sudirmansaid @dewanenergi @BappenasRI @PerekonomianRI @jonan_ignasius @KementerianESDM @djebtke @Amran_Sulaiman1 @kementan @tomlembong @Dr_Moeldoko @KSPgoid @pramonoanung @BamsoetQuotes @akbarfaizal68 @MMisbakhun @Masinton @budimandjatmiko @evndari @riekediahp @EkoSandjojo @info_Mekkah @Kadir_Karding @ZUL_Hasan @fadlizon @Fahrihamzah @Yusrilihza_Mhd @SBYudhoyono @hincapandjaitan @msi_sohibuliman @jokowi RMEC Scheme makes Thailand rice mill industries more efficient. With Specific Energy Consumption Average of 19,5 kWh/ton&amp;Specific Cost Average of USD 2,37/ton (2016) Thailand rice mill industries are able to produce high quality&amp;cheap rice&amp;makes rice as an export product	21.712303
Tue Dec 04 10:24:55 +0000 2018	@jokowi @PolhukamRI  @DivHumas_Polri  they have fought day and night for their lives and country....don't play with terrorist or terrorist supporters..	21.242819
Sat Dec 08 02:33:47 +0000 2018	@jokowi I guess this clarification has proven once again that @rockygerung still loves to eat his hoaxes as his daily meal. Happy eating.	21.126583
Tue Dec 04 02:47:23 +0000 2018	@jokowi @harry_pearl  I got back from Cimaja in 3 hours last night. And I think I could now break 2 hours going down. Big up Jokowi 👏👏👏	20.525724
Sun Dec 09 23:24:16 +0000 2018	@jokowi I agree with you Mr. President. If I may ask, when Indonesia will start shifting to green renewable energy, banning the use of fossil fuel, &amp; coal? The world temperature and sea level are rising, and will bring more disaster such as earthquake, drought, &amp; flood. Thank you.	20.402973
Sat Dec 01 09:48:46 +0000 2018	"@jokowi Is this funny if that's how many different etnis in Indonesia before claim doesn't same with ""Hindu nation"" (is this the original alpha bethical of Indonesian word?)?"	20.387506
Sun Dec 02 13:01:49 +0000 2018	@jokowi @Pak_JK @prabowo @sandiuno @KHMarufAmin_ @AbeShinzo @JPN_PMO @CCMofa_Japan @CANJapan_org @ClimateT_G20 @erickthohir @sudirmansaid @dewanenergi @BappenasRI @PerekonomianRI @jonan_ignasius @KementerianESDM @djebtke @Amran_Sulaiman1 @kementan @tomlembong @Dr_Moeldoko @KSPgoid @pramonoanung @BamsoetQuotes @akbarfaizal68 @MMisbakhun @Masinton @budimandjatmiko @evndari @riekediahp @EkoSandjojo @info_Mekkah @Kadir_Karding @ZUL_Hasan @fadlizon @Fahrihamzah @Yusrilihza_Mhd @SBYudhoyono @hincapandjaitan @msi_sohibuliman @jokowi increasing Farmer Exchange Rates, increasing national rate growth and reduce Current Account Deficit.    Refference  https://t.co/RDDs7R3aSL https://t.co/9TYJVPEBYG  page.33 https://t.co/mxTvUbwEo4. https://t.co/1s9YmPsMtO https://t.co/9qCKH70mzj	20.235283
Sun Nov 25 12:01:36 +0000 2018	@jokowi @BappenasRI @bank_indonesia @BankDunia @PerekonomianRI @MoazzamTMalik Indonesia GDP by Region - an Econography perspectives as Urban to become the center gravity of economic growth. Indonesia GDP 2017 USD 1.015 Bio (nominal) https://t.co/0V1nL3a5WN	19.580938
Thu Dec 06 03:35:56 +0000 2018	@jokowi Gas pool	19.509338
Sun Dec 02 13:00:39 +0000 2018	@jokowi @Pak_JK @prabowo @sandiuno @KHMarufAmin_ @AbeShinzo @JPN_PMO @CCMofa_Japan @CANJapan_org @ClimateT_G20 @erickthohir @sudirmansaid @dewanenergi @BappenasRI @PerekonomianRI @jonan_ignasius @KementerianESDM @djebtke @Amran_Sulaiman1 @kementan @tomlembong @Dr_Moeldoko @KSPgoid @pramonoanung @BamsoetQuotes @akbarfaizal68 @MMisbakhun @Masinton @budimandjatmiko @evndari @riekediahp @EkoSandjojo @info_Mekkah @Kadir_Karding @ZUL_Hasan @fadlizon @Fahrihamzah @Yusrilihza_Mhd @SBYudhoyono @hincapandjaitan @msi_sohibuliman @jokowi Put into effect back Energy&amp;Mineral Resources Ministry Regulation No.21/2016 on Electricity Power Purchasing for Biomass Power by PT. PLN to fullfill the local electricty requirement, strengthen national rice industry to produce high quality&amp;cheap rice for poeples while	19.383198
Tue Dec 04 02:16:09 +0000 2018	@JPN_PMO @jokowi @Pak_JK @prabowo @sandiuno @KHMarufAmin_ @AbeShinzo @CCMofa_Japan @ClimateT_G20 @CANJapan_org @350_Japan @erickthohir @sudirmansaid @dewanenergi @BappenasRI @PerekonomianRI @jonan_ignasius @KementerianESDM @djebtke @Amran_Sulaiman1 @kementan @tomlembong @Dr_Moeldoko @KSPgoid @Masinton @pramonoanung @budimandjatmiko @evndari @riekediahp @EkoSandjojo @info_Mekkah @Kadir_Karding @ZUL_Hasan @fadlizon @Fahrihamzah @Yusrilihza_Mhd @SBYudhoyono @hincapandjaitan @saididu @jokowi For years Indonesian people have been spending their moneys only to purchase expensive rice, fuel&amp;electric causing high inflation rate, weakening people purchasing power&amp;uncotrolled worker wage raising protest which bothering investment climate&amp;weakening economic growth	19.134228
Sun Dec 02 12:55:07 +0000 2018	@jokowi @Pak_JK @prabowo @sandiuno @KHMarufAmin_ @AbeShinzo @JPN_PMO @CCMofa_Japan @CANJapan_org @ClimateT_G20 @erickthohir @sudirmansaid @dewanenergi @BappenasRI @PerekonomianRI @jonan_ignasius @KementerianESDM @djebtke @Amran_Sulaiman1 @kementan @tomlembong @Dr_Moeldoko @KSPgoid @pramonoanung @BamsoetQuotes @akbarfaizal68 @MMisbakhun @Masinton @budimandjatmiko @evndari @riekediahp @EkoSandjojo @info_Mekkah @Kadir_Karding @ZUL_Hasan @fadlizon @Fahrihamzah @Yusrilihza_Mhd @SBYudhoyono @hincapandjaitan @msi_sohibuliman @jokowi For years Indonesian people have been spending their moneys only to purchase expensive rice, fuel&amp;electric causing high inflation rate, weakening people purchasing power&amp;uncotrolled worker wage raising protest which bothering investment climate&amp;weakening economic growth	18.58652
Sun Nov 11 01:35:02 +0000 2018	@jokowi rapid industrialisation in china have many https://t.co/muqOdDgonO&amp;safety has to be most priority.Indonesia shouldlearn learn&amp;learn.fasttrain	18.333517
Thu Dec 06 04:20:36 +0000 2018	@jokowi recent years.	18.284836
Thu Nov 08 02:06:09 +0000 2018	@jokowi @prabowo lets learn to @BetoORourke He is a f***** 5 stars politician, his words are so calm and positive!!! #politepolitic	18.265163
Fri Dec 07 12:49:14 +0000 2018	@jokowi People with a satanic mind labelled Jokowi “PKI” (Partai Komunis Indonesia) but people with a normal healthy mind dubbed Jokowi “PKI” (President of Keen Intellect).  https://t.co/QTy9RQtv3c	17.255627
Tue Nov 27 07:22:13 +0000 2018	@jokowi Let me share information about Donald Trump,  Benjamin Netanyahu,  Vladimir Putin and Steve Bullocks partnership to ambush me and my Muslim wife and daughter that's a bigger organized crime and failed communist crusade   https://t.co/WRcr4QCWJj	17.085623
Thu Nov 22 01:31:45 +0000 2018	@jokowi Learn more about Islam and how Indonesia is an insult to Islam; https://t.co/p8Q68ey7NM https://t.co/HM4G65MVlH	16.662113
Wed Nov 21 19:07:12 +0000 2018	@Jokowi Ban nationwide plastic use right now. We can't afford this.  https://t.co/GItWBvVpBX	16.642956
Fri Dec 07 07:44:07 +0000 2018	@jokowi Evil-minded people labelled Jokowi “PKI” (Partai Komunis Indonesia) but people with a normal healthy mind dubbed Jokowi “PKI” (President of Keen Intellect).	16.214828
Sat Nov 10 09:48:59 +0000 2018	@jokowi I really really like to seeing Bapak President anthusiasm to participated in this event. I feel that there is no wall separate between we are and you. And we feel a closeness...	16.073326
Thu Nov 22 10:04:35 +0000 2018	@jokowi Announcement by Foreign Ministers of Japan and the Republic of Korea at the Joint Press Occasion （December 28th, 2015） ｜ Ministry of Foreign Affairs of Japan https://t.co/RNo4HyTJtF  #ComfortWomen #theReconciliationAndHealingFoundation	15.921995
Sat Dec 01 09:51:32 +0000 2018	@jokowi I hope this country Republic should take by Nederland and China and England government too take apart of the country in Indonesia land! Thank You..	15.5
Wed Nov 07 00:15:04 +0000 2018	@jokowi You have a child like smile, Mr. President 😊😊	15.31066
Mon Dec 03 11:10:35 +0000 2018	@Jokowi explains: even though #Indonesia exported millions of tons of bauxite ore, aluminum producers were still importing large amounts of alumina (aluminum oxide) as raw material in manufacturing their products	14.70601
Thu Nov 22 06:35:27 +0000 2018	@jokowi This morning president Jokowi has appointed and coronate a new Indonesian National Army Chief of Staff General Andika Perkasa. He was ever served in Kopassus, and served as National Army Commander. Congratulation to the new Chief of Staff.	14.673848
Sun Nov 25 12:34:57 +0000 2018	@jokowi You are right!	14.245298
Thu Dec 06 00:09:07 +0000 2018	"@jokowi @prabowo @sandiuno It's perhaps not uncommon particularly in Yogyakarta &amp; Solo a very few dignitaries could possibly incline to deny the very existence of the Almigty God by worshiping ""keris &amp; other forms of mystical tools"" of which's defined as SYRIQ?.@bawaslu_RI"	14.211275
Fri Nov 09 01:07:34 +0000 2018	@jokowi #lionairJT610 @RusdiKirana #LionAir #JT610 #aircrash #flyerstalk #Flyer #aviation #avgeek #Avgeeks   CVR will prove Boeing excuses are wrong. It was not Angle of Attack sensors	13.882658
Sat Nov 24 05:12:08 +0000 2018	@jokowi Goodnews  The earthquake-stricken Lombok, NTB and the area in its vicinity are back to normal Mount Rinjani in quake-hit Lombok has been opened to trekkers,  Let's visit Lombok  @disbudpar_ntb, and enjoy its scenic natural beauty  https://t.co/D7DQfZSDoA	13.834717
Thu Nov 08 02:30:38 +0000 2018	@jokowi This guy very smart and Indonesian should proud of him.	13.157772
Wed Dec 05 17:23:06 +0000 2018	@jokowi Don’t stop doing right ya pak...	12.935664
Sun Nov 11 01:30:39 +0000 2018	@jokowi @NAR @KSPgoid during the election timing,it's necessary to acting firmly against for the airline who breaking the rules it's including the owner.Don't hesitate to fire him from ring one palace,remember that our nation interest is priority! Be carefull with ring one person	12.906553
Fri Dec 07 01:41:53 +0000 2018	@jokowi May God’s Blessing For Peace, Safety, Security And Prosperity Always Be Upon Beloved Indonesia And Beloved People Of Beloved Indonesia...  Your Excellency Pdt Joko Widodo...  And All People Of The World...	12.822092
Thu Nov 29 00:56:07 +0000 2018	@jokowi Play dominoes game, this game suitable to killing time and you sure happy to play this so what you waiting for  download and enjoy it https://t.co/I26Epc1NpT	12.747978
Sat Nov 10 09:39:52 +0000 2018	@jokowi obama on the bicycle https://t.co/z1O9fVmyhx	12.647846
Thu Nov 29 02:08:57 +0000 2018	@jokowi hoping Rp 1 = U$S 1	12.452851
Thu Dec 06 05:18:45 +0000 2018	@jokowi @narendramodi SKorea Cosmetic industry n Politicians begin seminar for more export. if they aid me for visit there, i must more twitt to you.	12.2183
Tue Dec 11 01:35:33 +0000 2018	@jokowi Congratulations Good point and God bless #PresidentRI &amp; May God keep and Bless #Indonesians	12.19798
Tue Dec 11 00:38:25 +0000 2018	@jokowi saudiararabia&amp; yaman.God https://t.co/o4EvWBXAGF sunni no https://t.co/MhGbBTKI7z&amp; poor.Peacemaker of Indonesia, King Salman amalsodaqoh built houthi.houses.schools.hospitals ALLAH WILL SMILE&amp; HAPPY.lighten ing Iran NO MORE WAR BLOOD AND TEARS.God bless you all😀😀😀	11.819445
Fri Nov 09 04:58:36 +0000 2018	@Jokowi Philippines is increasing tobacco taxes to finance #UHC. So should you https://t.co/tkuLNw7HYs	11.652437
Sat Dec 08 04:28:30 +0000 2018	@jokowi @kaesangp You know you have a healthy relationship when you roast and throw sarcasm as a joke	11.441266
Fri Nov 30 11:49:00 +0000 2018	@anticorruption @meberazategui @MichelTemer @RegSprecher @CyrilRamaphosa @jokowi @EPN @KremlinRussia_E @AbeShinzo @GiuseppeConteIT @sanchezcastejon As an example: #G20 Leaders adopted these commitments in 2014. They are their own promises, not TI recommendations. Yet, they are moving far too slowly. We don't need any more new promises - just implement existing commitments! #G20TakeAction https://t.co/tJ6GDPI6Xd https://t.co/mMFvusFtPb	11.173169
Fri Nov 09 03:01:00 +0000 2018	@jokowi Why don't Novel Baswedan also claimed as a national hero since his tragedy still dark to solved.	11.126911
Thu Dec 06 11:00:24 +0000 2018	"@jokowi  Just seen article in Jakarta Post.  Surely Bacan is THE main island for Wallace; deserves recognition, could help bring tourism and resources for conservation and livelihoods?  ""memorials should be created in Wallace's honor"" https://t.co/y4hYIPvJlA"	10.944403
Wed Nov 21 14:50:16 +0000 2018	@jokowi I like ur systematic approach! Indonesia is on the right path! #gojokowi	10.926602
Wed Nov 28 15:33:45 +0000 2018	@jokowi Anyway.I had critics .They hate white cats but choose Africa global only one way  https://t.co/OuTcyNlyr0	10.922703
Sun Dec 09 11:15:52 +0000 2018	@jokowi Exercise in the morning is best for your health. ~*~🌸~*~🇰🇷~*~🌸~*~🇰🇷~*~🌸	10.694454
Fri Nov 23 07:49:55 +0000 2018	@jokowi Mr President!now you are on the right track🌟,👏👍👍	10.650899
Sat Nov 24 15:47:26 +0000 2018	@jokowi @Aryprasetyo85 So proud of you Mr. PRESIDENT. You really the best President ever that we had have.God always blessing you with health and longevity, Amen. How Blessed I am as Indonesian people that God gave You as our Mr. President. #01JokowiLagi	9.952699
Sat Dec 08 08:16:23 +0000 2018	@jokowi @kaesangp Hi all dear. Wanna free gift card codes online., 100% working guaranteed!  https://t.co/aoBeukTOVI	9.905814
Sun Dec 02 12:56:53 +0000 2018	@jokowi @Pak_JK @prabowo @sandiuno @KHMarufAmin_ @AbeShinzo @JPN_PMO @CCMofa_Japan @CANJapan_org @ClimateT_G20 @erickthohir @sudirmansaid @dewanenergi @BappenasRI @PerekonomianRI @jonan_ignasius @KementerianESDM @djebtke @Amran_Sulaiman1 @kementan @tomlembong @Dr_Moeldoko @KSPgoid @pramonoanung @BamsoetQuotes @akbarfaizal68 @MMisbakhun @Masinton @budimandjatmiko @evndari @riekediahp @EkoSandjojo @info_Mekkah @Kadir_Karding @ZUL_Hasan @fadlizon @Fahrihamzah @Yusrilihza_Mhd @SBYudhoyono @hincapandjaitan @msi_sohibuliman @jokowi Contrast with Indonesia which still electrify its people with import&amp;dirty energy source Thailand through the Feed in Tariff&amp;Rice Mill Energy Conservation/RMEC Scheme since early 2000 has been electrifying its people&amp;rice mill industries with Rice Husk Power Plant (RHPP) https://t.co/sCe5V32263	9.590864
Fri Nov 23 07:18:29 +0000 2018	@jokowi Juz sky light - self camera 2013 https://t.co/dPMcpkUk4u	9.477246
Sun Dec 02 07:18:03 +0000 2018	@jokowi Mr. President Jokowi. You're the 'real' hero.. just do not be hesitate to do the right things. Mauliate	9.457706
Sat Dec 01 09:50:18 +0000 2018	@jokowi How many Hindi or Hindustand or hindu kingdom in this land before that till need freedom to be the one country and Moslem and Christian with Hindu nation / Indonesia name? Is this right doktrin too for religion !!?	9.401732
Mon Dec 03 03:35:03 +0000 2018	@jokowi Our President and his parliament already did a tremendous outcome at least they have progressed of those plans. We are as valuable citizens have to contribute more to the nation, principally for the notion of teenager and their execution. it will initiate to be better Indonesia.	9.2674055
Fri Nov 23 07:21:00 +0000 2018	@jokowi Juz sky light - Self camera iPhone 2013 https://t.co/wh77wTVJRM	9.218531
Sun Nov 25 02:51:48 +0000 2018	@jokowi @Aryprasetyo85  So proud of you Mr. President, You are The Best President ever that we had have. All of us so blessed as Indonesian for being your people. Yes God gave us the best man like you for a better NKRI in Pancasila. God blessing you with health and longevity Sir. AMEN.	9.009053
Wed Dec 12 02:47:28 +0000 2018	@jokowi Great post Good morning for #Indonesia  Greetings night from #ChicagoIL US	8.973565
Mon Dec 03 03:32:24 +0000 2018	@jokowi Our President and his parliament already did a tremendous outcome at least they have progressed those plan. We are as valuable citizens have to contribute more to the nation, principally for the notion of teenager. it will initiate to be better Indonesia.	8.834664
Fri Nov 09 06:12:39 +0000 2018	"@jokowi @bawaslu_RI @DivHumas_Polri it's not bad idea; yet we need preemptive actions to mitigate this so called ""sontoloyo""; the least competent of any leader of any organization, then lots tougher subordinates would have to compensate or to reconcile @PDI_Perjuangan @Gerindra"	8.714214
Mon Dec 03 03:33:19 +0000 2018	@jokowi Our President and his parliament already did a tremendous outcome at least they have progressed of those plan. We are as valuable citizens have to contribute more to the nation, principally for the notion of teenager. it will initiate to be better Indonesia.	8.650887
Mon Dec 03 06:44:26 +0000 2018	@jokowi Freedom: I want my freedom and my UK ID back. I donot like Bali. I donot want to stay in Indonesia &amp; I never wanted &amp; I will never want to stay here. Here corrupt immigration tortured me, provided me with false info&amp; harrassed me along with hotel staff.	8.62397
Fri Dec 07 07:47:36 +0000 2018	@jokowi Smart....	8.570737
Mon Dec 10 08:54:48 +0000 2018	@eucopresident @theresa_may How to take my rights from sexual abuse in indonesia @jokowi @aburizalbakrie	8.52072
Fri Dec 07 07:19:57 +0000 2018	@jokowi Chainsawing trees down maffia full active Samosir Island.Stop it ,please.Thank You.	8.511544
Sat Dec 08 23:58:37 +0000 2018	@jokowi #Jokowi @RusdiKirana #FAA #NTSB @LionAirID  #KNKT #Boeing #boeing737MAX #Boeing737 #JT610 #lionairJT610 #lionaircrash #lionair Critical analysis Lionair JT610 investigation, Boeing's response &amp; still unresolved dangers to 737MAX operations https://t.co/xzmwqZU8JG	8.2402725
Sat Nov 24 09:22:16 +0000 2018	@jokowi Dear,Mr.president......???excusme..may i talk ...if u at 2019 to be a president for twice,,is there any job for me mr president..???...	8.178893
Mon Nov 26 11:52:29 +0000 2018	@jokowi So close so intimate between the President and public salute for you MR PRESIDENT GOD BLESSING YOU ALL THE TIME.  JOKOWI 2X.	8.162752
Wed Nov 07 01:10:55 +0000 2018	@jokowi rather than Basketball like in PBA or NBA and we have FIBA.Your personal ambition beyond compare reaches the Highest Office of the Land of Indonesia leaned on its National Language Bahasa Indonesia your mask but shall not drag them to demean the people who...	8.11163
Fri Nov 30 11:51:49 +0000 2018	@jokowi Asmlkm my President. I hope you do not hesitate to continue your JOBS since now on till 2nd period...👐 Amin YRA...Merdeka. Wlkmslm..Wr.Br..	7.5960517
Fri Dec 07 06:45:49 +0000 2018	@jokowi ? i need fee for visit there n aid You.	7.594372
Fri Nov 09 15:26:22 +0000 2018	@jokowi https://t.co/w1EoQdIo4T Good*****Good Night 💤🌙 😊 Sweet Dream 🌠🌠🌠🌠🌠🌠🌠	7.566166
Thu Dec 06 21:32:08 +0000 2018	@jokowi Trus? So what?!!!!	7.563177
Tue Dec 11 23:42:01 +0000 2018	"@jokowi @prabowo @DPR_RI Obviously a good start. This has been expressed numerous times previously. Yet it would absolutely require Independent Decisive Leadership Nation widely. Let us strive to come up with CONSTITUTIONALIZED ""20YrsRenBangNas"" i.e. ONE Collective Goals for All."	7.5037975
Sun Dec 09 03:29:23 +0000 2018	@jokowi Family. Where it starts and where it ends. True value.	7.4847765
Sat Nov 10 03:20:09 +0000 2018	@jokowi Please check again your point. Especially, the third point bung	7.4044256
Sun Dec 09 03:04:03 +0000 2018	@jokowi Awesome.. two thumbs up for your statement Mr. President	7.3062754
Wed Dec 05 02:42:01 +0000 2018	@jokowi But anyway, there is no such a free lunch 😁	7.2059736
Fri Nov 09 06:23:45 +0000 2018	@jokowi @bawaslu_RI @prabowo e.g.ACTIONS  Worth Considering (required ABSOLUTE HONESTY) , invite to HAVE AMICABLE PEACEFUL public reconciliation Ahok &amp; Ustadz Rozieq? @DPR_RI @DPDRI @Puspen_TNI @DivHumas_Polri @PolhukamRI @wiranto1947 @mohmahfudmd	6.967502
Sun Dec 02 04:30:50 +0000 2018	@jokowi i have realised who's the winner .Available as usual.High promotion on indonesia TV .Free.America singer but still try to be America president in Asia.	6.8452873
Sun Dec 02 15:45:31 +0000 2018	@jokowi Join pkdde	6.830723
Wed Dec 05 11:57:23 +0000 2018	@jokowi Goodjobs,be strong n keepprying	6.7881722
Fri Nov 23 14:14:08 +0000 2018	@jokowi Good job	6.7618933
Fri Dec 07 06:12:29 +0000 2018	@jokowi Nice job.	6.7618933
Fri Dec 07 04:17:31 +0000 2018	@jokowi GOOD JOB :)	6.7618933
Thu Nov 29 04:05:44 +0000 2018	@jokowi Good job....	6.7618933
Tue Dec 11 11:20:44 +0000 2018	@jokowi Good Job	6.7618933
Tue Nov 27 22:35:22 +0000 2018	@jokowi What a beautiful country of civilized peoples you lead! @bornean_OU  Orangutan sex slave screamed when former captor visited her https://t.co/n6viJmr0Nh via @MailOnline	6.7304335
Thu Nov 22 10:01:48 +0000 2018	@jokowi tolong dibantu ya my gankz and my boy Please like share and subscribe my youtube channel ya Please klik this link: https://t.co/4BxAfG5bjI https://t.co/YNOoxQuI5r	6.640202
Thu Nov 22 10:03:08 +0000 2018	@jokowi tolong dibantu ya my gankz and my boy Please like share and subscribe my youtube channel ya Please klik this link: https://t.co/4BxAfG5bjI https://t.co/YNOoxQuI5r	6.640202
Wed Nov 21 16:00:29 +0000 2018	@jokowi Good job sir..	6.533697
Fri Nov 23 15:13:13 +0000 2018	@jokowi Good job, pak!	6.533697
Tue Nov 27 03:12:55 +0000 2018	@jokowi Good job pakde	6.533697
Thu Nov 29 02:48:05 +0000 2018	@jokowi Good job pak	6.533697
Thu Nov 29 04:54:29 +0000 2018	@jokowi Good Job sir...!	6.533697
Mon Dec 03 07:29:53 +0000 2018	@jokowi Good job Mr.President	6.533697
Wed Dec 12 06:59:03 +0000 2018	@jokowi Good job. #01JokowiLagi	6.533697
Fri Dec 07 09:35:04 +0000 2018	@jokowi param sir president,  viewed n document on tv,  shearing noble lakri treespecies trunks after div. years flooded(waterturbine dam) special compressure aircraft chainsaw led by diver.  very precious karma act.  bodhiq gonggg.  on ghana one lake with toomany trunks as safe sailing https://t.co/EW7uJxrzFA	6.367549
Sun Dec 02 04:32:10 +0000 2018	@jokowi i have realised who's the winner .Available as usual.High promotion on indonesia TV .Free.America singer but still try to be America president in Asia by any expensive companies or vote	6.359062
Fri Nov 09 12:44:51 +0000 2018	@jokowi good job..👍👍	6.3203993
Thu Nov 22 00:06:14 +0000 2018	@jokowi Good job Mr President	6.3203993
Sat Nov 10 17:06:48 +0000 2018	@jokowi Good job Pak De	6.3203993
Mon Nov 26 06:22:19 +0000 2018	@jokowi Good job mr president	6.3203993
Mon Nov 26 07:48:47 +0000 2018	@jokowi Good job @jokowi  #01JokowiLagi	6.3203993
Mon Dec 10 17:28:17 +0000 2018	@jokowi Good job Mr president.	6.3203993
Sun Dec 09 08:16:12 +0000 2018	@jokowi Good Job, Tuan 😊	6.3203993
Tue Dec 11 06:24:35 +0000 2018	@jokowi Good job Mas Jokowi	6.3203993
Tue Dec 11 21:40:56 +0000 2018	@jokowi Good job Mr. President	6.3203993
Sat Dec 01 15:44:54 +0000 2018	@jokowi To fulfill rice husk requirement, reaches 500 ton/day a RHPP creates an Eco Industrial Cluster/Estate with local farmers&amp;rice mill industries to strengthen Thailand rice industries. Thailand rice import  (January-August 2018) was 7,1 million ton, 735.530 ton to Indonesia	6.2619076
Mon Dec 10 09:17:47 +0000 2018	@jokowi I let to get rich people outside if i have to be slut than many people here underestimate me by give pain uncountable or violences every year but nation never have opportunity for life time	6.2271686
Wed Nov 28 19:52:43 +0000 2018	@jokowi Join us https://t.co/FkEG0rv58x	6.182892
Mon Nov 26 15:55:39 +0000 2018	@jokowi Sedap. Good job Mr. President.	6.1205897
Sun Dec 02 11:29:36 +0000 2018	@jokowi @TMCPoldaMetro Good Job Mr. President	6.1205897
Tue Dec 11 22:55:02 +0000 2018	@jokowi Love ur job so much.	6.1205897
Thu Nov 08 00:16:53 +0000 2018	@jokowi Mrip new vario.,	6.0934443
Mon Dec 10 09:19:13 +0000 2018	@jokowi I let to get rich people outside (last priority )if i have to be slut than many people here underestimate me by give pain uncountable or violences every year but nation never have opportunity for life time	6.091012
Thu Nov 29 06:01:21 +0000 2018	@jokowi Good Job! Thank you Mr. Jokowi	5.9330254
Mon Dec 10 09:21:28 +0000 2018	@jokowi I let to get rich people outside (last priority )if i have to be slut than many people here underestimate me by give pain uncountable or violences every year but nation never have highest n profitable brand opportunity for life time	5.8358126
Thu Nov 29 07:20:17 +0000 2018	@jokowi #sanctions Against #indonesia for #wildlife cruelty in #WestPapua And #deforestation of #forest  that is not Yours And killing #indigenous of #WestPapua https://t.co/vqZsvrun3W	5.8255134
Fri Nov 23 08:36:35 +0000 2018	@jokowi lots things to do including immediate and regular maintenance, service improvement as a whole of integrated mode of transportation, safety and environmental safeguard.	5.781421
Wed Dec 05 06:32:37 +0000 2018	@jokowi great job my president @jokowi😍😍	5.7566147
Mon Dec 03 01:06:41 +0000 2018	@jokowi and @prabowo stickers for @WhatsApp can express various kinds of expressions (happy, sad, amazed, shocked, scared, disappointed, angry, confused, falling in love and others) https://t.co/6HGlNPvrqu #androidapps	5.736391
Wed Nov 07 04:58:46 +0000 2018	@jokowi Make it until 2014 #IndonesiaMakinMaju	5.6050487
Sat Nov 24 06:19:32 +0000 2018	@jokowi Good job mr president of Indonesia @jokowi #Jokowi2Periode	5.5903916
Sun Dec 09 05:09:12 +0000 2018	@jokowi Cape dech	5.5300236
Mon Dec 10 21:42:00 +0000 2018	@jokowi @SadeBimantara @dfat @Menlu_RI  @MarisePayne @JulieBishopMP @WilkieMP @JimMolan  @JudithKiejda           ALL FOREIGN AID TO INDONESIA SHOULD CEASE PENDING A ROYAL COMMISSION INTO AUSTRALIA COMPLICITY IN MASS MURDER TORTURE IN WEST PAPUA BY INDONESIA UNDER LOMBOK TREATY https://t.co/6ex10luwqY	5.503599
Fri Nov 23 06:22:00 +0000 2018	@jokowi salut pak Presiden, you know how to start.	5.470698
Tue Dec 11 11:21:12 +0000 2018	@jokowi Join #God's #Prophet! #PeopleOfJehova  https://t.co/WKEGKh68Ow https://t.co/4ZbLyb7JKo	5.338971
Thu Nov 29 14:18:22 +0000 2018	@jokowi hmmm. i smell bulshit😷	5.2970133
Sun Dec 02 05:11:52 +0000 2018	@jokowi telepathy can be used to steal your highest classified info and not only that a subject can be instructed to act dangerously eg crash car, donate funds to thieves, attack people. This is true and lucrative.	5.264963
Fri Dec 07 01:41:36 +0000 2018	@jokowi Deepest Condolences Beloved Indonesia And Beloved People Of Beloved Indonesia...  Your Excellency Pdt Joko Widodo...  For Deep Grief Over The Lose From The Tragedy...	5.2407
Fri Nov 09 02:18:35 +0000 2018	@jokowi Deeply Apologize For Very Late Tweets...The Honorable Indonesia And People Of Indonesia...Your Excellency Pdt Joko Widodo ... https://t.co/IXMWVI075l	5.186414
Sun Dec 09 03:55:10 +0000 2018	@jokowi Dream believe make it happen https://t.co/0NrsfLbn6s	5.1195097
Sun Dec 02 23:30:50 +0000 2018	@jokowi Deeply...Deeply Apologize For Always Having The Plea... The Honorable Beloved Indonesia And Beloved People Of Beloved Indonesia...Your Excellency Pdt Joko Widodo... https://t.co/Su72Tbbhic	5.11814
Mon Dec 10 07:29:48 +0000 2018	@jokowi @JulieBishopMP @MarisePayne @cpyne @cporterwa @SenatorWong @markdreyfusQCMP @SadeBimantara @dfat Australia and Indonesian West Papuan Genocide cover up coming to an end https://t.co/WK4C65BPhN https://t.co/fZRuBcUSbD	5.116382
Fri Nov 09 17:36:04 +0000 2018	@jokowi Can you help me out by signing this petition? https://t.co/zcrLMNMv2p https://t.co/PeYjynrYC5	5.1094785
Tue Dec 04 02:21:03 +0000 2018	@JPN_PMO @jokowi @Pak_JK @prabowo @sandiuno @KHMarufAmin_ @AbeShinzo @CCMofa_Japan @ClimateT_G20 @CANJapan_org @350_Japan @erickthohir @sudirmansaid @dewanenergi @BappenasRI @PerekonomianRI @jonan_ignasius @KementerianESDM @djebtke @Amran_Sulaiman1 @kementan @tomlembong @Dr_Moeldoko @KSPgoid @Masinton @pramonoanung @budimandjatmiko @evndari @riekediahp @EkoSandjojo @info_Mekkah @Kadir_Karding @ZUL_Hasan @fadlizon @Fahrihamzah @Yusrilihza_Mhd @SBYudhoyono @hincapandjaitan @saididu @jokowi 2016 Indonesia paddy production was 75.4 million ton produced 20.1 million ton of rice husk could produce 2,703 MW of electric. Unfortunatelly these wastes are still burnt or left decay so be source of disease, GHG emission, hotel, restaurant&amp;Maternity Hospital for rats https://t.co/GOxC96iRZj	5.063346
Sat Dec 01 06:53:57 +0000 2018	@mauriciomacri @jokowi The mothers of lee hsien loong's malaysian criminals mohamed ismail nedumaran, rajkumari and teck boon huat should be questioned by Indonesia govt. All will be revealed.Decades of career criminal activities etc.	5.046533
Sat Dec 08 03:41:53 +0000 2018	@jokowi Nice try pak, at least that make you happy	4.9758325
Sat Dec 01 15:44:59 +0000 2018	@jokowi In case in 3 years of his leadership he is not able to export rice the elected president is ready to resign from his leadership are you ready @jokowi?	4.93146
Sun Dec 02 13:00:11 +0000 2018	@jokowi @Pak_JK @prabowo @sandiuno @KHMarufAmin_ @AbeShinzo @JPN_PMO @CCMofa_Japan @CANJapan_org @ClimateT_G20 @erickthohir @sudirmansaid @dewanenergi @BappenasRI @PerekonomianRI @jonan_ignasius @KementerianESDM @djebtke @Amran_Sulaiman1 @kementan @tomlembong @Dr_Moeldoko @KSPgoid @pramonoanung @BamsoetQuotes @akbarfaizal68 @MMisbakhun @Masinton @budimandjatmiko @evndari @riekediahp @EkoSandjojo @info_Mekkah @Kadir_Karding @ZUL_Hasan @fadlizon @Fahrihamzah @Yusrilihza_Mhd @SBYudhoyono @hincapandjaitan @msi_sohibuliman @jokowi 2016 Indonesia paddy production was 75.4 million ton produced 20.1 million ton of rice husk could produce 2,703 MW of electric. Unfortunatelly these wastes are still burnt or left decay so be source of disease, GHG emission, hotel, restaurant&amp;Maternity Hospital for rats https://t.co/09145ddAJB	4.920183
Sat Nov 10 14:01:07 +0000 2018	@jokowi A good head and a good heart are always a formidable combination (Nelson Mandela). Thank you my Mr. President @jokowi. Selamat Hari Pahlawan. #HariPahlawan	4.9176626
Sun Dec 02 14:00:03 +0000 2018	@jokowi In case in 3 years of his leadership he is not able to export rice the elected president is ready to resign from his leadership. Are you ready @jokowi ? https://t.co/r8RpZ3tUw7	4.864732
Sat Dec 08 04:01:00 +0000 2018	@jokowi @kaesangp Happy long week end  Sir . Save the Family is Inspiring the Power.of The GOD Regards	4.8235292
Wed Nov 07 00:29:12 +0000 2018	"@jokowi Have you seen the movie ""Pain and Gain""? These perpetrators most likely watched this movie. They carried out acts very similar to this. I happened to be a target of this group."	4.782677
Thu Dec 06 10:46:34 +0000 2018	@jokowi @mohmahfudmd  @addiems @basuki_btp pls help this man input some positive into his brain. Miris liatnya 😑 https://t.co/5fEiSGjWxQ	4.775199
Thu Dec 06 01:04:58 +0000 2018	@jokowi In case in 3 years of his leadership, he is not able to export rice the elected president has to be ready to resign voluntarily from his leadership. Are you brave to swear @jokowi? https://t.co/r8RpZ3tUw7	4.720456
Thu Dec 06 15:14:19 +0000 2018	@jokowi In case in 3 years of his tenure, he is not able to export rice the elected president has to be ready to resign voluntarily from his leadership. Are you brave to swear @jokowi? https://t.co/r8RpZ3tUw7	4.682168
Tue Dec 11 07:12:12 +0000 2018	@jokowi In case in 3 years of his tenure, he is not able to export rice the elected president has to be ready to resign voluntarily from his leadership. Are you brave to swear @jokowi? https://t.co/r8RpZ3cjEz	4.682168
Sun Dec 09 07:15:13 +0000 2018	@jokowi What the sweetest words ever! God bless you Mr. Jokowi and family. Thanks for everything that you have done to this country, proud to be Indonesian🇮🇩  wait what, where's the pisang man one?	4.680441
Wed Dec 12 05:53:37 +0000 2018	@jokowi In case in 3 years of his tenure, he is not able to export rice the elected president has to be ready to resign voluntarily from his leadership. Are you brave to swear @jokowi? https://t.co/r8RpZ3tUw7 @prabowo @sandiuno @erickthohir @sudirmansaid @SitiNurbayaLHK	4.6040726
Wed Nov 07 01:15:38 +0000 2018	@jokowi put you there in good faith have nothing to do with you personally.Your whims and caprices outward philandering so thick face you are.I imagine Saddam Hussein of Iraq way back in 1991 on its attacked on Kuwait.Brunei Darussalam lies near beneath...	4.603136
Wed Dec 12 14:35:27 +0000 2018	@jokowi In case in 3 years of his tenure, he is not able to export rice the elected president has to be ready to resign voluntarily from his leadership. Are you brave to swear @jokowi? https://t.co/r8RpZ3tUw7 @prabowo @sandiuno @erickthohir @sudirmansaid @SitiNurbayaLHK @saididu	4.5667152
Wed Nov 07 00:38:33 +0000 2018	"@jokowi is true the Philippines was colonized by Spain for more or less 400 years it is equally true Spain was colonized by Arabs for more or less 400 years too.Striking facts.We had Noli Me Tangere(""Huwag Mo Akong Salangin"" or Touch Me Not)by Dr. Jose Rizal,KKK by..."	4.4929914
Thu Nov 29 11:28:21 +0000 2018	@jokowi bravo and viva forever	4.4754243
Mon Dec 03 07:54:14 +0000 2018	@jokowi You can take advantage by me soon.I'll invite you .i start on clouds ! https://t.co/LRGvhqzdwz	4.4441066
Fri Nov 09 06:41:38 +0000 2018	@jokowi After a period of time, I rejoined this gym. The person who signed me up was the gym manager. She gave me a pretty good deal but within a few months, a problem ensued. Another member made gestures to me that were not reciprocated in a favorable fashion. This led to a big problem.	4.339343
Fri Nov 30 14:02:42 +0000 2018	@jokowi Professor and the President.  Respect!!!!	4.3339405
Sat Nov 10 09:40:22 +0000 2018	@jokowi So veri interisting and amazing Mr.Jkw...	4.2011275
Fri Dec 07 09:07:57 +0000 2018	@jokowi The one and only, pak Jokowi!	4.2011275
Sun Dec 09 04:45:06 +0000 2018	@jokowi family goals and president goals❤️	4.2011275
Wed Nov 07 12:58:27 +0000 2018	@jokowi Alhamdulillah.  Tanks to Mr.President and Indonesian people.	4.0762124
Tue Nov 27 02:10:27 +0000 2018	@jokowi And it was all because of.... You ?	4.0762124
Sat Dec 08 10:03:13 +0000 2018	@jokowi @kaesangp yeah #HappyWeekand  my president and Family	4.0762124
Tue Nov 27 10:59:15 +0000 2018	@jokowi @TheEconomist @BarackObama @Ocasio2018  Whenever I propose a 'truce' or give a call for 'peace', I have already thought about the relief and solutions.  [Unless I am serious, I never invest so much energy in it]	4.0368166
Wed Nov 07 01:17:13 +0000 2018	@jokowi Sarawak,Indonesia.I don't think King Salman of Saudi Arabia shall agree with you.Please don't pass...	4.024669
Sat Dec 08 10:33:23 +0000 2018	@jokowi @kaesangp Best and top tweet of the year	3.9585114
Sun Dec 09 12:51:47 +0000 2018	"@jokowi ""be specific, Bob!"" https://t.co/pdT8idihSJ"	3.9553497
Fri Nov 30 06:38:09 +0000 2018	@jokowi Hmmmmmmm 10 jam	3.940824
Mon Dec 10 16:41:13 +0000 2018	@jokowi 30 novel, wow!!!!!!	3.940824
Mon Dec 03 06:50:54 +0000 2018	@jokowi Under your leadership lot of criminals have been produced &amp; supported in Indonesia. What a horrible leadership you have provided. Your nation speaks lot of lies by the way. Did you notice that or not? Shame on you.	3.9145894
Thu Nov 22 11:39:11 +0000 2018	@jokowi GOD bless you and all your teams, Mr. President.	3.847417
Sat Dec 08 10:59:39 +0000 2018	@jokowi @TolakBigotRI @kaesangp God bless you and family, Pak 😊	3.847417
Fri Nov 23 00:35:52 +0000 2018	@jokowi Nek Ono presiden yo, pasare rame	3.6888309
Sun Dec 09 05:47:26 +0000 2018	@jokowi I love you full  your Majesty, Mr.President Joko Widodo and familly.	3.642941
Mon Nov 26 11:44:59 +0000 2018	@jokowi Program Sosial nomor 1  Pilih Presiden nomor 2️⃣👆🏽✌🏽  *Yuk iseng2 Vote https://t.co/njYU8BVoD5   Insya Allah  #2019GantiPresiden  #2019PrabowoSandiMenang  #2019PrabowoPresiden #IndonesiaAdilMakmur  #SalamPerubahan 👆🏽 2️⃣✌🏽🙏🏽 https://t.co/Frs4exiWC3	3.6318884
Sun Dec 02 12:58:43 +0000 2018	@jokowi On Dec 2, 2016 then so called 212 Action- about more than 7 million muslims &amp; non-muslims protested the Jakarta Governor ahok, for blasphemy to Qur’an! Now millions of friendly peoples reach Monas to attend the very peaceful reunion 212 Thank GOD😊 #Reuni212 #ReuniAkbar212diMonas https://t.co/X2yq6y86gA	3.558402
Thu Nov 08 02:08:09 +0000 2018	@jokowi  and @budimuni98  memang  👍👍👍🤘🤘🤘 #SalamSatuJempol  #01IndonesiaMaju  #SalamSatuJiwa	3.5486422
Tue Dec 04 02:56:44 +0000 2018	@jokowi @anjanibanjar @jokowi  and @MohammedbinRash are visioner leader in the world.😍😍😍😍	3.3739696
Mon Dec 03 06:33:39 +0000 2018	@jokowi So that one day he could also carry out abuse, harrassment and torture in Indonesia.	3.2929265
Sun Dec 09 03:49:35 +0000 2018	@jokowi Dream believe make it happen xxxx 🍎🍎🍎🍎🍎🐍🐍🐍🌑🌑🌑🌑🌑🌑🌏🌏🗽🗽🗽🗽 https://t.co/OyEDWtwoGP	3.1869922
Mon Nov 26 13:19:26 +0000 2018	@jokowi thank you Mr. President Joko Widodo and Negara Kesatuan Republik Indonesia , God bless us #THEONES - stefantommy - @cathaypacific	3.141986
Mon Nov 26 19:06:46 +0000 2018	@jokowi Stop separating families; Indonesia is an insult to Islam and Islamic values; https://t.co/5XQvaZzGpa https://t.co/YcXHfatOPd	3.0715878
Wed Nov 28 03:58:37 +0000 2018	@jokowi PUSH - Pray Until Something Happen... For the Lord He is good and nothing is impossible.... Indonesia bangkit, #JokowiPresidenku	3.0715878
Sun Nov 11 00:54:57 +0000 2018	@jokowi Selmat hri pahlawan pakdhe presiden, GOD BLESS YOU AND YOUR FAMILY😍😍😍😍😍 https://t.co/siSh1adPw7	3.0042753
Sat Nov 10 14:47:31 +0000 2018	@jokowi Congrats on being the top 10 most followed #WorldLeaders on @Twitter - By @Twiplomacy	2.9464684
Thu Nov 29 10:54:57 +0000 2018	"@jokowi Yes Mr.Presidet I'm ready for UMKM because I love Indonesia and you. ""My God always be with you"".🇲🇨💚"	2.9398506
Sun Dec 09 23:19:56 +0000 2018	@jokowi Joko Widodo is an insult to family life and an insult to Islam see; https://t.co/p8Q68ey7NM … https://t.co/Pz56NLsGv5	2.9398506
Tue Dec 04 02:19:10 +0000 2018	@JPN_PMO @jokowi @Pak_JK @prabowo @sandiuno @KHMarufAmin_ @AbeShinzo @CCMofa_Japan @ClimateT_G20 @CANJapan_org @350_Japan @erickthohir @sudirmansaid @dewanenergi @BappenasRI @PerekonomianRI @jonan_ignasius @KementerianESDM @djebtke @Amran_Sulaiman1 @kementan @tomlembong @Dr_Moeldoko @KSPgoid @Masinton @pramonoanung @budimandjatmiko @evndari @riekediahp @EkoSandjojo @info_Mekkah @Kadir_Karding @ZUL_Hasan @fadlizon @Fahrihamzah @Yusrilihza_Mhd @SBYudhoyono @hincapandjaitan @saididu @jokowi To fulfill rice husk requirement, reaches 500 ton/day a RHPP creates an Eco Industrial Cluster/Estate with local farmers&amp;rice mill industries to strengthen Thailand rice industries. Thailand rice import  (January-August 2018) was 7,1 million ton, 735.530 ton to Indonesia	2.7825863
Sun Dec 02 12:58:24 +0000 2018	@jokowi @Pak_JK @prabowo @sandiuno @KHMarufAmin_ @AbeShinzo @JPN_PMO @CCMofa_Japan @CANJapan_org @ClimateT_G20 @erickthohir @sudirmansaid @dewanenergi @BappenasRI @PerekonomianRI @jonan_ignasius @KementerianESDM @djebtke @Amran_Sulaiman1 @kementan @tomlembong @Dr_Moeldoko @KSPgoid @pramonoanung @BamsoetQuotes @akbarfaizal68 @MMisbakhun @Masinton @budimandjatmiko @evndari @riekediahp @EkoSandjojo @info_Mekkah @Kadir_Karding @ZUL_Hasan @fadlizon @Fahrihamzah @Yusrilihza_Mhd @SBYudhoyono @hincapandjaitan @msi_sohibuliman @jokowi To fulfill rice husk requirement, reaches 500 ton/day a RHPP creates an Eco Industrial Cluster/Estate with local farmers&amp;rice mill industries to strengthen Thailand rice industries. Thailand rice import  (January-August 2018) was 7,1 million ton, 735.530 ton to Indonesia	2.7016215
Thu Dec 06 10:42:18 +0000 2018	@jokowi @addiems @basuki_btp pls help this man input some positive into his brain. Miris liatnya 😑	2.5960274
Wed Dec 05 12:33:55 +0000 2018	@jokowi Lady diana &amp; mohammed al - fayed attended A gala charity https://t.co/pi8H0QRgBS	2.5840213
Wed Nov 07 00:32:57 +0000 2018	@jokowi against mutiny therein therefore Bahasa Brunei Darussalam.The Philippines was colonized by Spain for more or less 400 years and its name comes from King Philip II therefore the National Language is Pilipino.There is semblance between the Philippines and Spain while it...	2.4112022
Sun Dec 02 13:03:32 +0000 2018	@jokowi @Pak_JK @prabowo @sandiuno @KHMarufAmin_ @AbeShinzo @JPN_PMO @CCMofa_Japan @CANJapan_org @ClimateT_G20 @erickthohir @sudirmansaid @dewanenergi @BappenasRI @PerekonomianRI @jonan_ignasius @KementerianESDM @djebtke @Amran_Sulaiman1 @kementan @tomlembong @Dr_Moeldoko @KSPgoid @pramonoanung @BamsoetQuotes @akbarfaizal68 @MMisbakhun @Masinton @budimandjatmiko @evndari @riekediahp @EkoSandjojo @info_Mekkah @Kadir_Karding @ZUL_Hasan @fadlizon @Fahrihamzah @Yusrilihza_Mhd @SBYudhoyono @hincapandjaitan @msi_sohibuliman @jokowi In case in 3 years of his leadership he is not able to export rice the elected president is ready to resign from his leadership. Are you ready @jokowi? https://t.co/r8RpZ3tUw7	2.1227167
Tue Dec 04 09:43:58 +0000 2018	@jokowi I like your jacket Mister President Jokowi &amp; i like your jacket too actres Agnes /Agnez Mo @jokowi @agnezmo https://t.co/SAm9yqHoZx	2.1058133
Wed Dec 05 02:34:40 +0000 2018	@jokowi Hi everyone, please click here to support my GoFundMe campaign, Little Buggs Life: https://t.co/6JGD9QNvwL db co2876 v1&amp;rcid=845c9821dd0a	2.078014
Tue Dec 04 02:14:42 +0000 2018	@JPN_PMO @jokowi @Pak_JK @prabowo @sandiuno @KHMarufAmin_ @AbeShinzo @CCMofa_Japan @ClimateT_G20 2018 @jokowi broke his promise to stop rice import    https://t.co/Bds32gMjAB @CANJapan_org @350_Japan @erickthohir @sudirmansaid @dewanenergi @BappenasRI @PerekonomianRI @jonan_ignasius @KementerianESDM @djebtke @Amran_Sulaiman1 @kementan @tomlembong @Dr_Moeldoko @KSPgoid	1.9763389
Sun Dec 02 05:10:16 +0000 2018	@jokowi Please note these special methods are telepathy, hypnosis, spiking of the water pipes with sedatives, conditioning of the mind with sedatives, esp. Note this is true, magic and spirits are used...	1.9268303
Sun Dec 02 12:53:49 +0000 2018	@jokowi @Pak_JK @prabowo @sandiuno @KHMarufAmin_ @AbeShinzo @JPN_PMO @CCMofa_Japan @CANJapan_org @ClimateT_G20 @erickthohir @sudirmansaid 2105 @jokowi broke his promise to stop rice import   https://t.co/ypRlmrarqZ @dewanenergi @BappenasRI @PerekonomianRI @jonan_ignasius @KementerianESDM @djebtke @Amran_Sulaiman1 @kementan @tomlembong @Dr_Moeldoko @KSPgoid @pramonoanung @BamsoetQuotes @akbarfaizal68 @Mmisbakhun	1.9122212
Wed Nov 07 00:56:00 +0000 2018	"@jokowi father of former Senator Ramon Magsaysay Jr.  unlike theirs the Surnames are not Spanish.DR. Jose Rizal Our National Hero was third generation Filipino Chinese his Surname Mercado in Pilipino is ""palengke"" or market.We have salung-bubola(Brassier),salung-guguhit..."	1.891763
Fri Nov 09 08:27:27 +0000 2018	@jokowi @prabowo whoever’s listening, please put a stop to this patriarchist attitude! Please put shame on men who think that rape is a “pelanggaran ringan” and decide to blame the victim for speaking out instead. Sad	1.8406868
Wed Nov 07 00:46:55 +0000 2018	@jokowi Spanish Prayle like Father Damaso in Noli Me Tangere therefore My Surname Dino is original Spanish Surname unlike two of Our former Presidents President Diosdado Macapagal father of Our former President Gloria Macapagal Arroyo and President Ramon Magsaysay...	1.78097
Thu Dec 06 00:11:26 +0000 2018	@jokowi we do not want separatism.military approach.i am afraid getting worst.diplomacy through the https://t.co/vbeybKJU17 and dialog with them first. We are against if separatism supported by outside power. In running text the weapons are NATO standard???😎	1.78097
Fri Nov 09 11:28:40 +0000 2018	@jokowi Pejagan-Pemalang Toll Road is a toll extending 57.5 km that links Pejagan, Brebes, to Pemalang, Central Java, in Indonesia. This toll road is a continuation of the Kanci-Pejagan Toll Road and part of Trans-Java Toll Road. https://t.co/n7ukBT4pjX	1.7250061
Tue Dec 11 22:33:24 +0000 2018	@jokowi Seasons Greetings  President  We are cats from around the world asking you to stop the torture of cats in your nation‼️The cruelty inflicted on them is beyond barbaric ‼️#Boiling,#skinning and #blowtorching alive‼️ There is No justifiable reason for torture‼️ https://t.co/06egEKQXgY	1.6230059
Sun Dec 09 04:37:48 +0000 2018	@jokowi Sehat selalu bapakku... dukung kopi indonesia.. maju terus bangsa kita, bravo pak president Jokowin.. I meant to be win for the moral.. win for our nation.. and win for our ego lately. Don't afraid pak I totally understood to support you cause I know the way you leading us :)	1.5916345
Fri Nov 09 06:36:16 +0000 2018	@jokowi After they removed the photos, the head gym manager became angry at me while I was sitting down on a boxing ring. He demanded to know how many months that I had remaining on my contract. I said that when my contract ends, I plan to renew. I ended up not renewing my 3rd contract.	1.5043985
Thu Nov 08 22:10:47 +0000 2018	@jokowi #suzuki #AFFSuzukiCup18  PT Suzuki Indomobil Sales (Indonesia) officially stated on 3rd June 2016 at one of their authorized dealerships that it is NORMAL to feel vibrations in #ertiga in Indonesia. Does it mean that all #ertiga sold in Indonesia share similar feature?	0.0
Fri Nov 09 00:43:19 +0000 2018	@jokowi Is your champion eko yessss	0.0
Wed Nov 21 15:12:47 +0000 2018	@jokowi @Permenmentos1 this is tag	0.0
Thu Nov 08 13:47:46 +0000 2018	@jokowi Winter is coming	0.0
Wed Nov 07 16:56:30 +0000 2018	@jokowi I love you pak.	0.0
Wed Nov 07 01:38:23 +0000 2018	@jokowi #suzuki #AFFSuzukiCup18  PT Suzuki Indomobil Sales (Indonesia) officially stated on 3rd June 2016 at one of their authorized dealerships that it is NORMAL to feel vibrations in #ertiga in Indonesia. Does it mean that all #ertiga sold in Indonesia share similar feature?	0.0
Wed Nov 07 08:02:09 +0000 2018	@jokowi @arifsetia20132d get a T-shirt design a cup of a coffee price. more info ..https://t.co/umyrQUbHp0	0.0
Wed Nov 07 06:37:31 +0000 2018	@jokowi Your smile is worth, sir. I love it.	0.0
Wed Nov 07 11:17:09 +0000 2018	@jokowi Welcome kesemerawutan! Why dont we maximize mass transport. I dont agree today.	0.0
Wed Nov 07 08:30:40 +0000 2018	@jokowi see this guys this is link match champions league oke 👉https://t.co/ccfWWbBfyQ👈search from google👉https://t.co/ccfWWbBfyQ👈 oke	0.0
Sat Nov 10 03:03:37 +0000 2018	@jokowi Thanks a lot. You did it sir....	0.0
Sat Nov 10 22:13:36 +0000 2018	@jokowi #ertiga #TimnasDay PT Suzuki Indomobil Sales (Indonesia) officially stated on 3rd June 2016 at one of their authorized dealerships that it is NORMAL to feel vibrations in #ertiga in Indonesia. Does it mean that all #ertiga sold in Indonesia share similar feature?	0.0
Sat Nov 10 10:36:39 +0000 2018	@jokowi You are just one of us Sir... Glad to have a humble president like you	0.0
Tue Nov 06 19:19:20 +0000 2018	@jokowi This one is definitely nice	0.0
Tue Nov 06 23:37:17 +0000 2018	@jokowi I love your smile pak dhe...	0.0
Wed Nov 07 04:46:47 +0000 2018	@jokowi Fix 2 pariode #IndonesiaMakinMaju	0.0
Wed Nov 07 05:46:47 +0000 2018	@jokowi I Love You so much my Lovely Presiden ... muuaaaach 😘😘😘	0.0
Thu Nov 22 15:03:32 +0000 2018	@jokowi This is my president! #01JokowiLagi	0.0
Sat Nov 24 10:27:46 +0000 2018	@jokowi The choice by @SMTOWNGLOBAL as many people https://t.co/CzqAkBpS7i	0.0
Sat Nov 24 09:34:51 +0000 2018	@jokowi how i wish can take some honeymoon there ahahaha	0.0
Sun Nov 25 06:44:44 +0000 2018	@jokowi i love mr jokowi	0.0
Sun Nov 25 08:55:01 +0000 2018	@jokowi I LOVE INDONESIA, I LOVE JOKOWI 😍😍😍	0.0
Fri Nov 23 08:27:57 +0000 2018	"@jokowi Not to forget "" budipekerti "" is a must."	0.0
Fri Nov 23 08:25:11 +0000 2018	@jokowi love it as well...	0.0
Fri Nov 23 12:48:53 +0000 2018	@jokowi Okay this is super cool!	0.0
Sat Nov 24 20:41:41 +0000 2018	@jokowi I hope that Indonesia will be more advanced, more prosperous, I will support this presidential candidate. Jokowi is the heart of Indonesia if there is no Indonesian Jokowi, so what if there is no president, what will our country live	0.0
Wed Nov 21 23:56:21 +0000 2018	@jokowi 2 periods	0.0
Thu Nov 08 14:42:01 +0000 2018	@jokowi Whaooo... World champion...  V I C T O R R Y	0.0
Fri Nov 09 06:44:19 +0000 2018	@jokowi I spoke to the gym manager regarding this issue but we couldn't come to an understanding. I requested a refund for the remaining months left on my prepaid contract. I ended up losing money bc I had to pay a higher fee. She did not want to refund the account.	0.0
Fri Nov 23 04:11:04 +0000 2018	@jokowi hello president, thank you for giving a follow to my twitter @PraticCnc	0.0
Fri Nov 09 11:13:33 +0000 2018	@jokowi enough is enough. 1 priode saja	0.0
Fri Nov 09 11:19:22 +0000 2018	@jokowi JkW is the best.	0.0
Fri Nov 09 11:28:59 +0000 2018	@jokowi Rock n Roll BosQ https://t.co/lcJlKzwXvo	0.0
Fri Nov 09 23:31:27 +0000 2018	@jokowi #ertiga #TimnasDay PT Suzuki Indomobil Sales (Indonesia) officially stated on 3rd June 2016 at one of their authorized dealerships that it is NORMAL to feel vibrations in #ertiga in Indonesia. Does it mean that all #ertiga sold in Indonesia share similar feature?	0.0
Sat Nov 10 09:51:59 +0000 2018	@jokowi Could imagine if only everyone in Bandung has a horse ...  Selamat hari Pahlawan.	0.0
Sat Nov 24 13:08:59 +0000 2018	@jokowi I love you my Presiden	0.0
Tue Nov 27 16:16:07 +0000 2018	@jokowi Konser Via Vallen Terbaru  I HUT Karanganyar Ke -101 2018 Link           : https://t.co/qzaq23YJKs Instagram : @jackchannelofficial twitter        : jackchannel11 Google+    : jack channel Facebook  : jack spiders KaskusID   : vianisty255 WhatsApp : 085642401673	0.0
Tue Nov 27 03:54:17 +0000 2018	@jokowi Been there!!! &lt;3	0.0
Tue Nov 27 03:56:05 +0000 2018	@AbeShinzo Which cheats me .@SMTOWNGLOBAL is promoting artist in Japan or @PosIndonesia by @jokowi instruction	0.0
Wed Nov 28 01:26:27 +0000 2018	@jokowi Yes, I agree that Mr President,,,	0.0
Mon Nov 26 11:47:55 +0000 2018	@jokowi Taken with iphone 8 plus	0.0
Mon Nov 26 07:04:18 +0000 2018	@jokowi Presidenku... I love you	0.0
Tue Nov 27 23:41:49 +0000 2018	@jokowi I love indonesia😘😘😘	0.0
Mon Nov 26 19:33:40 +0000 2018	@jokowi I Will Create Linkedin Business Page https://t.co/SNfkbyvTcr #GivingTuesday	0.0
Fri Nov 30 23:55:23 +0000 2018	@jokowi I love Indonesia	0.0
Tue Dec 04 04:12:26 +0000 2018	@jokowi He is my president	0.0
Tue Dec 04 07:53:13 +0000 2018	@jokowi @prabowo @jokowi Mantap, i like its. Hahaha #01ndonesiaMaju #2019TetapJokowi	0.0
Wed Dec 05 01:51:32 +0000 2018	@jokowi my president! i wanna ask you something, where’s all of the Asian Games mascot yg ada di jalan sudirman? i miss them so much sir 😭 especially yg bimbin terbalik itu, they’re too cute 😭😍 can i or we meet them again? ☹️ thanks you ❤️	0.0
Wed Dec 05 13:52:01 +0000 2018	@jokowi I stand with you Mr. President.	0.0
Thu Dec 06 05:24:59 +0000 2018	@jokowi @prabowo @jokowi Mantap, i like its. Hahaha #01ndonesiaMaju #2019TetapJokowi #01IndonesiaMaju #01JokowiLagi #2019TetapJokowi #4TahunJokowi #BikinIndonesiaMaju #IndonesiaMaju #Jokowi2Periode #JokowiLagi #KerjaKita	0.0
Thu Dec 06 06:00:28 +0000 2018	@jokowi I Love you Pak	0.0
Thu Dec 06 02:44:12 +0000 2018	@jokowi I just wanna know. Who plays. Why your letter haven't arrived ?	0.0
Fri Dec 07 01:35:09 +0000 2018	@jokowi Have sympathy for remaining Bali9. Don’t be so heartless. Nobody was murdered. Not a violent offense.	0.0
Fri Dec 07 04:38:32 +0000 2018	@jokowi I purple 💜 u pak	0.0
Fri Dec 07 17:38:16 +0000 2018	@jokowi I love you	0.0
Fri Dec 07 15:11:54 +0000 2018	@jokowi I have empty felt. I wonder why difficult to find good people. Do not judge me i can fall in love easier if once time they hurt me .I say i want my honors	0.0
Fri Dec 07 15:56:11 +0000 2018	@jokowi Jkw is the best	0.0
Fri Dec 07 00:03:11 +0000 2018	@jokowi Is the best pak Presiden😘😘😘	0.0
Thu Nov 29 02:04:58 +0000 2018	@jokowi That is too bad...yes, we must be optimistic.	0.0
Wed Nov 28 13:29:24 +0000 2018	@jokowi Sir plz help me my husband is in indonesia jail i want to transfer jim from nusa kambagan island to jakarta plz sir help me i am indian	0.0
Fri Nov 30 13:09:22 +0000 2018	@realDonaldTrump @XiJingpingReal @narendramodi @pmaustralia @JPN_PMO @RTErdoganLive @PresidentBrazil @jokowi @theresa_may @PresidentMexico @ROKPresident_Im @JustinTrudeau @EmanuelMacaron @Plaid_Putin @ArgentinaPres @AngelaMerkeICDU Ask MBS 2 rtn Jamal’s body 2his family fr burial	0.0
Thu Nov 29 11:14:57 +0000 2018	@jokowi Video dan lagunya, keren ! What a wonderful world - Louis Armstrong😍	0.0
Mon Dec 03 14:39:55 +0000 2018	@jokowi No more chance, the time is out	0.0
Tue Dec 04 02:37:03 +0000 2018	@jokowi Muanttap. Success 4 U	0.0
Tue Dec 04 03:33:47 +0000 2018	@jokowi I love u..pak Jokowi. #JokowiMembangunIndonesia  #Jokowi2Periode  #JokowiAmin	0.0
Tue Dec 04 04:10:53 +0000 2018	@jokowi My president is the best	0.0
Tue Dec 04 11:11:49 +0000 2018	@jokowi I love you bapak	0.0
Tue Dec 04 14:53:18 +0000 2018	@jokowi @JapanGov @punm_ooo Aranyaka shishy Sadhaka Aranyanaadnatha whirl buds longing pouration complimentcomplementation  planter's treasures jap. microbes on fielding n ceremony flora plus rep. Georgia medical microbes presence pure in heaven's LAW saikee saik  POOJ shy	0.0
Mon Dec 03 04:44:33 +0000 2018	@jokowi You're crying, i am not crying 😭	0.0
Mon Dec 03 05:01:38 +0000 2018	@jokowi The greathes of Indonesian president  Yeesss....Jokowi is the best 😍	0.0
Wed Dec 12 17:23:06 +0000 2018	@jokowi Yah no 2	0.0
Mon Dec 10 12:23:56 +0000 2018	"@KremlinRussia_E   OUT LAW HUNTING OUT LAW CAN BE RESULT IF THERE IS, WAS ""OKNUM PENEGAK HUKUM TERLIBAT. ""  @jokowi  @prabowo  @ganjarpranowo  @dwnews"	0.0
Mon Dec 10 16:17:28 +0000 2018	@jokowi I can't do anything about it sir, maybe you can	0.0
Mon Dec 10 15:26:08 +0000 2018	@jokowi I love you Pak	0.0
Sun Dec 09 07:07:09 +0000 2018	@jokowi I adore you Mr. @jokowi, really.	0.0
Sun Dec 09 02:27:09 +0000 2018	@jokowi i love u	0.0
Sun Dec 09 02:45:50 +0000 2018	@jokowi What a wonderful family...	0.0
Sun Dec 09 03:23:35 +0000 2018	@jokowi Kaesang where are you,here i am here i am how do you do	0.0
Sun Dec 09 12:54:44 +0000 2018	@jokowi Mari kita saling menghormati setiap profesi, apapun itu ... Sehat terus Pakde ... highly appreciated since you are a very humble person. You always respect everyone 😊😉 https://t.co/J9njndeBEm	0.0
Sun Dec 09 13:18:00 +0000 2018	@jokowi this pic is....😭❤️	0.0
Fri Dec 07 07:06:08 +0000 2018	@jokowi i never met SKorea companies n Gov.	0.0
Thu Dec 06 09:23:07 +0000 2018	@jokowi Samosir Island.(Tomok hill's).Seems that chainsawing trees down maffia never learn.Making wood boards on the spot.Few tourists, who are around,moving to better places. Soon Samosir Island a desert.Thank you.	0.0
Wed Dec 12 06:44:44 +0000 2018	@jokowi A cup86,	0.0
Mon Dec 10 00:31:41 +0000 2018	@jokowi I LOVE YOU PAK	0.0
Mon Dec 10 09:15:41 +0000 2018	@jokowi I let to get rich people outside if i have to be slut than many people here underestimate me by give pain anytime or violences every year	0.0
Mon Dec 10 09:01:03 +0000 2018	@jokowi I really agree Sir 😀	0.0
Sun Dec 09 05:12:40 +0000 2018	@jokowi is my hero #HariAntiKorupsi	0.0
Fri Dec 07 04:41:41 +0000 2018	@jokowi Haters gonna be hate #01JokowiLagi Cause Jokowi is da best	0.0
Sun Dec 09 06:50:57 +0000 2018	@jokowi I love you Bli Jokowi❤❤❤❤	0.0
Sun Dec 09 11:23:48 +0000 2018	@jokowi Jokowi is so good at throwing shades lol😂😂😂	0.0
Sun Dec 09 02:43:05 +0000 2018	@jokowi thats why i choose you, sir. a good family leader.	0.0
Sun Dec 09 05:28:41 +0000 2018	@jokowi .1  Click mpou	0.0
Sun Dec 09 06:27:59 +0000 2018	@jokowi I love your family Mr. Jokowi,...❤	0.0
Sun Dec 09 02:34:21 +0000 2018	@jokowi My president is cooler than yours (ngomong ke rang luar negri)	0.0
Sat Dec 08 06:37:31 +0000 2018	@jokowi @kaesangp i love you pak president	0.0
Tue Dec 11 12:54:43 +0000 2018	@jokowi Jkw is the best...Salam2Periode	0.0
Mon Dec 10 02:01:53 +0000 2018	@jokowi This picture means a lot :')	0.0
Sun Dec 09 17:30:06 +0000 2018	@jokowi I love you pak ❤	0.0
Wed Dec 12 02:45:44 +0000 2018	@jokowi I Hope....	0.0
Wed Dec 12 07:28:32 +0000 2018	@jokowi I'm nothingnn ninn nll https://t.co/yLtsrVqbgV.mmmm.m..m..mmm.j.nmm.jmmm.mmmnnjjmjjjjjmmmm.mmmmmmm	0.0
Wed Dec 12 10:59:07 +0000 2018	@jokowi I lov pk dhe....	0.0
Wed Dec 12 14:03:37 +0000 2018	@jokowi best RI 1.  #EthesDiMataNajwa	0.0
Sun Dec 09 20:46:39 +0000 2018	@jokowi I need you again pak de @jokowi	0.0
Mon Dec 10 02:00:17 +0000 2018	@jokowi Class is permanent 👏	0.0
Tue Dec 11 06:33:22 +0000 2018	@jokowi Demand from Korea /Europe is not Indonesia want to be as usual	0.0
Tue Dec 11 07:08:39 +0000 2018	@jokowi #2019GantiPresiden enough is enough!	0.0
Tue Dec 11 11:03:44 +0000 2018	@jokowi I love you sir🙋‍♂️	0.0
Tue Dec 11 11:19:46 +0000 2018	@jokowi I like it pak	0.0
Tue Dec 11 03:34:50 +0000 2018	@jokowi I LOVE U PAK	0.0
Sat Dec 08 00:15:29 +0000 2018	@jokowi @KemenPU ,  I know you guys could do better for our road.	0.0
Sat Dec 08 05:08:01 +0000 2018	@jokowi @kaesangp Have a great weekend to the Jokowi’s ❤️👍🏾👍🏾	0.0
Sat Dec 08 03:44:08 +0000 2018	@jokowi Soon Samosir Island desert.Chainsawing trees down maffia full bussy,changing the island in a dessert.Investment in camels is the future.Thank You.	0.0
Tue Dec 11 21:57:21 +0000 2018	@jokowi Is Nothing	0.0
Wed Dec 12 05:38:50 +0000 2018	@jokowi Bismillah....transparent how to spend the money is mandatory.	0.0
Sat Dec 08 08:14:04 +0000 2018	@jokowi @kaesangp Our president is being netizen	0.0
