created_at	text	_score
Fri Dec 07 11:00:56 +0000 2018	@jokowi @WHO #Trade #AsiaPacific @billshortenmp This and  #coal #gas #fracking is the contribution of ALL #Auspol in #Australia to anti 🌊 level rise that will affect all our island neighbours #climatechangeaction . #Selfishness  #Innovation #Design #Economy #ActOnClimate #Shame	264.53738
Tue Dec 04 08:26:26 +0000 2018	@jokowi @bank_indonesia @BappenasRI @PerekonomianRI @KemenkeuRI @WorldBank G20 &amp; growth - on GDP Quarterly : - G7 avg growth of 2%  only USA close to 3% trend increasing - 3 key countries non G7 - Asia (China India Indonesia), growth above 5% and only Indonesia in RISING trend https://t.co/CwhBSouW4V	245.11934
Mon Dec 03 10:41:45 +0000 2018	@jokowi @bank_indonesia @BappenasRI @PerekonomianRI @KemenkeuRI @WorldBank G20 &amp; growth - on GDP Quarterly : - G7 avg growth of 2%  only USA close to 3% trend increasing - 3 key countries non G7 - Asia (China India Indonesia), growth above 5% and only Indonesia in RISING trend https://t.co/CwhBSouW4V	245.11934
Sun Dec 02 09:24:12 +0000 2018	@jokowi increasing Farmer Exchange Rates, increasing national rate growth and reduce Current Account Deficit.    Refference  https://t.co/RDDs7R3aSL https://t.co/9TYJVPEBYG  page.33 https://t.co/mxTvUbwEo4. https://t.co/1s9YmPsMtO	236.38217
Sat Dec 01 15:44:57 +0000 2018	@jokowi increasing Farmer Exchange Rates, increasing national rate growth and reduce Current Account Deficit.    Refference  https://t.co/RDDs7R3aSL https://t.co/9TYJVPEBYG  page.33 https://t.co/mxTvUbwEo4. https://t.co/1s9YmPsMtO https://t.co/ZX6VyQ3Tg1	232.158
Sun Dec 02 14:00:02 +0000 2018	@jokowi increasing Farmer Exchange Rates, increasing national rate growth and reduce Current Account Deficit.    Refference  https://t.co/RDDs7R3aSL https://t.co/9TYJVPEBYG  page.33 https://t.co/mxTvUbwEo4. https://t.co/1s9YmPsMtO https://t.co/9qCKH70mzj	232.158
Thu Dec 06 15:14:18 +0000 2018	@jokowi while increasing Farmer Exchange Rates, increasing national rate growth and reduce Current Account Deficit.    Refference  https://t.co/RDDs7R3aSL https://t.co/9TYJVPEBYG  page.33 https://t.co/mxTvUbwEo4. https://t.co/1s9YmPsMtO https://t.co/9qCKH70mzj	230.81506
Fri Nov 23 08:22:59 +0000 2018	@jokowi Rural development is the right thing to do ; at the end boosting local economic growth and reducing poverty and migration to the city.	223.31544
Tue Nov 27 14:05:43 +0000 2018	@jokowi President Jokowi : #APECSummit2018 in @visitPNG wrapped with no joint statement amid US-China disagreements on trade. Despite the global economic uncertainty, we must remain optimistic and keep on searching for emerging opportunities amid trade friction  https://t.co/jb9CLhIEhB	221.25574
Mon Dec 03 05:22:10 +0000 2018	@jokowi @bank_indonesia @BappenasRI @PerekonomianRI @KemenkeuRI @WorldBank G20 &amp; growth - on GDP Quarterly : - G7 avg growth of 2%  only USA close to 3% trend increasing - 3 key countries non G7 - Asia (China India Indonesia), growth above 5% and only Indonesia in RISING trend https://t.co/CwhBSouW4V	211.4352
Sun Dec 02 13:59:55 +0000 2018	@jokowi For years Indonesian people have been spending their moneys only to purchase expensive rice, fuel &amp;electric causing high inflation rate, weakening people purchasing power&amp;uncotrolled worker wage raising protest which bothering investment climate&amp;weakening economic growth	209.22684
Thu Dec 06 15:14:12 +0000 2018	@jokowi For years Indonesian people have been spending their money only to purchase expensive rice, fuel &amp; electric causing high inflation, weakening people purchasing power &amp; uncotrolled worker wage raising protest which bothering investment climate &amp; weakening economic growth	202.01898
Sat Dec 01 15:44:52 +0000 2018	@jokowi For years Indonesian people have been spending their moneys only to purchase expensive rice, fuel&amp;electric causing high inflation rate, weakening people purchasing power&amp;uncotrolled worker wage raising protest which bothering investment climate&amp;weakening economic grwoth	198.21649
Tue Dec 11 03:16:09 +0000 2018	@jokowi The Future of Indonesian Fisheries: Digitalization Driving Industry 4.0  The Global Maritime Axis seems to be a realistic dream for Indonesia ever since President @jokowi came into power.  https://t.co/E8A8a7o9RQ	186.65771
Tue Dec 04 02:16:09 +0000 2018	@JPN_PMO @jokowi @Pak_JK @prabowo @sandiuno @KHMarufAmin_ @AbeShinzo @CCMofa_Japan @ClimateT_G20 @CANJapan_org @350_Japan @erickthohir @sudirmansaid @dewanenergi @BappenasRI @PerekonomianRI @jonan_ignasius @KementerianESDM @djebtke @Amran_Sulaiman1 @kementan @tomlembong @Dr_Moeldoko @KSPgoid @Masinton @pramonoanung @budimandjatmiko @evndari @riekediahp @EkoSandjojo @info_Mekkah @Kadir_Karding @ZUL_Hasan @fadlizon @Fahrihamzah @Yusrilihza_Mhd @SBYudhoyono @hincapandjaitan @saididu @jokowi For years Indonesian people have been spending their moneys only to purchase expensive rice, fuel&amp;electric causing high inflation rate, weakening people purchasing power&amp;uncotrolled worker wage raising protest which bothering investment climate&amp;weakening economic growth	151.05025
Wed Nov 07 07:33:15 +0000 2018	@jokowi #Indonesia #economy has flat lined. 3Q is the lowest growth in decades &amp; negative -5% in US $s. Nothing to celebrate here. https://t.co/P3Ducj3Bjn	150.70586
Sun Dec 02 12:55:07 +0000 2018	@jokowi @Pak_JK @prabowo @sandiuno @KHMarufAmin_ @AbeShinzo @JPN_PMO @CCMofa_Japan @CANJapan_org @ClimateT_G20 @erickthohir @sudirmansaid @dewanenergi @BappenasRI @PerekonomianRI @jonan_ignasius @KementerianESDM @djebtke @Amran_Sulaiman1 @kementan @tomlembong @Dr_Moeldoko @KSPgoid @pramonoanung @BamsoetQuotes @akbarfaizal68 @MMisbakhun @Masinton @budimandjatmiko @evndari @riekediahp @EkoSandjojo @info_Mekkah @Kadir_Karding @ZUL_Hasan @fadlizon @Fahrihamzah @Yusrilihza_Mhd @SBYudhoyono @hincapandjaitan @msi_sohibuliman @jokowi For years Indonesian people have been spending their moneys only to purchase expensive rice, fuel&amp;electric causing high inflation rate, weakening people purchasing power&amp;uncotrolled worker wage raising protest which bothering investment climate&amp;weakening economic growth	146.5234
Thu Dec 06 15:14:13 +0000 2018	@jokowi For years Indonesia Government has been failing to creat a regulation to strengthen national rice industry in order to produce high quality &amp; cheap rice for peoples while increasing Farmer Exchange Rates &amp; economic growth rate as well as to reduce Current Account Deficit https://t.co/ERUIRZsbme	142.13358
Sun Dec 02 09:24:06 +0000 2018	@jokowi For years Indonesia Government has been failing to creat a condition to strengthen national rice industry in order to produce high quality &amp;cheap rice for its poeples while increasing Farmer Exchange Rates&amp;economic growth rate as well as to reduce Current Account Deficit https://t.co/oMMFqcTfQA	141.87744
Sun Dec 02 13:59:56 +0000 2018	@jokowi For years Indonesia Government has been failing to creat a condition to strengthen national rice industry in order to produce high quality &amp;cheap rice for its poeples while increasing Farmer Exchange Rates&amp;economic growth rate as well as to reduce Current Account Deficit https://t.co/CnjUJBAIFW	141.87744
Sat Dec 01 15:44:53 +0000 2018	@jokowi For years Indonesia Government has been failing to creat a conditions to strengthen national rice industry in order to produce high quality&amp;cheap rice for its poeples while increasing Farmer Exchange Rates&amp;national growth rate as well as to reduce Current Account Deficit	130.18329
Mon Dec 03 05:12:38 +0000 2018	@jokowi Internatinal Day Of People with Disability #HariDisabilitasInternasional	129.97667
Fri Dec 07 09:19:44 +0000 2018	@jokowi @MBuhari @CyrilRamaphosa @narendramodi Pumping approx 1% GDP into your public health systems focussing on providing universal FREE PHC services will enable you to win big in 2019. #UHC is a proven vote winner. @DrTedros	121.914474
Tue Dec 04 09:52:12 +0000 2018	@jokowi   Would Like to connect with you and to share our Latest updates of Innovative Intelligence &amp; Surveillance Systems | Electronic Warfare System | Cyber Warfare| Avionics |Border Surveillance| Satellite Imaging Visit site : https://t.co/D26MyPgRTh https://t.co/BTUbNoPwfS https://t.co/U1b3bAEfkj	116.33056
Sun Nov 25 12:01:36 +0000 2018	@jokowi @BappenasRI @bank_indonesia @BankDunia @PerekonomianRI @MoazzamTMalik Indonesia GDP by Region - an Econography perspectives as Urban to become the center gravity of economic growth. Indonesia GDP 2017 USD 1.015 Bio (nominal) https://t.co/0V1nL3a5WN	108.01241
Mon Dec 10 06:22:02 +0000 2018	"@jokowi OPEN THIS WEBSITE "" https://t.co/PM3BtAuZxQ "" ALFA RIO WANTO WANT GIVE MONEY 2 MILLION WHO CAN MAKE ALFA RIO WANTO WORK. ALFA RIO WANTO GIVE YOU MONEY FROM ALFA RIO WANTO WAGE 50% EVERY WEEK IF ALFA RIO WANTO WORK. ALFA RIO WANTO CAN'T GIVE YOU MONEY IF ALFA RIO WANTO NOT WORK. https://t.co/Ztxd9T4g7f"	106.23568
Fri Dec 07 22:22:49 +0000 2018	"@jokowi OPEN THIS WEBSITE "" https://t.co/PM3BtAuZxQ "" ALFA RIO WANTO WANT GIVE MONEY 2 MILLION WHO CAN MAKE ALFA RIO WANTO WORK. ALFA RIO WANTO GIVE YOU MONEY FROM ALFA RIO WANTO WAGE 50% EVERY WEEK IF ALFA RIO WANTO WORK. ALFA RIO WANTO CAN'T GIVE YOU MONEY IF ALFA RIO WANTO NOT WORK. https://t.co/dYm22n3fnn"	106.23568
Mon Dec 10 06:12:31 +0000 2018	@jokowi ALFA RIO WANTO WANT GIVE MONEY 2 MILLION WHO CAN MAKE ALFA RIO WANTO WORK. ALFA RIO WANTO GIVE YOU MONEY FROM ALFA RIO WANTO WAGE 50% EVERY WEEK IF ALFA RIO WANTO WORK. ALFA RIO WANTO CAN'T GIVE YOU MONEY IF ALFA RIO WANTO NOT WORK. https://t.co/M9VegllSEP	102.40293
Mon Dec 10 07:10:54 +0000 2018	@jokowi Let the kampret hate the best. Because they know, opposition can't beat him with a hard work, so they trying another disgusting way to drag him down :)	97.64236
Sun Dec 02 12:56:12 +0000 2018	@jokowi @Pak_JK @prabowo @sandiuno @KHMarufAmin_ @AbeShinzo @JPN_PMO @CCMofa_Japan @CANJapan_org @ClimateT_G20 @erickthohir @sudirmansaid @dewanenergi @BappenasRI @PerekonomianRI @jonan_ignasius @KementerianESDM @djebtke @Amran_Sulaiman1 @kementan @tomlembong @Dr_Moeldoko @KSPgoid @pramonoanung @BamsoetQuotes @akbarfaizal68 @MMisbakhun @Masinton @budimandjatmiko @evndari @riekediahp @EkoSandjojo @info_Mekkah @Kadir_Karding @ZUL_Hasan @fadlizon @Fahrihamzah @Yusrilihza_Mhd @SBYudhoyono @hincapandjaitan @msi_sohibuliman @jokowi For years Indonesia Government has been failing to creat a condition to strengthen national rice industry in order to produce high quality &amp;cheap rice for its poeples while increasing Farmer Exchange Rates&amp;economic growth rate as well as to reduce Current Account Deficit https://t.co/kLZIZck3wE	93.37931
Thu Dec 06 00:02:00 +0000 2018	@jokowi Palm oil is unavoidable. Can it be sustainable? https://t.co/xxHx7MAHJP lewat @NatGeoMag	92.37193
Mon Dec 03 06:48:12 +0000 2018	@jokowi Dirty work of Indonesian Immigration &amp; hotel security: They tortured me on three occasions. Harassed me constantly. Filthy indonesian authorities that get rewarded by idiots. Photos of my injuries https://t.co/PQyHbDwLh3	91.80091
Sun Nov 25 06:26:32 +0000 2018	@jokowi water resources and irrigation development such as weirs, dams, irrigation canals is a key factor to develop potential local economy toward fulfilling the need of padi and other produce by our own capacity.	88.69191
Tue Dec 04 06:46:10 +0000 2018	@jokowi Work work work	84.14298
Wed Nov 07 01:22:51 +0000 2018	"@jokowi the buck.Before I forget I remember Sanskrit word ""Mahal"".Good Day.Regards to the people of Indonesia.Gods https://t.co/I2mO94EHBr https://t.co/XKzryKDEv3 https://t.co/IIQwmhrGvv be it.Eternally Yours.Allah.Your Emperor.God.Signed.Holiness World Emperor Ricardo B. Dino"	81.26577
Sun Dec 02 13:01:49 +0000 2018	@jokowi @Pak_JK @prabowo @sandiuno @KHMarufAmin_ @AbeShinzo @JPN_PMO @CCMofa_Japan @CANJapan_org @ClimateT_G20 @erickthohir @sudirmansaid @dewanenergi @BappenasRI @PerekonomianRI @jonan_ignasius @KementerianESDM @djebtke @Amran_Sulaiman1 @kementan @tomlembong @Dr_Moeldoko @KSPgoid @pramonoanung @BamsoetQuotes @akbarfaizal68 @MMisbakhun @Masinton @budimandjatmiko @evndari @riekediahp @EkoSandjojo @info_Mekkah @Kadir_Karding @ZUL_Hasan @fadlizon @Fahrihamzah @Yusrilihza_Mhd @SBYudhoyono @hincapandjaitan @msi_sohibuliman @jokowi increasing Farmer Exchange Rates, increasing national rate growth and reduce Current Account Deficit.    Refference  https://t.co/RDDs7R3aSL https://t.co/9TYJVPEBYG  page.33 https://t.co/mxTvUbwEo4. https://t.co/1s9YmPsMtO https://t.co/9qCKH70mzj	79.1037
Wed Nov 28 15:33:45 +0000 2018	@jokowi Anyway.I had critics .They hate white cats but choose Africa global only one way  https://t.co/OuTcyNlyr0	77.80024
Sun Dec 09 04:34:55 +0000 2018	@jokowi Mr. President, well said. Hoping Indonesian to be content with what GOD given to them and work hard and move forward. Take care and have a wonderful Blessed day	76.93281
Thu Nov 22 01:54:18 +0000 2018	@jokowi  How Palm oil has unleashed an environmental catastrophe in Indonesia https://t.co/iMD15MRPSe	68.39512
Fri Nov 09 06:31:42 +0000 2018	@jokowi I used to work out at a fitness gym in Kelapa Gading off and on from 2008 - 2015. This gym started using pictures of me on their website without my consent for a period of 2 years. I requested that they remove the pictures since they were used without my permission. They obliged.	66.243774
Fri Nov 23 08:36:35 +0000 2018	@jokowi lots things to do including immediate and regular maintenance, service improvement as a whole of integrated mode of transportation, safety and environmental safeguard.	63.73226
Mon Nov 26 10:23:20 +0000 2018	@jokowi Keep up the good work pak!	63.448803
Sat Dec 01 15:44:52 +0000 2018	@jokowi As a rice importer country, contribute to Current Account Deficit which cause Rupiah rate depreciation, Indonesia never learn from Thailand the way to produce the high quality and cheap rice for its people and make rice as an export commodity.	62.32296
Wed Nov 21 21:18:30 +0000 2018	"@jokowi  Word of mouth - ""I can heal the little Alexander (and not only) before your eyes if you eliminate or suspend the 1172 for 12 hours"". Appeal sent on 28/10/18 to the Italian Government. Silence. PETITION https://t.co/QfZp48FFuX Facebook https://t.co/7v37T2VpkD https://t.co/x8yLCV9uxA"	61.777996
Tue Nov 27 06:06:32 +0000 2018	@jokowi Masuk @jokowi Keep up a good work.	61.56224
Sun Dec 02 09:24:05 +0000 2018	@jokowi As a rice importer country, contribute to Current Account Deficit which cause Rupiah rate depreciation, Indonesia never learn from Thailand the way to produce the high quality and cheap rice for its people and make rice as an export commodity. https://t.co/DBAKQU8kyY	61.14723
Sun Dec 09 01:09:39 +0000 2018	@jokowi deep condolences for them as victims who took involved in the papua development. the construction continuation is a must for the good of the people of papua.	61.131977
Wed Dec 12 05:38:50 +0000 2018	@jokowi Bismillah....transparent how to spend the money is mandatory.	58.079914
Sun Dec 02 05:24:29 +0000 2018	@jokowi semangat bapak!! stay unbothered and work hard 💞	55.93481
Sat Nov 10 11:56:19 +0000 2018	@jokowi I am a journalist refugee in Indonesia. I will tell the world that there is a man who led Indonesia towards love, peace and a strong economy, and he loved Indonesians	54.43851
Sat Dec 01 15:44:56 +0000 2018	@jokowi Put into effect back Energy&amp;Mineral Resources Ministry Regulation No.21/2016 on Electricity Power Purchasing for Biomass Power by PT. PLN to fullfill the local electricty requirement, strengthen national rice industry to produce high quality&amp;cheap rice for poeples while	53.324158
Thu Dec 06 15:14:17 +0000 2018	@jokowi Put into effect back Energy &amp; Mineral Resources Ministry Regulation No. 21 of 2016 on Electricity Power Purchasing for Biomass Power by PT. PLN to fullfill the local electricty need, strengthen national rice industry to produce high quality &amp; cheap rice for peoples	52.86613
Tue Nov 06 22:49:09 +0000 2018	@jokowi One of the perks of having work office in Senayan. Im excited!	50.14325
Sun Dec 02 09:24:13 +0000 2018	@jokowi Indonesia now requires a presidential candidate who have bravery to swear not to import rice, creates a regulation which could stimulate Waste-Energy Exchange development concept to produce electric &amp; high quality &amp; cheap rice for poeples during his leadership.	48.666153
Fri Nov 09 06:41:38 +0000 2018	@jokowi After a period of time, I rejoined this gym. The person who signed me up was the gym manager. She gave me a pretty good deal but within a few months, a problem ensued. Another member made gestures to me that were not reciprocated in a favorable fashion. This led to a big problem.	48.472374
Sun Dec 02 12:58:43 +0000 2018	@jokowi On Dec 2, 2016 then so called 212 Action- about more than 7 million muslims &amp; non-muslims protested the Jakarta Governor ahok, for blasphemy to Qur’an! Now millions of friendly peoples reach Monas to attend the very peaceful reunion 212 Thank GOD😊 #Reuni212 #ReuniAkbar212diMonas https://t.co/X2yq6y86gA	47.637726
Sat Dec 01 09:48:46 +0000 2018	"@jokowi Is this funny if that's how many different etnis in Indonesia before claim doesn't same with ""Hindu nation"" (is this the original alpha bethical of Indonesian word?)?"	47.58306
Fri Nov 23 00:02:57 +0000 2018	https://t.co/ZTJLZq8u0K  Are we seriously transforming into low-carbon economy? @jokowi @prabowo @BappenasRI @KementerianESDM #Indonesia #B2Greport #G20  @ClimateT_G20	46.684067
Thu Nov 22 12:52:56 +0000 2018	@jokowi Hello Dear  I am Mehedi  Your Creative Logo/Graphic Designer. My first Priority is my client satisfaction I hope you will enjoy to work with Me.  If you order me , i will sent you unlimited Revisions And 5 logo design for your choice my gig https://t.co/c7Mf5VE8xL	46.345478
Fri Nov 23 16:45:23 +0000 2018	@jokowi Hello Dear  I am Mehedi  Your Creative Logo/Graphic Designer. My first Priority is my client satisfaction I hope you will enjoy to work with Me.  If you order me , i will sent you unlimited Revisions And 5 logo design for your choice my gig https://t.co/c7Mf5VE8xL	46.345478
Wed Nov 28 17:06:17 +0000 2018	@jokowi Hello Dear  I am Mehedi  Your Creative Logo/Graphic Designer. My first Priority is my client satisfaction I hope you will enjoy to work with Me.  If you order me , i will sent you unlimited Revisions And 5 logo design for your choice my gig https://t.co/c7Mf5VE8xL	46.345478
Mon Nov 26 13:05:21 +0000 2018	@jokowi Hello Dear  I am Mehedi  Your Creative Logo/Graphic Designer. My first Priority is my client satisfaction I hope you will enjoy to work with Me.  If you order me , i will sent you unlimited Revisions And 5 logo design for your choice my gig https://t.co/c7Mf5VE8xL	46.345478
Mon Nov 26 13:05:57 +0000 2018	@jokowi Hello Dear  I am Mehedi  Your Creative Logo/Graphic Designer. My first Priority is my client satisfaction I hope you will enjoy to work with Me.  If you order me , i will sent you unlimited Revisions And 5 logo design for your choice my gig https://t.co/c7Mf5VE8xL	46.345478
Mon Nov 26 13:06:49 +0000 2018	@jokowi Hello Dear  I am Mehedi  Your Creative Logo/Graphic Designer. My first Priority is my client satisfaction I hope you will enjoy to work with Me.  If you order me , i will sent you unlimited Revisions And 5 logo design for your choice my gig https://t.co/c7Mf5VE8xL	46.345478
Mon Dec 03 12:41:16 +0000 2018	@jokowi Hello Dear  I am Mehedi  Your Creative Logo/Graphic Designer. My first Priority is my client satisfaction I hope you will enjoy to work with Me.  If you order me , i will sent you unlimited Revisions And 5 logo design for your choice my gig https://t.co/c7Mf5VE8xL	46.345478
Mon Dec 03 12:36:33 +0000 2018	@jokowi Hello Dear  I am Mehedi  Your Creative Logo/Graphic Designer. My first Priority is my client satisfaction I hope you will enjoy to work with Me.  If you order me , i will sent you unlimited Revisions And 5 logo design for your choice my gig https://t.co/c7Mf5VE8xL	46.345478
Sun Nov 11 01:30:39 +0000 2018	@jokowi @NAR @KSPgoid during the election timing,it's necessary to acting firmly against for the airline who breaking the rules it's including the owner.Don't hesitate to fire him from ring one palace,remember that our nation interest is priority! Be carefull with ring one person	45.249996
Sun Dec 02 09:24:04 +0000 2018	@jokowi Indonesia new &amp; renewable energy development handicap   https://t.co/34FYs7m5vf @Masinton @budimandjatmiko @evndari @riekediahp @EkoSandjojo @info_Mekkah @Kadir_Karding @ZUL_Hasan @fadlizon @Fahrihamzah @Yusrilihza_Mhd @SBYudhoyono @hincapandjaitan @msi_sohibuliman	44.570316
Sun Dec 02 13:59:54 +0000 2018	@jokowi Indonesia new &amp; renewable energy development handicap   https://t.co/34FYs7m5vf @Masinton @budimandjatmiko @evndari @riekediahp @EkoSandjojo @info_Mekkah @Kadir_Karding @ZUL_Hasan @fadlizon @Fahrihamzah @Yusrilihza_Mhd @SBYudhoyono @hincapandjaitan @msi_sohibuliman	44.570316
Sat Dec 01 15:44:51 +0000 2018	@jokowi Indonesia new &amp; renewable energy development handicap  https://t.co/WqRltMS7Vf @Masinton @budimandjatmiko @evndari @riekediahp @EkoSandjojo @eae18 @info_Mekkah @Kadir_Karding @ZUL_Hasan @fadlizon @Fahrihamzah @Yusrilihza_Mhd @SBYudhoyono @hincapandjaitan @msi_sohibuliman	44.281178
Thu Dec 06 15:14:11 +0000 2018	@jokowi Indonesia new &amp; renewable energy development handicap    https://t.co/34FYs7m5vf  @Dr_Moeldoko @KSPgoid @evndari @Masinton @pramonoanung @budimandjatmiko @riekediahp @EkoSandjojo @Kadir_Karding @ZUL_Hasan @fadlizon @Fahrihamzah @Yusrilihza_Mhd @SBYudhoyono @RamliRizal	44.281178
Mon Nov 26 12:33:56 +0000 2018	@jokowi So now you realise that you overproducing and deforesting precious natural resources for the futur. And desperately search way to get rid of it. Maybe it's time to think to reduce palm oil production and make something else better for humanity.	43.89087
Wed Nov 07 01:01:03 +0000 2018	@jokowi (Women underwear),and salung-pupuwit(Chair).The Pilipino National Language is Pili at Pino or Chosen and Refine therefore Pilipino is very hard to study in UP(University of the Philippines)Diliman,Quezon City,Philippines the primer State University of the Country...	42.996925
Tue Nov 27 01:09:51 +0000 2018	https://t.co/ZTJLZq8u0K  Are we seriously transforming into low-carbon economy? @jokowi @prabowo @BappenasRI @KementerianESDM #Indonesia #B2Greport #G20  @ClimateT_G20	42.377792
Fri Nov 09 06:44:19 +0000 2018	@jokowi I spoke to the gym manager regarding this issue but we couldn't come to an understanding. I requested a refund for the remaining months left on my prepaid contract. I ended up losing money bc I had to pay a higher fee. She did not want to refund the account.	41.395634
Fri Dec 07 01:41:53 +0000 2018	@jokowi May God’s Blessing For Peace, Safety, Security And Prosperity Always Be Upon Beloved Indonesia And Beloved People Of Beloved Indonesia...  Your Excellency Pdt Joko Widodo...  And All People Of The World...	41.310215
Mon Dec 03 05:29:43 +0000 2018	@jokowi @setkabgoid @BBCWorld @CNN 15 - 20 Years From Now Indonesia Might World Will Loose Their Youth.. if we Still Cant Find Solution for this #hariaidssedunia https://t.co/GmV4HwFnvN	40.723866
Sat Dec 01 15:44:54 +0000 2018	@jokowi Until 2006 Thailand had 36 units of RHPP with totally 572,63 MW installed capacity consuming 9.800 tons of rice husk perMW/year. The 2006 rice husk price reached 1.000 bath (US$25)/ton. https://t.co/kO0gPWcCQI … Meanwhile Indonesia until now has none RHPP.	39.91163
Fri Dec 07 09:57:16 +0000 2018	@jokowi there an island bodh few person skilly reach as too many trunk under surface motorboatpassenger endanger.  on the island no doctor.  ...mightious n chance save prita Aranya more n bring technology compressionairtubechainsaw these pagan sites.  this lakri can fave income+federals https://t.co/ycz5axt0TH	39.399837
Sun Dec 02 09:24:07 +0000 2018	@jokowi Until 2006 Thailand had 36 units of RHPP with totally 572,63 MW installed capacity consuming 9.800 tons of rice husk perMW/year. The 2006 rice husk price reached 1.000 bath (US$25)/ton. https://t.co/kO0gPWcCQI … Meanwhile Indonesia until now has none RHPP. https://t.co/mbe6aIU374	39.37044
Wed Nov 21 15:12:47 +0000 2018	@jokowi @Permenmentos1 this is tag	39.18106
Sat Nov 24 05:12:08 +0000 2018	@jokowi Goodnews  The earthquake-stricken Lombok, NTB and the area in its vicinity are back to normal Mount Rinjani in quake-hit Lombok has been opened to trekkers,  Let's visit Lombok  @disbudpar_ntb, and enjoy its scenic natural beauty  https://t.co/D7DQfZSDoA	39.079647
Fri Dec 07 05:31:35 +0000 2018	@jokowi After living in Indonesia for almost 12 years, I am being deported. My wife and I filed an extension of my KITAP and the immigration officer revoked my extension. He did not specify the reason. After all my hard work to stay and live in Indonesia was thrown away.	38.6363
Thu Dec 06 15:14:14 +0000 2018	@jokowi Until 2006 Thailand had 36 units of RHPP with totally 572,63 MW installed capacity consuming 9.800 tons of rice husk perMW/year. The 2006 rice husk price reached 1.000 bath (US$25)/ton. https://t.co/kO0gPWcCQI … Meanwhile Indonesia up until now has no one of RHPP https://t.co/9Rytcy4UFQ	38.35083
Sun Dec 02 13:59:57 +0000 2018	@jokowi Until 2006 Thailand had 36 units of RHPP with totally 572,63 MW installed capacity consuming 9.800 tons of rice husk perMW/year. The 2006 rice husk price reached 1.000 bath (US$25)/ton. https://t.co/kO0gPWcCQI … Meanwhile Indonesia up until now has no one of RHPP https://t.co/4Axs7oGBI5	38.35083
Sat Nov 10 19:20:32 +0000 2018	@jokowi place open my gig https://t.co/c7Mf5VE8xL	35.027298
Mon Dec 03 06:44:26 +0000 2018	@jokowi Freedom: I want my freedom and my UK ID back. I donot like Bali. I donot want to stay in Indonesia &amp; I never wanted &amp; I will never want to stay here. Here corrupt immigration tortured me, provided me with false info&amp; harrassed me along with hotel staff.	34.977524
Tue Dec 11 14:35:05 +0000 2018	@jokowi Just wanna tag you cuz i’m jobless, my friend @fadlizon https://t.co/Pf8dGyxrFK	34.03592
Fri Nov 30 11:49:00 +0000 2018	@anticorruption @meberazategui @MichelTemer @RegSprecher @CyrilRamaphosa @jokowi @EPN @KremlinRussia_E @AbeShinzo @GiuseppeConteIT @sanchezcastejon As an example: #G20 Leaders adopted these commitments in 2014. They are their own promises, not TI recommendations. Yet, they are moving far too slowly. We don't need any more new promises - just implement existing commitments! #G20TakeAction https://t.co/tJ6GDPI6Xd https://t.co/mMFvusFtPb	33.964085
Tue Nov 27 17:02:04 +0000 2018	@jokowi @jokowi Ttue Leader speaks optkmism and courage without denying the reality. The future is Bright for our country.	33.35858
Thu Nov 22 16:08:22 +0000 2018	@jokowi Hello brother, thanks for connecting with me, I'm Amin Habib, Managing Director Barclays Bank Dubai	32.58211
Tue Dec 11 22:33:24 +0000 2018	@jokowi Seasons Greetings  President  We are cats from around the world asking you to stop the torture of cats in your nation‼️The cruelty inflicted on them is beyond barbaric ‼️#Boiling,#skinning and #blowtorching alive‼️ There is No justifiable reason for torture‼️ https://t.co/06egEKQXgY	32.344364
Sat Nov 24 07:59:34 +0000 2018	@jokowi Back to Nature, Wonderfull Indonesia	32.161873
Wed Dec 05 13:37:42 +0000 2018	@jokowi open boking cod include room / TB164/BB47kg/bra33b,WA 082291881288	32.158714
Fri Nov 09 06:36:16 +0000 2018	@jokowi After they removed the photos, the head gym manager became angry at me while I was sitting down on a boxing ring. He demanded to know how many months that I had remaining on my contract. I said that when my contract ends, I plan to renew. I ended up not renewing my 3rd contract.	31.862782
Sat Dec 01 15:44:58 +0000 2018	@jokowi Indonesia requires president candidate who have bravery to swear not to import rice, creates regulation to stimulate Waste-Energy Exchange concept to produce electric &amp; high quality &amp; cheap rice for poeples during his leadership.	30.68153
Thu Dec 06 09:23:07 +0000 2018	@jokowi Samosir Island.(Tomok hill's).Seems that chainsawing trees down maffia never learn.Making wood boards on the spot.Few tourists, who are around,moving to better places. Soon Samosir Island a desert.Thank you.	30.083948
Sat Dec 01 07:16:08 +0000 2018	@jokowi Wooo jebul stadione nembe repot	29.815416
Sun Dec 02 03:41:42 +0000 2018	@jokowi Whilst the opposition leader, Prabowo Subianto, IS flirting with religious nutters and radical groups, the incumbent Indonesian president Joko Widodo is very busy working to transform the country into a modern, civilized and developed nation.	29.77936
Sun Dec 02 14:00:03 +0000 2018	@jokowi Indonesia now requires a presidential candidate who have bravery to swear not to import rice, creates a regulation which could stimulate Waste-Energy Exchange concept to produce electric, high quality &amp; cheap rice for peoples during his leadership	29.601439
Thu Dec 06 15:14:18 +0000 2018	@jokowi Indonesia now requires a presidential candidate who have bravery to swear not to import rice, creates a regulation which could initiate Waste-Energy Exchange concept to produce electric, high quality &amp; cheap rice for peoples during his tenure https://t.co/fomRSKQraH	28.938374
Thu Dec 06 01:04:58 +0000 2018	@jokowi Indonesia now requires a presidential candidate who have bravery to swear not to import rice, creates a regulation which could initiate Waste-Energy Exchange concept to produce electric, high quality &amp; cheap rice for peoples during his leadership https://t.co/fomRSKQraH	28.938374
Tue Dec 11 07:12:11 +0000 2018	@jokowi Indonesia now requires a presidential candidate who have bravery to swear not to import rice, creates a regulation which could initiate Waste-Energy Exchange concept to produce electric, high quality &amp; cheap rice for peoples during his tenure https://t.co/fomRSL82zh	28.938374
Wed Dec 05 02:42:01 +0000 2018	@jokowi But anyway, there is no such a free lunch 😁	28.823895
Sat Dec 08 08:16:23 +0000 2018	@jokowi @kaesangp Hi all dear. Wanna free gift card codes online., 100% working guaranteed!  https://t.co/aoBeukTOVI	28.519278
Fri Dec 07 14:33:42 +0000 2018	@jokowi Haters make human as victim.Duty.Duty.Duty.Duty.Duty also Obstructions any sectors .Monster.	27.29126
Fri Nov 09 04:22:06 +0000 2018	@jokowi  @RusdiKirana #2019TetapJokowi #LionAirJT610 there is no evidence that stabilizer trim ran away. Pilots may have been forced to trim nose down by other factors. Wait for the CVR -just been found. Why was PK-LQP flown level faster than VMO with nose trim down?	26.36117
Sat Nov 24 08:20:35 +0000 2018	@jokowi connecting cities through highways is reducing costs and time , distance to drive , more efficient and effective delivery of products, boosting potential local economy development, at the end reducing poverty.	26.179703
Tue Nov 27 07:22:13 +0000 2018	@jokowi Let me share information about Donald Trump,  Benjamin Netanyahu,  Vladimir Putin and Steve Bullocks partnership to ambush me and my Muslim wife and daughter that's a bigger organized crime and failed communist crusade   https://t.co/WRcr4QCWJj	26.052038
Fri Dec 07 14:33:14 +0000 2018	@jokowi Haters make human as victim. Duty .Duty.Duty.Duty.Duty also Obstructions any sectors .Monster.	25.878374
Thu Nov 29 04:15:09 +0000 2018	@jokowi Customer Service POKERASTRO :  » SMS: +85581297799  » PIN BBM : DC8B743C  » Whatsapp : +85581297799  » LINE : POKERASTRO  » WECHAT : POKERASTRO  » Layanan Live Chat 24JAM ONLINE https://t.co/TemR5mYDXi	25.778122
Sun Nov 11 01:35:02 +0000 2018	@jokowi rapid industrialisation in china have many https://t.co/muqOdDgonO&amp;safety has to be most priority.Indonesia shouldlearn learn&amp;learn.fasttrain	25.443415
Fri Nov 09 11:28:40 +0000 2018	@jokowi Pejagan-Pemalang Toll Road is a toll extending 57.5 km that links Pejagan, Brebes, to Pemalang, Central Java, in Indonesia. This toll road is a continuation of the Kanci-Pejagan Toll Road and part of Trans-Java Toll Road. https://t.co/n7ukBT4pjX	23.99962
Fri Dec 07 14:41:42 +0000 2018	@jokowi Haters make human as victim.Duty.Duty.Duty.Duty.Duty also Obstructions any sectors .Monster.Primitive staying in hundred years a go	23.4503
Sun Dec 02 05:11:52 +0000 2018	@jokowi telepathy can be used to steal your highest classified info and not only that a subject can be instructed to act dangerously eg crash car, donate funds to thieves, attack people. This is true and lucrative.	23.181023
Thu Nov 08 14:42:01 +0000 2018	@jokowi Whaooo... World champion...  V I C T O R R Y	23.074402
Thu Nov 29 11:14:57 +0000 2018	@jokowi Video dan lagunya, keren ! What a wonderful world - Louis Armstrong😍	23.074402
Fri Nov 09 08:27:27 +0000 2018	@jokowi @prabowo whoever’s listening, please put a stop to this patriarchist attitude! Please put shame on men who think that rape is a “pelanggaran ringan” and decide to blame the victim for speaking out instead. Sad	22.894363
Wed Nov 07 01:15:38 +0000 2018	@jokowi put you there in good faith have nothing to do with you personally.Your whims and caprices outward philandering so thick face you are.I imagine Saddam Hussein of Iraq way back in 1991 on its attacked on Kuwait.Brunei Darussalam lies near beneath...	22.608698
Tue Dec 04 09:41:41 +0000 2018	@jokowi Lies in Jakarta Coverup Canberra. Civil War West Papua. Australian funding training of Indonesian military police should be boycotted by ADF AFPpending a royal commission.  https://t.co/kdRmWrHPcm https://t.co/OjDQVt2bBD	22.606487
Mon Dec 03 06:49:00 +0000 2018	@jokowi Indonesia supports torture &amp; violence against women. I am UK national &amp; being trapped in this horrible country for 11 months. The immigration lied to me and about me, tortured me &amp; have taken my UK ID. Indonesian government, police, prosecutor supported immigration criminals.	22.532993
Sun Dec 02 13:00:39 +0000 2018	@jokowi @Pak_JK @prabowo @sandiuno @KHMarufAmin_ @AbeShinzo @JPN_PMO @CCMofa_Japan @CANJapan_org @ClimateT_G20 @erickthohir @sudirmansaid @dewanenergi @BappenasRI @PerekonomianRI @jonan_ignasius @KementerianESDM @djebtke @Amran_Sulaiman1 @kementan @tomlembong @Dr_Moeldoko @KSPgoid @pramonoanung @BamsoetQuotes @akbarfaizal68 @MMisbakhun @Masinton @budimandjatmiko @evndari @riekediahp @EkoSandjojo @info_Mekkah @Kadir_Karding @ZUL_Hasan @fadlizon @Fahrihamzah @Yusrilihza_Mhd @SBYudhoyono @hincapandjaitan @msi_sohibuliman @jokowi Put into effect back Energy&amp;Mineral Resources Ministry Regulation No.21/2016 on Electricity Power Purchasing for Biomass Power by PT. PLN to fullfill the local electricty requirement, strengthen national rice industry to produce high quality&amp;cheap rice for poeples while	22.33989
Tue Dec 04 02:56:44 +0000 2018	@jokowi @anjanibanjar @jokowi  and @MohammedbinRash are visioner leader in the world.😍😍😍😍	21.370737
Tue Dec 04 09:44:55 +0000 2018	@jokowi @TweetRAMALAN  @MarisePayne @JulieBishopMP @Menlu_RI @wapres_ri @ryamizard_r Lies in Jakarta Coverup Canberra. Civil War West Papua. Australian funding training ofIndonesian military police should be boycotted by ADF AFPpending a royal commission.  https://t.co/kdRmWrHPcm https://t.co/jZCK4LnYSs	21.357101
Fri Nov 09 06:12:39 +0000 2018	"@jokowi @bawaslu_RI @DivHumas_Polri it's not bad idea; yet we need preemptive actions to mitigate this so called ""sontoloyo""; the least competent of any leader of any organization, then lots tougher subordinates would have to compensate or to reconcile @PDI_Perjuangan @Gerindra"	21.226988
Fri Dec 07 14:27:53 +0000 2018	@jokowi I can not fall in love anywhere but i want to get my freedom for my health n economy by anyone .Thank you if you can do humanity .You know terrible experiences no one possible .I will give welcome when you have normal thought of opportunity for business .Do not think as primitive	20.183306
Tue Dec 04 02:16:37 +0000 2018	@JPN_PMO @jokowi @Pak_JK @prabowo @sandiuno @KHMarufAmin_ @AbeShinzo @CCMofa_Japan @ClimateT_G20 @CANJapan_org @350_Japan @erickthohir @sudirmansaid @dewanenergi @BappenasRI @PerekonomianRI @jonan_ignasius @KementerianESDM @djebtke @Amran_Sulaiman1 @kementan @tomlembong @Dr_Moeldoko @KSPgoid @Masinton @pramonoanung @budimandjatmiko @evndari @riekediahp @EkoSandjojo @info_Mekkah @Kadir_Karding @ZUL_Hasan @fadlizon @Fahrihamzah @Yusrilihza_Mhd @SBYudhoyono @hincapandjaitan @saididu @jokowi As a rice importer country, contribute to Current Account Deficit which cause Rupiah rate depreciation, Indonesia never learn from Thailand the way to produce the high quality and cheap rice for its people and make rice as an export commodity. https://t.co/DBAKQU8kyY	20.063791
Sat Dec 01 09:50:18 +0000 2018	@jokowi How many Hindi or Hindustand or hindu kingdom in this land before that till need freedom to be the one country and Moslem and Christian with Hindu nation / Indonesia name? Is this right doktrin too for religion !!?	20.049652
Sun Dec 02 12:55:33 +0000 2018	@jokowi @Pak_JK @prabowo @sandiuno @KHMarufAmin_ @AbeShinzo @JPN_PMO @CCMofa_Japan @CANJapan_org @ClimateT_G20 @erickthohir @sudirmansaid @dewanenergi @BappenasRI @PerekonomianRI @jonan_ignasius @KementerianESDM @djebtke @Amran_Sulaiman1 @kementan @tomlembong @Dr_Moeldoko @KSPgoid @pramonoanung @BamsoetQuotes @akbarfaizal68 @MMisbakhun @Masinton @budimandjatmiko @evndari @riekediahp @EkoSandjojo @info_Mekkah @Kadir_Karding @ZUL_Hasan @fadlizon @Fahrihamzah @Yusrilihza_Mhd @SBYudhoyono @hincapandjaitan @msi_sohibuliman @jokowi As a rice importer country, contribute to Current Account Deficit which cause Rupiah rate depreciation, Indonesia never learn from Thailand the way to produce the high quality and cheap rice for its people and make rice as an export commodity. https://t.co/DBAKQU8kyY	19.479996
Tue Dec 04 02:47:23 +0000 2018	@jokowi @harry_pearl  I got back from Cimaja in 3 hours last night. And I think I could now break 2 hours going down. Big up Jokowi 👏👏👏	18.621752
Tue Dec 04 02:18:39 +0000 2018	@JPN_PMO @jokowi @Pak_JK @prabowo @sandiuno @KHMarufAmin_ @AbeShinzo @CCMofa_Japan @ClimateT_G20 @CANJapan_org @350_Japan @erickthohir @sudirmansaid @dewanenergi @BappenasRI @PerekonomianRI @jonan_ignasius @KementerianESDM @djebtke @Amran_Sulaiman1 @kementan @tomlembong @Dr_Moeldoko @KSPgoid @Masinton @pramonoanung @budimandjatmiko @evndari @riekediahp @EkoSandjojo @info_Mekkah @Kadir_Karding @ZUL_Hasan @fadlizon @Fahrihamzah @Yusrilihza_Mhd @SBYudhoyono @hincapandjaitan @saididu @jokowi Until 2006 Thailand had 36 units of RHPP with totally 572,63 MW installed capacity consuming 9.800 tons of rice husk perMW/year. The 2006 rice husk price reached 1.000 bath (US$25)/ton. https://t.co/kO0gPWcCQI … Meanwhile Indonesia up until now has no one of RHPP. https://t.co/bLbvZzu3yI	18.544727
Sun Dec 02 12:57:52 +0000 2018	@jokowi @Pak_JK @prabowo @sandiuno @KHMarufAmin_ @AbeShinzo @JPN_PMO @CCMofa_Japan @CANJapan_org @ClimateT_G20 @erickthohir @sudirmansaid @dewanenergi @BappenasRI @PerekonomianRI @jonan_ignasius @KementerianESDM @djebtke @Amran_Sulaiman1 @kementan @tomlembong @Dr_Moeldoko @KSPgoid @pramonoanung @BamsoetQuotes @akbarfaizal68 @MMisbakhun @Masinton @budimandjatmiko @evndari @riekediahp @EkoSandjojo @info_Mekkah @Kadir_Karding @ZUL_Hasan @fadlizon @Fahrihamzah @Yusrilihza_Mhd @SBYudhoyono @hincapandjaitan @msi_sohibuliman @jokowi Until 2006 Thailand had 36 units of RHPP with totally 572,63 MW installed capacity consuming 9.800 tons of rice husk perMW/year. The 2006 rice husk price reached 1.000 bath (US$25)/ton. https://t.co/kO0gPWcCQI … Meanwhile Indonesia up until now has no one of RHPP. https://t.co/tgJ9Qt0AZC	18.544727
Fri Nov 23 14:14:08 +0000 2018	@jokowi Good job	18.180347
Fri Dec 07 04:17:31 +0000 2018	@jokowi GOOD JOB :)	18.180347
Thu Nov 29 04:05:44 +0000 2018	@jokowi Good job....	18.180347
Tue Dec 11 11:20:44 +0000 2018	@jokowi Good Job	18.180347
Wed Dec 05 08:06:20 +0000 2018	@jokowi The #ClimateCrisis is a health crisis. Leading scientists agree: We must slash greenhouse gas emissions by 2030 to avert disaster. Join me in demanding leaders increase their commitments to action: https://t.co/Wyvwa1pXz0. #24HoursofReality. https://t.co/NrqP8ZZOx7	18.161604
Wed Dec 05 16:07:52 +0000 2018	@jokowi The #ClimateCrisis is a health crisis. Leading scientists agree: We must slash greenhouse gas emissions by 2030 to avert disaster. Join me in demanding leaders increase their commitments to action: https://t.co/I0K4QJXDlT. #24HoursofReality. https://t.co/OlUGo4RxhW	18.161604
Wed Dec 05 11:51:52 +0000 2018	@jokowi The #ClimateCrisis is a health crisis. Leading scientists agree: We must slash greenhouse gas emissions by 2030 to avert disaster. Join me in demanding leaders increase their commitments to action: https://t.co/FmyaftxPJG. #24HoursofReality. https://t.co/p9hXYcJ8br	18.161604
Tue Dec 04 22:16:02 +0000 2018	@jokowi The #ClimateCrisis is a health crisis. Leading scientists agree: We must slash greenhouse gas emissions by 2030 to avert disaster. Join me in demanding leaders increase their commitments to action: https://t.co/AwhLtrewzv. #24HoursofReality. https://t.co/STG8oO5YzV	18.161604
Wed Dec 05 02:06:26 +0000 2018	@jokowi The #ClimateCrisis is a health crisis. Leading scientists agree: We must slash greenhouse gas emissions by 2030 to avert disaster. Join me in demanding leaders increase their commitments to action: https://t.co/c0JV1iVQWx. #24HoursofReality. https://t.co/HyCr5zay0C	18.161604
Wed Dec 05 05:31:59 +0000 2018	@jokowi The #ClimateCrisis is a health crisis. Leading scientists agree: We must slash greenhouse gas emissions by 2030 to avert disaster. Join me in demanding leaders increase their commitments to action: https://t.co/FVDjP7D27n. #24HoursofReality. https://t.co/W5wdtkxASb	18.161604
Tue Dec 04 07:51:28 +0000 2018	@jokowi The #ClimateCrisis is a health crisis. Leading scientists agree: We must slash greenhouse gas emissions by 2030 to avert disaster. Join me in demanding leaders increase their commitments to action: https://t.co/de2NFIswEc. #24HoursofReality. https://t.co/ACRFd8Tvwi	18.161604
Mon Dec 03 23:20:32 +0000 2018	@jokowi The #ClimateCrisis is a health crisis. Leading scientists agree: We must slash greenhouse gas emissions by 2030 to avert disaster. Join me in demanding leaders increase their commitments to action: https://t.co/2gMt6RP0KS. #24HoursofReality. https://t.co/YAs3xZXYgt	18.161604
Tue Dec 04 16:15:48 +0000 2018	@jokowi The #ClimateCrisis is a health crisis. Leading scientists agree: We must slash greenhouse gas emissions by 2030 to avert disaster. Join me in demanding leaders increase their commitments to action: https://t.co/7PiEksclzA. #24HoursofReality. https://t.co/sQnpYF2IEa	18.161604
Tue Dec 04 18:51:44 +0000 2018	@jokowi The #ClimateCrisis is a health crisis. Leading scientists agree: We must slash greenhouse gas emissions by 2030 to avert disaster. Join me in demanding leaders increase their commitments to action: https://t.co/osKw1rJzvT. #24HoursofReality. https://t.co/GXBFwm925d	18.161604
Tue Dec 04 17:57:15 +0000 2018	@jokowi The #ClimateCrisis is a health crisis. Leading scientists agree: We must slash greenhouse gas emissions by 2030 to avert disaster. Join me in demanding leaders increase their commitments to action: https://t.co/JTsnR9mfSn. #24HoursofReality. https://t.co/86GeG0xtmN	18.161604
Fri Dec 07 04:46:44 +0000 2018	@jokowi The #ClimateCrisis is a health crisis. Leading scientists agree: We must slash greenhouse gas emissions by 2030 to avert disaster. Join me in demanding leaders increase their commitments to action: https://t.co/XBwfZIhDWo. #24HoursofReality. https://t.co/4T1YmT7ipt	18.161604
Tue Nov 27 22:35:22 +0000 2018	@jokowi What a beautiful country of civilized peoples you lead! @bornean_OU  Orangutan sex slave screamed when former captor visited her https://t.co/n6viJmr0Nh via @MailOnline	17.772121
Wed Nov 07 00:43:04 +0000 2018	"@jokowi Gat Andres Bonifacio,and First President of the Republic(The first to be Independent in Asia)President Emilio Aguinaldo(Aguinaldo or ""Simbang Gabi"")while Spain had the Second Crusade therefore back to Christian https://t.co/UJ65hwobp0 Great Great Grandfather was..."	17.721241
Wed Nov 21 16:00:29 +0000 2018	@jokowi Good job sir..	17.566807
Fri Nov 23 15:13:13 +0000 2018	@jokowi Good job, pak!	17.566807
Tue Nov 27 03:12:55 +0000 2018	@jokowi Good job pakde	17.566807
Thu Nov 29 02:48:05 +0000 2018	@jokowi Good job pak	17.566807
Thu Nov 29 04:54:29 +0000 2018	@jokowi Good Job sir...!	17.566807
Mon Dec 03 07:29:53 +0000 2018	@jokowi Good job Mr.President	17.566807
Wed Dec 12 06:59:03 +0000 2018	@jokowi Good job. #01JokowiLagi	17.566807
Tue Dec 04 02:15:41 +0000 2018	@JPN_PMO @jokowi @Pak_JK @prabowo @sandiuno @KHMarufAmin_ @AbeShinzo @CCMofa_Japan @ClimateT_G20 @CANJapan_org @350_Japan @erickthohir @sudirmansaid @dewanenergi @BappenasRI @PerekonomianRI @jonan_ignasius @KementerianESDM @djebtke @Amran_Sulaiman1 @kementan @tomlembong @Dr_Moeldoko @KSPgoid @jokowi Indonesia new &amp; renewable energy development handicap   https://t.co/34FYs7m5vf @Masinton @pramonoanung @budimandjatmiko @evndari @riekediahp @EkoSandjojo @info_Mekkah @Kadir_Karding @ZUL_Hasan @fadlizon @Fahrihamzah @Yusrilihza_Mhd @SBYudhoyono @hincapandjaitan @saididu	17.426125
Thu Nov 08 11:55:05 +0000 2018	@jokowi Kata esemka : welcome to the liar club bro!	17.203691
Sun Dec 09 23:24:16 +0000 2018	@jokowi I agree with you Mr. President. If I may ask, when Indonesia will start shifting to green renewable energy, banning the use of fossil fuel, &amp; coal? The world temperature and sea level are rising, and will bring more disaster such as earthquake, drought, &amp; flood. Thank you.	17.163048
Sun Dec 02 12:54:26 +0000 2018	@jokowi @Pak_JK @prabowo @sandiuno @KHMarufAmin_ @AbeShinzo @JPN_PMO @CCMofa_Japan @CANJapan_org @ClimateT_G20 @erickthohir @sudirmansaid @dewanenergi @BappenasRI @PerekonomianRI @jonan_ignasius @KementerianESDM @djebtke @Amran_Sulaiman1 @kementan @tomlembong @Dr_Moeldoko @KSPgoid @pramonoanung @BamsoetQuotes @akbarfaizal68 @MMisbakhun @jokowi Indonesia new &amp; renewable energy development handicap   https://t.co/34FYs74uDH @Masinton @budimandjatmiko @evndari @riekediahp @EkoSandjojo @info_Mekkah @Kadir_Karding @ZUL_Hasan @fadlizon @Fahrihamzah @Yusrilihza_Mhd @SBYudhoyono @hincapandjaitan @msi_sohibuliman	17.095682
Fri Nov 09 11:25:59 +0000 2018	@jokowi President Jokowi just officially opened the 37.3 km East Brebes -Sewaka segment and 5.4 Km Pemalang-Batang ( Sewaka-SS Pemalang) Central Java this morning . One area by one area,region by region,island by island get more integrated  New Emerging economy points #TerimakasihJokowi https://t.co/wco2Pcj9dC	17.019539
Fri Nov 09 12:44:51 +0000 2018	@jokowi good job..👍👍	16.993326
Thu Nov 22 00:06:14 +0000 2018	@jokowi Good job Mr President	16.993326
Sat Nov 10 17:06:48 +0000 2018	@jokowi Good job Pak De	16.993326
Mon Nov 26 06:22:19 +0000 2018	@jokowi Good job mr president	16.993326
Mon Nov 26 07:48:47 +0000 2018	@jokowi Good job @jokowi  #01JokowiLagi	16.993326
Mon Dec 10 17:28:17 +0000 2018	@jokowi Good job Mr president.	16.993326
Sun Dec 09 08:16:12 +0000 2018	@jokowi Good Job, Tuan 😊	16.993326
Tue Dec 11 06:24:35 +0000 2018	@jokowi Good job Mas Jokowi	16.993326
Tue Dec 11 21:40:56 +0000 2018	@jokowi Good job Mr. President	16.993326
Wed Nov 07 13:24:14 +0000 2018	@jokowi Safety first pak. Nice👌	16.956621
Fri Nov 09 02:18:35 +0000 2018	@jokowi Deeply Apologize For Very Late Tweets...The Honorable Indonesia And People Of Indonesia...Your Excellency Pdt Joko Widodo ... https://t.co/IXMWVI075l	16.948002
Mon Nov 26 15:55:39 +0000 2018	@jokowi Sedap. Good job Mr. President.	16.456108
Sun Dec 02 11:29:36 +0000 2018	@jokowi @TMCPoldaMetro Good Job Mr. President	16.456108
Sat Nov 24 09:22:16 +0000 2018	@jokowi Dear,Mr.president......???excusme..may i talk ...if u at 2019 to be a president for twice,,is there any job for me mr president..???...	16.357786
Thu Nov 29 06:01:21 +0000 2018	@jokowi Good Job! Thank you Mr. Jokowi	15.951814
Tue Dec 04 17:15:23 +0000 2018	@jokowi @kemkominfo @Kemdikbud_RI @rudiantara_id checkout @NewsLitProject's @checkology.   “It’s where students learn how to navigate the challenging information landscape by mastering the skills of news literacy.”  https://t.co/pKuzsZEwAc  #Indonesia #Education #Checkology	15.149858
Fri Nov 30 01:36:21 +0000 2018	@jokowi Ay don rit wat ay writ et twit..itis taim	15.048252
Sat Nov 24 06:19:32 +0000 2018	@jokowi Good job mr president of Indonesia @jokowi #Jokowi2Periode	15.030592
Sun Dec 02 05:42:36 +0000 2018	@jokowi Nah yok rame rame !!!	14.945481
Mon Dec 03 03:32:24 +0000 2018	@jokowi Our President and his parliament already did a tremendous outcome at least they have progressed those plan. We are as valuable citizens have to contribute more to the nation, principally for the notion of teenager. it will initiate to be better Indonesia.	14.880447
Sun Dec 02 13:02:49 +0000 2018	@jokowi @Pak_JK @prabowo @sandiuno @KHMarufAmin_ @AbeShinzo @JPN_PMO @CCMofa_Japan @CANJapan_org @ClimateT_G20 @erickthohir @sudirmansaid @dewanenergi @BappenasRI @PerekonomianRI @jonan_ignasius @KementerianESDM @djebtke @Amran_Sulaiman1 @kementan @tomlembong @Dr_Moeldoko @KSPgoid @pramonoanung @BamsoetQuotes @akbarfaizal68 @MMisbakhun @Masinton @budimandjatmiko @evndari @riekediahp @EkoSandjojo @info_Mekkah @Kadir_Karding @ZUL_Hasan @fadlizon @Fahrihamzah @Yusrilihza_Mhd @SBYudhoyono @hincapandjaitan @msi_sohibuliman @jokowi Indonesia now requires a presidential candidate who have bravery to swear not to import rice, creates a regulation which could stimulate Waste-Energy Exchange concept to produce electric, and high quality &amp; cheap rice for peoples during his leadership	14.619201
Sat Dec 01 15:44:54 +0000 2018	@jokowi To fulfill rice husk requirement, reaches 500 ton/day a RHPP creates an Eco Industrial Cluster/Estate with local farmers&amp;rice mill industries to strengthen Thailand rice industries. Thailand rice import  (January-August 2018) was 7,1 million ton, 735.530 ton to Indonesia	14.513729
Thu Nov 22 14:23:08 +0000 2018	@jokowi Safe Flight Pakdhe ❤🇮🇩 https://t.co/ed3Qn5jqSG	14.394287
Mon Dec 10 09:17:47 +0000 2018	@jokowi I let to get rich people outside if i have to be slut than many people here underestimate me by give pain uncountable or violences every year but nation never have opportunity for life time	13.901283
Mon Dec 10 09:19:13 +0000 2018	@jokowi I let to get rich people outside (last priority )if i have to be slut than many people here underestimate me by give pain uncountable or violences every year but nation never have opportunity for life time	13.848709
Sun Dec 09 10:03:58 +0000 2018	@jokowi Go two periode...	13.663864
Mon Dec 10 12:08:31 +0000 2018	@jokowi Defending Positive from Negative or Negative from Positive by force, by giving length to the distance, or by other means is no longer a solution. Bringing the two forces close to the limit they get a strength and reach the state of UNITY may be the TARGET and HOME please.	13.606155
Fri Dec 07 06:12:29 +0000 2018	@jokowi Nice job.	13.523787
Mon Dec 10 09:21:28 +0000 2018	@jokowi I let to get rich people outside (last priority )if i have to be slut than many people here underestimate me by give pain uncountable or violences every year but nation never have highest n profitable brand opportunity for life time	13.446887
Wed Nov 07 08:02:09 +0000 2018	@jokowi @arifsetia20132d get a T-shirt design a cup of a coffee price. more info ..https://t.co/umyrQUbHp0	12.914277
Mon Dec 10 12:23:56 +0000 2018	"@KremlinRussia_E   OUT LAW HUNTING OUT LAW CAN BE RESULT IF THERE IS, WAS ""OKNUM PENEGAK HUKUM TERLIBAT. ""  @jokowi  @prabowo  @ganjarpranowo  @dwnews"	12.749944
Fri Dec 07 15:11:54 +0000 2018	@jokowi I have empty felt. I wonder why difficult to find good people. Do not judge me i can fall in love easier if once time they hurt me .I say i want my honors	12.49853
Wed Nov 07 00:29:12 +0000 2018	"@jokowi Have you seen the movie ""Pain and Gain""? These perpetrators most likely watched this movie. They carried out acts very similar to this. I happened to be a target of this group."	12.305687
Tue Dec 11 22:55:02 +0000 2018	@jokowi Love ur job so much.	12.241179
Sat Dec 01 09:41:03 +0000 2018	"@jokowi Dear Mr. President  What's Up with Indonesia till have needed wrote ""proclaimation"" to need freedom of other country who ever build education n' government in this country?"	11.8538685
Fri Nov 23 00:35:52 +0000 2018	@jokowi Nek Ono presiden yo, pasare rame	11.529921
Wed Dec 05 06:32:37 +0000 2018	@jokowi great job my president @jokowi😍😍	11.513229
Sun Dec 09 03:04:03 +0000 2018	@jokowi Awesome.. two thumbs up for your statement Mr. President	11.36303
Sat Dec 08 07:01:53 +0000 2018	@jokowi @kaesangp refresing to become strougle in activities	11.344153
Sun Dec 09 05:39:20 +0000 2018	@jokowi in love with all things in this photo. The person, how they dress up, their expression.... huh	11.15052
Sun Dec 02 09:24:04 +0000 2018	2014 @jokowi promised to stop rice import https://t.co/shhN79sScT @Pak_JK @prabowo @sandiuno @khmarufamin_ @AbeShinzo @JPN_PMO @CCMofa_Japan @CANJapan_org @ClimateT_G20 @erickthohir @sudirmansaid #G20 #G20Summit2018 #UNFCCC #COP24japan #JapanPavilion #TakeYourSeat	11.102097
Tue Nov 27 16:41:27 +0000 2018	@jokowi the selfie hes change the wood	11.06911
Sat Dec 01 15:44:50 +0000 2018	2014 @jokowi promised to stop Indonesia rice import https://t.co/DRQNWBhHVN. @Pak_JK @prabowo @sandiuno @khmarufamin_ @AbeShinzo @JPN_PMO @CCMofa_Japan @CANJapan_org @ClimateT_G20 @erickthohir @sudirmansaid #G20 #G20Summit2018 #UNFCCC #COP24japan #JapanPavilion #TakeYourSeat	10.965824
Sun Dec 02 08:50:09 +0000 2018	2014 @jokowi promised to stop Indonesia rice import https://t.co/shhN79sScT @Pak_JK @prabowo @sandiuno @khmarufamin_ @AbeShinzo @JPN_PMO @CCMofa_Japan @CANJapan_org @ClimateT_G20 @erickthohir @sudirmansaid #G20 #G20Summit2018 #UNFCCC #COP24japan #JapanPavilion #TakeYourSeat	10.965824
Sun Dec 02 13:59:53 +0000 2018	2014 @jokowi promised to stop Indonesia rice import https://t.co/shhN79sScT @Pak_JK @prabowo @sandiuno @khmarufamin_ @AbeShinzo @JPN_PMO @CCMofa_Japan @ClimateT_G20 #G20 #G20Summit2018 #UNFCCC #COP24japan #JapanPavilion #TakeYourSeat #Katowice #ClimateAction #ClimateChange	10.965824
Tue Dec 11 12:40:20 +0000 2018	@jokowi Are u ready ?? Kita bikin rame...🤩🤩	10.864065
Sun Dec 02 12:53:05 +0000 2018	@jokowi 2014 @jokowi promised to stop Indonesia rice import https://t.co/shhN79sScT @Pak_JK @prabowo @sandiuno @khmarufamin_ @AbeShinzo @JPN_PMO @CCMofa_Japan @CANJapan_org @ClimateT_G20 @erickthohir @sudirmansaid #G20 #G20Summit2018 #UNFCCC #COP24japan #JapanPavilion #TakeYourSeat	10.832859
Sun Dec 02 23:14:52 +0000 2018	@UN 2014 @jokowi promised to stop Indonesia rice import https://t.co/shhN79sScT @Pak_JK @prabowo @sandiuno @khmarufamin_ @AbeShinzo @JPN_PMO @CCMofa_Japan @ClimateT_G20 #G20 #G20Summit2018 #UNFCCC #COP24japan #JapanPavilion #TakeYourSeat #Katowice #ClimateAction #ClimateChange	10.832859
Thu Dec 06 02:44:12 +0000 2018	@jokowi I just wanna know. Who plays. Why your letter haven't arrived ?	10.759128
Sat Dec 01 16:04:39 +0000 2018	@kato_oecc @OECC_Japan 2014 @jokowi promised to stop Indonesia rice import https://t.co/DRQNWBhHVN. @Pak_JK @prabowo @sandiuno @khmarufamin_ @AbeShinzo @JPN_PMO @CCMofa_Japan @CANJapan_org @ClimateT_G20 @erickthohir @sudirmansaid #G20 #G20Summit2018 #UNFCCC #COP24japan #JapanPavilion #TakeYourSeat	10.703078
Tue Dec 04 02:13:48 +0000 2018	@JPN_PMO 2014 @jokowi promised to stop Indonesia rice import https://t.co/shhN79sScT @Pak_JK @prabowo @sandiuno @khmarufamin_ @AbeShinzo @CCMofa_Japan @ClimateT_G20 #G20 #G20Summit2018 #UNFCCC #COP24 #COP24japan #JapanPavilion #Katowice #TakeYourSeat #ClimateAction #ClimateChange #KLHK	10.703078
Sat Dec 08 05:45:22 +0000 2018	@jokowi @kaesangp JAN ETHESS 😍😍😍😍	10.667616
Tue Dec 04 02:19:10 +0000 2018	@JPN_PMO @jokowi @Pak_JK @prabowo @sandiuno @KHMarufAmin_ @AbeShinzo @CCMofa_Japan @ClimateT_G20 @CANJapan_org @350_Japan @erickthohir @sudirmansaid @dewanenergi @BappenasRI @PerekonomianRI @jonan_ignasius @KementerianESDM @djebtke @Amran_Sulaiman1 @kementan @tomlembong @Dr_Moeldoko @KSPgoid @Masinton @pramonoanung @budimandjatmiko @evndari @riekediahp @EkoSandjojo @info_Mekkah @Kadir_Karding @ZUL_Hasan @fadlizon @Fahrihamzah @Yusrilihza_Mhd @SBYudhoyono @hincapandjaitan @saididu @jokowi To fulfill rice husk requirement, reaches 500 ton/day a RHPP creates an Eco Industrial Cluster/Estate with local farmers&amp;rice mill industries to strengthen Thailand rice industries. Thailand rice import  (January-August 2018) was 7,1 million ton, 735.530 ton to Indonesia	10.599054
Tue Dec 04 15:38:02 +0000 2018	@GCF_News @CCMofa_Japan 2014 @jokowi promised to stop Indonesia rice import https://t.co/shhN79sScT @Pak_JK @prabowo @sandiuno @khmarufamin_ @AbeShinzo @JPN_PMO @ClimateT_G20 #G20 #G20Summit2018 #UNFCCC #COP24 #COP24japan #RE100 #TakeYourSeat #ClimateAction #ClimateChange #KLHK #TalanoaDialogue	10.57637
Mon Dec 03 07:03:18 +0000 2018	@UNECOSOC @UN 2014 @jokowi promised to stop Indonesia rice import https://t.co/shhN79sScT @prabowo @sandiuno @khmarufamin_ @AbeShinzo @JPN_PMO @CCMofa_Japan @ClimateT_G20 #G20Summit2018 #UNFCCC #COP24 #COP24japan #JapanPavilion #Katowice #TakeYourSeat #ClimateAction #ClimateChange #KLHK #G20	10.57637
Mon Dec 10 11:55:39 +0000 2018	@jokowi Indeed,  Let's positively contribute to our lovely country base on our own background. We are rock !!!	10.4489155
Sun Dec 02 12:58:24 +0000 2018	@jokowi @Pak_JK @prabowo @sandiuno @KHMarufAmin_ @AbeShinzo @JPN_PMO @CCMofa_Japan @CANJapan_org @ClimateT_G20 @erickthohir @sudirmansaid @dewanenergi @BappenasRI @PerekonomianRI @jonan_ignasius @KementerianESDM @djebtke @Amran_Sulaiman1 @kementan @tomlembong @Dr_Moeldoko @KSPgoid @pramonoanung @BamsoetQuotes @akbarfaizal68 @MMisbakhun @Masinton @budimandjatmiko @evndari @riekediahp @EkoSandjojo @info_Mekkah @Kadir_Karding @ZUL_Hasan @fadlizon @Fahrihamzah @Yusrilihza_Mhd @SBYudhoyono @hincapandjaitan @msi_sohibuliman @jokowi To fulfill rice husk requirement, reaches 500 ton/day a RHPP creates an Eco Industrial Cluster/Estate with local farmers&amp;rice mill industries to strengthen Thailand rice industries. Thailand rice import  (January-August 2018) was 7,1 million ton, 735.530 ton to Indonesia	10.290655
Fri Dec 07 04:41:41 +0000 2018	@jokowi Haters gonna be hate #01JokowiLagi Cause Jokowi is da best	10.270919
Mon Dec 03 01:09:16 +0000 2018	@GlobalGoalsUN @antonioguterres @UN_Spokesperson @UN @UNFCCC 2014 @jokowi promised to stop Indonesia rice import https://t.co/shhN79sScT @Pak_JK @prabowo @sandiuno @khmarufamin_ @AbeShinzo @JPN_PMO @CCMofa_Japan @ClimateT_G20 #G20 #G20Summit2018 #UNFCCC #COP24japan #JapanPavilion #TakeYourSeat #Katowice #ClimateAction #ClimateChange #KLHK	10.213632
Tue Dec 11 23:42:01 +0000 2018	"@jokowi @prabowo @DPR_RI Obviously a good start. This has been expressed numerous times previously. Yet it would absolutely require Independent Decisive Leadership Nation widely. Let us strive to come up with CONSTITUTIONALIZED ""20YrsRenBangNas"" i.e. ONE Collective Goals for All."	9.995552
Tue Dec 04 13:20:58 +0000 2018	@jokowi should immediately review the head count in regulators and ministries around the country.. the reason for over regulation in Indonesia is because of too many people in regulatory bodies.. reduce the head count and see how regulations are streamlined!! @kompascom @jakpost	9.914749
Wed Nov 07 01:10:55 +0000 2018	@jokowi rather than Basketball like in PBA or NBA and we have FIBA.Your personal ambition beyond compare reaches the Highest Office of the Land of Indonesia leaned on its National Language Bahasa Indonesia your mask but shall not drag them to demean the people who...	9.850687
Sun Dec 09 11:23:48 +0000 2018	@jokowi Jokowi is so good at throwing shades lol😂😂😂	9.765991
Wed Dec 05 02:33:20 +0000 2018	@jokowi Its never too late, to create the best your life! #KitaIndonesia #IndonesiaMaju	9.739187
Mon Dec 03 03:33:19 +0000 2018	@jokowi Our President and his parliament already did a tremendous outcome at least they have progressed of those plan. We are as valuable citizens have to contribute more to the nation, principally for the notion of teenager. it will initiate to be better Indonesia.	9.526793
Mon Nov 26 06:55:38 +0000 2018	@jokowi Action pak	9.42309
Sun Dec 02 04:18:03 +0000 2018	@jokowi Any leaders limit me too! To kick (Perindo in surabaya - jakarta) 25 % + 12 %	8.946581
Fri Dec 07 09:35:04 +0000 2018	@jokowi param sir president,  viewed n document on tv,  shearing noble lakri treespecies trunks after div. years flooded(waterturbine dam) special compressure aircraft chainsaw led by diver.  very precious karma act.  bodhiq gonggg.  on ghana one lake with toomany trunks as safe sailing https://t.co/EW7uJxrzFA	8.921928
Wed Nov 21 14:50:16 +0000 2018	@jokowi I like ur systematic approach! Indonesia is on the right path! #gojokowi	8.876247
Fri Nov 09 05:33:19 +0000 2018	@jokowi Great Person	8.812957
Thu Nov 22 21:18:52 +0000 2018	@jokowi convers @MoonJaeIn365. The symbol of bilateral familiarity. https://t.co/RvZHhdsot3	8.721465
Fri Nov 09 04:58:36 +0000 2018	@Jokowi Philippines is increasing tobacco taxes to finance #UHC. So should you https://t.co/tkuLNw7HYs	8.558133
Mon Dec 03 03:35:03 +0000 2018	@jokowi Our President and his parliament already did a tremendous outcome at least they have progressed of those plans. We are as valuable citizens have to contribute more to the nation, principally for the notion of teenager and their execution. it will initiate to be better Indonesia.	8.314774
Fri Dec 07 10:21:43 +0000 2018	@jokowi ONE MORE ACTION https://t.co/IRhNnijj6f	8.268015
Mon Dec 03 12:47:56 +0000 2018	@jokowi LOL sir	8.179215
Mon Dec 10 09:15:41 +0000 2018	@jokowi I let to get rich people outside if i have to be slut than many people here underestimate me by give pain anytime or violences every year	8.025433
Sat Dec 01 09:51:32 +0000 2018	@jokowi I hope this country Republic should take by Nederland and China and England government too take apart of the country in Indonesia land! Thank You..	7.9306297
Sun Dec 09 12:51:47 +0000 2018	"@jokowi ""be specific, Bob!"" https://t.co/pdT8idihSJ"	7.9106994
Sun Dec 09 10:24:22 +0000 2018	@jokowi Credit for @dr_tompi 👏👏👏👏 https://t.co/QDgmD6Q3sD	7.9016285
Sat Nov 10 14:01:07 +0000 2018	@jokowi A good head and a good heart are always a formidable combination (Nelson Mandela). Thank you my Mr. President @jokowi. Selamat Hari Pahlawan. #HariPahlawan	7.8280363
Fri Dec 07 08:01:44 +0000 2018	@jokowi how many people love Jokowi??	7.403492
Tue Dec 04 10:24:55 +0000 2018	@jokowi @PolhukamRI  @DivHumas_Polri  they have fought day and night for their lives and country....don't play with terrorist or terrorist supporters..	7.3306856
Thu Dec 06 00:11:26 +0000 2018	@jokowi we do not want separatism.military approach.i am afraid getting worst.diplomacy through the https://t.co/vbeybKJU17 and dialog with them first. We are against if separatism supported by outside power. In running text the weapons are NATO standard???😎	6.9975233
Fri Nov 23 06:22:00 +0000 2018	@jokowi salut pak Presiden, you know how to start.	6.762162
Tue Nov 27 06:13:25 +0000 2018	@jokowi Oke google. How to be mas mas itu?	6.762162
Wed Nov 07 00:46:55 +0000 2018	@jokowi Spanish Prayle like Father Damaso in Noli Me Tangere therefore My Surname Dino is original Spanish Surname unlike two of Our former Presidents President Diosdado Macapagal father of Our former President Gloria Macapagal Arroyo and President Ramon Magsaysay...	6.647813
Sat Nov 24 09:34:51 +0000 2018	@jokowi how i wish can take some honeymoon there ahahaha	6.5723844
Sat Dec 08 14:20:59 +0000 2018	@jokowi @kaesangp have fun Mr. President.. you and your family deserve it. it ain't spend a lot of money by doing so for family quality time.. you may have a good time Mr. President	6.4449806
Mon Nov 26 19:33:40 +0000 2018	@jokowi I Will Create Linkedin Business Page https://t.co/SNfkbyvTcr #GivingTuesday	6.3978357
Mon Nov 26 05:27:55 +0000 2018	@jokowi 😍 babe @jokowi #jokowiidaman #jokowiselaludihati #jokowimantul	6.269477
Mon Dec 10 08:54:48 +0000 2018	@eucopresident @theresa_may How to take my rights from sexual abuse in indonesia @jokowi @aburizalbakrie	5.909042
Tue Dec 11 18:39:46 +0000 2018	@jokowi Which you like chinese trump?  michelle singer ? or chris brown? do not let CEO affects everyone but let that dictactor can follow everyone	5.8533764
Mon Dec 03 01:14:43 +0000 2018	@jokowi psi.younggenereation.program2 me manusiakan the pooryoung.educati on.library.the essence og religion. science.wise humanity politic. youthpeacekeepingforce.diplomatic courses. All base on PANCASILA.hi grace not to political.Ayo herr prabowo auch. sandi getting wiser🤣	5.8354373
Sun Dec 09 06:20:08 +0000 2018	@jokowi Friend to be friend.,  #01jokowilagi	5.792445
Sun Dec 09 03:23:35 +0000 2018	@jokowi Kaesang where are you,here i am here i am how do you do	5.7636137
Sat Nov 10 11:56:52 +0000 2018	@jokowi Quarter by quarter the #Indonesia #economy is going into hiding... https://t.co/q3VkPgeKZ7	5.7445855
Fri Nov 30 11:51:49 +0000 2018	@jokowi Asmlkm my President. I hope you do not hesitate to continue your JOBS since now on till 2nd period...👐 Amin YRA...Merdeka. Wlkmslm..Wr.Br..	5.6322975
Thu Dec 06 02:44:56 +0000 2018	@jokowi hello dear president, how are you, longtime not meet you. Can you please follow my twitter @PraticCnc	5.367325
Thu Nov 29 14:18:22 +0000 2018	@jokowi hmmm. i smell bulshit😷	5.2970133
Thu Nov 22 01:31:45 +0000 2018	@jokowi Learn more about Islam and how Indonesia is an insult to Islam; https://t.co/p8Q68ey7NM https://t.co/HM4G65MVlH	5.2470675
Mon Dec 10 03:34:08 +0000 2018	@jokowi lower then the older	5.158484
Fri Nov 30 12:56:43 +0000 2018	@jokowi Friend means togetherness	5.0188274
Mon Dec 03 06:50:54 +0000 2018	@jokowi Under your leadership lot of criminals have been produced &amp; supported in Indonesia. What a horrible leadership you have provided. Your nation speaks lot of lies by the way. Did you notice that or not? Shame on you.	4.923986
Mon Dec 03 08:04:46 +0000 2018	@jokowi So beautiful my country..I'm very proud of it	4.846138
Wed Nov 07 18:18:36 +0000 2018	@jokowi Good	4.8250813
Tue Nov 27 10:59:15 +0000 2018	@jokowi @TheEconomist @BarackObama @Ocasio2018  Whenever I propose a 'truce' or give a call for 'peace', I have already thought about the relief and solutions.  [Unless I am serious, I never invest so much energy in it]	4.7751465
Sun Dec 09 12:54:44 +0000 2018	@jokowi Mari kita saling menghormati setiap profesi, apapun itu ... Sehat terus Pakde ... highly appreciated since you are a very humble person. You always respect everyone 😊😉 https://t.co/J9njndeBEm	4.663482
Wed Nov 07 05:04:28 +0000 2018	@jokowi Good #IndonesiaMakinMaju	4.6565604
Wed Nov 07 10:26:10 +0000 2018	@jokowi Looks good	4.6565604
Sat Dec 01 09:16:49 +0000 2018	@jokowi @wahhabicc_jabar Good	4.6565604
Fri Dec 07 07:59:24 +0000 2018	@jokowi Good vision	4.6565604
Fri Dec 07 09:45:57 +0000 2018	@jokowi Good Mister,,	4.6565604
Fri Nov 30 00:06:07 +0000 2018	@jokowi Good pak	4.6565604
Sun Dec 09 02:22:22 +0000 2018	@jokowi Good one	4.6565604
Tue Dec 11 01:34:54 +0000 2018	@jokowi Good pak...	4.6565604
Mon Dec 10 02:53:50 +0000 2018	@jokowi Good family	4.6565604
Thu Dec 06 10:42:18 +0000 2018	@jokowi @addiems @basuki_btp pls help this man input some positive into his brain. Miris liatnya 😑	4.6411343
Wed Nov 07 11:28:43 +0000 2018	@jokowi Waowww ... that's good	4.4994135
Fri Nov 09 14:04:28 +0000 2018	@jokowi Very good, congratulations	4.4994135
Tue Nov 27 08:48:03 +0000 2018	@jokowi Good my presiden	4.4994135
Thu Nov 29 03:59:46 +0000 2018	@jokowi Good👍🙏	4.4994135
Sun Dec 02 12:57:32 +0000 2018	@jokowi Good exercise today.	4.4994135
Sun Dec 09 12:03:22 +0000 2018	@jokowi Good luck Mr.president	4.4994135
Sat Dec 08 03:46:59 +0000 2018	@jokowi Day afther day trees on Samosir Island get chainsawed.Saterday,sunday's,day afther day,it never stop.Tourist coming for holiday,not to be disturbed by chainsaws.	4.3763494
Sat Nov 24 12:24:26 +0000 2018	@jokowi Good luck pa presiden	4.352527
Fri Dec 07 06:12:36 +0000 2018	@jokowi Very good Mr president.	4.352527
Fri Dec 07 03:08:13 +0000 2018	@jokowi Dear Mr. President, wish you always be brave whatever happening in our lovely country!	4.249792
Thu Dec 06 10:46:34 +0000 2018	@jokowi @mohmahfudmd  @addiems @basuki_btp pls help this man input some positive into his brain. Miris liatnya 😑 https://t.co/5fEiSGjWxQ	4.234302
Fri Nov 09 15:26:22 +0000 2018	@jokowi https://t.co/w1EoQdIo4T Good*****Good Night 💤🌙 😊 Sweet Dream 🌠🌠🌠🌠🌠🌠🌠	4.1438637
Sat Nov 24 01:44:01 +0000 2018	@jokowi You are Good president !! #sallam1jempol #2019TetapJokowi	4.085763
Mon Nov 26 07:24:52 +0000 2018	@jokowi Good my President...👍👍👍	4.085763
Mon Dec 03 04:45:50 +0000 2018	@jokowi good bless u mr.president💕🙏	4.085763
Tue Dec 11 01:40:03 +0000 2018	@jokowi Good words👍👍🇮🇩🇮🇩	4.085763
Wed Nov 07 01:17:13 +0000 2018	@jokowi Sarawak,Indonesia.I don't think King Salman of Saudi Arabia shall agree with you.Please don't pass...	4.024669
Fri Nov 23 14:11:20 +0000 2018	@jokowi Good luck dan God Bless you all....	3.9642782
Thu Nov 22 06:11:48 +0000 2018	@jokowi good president, help to follow my twitter @PraticCnc	3.849809
Fri Nov 09 10:43:25 +0000 2018	@jokowi @basuki_btp @LuhutBinsar @wiranto1947 @tjahjo_kumolo @susipudjiastuti  always be the best my friends! You too!  https://t.co/FmC5qMxsHH	3.7375803
Tue Dec 04 14:53:18 +0000 2018	@jokowi @JapanGov @punm_ooo Aranyaka shishy Sadhaka Aranyanaadnatha whirl buds longing pouration complimentcomplementation  planter's treasures jap. microbes on fielding n ceremony flora plus rep. Georgia medical microbes presence pure in heaven's LAW saikee saik  POOJ shy	3.7179227
Sun Dec 09 02:43:05 +0000 2018	@jokowi thats why i choose you, sir. a good family leader.	3.6396208
Sun Dec 09 12:46:56 +0000 2018	@jokowi Good Guy @jokowi #PositiveVibes cc @TsamaraDKI @AntoniRaja https://t.co/S5hnxyHxa7	3.6396208
Sat Dec 08 01:23:55 +0000 2018	@jokowi good morning president, can you please follow me at @PraticCnc	3.6396208
Wed Dec 05 04:44:46 +0000 2018	@jokowi Sory Pak + but like City kita motor already very many + City solid + not sesuai + maybe + sory great bagi sartifikat true + but people which want buat lama again how to + success sory P. Joko great 👍🍁	3.6357317
Thu Nov 08 04:04:48 +0000 2018	@jokowi good news for indonesian electrical motor project..but look like VARIO	3.5429044
Wed Dec 12 02:47:28 +0000 2018	@jokowi Great post Good morning for #Indonesia  Greetings night from #ChicagoIL US	3.5429044
Sat Nov 24 15:47:26 +0000 2018	@jokowi @Aryprasetyo85 So proud of you Mr. PRESIDENT. You really the best President ever that we had have.God always blessing you with health and longevity, Amen. How Blessed I am as Indonesian people that God gave You as our Mr. President. #01JokowiLagi	3.445321
Thu Dec 06 15:14:13 +0000 2018	@jokowi Contrast with Indonesia which still electrify peoples with import &amp; dirty energy source Thailand through the Feed in Tariff &amp; Rice Mill Energy Conservation/RMEC Scheme since early 2000 has been electrifying peoples &amp; rice mill industries with Rice Husk Power Plant (RHPP)	3.429213
Sun Dec 09 11:26:38 +0000 2018	@jokowi @TokYam591786 It's leadership by example, Pak👍🏻 good parenting starts with us too	3.3641138
Sat Dec 01 15:44:53 +0000 2018	@jokowi Contrast with Indonesia which still electrify its people with import&amp;dirty energy source Thailand through the Feed in Tariff&amp;Rice Mill Energy Conservation/RMEC Scheme since early 2000 has been electrifying its people&amp;rice mill industries with Rice Husk Power Plant (RHPP)	3.3602643
Mon Dec 03 02:26:20 +0000 2018	@jokowi Live to serve, serve all your people of the country, you will alive in the heart of the people, ever...😊😊😊😊👍	3.3443894
Sun Dec 02 13:59:57 +0000 2018	@jokowi Contrast with Indonesia which still electrify its people with import&amp;dirty energy source Thailand through the Feed in Tariff&amp;Rice Mill Energy Conservation/RMEC Scheme since early 2000 has been electrifying its people&amp;rice mill industries with Rice Husk Power Plant (RHPP) https://t.co/cTi7OP4iQv	3.294033
Tue Dec 11 01:35:33 +0000 2018	@jokowi Congratulations Good point and God bless #PresidentRI &amp; May God keep and Bless #Indonesians	3.2813191
Fri Dec 07 07:06:08 +0000 2018	@jokowi i never met SKorea companies n Gov.	3.2052748
Wed Nov 28 03:58:37 +0000 2018	@jokowi PUSH - Pray Until Something Happen... For the Lord He is good and nothing is impossible.... Indonesia bangkit, #JokowiPresidenku	2.987241
Sun Dec 09 07:15:13 +0000 2018	@jokowi What the sweetest words ever! God bless you Mr. Jokowi and family. Thanks for everything that you have done to this country, proud to be Indonesian🇮🇩  wait what, where's the pisang man one?	2.9853313
Sat Nov 24 20:41:41 +0000 2018	@jokowi I hope that Indonesia will be more advanced, more prosperous, I will support this presidential candidate. Jokowi is the heart of Indonesia if there is no Indonesian Jokowi, so what if there is no president, what will our country live	2.8256378
Mon Dec 03 05:08:25 +0000 2018	@jokowi Just wanted to let you guys know, my mom cried seeing this	2.790427
Sun Dec 02 12:56:53 +0000 2018	@jokowi @Pak_JK @prabowo @sandiuno @KHMarufAmin_ @AbeShinzo @JPN_PMO @CCMofa_Japan @CANJapan_org @ClimateT_G20 @erickthohir @sudirmansaid @dewanenergi @BappenasRI @PerekonomianRI @jonan_ignasius @KementerianESDM @djebtke @Amran_Sulaiman1 @kementan @tomlembong @Dr_Moeldoko @KSPgoid @pramonoanung @BamsoetQuotes @akbarfaizal68 @MMisbakhun @Masinton @budimandjatmiko @evndari @riekediahp @EkoSandjojo @info_Mekkah @Kadir_Karding @ZUL_Hasan @fadlizon @Fahrihamzah @Yusrilihza_Mhd @SBYudhoyono @hincapandjaitan @msi_sohibuliman @jokowi Contrast with Indonesia which still electrify its people with import&amp;dirty energy source Thailand through the Feed in Tariff&amp;Rice Mill Energy Conservation/RMEC Scheme since early 2000 has been electrifying its people&amp;rice mill industries with Rice Husk Power Plant (RHPP) https://t.co/sCe5V32263	2.3626647
