created_at	text	_score
Wed Dec 05 08:06:20 +0000 2018	@jokowi The #ClimateCrisis is a health crisis. Leading scientists agree: We must slash greenhouse gas emissions by 2030 to avert disaster. Join me in demanding leaders increase their commitments to action: https://t.co/Wyvwa1pXz0. #24HoursofReality. https://t.co/NrqP8ZZOx7	207.98193
Wed Dec 05 16:07:52 +0000 2018	@jokowi The #ClimateCrisis is a health crisis. Leading scientists agree: We must slash greenhouse gas emissions by 2030 to avert disaster. Join me in demanding leaders increase their commitments to action: https://t.co/I0K4QJXDlT. #24HoursofReality. https://t.co/OlUGo4RxhW	207.98193
Wed Dec 05 11:51:52 +0000 2018	@jokowi The #ClimateCrisis is a health crisis. Leading scientists agree: We must slash greenhouse gas emissions by 2030 to avert disaster. Join me in demanding leaders increase their commitments to action: https://t.co/FmyaftxPJG. #24HoursofReality. https://t.co/p9hXYcJ8br	207.98193
Tue Dec 04 22:16:02 +0000 2018	@jokowi The #ClimateCrisis is a health crisis. Leading scientists agree: We must slash greenhouse gas emissions by 2030 to avert disaster. Join me in demanding leaders increase their commitments to action: https://t.co/AwhLtrewzv. #24HoursofReality. https://t.co/STG8oO5YzV	207.98193
Wed Dec 05 02:06:26 +0000 2018	@jokowi The #ClimateCrisis is a health crisis. Leading scientists agree: We must slash greenhouse gas emissions by 2030 to avert disaster. Join me in demanding leaders increase their commitments to action: https://t.co/c0JV1iVQWx. #24HoursofReality. https://t.co/HyCr5zay0C	207.98193
Wed Dec 05 05:31:59 +0000 2018	@jokowi The #ClimateCrisis is a health crisis. Leading scientists agree: We must slash greenhouse gas emissions by 2030 to avert disaster. Join me in demanding leaders increase their commitments to action: https://t.co/FVDjP7D27n. #24HoursofReality. https://t.co/W5wdtkxASb	207.98193
Tue Dec 04 07:51:28 +0000 2018	@jokowi The #ClimateCrisis is a health crisis. Leading scientists agree: We must slash greenhouse gas emissions by 2030 to avert disaster. Join me in demanding leaders increase their commitments to action: https://t.co/de2NFIswEc. #24HoursofReality. https://t.co/ACRFd8Tvwi	207.98193
Mon Dec 03 23:20:32 +0000 2018	@jokowi The #ClimateCrisis is a health crisis. Leading scientists agree: We must slash greenhouse gas emissions by 2030 to avert disaster. Join me in demanding leaders increase their commitments to action: https://t.co/2gMt6RP0KS. #24HoursofReality. https://t.co/YAs3xZXYgt	207.98193
Tue Dec 04 16:15:48 +0000 2018	@jokowi The #ClimateCrisis is a health crisis. Leading scientists agree: We must slash greenhouse gas emissions by 2030 to avert disaster. Join me in demanding leaders increase their commitments to action: https://t.co/7PiEksclzA. #24HoursofReality. https://t.co/sQnpYF2IEa	207.98193
Tue Dec 04 18:51:44 +0000 2018	@jokowi The #ClimateCrisis is a health crisis. Leading scientists agree: We must slash greenhouse gas emissions by 2030 to avert disaster. Join me in demanding leaders increase their commitments to action: https://t.co/osKw1rJzvT. #24HoursofReality. https://t.co/GXBFwm925d	207.98193
Tue Dec 04 17:57:15 +0000 2018	@jokowi The #ClimateCrisis is a health crisis. Leading scientists agree: We must slash greenhouse gas emissions by 2030 to avert disaster. Join me in demanding leaders increase their commitments to action: https://t.co/JTsnR9mfSn. #24HoursofReality. https://t.co/86GeG0xtmN	207.98193
Fri Dec 07 04:46:44 +0000 2018	@jokowi The #ClimateCrisis is a health crisis. Leading scientists agree: We must slash greenhouse gas emissions by 2030 to avert disaster. Join me in demanding leaders increase their commitments to action: https://t.co/XBwfZIhDWo. #24HoursofReality. https://t.co/4T1YmT7ipt	207.98193
Sat Dec 01 15:44:55 +0000 2018	@jokowi RMEC Scheme makes Thailand rice mill industries more efficient. With Specific Energy Consumption Average of 19,5 kWh/ton&amp;Specific Cost Average of USD 2,37/ton (2016) Thailand rice mill industries are able to produce high quality&amp;cheap rice&amp;makes rice as an export product	196.53195
Fri Dec 07 09:19:44 +0000 2018	@jokowi @MBuhari @CyrilRamaphosa @narendramodi Pumping approx 1% GDP into your public health systems focussing on providing universal FREE PHC services will enable you to win big in 2019. #UHC is a proven vote winner. @DrTedros	182.33913
Thu Dec 06 15:14:13 +0000 2018	@jokowi Contrast with Indonesia which still electrify peoples with import &amp; dirty energy source Thailand through the Feed in Tariff &amp; Rice Mill Energy Conservation/RMEC Scheme since early 2000 has been electrifying peoples &amp; rice mill industries with Rice Husk Power Plant (RHPP)	174.79445
Sun Dec 02 09:24:04 +0000 2018	@jokowi Indonesia new &amp; renewable energy development handicap   https://t.co/34FYs7m5vf @Masinton @budimandjatmiko @evndari @riekediahp @EkoSandjojo @info_Mekkah @Kadir_Karding @ZUL_Hasan @fadlizon @Fahrihamzah @Yusrilihza_Mhd @SBYudhoyono @hincapandjaitan @msi_sohibuliman	171.97958
Sun Dec 02 13:59:54 +0000 2018	@jokowi Indonesia new &amp; renewable energy development handicap   https://t.co/34FYs7m5vf @Masinton @budimandjatmiko @evndari @riekediahp @EkoSandjojo @info_Mekkah @Kadir_Karding @ZUL_Hasan @fadlizon @Fahrihamzah @Yusrilihza_Mhd @SBYudhoyono @hincapandjaitan @msi_sohibuliman	171.97958
Sat Dec 01 15:44:53 +0000 2018	@jokowi Contrast with Indonesia which still electrify its people with import&amp;dirty energy source Thailand through the Feed in Tariff&amp;Rice Mill Energy Conservation/RMEC Scheme since early 2000 has been electrifying its people&amp;rice mill industries with Rice Husk Power Plant (RHPP)	171.66153
Sat Dec 01 15:44:51 +0000 2018	@jokowi Indonesia new &amp; renewable energy development handicap  https://t.co/WqRltMS7Vf @Masinton @budimandjatmiko @evndari @riekediahp @EkoSandjojo @eae18 @info_Mekkah @Kadir_Karding @ZUL_Hasan @fadlizon @Fahrihamzah @Yusrilihza_Mhd @SBYudhoyono @hincapandjaitan @msi_sohibuliman	170.88739
Thu Dec 06 15:14:11 +0000 2018	@jokowi Indonesia new &amp; renewable energy development handicap    https://t.co/34FYs7m5vf  @Dr_Moeldoko @KSPgoid @evndari @Masinton @pramonoanung @budimandjatmiko @riekediahp @EkoSandjojo @Kadir_Karding @ZUL_Hasan @fadlizon @Fahrihamzah @Yusrilihza_Mhd @SBYudhoyono @RamliRizal	170.88739
Sun Dec 02 13:59:57 +0000 2018	@jokowi Contrast with Indonesia which still electrify its people with import&amp;dirty energy source Thailand through the Feed in Tariff&amp;Rice Mill Energy Conservation/RMEC Scheme since early 2000 has been electrifying its people&amp;rice mill industries with Rice Husk Power Plant (RHPP) https://t.co/cTi7OP4iQv	170.09372
Thu Dec 06 15:14:17 +0000 2018	@jokowi Put into effect back Energy &amp; Mineral Resources Ministry Regulation No. 21 of 2016 on Electricity Power Purchasing for Biomass Power by PT. PLN to fullfill the local electricty need, strengthen national rice industry to produce high quality &amp; cheap rice for peoples	154.1118
Sun Dec 09 23:24:16 +0000 2018	@jokowi I agree with you Mr. President. If I may ask, when Indonesia will start shifting to green renewable energy, banning the use of fossil fuel, &amp; coal? The world temperature and sea level are rising, and will bring more disaster such as earthquake, drought, &amp; flood. Thank you.	150.97835
Sat Dec 01 15:44:56 +0000 2018	@jokowi Put into effect back Energy&amp;Mineral Resources Ministry Regulation No.21/2016 on Electricity Power Purchasing for Biomass Power by PT. PLN to fullfill the local electricty requirement, strengthen national rice industry to produce high quality&amp;cheap rice for poeples while	150.03564
Fri Dec 07 14:27:53 +0000 2018	@jokowi I can not fall in love anywhere but i want to get my freedom for my health n economy by anyone .Thank you if you can do humanity .You know terrible experiences no one possible .I will give welcome when you have normal thought of opportunity for business .Do not think as primitive	106.879814
Sun Nov 25 06:26:32 +0000 2018	@jokowi water resources and irrigation development such as weirs, dams, irrigation canals is a key factor to develop potential local economy toward fulfilling the need of padi and other produce by our own capacity.	100.74317
Tue Dec 11 03:16:09 +0000 2018	@jokowi The Future of Indonesian Fisheries: Digitalization Driving Industry 4.0  The Global Maritime Axis seems to be a realistic dream for Indonesia ever since President @jokowi came into power.  https://t.co/E8A8a7o9RQ	98.615204
Fri Dec 07 12:49:14 +0000 2018	@jokowi People with a satanic mind labelled Jokowi “PKI” (Partai Komunis Indonesia) but people with a normal healthy mind dubbed Jokowi “PKI” (President of Keen Intellect).  https://t.co/QTy9RQtv3c	94.923134
Sat Dec 01 15:44:55 +0000 2018	@jokowi 2016 Indonesia paddy production was 75,4 million ton could produce 20,1 million ton of rice husk. These wastes energy potency could be 341.000.360 GJ/yr equals to  2.703 MW of electric power.	93.80221
Sun Dec 02 09:24:13 +0000 2018	@jokowi Indonesia now requires a presidential candidate who have bravery to swear not to import rice, creates a regulation which could stimulate Waste-Energy Exchange development concept to produce electric &amp; high quality &amp; cheap rice for poeples during his leadership.	91.82392
Fri Dec 07 07:44:07 +0000 2018	@jokowi Evil-minded people labelled Jokowi “PKI” (Partai Komunis Indonesia) but people with a normal healthy mind dubbed Jokowi “PKI” (President of Keen Intellect).	90.80303
Fri Nov 23 08:22:59 +0000 2018	@jokowi Rural development is the right thing to do ; at the end boosting local economic growth and reducing poverty and migration to the city.	86.087875
Sat Dec 01 15:44:58 +0000 2018	@jokowi Indonesia requires president candidate who have bravery to swear not to import rice, creates regulation to stimulate Waste-Energy Exchange concept to produce electric &amp; high quality &amp; cheap rice for poeples during his leadership.	82.493866
Wed Nov 07 01:01:03 +0000 2018	@jokowi (Women underwear),and salung-pupuwit(Chair).The Pilipino National Language is Pili at Pino or Chosen and Refine therefore Pilipino is very hard to study in UP(University of the Philippines)Diliman,Quezon City,Philippines the primer State University of the Country...	80.46096
Sun Dec 02 14:00:03 +0000 2018	@jokowi Indonesia now requires a presidential candidate who have bravery to swear not to import rice, creates a regulation which could stimulate Waste-Energy Exchange concept to produce electric, high quality &amp; cheap rice for peoples during his leadership	79.81754
Fri Dec 07 11:00:56 +0000 2018	@jokowi @WHO #Trade #AsiaPacific @billshortenmp This and  #coal #gas #fracking is the contribution of ALL #Auspol in #Australia to anti 🌊 level rise that will affect all our island neighbours #climatechangeaction . #Selfishness  #Innovation #Design #Economy #ActOnClimate #Shame	78.66234
Fri Nov 23 08:36:35 +0000 2018	@jokowi lots things to do including immediate and regular maintenance, service improvement as a whole of integrated mode of transportation, safety and environmental safeguard.	78.28731
Sun Dec 02 12:56:53 +0000 2018	@jokowi @Pak_JK @prabowo @sandiuno @KHMarufAmin_ @AbeShinzo @JPN_PMO @CCMofa_Japan @CANJapan_org @ClimateT_G20 @erickthohir @sudirmansaid @dewanenergi @BappenasRI @PerekonomianRI @jonan_ignasius @KementerianESDM @djebtke @Amran_Sulaiman1 @kementan @tomlembong @Dr_Moeldoko @KSPgoid @pramonoanung @BamsoetQuotes @akbarfaizal68 @MMisbakhun @Masinton @budimandjatmiko @evndari @riekediahp @EkoSandjojo @info_Mekkah @Kadir_Karding @ZUL_Hasan @fadlizon @Fahrihamzah @Yusrilihza_Mhd @SBYudhoyono @hincapandjaitan @msi_sohibuliman @jokowi Contrast with Indonesia which still electrify its people with import&amp;dirty energy source Thailand through the Feed in Tariff&amp;Rice Mill Energy Conservation/RMEC Scheme since early 2000 has been electrifying its people&amp;rice mill industries with Rice Husk Power Plant (RHPP) https://t.co/sCe5V32263	77.444435
Thu Dec 06 15:14:18 +0000 2018	@jokowi Indonesia now requires a presidential candidate who have bravery to swear not to import rice, creates a regulation which could initiate Waste-Energy Exchange concept to produce electric, high quality &amp; cheap rice for peoples during his tenure https://t.co/fomRSKQraH	77.30942
Thu Dec 06 01:04:58 +0000 2018	@jokowi Indonesia now requires a presidential candidate who have bravery to swear not to import rice, creates a regulation which could initiate Waste-Energy Exchange concept to produce electric, high quality &amp; cheap rice for peoples during his leadership https://t.co/fomRSKQraH	77.30942
Tue Dec 11 07:12:11 +0000 2018	@jokowi Indonesia now requires a presidential candidate who have bravery to swear not to import rice, creates a regulation which could initiate Waste-Energy Exchange concept to produce electric, high quality &amp; cheap rice for peoples during his tenure https://t.co/fomRSL82zh	77.30942
Thu Dec 06 00:02:00 +0000 2018	@jokowi Palm oil is unavoidable. Can it be sustainable? https://t.co/xxHx7MAHJP lewat @NatGeoMag	73.897545
Sat Nov 24 08:20:35 +0000 2018	@jokowi connecting cities through highways is reducing costs and time , distance to drive , more efficient and effective delivery of products, boosting potential local economy development, at the end reducing poverty.	70.76406
Sat Nov 10 14:01:07 +0000 2018	@jokowi A good head and a good heart are always a formidable combination (Nelson Mandela). Thank you my Mr. President @jokowi. Selamat Hari Pahlawan. #HariPahlawan	70.45233
Tue Nov 27 01:09:51 +0000 2018	https://t.co/ZTJLZq8u0K  Are we seriously transforming into low-carbon economy? @jokowi @prabowo @BappenasRI @KementerianESDM #Indonesia #B2Greport #G20  @ClimateT_G20	69.688675
Sat Dec 01 15:44:55 +0000 2018	@jokowi Unfortunatelly these valuable wastes are still burnt of left decay so be source of disease, Green House Gas emission, hotel, restaurant and  Maternity Hospital for rats/mice &amp; even snakes https://t.co/gJAKGcNQer	67.004364
Sun Dec 02 09:24:10 +0000 2018	@jokowi Unfortunatelly these valuable wastes are still burnt of left decay so be source of disease, Green House Gas emission, hotel, restaurant and &amp; Maternity Hospital for rats/mice &amp; even snakes https://t.co/orjokQ3KPC	66.499146
Tue Dec 04 02:15:41 +0000 2018	@JPN_PMO @jokowi @Pak_JK @prabowo @sandiuno @KHMarufAmin_ @AbeShinzo @CCMofa_Japan @ClimateT_G20 @CANJapan_org @350_Japan @erickthohir @sudirmansaid @dewanenergi @BappenasRI @PerekonomianRI @jonan_ignasius @KementerianESDM @djebtke @Amran_Sulaiman1 @kementan @tomlembong @Dr_Moeldoko @KSPgoid @jokowi Indonesia new &amp; renewable energy development handicap   https://t.co/34FYs7m5vf @Masinton @pramonoanung @budimandjatmiko @evndari @riekediahp @EkoSandjojo @info_Mekkah @Kadir_Karding @ZUL_Hasan @fadlizon @Fahrihamzah @Yusrilihza_Mhd @SBYudhoyono @hincapandjaitan @saididu	65.825745
Fri Nov 23 00:02:57 +0000 2018	https://t.co/ZTJLZq8u0K  Are we seriously transforming into low-carbon economy? @jokowi @prabowo @BappenasRI @KementerianESDM #Indonesia #B2Greport #G20  @ClimateT_G20	65.69488
Sun Dec 02 12:54:26 +0000 2018	@jokowi @Pak_JK @prabowo @sandiuno @KHMarufAmin_ @AbeShinzo @JPN_PMO @CCMofa_Japan @CANJapan_org @ClimateT_G20 @erickthohir @sudirmansaid @dewanenergi @BappenasRI @PerekonomianRI @jonan_ignasius @KementerianESDM @djebtke @Amran_Sulaiman1 @kementan @tomlembong @Dr_Moeldoko @KSPgoid @pramonoanung @BamsoetQuotes @akbarfaizal68 @MMisbakhun @jokowi Indonesia new &amp; renewable energy development handicap   https://t.co/34FYs74uDH @Masinton @budimandjatmiko @evndari @riekediahp @EkoSandjojo @info_Mekkah @Kadir_Karding @ZUL_Hasan @fadlizon @Fahrihamzah @Yusrilihza_Mhd @SBYudhoyono @hincapandjaitan @msi_sohibuliman	64.57753
Tue Nov 27 10:59:15 +0000 2018	@jokowi @TheEconomist @BarackObama @Ocasio2018  Whenever I propose a 'truce' or give a call for 'peace', I have already thought about the relief and solutions.  [Unless I am serious, I never invest so much energy in it]	62.690624
Thu Nov 22 01:54:18 +0000 2018	@jokowi  How Palm oil has unleashed an environmental catastrophe in Indonesia https://t.co/iMD15MRPSe	60.22307
Wed Nov 07 01:22:51 +0000 2018	"@jokowi the buck.Before I forget I remember Sanskrit word ""Mahal"".Good Day.Regards to the people of Indonesia.Gods https://t.co/I2mO94EHBr https://t.co/XKzryKDEv3 https://t.co/IIQwmhrGvv be it.Eternally Yours.Allah.Your Emperor.God.Signed.Holiness World Emperor Ricardo B. Dino"	59.455933
Tue Dec 11 23:42:01 +0000 2018	"@jokowi @prabowo @DPR_RI Obviously a good start. This has been expressed numerous times previously. Yet it would absolutely require Independent Decisive Leadership Nation widely. Let us strive to come up with CONSTITUTIONALIZED ""20YrsRenBangNas"" i.e. ONE Collective Goals for All."	58.65919
Sun Dec 02 09:24:12 +0000 2018	@jokowi increasing Farmer Exchange Rates, increasing national rate growth and reduce Current Account Deficit.    Refference  https://t.co/RDDs7R3aSL https://t.co/9TYJVPEBYG  page.33 https://t.co/mxTvUbwEo4. https://t.co/1s9YmPsMtO	58.317074
Sun Dec 09 11:15:52 +0000 2018	@jokowi Exercise in the morning is best for your health. ~*~🌸~*~🇰🇷~*~🌸~*~🇰🇷~*~🌸	57.928295
Sat Dec 01 15:44:57 +0000 2018	@jokowi increasing Farmer Exchange Rates, increasing national rate growth and reduce Current Account Deficit.    Refference  https://t.co/RDDs7R3aSL https://t.co/9TYJVPEBYG  page.33 https://t.co/mxTvUbwEo4. https://t.co/1s9YmPsMtO https://t.co/ZX6VyQ3Tg1	57.20698
Sun Dec 02 14:00:02 +0000 2018	@jokowi increasing Farmer Exchange Rates, increasing national rate growth and reduce Current Account Deficit.    Refference  https://t.co/RDDs7R3aSL https://t.co/9TYJVPEBYG  page.33 https://t.co/mxTvUbwEo4. https://t.co/1s9YmPsMtO https://t.co/9qCKH70mzj	57.20698
Thu Dec 06 15:14:18 +0000 2018	@jokowi while increasing Farmer Exchange Rates, increasing national rate growth and reduce Current Account Deficit.    Refference  https://t.co/RDDs7R3aSL https://t.co/9TYJVPEBYG  page.33 https://t.co/mxTvUbwEo4. https://t.co/1s9YmPsMtO https://t.co/9qCKH70mzj	56.854065
Fri Dec 07 01:41:53 +0000 2018	@jokowi May God’s Blessing For Peace, Safety, Security And Prosperity Always Be Upon Beloved Indonesia And Beloved People Of Beloved Indonesia...  Your Excellency Pdt Joko Widodo...  And All People Of The World...	56.472492
Tue Dec 04 02:19:42 +0000 2018	@JPN_PMO @jokowi @Pak_JK @prabowo @sandiuno @KHMarufAmin_ @AbeShinzo @CCMofa_Japan @ClimateT_G20 @CANJapan_org @350_Japan @erickthohir @sudirmansaid @dewanenergi @BappenasRI @PerekonomianRI @jonan_ignasius @KementerianESDM @djebtke @Amran_Sulaiman1 @kementan @tomlembong @Dr_Moeldoko @KSPgoid @Masinton @pramonoanung @budimandjatmiko @evndari @riekediahp @EkoSandjojo @info_Mekkah @Kadir_Karding @ZUL_Hasan @fadlizon @Fahrihamzah @Yusrilihza_Mhd @SBYudhoyono @hincapandjaitan @saididu @jokowi RMEC Scheme makes Thailand rice mill industries more efficient. With Specific Energy Consumption Average of 19,5 kWh/ton&amp;Specific Cost Average of USD 2,37/ton (2016) Thailand rice mill industries are able to produce high quality&amp;cheap rice&amp;makes rice as an export product	55.60945
Sun Dec 02 13:00:39 +0000 2018	@jokowi @Pak_JK @prabowo @sandiuno @KHMarufAmin_ @AbeShinzo @JPN_PMO @CCMofa_Japan @CANJapan_org @ClimateT_G20 @erickthohir @sudirmansaid @dewanenergi @BappenasRI @PerekonomianRI @jonan_ignasius @KementerianESDM @djebtke @Amran_Sulaiman1 @kementan @tomlembong @Dr_Moeldoko @KSPgoid @pramonoanung @BamsoetQuotes @akbarfaizal68 @MMisbakhun @Masinton @budimandjatmiko @evndari @riekediahp @EkoSandjojo @info_Mekkah @Kadir_Karding @ZUL_Hasan @fadlizon @Fahrihamzah @Yusrilihza_Mhd @SBYudhoyono @hincapandjaitan @msi_sohibuliman @jokowi Put into effect back Energy&amp;Mineral Resources Ministry Regulation No.21/2016 on Electricity Power Purchasing for Biomass Power by PT. PLN to fullfill the local electricty requirement, strengthen national rice industry to produce high quality&amp;cheap rice for poeples while	55.303844
Sun Dec 02 13:02:49 +0000 2018	@jokowi @Pak_JK @prabowo @sandiuno @KHMarufAmin_ @AbeShinzo @JPN_PMO @CCMofa_Japan @CANJapan_org @ClimateT_G20 @erickthohir @sudirmansaid @dewanenergi @BappenasRI @PerekonomianRI @jonan_ignasius @KementerianESDM @djebtke @Amran_Sulaiman1 @kementan @tomlembong @Dr_Moeldoko @KSPgoid @pramonoanung @BamsoetQuotes @akbarfaizal68 @MMisbakhun @Masinton @budimandjatmiko @evndari @riekediahp @EkoSandjojo @info_Mekkah @Kadir_Karding @ZUL_Hasan @fadlizon @Fahrihamzah @Yusrilihza_Mhd @SBYudhoyono @hincapandjaitan @msi_sohibuliman @jokowi Indonesia now requires a presidential candidate who have bravery to swear not to import rice, creates a regulation which could stimulate Waste-Energy Exchange concept to produce electric, and high quality &amp; cheap rice for peoples during his leadership	55.29891
Sun Dec 02 12:58:58 +0000 2018	@jokowi @Pak_JK @prabowo @sandiuno @KHMarufAmin_ @AbeShinzo @JPN_PMO @CCMofa_Japan @CANJapan_org @ClimateT_G20 @erickthohir @sudirmansaid @dewanenergi @BappenasRI @PerekonomianRI @jonan_ignasius @KementerianESDM @djebtke @Amran_Sulaiman1 @kementan @tomlembong @Dr_Moeldoko @KSPgoid @pramonoanung @BamsoetQuotes @akbarfaizal68 @MMisbakhun @Masinton @budimandjatmiko @evndari @riekediahp @EkoSandjojo @info_Mekkah @Kadir_Karding @ZUL_Hasan @fadlizon @Fahrihamzah @Yusrilihza_Mhd @SBYudhoyono @hincapandjaitan @msi_sohibuliman @jokowi RMEC Scheme makes Thailand rice mill industries more efficient. With Specific Energy Consumption Average of 19,5 kWh/ton&amp;Specific Cost Average of USD 2,37/ton (2016) Thailand rice mill industries are able to produce high quality&amp;cheap rice&amp;makes rice as an export product	54.037113
Sun Dec 09 01:09:39 +0000 2018	@jokowi deep condolences for them as victims who took involved in the papua development. the construction continuation is a must for the good of the people of papua.	53.827972
Thu Dec 06 15:14:12 +0000 2018	@jokowi For years Indonesian people have been spending their money only to purchase expensive rice, fuel &amp; electric causing high inflation, weakening people purchasing power &amp; uncotrolled worker wage raising protest which bothering investment climate &amp; weakening economic growth	53.28508
Sun Dec 02 13:59:55 +0000 2018	@jokowi For years Indonesian people have been spending their moneys only to purchase expensive rice, fuel &amp;electric causing high inflation rate, weakening people purchasing power&amp;uncotrolled worker wage raising protest which bothering investment climate&amp;weakening economic growth	52.827126
Thu Dec 06 15:14:16 +0000 2018	@jokowi 2016 Indonesia paddy production was 75.4 million ton produced 20.1 million ton of rice husk could produce 2,703 MW of electric. Unfortunatelly these wastes are still burnt or left decay so be source of disease, GHG emission, hotel, restaurant&amp;Maternity Hospital for rats https://t.co/TUAhPqUOxh	52.139748
Sun Dec 02 14:00:00 +0000 2018	@jokowi 2016 Indonesia paddy production was 75.4 million ton produced 20.1 million ton of rice husk could produce 2,703 MW of electric. Unfortunatelly these wastes are still burnt or left decay so be source of disease, GHG emission, hotel, restaurant&amp;Maternity Hospital for snake https://t.co/IZKGYTyX6o	52.139748
Sat Dec 01 15:44:52 +0000 2018	@jokowi For years Indonesian people have been spending their moneys only to purchase expensive rice, fuel&amp;electric causing high inflation rate, weakening people purchasing power&amp;uncotrolled worker wage raising protest which bothering investment climate&amp;weakening economic grwoth	51.72609
Mon Dec 03 06:48:12 +0000 2018	@jokowi Dirty work of Indonesian Immigration &amp; hotel security: They tortured me on three occasions. Harassed me constantly. Filthy indonesian authorities that get rewarded by idiots. Photos of my injuries https://t.co/PQyHbDwLh3	51.200172
Wed Nov 07 01:15:38 +0000 2018	@jokowi put you there in good faith have nothing to do with you personally.Your whims and caprices outward philandering so thick face you are.I imagine Saddam Hussein of Iraq way back in 1991 on its attacked on Kuwait.Brunei Darussalam lies near beneath...	49.806835
Fri Nov 23 14:14:08 +0000 2018	@jokowi Good job	48.670937
Fri Dec 07 04:17:31 +0000 2018	@jokowi GOOD JOB :)	48.670937
Thu Nov 29 04:05:44 +0000 2018	@jokowi Good job....	48.670937
Tue Dec 11 11:20:44 +0000 2018	@jokowi Good Job	48.670937
Sat Nov 24 15:47:26 +0000 2018	@jokowi @Aryprasetyo85 So proud of you Mr. PRESIDENT. You really the best President ever that we had have.God always blessing you with health and longevity, Amen. How Blessed I am as Indonesian people that God gave You as our Mr. President. #01JokowiLagi	48.01199
Wed Nov 21 16:00:29 +0000 2018	@jokowi Good job sir..	47.02842
Fri Nov 23 15:13:13 +0000 2018	@jokowi Good job, pak!	47.02842
Tue Nov 27 03:12:55 +0000 2018	@jokowi Good job pakde	47.02842
Thu Nov 29 02:48:05 +0000 2018	@jokowi Good job pak	47.02842
Thu Nov 29 04:54:29 +0000 2018	@jokowi Good Job sir...!	47.02842
Mon Dec 03 07:29:53 +0000 2018	@jokowi Good job Mr.President	47.02842
Wed Dec 12 06:59:03 +0000 2018	@jokowi Good job. #01JokowiLagi	47.02842
Fri Dec 07 15:11:54 +0000 2018	@jokowi I have empty felt. I wonder why difficult to find good people. Do not judge me i can fall in love easier if once time they hurt me .I say i want my honors	46.686535
Sat Dec 08 04:28:30 +0000 2018	@jokowi @kaesangp You know you have a healthy relationship when you roast and throw sarcasm as a joke	46.475967
Fri Nov 09 12:44:51 +0000 2018	@jokowi good job..👍👍	45.493145
Thu Nov 22 00:06:14 +0000 2018	@jokowi Good job Mr President	45.493145
Sat Nov 10 17:06:48 +0000 2018	@jokowi Good job Pak De	45.493145
Mon Nov 26 06:22:19 +0000 2018	@jokowi Good job mr president	45.493145
Mon Nov 26 07:48:47 +0000 2018	@jokowi Good job @jokowi  #01JokowiLagi	45.493145
Mon Dec 10 17:28:17 +0000 2018	@jokowi Good job Mr president.	45.493145
Sun Dec 09 08:16:12 +0000 2018	@jokowi Good Job, Tuan 😊	45.493145
Tue Dec 11 06:24:35 +0000 2018	@jokowi Good job Mas Jokowi	45.493145
Tue Dec 11 21:40:56 +0000 2018	@jokowi Good job Mr. President	45.493145
Wed Nov 07 07:33:15 +0000 2018	@jokowi #Indonesia #economy has flat lined. 3Q is the lowest growth in decades &amp; negative -5% in US $s. Nothing to celebrate here. https://t.co/P3Ducj3Bjn	45.263336
Mon Nov 26 15:55:39 +0000 2018	@jokowi Sedap. Good job Mr. President.	44.054947
Sun Dec 02 11:29:36 +0000 2018	@jokowi @TMCPoldaMetro Good Job Mr. President	44.054947
Wed Nov 28 15:33:45 +0000 2018	@jokowi Anyway.I had critics .They hate white cats but choose Africa global only one way  https://t.co/OuTcyNlyr0	43.69081
Mon Nov 26 12:33:56 +0000 2018	@jokowi So now you realise that you overproducing and deforesting precious natural resources for the futur. And desperately search way to get rid of it. Maybe it's time to think to reduce palm oil production and make something else better for humanity.	43.53569
Tue Nov 27 14:05:43 +0000 2018	@jokowi President Jokowi : #APECSummit2018 in @visitPNG wrapped with no joint statement amid US-China disagreements on trade. Despite the global economic uncertainty, we must remain optimistic and keep on searching for emerging opportunities amid trade friction  https://t.co/jb9CLhIEhB	43.505764
Wed Nov 07 18:18:36 +0000 2018	@jokowi Good	43.42573
Mon Nov 26 10:23:20 +0000 2018	@jokowi Keep up the good work pak!	42.70817
Thu Nov 29 06:01:21 +0000 2018	@jokowi Good Job! Thank you Mr. Jokowi	42.70489
Sat Dec 08 14:20:59 +0000 2018	@jokowi @kaesangp have fun Mr. President.. you and your family deserve it. it ain't spend a lot of money by doing so for family quality time.. you may have a good time Mr. President	42.26694
Wed Nov 07 05:04:28 +0000 2018	@jokowi Good #IndonesiaMakinMaju	41.909046
Wed Nov 07 10:26:10 +0000 2018	@jokowi Looks good	41.909046
Sat Dec 01 09:16:49 +0000 2018	@jokowi @wahhabicc_jabar Good	41.909046
Fri Dec 07 07:59:24 +0000 2018	@jokowi Good vision	41.909046
Fri Dec 07 09:45:57 +0000 2018	@jokowi Good Mister,,	41.909046
Fri Nov 30 00:06:07 +0000 2018	@jokowi Good pak	41.909046
Sun Dec 09 02:22:22 +0000 2018	@jokowi Good one	41.909046
Tue Dec 11 01:34:54 +0000 2018	@jokowi Good pak...	41.909046
Mon Dec 10 02:53:50 +0000 2018	@jokowi Good family	41.909046
Tue Nov 27 06:06:32 +0000 2018	@jokowi Masuk @jokowi Keep up a good work.	41.4383
Sun Dec 02 09:24:06 +0000 2018	@jokowi For years Indonesia Government has been failing to creat a condition to strengthen national rice industry in order to produce high quality &amp;cheap rice for its poeples while increasing Farmer Exchange Rates&amp;economic growth rate as well as to reduce Current Account Deficit https://t.co/oMMFqcTfQA	40.524895
Thu Dec 06 15:14:13 +0000 2018	@jokowi For years Indonesia Government has been failing to creat a regulation to strengthen national rice industry in order to produce high quality &amp; cheap rice for peoples while increasing Farmer Exchange Rates &amp; economic growth rate as well as to reduce Current Account Deficit https://t.co/ERUIRZsbme	40.524895
Sun Dec 02 13:59:56 +0000 2018	@jokowi For years Indonesia Government has been failing to creat a condition to strengthen national rice industry in order to produce high quality &amp;cheap rice for its poeples while increasing Farmer Exchange Rates&amp;economic growth rate as well as to reduce Current Account Deficit https://t.co/CnjUJBAIFW	40.524895
Wed Nov 07 11:28:43 +0000 2018	@jokowi Waowww ... that's good	40.494724
Fri Nov 09 14:04:28 +0000 2018	@jokowi Very good, congratulations	40.494724
Tue Nov 27 08:48:03 +0000 2018	@jokowi Good my presiden	40.494724
Thu Nov 29 03:59:46 +0000 2018	@jokowi Good👍🙏	40.494724
Sun Dec 02 12:57:32 +0000 2018	@jokowi Good exercise today.	40.494724
Sun Dec 09 12:03:22 +0000 2018	@jokowi Good luck Mr.president	40.494724
Sun Nov 25 02:51:48 +0000 2018	@jokowi @Aryprasetyo85  So proud of you Mr. President, You are The Best President ever that we had have. All of us so blessed as Indonesian for being your people. Yes God gave us the best man like you for a better NKRI in Pancasila. God blessing you with health and longevity Sir. AMEN.	40.341167
Sat Nov 24 06:19:32 +0000 2018	@jokowi Good job mr president of Indonesia @jokowi #Jokowi2Periode	40.238674
Sat Nov 24 12:24:26 +0000 2018	@jokowi Good luck pa presiden	39.172745
Fri Dec 07 06:12:36 +0000 2018	@jokowi Very good Mr president.	39.172745
Thu Nov 29 04:15:09 +0000 2018	@jokowi Customer Service POKERASTRO :  » SMS: +85581297799  » PIN BBM : DC8B743C  » Whatsapp : +85581297799  » LINE : POKERASTRO  » WECHAT : POKERASTRO  » Layanan Live Chat 24JAM ONLINE https://t.co/TemR5mYDXi	38.667183
Sun Dec 09 11:23:48 +0000 2018	@jokowi Jokowi is so good at throwing shades lol😂😂😂	38.109226
Fri Nov 09 15:26:22 +0000 2018	@jokowi https://t.co/w1EoQdIo4T Good*****Good Night 💤🌙 😊 Sweet Dream 🌠🌠🌠🌠🌠🌠🌠	37.294773
Thu Nov 29 03:51:39 +0000 2018	@jokowi Bapak president We at @airasia are a firm believer in Indonesian Tourism . We are committed like opening Selangit ( lake Toba) and Lombok . #amazingIndonesia	36.8752
Thu Nov 08 04:04:48 +0000 2018	@jokowi good news for indonesian electrical motor project..but look like VARIO	36.860855
Sat Nov 24 01:44:01 +0000 2018	@jokowi You are Good president !! #sallam1jempol #2019TetapJokowi	36.771866
Mon Nov 26 07:24:52 +0000 2018	@jokowi Good my President...👍👍👍	36.771866
Mon Dec 03 04:45:50 +0000 2018	@jokowi good bless u mr.president💕🙏	36.771866
Tue Dec 11 01:40:03 +0000 2018	@jokowi Good words👍👍🇮🇩🇮🇩	36.771866
Sat Dec 01 15:44:53 +0000 2018	@jokowi For years Indonesia Government has been failing to creat a conditions to strengthen national rice industry in order to produce high quality&amp;cheap rice for its poeples while increasing Farmer Exchange Rates&amp;national growth rate as well as to reduce Current Account Deficit	36.483727
Fri Nov 23 14:11:20 +0000 2018	@jokowi Good luck dan God Bless you all....	35.678505
Sat Dec 01 09:50:18 +0000 2018	@jokowi How many Hindi or Hindustand or hindu kingdom in this land before that till need freedom to be the one country and Moslem and Christian with Hindu nation / Indonesia name? Is this right doktrin too for religion !!?	35.582153
Sun Dec 02 05:10:16 +0000 2018	@jokowi Please note these special methods are telepathy, hypnosis, spiking of the water pipes with sedatives, conditioning of the mind with sedatives, esp. Note this is true, magic and spirits are used...	35.564137
Thu Nov 22 06:11:48 +0000 2018	@jokowi good president, help to follow my twitter @PraticCnc	34.64828
Fri Nov 09 06:12:39 +0000 2018	"@jokowi @bawaslu_RI @DivHumas_Polri it's not bad idea; yet we need preemptive actions to mitigate this so called ""sontoloyo""; the least competent of any leader of any organization, then lots tougher subordinates would have to compensate or to reconcile @PDI_Perjuangan @Gerindra"	33.75711
Sun Dec 09 02:43:05 +0000 2018	@jokowi thats why i choose you, sir. a good family leader.	32.756588
Sun Dec 09 12:46:56 +0000 2018	@jokowi Good Guy @jokowi #PositiveVibes cc @TsamaraDKI @AntoniRaja https://t.co/S5hnxyHxa7	32.756588
Sat Dec 08 01:23:55 +0000 2018	@jokowi good morning president, can you please follow me at @PraticCnc	32.756588
Wed Dec 12 02:47:28 +0000 2018	@jokowi Great post Good morning for #Indonesia  Greetings night from #ChicagoIL US	31.886139
Fri Nov 09 04:58:36 +0000 2018	@Jokowi Philippines is increasing tobacco taxes to finance #UHC. So should you https://t.co/tkuLNw7HYs	31.863007
Fri Nov 09 06:44:19 +0000 2018	@jokowi I spoke to the gym manager regarding this issue but we couldn't come to an understanding. I requested a refund for the remaining months left on my prepaid contract. I ended up losing money bc I had to pay a higher fee. She did not want to refund the account.	31.573225
Tue Dec 11 02:01:09 +0000 2018	@jokowi Need to be improved on integrity and  professionalism.	31.357416
Tue Dec 04 02:16:09 +0000 2018	@JPN_PMO @jokowi @Pak_JK @prabowo @sandiuno @KHMarufAmin_ @AbeShinzo @CCMofa_Japan @ClimateT_G20 @CANJapan_org @350_Japan @erickthohir @sudirmansaid @dewanenergi @BappenasRI @PerekonomianRI @jonan_ignasius @KementerianESDM @djebtke @Amran_Sulaiman1 @kementan @tomlembong @Dr_Moeldoko @KSPgoid @Masinton @pramonoanung @budimandjatmiko @evndari @riekediahp @EkoSandjojo @info_Mekkah @Kadir_Karding @ZUL_Hasan @fadlizon @Fahrihamzah @Yusrilihza_Mhd @SBYudhoyono @hincapandjaitan @saididu @jokowi For years Indonesian people have been spending their moneys only to purchase expensive rice, fuel&amp;electric causing high inflation rate, weakening people purchasing power&amp;uncotrolled worker wage raising protest which bothering investment climate&amp;weakening economic growth	30.572218
Sun Dec 09 11:26:38 +0000 2018	@jokowi @TokYam591786 It's leadership by example, Pak👍🏻 good parenting starts with us too	30.277025
Sun Dec 02 12:55:07 +0000 2018	@jokowi @Pak_JK @prabowo @sandiuno @KHMarufAmin_ @AbeShinzo @JPN_PMO @CCMofa_Japan @CANJapan_org @ClimateT_G20 @erickthohir @sudirmansaid @dewanenergi @BappenasRI @PerekonomianRI @jonan_ignasius @KementerianESDM @djebtke @Amran_Sulaiman1 @kementan @tomlembong @Dr_Moeldoko @KSPgoid @pramonoanung @BamsoetQuotes @akbarfaizal68 @MMisbakhun @Masinton @budimandjatmiko @evndari @riekediahp @EkoSandjojo @info_Mekkah @Kadir_Karding @ZUL_Hasan @fadlizon @Fahrihamzah @Yusrilihza_Mhd @SBYudhoyono @hincapandjaitan @msi_sohibuliman @jokowi For years Indonesian people have been spending their moneys only to purchase expensive rice, fuel&amp;electric causing high inflation rate, weakening people purchasing power&amp;uncotrolled worker wage raising protest which bothering investment climate&amp;weakening economic growth	29.65599
Tue Dec 11 01:35:33 +0000 2018	@jokowi Congratulations Good point and God bless #PresidentRI &amp; May God keep and Bless #Indonesians	29.531872
Sun Dec 09 03:29:23 +0000 2018	@jokowi Family. Where it starts and where it ends. True value.	29.101982
Sun Dec 02 12:56:12 +0000 2018	@jokowi @Pak_JK @prabowo @sandiuno @KHMarufAmin_ @AbeShinzo @JPN_PMO @CCMofa_Japan @CANJapan_org @ClimateT_G20 @erickthohir @sudirmansaid @dewanenergi @BappenasRI @PerekonomianRI @jonan_ignasius @KementerianESDM @djebtke @Amran_Sulaiman1 @kementan @tomlembong @Dr_Moeldoko @KSPgoid @pramonoanung @BamsoetQuotes @akbarfaizal68 @MMisbakhun @Masinton @budimandjatmiko @evndari @riekediahp @EkoSandjojo @info_Mekkah @Kadir_Karding @ZUL_Hasan @fadlizon @Fahrihamzah @Yusrilihza_Mhd @SBYudhoyono @hincapandjaitan @msi_sohibuliman @jokowi For years Indonesia Government has been failing to creat a condition to strengthen national rice industry in order to produce high quality &amp;cheap rice for its poeples while increasing Farmer Exchange Rates&amp;economic growth rate as well as to reduce Current Account Deficit https://t.co/kLZIZck3wE	29.06672
Sat Dec 08 01:38:09 +0000 2018	@jokowi will improve onward #SeduceMeIn4Words	27.946388
Wed Nov 28 03:58:37 +0000 2018	@jokowi PUSH - Pray Until Something Happen... For the Lord He is good and nothing is impossible.... Indonesia bangkit, #JokowiPresidenku	26.88517
Sun Dec 02 12:58:43 +0000 2018	@jokowi On Dec 2, 2016 then so called 212 Action- about more than 7 million muslims &amp; non-muslims protested the Jakarta Governor ahok, for blasphemy to Qur’an! Now millions of friendly peoples reach Monas to attend the very peaceful reunion 212 Thank GOD😊 #Reuni212 #ReuniAkbar212diMonas https://t.co/X2yq6y86gA	26.718565
Sat Nov 10 11:56:19 +0000 2018	@jokowi I am a journalist refugee in Indonesia. I will tell the world that there is a man who led Indonesia towards love, peace and a strong economy, and he loved Indonesians	25.931274
Tue Dec 04 02:21:03 +0000 2018	@JPN_PMO @jokowi @Pak_JK @prabowo @sandiuno @KHMarufAmin_ @AbeShinzo @CCMofa_Japan @ClimateT_G20 @CANJapan_org @350_Japan @erickthohir @sudirmansaid @dewanenergi @BappenasRI @PerekonomianRI @jonan_ignasius @KementerianESDM @djebtke @Amran_Sulaiman1 @kementan @tomlembong @Dr_Moeldoko @KSPgoid @Masinton @pramonoanung @budimandjatmiko @evndari @riekediahp @EkoSandjojo @info_Mekkah @Kadir_Karding @ZUL_Hasan @fadlizon @Fahrihamzah @Yusrilihza_Mhd @SBYudhoyono @hincapandjaitan @saididu @jokowi 2016 Indonesia paddy production was 75.4 million ton produced 20.1 million ton of rice husk could produce 2,703 MW of electric. Unfortunatelly these wastes are still burnt or left decay so be source of disease, GHG emission, hotel, restaurant&amp;Maternity Hospital for rats https://t.co/GOxC96iRZj	25.309881
Sun Dec 02 13:00:11 +0000 2018	@jokowi @Pak_JK @prabowo @sandiuno @KHMarufAmin_ @AbeShinzo @JPN_PMO @CCMofa_Japan @CANJapan_org @ClimateT_G20 @erickthohir @sudirmansaid @dewanenergi @BappenasRI @PerekonomianRI @jonan_ignasius @KementerianESDM @djebtke @Amran_Sulaiman1 @kementan @tomlembong @Dr_Moeldoko @KSPgoid @pramonoanung @BamsoetQuotes @akbarfaizal68 @MMisbakhun @Masinton @budimandjatmiko @evndari @riekediahp @EkoSandjojo @info_Mekkah @Kadir_Karding @ZUL_Hasan @fadlizon @Fahrihamzah @Yusrilihza_Mhd @SBYudhoyono @hincapandjaitan @msi_sohibuliman @jokowi 2016 Indonesia paddy production was 75.4 million ton produced 20.1 million ton of rice husk could produce 2,703 MW of electric. Unfortunatelly these wastes are still burnt or left decay so be source of disease, GHG emission, hotel, restaurant&amp;Maternity Hospital for rats https://t.co/09145ddAJB	24.594255
Tue Dec 04 08:26:26 +0000 2018	@jokowi @bank_indonesia @BappenasRI @PerekonomianRI @KemenkeuRI @WorldBank G20 &amp; growth - on GDP Quarterly : - G7 avg growth of 2%  only USA close to 3% trend increasing - 3 key countries non G7 - Asia (China India Indonesia), growth above 5% and only Indonesia in RISING trend https://t.co/CwhBSouW4V	24.494627
Mon Dec 03 10:41:45 +0000 2018	@jokowi @bank_indonesia @BappenasRI @PerekonomianRI @KemenkeuRI @WorldBank G20 &amp; growth - on GDP Quarterly : - G7 avg growth of 2%  only USA close to 3% trend increasing - 3 key countries non G7 - Asia (China India Indonesia), growth above 5% and only Indonesia in RISING trend https://t.co/CwhBSouW4V	24.494627
Tue Dec 04 09:52:12 +0000 2018	@jokowi   Would Like to connect with you and to share our Latest updates of Innovative Intelligence &amp; Surveillance Systems | Electronic Warfare System | Cyber Warfare| Avionics |Border Surveillance| Satellite Imaging Visit site : https://t.co/D26MyPgRTh https://t.co/BTUbNoPwfS https://t.co/U1b3bAEfkj	24.184202
Sun Dec 02 04:32:10 +0000 2018	@jokowi i have realised who's the winner .Available as usual.High promotion on indonesia TV .Free.America singer but still try to be America president in Asia by any expensive companies or vote	23.715422
Mon Dec 10 05:55:51 +0000 2018	@jokowi @aburizalbakrie  Racism Chinese obstruct /insult me.Local nation abuse me.United states of America kicking me away.Happen many years.	22.560354
Thu Dec 06 11:00:24 +0000 2018	"@jokowi  Just seen article in Jakarta Post.  Surely Bacan is THE main island for Wallace; deserves recognition, could help bring tourism and resources for conservation and livelihoods?  ""memorials should be created in Wallace's honor"" https://t.co/y4hYIPvJlA"	22.43457
Mon Dec 03 06:14:48 +0000 2018	@jokowi Fighting dul💪 God Bless you😇	22.307438
Tue Dec 04 13:20:58 +0000 2018	@jokowi should immediately review the head count in regulators and ministries around the country.. the reason for over regulation in Indonesia is because of too many people in regulatory bodies.. reduce the head count and see how regulations are streamlined!! @kompascom @jakpost	21.846363
Mon Dec 03 05:22:10 +0000 2018	@jokowi @bank_indonesia @BappenasRI @PerekonomianRI @KemenkeuRI @WorldBank G20 &amp; growth - on GDP Quarterly : - G7 avg growth of 2%  only USA close to 3% trend increasing - 3 key countries non G7 - Asia (China India Indonesia), growth above 5% and only Indonesia in RISING trend https://t.co/CwhBSouW4V	21.718624
Sun Nov 25 12:01:36 +0000 2018	@jokowi @BappenasRI @bank_indonesia @BankDunia @PerekonomianRI @MoazzamTMalik Indonesia GDP by Region - an Econography perspectives as Urban to become the center gravity of economic growth. Indonesia GDP 2017 USD 1.015 Bio (nominal) https://t.co/0V1nL3a5WN	21.420536
Wed Nov 21 19:07:12 +0000 2018	@Jokowi Ban nationwide plastic use right now. We can't afford this.  https://t.co/GItWBvVpBX	21.108719
Sun Dec 02 13:01:49 +0000 2018	@jokowi @Pak_JK @prabowo @sandiuno @KHMarufAmin_ @AbeShinzo @JPN_PMO @CCMofa_Japan @CANJapan_org @ClimateT_G20 @erickthohir @sudirmansaid @dewanenergi @BappenasRI @PerekonomianRI @jonan_ignasius @KementerianESDM @djebtke @Amran_Sulaiman1 @kementan @tomlembong @Dr_Moeldoko @KSPgoid @pramonoanung @BamsoetQuotes @akbarfaizal68 @MMisbakhun @Masinton @budimandjatmiko @evndari @riekediahp @EkoSandjojo @info_Mekkah @Kadir_Karding @ZUL_Hasan @fadlizon @Fahrihamzah @Yusrilihza_Mhd @SBYudhoyono @hincapandjaitan @msi_sohibuliman @jokowi increasing Farmer Exchange Rates, increasing national rate growth and reduce Current Account Deficit.    Refference  https://t.co/RDDs7R3aSL https://t.co/9TYJVPEBYG  page.33 https://t.co/mxTvUbwEo4. https://t.co/1s9YmPsMtO https://t.co/9qCKH70mzj	20.78804
Fri Nov 09 06:41:38 +0000 2018	@jokowi After a period of time, I rejoined this gym. The person who signed me up was the gym manager. She gave me a pretty good deal but within a few months, a problem ensued. Another member made gestures to me that were not reciprocated in a favorable fashion. This led to a big problem.	19.664688
Thu Dec 06 03:35:56 +0000 2018	@jokowi Gas pool	19.50934
Sat Dec 01 09:48:46 +0000 2018	"@jokowi Is this funny if that's how many different etnis in Indonesia before claim doesn't same with ""Hindu nation"" (is this the original alpha bethical of Indonesian word?)?"	19.478258
Fri Nov 09 11:25:59 +0000 2018	@jokowi President Jokowi just officially opened the 37.3 km East Brebes -Sewaka segment and 5.4 Km Pemalang-Batang ( Sewaka-SS Pemalang) Central Java this morning . One area by one area,region by region,island by island get more integrated  New Emerging economy points #TerimakasihJokowi https://t.co/wco2Pcj9dC	19.34296
Mon Nov 26 19:06:46 +0000 2018	@jokowi Stop separating families; Indonesia is an insult to Islam and Islamic values; https://t.co/5XQvaZzGpa https://t.co/YcXHfatOPd	19.108503
Mon Nov 26 06:55:38 +0000 2018	@jokowi Action pak	18.84618
Thu Nov 08 22:10:47 +0000 2018	@jokowi #suzuki #AFFSuzukiCup18  PT Suzuki Indomobil Sales (Indonesia) officially stated on 3rd June 2016 at one of their authorized dealerships that it is NORMAL to feel vibrations in #ertiga in Indonesia. Does it mean that all #ertiga sold in Indonesia share similar feature?	18.578873
Wed Nov 07 01:38:23 +0000 2018	@jokowi #suzuki #AFFSuzukiCup18  PT Suzuki Indomobil Sales (Indonesia) officially stated on 3rd June 2016 at one of their authorized dealerships that it is NORMAL to feel vibrations in #ertiga in Indonesia. Does it mean that all #ertiga sold in Indonesia share similar feature?	18.578873
Tue Dec 04 02:27:39 +0000 2018	@jokowi Talk more do less	18.47511
Sat Nov 10 22:13:36 +0000 2018	@jokowi #ertiga #TimnasDay PT Suzuki Indomobil Sales (Indonesia) officially stated on 3rd June 2016 at one of their authorized dealerships that it is NORMAL to feel vibrations in #ertiga in Indonesia. Does it mean that all #ertiga sold in Indonesia share similar feature?	18.404577
Fri Nov 09 23:31:27 +0000 2018	@jokowi #ertiga #TimnasDay PT Suzuki Indomobil Sales (Indonesia) officially stated on 3rd June 2016 at one of their authorized dealerships that it is NORMAL to feel vibrations in #ertiga in Indonesia. Does it mean that all #ertiga sold in Indonesia share similar feature?	18.404577
Sat Nov 24 05:12:08 +0000 2018	@jokowi Goodnews  The earthquake-stricken Lombok, NTB and the area in its vicinity are back to normal Mount Rinjani in quake-hit Lombok has been opened to trekkers,  Let's visit Lombok  @disbudpar_ntb, and enjoy its scenic natural beauty  https://t.co/D7DQfZSDoA	17.702887
Sun Dec 02 04:30:50 +0000 2018	@jokowi i have realised who's the winner .Available as usual.High promotion on indonesia TV .Free.America singer but still try to be America president in Asia.	17.53239
Sat Nov 10 11:56:52 +0000 2018	@jokowi Quarter by quarter the #Indonesia #economy is going into hiding... https://t.co/q3VkPgeKZ7	17.233757
Wed Nov 07 00:38:33 +0000 2018	"@jokowi is true the Philippines was colonized by Spain for more or less 400 years it is equally true Spain was colonized by Arabs for more or less 400 years too.Striking facts.We had Noli Me Tangere(""Huwag Mo Akong Salangin"" or Touch Me Not)by Dr. Jose Rizal,KKK by..."	17.059807
Sat Dec 08 04:41:59 +0000 2018	@jokowi @kaesangp Quality time ya Pak 👍👍👍 Balancing your life ..	16.926283
Sun Dec 09 12:24:33 +0000 2018	@jokowi Joss Mr.Presiden Jokowi...2periode.. luv u full	16.833212
Fri Dec 07 10:21:43 +0000 2018	@jokowi ONE MORE ACTION https://t.co/IRhNnijj6f	16.53603
Wed Nov 07 00:43:04 +0000 2018	"@jokowi Gat Andres Bonifacio,and First President of the Republic(The first to be Independent in Asia)President Emilio Aguinaldo(Aguinaldo or ""Simbang Gabi"")while Spain had the Second Crusade therefore back to Christian https://t.co/UJ65hwobp0 Great Great Grandfather was..."	16.128967
Tue Nov 27 16:41:27 +0000 2018	@jokowi the selfie hes change the wood	16.03501
Sat Nov 24 09:22:16 +0000 2018	@jokowi Dear,Mr.president......???excusme..may i talk ...if u at 2019 to be a president for twice,,is there any job for me mr president..???...	15.628899
Sat Nov 10 09:39:52 +0000 2018	@jokowi obama on the bicycle https://t.co/z1O9fVmyhx	15.516512
Fri Dec 07 06:45:49 +0000 2018	@jokowi ? i need fee for visit there n aid You.	14.947564
Thu Nov 08 16:46:55 +0000 2018	@jokowi Joss	14.425617
Tue Nov 27 17:02:04 +0000 2018	@jokowi @jokowi Ttue Leader speaks optkmism and courage without denying the reality. The future is Bright for our country.	14.4109535
Sat Dec 01 09:41:03 +0000 2018	"@jokowi Dear Mr. President  What's Up with Indonesia till have needed wrote ""proclaimation"" to need freedom of other country who ever build education n' government in this country?"	14.238985
Thu Nov 08 03:07:35 +0000 2018	@jokowi Joss #01IndonesiaMaju	13.921788
Fri Dec 07 14:33:42 +0000 2018	@jokowi Haters make human as victim.Duty.Duty.Duty.Duty.Duty also Obstructions any sectors .Monster.	13.64563
Fri Dec 07 09:57:16 +0000 2018	@jokowi there an island bodh few person skilly reach as too many trunk under surface motorboatpassenger endanger.  on the island no doctor.  ...mightious n chance save prita Aranya more n bring technology compressionairtubechainsaw these pagan sites.  this lakri can fave income+federals https://t.co/ycz5axt0TH	13.549879
Mon Dec 10 09:36:07 +0000 2018	@jokowi mantap my boss	13.451965
Sat Dec 01 15:44:52 +0000 2018	@jokowi As a rice importer country, contribute to Current Account Deficit which cause Rupiah rate depreciation, Indonesia never learn from Thailand the way to produce the high quality and cheap rice for its people and make rice as an export commodity.	13.424677
Mon Dec 03 03:32:24 +0000 2018	@jokowi Our President and his parliament already did a tremendous outcome at least they have progressed those plan. We are as valuable citizens have to contribute more to the nation, principally for the notion of teenager. it will initiate to be better Indonesia.	13.2302685
Mon Dec 03 14:39:55 +0000 2018	@jokowi No more chance, the time is out	12.965191
Fri Dec 07 14:33:14 +0000 2018	@jokowi Haters make human as victim. Duty .Duty.Duty.Duty.Duty also Obstructions any sectors .Monster.	12.939187
Sun Dec 02 09:24:05 +0000 2018	@jokowi As a rice importer country, contribute to Current Account Deficit which cause Rupiah rate depreciation, Indonesia never learn from Thailand the way to produce the high quality and cheap rice for its people and make rice as an export commodity. https://t.co/DBAKQU8kyY	12.873756
Mon Dec 10 12:08:31 +0000 2018	@jokowi Defending Positive from Negative or Negative from Positive by force, by giving length to the distance, or by other means is no longer a solution. Bringing the two forces close to the limit they get a strength and reach the state of UNITY may be the TARGET and HOME please.	12.818609
Mon Dec 10 12:23:56 +0000 2018	"@KremlinRussia_E   OUT LAW HUNTING OUT LAW CAN BE RESULT IF THERE IS, WAS ""OKNUM PENEGAK HUKUM TERLIBAT. ""  @jokowi  @prabowo  @ganjarpranowo  @dwnews"	12.749944
Sun Nov 11 01:35:02 +0000 2018	@jokowi rapid industrialisation in china have many https://t.co/muqOdDgonO&amp;safety has to be most priority.Indonesia shouldlearn learn&amp;learn.fasttrain	12.721707
Tue Nov 27 06:13:25 +0000 2018	@jokowi Oke google. How to be mas mas itu?	12.675024
Sun Dec 09 09:25:05 +0000 2018	@jokowi Joss My President cc @prabowo	12.601435
Sun Dec 09 04:34:55 +0000 2018	@jokowi Mr. President, well said. Hoping Indonesian to be content with what GOD given to them and work hard and move forward. Take care and have a wonderful Blessed day	11.932416
Fri Dec 07 14:41:42 +0000 2018	@jokowi Haters make human as victim.Duty.Duty.Duty.Duty.Duty also Obstructions any sectors .Monster.Primitive staying in hundred years a go	11.72515
Fri Dec 07 04:23:42 +0000 2018	@jokowi We need you @jokowi	11.498104
Sat Dec 08 04:18:41 +0000 2018	@jokowi @habibthink @kaesangp Full team ❤	11.490412
Mon Dec 10 08:54:48 +0000 2018	@eucopresident @theresa_may How to take my rights from sexual abuse in indonesia @jokowi @aburizalbakrie	11.447035
Thu Dec 06 09:23:07 +0000 2018	@jokowi Samosir Island.(Tomok hill's).Seems that chainsawing trees down maffia never learn.Making wood boards on the spot.Few tourists, who are around,moving to better places. Soon Samosir Island a desert.Thank you.	11.445842
Tue Dec 04 04:12:48 +0000 2018	@jokowi joss ilke it...i'm proud of u mr president..	11.186812
Sat Dec 08 17:30:17 +0000 2018	@jokowi , u need to see this.	11.134609
Mon Dec 03 05:29:43 +0000 2018	@jokowi @setkabgoid @BBCWorld @CNN 15 - 20 Years From Now Indonesia Might World Will Loose Their Youth.. if we Still Cant Find Solution for this #hariaidssedunia https://t.co/GmV4HwFnvN	11.110605
Wed Nov 07 18:20:45 +0000 2018	@jokowi The Presiden of Indonesia Jokowi Failed to give Electricity in Teluk Bintuni West Papua, The city of OIL and Gas but city NOT GROW. @jokowi @BP_Press @Puspen_TNI @KemenBUMN @KementerianESDM @pln_123  @prabowo @sandiuno @fadlizon @Fahrihamzah	11.024625
Mon Dec 03 03:35:03 +0000 2018	@jokowi Our President and his parliament already did a tremendous outcome at least they have progressed of those plans. We are as valuable citizens have to contribute more to the nation, principally for the notion of teenager and their execution. it will initiate to be better Indonesia.	10.936716
Tue Nov 27 07:22:13 +0000 2018	@jokowi Let me share information about Donald Trump,  Benjamin Netanyahu,  Vladimir Putin and Steve Bullocks partnership to ambush me and my Muslim wife and daughter that's a bigger organized crime and failed communist crusade   https://t.co/WRcr4QCWJj	10.933815
Sat Nov 24 13:42:31 +0000 2018	@jokowi The Presiden of Indonesia Jokowi Failed to give Electricity in Teluk Bintuni West Papua, The city of OIL and Gas but city NOT GROW. #PapuaNeedHELP @jokowi @BP_Press @Puspen_TNI @KemenBUMN @KementerianESDM @pln_123  @prabowo @sandiuno @fadlizon @Fahrihamzah	10.901404
Fri Dec 07 05:31:35 +0000 2018	@jokowi After living in Indonesia for almost 12 years, I am being deported. My wife and I filed an extension of my KITAP and the immigration officer revoked my extension. He did not specify the reason. After all my hard work to stay and live in Indonesia was thrown away.	10.867932
Fri Dec 07 15:30:10 +0000 2018	@jokowi You need to be Korea employer ?	10.79339
Fri Nov 09 06:36:16 +0000 2018	@jokowi After they removed the photos, the head gym manager became angry at me while I was sitting down on a boxing ring. He demanded to know how many months that I had remaining on my contract. I said that when my contract ends, I plan to renew. I ended up not renewing my 3rd contract.	10.516392
Sun Dec 09 20:46:39 +0000 2018	@jokowi I need you again pak de @jokowi	10.472464
Sun Dec 09 05:39:20 +0000 2018	@jokowi in love with all things in this photo. The person, how they dress up, their expression.... huh	10.459725
Wed Nov 21 21:18:30 +0000 2018	"@jokowi  Word of mouth - ""I can heal the little Alexander (and not only) before your eyes if you eliminate or suspend the 1172 for 12 hours"". Appeal sent on 28/10/18 to the Italian Government. Silence. PETITION https://t.co/QfZp48FFuX Facebook https://t.co/7v37T2VpkD https://t.co/x8yLCV9uxA"	10.257786
Sun Dec 09 20:08:51 +0000 2018	@jokowi The need of Indonesia leader https://t.co/u4Eh24o6vH	10.170069
Thu Dec 06 02:44:12 +0000 2018	@jokowi I just wanna know. Who plays. Why your letter haven't arrived ?	9.92346
Tue Dec 11 22:33:24 +0000 2018	@jokowi Seasons Greetings  President  We are cats from around the world asking you to stop the torture of cats in your nation‼️The cruelty inflicted on them is beyond barbaric ‼️#Boiling,#skinning and #blowtorching alive‼️ There is No justifiable reason for torture‼️ https://t.co/06egEKQXgY	9.677782
Mon Dec 10 17:21:57 +0000 2018	@jokowi The chase building fantastic four https://t.co/L1bk5DygkJ https://t.co/zvDckeWP7y answer sabotage all works because have to clear	9.640507
Fri Nov 30 11:49:00 +0000 2018	@anticorruption @meberazategui @MichelTemer @RegSprecher @CyrilRamaphosa @jokowi @EPN @KremlinRussia_E @AbeShinzo @GiuseppeConteIT @sanchezcastejon As an example: #G20 Leaders adopted these commitments in 2014. They are their own promises, not TI recommendations. Yet, they are moving far too slowly. We don't need any more new promises - just implement existing commitments! #G20TakeAction https://t.co/tJ6GDPI6Xd https://t.co/mMFvusFtPb	9.638273
Tue Dec 04 17:15:23 +0000 2018	@jokowi @kemkominfo @Kemdikbud_RI @rudiantara_id checkout @NewsLitProject's @checkology.   “It’s where students learn how to navigate the challenging information landscape by mastering the skills of news literacy.”  https://t.co/pKuzsZEwAc  #Indonesia #Education #Checkology	9.521919
Sun Dec 09 12:54:44 +0000 2018	@jokowi Mari kita saling menghormati setiap profesi, apapun itu ... Sehat terus Pakde ... highly appreciated since you are a very humble person. You always respect everyone 😊😉 https://t.co/J9njndeBEm	9.456377
Tue Dec 04 02:16:37 +0000 2018	@JPN_PMO @jokowi @Pak_JK @prabowo @sandiuno @KHMarufAmin_ @AbeShinzo @CCMofa_Japan @ClimateT_G20 @CANJapan_org @350_Japan @erickthohir @sudirmansaid @dewanenergi @BappenasRI @PerekonomianRI @jonan_ignasius @KementerianESDM @djebtke @Amran_Sulaiman1 @kementan @tomlembong @Dr_Moeldoko @KSPgoid @Masinton @pramonoanung @budimandjatmiko @evndari @riekediahp @EkoSandjojo @info_Mekkah @Kadir_Karding @ZUL_Hasan @fadlizon @Fahrihamzah @Yusrilihza_Mhd @SBYudhoyono @hincapandjaitan @saididu @jokowi As a rice importer country, contribute to Current Account Deficit which cause Rupiah rate depreciation, Indonesia never learn from Thailand the way to produce the high quality and cheap rice for its people and make rice as an export commodity. https://t.co/DBAKQU8kyY	9.401419
Thu Nov 22 03:31:33 +0000 2018	@jokowi The President The Appraiser The Boss The Top Scorer vs 888 .They told us. https://t.co/bxCkxGZQ39	9.135689
Sun Dec 02 12:55:33 +0000 2018	@jokowi @Pak_JK @prabowo @sandiuno @KHMarufAmin_ @AbeShinzo @JPN_PMO @CCMofa_Japan @CANJapan_org @ClimateT_G20 @erickthohir @sudirmansaid @dewanenergi @BappenasRI @PerekonomianRI @jonan_ignasius @KementerianESDM @djebtke @Amran_Sulaiman1 @kementan @tomlembong @Dr_Moeldoko @KSPgoid @pramonoanung @BamsoetQuotes @akbarfaizal68 @MMisbakhun @Masinton @budimandjatmiko @evndari @riekediahp @EkoSandjojo @info_Mekkah @Kadir_Karding @ZUL_Hasan @fadlizon @Fahrihamzah @Yusrilihza_Mhd @SBYudhoyono @hincapandjaitan @msi_sohibuliman @jokowi As a rice importer country, contribute to Current Account Deficit which cause Rupiah rate depreciation, Indonesia never learn from Thailand the way to produce the high quality and cheap rice for its people and make rice as an export commodity. https://t.co/DBAKQU8kyY	9.127867
Thu Dec 06 09:54:36 +0000 2018	@jokowi handlers, take heed!	8.914602
Mon Dec 10 06:12:31 +0000 2018	@jokowi ALFA RIO WANTO WANT GIVE MONEY 2 MILLION WHO CAN MAKE ALFA RIO WANTO WORK. ALFA RIO WANTO GIVE YOU MONEY FROM ALFA RIO WANTO WAGE 50% EVERY WEEK IF ALFA RIO WANTO WORK. ALFA RIO WANTO CAN'T GIVE YOU MONEY IF ALFA RIO WANTO NOT WORK. https://t.co/M9VegllSEP	8.862005
Sat Nov 10 09:48:59 +0000 2018	@jokowi I really really like to seeing Bapak President anthusiasm to participated in this event. I feel that there is no wall separate between we are and you. And we feel a closeness...	8.637844
Thu Nov 22 12:52:56 +0000 2018	@jokowi Hello Dear  I am Mehedi  Your Creative Logo/Graphic Designer. My first Priority is my client satisfaction I hope you will enjoy to work with Me.  If you order me , i will sent you unlimited Revisions And 5 logo design for your choice my gig https://t.co/c7Mf5VE8xL	8.624107
Fri Nov 23 16:45:23 +0000 2018	@jokowi Hello Dear  I am Mehedi  Your Creative Logo/Graphic Designer. My first Priority is my client satisfaction I hope you will enjoy to work with Me.  If you order me , i will sent you unlimited Revisions And 5 logo design for your choice my gig https://t.co/c7Mf5VE8xL	8.624107
Wed Nov 28 17:06:17 +0000 2018	@jokowi Hello Dear  I am Mehedi  Your Creative Logo/Graphic Designer. My first Priority is my client satisfaction I hope you will enjoy to work with Me.  If you order me , i will sent you unlimited Revisions And 5 logo design for your choice my gig https://t.co/c7Mf5VE8xL	8.624107
Mon Nov 26 13:05:21 +0000 2018	@jokowi Hello Dear  I am Mehedi  Your Creative Logo/Graphic Designer. My first Priority is my client satisfaction I hope you will enjoy to work with Me.  If you order me , i will sent you unlimited Revisions And 5 logo design for your choice my gig https://t.co/c7Mf5VE8xL	8.624107
Mon Nov 26 13:05:57 +0000 2018	@jokowi Hello Dear  I am Mehedi  Your Creative Logo/Graphic Designer. My first Priority is my client satisfaction I hope you will enjoy to work with Me.  If you order me , i will sent you unlimited Revisions And 5 logo design for your choice my gig https://t.co/c7Mf5VE8xL	8.624107
Mon Nov 26 13:06:49 +0000 2018	@jokowi Hello Dear  I am Mehedi  Your Creative Logo/Graphic Designer. My first Priority is my client satisfaction I hope you will enjoy to work with Me.  If you order me , i will sent you unlimited Revisions And 5 logo design for your choice my gig https://t.co/c7Mf5VE8xL	8.624107
Mon Dec 03 12:41:16 +0000 2018	@jokowi Hello Dear  I am Mehedi  Your Creative Logo/Graphic Designer. My first Priority is my client satisfaction I hope you will enjoy to work with Me.  If you order me , i will sent you unlimited Revisions And 5 logo design for your choice my gig https://t.co/c7Mf5VE8xL	8.624107
Mon Dec 03 12:36:33 +0000 2018	@jokowi Hello Dear  I am Mehedi  Your Creative Logo/Graphic Designer. My first Priority is my client satisfaction I hope you will enjoy to work with Me.  If you order me , i will sent you unlimited Revisions And 5 logo design for your choice my gig https://t.co/c7Mf5VE8xL	8.624107
Wed Nov 07 13:24:14 +0000 2018	@jokowi Safety first pak. Nice👌	8.478311
Fri Dec 07 01:41:36 +0000 2018	@jokowi Deepest Condolences Beloved Indonesia And Beloved People Of Beloved Indonesia...  Your Excellency Pdt Joko Widodo...  For Deep Grief Over The Lose From The Tragedy...	8.464819
Mon Dec 03 06:50:54 +0000 2018	@jokowi Under your leadership lot of criminals have been produced &amp; supported in Indonesia. What a horrible leadership you have provided. Your nation speaks lot of lies by the way. Did you notice that or not? Shame on you.	8.445213
Tue Dec 04 06:46:10 +0000 2018	@jokowi Work work work	8.414298
Fri Dec 07 10:11:26 +0000 2018	@jokowi INCLUDES https://t.co/bxtKnd1PBk	8.348652
Mon Dec 03 12:47:56 +0000 2018	@jokowi LOL sir	8.179215
Thu Dec 06 05:18:45 +0000 2018	@jokowi @narendramodi SKorea Cosmetic industry n Politicians begin seminar for more export. if they aid me for visit there, i must more twitt to you.	8.145533
Wed Dec 05 13:37:42 +0000 2018	@jokowi open boking cod include room / TB164/BB47kg/bra33b,WA 082291881288	8.144751
Wed Nov 07 01:10:55 +0000 2018	@jokowi rather than Basketball like in PBA or NBA and we have FIBA.Your personal ambition beyond compare reaches the Highest Office of the Land of Indonesia leaned on its National Language Bahasa Indonesia your mask but shall not drag them to demean the people who...	8.140839
Sat Dec 08 03:44:08 +0000 2018	@jokowi Soon Samosir Island desert.Chainsawing trees down maffia full bussy,changing the island in a dessert.Investment in camels is the future.Thank You.	8.082451
Thu Nov 08 04:45:52 +0000 2018	"@jokowi @kemenhub151 @bagpenseskoal @USNavy #INDONESIA#TRAINING VESSEL FOR INDONESIAN NAVAL CADET#IT IS TIME TO CHANGE  SHIP ""DEWARUCI"" FROM EX FOREIGN TO OUR SELVES. WE CAN SEE IT OURS ON THE RELIEF OF BOROBUDUR TEMPLE. IT WAS AN AMAZING SHIP. WE HV TO BE PROUD. LETS DO IT ASAP. https://t.co/za5XmWxffe"	7.993244
Thu Nov 29 05:58:53 +0000 2018	@jokowi Copy paste	7.9784575
Sat Dec 08 00:15:29 +0000 2018	@jokowi @KemenPU ,  I know you guys could do better for our road.	7.938768
Mon Dec 03 06:44:26 +0000 2018	@jokowi Freedom: I want my freedom and my UK ID back. I donot like Bali. I donot want to stay in Indonesia &amp; I never wanted &amp; I will never want to stay here. Here corrupt immigration tortured me, provided me with false info&amp; harrassed me along with hotel staff.	7.9293613
Mon Dec 03 11:10:35 +0000 2018	@Jokowi explains: even though #Indonesia exported millions of tons of bauxite ore, aluminum producers were still importing large amounts of alumina (aluminum oxide) as raw material in manufacturing their products	7.9190598
Mon Dec 03 03:33:19 +0000 2018	@jokowi Our President and his parliament already did a tremendous outcome at least they have progressed of those plan. We are as valuable citizens have to contribute more to the nation, principally for the notion of teenager. it will initiate to be better Indonesia.	7.9128804
Sun Dec 09 10:24:22 +0000 2018	@jokowi Credit for @dr_tompi 👏👏👏👏 https://t.co/QDgmD6Q3sD	7.9016285
Mon Dec 10 07:10:54 +0000 2018	@jokowi Let the kampret hate the best. Because they know, opposition can't beat him with a hard work, so they trying another disgusting way to drag him down :)	7.7863274
Fri Dec 07 08:01:44 +0000 2018	@jokowi how many people love Jokowi??	7.403492
Tue Nov 27 03:56:05 +0000 2018	@AbeShinzo Which cheats me .@SMTOWNGLOBAL is promoting artist in Japan or @PosIndonesia by @jokowi instruction	7.3874617
Thu Nov 22 14:23:08 +0000 2018	@jokowi Safe Flight Pakdhe ❤🇮🇩 https://t.co/ed3Qn5jqSG	7.1971436
Wed Nov 07 00:32:57 +0000 2018	@jokowi against mutiny therein therefore Bahasa Brunei Darussalam.The Philippines was colonized by Spain for more or less 400 years and its name comes from King Philip II therefore the National Language is Pilipino.There is semblance between the Philippines and Spain while it...	6.957531
Wed Dec 05 11:57:23 +0000 2018	@jokowi Goodjobs,be strong n keepprying	6.7881722
Fri Nov 23 06:22:00 +0000 2018	@jokowi salut pak Presiden, you know how to start.	6.762162
Fri Dec 07 06:12:29 +0000 2018	@jokowi Nice job.	6.7618933
Fri Dec 07 10:14:06 +0000 2018	@jokowi https://t.co/6VYdRdq1Os FIRST INDONESIA BY IPHONE 3GS	6.7355404
Fri Nov 09 06:31:42 +0000 2018	@jokowi I used to work out at a fitness gym in Kelapa Gading off and on from 2008 - 2015. This gym started using pictures of me on their website without my consent for a period of 2 years. I requested that they remove the pictures since they were used without my permission. They obliged.	6.6243777
Sat Nov 24 09:34:51 +0000 2018	@jokowi how i wish can take some honeymoon there ahahaha	6.5723844
Wed Dec 12 05:38:50 +0000 2018	@jokowi Bismillah....transparent how to spend the money is mandatory.	6.5723844
Fri Nov 09 11:28:59 +0000 2018	@jokowi Rock n Roll BosQ https://t.co/lcJlKzwXvo	6.4393954
Mon Dec 10 11:55:39 +0000 2018	@jokowi Indeed,  Let's positively contribute to our lovely country base on our own background. We are rock !!!	6.398495
Mon Nov 26 05:27:55 +0000 2018	@jokowi 😍 babe @jokowi #jokowiidaman #jokowiselaludihati #jokowimantul	6.269477
Tue Dec 11 22:55:02 +0000 2018	@jokowi Love ur job so much.	6.1205897
Sat Dec 01 09:51:32 +0000 2018	@jokowi I hope this country Republic should take by Nederland and China and England government too take apart of the country in Indonesia land! Thank You..	5.9572744
Mon Dec 03 01:14:43 +0000 2018	@jokowi psi.younggenereation.program2 me manusiakan the pooryoung.educati on.library.the essence og religion. science.wise humanity politic. youthpeacekeepingforce.diplomatic courses. All base on PANCASILA.hi grace not to political.Ayo herr prabowo auch. sandi getting wiser🤣	5.8354373
Sun Dec 09 03:23:35 +0000 2018	@jokowi Kaesang where are you,here i am here i am how do you do	5.7636137
Wed Dec 05 06:32:37 +0000 2018	@jokowi great job my president @jokowi😍😍	5.7566147
Sat Dec 08 04:03:35 +0000 2018	@jokowi @kaesangp Full branded	5.653554
Sun Dec 02 05:24:29 +0000 2018	@jokowi semangat bapak!! stay unbothered and work hard 💞	5.593481
Sun Dec 09 05:09:12 +0000 2018	@jokowi Cape dech	5.5300236
Wed Dec 12 05:26:24 +0000 2018	@jokowi Love you Full Mr.Presiden	5.4689894
Thu Dec 06 02:44:56 +0000 2018	@jokowi hello dear president, how are you, longtime not meet you. Can you please follow my twitter @PraticCnc	5.367325
Mon Nov 26 11:52:29 +0000 2018	@jokowi So close so intimate between the President and public salute for you MR PRESIDENT GOD BLESSING YOU ALL THE TIME.  JOKOWI 2X.	5.343803
Tue Dec 04 06:01:25 +0000 2018	@jokowi is slytherin rite   slytherin is not abt thugs. its abt strong will and dedication.	5.2845874
Mon Dec 03 06:33:39 +0000 2018	@jokowi So that one day he could also carry out abuse, harrassment and torture in Indonesia.	5.271948
Thu Nov 22 01:31:45 +0000 2018	@jokowi Learn more about Islam and how Indonesia is an insult to Islam; https://t.co/p8Q68ey7NM https://t.co/HM4G65MVlH	5.2470675
Sun Dec 09 11:01:46 +0000 2018	@jokowi @octaburn fix luv u full pak	5.1337976
Sat Dec 08 23:58:37 +0000 2018	@jokowi #Jokowi @RusdiKirana #FAA #NTSB @LionAirID  #KNKT #Boeing #boeing737MAX #Boeing737 #JT610 #lionairJT610 #lionaircrash #lionair Critical analysis Lionair JT610 investigation, Boeing's response &amp; still unresolved dangers to 737MAX operations https://t.co/xzmwqZU8JG	5.1107397
Sat Dec 08 04:01:00 +0000 2018	@jokowi @kaesangp Happy long week end  Sir . Save the Family is Inspiring the Power.of The GOD Regards	5.100718
Tue Nov 06 22:49:09 +0000 2018	@jokowi One of the perks of having work office in Senayan. Im excited!	5.014325
Fri Nov 09 06:23:45 +0000 2018	@jokowi @bawaslu_RI @prabowo e.g.ACTIONS  Worth Considering (required ABSOLUTE HONESTY) , invite to HAVE AMICABLE PEACEFUL public reconciliation Ahok &amp; Ustadz Rozieq? @DPR_RI @DPDRI @Puspen_TNI @DivHumas_Polri @PolhukamRI @wiranto1947 @mohmahfudmd	4.992781
Mon Dec 10 06:22:02 +0000 2018	"@jokowi OPEN THIS WEBSITE "" https://t.co/PM3BtAuZxQ "" ALFA RIO WANTO WANT GIVE MONEY 2 MILLION WHO CAN MAKE ALFA RIO WANTO WORK. ALFA RIO WANTO GIVE YOU MONEY FROM ALFA RIO WANTO WAGE 50% EVERY WEEK IF ALFA RIO WANTO WORK. ALFA RIO WANTO CAN'T GIVE YOU MONEY IF ALFA RIO WANTO NOT WORK. https://t.co/Ztxd9T4g7f"	4.950282
Fri Dec 07 22:22:49 +0000 2018	"@jokowi OPEN THIS WEBSITE "" https://t.co/PM3BtAuZxQ "" ALFA RIO WANTO WANT GIVE MONEY 2 MILLION WHO CAN MAKE ALFA RIO WANTO WORK. ALFA RIO WANTO GIVE YOU MONEY FROM ALFA RIO WANTO WAGE 50% EVERY WEEK IF ALFA RIO WANTO WORK. ALFA RIO WANTO CAN'T GIVE YOU MONEY IF ALFA RIO WANTO NOT WORK. https://t.co/dYm22n3fnn"	4.950282
Sat Dec 01 15:44:54 +0000 2018	@jokowi Until 2006 Thailand had 36 units of RHPP with totally 572,63 MW installed capacity consuming 9.800 tons of rice husk perMW/year. The 2006 rice husk price reached 1.000 bath (US$25)/ton. https://t.co/kO0gPWcCQI … Meanwhile Indonesia until now has none RHPP.	4.852752
Mon Dec 03 04:26:58 +0000 2018	@jokowi The real father of nation, Yes you are ! 😊	4.832639
Sun Dec 02 09:24:07 +0000 2018	@jokowi Until 2006 Thailand had 36 units of RHPP with totally 572,63 MW installed capacity consuming 9.800 tons of rice husk perMW/year. The 2006 rice husk price reached 1.000 bath (US$25)/ton. https://t.co/kO0gPWcCQI … Meanwhile Indonesia until now has none RHPP. https://t.co/mbe6aIU374	4.8044734
Thu Dec 06 15:14:14 +0000 2018	@jokowi Until 2006 Thailand had 36 units of RHPP with totally 572,63 MW installed capacity consuming 9.800 tons of rice husk perMW/year. The 2006 rice husk price reached 1.000 bath (US$25)/ton. https://t.co/kO0gPWcCQI … Meanwhile Indonesia up until now has no one of RHPP https://t.co/9Rytcy4UFQ	4.7135153
Sun Dec 02 13:59:57 +0000 2018	@jokowi Until 2006 Thailand had 36 units of RHPP with totally 572,63 MW installed capacity consuming 9.800 tons of rice husk perMW/year. The 2006 rice husk price reached 1.000 bath (US$25)/ton. https://t.co/kO0gPWcCQI … Meanwhile Indonesia up until now has no one of RHPP https://t.co/4Axs7oGBI5	4.7135153
Thu Nov 22 16:08:22 +0000 2018	@jokowi Hello brother, thanks for connecting with me, I'm Amin Habib, Managing Director Barclays Bank Dubai	4.6545873
Thu Nov 08 14:42:01 +0000 2018	@jokowi Whaooo... World champion...  V I C T O R R Y	4.6148806
Thu Nov 29 11:14:57 +0000 2018	@jokowi Video dan lagunya, keren ! What a wonderful world - Louis Armstrong😍	4.6148806
Sat Nov 24 07:59:34 +0000 2018	@jokowi Back to Nature, Wonderfull Indonesia	4.5945535
Fri Dec 07 06:49:45 +0000 2018	@jokowi   @prabowo  @fadlizon  @Fahrihamzah @sandiuno  fanbase army masuk dong #MonitoringISR	4.577077
Fri Dec 07 09:35:04 +0000 2018	@jokowi param sir president,  viewed n document on tv,  shearing noble lakri treespecies trunks after div. years flooded(waterturbine dam) special compressure aircraft chainsaw led by diver.  very precious karma act.  bodhiq gonggg.  on ghana one lake with toomany trunks as safe sailing https://t.co/EW7uJxrzFA	4.460964
Sun Dec 09 05:04:03 +0000 2018	@jokowi Iya Pak Presiden...... You are the best of our heart the nation	4.457356
Fri Dec 07 07:19:57 +0000 2018	@jokowi Chainsawing trees down maffia full active Samosir Island.Stop it ,please.Thank You.	4.451691
Sun Dec 09 05:47:26 +0000 2018	@jokowi I love you full  your Majesty, Mr.President Joko Widodo and familly.	4.451691
Fri Nov 30 06:42:15 +0000 2018	@jokowi   no teks..🙊 no talk...🙊 nothing..🔚  😅😂✌	4.4462404
Tue Dec 04 02:56:44 +0000 2018	@jokowi @anjanibanjar @jokowi  and @MohammedbinRash are visioner leader in the world.😍😍😍😍	4.2741475
Sun Dec 09 12:51:47 +0000 2018	"@jokowi ""be specific, Bob!"" https://t.co/pdT8idihSJ"	3.9553497
Fri Nov 09 11:28:40 +0000 2018	@jokowi Pejagan-Pemalang Toll Road is a toll extending 57.5 km that links Pejagan, Brebes, to Pemalang, Central Java, in Indonesia. This toll road is a continuation of the Kanci-Pejagan Toll Road and part of Trans-Java Toll Road. https://t.co/n7ukBT4pjX	3.9531279
Fri Nov 09 04:22:06 +0000 2018	@jokowi  @RusdiKirana #2019TetapJokowi #LionAirJT610 there is no evidence that stabilizer trim ran away. Pilots may have been forced to trim nose down by other factors. Wait for the CVR -just been found. Why was PK-LQP flown level faster than VMO with nose trim down?	3.9437065
Mon Dec 10 16:41:13 +0000 2018	@jokowi 30 novel, wow!!!!!!	3.940824
Wed Dec 05 01:51:32 +0000 2018	@jokowi my president! i wanna ask you something, where’s all of the Asian Games mascot yg ada di jalan sudirman? i miss them so much sir 😭 especially yg bimbin terbalik itu, they’re too cute 😭😍 can i or we meet them again? ☹️ thanks you ❤️	3.9182239
Sun Dec 09 12:00:17 +0000 2018	@jokowi do you know this? could you and us give some help?  China has put over 1 million Muslims in concentration camps. This is a human rights atrocity &amp; no one seems to care.    https://t.co/WkwSmQ1jUG	3.9111404
Fri Nov 30 01:36:21 +0000 2018	@jokowi Ay don rit wat ay writ et twit..itis taim	3.762063
Tue Dec 04 14:53:18 +0000 2018	@jokowi @JapanGov @punm_ooo Aranyaka shishy Sadhaka Aranyanaadnatha whirl buds longing pouration complimentcomplementation  planter's treasures jap. microbes on fielding n ceremony flora plus rep. Georgia medical microbes presence pure in heaven's LAW saikee saik  POOJ shy	3.7179227
Sat Dec 08 08:16:23 +0000 2018	@jokowi @kaesangp Hi all dear. Wanna free gift card codes online., 100% working guaranteed!  https://t.co/aoBeukTOVI	3.7140064
Mon Dec 10 21:42:00 +0000 2018	@jokowi @SadeBimantara @dfat @Menlu_RI  @MarisePayne @JulieBishopMP @WilkieMP @JimMolan  @JudithKiejda           ALL FOREIGN AID TO INDONESIA SHOULD CEASE PENDING A ROYAL COMMISSION INTO AUSTRALIA COMPLICITY IN MASS MURDER TORTURE IN WEST PAPUA BY INDONESIA UNDER LOMBOK TREATY https://t.co/6ex10luwqY	3.669066
Sun Dec 02 03:41:42 +0000 2018	@jokowi Whilst the opposition leader, Prabowo Subianto, IS flirting with religious nutters and radical groups, the incumbent Indonesian president Joko Widodo is very busy working to transform the country into a modern, civilized and developed nation.	3.639295
Mon Dec 10 09:17:47 +0000 2018	@jokowi I let to get rich people outside if i have to be slut than many people here underestimate me by give pain uncountable or violences every year but nation never have opportunity for life time	3.639295
Wed Dec 05 04:44:46 +0000 2018	@jokowi Sory Pak + but like City kita motor already very many + City solid + not sesuai + maybe + sory great bagi sartifikat true + but people which want buat lama again how to + success sory P. Joko great 👍🍁	3.6357317
Mon Dec 10 09:19:13 +0000 2018	@jokowi I let to get rich people outside (last priority )if i have to be slut than many people here underestimate me by give pain uncountable or violences every year but nation never have opportunity for life time	3.5597224
Mon Dec 10 09:21:28 +0000 2018	@jokowi I let to get rich people outside (last priority )if i have to be slut than many people here underestimate me by give pain uncountable or violences every year but nation never have highest n profitable brand opportunity for life time	3.4105783
Sun Nov 11 01:30:39 +0000 2018	@jokowi @NAR @KSPgoid during the election timing,it's necessary to acting firmly against for the airline who breaking the rules it's including the owner.Don't hesitate to fire him from ring one palace,remember that our nation interest is priority! Be carefull with ring one person	3.3405967
Sun Dec 09 04:37:48 +0000 2018	@jokowi Sehat selalu bapakku... dukung kopi indonesia.. maju terus bangsa kita, bravo pak president Jokowin.. I meant to be win for the moral.. win for our nation.. and win for our ego lately. Don't afraid pak I totally understood to support you cause I know the way you leading us :)	3.146884
Fri Nov 30 11:51:49 +0000 2018	@jokowi Asmlkm my President. I hope you do not hesitate to continue your JOBS since now on till 2nd period...👐 Amin YRA...Merdeka. Wlkmslm..Wr.Br..	2.8161488
Fri Nov 30 06:38:09 +0000 2018	@jokowi Hmmmmmmm 10 jam	2.7218013
Tue Dec 04 02:47:23 +0000 2018	@jokowi @harry_pearl  I got back from Cimaja in 3 hours last night. And I think I could now break 2 hours going down. Big up Jokowi 👏👏👏	2.6602502
Wed Dec 12 12:51:17 +0000 2018	@jokowi The Most controversial content in 2018 17+ https://t.co/V4tuGX2MIx	2.201692
Sat Nov 10 14:47:31 +0000 2018	@jokowi Congrats on being the top 10 most followed #WorldLeaders on @Twitter - By @Twiplomacy	2.0350316
Sun Dec 02 04:18:03 +0000 2018	@jokowi Any leaders limit me too! To kick (Perindo in surabaya - jakarta) 25 % + 12 %	2.0350316
Mon Dec 03 06:49:00 +0000 2018	@jokowi Indonesia supports torture &amp; violence against women. I am UK national &amp; being trapped in this horrible country for 11 months. The immigration lied to me and about me, tortured me &amp; have taken my UK ID. Indonesian government, police, prosecutor supported immigration criminals.	1.7323205
Tue Dec 04 02:18:39 +0000 2018	@JPN_PMO @jokowi @Pak_JK @prabowo @sandiuno @KHMarufAmin_ @AbeShinzo @CCMofa_Japan @ClimateT_G20 @CANJapan_org @350_Japan @erickthohir @sudirmansaid @dewanenergi @BappenasRI @PerekonomianRI @jonan_ignasius @KementerianESDM @djebtke @Amran_Sulaiman1 @kementan @tomlembong @Dr_Moeldoko @KSPgoid @Masinton @pramonoanung @budimandjatmiko @evndari @riekediahp @EkoSandjojo @info_Mekkah @Kadir_Karding @ZUL_Hasan @fadlizon @Fahrihamzah @Yusrilihza_Mhd @SBYudhoyono @hincapandjaitan @saididu @jokowi Until 2006 Thailand had 36 units of RHPP with totally 572,63 MW installed capacity consuming 9.800 tons of rice husk perMW/year. The 2006 rice husk price reached 1.000 bath (US$25)/ton. https://t.co/kO0gPWcCQI … Meanwhile Indonesia up until now has no one of RHPP. https://t.co/bLbvZzu3yI	1.6543527
Sun Dec 02 12:57:52 +0000 2018	@jokowi @Pak_JK @prabowo @sandiuno @KHMarufAmin_ @AbeShinzo @JPN_PMO @CCMofa_Japan @CANJapan_org @ClimateT_G20 @erickthohir @sudirmansaid @dewanenergi @BappenasRI @PerekonomianRI @jonan_ignasius @KementerianESDM @djebtke @Amran_Sulaiman1 @kementan @tomlembong @Dr_Moeldoko @KSPgoid @pramonoanung @BamsoetQuotes @akbarfaizal68 @MMisbakhun @Masinton @budimandjatmiko @evndari @riekediahp @EkoSandjojo @info_Mekkah @Kadir_Karding @ZUL_Hasan @fadlizon @Fahrihamzah @Yusrilihza_Mhd @SBYudhoyono @hincapandjaitan @msi_sohibuliman @jokowi Until 2006 Thailand had 36 units of RHPP with totally 572,63 MW installed capacity consuming 9.800 tons of rice husk perMW/year. The 2006 rice husk price reached 1.000 bath (US$25)/ton. https://t.co/kO0gPWcCQI … Meanwhile Indonesia up until now has no one of RHPP. https://t.co/tgJ9Qt0AZC	1.6543527
