created_at	text	_score
Fri Nov 23 18:34:54 +0000 2018	@GiuseppeConteIT No al global compact No al global compact No al global compact No al global compact  No al global compact No al global compact No al global compact	150.01736
Sun Dec 02 02:11:29 +0000 2018	@GiuseppeConteIT Arresting A Head Of State Is Ruining Equality, Diplomatic Ties &amp; Global Unity, Endangering Peace &amp; Security, And Turning The World Upside Down.	140.38298
Sat Dec 01 00:29:01 +0000 2018	@GiuseppeConteIT Arresting A Head Of State Is Violating State Sovereignty, Ruining Diplomatic Ties, Damaging Global Unity, Endangering International Peace And Security, And Turning The World Upside Down.  Tap the link below and read more.  https://t.co/j4Npa1VgAV	105.99486
Thu Dec 06 00:29:33 +0000 2018	@Quirinale  Dear President  Seasons Greetings  Please speak out against the Asian #catmeattrade  Millions of cats are brutally tortured for superstitious/unscientific beliefs that it produces health benifits‼️ Cats are loving companions not food‼️ https://t.co/yaj9kXQr8t	77.321465
Tue Nov 27 21:02:07 +0000 2018	@GiuseppeConteIT No GLOBAL COMPACT NO GLOBAL COMPACT NO GLOBAL COMPACT. PRESIDENTE. NO GLOBAL COMPACT	77.19236
Fri Nov 23 15:14:00 +0000 2018	@GiuseppeConteIT NO GLOBAL COMPACT ! NO GLOBAL COMPACT !  NO GLOBAL COMPACT !	76.18587
Thu Nov 22 17:36:21 +0000 2018	@GiuseppeConteIT Good evening Mr Conte. I recently wrote to you (letter dated 01/10/18) on the subject of the Italian school system and how I have both the skills and experience which could be of assistance to your Government.  Please do let me know your thoughts - thank you.	72.17084
Wed Dec 12 18:08:07 +0000 2018	@GiuseppeConteIT Good for you Italy!!!  Take back your country from the pitiful globalist cucks, KICK OUT the disgusting invaders from the south and protect the ITALIAN, not the scum that migrated.  GOOD FOR YOU!	69.350204
Tue Nov 27 21:23:15 +0000 2018	@GiuseppeConteIT No global compact. NON FIRMATE!	66.8006
Fri Nov 30 09:23:36 +0000 2018	@GiuseppeConteIT non firmate il global compact	66.8006
Fri Nov 23 18:59:50 +0000 2018	@GiuseppeConteIT No global compact	64.333115
Sun Nov 25 00:59:10 +0000 2018	@GiuseppeConteIT NO GLOBAL COMPACT.	64.333115
Wed Nov 28 16:33:54 +0000 2018	@GiuseppeConteIT NO GLOBAL COMPACT	64.333115
Tue Nov 27 22:33:57 +0000 2018	@GiuseppeConteIT  No global compact	64.333115
Sun Nov 25 12:28:59 +0000 2018	@GiuseppeConteIT No Global Compact!	64.333115
Tue Nov 27 20:10:47 +0000 2018	@GiuseppeConteIT NO GLOBAL COMPACT !!!!!!!!!!!!!!!!!!!!!!!!!!!	64.333115
Tue Nov 27 20:10:16 +0000 2018	@GiuseppeConteIT NO GLOBAL COMPACT !!!!!!!!!!!!!!!!!!!!!!!!!!!!!!	64.333115
Sat Dec 01 11:22:24 +0000 2018	@GiuseppeConteIT NO GLOBAL COMPACT !!!	64.333115
Mon Dec 03 07:02:08 +0000 2018	@GiuseppeConteIT No global compact.	64.333115
Tue Dec 11 11:58:12 +0000 2018	@GiuseppeConteIT Populism is good  !!!!!!! Over bearing communist, socialist, fascist government is bad and that is what Italian government is. You do not create jobs, but flit about here and there doing nothing. Jobs create more jobs and poverty creates more poverty.	63.214294
Mon Nov 26 02:07:16 +0000 2018	@GiuseppeConteIT No al global compact	62.23291
Tue Nov 27 08:09:49 +0000 2018	@GiuseppeConteIT  No global Impact, grazie	62.23291
Fri Nov 30 22:14:17 +0000 2018	@GiuseppeConteIT @Palazzo_Chigi No global compact	62.23291
Wed Dec 05 20:01:32 +0000 2018	@GiuseppeConteIT Conte......NO global compact!!!!!	62.23291
Wed Nov 28 21:26:04 +0000 2018	@GiuseppeConteIT No al Global Compact!	62.23291
Thu Nov 29 06:07:46 +0000 2018	@GiuseppeConteIT No al  global compact!!!!!!!	62.23291
Thu Nov 29 14:29:13 +0000 2018	@GiuseppeConteIT Ora no global compact	62.23291
Mon Dec 10 13:46:06 +0000 2018	@GiuseppeConteIT Somiglia al Global Compact.	62.23291
Wed Nov 28 16:05:00 +0000 2018	@GiuseppeConteIT @Palazzo_Chigi @gbongiorno66 @AlfonsoBonafede Non firmate il Global Compact!!!	61.013973
Tue Nov 27 22:10:29 +0000 2018	@GiuseppeConteIT no adesione al global compact	60.26551
Fri Nov 30 08:24:27 +0000 2018	@GiuseppeConteIT @mauriciomacri No .al Global  compact. ..	60.26551
Wed Nov 28 20:21:54 +0000 2018	@GiuseppeConteIT Proteggeteci dall'invasione, niente Global Compact.	60.26551
Tue Nov 27 10:46:27 +0000 2018	@GiuseppeConteIT NO GLOBAL COMPACT https://t.co/tiKySMOKEn	58.418686
Tue Nov 27 10:44:13 +0000 2018	@GiuseppeConteIT NO GLOBAL CONTACT https://t.co/tiKySMOKEn	58.418686
Wed Nov 28 18:04:35 +0000 2018	@GiuseppeConteIT @luigidimaio @matteosalvinimi NO al Global Compact!!!!!!!	58.418686
Thu Nov 29 22:23:55 +0000 2018	@GiuseppeConteIT Don't sign the #UN Global compact	58.418686
Wed Nov 07 22:56:12 +0000 2018	@GiuseppeConteIT All the best for italian research/researchers (money too).  Remembering that prevention that come from control of environmental quality have same importance. For example a real control of air's quality in cities don't exist.....	56.773624
Wed Nov 28 10:40:38 +0000 2018	@GiuseppeConteIT  No al Global Compact https://t.co/39gt7TrrxY	56.681683
Sun Dec 02 14:39:15 +0000 2018	@GiuseppeConteIT NO GLOBAL COMPACT Presidente...😕😕😕	56.681683
Sun Nov 25 00:59:40 +0000 2018	@GiuseppeConteIT No Global Compact. Lots of support from USA.	55.04499
Sat Dec 01 08:05:59 +0000 2018	@GiuseppeConteIT @Palazzo_Chigi 【Agreement Between Japan and the Republic of Korea Concerning the Settlement of Problems in Regard to Property and Claims and Economic Cooperation】（Wikisource） https://t.co/72FNnoB8vj  #戦時出稼ぎ朝鮮人労働者 #KoreanWorkerOftheWartimeEmigration	54.93023
Fri Nov 30 16:14:43 +0000 2018	"@eucopresident @GiuseppeConteIT @MinPres @EmmanuelMacron @JunckerEU 2018 Katowice Climate conference : ""Swedes Go Hang Yourself "" Sami struggle with suicide worsened by climate change . We Demand Equal Living Conditions Sami/Swedes Suicide Rates today https://t.co/nBdFTG9RnG"	53.485317
Sun Nov 25 14:50:32 +0000 2018	@GiuseppeConteIT I pray to God that you will only work on jobs, not other legislation like this one, that hides your incompetence to grow the economy. Your power is in the good will of the Italian people. It is the economy stupid !	48.482483
Tue Nov 27 04:47:29 +0000 2018	@EmmanuelMacron @GiuseppeConteIT @Queen_Europe Paris in floods , Venice in floods . There s a thought of moving it up the Alphs - it s a mountain range the 8 countries own . Vatican moves upward @lindaunobel ( they know better ) https://t.co/Ma6UkXJNux	47.381584
Wed Nov 28 18:16:34 +0000 2018	@Quirinale 🛎️ #security decree: another passage is due and it is all about your honourable Presidential powers to require reconsideration of the law and/or to refuse the promulgation of this government act, to uphold sacred #Constitution/al principles.	47.242355
Fri Nov 30 11:40:32 +0000 2018	@GiuseppeConteIT @mauriciomacri Luckily all are there including the elephant in the room (Trump) please help to solve the most urgent issue, which is climate change. My suggestion would be an equal allowance per capita tradable if required. We all share the same planet and all want to live.	46.652878
Sat Dec 01 08:10:15 +0000 2018	@GiuseppeConteIT @Palazzo_Chigi Asahi Shimbun Blocks Access to Articles Retracting Its ‘Comfort Women’ Stories （11th September 2018 1:11 a.m.） https://t.co/CMMJ8GWIqs #JAPANForward  #AsahiShimbunIsaFakeNewspaper #AsahiShimbun #AsahiNewspaperIsaFakeNewspaper #AsahiNewspaper  #ComfortWomen	46.019077
Sat Dec 01 08:11:09 +0000 2018	@GiuseppeConteIT @Palazzo_Chigi ［STATEMENT］Why Asahi Shimbun Won’t Change How It Describes Comfort Women （3rd August 2018 3:59 p.m.） https://t.co/ajPAZHyjCg #JAPANForward  #AsahiShimbunIsaFakeNewspaper #AsahiShimbun #AsahiNewspaperIsaFakeNewspaper #AsahiNewspaper  #ComfortWomen	41.714336
Fri Nov 30 19:58:57 +0000 2018	@eucopresident @alexstubb @GiuseppeConteIT @MinPres @EmmanuelMacron @JunckerEU ETR is calling on the concrete result for the @mercosur @jairbolsonaro @mauriciomacri Will you still sign in @g20org like @realDonaldTrump @JustinTrudeau @EPN using this great global stage for one key pillar of EU rule based trading system #multilateralism @Trade_EU @MalmstromEU	39.26078
Wed Dec 12 16:03:10 +0000 2018	Working meeting @JunckerEU and @GiuseppeConteIT on #Italy’s budgetary plan 2019 underway. Joined by @VDombrovskis @pierremoscovici and Minister of the Economy and Finances, Giovanni #Tria. https://t.co/YoYZRqOkTy	37.25241
Tue Nov 06 23:24:43 +0000 2018	@GiuseppeConteIT The gangster and Putin's good soldier.	36.771866
Fri Nov 23 09:16:17 +0000 2018	@GiuseppeConteIT GOOD MORNING          Ostia https://t.co/bYlug2bXRh	36.771866
Sat Nov 24 15:10:45 +0000 2018	@POTUS @GiuseppeConteIT @France24_en I said last year about the grassroots public, example taxi drivers I talked to in Nantes France, testing the Pd type Macron and his falsity, time is up! They had enough crap from type old financial club governments same as in USA and Italy’s!	35.50167
Wed Nov 07 23:25:09 +0000 2018	@GiuseppeConteIT Again, the approach to all kinds and more ancient, efficient and secure medical herbs is totally negative and  unscientific.	34.39067
Wed Nov 07 22:07:02 +0000 2018	“Today, Prime Minister @GiuseppeConteIT and I are pleased to announce a new strategic dialogue between Italy and the United States that will enhance cooperation on a range of issues.” 🇺🇸🇮🇹 https://t.co/U8oGsyTx6K	32.49755
Wed Dec 05 20:29:44 +0000 2018	@GiuseppeConteIT  a good man ehp will not be pushed around by the globalists  @ItalyUN_NY	30.277025
Wed Dec 12 18:35:37 +0000 2018	@GiuseppeConteIT Italy is off to a good start by always negotiating from a position of strength. Italian leadership is back.	29.480925
Sat Nov 24 04:58:56 +0000 2018	@GiuseppeConteIT  @Pontifex ( it s sad they let such a country die , such a beautiful country - history, the culture &amp; people ) Italian mafia - SoS . How do u prevent the sea or climate change destroying your beautiful country.  https://t.co/40dQCWbQkB	28.633417
Fri Nov 30 18:40:59 +0000 2018	@eucopresident @GiuseppeConteIT @MinPres @EmmanuelMacron @JunckerEU Finally in accordance with POLYWAGS-2016 Agreement, I assert that as proprietary owner and operator of SHIELD© : The Pillar &amp; Knight Standard thereof after G-Force University graduation. An Academiæ for Gifted, Aware, Bright, and Astonishing Individuals of Earth.	28.594122
Fri Nov 30 16:14:21 +0000 2018	@eucopresident @GiuseppeConteIT @MinPres @EmmanuelMacron @JunckerEU #ÇekeHapisCezasıKalksın You cannot imprison sinking trades by law 5941 ... This is contrary to the Universal Declaration of Human Rights.@KatiPiri @AlanDuncanMP @Dunja_Mijatovic @Europarl_EN @EU_Commission @EurobarometerEU @FoxNews @MevlutCavusoglu @JudithSlaterFCO @guardian	26.854822
Wed Dec 05 11:02:03 +0000 2018	@GiuseppeConteIT Trickle Down Economics will cause inflation and increase debt. Bottom Up Economics using deficit neutral tax credits tied to hiring (€ turn over and taxes collected). €90 billion/3 million jobs/€30,000 per year, +13% workers. =+9% GDP that doubles in 8 years..	26.746439
Sat Dec 01 11:21:24 +0000 2018	@eucopresident @EmmanuelMacron @GiuseppeConteIT @MinPres @JunckerEU Thank you for stepping up! Americans appreciate your leadership on this, while ours flounder under misplaced priorities; failing to represent our common good.	25.940338
Thu Nov 29 13:55:10 +0000 2018	With all respect to @AngelaMerkeICDU @EmmanuelMacron @GiuseppeConteIT @sanchezcastejon please how shall we ever communicate a United Europe to the World if you attend such G7 - G20 meetings? Really a United EU @ecfin @Eu_15409040049 should be represented by @eucopresident	24.522041
Fri Nov 30 16:13:57 +0000 2018	@eucopresident @GiuseppeConteIT @MinPres @EmmanuelMacron @JunckerEU #ÇekeHapisCezasıKalksın The Republic of Turkey is acting contrary to the Universal Declaration of Human Rights ..@KatiPiri @AlanDuncanMP @Dunja_Mijatovic @Europarl_EN @EU_Commission @EurobarometerEU @FoxNews @MevlutCavusoglu @JudithSlaterFCO @guardian @washingtonpost @ikalin1	23.634802
Sat Dec 01 11:05:40 +0000 2018	@eucopresident @EmmanuelMacron @GiuseppeConteIT @MinPres @JunckerEU Easy : the journalist got his fingers cut off.. It was horrible..  Climate : shall we speak about geoengineering ? Climate can be alright..  Trade : Money will be gone with blockchains so define (new) trade ?	22.427803
Sun Dec 09 15:58:08 +0000 2018	@theresa_may the corruption at Dubai that versus western poeple of work and turism  @realDonaldTrump @JustinTrudeau @RoyalFamily @Quirinale	20.519997
Wed Nov 28 14:53:39 +0000 2018	@GiuseppeConteIT JOBS JOBS JOBS first! Violence women after jobs. You are stupid. You are doing everything but create jobs. You SPEND SPEND SPEND and do not grow the economy	18.431572
Wed Nov 07 15:02:55 +0000 2018	India is delighted to host PM @GiuseppeConteIT.   I am glad he took part in the Technology Summit as well.  During our talks earlier today, we reviewed the full range of the India-Italy partnership, particularly in advancing cooperation in trade, technology and culture. https://t.co/zGOoZBCJZ9	17.309072
Sat Nov 10 13:48:38 +0000 2018	India is delighted to host PM @GiuseppeConteIT.   I am glad he took part in the Technology Summit as well.  During our talks earlier today, we reviewed the full range of the India-Italy partnership, particularly in advancing cooperation in trade, technology and culture. https://t.co/zGOoZBCJZ9	17.309072
Sat Nov 10 17:18:52 +0000 2018	India is delighted to host PM @GiuseppeConteIT.   I am glad he took part in the Technology Summit as well.  During our talks earlier today, we reviewed the full range of the India-Italy partnership, particularly in advancing cooperation in trade, technology and culture. https://t.co/zGOoZBCJZ9	17.309072
Sun Nov 11 04:55:17 +0000 2018	India is delighted to host PM @GiuseppeConteIT.   I am glad he took part in the Technology Summit as well.  During our talks earlier today, we reviewed the full range of the India-Italy partnership, particularly in advancing cooperation in trade, technology and culture. https://t.co/zGOoZBCJZ9	17.309072
Thu Nov 08 05:54:16 +0000 2018	India is delighted to host PM @GiuseppeConteIT.   I am glad he took part in the Technology Summit as well.  During our talks earlier today, we reviewed the full range of the India-Italy partnership, particularly in advancing cooperation in trade, technology and culture. https://t.co/zGOoZBCJZ9	17.309072
Thu Nov 08 10:39:55 +0000 2018	India is delighted to host PM @GiuseppeConteIT.   I am glad he took part in the Technology Summit as well.  During our talks earlier today, we reviewed the full range of the India-Italy partnership, particularly in advancing cooperation in trade, technology and culture. https://t.co/zGOoZBCJZ9	17.309072
Wed Nov 07 07:24:50 +0000 2018	India is delighted to host PM @GiuseppeConteIT.   I am glad he took part in the Technology Summit as well.  During our talks earlier today, we reviewed the full range of the India-Italy partnership, particularly in advancing cooperation in trade, technology and culture. https://t.co/zGOoZBCJZ9	17.309072
Fri Nov 09 04:52:29 +0000 2018	India is delighted to host PM @GiuseppeConteIT.   I am glad he took part in the Technology Summit as well.  During our talks earlier today, we reviewed the full range of the India-Italy partnership, particularly in advancing cooperation in trade, technology and culture. https://t.co/zGOoZBCJZ9	17.309072
Fri Nov 09 04:00:59 +0000 2018	India is delighted to host PM @GiuseppeConteIT.   I am glad he took part in the Technology Summit as well.  During our talks earlier today, we reviewed the full range of the India-Italy partnership, particularly in advancing cooperation in trade, technology and culture. https://t.co/zGOoZBCJZ9	17.309072
Sat Nov 10 22:42:49 +0000 2018	India is delighted to host PM @GiuseppeConteIT.   I am glad he took part in the Technology Summit as well.  During our talks earlier today, we reviewed the full range of the India-Italy partnership, particularly in advancing cooperation in trade, technology and culture. https://t.co/zGOoZBCJZ9	17.309072
Wed Nov 07 02:57:05 +0000 2018	India is delighted to host PM @GiuseppeConteIT.   I am glad he took part in the Technology Summit as well.  During our talks earlier today, we reviewed the full range of the India-Italy partnership, particularly in advancing cooperation in trade, technology and culture. https://t.co/zGOoZBCJZ9	17.309072
Thu Nov 22 08:48:24 +0000 2018	India is delighted to host PM @GiuseppeConteIT.   I am glad he took part in the Technology Summit as well.  During our talks earlier today, we reviewed the full range of the India-Italy partnership, particularly in advancing cooperation in trade, technology and culture. https://t.co/zGOoZBCJZ9	17.309072
Thu Nov 22 16:17:01 +0000 2018	India is delighted to host PM @GiuseppeConteIT.   I am glad he took part in the Technology Summit as well.  During our talks earlier today, we reviewed the full range of the India-Italy partnership, particularly in advancing cooperation in trade, technology and culture. https://t.co/zGOoZBCJZ9	17.309072
Sat Nov 24 04:55:34 +0000 2018	India is delighted to host PM @GiuseppeConteIT.   I am glad he took part in the Technology Summit as well.  During our talks earlier today, we reviewed the full range of the India-Italy partnership, particularly in advancing cooperation in trade, technology and culture. https://t.co/zGOoZBCJZ9	17.309072
Sat Nov 24 08:50:21 +0000 2018	India is delighted to host PM @GiuseppeConteIT.   I am glad he took part in the Technology Summit as well.  During our talks earlier today, we reviewed the full range of the India-Italy partnership, particularly in advancing cooperation in trade, technology and culture. https://t.co/zGOoZBCJZ9	17.309072
Sat Nov 24 07:05:24 +0000 2018	India is delighted to host PM @GiuseppeConteIT.   I am glad he took part in the Technology Summit as well.  During our talks earlier today, we reviewed the full range of the India-Italy partnership, particularly in advancing cooperation in trade, technology and culture. https://t.co/zGOoZBCJZ9	17.309072
Sat Nov 24 08:35:47 +0000 2018	India is delighted to host PM @GiuseppeConteIT.   I am glad he took part in the Technology Summit as well.  During our talks earlier today, we reviewed the full range of the India-Italy partnership, particularly in advancing cooperation in trade, technology and culture. https://t.co/zGOoZBCJZ9	17.309072
Sat Nov 24 05:25:22 +0000 2018	India is delighted to host PM @GiuseppeConteIT.   I am glad he took part in the Technology Summit as well.  During our talks earlier today, we reviewed the full range of the India-Italy partnership, particularly in advancing cooperation in trade, technology and culture. https://t.co/zGOoZBCJZ9	17.309072
Thu Nov 22 08:54:15 +0000 2018	India is delighted to host PM @GiuseppeConteIT.   I am glad he took part in the Technology Summit as well.  During our talks earlier today, we reviewed the full range of the India-Italy partnership, particularly in advancing cooperation in trade, technology and culture. https://t.co/zGOoZBCJZ9	17.309072
Sun Nov 25 15:19:18 +0000 2018	India is delighted to host PM @GiuseppeConteIT.   I am glad he took part in the Technology Summit as well.  During our talks earlier today, we reviewed the full range of the India-Italy partnership, particularly in advancing cooperation in trade, technology and culture. https://t.co/zGOoZBCJZ9	17.309072
Thu Nov 08 14:21:43 +0000 2018	India is delighted to host PM @GiuseppeConteIT.   I am glad he took part in the Technology Summit as well.  During our talks earlier today, we reviewed the full range of the India-Italy partnership, particularly in advancing cooperation in trade, technology and culture. https://t.co/zGOoZBCJZ9	17.309072
Tue Nov 27 16:34:19 +0000 2018	India is delighted to host PM @GiuseppeConteIT.   I am glad he took part in the Technology Summit as well.  During our talks earlier today, we reviewed the full range of the India-Italy partnership, particularly in advancing cooperation in trade, technology and culture. https://t.co/zGOoZBCJZ9	17.309072
Sat Dec 01 20:08:19 +0000 2018	‘Photos With Facists’ would make an excellent name for a punk band.  Picture with @GiuseppeConteIT (facist &amp;Italian Prime Minister) - and @tompwymer (not a fascist) at G20 Argentina. https://t.co/nkysqshblF	15.872508
Thu Nov 08 16:15:52 +0000 2018	@GiuseppeConteIT don´t care what the @ecb say. Italia need investments. Make debts as #Germany did in the past.	15.709257
Fri Nov 30 10:16:17 +0000 2018	@EmmanuelMacron @eucopresident @JunckerEU @MalmstromEU @AngelaMerkeICDU @MinPres @GiuseppeConteIT @sanchezcastejon @sebastiankurz @PremierRP_en @BelgiumMFA @mercosur @francediplo @guyverhofstadt @MarosSefcovic @realDonaldTrump @Trade_EU Dear President @EmmanuelMacron @francediplo Well it means you will never allow EU FTAs with more efficient Agro producers &amp; exports @Itamaraty_EN @narendramodi @mercosur @USTradeRep @thepmo @jairbolsonaro @poroshenko @VGroysman @ChinaEUMission French Farming Lobby vs better World https://t.co/7da3hJ1M7y	15.64065
Fri Nov 09 11:42:57 +0000 2018	@realDonaldTrump @PutinRF_Eng @GiuseppeConteIT @matteosalvinimi @AlfonsoBonafede @ViktorOrban : for a better World, pls, STOP Mr. George SOROS=s. short Attch. Profile =Great Sponsor of massive Migrations &amp; Resp. of TOTAL Destabilisat. in Europe, Africa &amp; Asia! Help you Each Other	15.52314
Fri Nov 09 11:26:48 +0000 2018	@realDonaldTrump @PutinRF_Eng @GiuseppeConteIT @matteosalvinimi @AlfonsoBonafede @ViktorOrban : for a better World, pls, STOP Mr. George SOROS=s. short Attch. Profile =Great Sponsor of massive Migrations &amp; Resp. of TOTAL Destabilisat. in Europe, Africa &amp; Asia! Help you Each Other https://t.co/baXOmytEtC	15.452648
Sat Dec 01 19:38:27 +0000 2018	‘Photos With Facists’ would make an excellent name for a punk band.  Picture with @GiuseppeConteIT (facist &amp;Italian Prime Minister) - and @tompwymer (not a fascist) at G20 Argentina. https://t.co/nkysqshblF	14.774626
Thu Dec 06 09:07:40 +0000 2018	@GiuseppeConteIT   Acknowledgment for the recognition of the science works (dissertation and monograph) I participated at the Medical School of Sao Jose do Rio Preto and Federal University of the Triangulo Mineiro. Video 1: https://t.co/1NmQeISQto Video 2: https://t.co/4bVjA3kFOx	13.1345
Thu Dec 06 09:07:23 +0000 2018	@Quirinale   Acknowledgment for the recognition of the science works (dissertation and monograph) I participated at the Medical School of Sao Jose do Rio Preto and Federal University of the Triangulo Mineiro. Video 1: https://t.co/1NmQeISQto  Video 2: https://t.co/4bVjA3kFOx	12.962988
Wed Nov 21 15:54:38 +0000 2018	@GiuseppeConteIT @matteosalvinimi @luigidimaio - Surely you will refuse to sign this dangerous pact, which will destroy ALL National Sovereignty ! #Italia #GlobalCompactForMigration #Migrationspaktstoppen	12.932228
Sat Dec 01 04:40:49 +0000 2018	@eucopresident @GiuseppeConteIT @MinPres @EmmanuelMacron @JunckerEU @realDonaldTrump @opengovpart @GuyRyder @anticorruption @dfat @JobsGovAU @G20Australia @g20org @b20 @SecretaryRoss @globalcompact @Global_Witness @BarackObama  AUSTRALIA’S COMMITMENT GLOBALLY FRAUD BRIBERY &amp; we were the original signatory of Human Rights which REFLECTS OUR NATIONAL VALUES. Australians are operating in accordance with international best-practice  standards those related to human rights &amp; transparency ????? https://t.co/4FneZaUQDo	12.836114
Sun Dec 02 14:05:45 +0000 2018	Look how he has the woman’s ass turned to the camera @GiuseppeConteIT  He’s a disgusting pig making fun of me in front of the world.	12.657227
Sat Dec 01 08:05:08 +0000 2018	@GiuseppeConteIT @Palazzo_Chigi Let’s Not Aid South Korean Supreme Court’s Misperception of Facts on Wartime Labor （21st November 2018 12:15 a.m.） https://t.co/vYpYrTMFAV #JAPANForward  #戦時出稼ぎ朝鮮人労働者 #KoreanWorkerOftheWartimeEmigration	11.57695
Fri Nov 09 19:55:22 +0000 2018	Just spoke with Prime Minister @GiuseppeConteIT of Italy concerning many subjects, including the fact that Italy is now taking a very hard line on illegal immigration...	11.184929
Thu Nov 29 18:48:13 +0000 2018	@GiuseppeConteIT .. WORLD. CITIZENS. ARE. PLEADING. WITH. YOU.. WORLD. MUST. RID. ITSELF. OF. THIS. HEINOUS. SAVAGERY...  #DogCatMeatTrade  #MakeAStand🙏 .@FrancoFrattini  .@Pontifex	10.741867
Fri Nov 30 21:32:06 +0000 2018	@eucopresident @GiuseppeConteIT @MinPres @EmmanuelMacron @JunckerEU We already know what happened. And there is not such thing as criminal investigations in non democratic non rule of law countries.	10.510296
Sat Dec 01 08:14:47 +0000 2018	@GiuseppeConteIT @Palazzo_Chigi China Steps Up Efforts to Demonize Japan in Canada｜Miroslav Marinov［a Toronto-based writer, blogger and translator］（4th October 2018 4:18 a.m.） https://t.co/XayQMEyFHp  #China #HsiChinping #XiJinping #NanjingMassacre #ChineseLobby #CommunistPartyofChina #Invasion #aggression	10.488132
Thu Nov 22 22:26:57 +0000 2018	@GiuseppeConteIT In Sri Lanka #democracyundersiege. Please, along with like minded Political Leaders around the world, exert pressure on President Sirisena to follow the Democratic path and uphold the Constitution of Sri Lanka. Please take the lead and form a 'Front' to do this.	10.072586
Fri Nov 23 10:52:59 +0000 2018	@narendramodi @GiuseppeConteIT 40 days of harassment to school kids in Wakad. School flouts RTE which is an integral part of the venerable Indian Constitution. Not clear as to why PCMC DYDE NCPCR MSCPCR etc are mum? No one cares for d 100 odd kids harassed. School is collecting ransom money thru extortion. HLP	9.9787655
Sat Nov 24 04:34:59 +0000 2018	@narendramodi @GiuseppeConteIT 41 days of harassment to school kids in Wakad. School flouts RTE which is an integral part of the venerable Indian Constitution. Not clear as to why PCMC DYDE NCPCR MSCPCR etc are mum? No one cares for d 100 odd kids harassed. School is collecting ransom money thru extortion. HLP	9.9787655
Tue Nov 27 10:44:37 +0000 2018	@GiuseppeConteIT Stay strong!! Greetings from Greece! I wish in Greece to have a prime minister like you !!! Do not let them bend you. You are the only one who resists the predators of europe!!	9.943169
Fri Nov 30 16:21:29 +0000 2018	@eucopresident @GiuseppeConteIT @MinPres @EmmanuelMacron @JunckerEU Urgent Need Oct 2nd 🙄	9.88465
Sat Dec 01 08:10:42 +0000 2018	@GiuseppeConteIT @Palazzo_Chigi Asahi Shimbun Rejects Call to Temper Its Language on Comfort Women （3rd August 2018 4:47 a.m.） https://t.co/3qvrh9Fkqo #JAPANForward  #AsahiShimbunIsaFakeNewspaper #AsahiShimbun #AsahiNewspaperIsaFakeNewspaper #AsahiNewspaper  #ComfortWomen	9.849493
Sat Nov 24 04:58:01 +0000 2018	@narendramodi @SushmaSwaraj @GiuseppeConteIT 41 days of harassment to school kids in Wakad. School flouts RTE which is an integral part of the venerable Indian Constitution. Not clear as to why PCMC DYDE NCPCR MSCPCR etc are mum? No one cares for d 100 odd kids harassed. School is collecting ransom money thru extortion. HLP	9.793062
Sat Dec 01 08:03:48 +0000 2018	@GiuseppeConteIT @Palazzo_Chigi South Korea Breaches Rule of Law, Common Sense with Court’s Wartime Labor Ruling （6th November 2018 1:44 am） https://t.co/yrebXJVUob #JAPANForward  #戦時出稼ぎ朝鮮人労働者 #KoreanWorkerOftheWartimeEmigration	8.882799
Mon Dec 03 04:48:50 +0000 2018	@eucopresident @GiuseppeConteIT @MinPres @EmmanuelMacron @JunckerEU A bunch of globalist TRAITORS standing together, plotting to destroy European nations. I hope you all die in a lot of pain and misery.	8.726245
Fri Nov 30 18:01:32 +0000 2018	@eucopresident @GiuseppeConteIT @MinPres @EmmanuelMacron @JunckerEU The EU stinks, leave means leave we dont need europe	8.668285
Fri Nov 30 11:40:07 +0000 2018	@SupportPets @LoveDVoiceless @g20org @GiuseppeConteIT @moonriver365 @FrancoFrattini @PaulCBS12 @cesarmillan @MariaConchita_A @VoiceofVietnam @petsazon @ChinaCrisisNow @GuileSN_BR @PeterEgan6 G20 Summit......💶💴💵💸💰💷💳💸💵💴💶💷💰💳 Let’s bring Animals in to this 🙏🏼	8.559644
Tue Dec 04 13:42:04 +0000 2018	@GiuseppeConteIT Gregor Mendel’s air pump mommy !!!	8.554714
Fri Nov 30 10:59:18 +0000 2018	@realDonaldTrump @GiuseppeConteIT @WhiteHouse Send his asspacking back to Italy; all they care about is the American dollar	8.361064
Fri Nov 30 10:11:34 +0000 2018	@EmmanuelMacron @eucopresident @JunckerEU @MalmstromEU @AngelaMerkeICDU @MinPres @GiuseppeConteIT @sanchezcastejon @sebastiankurz @PremierRP_en @BelgiumMFA @mercosur @francediplo ETR is calling @EmmanuelMacron go not go down the Agro Populism reflex. Are you liberal @guyverhofstadt or Social Democrat @MarosSefcovic? If you can not reform @realDonaldTrump populism will not help you. if you let such reflexes dominate you - you can never allow @Trade_EU https://t.co/N0pfLhs143	8.059795
Tue Dec 11 17:46:58 +0000 2018	@GiuseppeConteIT Popular conservatism is what will renew Italy and bring Italian culture to the far ends of the world.	7.823045
Wed Nov 28 17:23:29 +0000 2018	@GiuseppeConteIT @MISE_GOV Art &amp; beauty are the hallmarks of a people fundamental means to increase love for the women! Poems of Love are all women! @virginiaraggi  #Love #WOMEN #Peace #World #Museums #Capitoline #Rome #History #dreaming #legend @museiincomune @ZetemaCultura #beautiful #dreaming #new #days https://t.co/cczLLJyx7Q	7.730973
Wed Nov 28 20:07:52 +0000 2018	@GiuseppeConteIT #Art &amp; #beauty are the hallmarks of a people fundamental to increase love for the women! Every woman is an Poems of Love! @virginiaraggi  #Love #WOMEN #Peace #World #Museums #Capitoline #Rome #History #dreaming #legend @museiincomune @ZetemaCultura #beautiful #dreaming #new #days https://t.co/uvaS3WkaAN	7.730973
Wed Nov 28 19:52:32 +0000 2018	@GiuseppeConteIT Art &amp; beauty are the hallmarks of a people fundamental to increase love for the women! Every woman is an Poems of Love! @virginiaraggi #Love #Women #Peace #World #Museums #Capitoline #Rome #History #dreaming #legend @museiincomune @ZetemaCultura #dreaming #new #days #beautiful https://t.co/ePe29s9Psz	7.730973
Fri Nov 30 17:45:43 +0000 2018	@eucopresident @GiuseppeConteIT @MinPres @EmmanuelMacron @JunckerEU As Lord Heseltine said so cogently it is meaningless to talk about sovereignty without talking about power. #G20summit coordinated EU position demonstrates the power that comes from pooling sovereignty with like-minded nations. #StopBrexit	7.686724
Fri Nov 30 18:40:23 +0000 2018	@eucopresident @EmmanuelMacron @GiuseppeConteIT @MinPres @JunckerEU “To establish what happened?” There is a tape, a missing body, a CIA report, and you still “need to establish?” In most Criminal Codes this is called “Willful Blindness”. And you are surprised your ratings are below 30%?! It takes courage to be honest AND to be a real leader.	7.246231
Fri Nov 23 15:18:15 +0000 2018	@GiuseppeConteIT @luigidimaio @matteosalvinimi  non firmate! #NoGlobalCompact	6.535088
Sun Nov 25 23:39:39 +0000 2018	@GiuseppeConteIT Non firmare ❗®️ #NoGlobalCompact	6.535088
Sat Dec 01 16:37:12 +0000 2018	@eucopresident @GiuseppeConteIT @MinPres @EmmanuelMacron @JunckerEU You know why situation is so bad in our European countries? Because all our leaders are to busy to take care of world problems and forget to manage their own countries. Everything that is wrong in Europe is THE FAULT OF UE!!!!!!! EVERYTHING	6.456928
Fri Nov 23 17:51:57 +0000 2018	@GiuseppeConteIT @Eli_Trenta @luigidimaio @riccardo_fra @ManlioDS     NON FIRMATE !!!!  #GlobalCompact	6.146464
Tue Dec 11 07:13:48 +0000 2018	@GiuseppeConteIT We must protect our Free Democracy. https://t.co/y5OxC5SAoT	6.1296024
Fri Nov 30 12:49:06 +0000 2018	.@JunckerEU #G20 “Met @GiuseppeConteIT last week and will meet him again today. We are not at war with #Italy. We are making progress, let’s not dramatise. We are with Italy and Italy is with us.“ https://t.co/w7E2JVPlhr	5.9570704
Fri Nov 30 20:19:00 +0000 2018	.@JunckerEU #G20 “Met @GiuseppeConteIT last week and will meet him again today. We are not at war with #Italy. We are making progress, let’s not dramatise. We are with Italy if Italy is with us.“ https://t.co/o8BvBqkhka	5.783582
Fri Nov 09 23:08:53 +0000 2018	@realDonaldTrump @sweetdolores He's a motherfuckin fucked bitch #Qanon  € is dead #Italy WINS @GiuseppeConteIT  ALEA IACTA EST!! 🇺🇸🇷🇺🇮🇹 https://t.co/2wLNO66XO4	5.4615855
Sat Dec 01 17:08:53 +0000 2018	OTHERWISE, @antonioguterres @JapanGov @GiuseppeConteIT @RegSprecher @eucopresident @CanadianPM @SecPompeo @JunckerEU @EmmanuelMacron @theresa_may, #UN &amp; #G20, like @realDonaldTrump’s world, are 1 BIG SHAM, #FAKE contrived to serve interests of the few at the expense of the many.	5.440054
Thu Nov 22 16:00:57 +0000 2018	@GiuseppeConteIT from “ see Rome before you die “ wish , hope it s not going to the disappearing of the “ Venetian Gondala “ by Mendelssohn. Only way to go is to lift the city from it s base , to a raised platform @lindaunobel  https://t.co/Xxc4Z9wZ0q	5.101964
Mon Nov 26 19:04:16 +0000 2018	@GiuseppeConteIT  @matteosalvinimi  @luigidimaio  ❌ NO ❌ ❌ NEIN ❌ ❌ NON ❌ ❌ NET ❌	5.0875616
Sat Dec 01 10:32:07 +0000 2018	@eucopresident @GiuseppeConteIT @MinPres @EmmanuelMacron @JunckerEU fuck khashoggi.....................no islam in Europe do your work	4.8878026
Sat Dec 01 08:09:26 +0000 2018	@GiuseppeConteIT @Palazzo_Chigi 200,000 South Korean Wartime Sex Slaves is ‘Fake News,’ says Historian; An Interview with Dr. Ikuhiko Hata（5th April 2017 12:31 p.m.） https://t.co/2687M5GWiA #JAPANForward  #AsahiShimbunIsaFakeNewspaper #AsahiShimbun #AsahiNewspaperIsaFakeNewspaper #AsahiNewspaper #ComfortWomen	4.6060324
Fri Nov 30 18:44:56 +0000 2018	@eucopresident @GiuseppeConteIT @MinPres @EmmanuelMacron @JunckerEU Yes, it could hurt arms sales to SaudiArabia. Bow down to the Saudi money	4.538761
Fri Nov 30 20:01:19 +0000 2018	@DavidMc34992706 @quim_monteiro @CameronVaske @eucopresident @GiuseppeConteIT @MinPres @EmmanuelMacron @JunckerEU It used to be a trading bloc,  it's protectionist and it's in the G20 because of it's aspirations to become a political superstate, what trading bloc needs an army, or even a flag	4.3707423
Sat Dec 01 08:09:03 +0000 2018	@GiuseppeConteIT @Palazzo_Chigi Son of Comfort Women Perjurer Yoshida Removes “Unbearable” Apology Inscription （15th May 2017 12:15 p.m.） https://t.co/dZodK792dk #JAPANForward  #AsahiShimbunIsaFakeNewspaper #AsahiShimbun #AsahiNewspaperIsaFakeNewspaper #AsahiNewspaper  #ComfortWomen	4.1965704
Fri Nov 30 17:44:10 +0000 2018	@eucopresident @EmmanuelMacron @GiuseppeConteIT @MinPres @JunckerEU The international community and anyone with a brain is wondering how so many people in offics could feign stupidity while wasting time.	4.0875397
Fri Nov 30 16:18:17 +0000 2018	@eucopresident @GiuseppeConteIT @MinPres @EmmanuelMacron @JunckerEU Why are you there, Tusk? You're not a head of government and the people of Europe did not elect you. #dictatorship	4.0274515
Fri Nov 30 20:03:16 +0000 2018	@eucopresident @GiuseppeConteIT @MinPres @EmmanuelMacron @JunckerEU We know what happened If the EU really gave a fuck then it would stop all weapon sales to Saudi from its member states. Until that happens you are exposed as an utter hypocrite.	3.8207126
Thu Nov 08 23:20:40 +0000 2018	Just met the new Prime Minister of Italy, @GiuseppeConteIT, a really great guy. He will be honored in Washington, at the @WhiteHouse, shortly. He will do a great job - the people of Italy got it right!	3.6727772
Sat Dec 01 08:34:23 +0000 2018	@eucopresident @EmmanuelMacron @GiuseppeConteIT @MinPres @JunckerEU the crime against kashoggi comes before the crime against more than one people in the middle east (Palestinian, Syrian, Iraqi, yemenite) what a bastard world	3.610193
Mon Nov 26 15:36:09 +0000 2018	@GiuseppeConteIT I don't know what @matteodelfante had to say today in Rome but I do know he runs a dysfunctional organisation. People like him give Italia a third world image. #chevergogna 😡 https://t.co/ZvOQZ0yQtX	3.4061599
Sun Dec 02 21:48:45 +0000 2018	@eucopresident @GiuseppeConteIT @MinPres @EmmanuelMacron @JunckerEU Europe is paying What it has done to Libya. ITS A PAY BACK https://t.co/CCOQRZ7PJQ	3.1775038
Fri Nov 30 18:48:03 +0000 2018	@eucopresident @GiuseppeConteIT @MinPres @EmmanuelMacron @JunckerEU Finally I have already flown Spires and Turnkeys as I stand alone, unassisted by my home-nation... Known locally as Captain America but, now due to FB🍎 daily brainwashing via Bernays-tactics ... I am the oldest of my siblings and crown-mark for France (Weaverr) dropped by me BBT	3.029759
Sat Dec 01 04:48:46 +0000 2018	@eucopresident @GiuseppeConteIT @MinPres @EmmanuelMacron @JunckerEU So Germany has already conquered Europe through the EU, wants to build an army against America &amp; Russia, &amp; are worried about a Muslim Brotherhood asset because they already allied with Islam like the previous World Wars. Welcome to history repeating itself... Nazi era 1940’s.	2.9123735
Fri Dec 07 04:53:40 +0000 2018	@GiuseppeConteIT ［EDITORIAL］ Dissolving ‘Comfort Women’ Foundation, South Korea Puts Ties With Japan at Risk ｜ JAPANForward （29th November 2018 11:27 p.m.） https://t.co/nys8l1xufE #JAPANForward  #ComfortWomen #ComfortWomenFoundation #theReconciliationAndHealingFoundation	2.07253
Fri Dec 07 05:56:22 +0000 2018	@GiuseppeConteIT @Palazzo_Chigi ［EDITORIAL］ Dissolving ‘Comfort Women’ Foundation, South Korea Puts Ties With Japan at Risk ｜ JAPANForward （29th November 2018 11:27 p.m.） https://t.co/nys8l1xufE #JAPANForward  #ComfortWomen #ComfortWomenFoundation #theReconciliationAndHealingFoundation	2.0473995
Sat Dec 01 08:15:20 +0000 2018	@GiuseppeConteIT @Palazzo_Chigi Japan’s ODA to China—End of a Momentous Foreign Policy Failure （8th November 2018 2:11 a.m.） https://t.co/9BzEjvDtSC #JAPANForward  #China　#HsiChinping　#XiJinping　#習近平　#シュウ・キンペイ #Invasion　#aggression #ShipofChinaCoastGuard　#Armedfishingvessel	1.9085469
Wed Nov 07 22:07:07 +0000 2018	During their meeting at the White House, @realDonaldTrump and @GiuseppeConteIT discussed ways to enhance cooperation in the fight against terrorism. https://t.co/u9TLQgx1d0	0.56338656
Sat Dec 01 11:25:51 +0000 2018	President ⁦@JunckerEU⁩ meets with Prime Minister ⁦@GiuseppeConteIT⁩ in Buenos Aires on the sidelines of #G20Argentina. Commissioner ⁦@pierremoscovici⁩ and Minister G. Tria also attending. https://t.co/aCp4OEuEDO	0.54331493
