created_at	text	_score
Sat Dec 01 08:10:15 +0000 2018	@GiuseppeConteIT @Palazzo_Chigi Asahi Shimbun Blocks Access to Articles Retracting Its ‘Comfort Women’ Stories （11th September 2018 1:11 a.m.） https://t.co/CMMJ8GWIqs #JAPANForward  #AsahiShimbunIsaFakeNewspaper #AsahiShimbun #AsahiNewspaperIsaFakeNewspaper #AsahiNewspaper  #ComfortWomen	183.38533
Wed Nov 28 19:52:32 +0000 2018	@GiuseppeConteIT Art &amp; beauty are the hallmarks of a people fundamental to increase love for the women! Every woman is an Poems of Love! @virginiaraggi #Love #Women #Peace #World #Museums #Capitoline #Rome #History #dreaming #legend @museiincomune @ZetemaCultura #dreaming #new #days #beautiful https://t.co/ePe29s9Psz	147.58684
Wed Nov 28 20:07:52 +0000 2018	@GiuseppeConteIT #Art &amp; #beauty are the hallmarks of a people fundamental to increase love for the women! Every woman is an Poems of Love! @virginiaraggi  #Love #WOMEN #Peace #World #Museums #Capitoline #Rome #History #dreaming #legend @museiincomune @ZetemaCultura #beautiful #dreaming #new #days https://t.co/uvaS3WkaAN	110.376656
Sat Dec 01 08:05:08 +0000 2018	@GiuseppeConteIT @Palazzo_Chigi Let’s Not Aid South Korean Supreme Court’s Misperception of Facts on Wartime Labor （21st November 2018 12:15 a.m.） https://t.co/vYpYrTMFAV #JAPANForward  #戦時出稼ぎ朝鮮人労働者 #KoreanWorkerOftheWartimeEmigration	104.910614
Sun Dec 02 02:11:29 +0000 2018	@GiuseppeConteIT Arresting A Head Of State Is Ruining Equality, Diplomatic Ties &amp; Global Unity, Endangering Peace &amp; Security, And Turning The World Upside Down.	97.618965
Wed Nov 28 14:53:39 +0000 2018	@GiuseppeConteIT JOBS JOBS JOBS first! Violence women after jobs. You are stupid. You are doing everything but create jobs. You SPEND SPEND SPEND and do not grow the economy	92.63816
Sat Dec 01 08:03:48 +0000 2018	@GiuseppeConteIT @Palazzo_Chigi South Korea Breaches Rule of Law, Common Sense with Court’s Wartime Labor Ruling （6th November 2018 1:44 am） https://t.co/yrebXJVUob #JAPANForward  #戦時出稼ぎ朝鮮人労働者 #KoreanWorkerOftheWartimeEmigration	92.030136
Sun Nov 25 14:50:32 +0000 2018	@GiuseppeConteIT I pray to God that you will only work on jobs, not other legislation like this one, that hides your incompetence to grow the economy. Your power is in the good will of the Italian people. It is the economy stupid !	80.83731
Fri Dec 07 05:56:22 +0000 2018	@GiuseppeConteIT @Palazzo_Chigi ［EDITORIAL］ Dissolving ‘Comfort Women’ Foundation, South Korea Puts Ties With Japan at Risk ｜ JAPANForward （29th November 2018 11:27 p.m.） https://t.co/nys8l1xufE #JAPANForward  #ComfortWomen #ComfortWomenFoundation #theReconciliationAndHealingFoundation	80.66049
Fri Dec 07 04:53:40 +0000 2018	@GiuseppeConteIT ［EDITORIAL］ Dissolving ‘Comfort Women’ Foundation, South Korea Puts Ties With Japan at Risk ｜ JAPANForward （29th November 2018 11:27 p.m.） https://t.co/nys8l1xufE #JAPANForward  #ComfortWomen #ComfortWomenFoundation #theReconciliationAndHealingFoundation	79.272316
Sat Dec 01 08:11:09 +0000 2018	@GiuseppeConteIT @Palazzo_Chigi ［STATEMENT］Why Asahi Shimbun Won’t Change How It Describes Comfort Women （3rd August 2018 3:59 p.m.） https://t.co/ajPAZHyjCg #JAPANForward  #AsahiShimbunIsaFakeNewspaper #AsahiShimbun #AsahiNewspaperIsaFakeNewspaper #AsahiNewspaper  #ComfortWomen	77.936714
Sat Dec 01 08:09:03 +0000 2018	@GiuseppeConteIT @Palazzo_Chigi Son of Comfort Women Perjurer Yoshida Removes “Unbearable” Apology Inscription （15th May 2017 12:15 p.m.） https://t.co/dZodK792dk #JAPANForward  #AsahiShimbunIsaFakeNewspaper #AsahiShimbun #AsahiNewspaperIsaFakeNewspaper #AsahiNewspaper  #ComfortWomen	67.40272
Sat Dec 01 08:10:42 +0000 2018	@GiuseppeConteIT @Palazzo_Chigi Asahi Shimbun Rejects Call to Temper Its Language on Comfort Women （3rd August 2018 4:47 a.m.） https://t.co/3qvrh9Fkqo #JAPANForward  #AsahiShimbunIsaFakeNewspaper #AsahiShimbun #AsahiNewspaperIsaFakeNewspaper #AsahiNewspaper  #ComfortWomen	64.70416
Wed Nov 28 17:23:29 +0000 2018	@GiuseppeConteIT @MISE_GOV Art &amp; beauty are the hallmarks of a people fundamental means to increase love for the women! Poems of Love are all women! @virginiaraggi  #Love #WOMEN #Peace #World #Museums #Capitoline #Rome #History #dreaming #legend @museiincomune @ZetemaCultura #beautiful #dreaming #new #days https://t.co/cczLLJyx7Q	52.265984
Fri Nov 30 16:14:21 +0000 2018	@eucopresident @GiuseppeConteIT @MinPres @EmmanuelMacron @JunckerEU #ÇekeHapisCezasıKalksın You cannot imprison sinking trades by law 5941 ... This is contrary to the Universal Declaration of Human Rights.@KatiPiri @AlanDuncanMP @Dunja_Mijatovic @Europarl_EN @EU_Commission @EurobarometerEU @FoxNews @MevlutCavusoglu @JudithSlaterFCO @guardian	45.92301
Sun Dec 09 15:58:08 +0000 2018	@theresa_may the corruption at Dubai that versus western poeple of work and turism  @realDonaldTrump @JustinTrudeau @RoyalFamily @Quirinale	43.010704
Sat Dec 01 08:15:20 +0000 2018	@GiuseppeConteIT @Palazzo_Chigi Japan’s ODA to China—End of a Momentous Foreign Policy Failure （8th November 2018 2:11 a.m.） https://t.co/9BzEjvDtSC #JAPANForward  #China　#HsiChinping　#XiJinping　#習近平　#シュウ・キンペイ #Invasion　#aggression #ShipofChinaCoastGuard　#Armedfishingvessel	40.293083
Wed Nov 07 22:07:02 +0000 2018	“Today, Prime Minister @GiuseppeConteIT and I are pleased to announce a new strategic dialogue between Italy and the United States that will enhance cooperation on a range of issues.” 🇺🇸🇮🇹 https://t.co/U8oGsyTx6K	40.26119
Sun Nov 25 15:37:14 +0000 2018	@GiuseppeConteIT What is the official position of the Government on the disgraceful #GlobalCompact? This act will contribute to make any national migration legislation ineffective allowing more social devastations to happen in your country. Signing it means abusing the trust of your constituents!	39.58471
Sun Nov 25 15:34:14 +0000 2018	@GiuseppeConteIT What is the official position of the Government on the disgraceful #GlobalCompact? This act will contribute to make any national migration regulations ineffective allowing more social devastations to happen in your country. Signing it means abusing the trust of your constituents!	39.58471
Wed Nov 07 15:02:55 +0000 2018	India is delighted to host PM @GiuseppeConteIT.   I am glad he took part in the Technology Summit as well.  During our talks earlier today, we reviewed the full range of the India-Italy partnership, particularly in advancing cooperation in trade, technology and culture. https://t.co/zGOoZBCJZ9	38.641167
Sat Nov 10 13:48:38 +0000 2018	India is delighted to host PM @GiuseppeConteIT.   I am glad he took part in the Technology Summit as well.  During our talks earlier today, we reviewed the full range of the India-Italy partnership, particularly in advancing cooperation in trade, technology and culture. https://t.co/zGOoZBCJZ9	38.641167
Sat Nov 10 17:18:52 +0000 2018	India is delighted to host PM @GiuseppeConteIT.   I am glad he took part in the Technology Summit as well.  During our talks earlier today, we reviewed the full range of the India-Italy partnership, particularly in advancing cooperation in trade, technology and culture. https://t.co/zGOoZBCJZ9	38.641167
Sun Nov 11 04:55:17 +0000 2018	India is delighted to host PM @GiuseppeConteIT.   I am glad he took part in the Technology Summit as well.  During our talks earlier today, we reviewed the full range of the India-Italy partnership, particularly in advancing cooperation in trade, technology and culture. https://t.co/zGOoZBCJZ9	38.641167
Thu Nov 08 05:54:16 +0000 2018	India is delighted to host PM @GiuseppeConteIT.   I am glad he took part in the Technology Summit as well.  During our talks earlier today, we reviewed the full range of the India-Italy partnership, particularly in advancing cooperation in trade, technology and culture. https://t.co/zGOoZBCJZ9	38.641167
Thu Nov 08 10:39:55 +0000 2018	India is delighted to host PM @GiuseppeConteIT.   I am glad he took part in the Technology Summit as well.  During our talks earlier today, we reviewed the full range of the India-Italy partnership, particularly in advancing cooperation in trade, technology and culture. https://t.co/zGOoZBCJZ9	38.641167
Wed Nov 07 07:24:50 +0000 2018	India is delighted to host PM @GiuseppeConteIT.   I am glad he took part in the Technology Summit as well.  During our talks earlier today, we reviewed the full range of the India-Italy partnership, particularly in advancing cooperation in trade, technology and culture. https://t.co/zGOoZBCJZ9	38.641167
Fri Nov 09 04:52:29 +0000 2018	India is delighted to host PM @GiuseppeConteIT.   I am glad he took part in the Technology Summit as well.  During our talks earlier today, we reviewed the full range of the India-Italy partnership, particularly in advancing cooperation in trade, technology and culture. https://t.co/zGOoZBCJZ9	38.641167
Fri Nov 09 04:00:59 +0000 2018	India is delighted to host PM @GiuseppeConteIT.   I am glad he took part in the Technology Summit as well.  During our talks earlier today, we reviewed the full range of the India-Italy partnership, particularly in advancing cooperation in trade, technology and culture. https://t.co/zGOoZBCJZ9	38.641167
Sat Nov 10 22:42:49 +0000 2018	India is delighted to host PM @GiuseppeConteIT.   I am glad he took part in the Technology Summit as well.  During our talks earlier today, we reviewed the full range of the India-Italy partnership, particularly in advancing cooperation in trade, technology and culture. https://t.co/zGOoZBCJZ9	38.641167
Wed Nov 07 02:57:05 +0000 2018	India is delighted to host PM @GiuseppeConteIT.   I am glad he took part in the Technology Summit as well.  During our talks earlier today, we reviewed the full range of the India-Italy partnership, particularly in advancing cooperation in trade, technology and culture. https://t.co/zGOoZBCJZ9	38.641167
Thu Nov 22 08:48:24 +0000 2018	India is delighted to host PM @GiuseppeConteIT.   I am glad he took part in the Technology Summit as well.  During our talks earlier today, we reviewed the full range of the India-Italy partnership, particularly in advancing cooperation in trade, technology and culture. https://t.co/zGOoZBCJZ9	38.641167
Thu Nov 22 16:17:01 +0000 2018	India is delighted to host PM @GiuseppeConteIT.   I am glad he took part in the Technology Summit as well.  During our talks earlier today, we reviewed the full range of the India-Italy partnership, particularly in advancing cooperation in trade, technology and culture. https://t.co/zGOoZBCJZ9	38.641167
Sat Nov 24 04:55:34 +0000 2018	India is delighted to host PM @GiuseppeConteIT.   I am glad he took part in the Technology Summit as well.  During our talks earlier today, we reviewed the full range of the India-Italy partnership, particularly in advancing cooperation in trade, technology and culture. https://t.co/zGOoZBCJZ9	38.641167
Sat Nov 24 08:50:21 +0000 2018	India is delighted to host PM @GiuseppeConteIT.   I am glad he took part in the Technology Summit as well.  During our talks earlier today, we reviewed the full range of the India-Italy partnership, particularly in advancing cooperation in trade, technology and culture. https://t.co/zGOoZBCJZ9	38.641167
Sat Nov 24 07:05:24 +0000 2018	India is delighted to host PM @GiuseppeConteIT.   I am glad he took part in the Technology Summit as well.  During our talks earlier today, we reviewed the full range of the India-Italy partnership, particularly in advancing cooperation in trade, technology and culture. https://t.co/zGOoZBCJZ9	38.641167
Sat Nov 24 08:35:47 +0000 2018	India is delighted to host PM @GiuseppeConteIT.   I am glad he took part in the Technology Summit as well.  During our talks earlier today, we reviewed the full range of the India-Italy partnership, particularly in advancing cooperation in trade, technology and culture. https://t.co/zGOoZBCJZ9	38.641167
Sat Nov 24 05:25:22 +0000 2018	India is delighted to host PM @GiuseppeConteIT.   I am glad he took part in the Technology Summit as well.  During our talks earlier today, we reviewed the full range of the India-Italy partnership, particularly in advancing cooperation in trade, technology and culture. https://t.co/zGOoZBCJZ9	38.641167
Thu Nov 22 08:54:15 +0000 2018	India is delighted to host PM @GiuseppeConteIT.   I am glad he took part in the Technology Summit as well.  During our talks earlier today, we reviewed the full range of the India-Italy partnership, particularly in advancing cooperation in trade, technology and culture. https://t.co/zGOoZBCJZ9	38.641167
Sun Nov 25 15:19:18 +0000 2018	India is delighted to host PM @GiuseppeConteIT.   I am glad he took part in the Technology Summit as well.  During our talks earlier today, we reviewed the full range of the India-Italy partnership, particularly in advancing cooperation in trade, technology and culture. https://t.co/zGOoZBCJZ9	38.641167
Thu Nov 08 14:21:43 +0000 2018	India is delighted to host PM @GiuseppeConteIT.   I am glad he took part in the Technology Summit as well.  During our talks earlier today, we reviewed the full range of the India-Italy partnership, particularly in advancing cooperation in trade, technology and culture. https://t.co/zGOoZBCJZ9	38.641167
Tue Nov 27 16:34:19 +0000 2018	India is delighted to host PM @GiuseppeConteIT.   I am glad he took part in the Technology Summit as well.  During our talks earlier today, we reviewed the full range of the India-Italy partnership, particularly in advancing cooperation in trade, technology and culture. https://t.co/zGOoZBCJZ9	38.641167
Fri Nov 30 16:13:57 +0000 2018	@eucopresident @GiuseppeConteIT @MinPres @EmmanuelMacron @JunckerEU #ÇekeHapisCezasıKalksın The Republic of Turkey is acting contrary to the Universal Declaration of Human Rights ..@KatiPiri @AlanDuncanMP @Dunja_Mijatovic @Europarl_EN @EU_Commission @EurobarometerEU @FoxNews @MevlutCavusoglu @JudithSlaterFCO @guardian @washingtonpost @ikalin1	38.11271
Fri Nov 23 18:34:54 +0000 2018	@GiuseppeConteIT No al global compact No al global compact No al global compact No al global compact  No al global compact No al global compact No al global compact	37.50434
Wed Nov 07 22:56:12 +0000 2018	@GiuseppeConteIT All the best for italian research/researchers (money too).  Remembering that prevention that come from control of environmental quality have same importance. For example a real control of air's quality in cities don't exist.....	37.345074
Sat Dec 01 04:40:49 +0000 2018	@eucopresident @GiuseppeConteIT @MinPres @EmmanuelMacron @JunckerEU @realDonaldTrump @opengovpart @GuyRyder @anticorruption @dfat @JobsGovAU @G20Australia @g20org @b20 @SecretaryRoss @globalcompact @Global_Witness @BarackObama  AUSTRALIA’S COMMITMENT GLOBALLY FRAUD BRIBERY &amp; we were the original signatory of Human Rights which REFLECTS OUR NATIONAL VALUES. Australians are operating in accordance with international best-practice  standards those related to human rights &amp; transparency ????? https://t.co/4FneZaUQDo	36.428013
Sat Dec 01 10:32:07 +0000 2018	@eucopresident @GiuseppeConteIT @MinPres @EmmanuelMacron @JunckerEU fuck khashoggi.....................no islam in Europe do your work	34.21462
Sat Nov 24 02:38:18 +0000 2018	@GiuseppeConteIT @italianmafiajob @paypal founders . Hopefully all Italians will save “ Italy “ what happened to the charm of a “ Roman holiday “ &amp; a “ godfather “ that turned up. @nytimes ( Italians in America - SoS ) @SBrinhpttt  https://t.co/40dQCWbQkB	32.492626
Thu Dec 06 09:07:23 +0000 2018	@Quirinale   Acknowledgment for the recognition of the science works (dissertation and monograph) I participated at the Medical School of Sao Jose do Rio Preto and Federal University of the Triangulo Mineiro. Video 1: https://t.co/1NmQeISQto  Video 2: https://t.co/4bVjA3kFOx	32.069252
Wed Dec 12 16:03:10 +0000 2018	Working meeting @JunckerEU and @GiuseppeConteIT on #Italy’s budgetary plan 2019 underway. Joined by @VDombrovskis @pierremoscovici and Minister of the Economy and Finances, Giovanni #Tria. https://t.co/YoYZRqOkTy	30.075323
Fri Nov 30 16:14:44 +0000 2018	@eucopresident @GiuseppeConteIT @MinPres @EmmanuelMacron @JunckerEU #ÇekeHapisCezasıKalksın Republic of Turkey in the women thrown in jail because of the debt for the children are living in disgrace. @KatiPiri @AlanDuncanMP @Dunja_Mijatovic @Europarl_EN @EU_Commission @EurobarometerEU @FoxNews @MevlutCavusoglu @JudithSlaterFCO @guardian @ikalin1	29.658722
Tue Dec 11 11:58:12 +0000 2018	@GiuseppeConteIT Populism is good  !!!!!!! Over bearing communist, socialist, fascist government is bad and that is what Italian government is. You do not create jobs, but flit about here and there doing nothing. Jobs create more jobs and poverty creates more poverty.	29.111664
Fri Nov 30 18:40:59 +0000 2018	@eucopresident @GiuseppeConteIT @MinPres @EmmanuelMacron @JunckerEU Finally in accordance with POLYWAGS-2016 Agreement, I assert that as proprietary owner and operator of SHIELD© : The Pillar &amp; Knight Standard thereof after G-Force University graduation. An Academiæ for Gifted, Aware, Bright, and Astonishing Individuals of Earth.	28.918812
Sat Dec 01 04:59:00 +0000 2018	@eucopresident @EmmanuelMacron @GiuseppeConteIT @MinPres @JunckerEU John Brennan: Trump’s “Iceberg of Lies, Deceit, Corruption &amp; Criminality Is Steadily Surfacing” https://t.co/en6nc4O39z	28.703514
Wed Nov 07 22:07:07 +0000 2018	During their meeting at the White House, @realDonaldTrump and @GiuseppeConteIT discussed ways to enhance cooperation in the fight against terrorism. https://t.co/u9TLQgx1d0	28.334677
Sat Dec 01 11:05:40 +0000 2018	@eucopresident @EmmanuelMacron @GiuseppeConteIT @MinPres @JunckerEU Easy : the journalist got his fingers cut off.. It was horrible..  Climate : shall we speak about geoengineering ? Climate can be alright..  Trade : Money will be gone with blockchains so define (new) trade ?	26.779362
Sat Nov 24 15:10:45 +0000 2018	@POTUS @GiuseppeConteIT @France24_en I said last year about the grassroots public, example taxi drivers I talked to in Nantes France, testing the Pd type Macron and his falsity, time is up! They had enough crap from type old financial club governments same as in USA and Italy’s!	26.408094
Thu Dec 06 09:07:40 +0000 2018	@GiuseppeConteIT   Acknowledgment for the recognition of the science works (dissertation and monograph) I participated at the Medical School of Sao Jose do Rio Preto and Federal University of the Triangulo Mineiro. Video 1: https://t.co/1NmQeISQto Video 2: https://t.co/4bVjA3kFOx	25.527065
Wed Dec 05 11:02:03 +0000 2018	@GiuseppeConteIT Trickle Down Economics will cause inflation and increase debt. Bottom Up Economics using deficit neutral tax credits tied to hiring (€ turn over and taxes collected). €90 billion/3 million jobs/€30,000 per year, +13% workers. =+9% GDP that doubles in 8 years..	24.925549
Thu Nov 22 17:36:21 +0000 2018	@GiuseppeConteIT Good evening Mr Conte. I recently wrote to you (letter dated 01/10/18) on the subject of the Italian school system and how I have both the skills and experience which could be of assistance to your Government.  Please do let me know your thoughts - thank you.	24.70861
Fri Nov 30 19:58:57 +0000 2018	@eucopresident @alexstubb @GiuseppeConteIT @MinPres @EmmanuelMacron @JunckerEU ETR is calling on the concrete result for the @mercosur @jairbolsonaro @mauriciomacri Will you still sign in @g20org like @realDonaldTrump @JustinTrudeau @EPN using this great global stage for one key pillar of EU rule based trading system #multilateralism @Trade_EU @MalmstromEU	23.658587
Sat Dec 01 00:29:01 +0000 2018	@GiuseppeConteIT Arresting A Head Of State Is Violating State Sovereignty, Ruining Diplomatic Ties, Damaging Global Unity, Endangering International Peace And Security, And Turning The World Upside Down.  Tap the link below and read more.  https://t.co/j4Npa1VgAV	23.565084
Thu Nov 22 16:00:57 +0000 2018	@GiuseppeConteIT from “ see Rome before you die “ wish , hope it s not going to the disappearing of the “ Venetian Gondala “ by Mendelssohn. Only way to go is to lift the city from it s base , to a raised platform @lindaunobel  https://t.co/Xxc4Z9wZ0q	21.906042
Tue Dec 11 17:46:58 +0000 2018	@GiuseppeConteIT Popular conservatism is what will renew Italy and bring Italian culture to the far ends of the world.	21.870995
Fri Nov 30 18:48:03 +0000 2018	@eucopresident @GiuseppeConteIT @MinPres @EmmanuelMacron @JunckerEU Finally I have already flown Spires and Turnkeys as I stand alone, unassisted by my home-nation... Known locally as Captain America but, now due to FB🍎 daily brainwashing via Bernays-tactics ... I am the oldest of my siblings and crown-mark for France (Weaverr) dropped by me BBT	21.66213
Tue Nov 27 21:02:07 +0000 2018	@GiuseppeConteIT No GLOBAL COMPACT NO GLOBAL COMPACT NO GLOBAL COMPACT. PRESIDENTE. NO GLOBAL COMPACT	19.29809
Fri Nov 23 15:14:00 +0000 2018	@GiuseppeConteIT NO GLOBAL COMPACT ! NO GLOBAL COMPACT !  NO GLOBAL COMPACT !	19.046467
Sat Dec 01 08:05:59 +0000 2018	@GiuseppeConteIT @Palazzo_Chigi 【Agreement Between Japan and the Republic of Korea Concerning the Settlement of Problems in Regard to Property and Claims and Economic Cooperation】（Wikisource） https://t.co/72FNnoB8vj  #戦時出稼ぎ朝鮮人労働者 #KoreanWorkerOftheWartimeEmigration	17.736443
Fri Nov 30 12:49:06 +0000 2018	.@JunckerEU #G20 “Met @GiuseppeConteIT last week and will meet him again today. We are not at war with #Italy. We are making progress, let’s not dramatise. We are with Italy and Italy is with us.“ https://t.co/w7E2JVPlhr	17.715422
Wed Nov 07 04:46:14 +0000 2018	@GiuseppeConteIT THE RETURN OF THE CREATORS OF THE LIFE 👽 AND JESUS CRHIST SUPER STAR 👽https://t.co/RZYL8t3peG 🎥 Elohim Embassy are you... - YouTube https://t.co/r38vag0CKP Elohim Embassy - The Raelian Movement - https://t.co/r9WRLEnVO9 https://t.co/8mFGPtISYQ	17.689135
Thu Nov 08 23:20:40 +0000 2018	Just met the new Prime Minister of Italy, @GiuseppeConteIT, a really great guy. He will be honored in Washington, at the @WhiteHouse, shortly. He will do a great job - the people of Italy got it right!	17.381632
Tue Nov 27 04:47:29 +0000 2018	@EmmanuelMacron @GiuseppeConteIT @Queen_Europe Paris in floods , Venice in floods . There s a thought of moving it up the Alphs - it s a mountain range the 8 countries own . Vatican moves upward @lindaunobel ( they know better ) https://t.co/Ma6UkXJNux	17.173
Fri Nov 30 20:19:00 +0000 2018	.@JunckerEU #G20 “Met @GiuseppeConteIT last week and will meet him again today. We are not at war with #Italy. We are making progress, let’s not dramatise. We are with Italy if Italy is with us.“ https://t.co/o8BvBqkhka	17.02147
Thu Nov 29 21:14:39 +0000 2018	The Primer Min of #Italy @GiuseppeConteIT 🇮🇹 arrives in #Argentina to participate in the #G20Summit #Diplomacy140 @g20org  #G20Argentina https://t.co/lG6gvuWrQn	16.590405
Sat Dec 01 08:01:15 +0000 2018	@GiuseppeConteIT @Palazzo_Chigi ［Press Releases］ Regarding the Decision by the Supreme Court of the Republic of Korea, Confirming the Existing Judgments on the Japanese Company （Statement by Foreign Minister Taro Kono） ｜ Ministry of Foreign Affairs of Japan （30th October 2018） https://t.co/fRv2OBLWhR	16.543211
Fri Nov 30 04:39:33 +0000 2018	@g20org Welcome, @GiuseppeConteIT! The Primer Minister of #Italy 🇮🇹 has arrived in Argentina to participate in the #G20Summit.  #G20Argentina https://t.co/E7JYk2ipIb	16.307339
Sat Nov 24 04:58:56 +0000 2018	@GiuseppeConteIT  @Pontifex ( it s sad they let such a country die , such a beautiful country - history, the culture &amp; people ) Italian mafia - SoS . How do u prevent the sea or climate change destroying your beautiful country.  https://t.co/40dQCWbQkB	16.2176
Fri Nov 23 18:59:50 +0000 2018	@GiuseppeConteIT No global compact	16.083279
Sun Nov 25 00:59:10 +0000 2018	@GiuseppeConteIT NO GLOBAL COMPACT.	16.083279
Wed Nov 28 16:33:54 +0000 2018	@GiuseppeConteIT NO GLOBAL COMPACT	16.083279
Tue Nov 27 22:33:57 +0000 2018	@GiuseppeConteIT  No global compact	16.083279
Sun Nov 25 12:28:59 +0000 2018	@GiuseppeConteIT No Global Compact!	16.083279
Tue Nov 27 20:10:47 +0000 2018	@GiuseppeConteIT NO GLOBAL COMPACT !!!!!!!!!!!!!!!!!!!!!!!!!!!	16.083279
Tue Nov 27 20:10:16 +0000 2018	@GiuseppeConteIT NO GLOBAL COMPACT !!!!!!!!!!!!!!!!!!!!!!!!!!!!!!	16.083279
Sat Dec 01 11:22:24 +0000 2018	@GiuseppeConteIT NO GLOBAL COMPACT !!!	16.083279
Mon Dec 03 07:02:08 +0000 2018	@GiuseppeConteIT No global compact.	16.083279
Sat Dec 01 08:11:52 +0000 2018	@GiuseppeConteIT @Palazzo_Chigi Announcement by Foreign Ministers of Japan and the Republic of Korea at the Joint Press Occasion ｜ Ministry of Foreign Affairs of Japan （28th December 2015） https://t.co/RNo4HyTJtF  #ComfortWomen #theReconciliationAndHealingFoundation	16.022505
Wed Nov 21 17:48:42 +0000 2018	"@GiuseppeConteIT @matteosalvinimi ""luigidimaio NO al #GlobalCompactMigration Watch: The dangers of the UN migration pact explained in two minutes https://t.co/9K2k46iF2v"	15.7721195
Sat Dec 01 19:14:39 +0000 2018	"@GiuseppeConteIT describes Trump as ""generous"", says there are commonalities between their governments and praises his stance on immigration. Sounds like a bit of a populist bromance to me"	15.737186
Sat Dec 01 07:58:50 +0000 2018	@GiuseppeConteIT @Palazzo_Chigi Regarding the Decision by the Supreme Court of the Republic of Korea,  Confirming the Existing Judgments on the Japanese Company （Statement by Foreign Minister Taro Kono）｜Ministry of Foreign Affairs of Japan（29th November 2018）https://t.co/eYRxgunAf8  #戦時出稼ぎ朝鮮人労働者	15.709816
Mon Nov 26 02:07:16 +0000 2018	@GiuseppeConteIT No al global compact	15.558228
Tue Nov 27 08:09:49 +0000 2018	@GiuseppeConteIT  No global Impact, grazie	15.558228
Fri Nov 30 22:14:17 +0000 2018	@GiuseppeConteIT @Palazzo_Chigi No global compact	15.558228
Wed Dec 05 20:01:32 +0000 2018	@GiuseppeConteIT Conte......NO global compact!!!!!	15.558228
Wed Nov 28 21:26:04 +0000 2018	@GiuseppeConteIT No al Global Compact!	15.558228
Thu Nov 29 06:07:46 +0000 2018	@GiuseppeConteIT No al  global compact!!!!!!!	15.558228
Thu Nov 29 14:29:13 +0000 2018	@GiuseppeConteIT Ora no global compact	15.558228
Mon Dec 10 13:46:06 +0000 2018	@GiuseppeConteIT Somiglia al Global Compact.	15.558228
Tue Nov 27 21:23:15 +0000 2018	@GiuseppeConteIT No global compact. NON FIRMATE!	15.066378
Tue Nov 27 22:10:29 +0000 2018	@GiuseppeConteIT no adesione al global compact	15.066378
Fri Nov 30 08:24:27 +0000 2018	@GiuseppeConteIT @mauriciomacri No .al Global  compact. ..	15.066378
Wed Nov 28 20:21:54 +0000 2018	@GiuseppeConteIT Proteggeteci dall'invasione, niente Global Compact.	15.066378
Fri Nov 30 09:23:36 +0000 2018	@GiuseppeConteIT non firmate il global compact	15.066378
Thu Nov 08 16:15:52 +0000 2018	@GiuseppeConteIT don´t care what the @ecb say. Italia need investments. Make debts as #Germany did in the past.	15.004169
Fri Nov 09 11:42:57 +0000 2018	@realDonaldTrump @PutinRF_Eng @GiuseppeConteIT @matteosalvinimi @AlfonsoBonafede @ViktorOrban : for a better World, pls, STOP Mr. George SOROS=s. short Attch. Profile =Great Sponsor of massive Migrations &amp; Resp. of TOTAL Destabilisat. in Europe, Africa &amp; Asia! Help you Each Other	14.729343
Sat Nov 10 17:52:04 +0000 2018	It is my great honor to welcome Prime Minister @GiuseppeConteIT of Italy to the @WhiteHouse! Join us at 2:00pmE for our joint press conference: https://t.co/XAchZ3zUSe https://t.co/5t4QVsKKqH	14.6399765
Tue Nov 27 10:46:27 +0000 2018	@GiuseppeConteIT NO GLOBAL COMPACT https://t.co/tiKySMOKEn	14.6046715
Tue Nov 27 10:44:13 +0000 2018	@GiuseppeConteIT NO GLOBAL CONTACT https://t.co/tiKySMOKEn	14.6046715
Wed Nov 28 18:04:35 +0000 2018	@GiuseppeConteIT @luigidimaio @matteosalvinimi NO al Global Compact!!!!!!!	14.6046715
Thu Nov 29 22:23:55 +0000 2018	@GiuseppeConteIT Don't sign the #UN Global compact	14.6046715
Fri Nov 09 11:26:48 +0000 2018	@realDonaldTrump @PutinRF_Eng @GiuseppeConteIT @matteosalvinimi @AlfonsoBonafede @ViktorOrban : for a better World, pls, STOP Mr. George SOROS=s. short Attch. Profile =Great Sponsor of massive Migrations &amp; Resp. of TOTAL Destabilisat. in Europe, Africa &amp; Asia! Help you Each Other https://t.co/baXOmytEtC	14.429848
Wed Nov 28 10:40:38 +0000 2018	@GiuseppeConteIT  No al Global Compact https://t.co/39gt7TrrxY	14.170421
Sun Dec 02 14:39:15 +0000 2018	@GiuseppeConteIT NO GLOBAL COMPACT Presidente...😕😕😕	14.170421
Sun Nov 25 00:59:40 +0000 2018	@GiuseppeConteIT No Global Compact. Lots of support from USA.	13.761248
Wed Nov 28 16:05:00 +0000 2018	@GiuseppeConteIT @Palazzo_Chigi @gbongiorno66 @AlfonsoBonafede Non firmate il Global Compact!!!	13.761248
Sat Dec 01 20:08:19 +0000 2018	‘Photos With Facists’ would make an excellent name for a punk band.  Picture with @GiuseppeConteIT (facist &amp;Italian Prime Minister) - and @tompwymer (not a fascist) at G20 Argentina. https://t.co/nkysqshblF	13.7518015
Fri Nov 23 02:44:13 +0000 2018	@GiuseppeConteIT @Roma @virginiaraggi Sell your gold reserves pay your bills and move on  Simple mess up and get hanged like the Vatican banker  See even god has money problems https://t.co/4aeFhUu1SF	13.523421
Sat Dec 01 19:38:27 +0000 2018	‘Photos With Facists’ would make an excellent name for a punk band.  Picture with @GiuseppeConteIT (facist &amp;Italian Prime Minister) - and @tompwymer (not a fascist) at G20 Argentina. https://t.co/nkysqshblF	13.396683
Sun Dec 02 14:06:10 +0000 2018	@GiuseppeConteIT You’re right https://t.co/tXbGH2jiEB	13.344608
Sun Nov 25 21:23:42 +0000 2018	@GiuseppeConteIT Turkey is the biggest hero in the Mediterranean. Look at your history or you will learn it with your blood.. buddy.	12.734552
Thu Nov 08 23:20:50 +0000 2018	RT @GiuseppeConteIT: A bright day for the Balkans and Europe. Congratulations to @tsipras_eu and @ZoranZaev #NorthMacedonia	12.580612
Sat Dec 01 07:57:56 +0000 2018	@GiuseppeConteIT @Palazzo_Chigi Press Conference by the Chief Cabinet Secretary ［Japanese Government Internet TV］ ｜ Prime Minister of Japan and His Cabinet Homepage （29th November 2018（A.M.）） https://t.co/KmTSvTfC8f  #戦時出稼ぎ朝鮮人労働者 #KoreanWorkerOftheWartimeEmigration	12.470346
Sat Dec 01 04:48:46 +0000 2018	@eucopresident @GiuseppeConteIT @MinPres @EmmanuelMacron @JunckerEU So Germany has already conquered Europe through the EU, wants to build an army against America &amp; Russia, &amp; are worried about a Muslim Brotherhood asset because they already allied with Islam like the previous World Wars. Welcome to history repeating itself... Nazi era 1940’s.	12.067276
Tue Nov 27 10:44:37 +0000 2018	@GiuseppeConteIT Stay strong!! Greetings from Greece! I wish in Greece to have a prime minister like you !!! Do not let them bend you. You are the only one who resists the predators of europe!!	11.825942
Sat Dec 01 14:02:47 +0000 2018	@eucopresident @GiuseppeConteIT @MinPres @EmmanuelMacron @JunckerEU Everyone a multi millionaire and will be grovelling to the Saudi Prince to sell him even more arms to make themselves even richer! A fucking shambles and then some!	11.3209095
Sat Dec 01 17:08:53 +0000 2018	OTHERWISE, @antonioguterres @JapanGov @GiuseppeConteIT @RegSprecher @eucopresident @CanadianPM @SecPompeo @JunckerEU @EmmanuelMacron @theresa_may, #UN &amp; #G20, like @realDonaldTrump’s world, are 1 BIG SHAM, #FAKE contrived to serve interests of the few at the expense of the many.	11.156266
Thu Dec 06 14:33:59 +0000 2018	@GiuseppeConteIT  If you sign this, you sign the death of your political career. STOP the political infighting What are they threatening you with??? You KNOW this is NOT right! Do the RIGHT THING Be on the RIGHT side of history! #NoGlobalCompact	10.802315
Fri Nov 30 18:45:35 +0000 2018	@eucopresident @EmmanuelMacron @GiuseppeConteIT @MinPres @JunckerEU Nice to see Macron shaking hands and joking with Saudi Prince.. Murder Death, Kill is all fine by the EU fascist dictatorship.. Coordinated on organised Globalism,Terrorism Elitism.. #Revolution not EUvolution	10.684834
Sat Nov 24 12:01:27 +0000 2018	@GiuseppeConteIT 's closing remarks in the successful #Med2018. Bravo @ispionline! https://t.co/06rXSPv9Zd	10.518776
Wed Dec 12 18:35:37 +0000 2018	@GiuseppeConteIT Italy is off to a good start by always negotiating from a position of strength. Italian leadership is back.	10.367392
Sat Dec 01 08:13:16 +0000 2018	@GiuseppeConteIT @Palazzo_Chigi Press Conference by the Chief Cabinet Secretary ｜ Prime Minister of Japan and His Cabinet （21st November 2018（P.M.）） https://t.co/k3NGkCtCmc  #ComfortWomen #theReconciliationAndHealingFoundation	9.845215
Fri Nov 23 10:52:59 +0000 2018	@narendramodi @GiuseppeConteIT 40 days of harassment to school kids in Wakad. School flouts RTE which is an integral part of the venerable Indian Constitution. Not clear as to why PCMC DYDE NCPCR MSCPCR etc are mum? No one cares for d 100 odd kids harassed. School is collecting ransom money thru extortion. HLP	9.678137
Fri Nov 30 18:40:23 +0000 2018	@eucopresident @EmmanuelMacron @GiuseppeConteIT @MinPres @JunckerEU “To establish what happened?” There is a tape, a missing body, a CIA report, and you still “need to establish?” In most Criminal Codes this is called “Willful Blindness”. And you are surprised your ratings are below 30%?! It takes courage to be honest AND to be a real leader.	9.57929
Fri Nov 30 18:05:16 +0000 2018	@eucopresident @EmmanuelMacron @GiuseppeConteIT @MinPres @JunckerEU EGYPTIAN DISK - BI-STRAW - BRANCH AHEAD in my site; just now noticed; i can't twitt no longer for risk site be shrunk.	9.531837
Thu Nov 08 12:02:44 +0000 2018	@GiuseppeConteIT @matteosalvinimi @luigidimaio NO #GLOBALCOMPANCTONIMMIGRATION NO STOP NO STOP NO STOP NO STOP NO STOP NO STOP NO STOP NO STOP NO STOP	9.313377
Sat Dec 01 04:37:29 +0000 2018	@eucopresident @GiuseppeConteIT @MinPres @EmmanuelMacron @JunckerEU @realDonaldTrump @opengovpart @GuyRyder @anticorruption @dfat @JobsGovAU @G20Australia @g20org @b20 @SecretaryRoss @globalcompact @Global_Witness  I was employed in Melbourne to develop S.West Asian Countries Business  PROFESSIONALLY FRAUD due to my trust with Australian ethics now  impossible for me to use other channels to get 2yrs owed    wages++++++payable on 31072015 &amp; B4. https://t.co/F41YTzWlLf	9.245709
Wed Nov 28 18:16:34 +0000 2018	@Quirinale 🛎️ #security decree: another passage is due and it is all about your honourable Presidential powers to require reconsideration of the law and/or to refuse the promulgation of this government act, to uphold sacred #Constitution/al principles.	9.163711
Tue Dec 04 13:42:04 +0000 2018	@GiuseppeConteIT Gregor Mendel’s air pump mommy !!!	8.940686
Thu Dec 06 00:29:33 +0000 2018	@Quirinale  Dear President  Seasons Greetings  Please speak out against the Asian #catmeattrade  Millions of cats are brutally tortured for superstitious/unscientific beliefs that it produces health benifits‼️ Cats are loving companions not food‼️ https://t.co/yaj9kXQr8t	8.587489
Sun Dec 02 22:13:38 +0000 2018	@eucopresident @GiuseppeConteIT @MinPres @EmmanuelMacron @JunckerEU Mr Juncker is standing properly.	8.487768
Thu Nov 22 22:26:57 +0000 2018	@GiuseppeConteIT In Sri Lanka #democracyundersiege. Please, along with like minded Political Leaders around the world, exert pressure on President Sirisena to follow the Democratic path and uphold the Constitution of Sri Lanka. Please take the lead and form a 'Front' to do this.	8.391433
Mon Dec 10 10:13:44 +0000 2018	"@GiuseppeConteIT @matteosalvinimi @Pontifex_it @Palazzo_Chigi @Viminale   #youngtogether ""Our lives begin to end the day when we are silent about the things that matter.""                          ""I AM"" https://t.co/RUTnahaBMT"	8.130784
Sat Dec 01 08:54:01 +0000 2018	@GiuseppeConteIT I trust on you,professor/prime Minister Joe CONTE;ad maiora!!!	7.940475
Thu Nov 29 13:55:10 +0000 2018	With all respect to @AngelaMerkeICDU @EmmanuelMacron @GiuseppeConteIT @sanchezcastejon please how shall we ever communicate a United Europe to the World if you attend such G7 - G20 meetings? Really a United EU @ecfin @Eu_15409040049 should be represented by @eucopresident	7.7066145
Fri Nov 30 10:59:18 +0000 2018	@realDonaldTrump @GiuseppeConteIT @WhiteHouse Send his asspacking back to Italy; all they care about is the American dollar	7.4871426
Tue Dec 11 07:13:48 +0000 2018	@GiuseppeConteIT We must protect our Free Democracy. https://t.co/y5OxC5SAoT	7.408207
Wed Nov 07 23:25:09 +0000 2018	@GiuseppeConteIT Again, the approach to all kinds and more ancient, efficient and secure medical herbs is totally negative and  unscientific.	7.304921
Mon Dec 03 01:32:58 +0000 2018	@GiuseppeConteIT, thanks for your visit to my country. I’m an Argentine citizen who feels proud of his presence. You are always welcome. I hope you enjoyed your stay. @mauriciomacri thank you for the effort to make a better country every day. Kind regards. Marcelo.	7.174938
Sat Dec 01 19:59:15 +0000 2018	#G_20_WorldProlife Argentina rejects Abortion Policies @GiuseppeConteIT @AbeShinzo  @EPN @theresa_may @KremlinRussia_E @CyrilRamaphosa @JunckerEU @PaulKagame @nguyenxuanphuc1 @MarkCarney_BOE @GuyRyder @Lagarde @sanchezcastejon @Macky_Sall @A_Gurria @antonioguterres @JimYongKim	6.8568463
Sat Dec 01 13:49:44 +0000 2018	@eucopresident @GiuseppeConteIT @MinPres @EmmanuelMacron @JunckerEU As Lord Heseltine said so cogently it is meaningless to talk about sovereignty without talking about power. #G20summit coordinated EU position demonstrates the power that comes from pooling sovereignty with like-minded nations. #StopBrexit	6.7195625
Fri Nov 30 11:40:32 +0000 2018	@GiuseppeConteIT @mauriciomacri Luckily all are there including the elephant in the room (Trump) please help to solve the most urgent issue, which is climate change. My suggestion would be an equal allowance per capita tradable if required. We all share the same planet and all want to live.	6.716643
Sat Dec 01 20:23:31 +0000 2018	#G_20_WorldProlife Argentina rejects Abortion Policies @GiuseppeConteIT @AbeShinzo  @EPN @theresa_may @KremlinRussia_E @CyrilRamaphosa @JunckerEU @PaulKagame @nguyenxuanphuc1 @MarkCarney_BOE @GuyRyder @Lagarde @sanchezcastejon @Macky_Sall @A_Gurria @antonioguterres @JimYongKim https://t.co/clPFPgTIxB	6.6793547
Fri Nov 09 04:58:25 +0000 2018	@eucopresident @TimmermansEU @JunckerEU @RegSprecher @EmmanuelMacron @markrutte @sebastiankurz @GiuseppeConteIT 2 #EU ...and which should be championed by all parties. This objective must be a key consideration as parties proceed to fine-tune their positioning strategies, ensuring that policies and partisan positions do not in any ways compromise it or misrepresent it to electorate.	6.6744833
Fri Nov 30 16:18:17 +0000 2018	@eucopresident @GiuseppeConteIT @MinPres @EmmanuelMacron @JunckerEU Why are you there, Tusk? You're not a head of government and the people of Europe did not elect you. #dictatorship	6.5174623
Mon Dec 03 17:04:47 +0000 2018	@realDonaldTrump @TurnbullMalcolm @netanyahu @BoykoBorissov @GiuseppeConteIT @PremierRP_en @zoltanspox @ScottMorrisonMP @KolindaGK @sebastiankurz @slaveksobotka Congratulations! Your decision to resist the corrupt @UN is absolutely correct. France is Hell, yours are Heaven!	6.093462
Sat Nov 24 16:25:11 +0000 2018	@GiuseppeConteIT @GiuliaGrilloM5S  STOP FAKE NEWS ! Not too difficult to understand !  #vaccineswork To be flexible is not in the interest of Italian children ! @EurAcademyPaeds @IPAWorldorg  @Antonio_Tajani @WRicciardi @ECDC_EU @iovaccino @EU_Health	5.859717
Sat Dec 01 08:09:26 +0000 2018	@GiuseppeConteIT @Palazzo_Chigi 200,000 South Korean Wartime Sex Slaves is ‘Fake News,’ says Historian; An Interview with Dr. Ikuhiko Hata（5th April 2017 12:31 p.m.） https://t.co/2687M5GWiA #JAPANForward  #AsahiShimbunIsaFakeNewspaper #AsahiShimbun #AsahiNewspaperIsaFakeNewspaper #AsahiNewspaper #ComfortWomen	5.631572
Sat Dec 01 05:52:11 +0000 2018	@eucopresident @GiuseppeConteIT @MinPres @EmmanuelMacron @JunckerEU No mention of the three journalist's murdered investigating corruption across the European union's institutions disgraceful	5.579912
Fri Nov 30 17:44:10 +0000 2018	@eucopresident @EmmanuelMacron @GiuseppeConteIT @MinPres @JunckerEU The international community and anyone with a brain is wondering how so many people in offics could feign stupidity while wasting time.	5.3394794
Fri Nov 09 15:48:59 +0000 2018	@Quirinale The Sri Lankan president is unconstitutionally dissolving parliament and placing total democracy on it. Please intercede. Sri Lanka is in danger.	5.3241243
Fri Nov 30 21:32:06 +0000 2018	@eucopresident @GiuseppeConteIT @MinPres @EmmanuelMacron @JunckerEU We already know what happened. And there is not such thing as criminal investigations in non democratic non rule of law countries.	5.2622385
Thu Nov 08 00:47:42 +0000 2018	@Quirinale Deeply Apologize For Late Tweets...The Honorable Italy And People Of Italy... Your Excelency Pdt Sergio Mattarella... https://t.co/LQYl1fevgT	5.215716
Sat Dec 01 08:06:47 +0000 2018	@GiuseppeConteIT @Palazzo_Chigi 【Treaty on Basic Relations between Japan and the Republic of Korea】（Wikipedia） https://t.co/yniSr9vIsG  #戦時出稼ぎ朝鮮人労働者 #KoreanWorkerOftheWartimeEmigration	5.212608
Sat Nov 24 04:34:59 +0000 2018	@narendramodi @GiuseppeConteIT 41 days of harassment to school kids in Wakad. School flouts RTE which is an integral part of the venerable Indian Constitution. Not clear as to why PCMC DYDE NCPCR MSCPCR etc are mum? No one cares for d 100 odd kids harassed. School is collecting ransom money thru extortion. HLP	5.159317
Sun Dec 02 23:34:15 +0000 2018	@GiuseppeConteIT Deeply...Deeply Apologize For Always Having The Plea... The Honorable Beloved Italy And Beloved People Of Beloved Italy...Your Excellency PM Giuseppe Conte... https://t.co/V8yExZeVVT	5.11814
Sat Dec 01 16:37:12 +0000 2018	@eucopresident @GiuseppeConteIT @MinPres @EmmanuelMacron @JunckerEU You know why situation is so bad in our European countries? Because all our leaders are to busy to take care of world problems and forget to manage their own countries. Everything that is wrong in Europe is THE FAULT OF UE!!!!!!! EVERYTHING	5.1101565
Sat Nov 24 04:58:01 +0000 2018	@narendramodi @SushmaSwaraj @GiuseppeConteIT 41 days of harassment to school kids in Wakad. School flouts RTE which is an integral part of the venerable Indian Constitution. Not clear as to why PCMC DYDE NCPCR MSCPCR etc are mum? No one cares for d 100 odd kids harassed. School is collecting ransom money thru extortion. HLP	5.0633035
Sat Dec 01 11:39:22 +0000 2018	@eucopresident @GiuseppeConteIT @MinPres @EmmanuelMacron @JunckerEU Spanish people are not more the small ones in the room :)	5.0308366
Thu Nov 08 19:54:30 +0000 2018	@GiuseppeConteIT Conte: I am impeaching @EmmanuelMacron for Corruption. His wife is going to jail for overspending. What parade everyone is going to?	4.7644863
Sat Dec 01 08:02:27 +0000 2018	@GiuseppeConteIT @Palazzo_Chigi ［Press Conferences］ Press Conference by Foreign Minister Taro Kono ｜ Ministry of Foreign Affairs of Japan （6th November 2018 2:50 p.m.） https://t.co/GygY0M85XC  #戦時出稼ぎ朝鮮人労働者 #KoreanWorkerOftheWartimeEmigration	4.6460032
Tue Nov 27 02:44:34 +0000 2018	@GiuseppeConteIT @Pontifex  i will convert to catholic , should I reach Italians shores - Rome , in exile forever . ( away &amp; only visit very few people otherwise outside your country ) it is sincere .  Musique d ‘ bocelli . https://t.co/m21WqRNXGT	4.462244
Tue Nov 06 23:24:43 +0000 2018	@GiuseppeConteIT The gangster and Putin's good soldier.	4.2011275
Fri Nov 30 16:21:29 +0000 2018	@eucopresident @GiuseppeConteIT @MinPres @EmmanuelMacron @JunckerEU Urgent Need Oct 2nd 🙄	3.847417
Fri Nov 30 10:11:34 +0000 2018	@EmmanuelMacron @eucopresident @JunckerEU @MalmstromEU @AngelaMerkeICDU @MinPres @GiuseppeConteIT @sanchezcastejon @sebastiankurz @PremierRP_en @BelgiumMFA @mercosur @francediplo ETR is calling @EmmanuelMacron go not go down the Agro Populism reflex. Are you liberal @guyverhofstadt or Social Democrat @MarosSefcovic? If you can not reform @realDonaldTrump populism will not help you. if you let such reflexes dominate you - you can never allow @Trade_EU https://t.co/N0pfLhs143	3.8383284
Fri Dec 07 17:51:50 +0000 2018	@eucopresident @EmmanuelMacron @GiuseppeConteIT @MinPres @JunckerEU Your little club is getting smaller and smaller.	3.5486422
Fri Dec 07 14:08:38 +0000 2018	@realDonaldTrump @EmmanuelMacron @JustinTrudeau @theresa_may @ScottMorrisonMP @GiuseppeConteIT @markrutte @sanchezcastejon @erna_solberg   Crimes of the dictator (#Saudi Crown Prince) never end. Help #Saudis.   https://t.co/Yv79Ubh8bu	3.2304046
Fri Nov 23 18:18:56 +0000 2018	@JustinTrudeau @realDonaldTrump @EmmanuelMacron @sanchezcastejon @GiuseppeConteIT @anabrnabic @RT_Erdogan @MargvelashviliG @CyrilRamaphosa &amp; Xi Jinping. Get on this. 👀	2.2873988
Sat Dec 01 11:25:51 +0000 2018	President ⁦@JunckerEU⁩ meets with Prime Minister ⁦@GiuseppeConteIT⁩ in Buenos Aires on the sidelines of #G20Argentina. Commissioner ⁦@pierremoscovici⁩ and Minister G. Tria also attending. https://t.co/aCp4OEuEDO	2.1732597
Fri Nov 09 19:55:22 +0000 2018	Just spoke with Prime Minister @GiuseppeConteIT of Italy concerning many subjects, including the fact that Italy is now taking a very hard line on illegal immigration...	2.0883749
Fri Nov 30 17:44:36 +0000 2018	@eucopresident @EmmanuelMacron @GiuseppeConteIT @MinPres @JunckerEU Cut the crap Donald !!! We all know what happened !!! This MBS character is a vicious monster carrying loads of 💵 to pay for his crimes !!! #G20 #khashoggiMurder	2.068831
Tue Dec 11 05:35:39 +0000 2018	"@eucopresident @EP_President @GiuseppeConteIT @JunckerEU Tax havens - The so-called ""tax havens"" where there are money from mafia, lenders and criminals of all sorts, must be closed by..."	2.0465527
Fri Nov 30 19:54:17 +0000 2018	"@eucopresident @EmmanuelMacron @GiuseppeConteIT @MinPres @JunckerEU @EUCouncil @phcouillard @justintrudeau @AbeShinzo @TimmermansEU @Europarl_EN @EarthEcho @HeikoMaas @VicenteFoxQue @MMAFighting @Schwarzenegger @pcousteau @jeanmicheljarre @AndrewLloydWeb0 @NASA @Digi24_HD @HulkHogan ""on a slab found his cloth, when entered rhomb, the drawing of"	2.0215275
Fri Nov 30 19:55:45 +0000 2018	@eucopresident @EmmanuelMacron @GiuseppeConteIT @MinPres @JunckerEU @EUCouncil @phcouillard @justintrudeau @AbeShinzo @TimmermansEU @Europarl_EN @EarthEcho @HeikoMaas @VicenteFoxQue @MMAFighting @Schwarzenegger @pcousteau @jeanmicheljarre @AndrewLloydWeb0 @NASA @Digi24_HD @HulkHogan his NDA, with pregnant womb; that is all you missed, the story	2.0215275
Mon Nov 26 15:36:09 +0000 2018	@GiuseppeConteIT I don't know what @matteodelfante had to say today in Rome but I do know he runs a dysfunctional organisation. People like him give Italia a third world image. #chevergogna 😡 https://t.co/ZvOQZ0yQtX	1.9986777
Mon Dec 03 04:48:50 +0000 2018	@eucopresident @GiuseppeConteIT @MinPres @EmmanuelMacron @JunckerEU A bunch of globalist TRAITORS standing together, plotting to destroy European nations. I hope you all die in a lot of pain and misery.	1.9969215
Wed Dec 12 18:08:07 +0000 2018	@GiuseppeConteIT Good for you Italy!!!  Take back your country from the pitiful globalist cucks, KICK OUT the disgusting invaders from the south and protect the ITALIAN, not the scum that migrated.  GOOD FOR YOU!	1.8827738
Sat Dec 01 08:14:47 +0000 2018	@GiuseppeConteIT @Palazzo_Chigi China Steps Up Efforts to Demonize Japan in Canada｜Miroslav Marinov［a Toronto-based writer, blogger and translator］（4th October 2018 4:18 a.m.） https://t.co/XayQMEyFHp  #China #HsiChinping #XiJinping #NanjingMassacre #ChineseLobby #CommunistPartyofChina #Invasion #aggression	1.8203411
Fri Nov 30 20:01:19 +0000 2018	@DavidMc34992706 @quim_monteiro @CameronVaske @eucopresident @GiuseppeConteIT @MinPres @EmmanuelMacron @JunckerEU It used to be a trading bloc,  it's protectionist and it's in the G20 because of it's aspirations to become a political superstate, what trading bloc needs an army, or even a flag	1.7619162
Fri Nov 30 10:16:17 +0000 2018	@EmmanuelMacron @eucopresident @JunckerEU @MalmstromEU @AngelaMerkeICDU @MinPres @GiuseppeConteIT @sanchezcastejon @sebastiankurz @PremierRP_en @BelgiumMFA @mercosur @francediplo @guyverhofstadt @MarosSefcovic @realDonaldTrump @Trade_EU Dear President @EmmanuelMacron @francediplo Well it means you will never allow EU FTAs with more efficient Agro producers &amp; exports @Itamaraty_EN @narendramodi @mercosur @USTradeRep @thepmo @jairbolsonaro @poroshenko @VGroysman @ChinaEUMission French Farming Lobby vs better World https://t.co/7da3hJ1M7y	1.4786096
Thu Nov 08 13:57:32 +0000 2018	"@GiuseppeConteIT dismisses EU forecasts as ""absolutely implausible"" -- amazing  self confidence."	0.0
Sat Nov 24 19:16:07 +0000 2018	President ⁦@JunckerEU⁩ welcomes Prime Minister ⁦@GiuseppeConteIT⁩. Working dinner in presence ⁦@VDombrovskis⁩ ⁦@pierremoscovici⁩ Minister G. Tria underway. https://t.co/pkvvwWvjIA	0.0
Fri Nov 23 11:53:57 +0000 2018	@GiuseppeConteIT A fare?	0.0
Thu Nov 22 04:15:02 +0000 2018	@GiuseppeConteIT Sir, I highly recommend you tell the EU to get lost.	0.0
Fri Nov 09 23:08:53 +0000 2018	@realDonaldTrump @sweetdolores He's a motherfuckin fucked bitch #Qanon  € is dead #Italy WINS @GiuseppeConteIT  ALEA IACTA EST!! 🇺🇸🇷🇺🇮🇹 https://t.co/2wLNO66XO4	0.0
Tue Nov 27 09:45:55 +0000 2018	@GiuseppeConteIT @matteodelfante What kind of organization is @PosteNews ??? https://t.co/GugcQnxuDx	0.0
Sun Nov 25 21:17:55 +0000 2018	@GiuseppeConteIT IS TOP	0.0
Fri Nov 30 20:03:16 +0000 2018	@eucopresident @GiuseppeConteIT @MinPres @EmmanuelMacron @JunckerEU We know what happened If the EU really gave a fuck then it would stop all weapon sales to Saudi from its member states. Until that happens you are exposed as an utter hypocrite.	0.0
Sat Dec 01 09:33:02 +0000 2018	@eucopresident @GiuseppeConteIT @MinPres @EmmanuelMacron @JunckerEU Where is your Fuhrer Herr Merkel ?	0.0
Sat Dec 01 16:57:54 +0000 2018	"@GiuseppeConteIT ""ball is in your court!"" - Where is Trump? 😃"	0.0
Sat Dec 01 07:27:02 +0000 2018	RT @mikebrewer1: @eucopresident @GiuseppeConteIT @MinPres @EmmanuelMacron @JunckerEU The EU isn't a country, it shouldn't be part of the G2…	0.0
Sat Dec 01 08:01:38 +0000 2018	@GiuseppeConteIT @Palazzo_Chigi ［Press Conferences］ Extraordinary Press Conference by Foreign Minister Taro Kono ｜ Ministry of Foreign Affairs of Japan （30th October 2018 4:22 p.m.） https://t.co/XbvvpNpgSv  #戦時出稼ぎ朝鮮人労働者 #KoreanWorkerOftheWartimeEmigration	0.0
Sat Dec 01 08:17:44 +0000 2018	@GiuseppeConteIT @Palazzo_Chigi ［BOOK REVIEW］ ‘Silent Invasion: China’s Influence in Australia’ （18th November 2018 1:22 a.m.）https://t.co/fXaSBJcAgt #JAPANForward  #China　#HsiChinping　#XiJinping　#習近平　#シュウ・キンペイ #Invasion　#aggression #SenkakuIslands #ShipofChinaCoastGuard　#Armedfishingvessel	0.0
Sat Dec 01 08:40:37 +0000 2018	@eucopresident @GiuseppeConteIT @MinPres @EmmanuelMacron @JunckerEU Where is Mutti? 🧐 @w_nicht	0.0
Fri Nov 30 20:00:17 +0000 2018	@eucopresident @EmmanuelMacron @GiuseppeConteIT @MinPres @JunckerEU @EUCouncil @phcouillard @justintrudeau @AbeShinzo @TimmermansEU @Europarl_EN @EarthEcho @HeikoMaas @VicenteFoxQue @MMAFighting @Schwarzenegger @pcousteau @jeanmicheljarre @AndrewLloydWeb0 @NASA @Digi24_HD @HulkHogan as we know never what could mean, the things, we watch with	0.0
Sat Dec 01 23:38:53 +0000 2018	@eucopresident @GiuseppeConteIT @MinPres @EmmanuelMacron @JunckerEU All that is pure shet	0.0
Sat Dec 01 06:21:51 +0000 2018	@GiuseppeConteIT Now doing wy is go in Italy if can go like this 4 years after nothing problem in Italy	0.0
Sat Dec 01 04:44:14 +0000 2018	@eucopresident @GiuseppeConteIT @MinPres @EmmanuelMacron @JunckerEU @realDonaldTrump @opengovpart @GuyRyder @anticorruption @dfat @JobsGovAU @G20Australia @g20org @b20 @SecretaryRoss @globalcompact @Global_Witness @BarackObama @thepmo @SJLillywhite @RegionalAus @MelbPressClub @jacindaardern  @TIAustralia @iccwbo @VicGovAu Aussy govt MAKING A DIFFERENCE always by  ANOMOLOUS COMMITTMENT !  https://t.co/zQL5qxCL47  @eu_eeas @IndyVoices @EUCouncilPress @PacificForum @thepmo  @MathiasCormann @JobsGovAU	0.0
Sat Dec 01 11:45:18 +0000 2018	@eucopresident @GiuseppeConteIT @MinPres @EmmanuelMacron @JunckerEU This is a fantastic film, a must watch for everyone. https://t.co/3NwvVWJfJR	0.0
Sat Dec 01 10:35:39 +0000 2018	@eucopresident @GiuseppeConteIT @MinPres @EmmanuelMacron @JunckerEU Anything to say about catalan prisioners? Today 2 of them starting a hunger strike. Shame Europe https://t.co/ZsWrlSJTs5	0.0
Sat Dec 01 08:34:23 +0000 2018	@eucopresident @EmmanuelMacron @GiuseppeConteIT @MinPres @JunckerEU the crime against kashoggi comes before the crime against more than one people in the middle east (Palestinian, Syrian, Iraqi, yemenite) what a bastard world	0.0
Sat Dec 01 09:11:21 +0000 2018	@eucopresident @GiuseppeConteIT @MinPres @EmmanuelMacron @JunckerEU There is a mistake, you took @theresa_may instead of Angela Merkel 😂	0.0
Sat Dec 01 17:26:34 +0000 2018	@GiuseppeConteIT Ammu rat a pazziell man u criatur.	0.0
Wed Dec 05 20:29:44 +0000 2018	@GiuseppeConteIT  a good man ehp will not be pushed around by the globalists  @ItalyUN_NY	0.0
Fri Nov 30 18:04:10 +0000 2018	@mikebrewer1 @CameronVaske @eucopresident @GiuseppeConteIT @MinPres @EmmanuelMacron @JunckerEU Every time there's a G20 or a G something someone says the same thing. https://t.co/BEgYBLPr7N	0.0
Fri Nov 30 18:44:56 +0000 2018	@eucopresident @GiuseppeConteIT @MinPres @EmmanuelMacron @JunckerEU Yes, it could hurt arms sales to SaudiArabia. Bow down to the Saudi money	0.0
Fri Nov 30 19:56:13 +0000 2018	"@eucopresident @EmmanuelMacron @GiuseppeConteIT @MinPres @JunckerEU @EUCouncil @phcouillard @justintrudeau @AbeShinzo @TimmermansEU @Europarl_EN @EarthEcho @HeikoMaas @VicenteFoxQue @MMAFighting @Schwarzenegger @pcousteau @jeanmicheljarre @AndrewLloydWeb0 @NASA @Digi24_HD @HulkHogan about a kiss."""	0.0
Thu Nov 29 07:59:42 +0000 2018	@GiuseppeConteIT A Peppe ....facce ride !!	0.0
Fri Nov 30 17:45:24 +0000 2018	"@eucopresident @EmmanuelMacron @GiuseppeConteIT @MinPres @JunckerEU i see an ""rp"" in the left key; re-post!"	0.0
Fri Nov 30 16:20:23 +0000 2018	@eucopresident @EUCouncilPress @GiuseppeConteIT @MinPres @EmmanuelMacron @JunckerEU Someone looks a little out of place in that photocall.	0.0
Fri Nov 30 16:14:43 +0000 2018	"@eucopresident @GiuseppeConteIT @MinPres @EmmanuelMacron @JunckerEU 2018 Katowice Climate conference : ""Swedes Go Hang Yourself "" Sami struggle with suicide worsened by climate change . We Demand Equal Living Conditions Sami/Swedes Suicide Rates today https://t.co/nBdFTG9RnG"	0.0
Thu Nov 29 16:25:58 +0000 2018	@GiuseppeConteIT  Italy is a great country. I love Italy.	0.0
Sun Dec 02 21:48:45 +0000 2018	@eucopresident @GiuseppeConteIT @MinPres @EmmanuelMacron @JunckerEU Europe is paying What it has done to Libya. ITS A PAY BACK https://t.co/CCOQRZ7PJQ	0.0
Sun Dec 02 21:46:43 +0000 2018	@eucopresident @GiuseppeConteIT @MinPres @EmmanuelMacron @JunckerEU European Union is FAILING! Pay the NATO share equally with @realDonaldTrump  Mind your own business                 Stop being dummy, talking in something you don’t know. https://t.co/cNTni9cPCc	0.0
Mon Dec 03 03:51:03 +0000 2018	@eucopresident @EmmanuelMacron @GiuseppeConteIT @MinPres @JunckerEU A bunch of globalist criminals.....	0.0
Sun Dec 02 14:05:45 +0000 2018	Look how he has the woman’s ass turned to the camera @GiuseppeConteIT  He’s a disgusting pig making fun of me in front of the world.	0.0
Sun Dec 09 09:22:01 +0000 2018	@Quirinale @pontecorvoste What a standing ovation 👍	0.0
