created_at	text	_score
Sat Dec 01 00:29:01 +0000 2018	@GiuseppeConteIT Arresting A Head Of State Is Violating State Sovereignty, Ruining Diplomatic Ties, Damaging Global Unity, Endangering International Peace And Security, And Turning The World Upside Down.  Tap the link below and read more.  https://t.co/j4Npa1VgAV	264.13556
Fri Nov 23 18:34:54 +0000 2018	@GiuseppeConteIT No al global compact No al global compact No al global compact No al global compact  No al global compact No al global compact No al global compact	231.25586
Fri Nov 30 17:44:10 +0000 2018	@eucopresident @EmmanuelMacron @GiuseppeConteIT @MinPres @JunckerEU The international community and anyone with a brain is wondering how so many people in offics could feign stupidity while wasting time.	227.43
Wed Dec 05 11:02:03 +0000 2018	@GiuseppeConteIT Trickle Down Economics will cause inflation and increase debt. Bottom Up Economics using deficit neutral tax credits tied to hiring (€ turn over and taxes collected). €90 billion/3 million jobs/€30,000 per year, +13% workers. =+9% GDP that doubles in 8 years..	156.07031
Sun Dec 02 02:11:29 +0000 2018	@GiuseppeConteIT Arresting A Head Of State Is Ruining Equality, Diplomatic Ties &amp; Global Unity, Endangering Peace &amp; Security, And Turning The World Upside Down.	154.13582
Thu Nov 08 16:15:52 +0000 2018	@GiuseppeConteIT don´t care what the @ecb say. Italia need investments. Make debts as #Germany did in the past.	151.65244
Sat Dec 01 11:05:40 +0000 2018	@eucopresident @EmmanuelMacron @GiuseppeConteIT @MinPres @JunckerEU Easy : the journalist got his fingers cut off.. It was horrible..  Climate : shall we speak about geoengineering ? Climate can be alright..  Trade : Money will be gone with blockchains so define (new) trade ?	148.07849
Sat Dec 01 04:40:49 +0000 2018	@eucopresident @GiuseppeConteIT @MinPres @EmmanuelMacron @JunckerEU @realDonaldTrump @opengovpart @GuyRyder @anticorruption @dfat @JobsGovAU @G20Australia @g20org @b20 @SecretaryRoss @globalcompact @Global_Witness @BarackObama  AUSTRALIA’S COMMITMENT GLOBALLY FRAUD BRIBERY &amp; we were the original signatory of Human Rights which REFLECTS OUR NATIONAL VALUES. Australians are operating in accordance with international best-practice  standards those related to human rights &amp; transparency ????? https://t.co/4FneZaUQDo	139.3609
Wed Nov 07 15:02:55 +0000 2018	India is delighted to host PM @GiuseppeConteIT.   I am glad he took part in the Technology Summit as well.  During our talks earlier today, we reviewed the full range of the India-Italy partnership, particularly in advancing cooperation in trade, technology and culture. https://t.co/zGOoZBCJZ9	123.5786
Sat Nov 10 13:48:38 +0000 2018	India is delighted to host PM @GiuseppeConteIT.   I am glad he took part in the Technology Summit as well.  During our talks earlier today, we reviewed the full range of the India-Italy partnership, particularly in advancing cooperation in trade, technology and culture. https://t.co/zGOoZBCJZ9	123.5786
Sat Nov 10 17:18:52 +0000 2018	India is delighted to host PM @GiuseppeConteIT.   I am glad he took part in the Technology Summit as well.  During our talks earlier today, we reviewed the full range of the India-Italy partnership, particularly in advancing cooperation in trade, technology and culture. https://t.co/zGOoZBCJZ9	123.5786
Sun Nov 11 04:55:17 +0000 2018	India is delighted to host PM @GiuseppeConteIT.   I am glad he took part in the Technology Summit as well.  During our talks earlier today, we reviewed the full range of the India-Italy partnership, particularly in advancing cooperation in trade, technology and culture. https://t.co/zGOoZBCJZ9	123.5786
Thu Nov 08 05:54:16 +0000 2018	India is delighted to host PM @GiuseppeConteIT.   I am glad he took part in the Technology Summit as well.  During our talks earlier today, we reviewed the full range of the India-Italy partnership, particularly in advancing cooperation in trade, technology and culture. https://t.co/zGOoZBCJZ9	123.5786
Thu Nov 08 10:39:55 +0000 2018	India is delighted to host PM @GiuseppeConteIT.   I am glad he took part in the Technology Summit as well.  During our talks earlier today, we reviewed the full range of the India-Italy partnership, particularly in advancing cooperation in trade, technology and culture. https://t.co/zGOoZBCJZ9	123.5786
Wed Nov 07 07:24:50 +0000 2018	India is delighted to host PM @GiuseppeConteIT.   I am glad he took part in the Technology Summit as well.  During our talks earlier today, we reviewed the full range of the India-Italy partnership, particularly in advancing cooperation in trade, technology and culture. https://t.co/zGOoZBCJZ9	123.5786
Fri Nov 09 04:52:29 +0000 2018	India is delighted to host PM @GiuseppeConteIT.   I am glad he took part in the Technology Summit as well.  During our talks earlier today, we reviewed the full range of the India-Italy partnership, particularly in advancing cooperation in trade, technology and culture. https://t.co/zGOoZBCJZ9	123.5786
Fri Nov 09 04:00:59 +0000 2018	India is delighted to host PM @GiuseppeConteIT.   I am glad he took part in the Technology Summit as well.  During our talks earlier today, we reviewed the full range of the India-Italy partnership, particularly in advancing cooperation in trade, technology and culture. https://t.co/zGOoZBCJZ9	123.5786
Sat Nov 10 22:42:49 +0000 2018	India is delighted to host PM @GiuseppeConteIT.   I am glad he took part in the Technology Summit as well.  During our talks earlier today, we reviewed the full range of the India-Italy partnership, particularly in advancing cooperation in trade, technology and culture. https://t.co/zGOoZBCJZ9	123.5786
Wed Nov 07 02:57:05 +0000 2018	India is delighted to host PM @GiuseppeConteIT.   I am glad he took part in the Technology Summit as well.  During our talks earlier today, we reviewed the full range of the India-Italy partnership, particularly in advancing cooperation in trade, technology and culture. https://t.co/zGOoZBCJZ9	123.5786
Thu Nov 22 08:48:24 +0000 2018	India is delighted to host PM @GiuseppeConteIT.   I am glad he took part in the Technology Summit as well.  During our talks earlier today, we reviewed the full range of the India-Italy partnership, particularly in advancing cooperation in trade, technology and culture. https://t.co/zGOoZBCJZ9	123.5786
Thu Nov 22 16:17:01 +0000 2018	India is delighted to host PM @GiuseppeConteIT.   I am glad he took part in the Technology Summit as well.  During our talks earlier today, we reviewed the full range of the India-Italy partnership, particularly in advancing cooperation in trade, technology and culture. https://t.co/zGOoZBCJZ9	123.5786
Sat Nov 24 04:55:34 +0000 2018	India is delighted to host PM @GiuseppeConteIT.   I am glad he took part in the Technology Summit as well.  During our talks earlier today, we reviewed the full range of the India-Italy partnership, particularly in advancing cooperation in trade, technology and culture. https://t.co/zGOoZBCJZ9	123.5786
Sat Nov 24 08:50:21 +0000 2018	India is delighted to host PM @GiuseppeConteIT.   I am glad he took part in the Technology Summit as well.  During our talks earlier today, we reviewed the full range of the India-Italy partnership, particularly in advancing cooperation in trade, technology and culture. https://t.co/zGOoZBCJZ9	123.5786
Sat Nov 24 07:05:24 +0000 2018	India is delighted to host PM @GiuseppeConteIT.   I am glad he took part in the Technology Summit as well.  During our talks earlier today, we reviewed the full range of the India-Italy partnership, particularly in advancing cooperation in trade, technology and culture. https://t.co/zGOoZBCJZ9	123.5786
Sat Nov 24 08:35:47 +0000 2018	India is delighted to host PM @GiuseppeConteIT.   I am glad he took part in the Technology Summit as well.  During our talks earlier today, we reviewed the full range of the India-Italy partnership, particularly in advancing cooperation in trade, technology and culture. https://t.co/zGOoZBCJZ9	123.5786
Sat Nov 24 05:25:22 +0000 2018	India is delighted to host PM @GiuseppeConteIT.   I am glad he took part in the Technology Summit as well.  During our talks earlier today, we reviewed the full range of the India-Italy partnership, particularly in advancing cooperation in trade, technology and culture. https://t.co/zGOoZBCJZ9	123.5786
Thu Nov 22 08:54:15 +0000 2018	India is delighted to host PM @GiuseppeConteIT.   I am glad he took part in the Technology Summit as well.  During our talks earlier today, we reviewed the full range of the India-Italy partnership, particularly in advancing cooperation in trade, technology and culture. https://t.co/zGOoZBCJZ9	123.5786
Sun Nov 25 15:19:18 +0000 2018	India is delighted to host PM @GiuseppeConteIT.   I am glad he took part in the Technology Summit as well.  During our talks earlier today, we reviewed the full range of the India-Italy partnership, particularly in advancing cooperation in trade, technology and culture. https://t.co/zGOoZBCJZ9	123.5786
Thu Nov 08 14:21:43 +0000 2018	India is delighted to host PM @GiuseppeConteIT.   I am glad he took part in the Technology Summit as well.  During our talks earlier today, we reviewed the full range of the India-Italy partnership, particularly in advancing cooperation in trade, technology and culture. https://t.co/zGOoZBCJZ9	123.5786
Tue Nov 27 16:34:19 +0000 2018	India is delighted to host PM @GiuseppeConteIT.   I am glad he took part in the Technology Summit as well.  During our talks earlier today, we reviewed the full range of the India-Italy partnership, particularly in advancing cooperation in trade, technology and culture. https://t.co/zGOoZBCJZ9	123.5786
Tue Nov 27 21:02:07 +0000 2018	@GiuseppeConteIT No GLOBAL COMPACT NO GLOBAL COMPACT NO GLOBAL COMPACT. PRESIDENTE. NO GLOBAL COMPACT	122.22124
Fri Nov 30 19:58:57 +0000 2018	@eucopresident @alexstubb @GiuseppeConteIT @MinPres @EmmanuelMacron @JunckerEU ETR is calling on the concrete result for the @mercosur @jairbolsonaro @mauriciomacri Will you still sign in @g20org like @realDonaldTrump @JustinTrudeau @EPN using this great global stage for one key pillar of EU rule based trading system #multilateralism @Trade_EU @MalmstromEU	122.15033
Tue Nov 27 21:23:15 +0000 2018	@GiuseppeConteIT No global compact. NON FIRMATE!	121.560745
Fri Nov 30 09:23:36 +0000 2018	@GiuseppeConteIT non firmate il global compact	121.560745
Fri Nov 23 15:14:00 +0000 2018	@GiuseppeConteIT NO GLOBAL COMPACT ! NO GLOBAL COMPACT !  NO GLOBAL COMPACT !	120.627625
Wed Nov 28 16:05:00 +0000 2018	@GiuseppeConteIT @Palazzo_Chigi @gbongiorno66 @AlfonsoBonafede Non firmate il Global Compact!!!	111.0305
Tue Dec 11 05:35:39 +0000 2018	"@eucopresident @EP_President @GiuseppeConteIT @JunckerEU Tax havens - The so-called ""tax havens"" where there are money from mafia, lenders and criminals of all sorts, must be closed by..."	107.81643
Sat Nov 24 15:10:45 +0000 2018	@POTUS @GiuseppeConteIT @France24_en I said last year about the grassroots public, example taxi drivers I talked to in Nantes France, testing the Pd type Macron and his falsity, time is up! They had enough crap from type old financial club governments same as in USA and Italy’s!	103.50785
Fri Nov 23 18:59:50 +0000 2018	@GiuseppeConteIT No global compact	101.86076
Sun Nov 25 00:59:10 +0000 2018	@GiuseppeConteIT NO GLOBAL COMPACT.	101.86076
Wed Nov 28 16:33:54 +0000 2018	@GiuseppeConteIT NO GLOBAL COMPACT	101.86076
Tue Nov 27 22:33:57 +0000 2018	@GiuseppeConteIT  No global compact	101.86076
Sun Nov 25 12:28:59 +0000 2018	@GiuseppeConteIT No Global Compact!	101.86076
Tue Nov 27 20:10:47 +0000 2018	@GiuseppeConteIT NO GLOBAL COMPACT !!!!!!!!!!!!!!!!!!!!!!!!!!!	101.86076
Tue Nov 27 20:10:16 +0000 2018	@GiuseppeConteIT NO GLOBAL COMPACT !!!!!!!!!!!!!!!!!!!!!!!!!!!!!!	101.86076
Sat Dec 01 11:22:24 +0000 2018	@GiuseppeConteIT NO GLOBAL COMPACT !!!	101.86076
Mon Dec 03 07:02:08 +0000 2018	@GiuseppeConteIT No global compact.	101.86076
Mon Nov 26 02:07:16 +0000 2018	@GiuseppeConteIT No al global compact	98.53544
Tue Nov 27 08:09:49 +0000 2018	@GiuseppeConteIT  No global Impact, grazie	98.53544
Fri Nov 30 22:14:17 +0000 2018	@GiuseppeConteIT @Palazzo_Chigi No global compact	98.53544
Wed Dec 05 20:01:32 +0000 2018	@GiuseppeConteIT Conte......NO global compact!!!!!	98.53544
Wed Nov 28 21:26:04 +0000 2018	@GiuseppeConteIT No al Global Compact!	98.53544
Thu Nov 29 06:07:46 +0000 2018	@GiuseppeConteIT No al  global compact!!!!!!!	98.53544
Thu Nov 29 14:29:13 +0000 2018	@GiuseppeConteIT Ora no global compact	98.53544
Mon Dec 10 13:46:06 +0000 2018	@GiuseppeConteIT Somiglia al Global Compact.	98.53544
Tue Nov 27 22:10:29 +0000 2018	@GiuseppeConteIT no adesione al global compact	95.420395
Fri Nov 30 08:24:27 +0000 2018	@GiuseppeConteIT @mauriciomacri No .al Global  compact. ..	95.420395
Wed Nov 28 20:21:54 +0000 2018	@GiuseppeConteIT Proteggeteci dall'invasione, niente Global Compact.	95.420395
Tue Nov 27 10:46:27 +0000 2018	@GiuseppeConteIT NO GLOBAL COMPACT https://t.co/tiKySMOKEn	92.496254
Tue Nov 27 10:44:13 +0000 2018	@GiuseppeConteIT NO GLOBAL CONTACT https://t.co/tiKySMOKEn	92.496254
Wed Nov 28 18:04:35 +0000 2018	@GiuseppeConteIT @luigidimaio @matteosalvinimi NO al Global Compact!!!!!!!	92.496254
Thu Nov 29 22:23:55 +0000 2018	@GiuseppeConteIT Don't sign the #UN Global compact	92.496254
Fri Nov 30 16:14:21 +0000 2018	@eucopresident @GiuseppeConteIT @MinPres @EmmanuelMacron @JunckerEU #ÇekeHapisCezasıKalksın You cannot imprison sinking trades by law 5941 ... This is contrary to the Universal Declaration of Human Rights.@KatiPiri @AlanDuncanMP @Dunja_Mijatovic @Europarl_EN @EU_Commission @EurobarometerEU @FoxNews @MevlutCavusoglu @JudithSlaterFCO @guardian	90.577896
Wed Nov 28 10:40:38 +0000 2018	@GiuseppeConteIT  No al Global Compact https://t.co/39gt7TrrxY	89.745995
Sun Dec 02 14:39:15 +0000 2018	@GiuseppeConteIT NO GLOBAL COMPACT Presidente...😕😕😕	89.745995
Sun Nov 25 00:59:40 +0000 2018	@GiuseppeConteIT No Global Compact. Lots of support from USA.	87.15457
Sun Nov 25 14:50:32 +0000 2018	@GiuseppeConteIT I pray to God that you will only work on jobs, not other legislation like this one, that hides your incompetence to grow the economy. Your power is in the good will of the Italian people. It is the economy stupid !	84.91167
Sat Dec 01 20:08:19 +0000 2018	‘Photos With Facists’ would make an excellent name for a punk band.  Picture with @GiuseppeConteIT (facist &amp;Italian Prime Minister) - and @tompwymer (not a fascist) at G20 Argentina. https://t.co/nkysqshblF	77.90317
Sat Dec 01 19:38:27 +0000 2018	‘Photos With Facists’ would make an excellent name for a punk band.  Picture with @GiuseppeConteIT (facist &amp;Italian Prime Minister) - and @tompwymer (not a fascist) at G20 Argentina. https://t.co/nkysqshblF	60.992954
Thu Nov 22 17:36:21 +0000 2018	@GiuseppeConteIT Good evening Mr Conte. I recently wrote to you (letter dated 01/10/18) on the subject of the Italian school system and how I have both the skills and experience which could be of assistance to your Government.  Please do let me know your thoughts - thank you.	55.703884
Sat Dec 01 08:15:20 +0000 2018	@GiuseppeConteIT @Palazzo_Chigi Japan’s ODA to China—End of a Momentous Foreign Policy Failure （8th November 2018 2:11 a.m.） https://t.co/9BzEjvDtSC #JAPANForward  #China　#HsiChinping　#XiJinping　#習近平　#シュウ・キンペイ #Invasion　#aggression #ShipofChinaCoastGuard　#Armedfishingvessel	54.990723
Wed Dec 12 18:08:07 +0000 2018	@GiuseppeConteIT Good for you Italy!!!  Take back your country from the pitiful globalist cucks, KICK OUT the disgusting invaders from the south and protect the ITALIAN, not the scum that migrated.  GOOD FOR YOU!	53.9867
Thu Nov 29 18:48:13 +0000 2018	@GiuseppeConteIT .. WORLD. CITIZENS. ARE. PLEADING. WITH. YOU.. WORLD. MUST. RID. ITSELF. OF. THIS. HEINOUS. SAVAGERY...  #DogCatMeatTrade  #MakeAStand🙏 .@FrancoFrattini  .@Pontifex	53.70933
Sat Dec 01 08:05:59 +0000 2018	@GiuseppeConteIT @Palazzo_Chigi 【Agreement Between Japan and the Republic of Korea Concerning the Settlement of Problems in Regard to Property and Claims and Economic Cooperation】（Wikisource） https://t.co/72FNnoB8vj  #戦時出稼ぎ朝鮮人労働者 #KoreanWorkerOftheWartimeEmigration	49.845177
Sat Dec 01 10:32:07 +0000 2018	@eucopresident @GiuseppeConteIT @MinPres @EmmanuelMacron @JunckerEU fuck khashoggi.....................no islam in Europe do your work	48.878025
Wed Nov 07 23:25:09 +0000 2018	@GiuseppeConteIT Again, the approach to all kinds and more ancient, efficient and secure medical herbs is totally negative and  unscientific.	46.8382
Sun Dec 09 15:58:08 +0000 2018	@theresa_may the corruption at Dubai that versus western poeple of work and turism  @realDonaldTrump @JustinTrudeau @RoyalFamily @Quirinale	45.438496
Thu Nov 29 13:55:10 +0000 2018	With all respect to @AngelaMerkeICDU @EmmanuelMacron @GiuseppeConteIT @sanchezcastejon please how shall we ever communicate a United Europe to the World if you attend such G7 - G20 meetings? Really a United EU @ecfin @Eu_15409040049 should be represented by @eucopresident	43.03505
Sat Dec 01 16:39:36 +0000 2018	#CrownPrinceInG20 | Crown Prince Mohammed bin Salman met with @GiuseppeConteIT, Prime Minister of #Italy, on the sideline of the #G20Summit 🇸🇦🇮🇹 https://t.co/5dPLMs1o7R	40.423016
Fri Nov 30 20:19:00 +0000 2018	.@JunckerEU #G20 “Met @GiuseppeConteIT last week and will meet him again today. We are not at war with #Italy. We are making progress, let’s not dramatise. We are with Italy if Italy is with us.“ https://t.co/o8BvBqkhka	40.115784
Tue Dec 11 17:46:58 +0000 2018	@GiuseppeConteIT Popular conservatism is what will renew Italy and bring Italian culture to the far ends of the world.	39.115223
Fri Nov 09 11:42:57 +0000 2018	@realDonaldTrump @PutinRF_Eng @GiuseppeConteIT @matteosalvinimi @AlfonsoBonafede @ViktorOrban : for a better World, pls, STOP Mr. George SOROS=s. short Attch. Profile =Great Sponsor of massive Migrations &amp; Resp. of TOTAL Destabilisat. in Europe, Africa &amp; Asia! Help you Each Other	38.94935
Fri Nov 09 11:26:48 +0000 2018	@realDonaldTrump @PutinRF_Eng @GiuseppeConteIT @matteosalvinimi @AlfonsoBonafede @ViktorOrban : for a better World, pls, STOP Mr. George SOROS=s. short Attch. Profile =Great Sponsor of massive Migrations &amp; Resp. of TOTAL Destabilisat. in Europe, Africa &amp; Asia! Help you Each Other https://t.co/baXOmytEtC	38.59689
Fri Nov 30 21:32:06 +0000 2018	@eucopresident @GiuseppeConteIT @MinPres @EmmanuelMacron @JunckerEU We already know what happened. And there is not such thing as criminal investigations in non democratic non rule of law countries.	36.420536
Fri Nov 30 12:49:06 +0000 2018	.@JunckerEU #G20 “Met @GiuseppeConteIT last week and will meet him again today. We are not at war with #Italy. We are making progress, let’s not dramatise. We are with Italy and Italy is with us.“ https://t.co/w7E2JVPlhr	34.41948
Fri Nov 30 18:40:59 +0000 2018	@eucopresident @GiuseppeConteIT @MinPres @EmmanuelMacron @JunckerEU Finally in accordance with POLYWAGS-2016 Agreement, I assert that as proprietary owner and operator of SHIELD© : The Pillar &amp; Knight Standard thereof after G-Force University graduation. An Academiæ for Gifted, Aware, Bright, and Astonishing Individuals of Earth.	34.18053
Wed Dec 12 18:35:37 +0000 2018	@GiuseppeConteIT Italy is off to a good start by always negotiating from a position of strength. Italian leadership is back.	34.174217
Sat Dec 01 17:08:42 +0000 2018	#BREAKING: #Saudi Crown Prince #MuhammadBinSalman meets with @GiuseppeConteIT, Prime Minister of #Italy, on the sideline of the #G20Summit 🇸🇦🇮🇹 #CrownPrinceInG20 https://t.co/lFuo8OWhBS	34.09913
Sat Dec 01 17:07:49 +0000 2018	#VIDEO: #Saudi Crown Prince #MuhammadBinSalman meets with @GiuseppeConteIT,  Prime Minister of #Italy, on the sideline of the #G20Summit 🇸🇦🇮🇹  #CrownPrinceInG20 @KSAmofaEN https://t.co/2DQTfe7jF0	33.5029
Fri Nov 30 16:14:44 +0000 2018	@eucopresident @GiuseppeConteIT @MinPres @EmmanuelMacron @JunckerEU #ÇekeHapisCezasıKalksın Republic of Turkey in the women thrown in jail because of the debt for the children are living in disgrace. @KatiPiri @AlanDuncanMP @Dunja_Mijatovic @Europarl_EN @EU_Commission @EurobarometerEU @FoxNews @MevlutCavusoglu @JudithSlaterFCO @guardian @ikalin1	33.482796
Sat Dec 01 04:48:46 +0000 2018	@eucopresident @GiuseppeConteIT @MinPres @EmmanuelMacron @JunckerEU So Germany has already conquered Europe through the EU, wants to build an army against America &amp; Russia, &amp; are worried about a Muslim Brotherhood asset because they already allied with Islam like the previous World Wars. Welcome to history repeating itself... Nazi era 1940’s.	33.060303
Thu Nov 22 22:26:57 +0000 2018	@GiuseppeConteIT In Sri Lanka #democracyundersiege. Please, along with like minded Political Leaders around the world, exert pressure on President Sirisena to follow the Democratic path and uphold the Constitution of Sri Lanka. Please take the lead and form a 'Front' to do this.	31.161633
Wed Nov 07 22:07:02 +0000 2018	“Today, Prime Minister @GiuseppeConteIT and I are pleased to announce a new strategic dialogue between Italy and the United States that will enhance cooperation on a range of issues.” 🇺🇸🇮🇹 https://t.co/U8oGsyTx6K	30.710033
Tue Dec 11 07:13:48 +0000 2018	@GiuseppeConteIT We must protect our Free Democracy. https://t.co/y5OxC5SAoT	29.632828
Mon Nov 26 15:36:09 +0000 2018	@GiuseppeConteIT I don't know what @matteodelfante had to say today in Rome but I do know he runs a dysfunctional organisation. People like him give Italia a third world image. #chevergogna 😡 https://t.co/ZvOQZ0yQtX	29.254198
Sat Dec 01 08:34:23 +0000 2018	@eucopresident @EmmanuelMacron @GiuseppeConteIT @MinPres @JunckerEU the crime against kashoggi comes before the crime against more than one people in the middle east (Palestinian, Syrian, Iraqi, yemenite) what a bastard world	28.924791
Fri Nov 30 20:01:19 +0000 2018	@DavidMc34992706 @quim_monteiro @CameronVaske @eucopresident @GiuseppeConteIT @MinPres @EmmanuelMacron @JunckerEU It used to be a trading bloc,  it's protectionist and it's in the G20 because of it's aspirations to become a political superstate, what trading bloc needs an army, or even a flag	28.646511
Sun Dec 02 14:05:45 +0000 2018	Look how he has the woman’s ass turned to the camera @GiuseppeConteIT  He’s a disgusting pig making fun of me in front of the world.	28.018137
Thu Nov 08 23:20:40 +0000 2018	Just met the new Prime Minister of Italy, @GiuseppeConteIT, a really great guy. He will be honored in Washington, at the @WhiteHouse, shortly. He will do a great job - the people of Italy got it right!	27.47593
Fri Nov 09 19:55:22 +0000 2018	Just spoke with Prime Minister @GiuseppeConteIT of Italy concerning many subjects, including the fact that Italy is now taking a very hard line on illegal immigration...	27.178638
Fri Nov 23 15:18:15 +0000 2018	@GiuseppeConteIT @luigidimaio @matteosalvinimi  non firmate! #NoGlobalCompact	26.140352
Sun Nov 25 23:39:39 +0000 2018	@GiuseppeConteIT Non firmare ❗®️ #NoGlobalCompact	26.140352
Tue Nov 27 10:44:37 +0000 2018	@GiuseppeConteIT Stay strong!! Greetings from Greece! I wish in Greece to have a prime minister like you !!! Do not let them bend you. You are the only one who resists the predators of europe!!	25.193302
Sat Dec 01 17:08:53 +0000 2018	OTHERWISE, @antonioguterres @JapanGov @GiuseppeConteIT @RegSprecher @eucopresident @CanadianPM @SecPompeo @JunckerEU @EmmanuelMacron @theresa_may, #UN &amp; #G20, like @realDonaldTrump’s world, are 1 BIG SHAM, #FAKE contrived to serve interests of the few at the expense of the many.	24.979965
Fri Nov 30 18:40:23 +0000 2018	@eucopresident @EmmanuelMacron @GiuseppeConteIT @MinPres @JunckerEU “To establish what happened?” There is a tape, a missing body, a CIA report, and you still “need to establish?” In most Criminal Codes this is called “Willful Blindness”. And you are surprised your ratings are below 30%?! It takes courage to be honest AND to be a real leader.	24.598309
Sat Dec 01 16:37:12 +0000 2018	@eucopresident @GiuseppeConteIT @MinPres @EmmanuelMacron @JunckerEU You know why situation is so bad in our European countries? Because all our leaders are to busy to take care of world problems and forget to manage their own countries. Everything that is wrong in Europe is THE FAULT OF UE!!!!!!! EVERYTHING	24.587788
Fri Nov 23 17:51:57 +0000 2018	@GiuseppeConteIT @Eli_Trenta @luigidimaio @riccardo_fra @ManlioDS     NON FIRMATE !!!!  #GlobalCompact	24.585855
Mon Nov 26 19:04:16 +0000 2018	@GiuseppeConteIT  @matteosalvinimi  @luigidimaio  ❌ NO ❌ ❌ NEIN ❌ ❌ NON ❌ ❌ NET ❌	24.32986
Fri Nov 30 10:59:18 +0000 2018	@realDonaldTrump @GiuseppeConteIT @WhiteHouse Send his asspacking back to Italy; all they care about is the American dollar	23.863386
Sat Dec 01 05:52:11 +0000 2018	@eucopresident @GiuseppeConteIT @MinPres @EmmanuelMacron @JunckerEU No mention of the three journalist's murdered investigating corruption across the European union's institutions disgraceful	23.405758
Wed Dec 12 16:03:10 +0000 2018	Working meeting @JunckerEU and @GiuseppeConteIT on #Italy’s budgetary plan 2019 underway. Joined by @VDombrovskis @pierremoscovici and Minister of the Economy and Finances, Giovanni #Tria. https://t.co/YoYZRqOkTy	23.014507
Mon Dec 03 01:32:58 +0000 2018	@GiuseppeConteIT, thanks for your visit to my country. I’m an Argentine citizen who feels proud of his presence. You are always welcome. I hope you enjoyed your stay. @mauriciomacri thank you for the effort to make a better country every day. Kind regards. Marcelo.	22.243479
Sun Dec 02 21:48:45 +0000 2018	@eucopresident @GiuseppeConteIT @MinPres @EmmanuelMacron @JunckerEU Europe is paying What it has done to Libya. ITS A PAY BACK https://t.co/CCOQRZ7PJQ	22.242527
Sat Dec 01 08:03:48 +0000 2018	@GiuseppeConteIT @Palazzo_Chigi South Korea Breaches Rule of Law, Common Sense with Court’s Wartime Labor Ruling （6th November 2018 1:44 am） https://t.co/yrebXJVUob #JAPANForward  #戦時出稼ぎ朝鮮人労働者 #KoreanWorkerOftheWartimeEmigration	21.260399
Fri Nov 30 11:40:32 +0000 2018	@GiuseppeConteIT @mauriciomacri Luckily all are there including the elephant in the room (Trump) please help to solve the most urgent issue, which is climate change. My suggestion would be an equal allowance per capita tradable if required. We all share the same planet and all want to live.	20.374548
Sat Dec 01 04:44:14 +0000 2018	@eucopresident @GiuseppeConteIT @MinPres @EmmanuelMacron @JunckerEU @realDonaldTrump @opengovpart @GuyRyder @anticorruption @dfat @JobsGovAU @G20Australia @g20org @b20 @SecretaryRoss @globalcompact @Global_Witness @BarackObama @thepmo @SJLillywhite @RegionalAus @MelbPressClub @jacindaardern  @TIAustralia @iccwbo @VicGovAu Aussy govt MAKING A DIFFERENCE always by  ANOMOLOUS COMMITTMENT !  https://t.co/zQL5qxCL47  @eu_eeas @IndyVoices @EUCouncilPress @PacificForum @thepmo  @MathiasCormann @JobsGovAU	18.79945
Fri Nov 30 10:11:34 +0000 2018	@EmmanuelMacron @eucopresident @JunckerEU @MalmstromEU @AngelaMerkeICDU @MinPres @GiuseppeConteIT @sanchezcastejon @sebastiankurz @PremierRP_en @BelgiumMFA @mercosur @francediplo ETR is calling @EmmanuelMacron go not go down the Agro Populism reflex. Are you liberal @guyverhofstadt or Social Democrat @MarosSefcovic? If you can not reform @realDonaldTrump populism will not help you. if you let such reflexes dominate you - you can never allow @Trade_EU https://t.co/N0pfLhs143	18.584637
Sat Nov 24 19:16:07 +0000 2018	President ⁦@JunckerEU⁩ welcomes Prime Minister ⁦@GiuseppeConteIT⁩. Working dinner in presence ⁦@VDombrovskis⁩ ⁦@pierremoscovici⁩ Minister G. Tria underway. https://t.co/pkvvwWvjIA	18.247227
Sat Dec 01 11:16:28 +0000 2018	President ⁦@JunckerEU⁩ meets with Prime Minister ⁦@GiuseppeConteIT⁩ in Buenos Aires on the sidelines of #G20Argentina. Commissioner ⁦@pierremoscovici⁩ and Minister G. Tria also attending. https://t.co/aCp4OEuEDO	18.10733
Tue Nov 27 09:45:55 +0000 2018	@GiuseppeConteIT @matteodelfante What kind of organization is @PosteNews ??? https://t.co/GugcQnxuDx	18.083504
Sat Dec 01 08:13:16 +0000 2018	@GiuseppeConteIT @Palazzo_Chigi Press Conference by the Chief Cabinet Secretary ｜ Prime Minister of Japan and His Cabinet （21st November 2018（P.M.）） https://t.co/k3NGkCtCmc  #ComfortWomen #theReconciliationAndHealingFoundation	17.845943
Wed Nov 07 22:07:07 +0000 2018	During their meeting at the White House, @realDonaldTrump and @GiuseppeConteIT discussed ways to enhance cooperation in the fight against terrorism. https://t.co/u9TLQgx1d0	17.845705
Sat Dec 01 08:11:09 +0000 2018	@GiuseppeConteIT @Palazzo_Chigi ［STATEMENT］Why Asahi Shimbun Won’t Change How It Describes Comfort Women （3rd August 2018 3:59 p.m.） https://t.co/ajPAZHyjCg #JAPANForward  #AsahiShimbunIsaFakeNewspaper #AsahiShimbun #AsahiNewspaperIsaFakeNewspaper #AsahiNewspaper  #ComfortWomen	17.683182
Thu Nov 29 16:12:19 +0000 2018	Listening to Italy’s Prime Minister @GiuseppeConteIT at the University of Buenos Aires #UBA #G20 https://t.co/c7Tg4mmkNS	17.672688
Sat Nov 24 04:58:56 +0000 2018	@GiuseppeConteIT  @Pontifex ( it s sad they let such a country die , such a beautiful country - history, the culture &amp; people ) Italian mafia - SoS . How do u prevent the sea or climate change destroying your beautiful country.  https://t.co/40dQCWbQkB	17.33937
Thu Nov 08 00:47:42 +0000 2018	@Quirinale Deeply Apologize For Late Tweets...The Honorable Italy And People Of Italy... Your Excelency Pdt Sergio Mattarella... https://t.co/LQYl1fevgT	17.064865
Sat Nov 10 17:52:04 +0000 2018	It is my great honor to welcome Prime Minister @GiuseppeConteIT of Italy to the @WhiteHouse! Join us at 2:00pmE for our joint press conference: https://t.co/XAchZ3zUSe https://t.co/5t4QVsKKqH	17.012646
Thu Nov 29 17:28:11 +0000 2018	RT @GiuliaPetroni: Listening to Italy’s Prime Minister @GiuseppeConteIT at the University of Buenos Aires #UBA #G20 https://t.co/c7Tg4mmkNS	16.880756
Wed Nov 07 22:07:27 +0000 2018	🇮🇹🇺🇸  #Italy’s Prime Minister @GiuseppeConteIT in the Oval Office at the @WhiteHouse with @POTUS @realdonaldtrump #ItaliaeUSA #USAandItaly #USItalyCooperation https://t.co/Iu4LzElNXy	16.878313
Sat Dec 01 04:37:29 +0000 2018	@eucopresident @GiuseppeConteIT @MinPres @EmmanuelMacron @JunckerEU @realDonaldTrump @opengovpart @GuyRyder @anticorruption @dfat @JobsGovAU @G20Australia @g20org @b20 @SecretaryRoss @globalcompact @Global_Witness  I was employed in Melbourne to develop S.West Asian Countries Business  PROFESSIONALLY FRAUD due to my trust with Australian ethics now  impossible for me to use other channels to get 2yrs owed    wages++++++payable on 31072015 &amp; B4. https://t.co/F41YTzWlLf	16.499592
Fri Nov 30 18:48:03 +0000 2018	@eucopresident @GiuseppeConteIT @MinPres @EmmanuelMacron @JunckerEU Finally I have already flown Spires and Turnkeys as I stand alone, unassisted by my home-nation... Known locally as Captain America but, now due to FB🍎 daily brainwashing via Bernays-tactics ... I am the oldest of my siblings and crown-mark for France (Weaverr) dropped by me BBT	16.152712
Wed Nov 28 17:23:29 +0000 2018	@GiuseppeConteIT @MISE_GOV Art &amp; beauty are the hallmarks of a people fundamental means to increase love for the women! Poems of Love are all women! @virginiaraggi  #Love #WOMEN #Peace #World #Museums #Capitoline #Rome #History #dreaming #legend @museiincomune @ZetemaCultura #beautiful #dreaming #new #days https://t.co/cczLLJyx7Q	15.458255
Wed Nov 28 20:07:52 +0000 2018	@GiuseppeConteIT #Art &amp; #beauty are the hallmarks of a people fundamental to increase love for the women! Every woman is an Poems of Love! @virginiaraggi  #Love #WOMEN #Peace #World #Museums #Capitoline #Rome #History #dreaming #legend @museiincomune @ZetemaCultura #beautiful #dreaming #new #days https://t.co/uvaS3WkaAN	15.458255
Wed Nov 28 19:52:32 +0000 2018	@GiuseppeConteIT Art &amp; beauty are the hallmarks of a people fundamental to increase love for the women! Every woman is an Poems of Love! @virginiaraggi #Love #Women #Peace #World #Museums #Capitoline #Rome #History #dreaming #legend @museiincomune @ZetemaCultura #dreaming #new #days #beautiful https://t.co/ePe29s9Psz	15.458255
Fri Nov 30 18:05:16 +0000 2018	@eucopresident @EmmanuelMacron @GiuseppeConteIT @MinPres @JunckerEU EGYPTIAN DISK - BI-STRAW - BRANCH AHEAD in my site; just now noticed; i can't twitt no longer for risk site be shrunk.	15.414685
Thu Nov 22 16:00:57 +0000 2018	@GiuseppeConteIT from “ see Rome before you die “ wish , hope it s not going to the disappearing of the “ Venetian Gondala “ by Mendelssohn. Only way to go is to lift the city from it s base , to a raised platform @lindaunobel  https://t.co/Xxc4Z9wZ0q	14.606059
Fri Nov 30 10:16:17 +0000 2018	@EmmanuelMacron @eucopresident @JunckerEU @MalmstromEU @AngelaMerkeICDU @MinPres @GiuseppeConteIT @sanchezcastejon @sebastiankurz @PremierRP_en @BelgiumMFA @mercosur @francediplo @guyverhofstadt @MarosSefcovic @realDonaldTrump @Trade_EU Dear President @EmmanuelMacron @francediplo Well it means you will never allow EU FTAs with more efficient Agro producers &amp; exports @Itamaraty_EN @narendramodi @mercosur @USTradeRep @thepmo @jairbolsonaro @poroshenko @VGroysman @ChinaEUMission French Farming Lobby vs better World https://t.co/7da3hJ1M7y	14.019885
Wed Nov 28 14:53:39 +0000 2018	@GiuseppeConteIT JOBS JOBS JOBS first! Violence women after jobs. You are stupid. You are doing everything but create jobs. You SPEND SPEND SPEND and do not grow the economy	13.6946335
Tue Dec 11 11:58:12 +0000 2018	@GiuseppeConteIT Populism is good  !!!!!!! Over bearing communist, socialist, fascist government is bad and that is what Italian government is. You do not create jobs, but flit about here and there doing nothing. Jobs create more jobs and poverty creates more poverty.	13.209103
Fri Dec 07 04:53:40 +0000 2018	@GiuseppeConteIT ［EDITORIAL］ Dissolving ‘Comfort Women’ Foundation, South Korea Puts Ties With Japan at Risk ｜ JAPANForward （29th November 2018 11:27 p.m.） https://t.co/nys8l1xufE #JAPANForward  #ComfortWomen #ComfortWomenFoundation #theReconciliationAndHealingFoundation	12.44359
Tue Dec 04 01:27:26 +0000 2018	@eucopresident @EmmanuelMacron @GiuseppeConteIT @MinPres @JunckerEU Who elected @JunckerEU???	12.038759
Tue Nov 27 04:47:29 +0000 2018	@EmmanuelMacron @GiuseppeConteIT @Queen_Europe Paris in floods , Venice in floods . There s a thought of moving it up the Alphs - it s a mountain range the 8 countries own . Vatican moves upward @lindaunobel ( they know better ) https://t.co/Ma6UkXJNux	11.845396
Thu Nov 29 14:21:49 +0000 2018	@g20org @GiuseppeConteIT Please bring #MBS #MohammadBinSalman to justice #Yemen #Syria #Saudi   #Bahrain #Qatar #Iraq  #Nigeria #Turkey  #Khashoggi   #HumanRights  #G20  @g20org https://t.co/ifWpC7qzcB	11.68282
Fri Nov 30 18:04:10 +0000 2018	@mikebrewer1 @CameronVaske @eucopresident @GiuseppeConteIT @MinPres @EmmanuelMacron @JunckerEU Every time there's a G20 or a G something someone says the same thing. https://t.co/BEgYBLPr7N	11.532019
Fri Nov 30 22:11:39 +0000 2018	@eucopresident @GiuseppeConteIT @MinPres @EmmanuelMacron @JunckerEU Credibility? Who attending has some left?	11.052836
Sat Dec 01 08:01:15 +0000 2018	@GiuseppeConteIT @Palazzo_Chigi ［Press Releases］ Regarding the Decision by the Supreme Court of the Republic of Korea, Confirming the Existing Judgments on the Japanese Company （Statement by Foreign Minister Taro Kono） ｜ Ministry of Foreign Affairs of Japan （30th October 2018） https://t.co/fRv2OBLWhR	10.964138
Fri Nov 30 20:27:07 +0000 2018	@Al_Pacino1368 @eucopresident @GiuseppeConteIT @MinPres @EmmanuelMacron @JunckerEU It’s G20, not EU.	10.913821
Fri Nov 30 01:40:36 +0000 2018	@g20org @GiuseppeConteIT Welcome to Argentina Welcome to G20 🇦🇷🌎🇮🇹	10.6158905
Sat Dec 01 07:58:50 +0000 2018	@GiuseppeConteIT @Palazzo_Chigi Regarding the Decision by the Supreme Court of the Republic of Korea,  Confirming the Existing Judgments on the Japanese Company （Statement by Foreign Minister Taro Kono）｜Ministry of Foreign Affairs of Japan（29th November 2018）https://t.co/eYRxgunAf8  #戦時出稼ぎ朝鮮人労働者	10.562099
Fri Nov 30 17:44:36 +0000 2018	@eucopresident @EmmanuelMacron @GiuseppeConteIT @MinPres @JunckerEU Cut the crap Donald !!! We all know what happened !!! This MBS character is a vicious monster carrying loads of 💵 to pay for his crimes !!! #G20 #khashoggiMurder	10.452629
Fri Dec 07 14:08:38 +0000 2018	@realDonaldTrump @EmmanuelMacron @JustinTrudeau @theresa_may @ScottMorrisonMP @GiuseppeConteIT @markrutte @sanchezcastejon @erna_solberg   Crimes of the dictator (#Saudi Crown Prince) never end. Help #Saudis.   https://t.co/Yv79Ubh8bu	9.931365
Sat Dec 01 08:54:01 +0000 2018	@GiuseppeConteIT I trust on you,professor/prime Minister Joe CONTE;ad maiora!!!	9.686993
Sat Dec 01 14:02:47 +0000 2018	@eucopresident @GiuseppeConteIT @MinPres @EmmanuelMacron @JunckerEU Everyone a multi millionaire and will be grovelling to the Saudi Prince to sell him even more arms to make themselves even richer! A fucking shambles and then some!	8.682433
Sat Dec 01 08:14:47 +0000 2018	@GiuseppeConteIT @Palazzo_Chigi China Steps Up Efforts to Demonize Japan in Canada｜Miroslav Marinov［a Toronto-based writer, blogger and translator］（4th October 2018 4:18 a.m.） https://t.co/XayQMEyFHp  #China #HsiChinping #XiJinping #NanjingMassacre #ChineseLobby #CommunistPartyofChina #Invasion #aggression	8.621778
Fri Nov 30 11:40:07 +0000 2018	@SupportPets @LoveDVoiceless @g20org @GiuseppeConteIT @moonriver365 @FrancoFrattini @PaulCBS12 @cesarmillan @MariaConchita_A @VoiceofVietnam @petsazon @ChinaCrisisNow @GuileSN_BR @PeterEgan6 G20 Summit......💶💴💵💸💰💷💳💸💵💴💶💷💰💳 Let’s bring Animals in to this 🙏🏼	8.564492
Fri Nov 30 18:45:35 +0000 2018	@eucopresident @EmmanuelMacron @GiuseppeConteIT @MinPres @JunckerEU Nice to see Macron shaking hands and joking with Saudi Prince.. Murder Death, Kill is all fine by the EU fascist dictatorship.. Coordinated on organised Globalism,Terrorism Elitism.. #Revolution not EUvolution	8.488348
Sat Dec 01 08:10:15 +0000 2018	@GiuseppeConteIT @Palazzo_Chigi Asahi Shimbun Blocks Access to Articles Retracting Its ‘Comfort Women’ Stories （11th September 2018 1:11 a.m.） https://t.co/CMMJ8GWIqs #JAPANForward  #AsahiShimbunIsaFakeNewspaper #AsahiShimbun #AsahiNewspaperIsaFakeNewspaper #AsahiNewspaper  #ComfortWomen	8.415583
Fri Dec 07 17:51:50 +0000 2018	@eucopresident @EmmanuelMacron @GiuseppeConteIT @MinPres @JunckerEU Your little club is getting smaller and smaller.	8.298849
Wed Nov 21 17:48:42 +0000 2018	"@GiuseppeConteIT @matteosalvinimi ""luigidimaio NO al #GlobalCompactMigration Watch: The dangers of the UN migration pact explained in two minutes https://t.co/9K2k46iF2v"	8.254627
Sat Dec 01 07:57:56 +0000 2018	@GiuseppeConteIT @Palazzo_Chigi Press Conference by the Chief Cabinet Secretary ［Japanese Government Internet TV］ ｜ Prime Minister of Japan and His Cabinet Homepage （29th November 2018（A.M.）） https://t.co/KmTSvTfC8f  #戦時出稼ぎ朝鮮人労働者 #KoreanWorkerOftheWartimeEmigration	8.125096
Wed Nov 07 22:56:12 +0000 2018	@GiuseppeConteIT All the best for italian research/researchers (money too).  Remembering that prevention that come from control of environmental quality have same importance. For example a real control of air's quality in cities don't exist.....	6.661833
Wed Nov 07 04:46:14 +0000 2018	@GiuseppeConteIT THE RETURN OF THE CREATORS OF THE LIFE 👽 AND JESUS CRHIST SUPER STAR 👽https://t.co/RZYL8t3peG 🎥 Elohim Embassy are you... - YouTube https://t.co/r38vag0CKP Elohim Embassy - The Raelian Movement - https://t.co/r9WRLEnVO9 https://t.co/8mFGPtISYQ	6.5730066
Mon Dec 03 17:04:47 +0000 2018	@realDonaldTrump @TurnbullMalcolm @netanyahu @BoykoBorissov @GiuseppeConteIT @PremierRP_en @zoltanspox @ScottMorrisonMP @KolindaGK @sebastiankurz @slaveksobotka Congratulations! Your decision to resist the corrupt @UN is absolutely correct. France is Hell, yours are Heaven!	6.093462
Fri Dec 07 05:56:22 +0000 2018	@GiuseppeConteIT @Palazzo_Chigi ［EDITORIAL］ Dissolving ‘Comfort Women’ Foundation, South Korea Puts Ties With Japan at Risk ｜ JAPANForward （29th November 2018 11:27 p.m.） https://t.co/nys8l1xufE #JAPANForward  #ComfortWomen #ComfortWomenFoundation #theReconciliationAndHealingFoundation	5.768021
Wed Dec 12 20:02:25 +0000 2018	@GiuseppeConteIT @ilcarradori come scs	5.3981285
Sat Dec 01 11:39:22 +0000 2018	@eucopresident @GiuseppeConteIT @MinPres @EmmanuelMacron @JunckerEU Spanish people are not more the small ones in the room :)	5.0308366
Thu Nov 29 16:25:58 +0000 2018	@GiuseppeConteIT  Italy is a great country. I love Italy.	4.98607
Sun Dec 02 21:46:43 +0000 2018	@eucopresident @GiuseppeConteIT @MinPres @EmmanuelMacron @JunckerEU European Union is FAILING! Pay the NATO share equally with @realDonaldTrump  Mind your own business                 Stop being dummy, talking in something you don’t know. https://t.co/cNTni9cPCc	4.6511493
Fri Nov 30 18:44:56 +0000 2018	@eucopresident @GiuseppeConteIT @MinPres @EmmanuelMacron @JunckerEU Yes, it could hurt arms sales to SaudiArabia. Bow down to the Saudi money	4.538761
Fri Nov 23 02:44:13 +0000 2018	@GiuseppeConteIT @Roma @virginiaraggi Sell your gold reserves pay your bills and move on  Simple mess up and get hanged like the Vatican banker  See even god has money problems https://t.co/4aeFhUu1SF	4.1357765
Tue Nov 06 23:24:43 +0000 2018	@GiuseppeConteIT The gangster and Putin's good soldier.	4.085763
Fri Nov 23 09:16:17 +0000 2018	@GiuseppeConteIT GOOD MORNING          Ostia https://t.co/bYlug2bXRh	4.085763
Mon Dec 03 04:48:50 +0000 2018	@eucopresident @GiuseppeConteIT @MinPres @EmmanuelMacron @JunckerEU A bunch of globalist TRAITORS standing together, plotting to destroy European nations. I hope you all die in a lot of pain and misery.	3.9884129
Sat Dec 01 07:27:02 +0000 2018	RT @mikebrewer1: @eucopresident @GiuseppeConteIT @MinPres @EmmanuelMacron @JunckerEU The EU isn't a country, it shouldn't be part of the G2…	3.8689175
Fri Nov 30 19:54:17 +0000 2018	"@eucopresident @EmmanuelMacron @GiuseppeConteIT @MinPres @JunckerEU @EUCouncil @phcouillard @justintrudeau @AbeShinzo @TimmermansEU @Europarl_EN @EarthEcho @HeikoMaas @VicenteFoxQue @MMAFighting @Schwarzenegger @pcousteau @jeanmicheljarre @AndrewLloydWeb0 @NASA @Digi24_HD @HulkHogan ""on a slab found his cloth, when entered rhomb, the drawing of"	3.7253308
Wed Nov 28 18:16:34 +0000 2018	@Quirinale 🛎️ #security decree: another passage is due and it is all about your honourable Presidential powers to require reconsideration of the law and/or to refuse the promulgation of this government act, to uphold sacred #Constitution/al principles.	3.5570965
Thu Dec 06 00:29:33 +0000 2018	@Quirinale  Dear President  Seasons Greetings  Please speak out against the Asian #catmeattrade  Millions of cats are brutally tortured for superstitious/unscientific beliefs that it produces health benifits‼️ Cats are loving companions not food‼️ https://t.co/yaj9kXQr8t	3.4228773
Wed Dec 05 20:29:44 +0000 2018	@GiuseppeConteIT  a good man ehp will not be pushed around by the globalists  @ItalyUN_NY	3.3641138
Tue Nov 27 02:44:34 +0000 2018	@GiuseppeConteIT @Pontifex  i will convert to catholic , should I reach Italians shores - Rome , in exile forever . ( away &amp; only visit very few people otherwise outside your country ) it is sincere .  Musique d ‘ bocelli . https://t.co/m21WqRNXGT	2.9519649
Sat Dec 01 11:21:24 +0000 2018	@eucopresident @EmmanuelMacron @GiuseppeConteIT @MinPres @JunckerEU Thank you for stepping up! Americans appreciate your leadership on this, while ours flounder under misplaced priorities; failing to represent our common good.	2.8822598
Thu Nov 22 04:15:02 +0000 2018	@GiuseppeConteIT Sir, I highly recommend you tell the EU to get lost.	2.8645775
Sun Nov 25 15:37:14 +0000 2018	@GiuseppeConteIT What is the official position of the Government on the disgraceful #GlobalCompact? This act will contribute to make any national migration legislation ineffective allowing more social devastations to happen in your country. Signing it means abusing the trust of your constituents!	2.7664442
Sun Nov 25 15:34:14 +0000 2018	@GiuseppeConteIT What is the official position of the Government on the disgraceful #GlobalCompact? This act will contribute to make any national migration regulations ineffective allowing more social devastations to happen in your country. Signing it means abusing the trust of your constituents!	2.7664442
Fri Nov 23 18:18:56 +0000 2018	@JustinTrudeau @realDonaldTrump @EmmanuelMacron @sanchezcastejon @GiuseppeConteIT @anabrnabic @RT_Erdogan @MargvelashviliG @CyrilRamaphosa &amp; Xi Jinping. Get on this. 👀	2.3038812
Sat Dec 01 13:49:44 +0000 2018	@eucopresident @GiuseppeConteIT @MinPres @EmmanuelMacron @JunckerEU As Lord Heseltine said so cogently it is meaningless to talk about sovereignty without talking about power. #G20summit coordinated EU position demonstrates the power that comes from pooling sovereignty with like-minded nations. #StopBrexit	1.2652673
