created_at	text	_score
Wed Nov 07 22:07:07 +0000 2018	During their meeting at the White House, @realDonaldTrump and @GiuseppeConteIT discussed ways to enhance cooperation in the fight against terrorism. https://t.co/u9TLQgx1d0	68.93309
Thu Nov 08 19:54:30 +0000 2018	@GiuseppeConteIT Conte: I am impeaching @EmmanuelMacron for Corruption. His wife is going to jail for overspending. What parade everyone is going to?	62.461525
Wed Nov 07 23:25:09 +0000 2018	@GiuseppeConteIT Again, the approach to all kinds and more ancient, efficient and secure medical herbs is totally negative and  unscientific.	47.32509
Sat Dec 01 04:40:49 +0000 2018	@eucopresident @GiuseppeConteIT @MinPres @EmmanuelMacron @JunckerEU @realDonaldTrump @opengovpart @GuyRyder @anticorruption @dfat @JobsGovAU @G20Australia @g20org @b20 @SecretaryRoss @globalcompact @Global_Witness @BarackObama  AUSTRALIA’S COMMITMENT GLOBALLY FRAUD BRIBERY &amp; we were the original signatory of Human Rights which REFLECTS OUR NATIONAL VALUES. Australians are operating in accordance with international best-practice  standards those related to human rights &amp; transparency ????? https://t.co/4FneZaUQDo	44.206253
Sat Dec 01 05:52:11 +0000 2018	@eucopresident @GiuseppeConteIT @MinPres @EmmanuelMacron @JunckerEU No mention of the three journalist's murdered investigating corruption across the European union's institutions disgraceful	39.14147
Sun Dec 02 02:11:29 +0000 2018	@GiuseppeConteIT Arresting A Head Of State Is Ruining Equality, Diplomatic Ties &amp; Global Unity, Endangering Peace &amp; Security, And Turning The World Upside Down.	35.631783
Wed Nov 07 22:56:12 +0000 2018	@GiuseppeConteIT All the best for italian research/researchers (money too).  Remembering that prevention that come from control of environmental quality have same importance. For example a real control of air's quality in cities don't exist.....	35.46285
Sat Dec 01 04:59:00 +0000 2018	@eucopresident @EmmanuelMacron @GiuseppeConteIT @MinPres @JunckerEU John Brennan: Trump’s “Iceberg of Lies, Deceit, Corruption &amp; Criminality Is Steadily Surfacing” https://t.co/en6nc4O39z	33.11089
Sun Dec 09 15:58:08 +0000 2018	@theresa_may the corruption at Dubai that versus western poeple of work and turism  @realDonaldTrump @JustinTrudeau @RoyalFamily @Quirinale	31.186878
Sat Dec 01 00:29:01 +0000 2018	@GiuseppeConteIT Arresting A Head Of State Is Violating State Sovereignty, Ruining Diplomatic Ties, Damaging Global Unity, Endangering International Peace And Security, And Turning The World Upside Down.  Tap the link below and read more.  https://t.co/j4Npa1VgAV	30.182867
Fri Nov 30 18:48:03 +0000 2018	@eucopresident @GiuseppeConteIT @MinPres @EmmanuelMacron @JunckerEU Finally I have already flown Spires and Turnkeys as I stand alone, unassisted by my home-nation... Known locally as Captain America but, now due to FB🍎 daily brainwashing via Bernays-tactics ... I am the oldest of my siblings and crown-mark for France (Weaverr) dropped by me BBT	24.229069
Wed Nov 07 22:07:02 +0000 2018	“Today, Prime Minister @GiuseppeConteIT and I are pleased to announce a new strategic dialogue between Italy and the United States that will enhance cooperation on a range of issues.” 🇺🇸🇮🇹 https://t.co/U8oGsyTx6K	23.521656
Fri Nov 30 18:45:35 +0000 2018	@eucopresident @EmmanuelMacron @GiuseppeConteIT @MinPres @JunckerEU Nice to see Macron shaking hands and joking with Saudi Prince.. Murder Death, Kill is all fine by the EU fascist dictatorship.. Coordinated on organised Globalism,Terrorism Elitism.. #Revolution not EUvolution	23.349672
Sat Nov 24 15:10:45 +0000 2018	@POTUS @GiuseppeConteIT @France24_en I said last year about the grassroots public, example taxi drivers I talked to in Nantes France, testing the Pd type Macron and his falsity, time is up! They had enough crap from type old financial club governments same as in USA and Italy’s!	19.468456
Fri Nov 23 18:34:54 +0000 2018	@GiuseppeConteIT No al global compact No al global compact No al global compact No al global compact  No al global compact No al global compact No al global compact	18.75217
Wed Dec 05 11:02:03 +0000 2018	@GiuseppeConteIT Trickle Down Economics will cause inflation and increase debt. Bottom Up Economics using deficit neutral tax credits tied to hiring (€ turn over and taxes collected). €90 billion/3 million jobs/€30,000 per year, +13% workers. =+9% GDP that doubles in 8 years..	18.688345
Fri Nov 30 16:13:57 +0000 2018	@eucopresident @GiuseppeConteIT @MinPres @EmmanuelMacron @JunckerEU #ÇekeHapisCezasıKalksın The Republic of Turkey is acting contrary to the Universal Declaration of Human Rights ..@KatiPiri @AlanDuncanMP @Dunja_Mijatovic @Europarl_EN @EU_Commission @EurobarometerEU @FoxNews @MevlutCavusoglu @JudithSlaterFCO @guardian @washingtonpost @ikalin1	17.60295
Fri Nov 30 16:14:21 +0000 2018	@eucopresident @GiuseppeConteIT @MinPres @EmmanuelMacron @JunckerEU #ÇekeHapisCezasıKalksın You cannot imprison sinking trades by law 5941 ... This is contrary to the Universal Declaration of Human Rights.@KatiPiri @AlanDuncanMP @Dunja_Mijatovic @Europarl_EN @EU_Commission @EurobarometerEU @FoxNews @MevlutCavusoglu @JudithSlaterFCO @guardian	17.200459
Sat Dec 01 08:54:01 +0000 2018	@GiuseppeConteIT I trust on you,professor/prime Minister Joe CONTE;ad maiora!!!	16.99997
Wed Dec 12 16:03:10 +0000 2018	Working meeting @JunckerEU and @GiuseppeConteIT on #Italy’s budgetary plan 2019 underway. Joined by @VDombrovskis @pierremoscovici and Minister of the Economy and Finances, Giovanni #Tria. https://t.co/YoYZRqOkTy	16.611805
Fri Nov 30 18:44:56 +0000 2018	@eucopresident @GiuseppeConteIT @MinPres @EmmanuelMacron @JunckerEU Yes, it could hurt arms sales to SaudiArabia. Bow down to the Saudi money	16.126635
Thu Nov 08 23:20:40 +0000 2018	Just met the new Prime Minister of Italy, @GiuseppeConteIT, a really great guy. He will be honored in Washington, at the @WhiteHouse, shortly. He will do a great job - the people of Italy got it right!	16.091234
Sun Dec 02 14:06:10 +0000 2018	@GiuseppeConteIT You’re right https://t.co/tXbGH2jiEB	16.01353
Sat Dec 01 08:01:38 +0000 2018	@GiuseppeConteIT @Palazzo_Chigi ［Press Conferences］ Extraordinary Press Conference by Foreign Minister Taro Kono ｜ Ministry of Foreign Affairs of Japan （30th October 2018 4:22 p.m.） https://t.co/XbvvpNpgSv  #戦時出稼ぎ朝鮮人労働者 #KoreanWorkerOftheWartimeEmigration	14.558972
Sat Dec 01 08:02:27 +0000 2018	@GiuseppeConteIT @Palazzo_Chigi ［Press Conferences］ Press Conference by Foreign Minister Taro Kono ｜ Ministry of Foreign Affairs of Japan （6th November 2018 2:50 p.m.） https://t.co/GygY0M85XC  #戦時出稼ぎ朝鮮人労働者 #KoreanWorkerOftheWartimeEmigration	14.27692
Sat Dec 01 08:11:52 +0000 2018	@GiuseppeConteIT @Palazzo_Chigi Announcement by Foreign Ministers of Japan and the Republic of Korea at the Joint Press Occasion ｜ Ministry of Foreign Affairs of Japan （28th December 2015） https://t.co/RNo4HyTJtF  #ComfortWomen #theReconciliationAndHealingFoundation	14.177622
Sat Dec 01 07:57:56 +0000 2018	@GiuseppeConteIT @Palazzo_Chigi Press Conference by the Chief Cabinet Secretary ［Japanese Government Internet TV］ ｜ Prime Minister of Japan and His Cabinet Homepage （29th November 2018（A.M.）） https://t.co/KmTSvTfC8f  #戦時出稼ぎ朝鮮人労働者 #KoreanWorkerOftheWartimeEmigration	14.00298
Tue Nov 27 10:44:37 +0000 2018	@GiuseppeConteIT Stay strong!! Greetings from Greece! I wish in Greece to have a prime minister like you !!! Do not let them bend you. You are the only one who resists the predators of europe!!	13.769806
Tue Dec 11 07:13:48 +0000 2018	@GiuseppeConteIT We must protect our Free Democracy. https://t.co/y5OxC5SAoT	13.537809
Sat Dec 01 07:55:17 +0000 2018	@GiuseppeConteIT @Palazzo_Chigi Takeshima ｜ Ministry of Foreign Affairs of Japan （30th July 2014） https://t.co/MMPxWleUSz  #Takeshima　#竹島 #SouthKorea　#MoonJaein　#文在寅　#ブン・ザイイン #SouthKoreaHasbeenOccupyingTakeshimaWithnoBasisinInternationalLaw	13.385099
Fri Nov 30 17:44:10 +0000 2018	@eucopresident @EmmanuelMacron @GiuseppeConteIT @MinPres @JunckerEU The international community and anyone with a brain is wondering how so many people in offics could feign stupidity while wasting time.	13.137792
Sat Dec 01 08:34:23 +0000 2018	@eucopresident @EmmanuelMacron @GiuseppeConteIT @MinPres @JunckerEU the crime against kashoggi comes before the crime against more than one people in the middle east (Palestinian, Syrian, Iraqi, yemenite) what a bastard world	13.026638
Sat Dec 01 08:05:59 +0000 2018	@GiuseppeConteIT @Palazzo_Chigi 【Agreement Between Japan and the Republic of Korea Concerning the Settlement of Problems in Regard to Property and Claims and Economic Cooperation】（Wikisource） https://t.co/72FNnoB8vj  #戦時出稼ぎ朝鮮人労働者 #KoreanWorkerOftheWartimeEmigration	12.289851
Sat Dec 01 08:19:27 +0000 2018	@GiuseppeConteIT @Palazzo_Chigi Situation of the Senkaku Islands ｜ Ministry of Foreign Affairs of Japan （4th April 2014） https://t.co/siu8bVyQSU  #SenkakuIslands　#尖閣諸島 #China　#HsiChinping　#XiJinping　#習近平　#シュウ・キンペイ #Invasion　#aggression #ShipofChinaCoastGuard　#Armedfishingvessel	12.198574
Sat Dec 01 08:15:20 +0000 2018	@GiuseppeConteIT @Palazzo_Chigi Japan’s ODA to China—End of a Momentous Foreign Policy Failure （8th November 2018 2:11 a.m.） https://t.co/9BzEjvDtSC #JAPANForward  #China　#HsiChinping　#XiJinping　#習近平　#シュウ・キンペイ #Invasion　#aggression #ShipofChinaCoastGuard　#Armedfishingvessel	11.9670105
Tue Dec 11 05:35:39 +0000 2018	"@eucopresident @EP_President @GiuseppeConteIT @JunckerEU Tax havens - The so-called ""tax havens"" where there are money from mafia, lenders and criminals of all sorts, must be closed by..."	11.960406
Fri Nov 23 02:44:13 +0000 2018	@GiuseppeConteIT @Roma @virginiaraggi Sell your gold reserves pay your bills and move on  Simple mess up and get hanged like the Vatican banker  See even god has money problems https://t.co/4aeFhUu1SF	11.260729
Sat Dec 01 11:05:40 +0000 2018	@eucopresident @EmmanuelMacron @GiuseppeConteIT @MinPres @JunckerEU Easy : the journalist got his fingers cut off.. It was horrible..  Climate : shall we speak about geoengineering ? Climate can be alright..  Trade : Money will be gone with blockchains so define (new) trade ?	10.638386
Tue Nov 27 21:02:07 +0000 2018	@GiuseppeConteIT No GLOBAL COMPACT NO GLOBAL COMPACT NO GLOBAL COMPACT. PRESIDENTE. NO GLOBAL COMPACT	9.649045
Fri Nov 23 15:14:00 +0000 2018	@GiuseppeConteIT NO GLOBAL COMPACT ! NO GLOBAL COMPACT !  NO GLOBAL COMPACT !	9.523233
Sat Dec 01 17:08:42 +0000 2018	#BREAKING: #Saudi Crown Prince #MuhammadBinSalman meets with @GiuseppeConteIT, Prime Minister of #Italy, on the sideline of the #G20Summit 🇸🇦🇮🇹 #CrownPrinceInG20 https://t.co/lFuo8OWhBS	9.505477
Sat Dec 01 17:07:49 +0000 2018	#VIDEO: #Saudi Crown Prince #MuhammadBinSalman meets with @GiuseppeConteIT,  Prime Minister of #Italy, on the sideline of the #G20Summit 🇸🇦🇮🇹  #CrownPrinceInG20 @KSAmofaEN https://t.co/2DQTfe7jF0	9.344632
Sat Dec 01 16:40:18 +0000 2018	#CrownPrinceInG20 | Crown Prince Mohammed bin Salman met with @GiuseppeConteIT, Prime Minister of #Italy, on the sideline of the #G20Summit 🇸🇦🇮🇹 https://t.co/5dPLMs1o7R	9.31389
Sat Dec 01 11:25:51 +0000 2018	President ⁦@JunckerEU⁩ meets with Prime Minister ⁦@GiuseppeConteIT⁩ in Buenos Aires on the sidelines of #G20Argentina. Commissioner ⁦@pierremoscovici⁩ and Minister G. Tria also attending. https://t.co/aCp4OEuEDO	9.283268
Fri Nov 23 10:52:59 +0000 2018	@narendramodi @GiuseppeConteIT 40 days of harassment to school kids in Wakad. School flouts RTE which is an integral part of the venerable Indian Constitution. Not clear as to why PCMC DYDE NCPCR MSCPCR etc are mum? No one cares for d 100 odd kids harassed. School is collecting ransom money thru extortion. HLP	9.125401
Sat Nov 24 04:34:59 +0000 2018	@narendramodi @GiuseppeConteIT 41 days of harassment to school kids in Wakad. School flouts RTE which is an integral part of the venerable Indian Constitution. Not clear as to why PCMC DYDE NCPCR MSCPCR etc are mum? No one cares for d 100 odd kids harassed. School is collecting ransom money thru extortion. HLP	9.125401
Sat Nov 24 19:16:07 +0000 2018	President ⁦@JunckerEU⁩ welcomes Prime Minister ⁦@GiuseppeConteIT⁩. Working dinner in presence ⁦@VDombrovskis⁩ ⁦@pierremoscovici⁩ Minister G. Tria underway. https://t.co/pkvvwWvjIA	9.123613
Fri Nov 09 19:55:22 +0000 2018	Just spoke with Prime Minister @GiuseppeConteIT of Italy concerning many subjects, including the fact that Italy is now taking a very hard line on illegal immigration...	9.100175
Sat Nov 24 04:58:01 +0000 2018	@narendramodi @SushmaSwaraj @GiuseppeConteIT 41 days of harassment to school kids in Wakad. School flouts RTE which is an integral part of the venerable Indian Constitution. Not clear as to why PCMC DYDE NCPCR MSCPCR etc are mum? No one cares for d 100 odd kids harassed. School is collecting ransom money thru extortion. HLP	8.955578
Wed Nov 07 22:07:27 +0000 2018	🇮🇹🇺🇸  #Italy’s Prime Minister @GiuseppeConteIT in the Oval Office at the @WhiteHouse with @POTUS @realdonaldtrump #ItaliaeUSA #USAandItaly #USItalyCooperation https://t.co/Iu4LzElNXy	8.439157
Fri Nov 23 18:59:50 +0000 2018	@GiuseppeConteIT No global compact	8.041639
Sun Nov 25 00:59:10 +0000 2018	@GiuseppeConteIT NO GLOBAL COMPACT.	8.041639
Wed Nov 28 16:33:54 +0000 2018	@GiuseppeConteIT NO GLOBAL COMPACT	8.041639
Tue Nov 27 22:33:57 +0000 2018	@GiuseppeConteIT  No global compact	8.041639
Sun Nov 25 12:28:59 +0000 2018	@GiuseppeConteIT No Global Compact!	8.041639
Tue Nov 27 20:10:47 +0000 2018	@GiuseppeConteIT NO GLOBAL COMPACT !!!!!!!!!!!!!!!!!!!!!!!!!!!	8.041639
Tue Nov 27 20:10:16 +0000 2018	@GiuseppeConteIT NO GLOBAL COMPACT !!!!!!!!!!!!!!!!!!!!!!!!!!!!!!	8.041639
Sat Dec 01 11:22:24 +0000 2018	@GiuseppeConteIT NO GLOBAL COMPACT !!!	8.041639
Mon Dec 03 07:02:08 +0000 2018	@GiuseppeConteIT No global compact.	8.041639
Sat Dec 01 20:08:19 +0000 2018	‘Photos With Facists’ would make an excellent name for a punk band.  Picture with @GiuseppeConteIT (facist &amp;Italian Prime Minister) - and @tompwymer (not a fascist) at G20 Argentina. https://t.co/nkysqshblF	7.9985037
Fri Nov 30 17:44:36 +0000 2018	@eucopresident @EmmanuelMacron @GiuseppeConteIT @MinPres @JunckerEU Cut the crap Donald !!! We all know what happened !!! This MBS character is a vicious monster carrying loads of 💵 to pay for his crimes !!! #G20 #khashoggiMurder	7.889183
Mon Nov 26 02:07:16 +0000 2018	@GiuseppeConteIT No al global compact	7.779114
Tue Nov 27 08:09:49 +0000 2018	@GiuseppeConteIT  No global Impact, grazie	7.779114
Fri Nov 30 22:14:17 +0000 2018	@GiuseppeConteIT @Palazzo_Chigi No global compact	7.779114
Wed Dec 05 20:01:32 +0000 2018	@GiuseppeConteIT Conte......NO global compact!!!!!	7.779114
Wed Nov 28 21:26:04 +0000 2018	@GiuseppeConteIT No al Global Compact!	7.779114
Thu Nov 29 06:07:46 +0000 2018	@GiuseppeConteIT No al  global compact!!!!!!!	7.779114
Thu Nov 29 14:29:13 +0000 2018	@GiuseppeConteIT Ora no global compact	7.779114
Mon Dec 10 13:46:06 +0000 2018	@GiuseppeConteIT Somiglia al Global Compact.	7.779114
Sat Nov 10 17:52:04 +0000 2018	It is my great honor to welcome Prime Minister @GiuseppeConteIT of Italy to the @WhiteHouse! Join us at 2:00pmE for our joint press conference: https://t.co/XAchZ3zUSe https://t.co/5t4QVsKKqH	7.588338
Tue Nov 27 21:23:15 +0000 2018	@GiuseppeConteIT No global compact. NON FIRMATE!	7.533189
Tue Nov 27 22:10:29 +0000 2018	@GiuseppeConteIT no adesione al global compact	7.533189
Fri Nov 30 08:24:27 +0000 2018	@GiuseppeConteIT @mauriciomacri No .al Global  compact. ..	7.533189
Wed Nov 28 20:21:54 +0000 2018	@GiuseppeConteIT Proteggeteci dall'invasione, niente Global Compact.	7.533189
Fri Nov 30 09:23:36 +0000 2018	@GiuseppeConteIT non firmate il global compact	7.533189
Fri Nov 30 19:58:57 +0000 2018	@eucopresident @alexstubb @GiuseppeConteIT @MinPres @EmmanuelMacron @JunckerEU ETR is calling on the concrete result for the @mercosur @jairbolsonaro @mauriciomacri Will you still sign in @g20org like @realDonaldTrump @JustinTrudeau @EPN using this great global stage for one key pillar of EU rule based trading system #multilateralism @Trade_EU @MalmstromEU	7.450124
Thu Nov 29 16:12:19 +0000 2018	Listening to Italy’s Prime Minister @GiuseppeConteIT at the University of Buenos Aires #UBA #G20 https://t.co/c7Tg4mmkNS	7.3160415
Tue Nov 27 10:46:27 +0000 2018	@GiuseppeConteIT NO GLOBAL COMPACT https://t.co/tiKySMOKEn	7.3023357
Tue Nov 27 10:44:13 +0000 2018	@GiuseppeConteIT NO GLOBAL CONTACT https://t.co/tiKySMOKEn	7.3023357
Wed Nov 28 18:04:35 +0000 2018	@GiuseppeConteIT @luigidimaio @matteosalvinimi NO al Global Compact!!!!!!!	7.3023357
Thu Nov 29 22:23:55 +0000 2018	@GiuseppeConteIT Don't sign the #UN Global compact	7.3023357
Sat Dec 01 08:01:15 +0000 2018	@GiuseppeConteIT @Palazzo_Chigi ［Press Releases］ Regarding the Decision by the Supreme Court of the Republic of Korea, Confirming the Existing Judgments on the Japanese Company （Statement by Foreign Minister Taro Kono） ｜ Ministry of Foreign Affairs of Japan （30th October 2018） https://t.co/fRv2OBLWhR	7.20141
Wed Nov 28 10:40:38 +0000 2018	@GiuseppeConteIT  No al Global Compact https://t.co/39gt7TrrxY	7.0852103
Sun Dec 02 14:39:15 +0000 2018	@GiuseppeConteIT NO GLOBAL COMPACT Presidente...😕😕😕	7.0852103
Thu Nov 29 17:28:11 +0000 2018	RT @GiuliaPetroni: Listening to Italy’s Prime Minister @GiuseppeConteIT at the University of Buenos Aires #UBA #G20 https://t.co/c7Tg4mmkNS	6.988202
Sun Nov 25 00:59:40 +0000 2018	@GiuseppeConteIT No Global Compact. Lots of support from USA.	6.880624
Wed Nov 28 16:05:00 +0000 2018	@GiuseppeConteIT @Palazzo_Chigi @gbongiorno66 @AlfonsoBonafede Non firmate il Global Compact!!!	6.880624
Sat Dec 01 07:58:50 +0000 2018	@GiuseppeConteIT @Palazzo_Chigi Regarding the Decision by the Supreme Court of the Republic of Korea,  Confirming the Existing Judgments on the Japanese Company （Statement by Foreign Minister Taro Kono）｜Ministry of Foreign Affairs of Japan（29th November 2018）https://t.co/eYRxgunAf8  #戦時出稼ぎ朝鮮人労働者	6.8029966
Sat Dec 01 08:05:08 +0000 2018	@GiuseppeConteIT @Palazzo_Chigi Let’s Not Aid South Korean Supreme Court’s Misperception of Facts on Wartime Labor （21st November 2018 12:15 a.m.） https://t.co/vYpYrTMFAV #JAPANForward  #戦時出稼ぎ朝鮮人労働者 #KoreanWorkerOftheWartimeEmigration	6.6865087
Sat Dec 01 04:48:46 +0000 2018	@eucopresident @GiuseppeConteIT @MinPres @EmmanuelMacron @JunckerEU So Germany has already conquered Europe through the EU, wants to build an army against America &amp; Russia, &amp; are worried about a Muslim Brotherhood asset because they already allied with Islam like the previous World Wars. Welcome to history repeating itself... Nazi era 1940’s.	6.1661453
Sat Dec 01 04:37:29 +0000 2018	@eucopresident @GiuseppeConteIT @MinPres @EmmanuelMacron @JunckerEU @realDonaldTrump @opengovpart @GuyRyder @anticorruption @dfat @JobsGovAU @G20Australia @g20org @b20 @SecretaryRoss @globalcompact @Global_Witness  I was employed in Melbourne to develop S.West Asian Countries Business  PROFESSIONALLY FRAUD due to my trust with Australian ethics now  impossible for me to use other channels to get 2yrs owed    wages++++++payable on 31072015 &amp; B4. https://t.co/F41YTzWlLf	6.1182313
Wed Nov 07 15:02:55 +0000 2018	India is delighted to host PM @GiuseppeConteIT.   I am glad he took part in the Technology Summit as well.  During our talks earlier today, we reviewed the full range of the India-Italy partnership, particularly in advancing cooperation in trade, technology and culture. https://t.co/zGOoZBCJZ9	5.8698916
Sat Nov 10 13:48:38 +0000 2018	India is delighted to host PM @GiuseppeConteIT.   I am glad he took part in the Technology Summit as well.  During our talks earlier today, we reviewed the full range of the India-Italy partnership, particularly in advancing cooperation in trade, technology and culture. https://t.co/zGOoZBCJZ9	5.8698916
Sat Nov 10 17:18:52 +0000 2018	India is delighted to host PM @GiuseppeConteIT.   I am glad he took part in the Technology Summit as well.  During our talks earlier today, we reviewed the full range of the India-Italy partnership, particularly in advancing cooperation in trade, technology and culture. https://t.co/zGOoZBCJZ9	5.8698916
Sun Nov 11 04:55:17 +0000 2018	India is delighted to host PM @GiuseppeConteIT.   I am glad he took part in the Technology Summit as well.  During our talks earlier today, we reviewed the full range of the India-Italy partnership, particularly in advancing cooperation in trade, technology and culture. https://t.co/zGOoZBCJZ9	5.8698916
Thu Nov 08 05:54:16 +0000 2018	India is delighted to host PM @GiuseppeConteIT.   I am glad he took part in the Technology Summit as well.  During our talks earlier today, we reviewed the full range of the India-Italy partnership, particularly in advancing cooperation in trade, technology and culture. https://t.co/zGOoZBCJZ9	5.8698916
Thu Nov 08 10:39:55 +0000 2018	India is delighted to host PM @GiuseppeConteIT.   I am glad he took part in the Technology Summit as well.  During our talks earlier today, we reviewed the full range of the India-Italy partnership, particularly in advancing cooperation in trade, technology and culture. https://t.co/zGOoZBCJZ9	5.8698916
Wed Nov 07 07:24:50 +0000 2018	India is delighted to host PM @GiuseppeConteIT.   I am glad he took part in the Technology Summit as well.  During our talks earlier today, we reviewed the full range of the India-Italy partnership, particularly in advancing cooperation in trade, technology and culture. https://t.co/zGOoZBCJZ9	5.8698916
Fri Nov 09 04:52:29 +0000 2018	India is delighted to host PM @GiuseppeConteIT.   I am glad he took part in the Technology Summit as well.  During our talks earlier today, we reviewed the full range of the India-Italy partnership, particularly in advancing cooperation in trade, technology and culture. https://t.co/zGOoZBCJZ9	5.8698916
Fri Nov 09 04:00:59 +0000 2018	India is delighted to host PM @GiuseppeConteIT.   I am glad he took part in the Technology Summit as well.  During our talks earlier today, we reviewed the full range of the India-Italy partnership, particularly in advancing cooperation in trade, technology and culture. https://t.co/zGOoZBCJZ9	5.8698916
Sat Nov 10 22:42:49 +0000 2018	India is delighted to host PM @GiuseppeConteIT.   I am glad he took part in the Technology Summit as well.  During our talks earlier today, we reviewed the full range of the India-Italy partnership, particularly in advancing cooperation in trade, technology and culture. https://t.co/zGOoZBCJZ9	5.8698916
Wed Nov 07 02:57:05 +0000 2018	India is delighted to host PM @GiuseppeConteIT.   I am glad he took part in the Technology Summit as well.  During our talks earlier today, we reviewed the full range of the India-Italy partnership, particularly in advancing cooperation in trade, technology and culture. https://t.co/zGOoZBCJZ9	5.8698916
Thu Nov 22 08:48:24 +0000 2018	India is delighted to host PM @GiuseppeConteIT.   I am glad he took part in the Technology Summit as well.  During our talks earlier today, we reviewed the full range of the India-Italy partnership, particularly in advancing cooperation in trade, technology and culture. https://t.co/zGOoZBCJZ9	5.8698916
Thu Nov 22 16:17:01 +0000 2018	India is delighted to host PM @GiuseppeConteIT.   I am glad he took part in the Technology Summit as well.  During our talks earlier today, we reviewed the full range of the India-Italy partnership, particularly in advancing cooperation in trade, technology and culture. https://t.co/zGOoZBCJZ9	5.8698916
Sat Nov 24 04:55:34 +0000 2018	India is delighted to host PM @GiuseppeConteIT.   I am glad he took part in the Technology Summit as well.  During our talks earlier today, we reviewed the full range of the India-Italy partnership, particularly in advancing cooperation in trade, technology and culture. https://t.co/zGOoZBCJZ9	5.8698916
Sat Nov 24 08:50:21 +0000 2018	India is delighted to host PM @GiuseppeConteIT.   I am glad he took part in the Technology Summit as well.  During our talks earlier today, we reviewed the full range of the India-Italy partnership, particularly in advancing cooperation in trade, technology and culture. https://t.co/zGOoZBCJZ9	5.8698916
Sat Nov 24 07:05:24 +0000 2018	India is delighted to host PM @GiuseppeConteIT.   I am glad he took part in the Technology Summit as well.  During our talks earlier today, we reviewed the full range of the India-Italy partnership, particularly in advancing cooperation in trade, technology and culture. https://t.co/zGOoZBCJZ9	5.8698916
Sat Nov 24 08:35:47 +0000 2018	India is delighted to host PM @GiuseppeConteIT.   I am glad he took part in the Technology Summit as well.  During our talks earlier today, we reviewed the full range of the India-Italy partnership, particularly in advancing cooperation in trade, technology and culture. https://t.co/zGOoZBCJZ9	5.8698916
Sat Nov 24 05:25:22 +0000 2018	India is delighted to host PM @GiuseppeConteIT.   I am glad he took part in the Technology Summit as well.  During our talks earlier today, we reviewed the full range of the India-Italy partnership, particularly in advancing cooperation in trade, technology and culture. https://t.co/zGOoZBCJZ9	5.8698916
Thu Nov 22 08:54:15 +0000 2018	India is delighted to host PM @GiuseppeConteIT.   I am glad he took part in the Technology Summit as well.  During our talks earlier today, we reviewed the full range of the India-Italy partnership, particularly in advancing cooperation in trade, technology and culture. https://t.co/zGOoZBCJZ9	5.8698916
Sun Nov 25 15:19:18 +0000 2018	India is delighted to host PM @GiuseppeConteIT.   I am glad he took part in the Technology Summit as well.  During our talks earlier today, we reviewed the full range of the India-Italy partnership, particularly in advancing cooperation in trade, technology and culture. https://t.co/zGOoZBCJZ9	5.8698916
Thu Nov 08 14:21:43 +0000 2018	India is delighted to host PM @GiuseppeConteIT.   I am glad he took part in the Technology Summit as well.  During our talks earlier today, we reviewed the full range of the India-Italy partnership, particularly in advancing cooperation in trade, technology and culture. https://t.co/zGOoZBCJZ9	5.8698916
Tue Nov 27 16:34:19 +0000 2018	India is delighted to host PM @GiuseppeConteIT.   I am glad he took part in the Technology Summit as well.  During our talks earlier today, we reviewed the full range of the India-Italy partnership, particularly in advancing cooperation in trade, technology and culture. https://t.co/zGOoZBCJZ9	5.8698916
Fri Nov 30 12:48:05 +0000 2018	.@JunckerEU #G20 “Met @GiuseppeConteIT last week and will meet him again today. We are not at war with #Italy. We are making progress, let’s not dramatise. We are with Italy and Italy is with us.“ https://t.co/w7E2JVPlhr	5.867427
Sat Nov 24 04:58:56 +0000 2018	@GiuseppeConteIT  @Pontifex ( it s sad they let such a country die , such a beautiful country - history, the culture &amp; people ) Italian mafia - SoS . How do u prevent the sea or climate change destroying your beautiful country.  https://t.co/40dQCWbQkB	5.85684
Sun Nov 25 14:50:32 +0000 2018	@GiuseppeConteIT I pray to God that you will only work on jobs, not other legislation like this one, that hides your incompetence to grow the economy. Your power is in the good will of the Italian people. It is the economy stupid !	5.595008
Sat Dec 01 16:51:17 +0000 2018	@GiuseppeConteIT Great President of Great State of Italy !! https://t.co/rCv94JvBj6	5.3492413
Fri Nov 30 18:40:59 +0000 2018	@eucopresident @GiuseppeConteIT @MinPres @EmmanuelMacron @JunckerEU Finally in accordance with POLYWAGS-2016 Agreement, I assert that as proprietary owner and operator of SHIELD© : The Pillar &amp; Knight Standard thereof after G-Force University graduation. An Academiæ for Gifted, Aware, Bright, and Astonishing Individuals of Earth.	5.2365723
Fri Nov 30 20:19:00 +0000 2018	.@JunckerEU #G20 “Met @GiuseppeConteIT last week and will meet him again today. We are not at war with #Italy. We are making progress, let’s not dramatise. We are with Italy if Italy is with us.“ https://t.co/o8BvBqkhka	5.0107803
Sun Nov 25 15:37:14 +0000 2018	@GiuseppeConteIT What is the official position of the Government on the disgraceful #GlobalCompact? This act will contribute to make any national migration legislation ineffective allowing more social devastations to happen in your country. Signing it means abusing the trust of your constituents!	4.9359136
Sun Nov 25 15:34:14 +0000 2018	@GiuseppeConteIT What is the official position of the Government on the disgraceful #GlobalCompact? This act will contribute to make any national migration regulations ineffective allowing more social devastations to happen in your country. Signing it means abusing the trust of your constituents!	4.9359136
Wed Dec 12 18:08:07 +0000 2018	@GiuseppeConteIT Good for you Italy!!!  Take back your country from the pitiful globalist cucks, KICK OUT the disgusting invaders from the south and protect the ITALIAN, not the scum that migrated.  GOOD FOR YOU!	4.9292717
Fri Dec 07 14:08:38 +0000 2018	@realDonaldTrump @EmmanuelMacron @JustinTrudeau @theresa_may @ScottMorrisonMP @GiuseppeConteIT @markrutte @sanchezcastejon @erna_solberg   Crimes of the dictator (#Saudi Crown Prince) never end. Help #Saudis.   https://t.co/Yv79Ubh8bu	4.9234033
Wed Nov 28 14:53:39 +0000 2018	@GiuseppeConteIT JOBS JOBS JOBS first! Violence women after jobs. You are stupid. You are doing everything but create jobs. You SPEND SPEND SPEND and do not grow the economy	4.6337023
Fri Nov 30 16:19:10 +0000 2018	@eucopresident @GiuseppeConteIT @MinPres @EmmanuelMacron @JunckerEU What are you doing there? You aren't an elected head of state?	4.596391
Sat Dec 01 08:13:16 +0000 2018	@GiuseppeConteIT @Palazzo_Chigi Press Conference by the Chief Cabinet Secretary ｜ Prime Minister of Japan and His Cabinet （21st November 2018（P.M.）） https://t.co/k3NGkCtCmc  #ComfortWomen #theReconciliationAndHealingFoundation	4.08385
Thu Nov 29 14:21:49 +0000 2018	@g20org @GiuseppeConteIT Please bring #MBS #MohammadBinSalman to justice #Yemen #Syria #Saudi   #Bahrain #Qatar #Iraq  #Nigeria #Turkey  #Khashoggi   #HumanRights  #G20  @g20org https://t.co/ifWpC7qzcB	3.8942735
Fri Nov 30 18:04:10 +0000 2018	@mikebrewer1 @CameronVaske @eucopresident @GiuseppeConteIT @MinPres @EmmanuelMacron @JunckerEU Every time there's a G20 or a G something someone says the same thing. https://t.co/BEgYBLPr7N	3.844006
Fri Nov 30 20:27:07 +0000 2018	@Al_Pacino1368 @eucopresident @GiuseppeConteIT @MinPres @EmmanuelMacron @JunckerEU It’s G20, not EU.	3.6379404
Sun Dec 02 21:46:43 +0000 2018	@eucopresident @GiuseppeConteIT @MinPres @EmmanuelMacron @JunckerEU European Union is FAILING! Pay the NATO share equally with @realDonaldTrump  Mind your own business                 Stop being dummy, talking in something you don’t know. https://t.co/cNTni9cPCc	3.6195958
Fri Nov 30 01:40:36 +0000 2018	@g20org @GiuseppeConteIT Welcome to Argentina Welcome to G20 🇦🇷🌎🇮🇹	3.53863
Sat Dec 01 19:38:27 +0000 2018	‘Photos With Facists’ would make an excellent name for a punk band.  Picture with @GiuseppeConteIT (facist &amp;Italian Prime Minister) - and @tompwymer (not a fascist) at G20 Argentina. https://t.co/nkysqshblF	3.525457
Tue Nov 27 04:47:29 +0000 2018	@EmmanuelMacron @GiuseppeConteIT @Queen_Europe Paris in floods , Venice in floods . There s a thought of moving it up the Alphs - it s a mountain range the 8 countries own . Vatican moves upward @lindaunobel ( they know better ) https://t.co/Ma6UkXJNux	3.3821692
Thu Nov 29 13:55:10 +0000 2018	With all respect to @AngelaMerkeICDU @EmmanuelMacron @GiuseppeConteIT @sanchezcastejon please how shall we ever communicate a United Europe to the World if you attend such G7 - G20 meetings? Really a United EU @ecfin @Eu_15409040049 should be represented by @eucopresident	3.2556636
Fri Nov 30 20:01:19 +0000 2018	@DavidMc34992706 @quim_monteiro @CameronVaske @eucopresident @GiuseppeConteIT @MinPres @EmmanuelMacron @JunckerEU It used to be a trading bloc,  it's protectionist and it's in the G20 because of it's aspirations to become a political superstate, what trading bloc needs an army, or even a flag	3.1860018
Sat Dec 01 16:37:12 +0000 2018	@eucopresident @GiuseppeConteIT @MinPres @EmmanuelMacron @JunckerEU You know why situation is so bad in our European countries? Because all our leaders are to busy to take care of world problems and forget to manage their own countries. Everything that is wrong in Europe is THE FAULT OF UE!!!!!!! EVERYTHING	3.0488544
Sat Dec 01 17:08:53 +0000 2018	OTHERWISE, @antonioguterres @JapanGov @GiuseppeConteIT @RegSprecher @eucopresident @CanadianPM @SecPompeo @JunckerEU @EmmanuelMacron @theresa_may, #UN &amp; #G20, like @realDonaldTrump’s world, are 1 BIG SHAM, #FAKE contrived to serve interests of the few at the expense of the many.	2.4762335
Fri Nov 30 11:40:07 +0000 2018	@SupportPets @LoveDVoiceless @g20org @GiuseppeConteIT @moonriver365 @FrancoFrattini @PaulCBS12 @cesarmillan @MariaConchita_A @VoiceofVietnam @petsazon @ChinaCrisisNow @GuileSN_BR @PeterEgan6 G20 Summit......💶💴💵💸💰💷💳💸💵💴💶💷💰💳 Let’s bring Animals in to this 🙏🏼	2.4242153
Sat Dec 01 04:44:14 +0000 2018	@eucopresident @GiuseppeConteIT @MinPres @EmmanuelMacron @JunckerEU @realDonaldTrump @opengovpart @GuyRyder @anticorruption @dfat @JobsGovAU @G20Australia @g20org @b20 @SecretaryRoss @globalcompact @Global_Witness @BarackObama @thepmo @SJLillywhite @RegionalAus @MelbPressClub @jacindaardern  @TIAustralia @iccwbo @VicGovAu Aussy govt MAKING A DIFFERENCE always by  ANOMOLOUS COMMITTMENT !  https://t.co/zQL5qxCL47  @eu_eeas @IndyVoices @EUCouncilPress @PacificForum @thepmo  @MathiasCormann @JobsGovAU	2.0368364
Fri Nov 30 10:11:34 +0000 2018	@EmmanuelMacron @eucopresident @JunckerEU @MalmstromEU @AngelaMerkeICDU @MinPres @GiuseppeConteIT @sanchezcastejon @sebastiankurz @PremierRP_en @BelgiumMFA @mercosur @francediplo ETR is calling @EmmanuelMacron go not go down the Agro Populism reflex. Are you liberal @guyverhofstadt or Social Democrat @MarosSefcovic? If you can not reform @realDonaldTrump populism will not help you. if you let such reflexes dominate you - you can never allow @Trade_EU https://t.co/N0pfLhs143	1.8840315
