created_at	text	_score
Thu Apr 01 20:23:22 +0000 2021	@POTUS @JoeBiden @KamalaHarris @EmmanuelMacron @BorisJohnson @AngelaMerkeICDU @ABlinken @SecBlinken  1-Dear Presidents, You can save our world and humanity from extinction only by making universal basic human rights valid all over the world.	28.395317
Fri Apr 09 20:00:01 +0000 2021	@POTUS @KamalaHarris @SecBlinken @UKParliament @BorisJohnson @UN @EU @Europarl_EN @Bundestag @AngelaMerkeICDU @EmmanuelMacron @ECHR_CEDH @CIJ_ICJ @IntlCrimCourt  🔴Remembering World War I: #ArmenianGenocide  https://t.co/UQunq9jGrK  #ArmenianGenocide #WilsonArbitralAward https://t.co/munBIjnuTH	3.6988184
Sat Apr 10 13:29:06 +0000 2021	@EmmanuelMacron @AngelaMerkel_DE @JoeBiden @BorisJohnson @sebastiankurz @JoeBiden @BorisJohnson @AngelaMerkeICDU @sebastiankurz  The image below is the product of the money that you poured into the pockets of the mullahs from the nuclear deal, and its benefits for the Iranian nation are a picture and a grave of their children. https://t.co/lqbejeh3we	3.146884
Sat Apr 10 00:18:45 +0000 2021	@POTUS @KamalaHarris @SecBlinken @UKParliament @BorisJohnson @UN @EU @Europarl_EN @Bundestag @AngelaMerkeICDU @EmmanuelMacron @ECHR_CEDH @CIJ_ICJ @IntlCrimCourt  🔴10 FACTS ABOUT #ARMENIANGENOCIDE  https://t.co/OP8RV4Ira3  #ArmenianGenocide #WilsonArbitralAward https://t.co/kBKli7xXbV	2.0982852
