created_at	text	_score
Thu Apr 01 20:23:22 +0000 2021	@POTUS @JoeBiden @KamalaHarris @EmmanuelMacron @BorisJohnson @AngelaMerkeICDU @ABlinken @SecBlinken  1-Dear Presidents, You can save our world and humanity from extinction only by making universal basic human rights valid all over the world.	17.60295
Thu Apr 08 18:11:18 +0000 2021	@JoeBiden @SecBlinken @AngelaMerkeICDU @EmmanuelMacron  @BorisJohnson  @JY_LeDrian The Islamic Republic is not the choice of the Iranian people.  From the money from the sale of oil, only bullets and ropes reach the people of Iran #BoycottIranRegime	10.878882
Sat Apr 10 13:29:06 +0000 2021	@EmmanuelMacron @AngelaMerkel_DE @JoeBiden @BorisJohnson @sebastiankurz @JoeBiden @BorisJohnson @AngelaMerkeICDU @sebastiankurz  The image below is the product of the money that you poured into the pockets of the mullahs from the nuclear deal, and its benefits for the Iranian nation are a picture and a grave of their children. https://t.co/lqbejeh3we	9.3017845
Mon Apr 05 14:39:41 +0000 2021	@EU_Commission @govpt @antoniocostapm @vonderleyen @SpainMFA @MinPres @EmmanuelMacron @Elysee @AngelaMerkeICDU @MettePrime Is d Meeting/Summit ON i.e @narendramodi attndng..coz C19 case rise across 🌍 - i am concernd ovr his travel now..or meeting thru conf call? Lattr betr pls	4.433405
