created_at	text	_score
Sun Apr 04 07:36:11 +0000 2021	@thepmo  TSSPDCL-Telangana state. While paying electricity bills through online,INB,Debit&amp;Credit cards,UPI the company is charging huge amount of commission for online payments. This is simply looting. On one side PM is encouraging digital &amp;on the other looting with extra chgs.	68.92051
Sat Apr 10 19:33:14 +0000 2021	@JoeBiden @WHCommsDir @ScottMorrisonMP(Pt5)Roman Kikta(Dallas,TX)Josette Sprott(NYC)Chantel Lewin(LithiaSprings,GA)Eric Serrano(Queens,NY)Ben Arokoyo(StatenIsland,NY)Cynthia Enamorado(LasVegas,NV)Hector Leon Lara Diaz Torre(Mexico)Sean Dillon(NYC)Marisa Murphy,Andy Gordon(CT),	61.203987
Wed Mar 31 04:13:19 +0000 2021	@POTUS @StateDeptSpox @ScottMorrisonMP(Pt5)Roman Kikta(Dallas,TX)Josette Sprott(NYC)Chantel Lewin(LithiaSprings,GA)Eric Serrano(Queens,NY)Ben Arokoyo(StatenIsland,NY)Cynthia Enamorado(LasVegas,NV)Hector Leon Lara Diaz Torre(Mexico)Sean Dillon(NYC)Marisa Murphy,Andy Gordon(CT),	61.203987
Mon Apr 05 01:24:31 +0000 2021	@JoeBiden @CivilRights @ScottMorrisonMP(Pt5)Roman Kikta(Dallas,TX)Josette Sprott(NYC)Chantel Lewin(LithiaSprings,GA)Eric Serrano(Queens,NY)Ben Arokoyo(StatenIsland,NY)Cynthia Enamorado(LasVegas,NV)Hector Leon Lara Diaz Torre(Mexico)Sean Dillon(NYC)Marisa Murphy,Andy Gordon(CT),	61.203987
Tue Apr 06 22:00:16 +0000 2021	@POTUS @_DirectorWray @ScottMorrisonMP(Pt5)Roman Kikta(Dallas,TX)Josette Sprott(NYC)Chantel Lewin(LithiaSprings,GA)Eric Serrano(Queens,NY)Ben Arokoyo(StatenIsland,NY)Cynthia Enamorado(LasVegas,NV)Hector Leon Lara Diaz Torre(Mexico)Sean Dillon(NYC)Marisa Murphy,Andy Gordon(CT),	61.203987
Sat Apr 03 04:07:50 +0000 2021	@POTUS @FBIAgentsAssoc @ScottMorrisonMP(Pt5)Roman Kikta(Dallas,TX)Josette Sprott(NYC)Chantel Lewin(LithiaSprings,GA)Eric Serrano(Queens,NY)Ben Arokoyo(StatenIsland,NY)Cynthia Enamorado(LasVegas,NV)Hector Leon Lara Diaz Torre(Mexico)Sean Dillon(NYC)Marisa Murphy,Andy Gordon(CT),	61.203987
Sat Apr 03 21:07:13 +0000 2021	@JoeBiden @WhiteHouse @ScottMorrisonMP(Pt5)Roman Kikta(Dallas,TX)Josette Sprott(NYC)Chantel Lewin(LithiaSprings,GA)Eric Serrano(Queens,NY)Ben Arokoyo(StatenIsland,NY)Cynthia Enamorado(LasVegas,NV)Hector Leon Lara Diaz Torre(Mexico)Sean Dillon(NYC)Marisa Murphy,Andy Gordon(CT),	61.203987
Fri Apr 09 22:15:05 +0000 2021	@POTUS @TheJusticeDept @ScottMorrisonMP(Pt5)Roman Kikta(Dallas,TX)Josette Sprott(NYC)Chantel Lewin(LithiaSprings,GA)Eric Serrano(Queens,NY)Ben Arokoyo(StatenIsland,NY)Cynthia Enamorado(LasVegas,NV)Hector Leon Lara Diaz Torre(Mexico)Sean Dillon(NYC)Marisa Murphy,Andy Gordon(CT),	61.203987
Thu Apr 08 22:40:17 +0000 2021	@JoeBiden @CISAManfra @ScottMorrisonMP(Pt5)Roman Kikta(Dallas,TX)Josette Sprott(NYC)Chantel Lewin(LithiaSprings,GA)Eric Serrano(Queens,NY)Ben Arokoyo(StatenIsland,NY)Cynthia Enamorado(LasVegas,NV)Hector Leon Lara Diaz Torre(Mexico)Sean Dillon(NYC)Marisa Murphy,Andy Gordon(CT),	61.203987
Wed Mar 31 18:49:36 +0000 2021	@JoeBiden @DOJ_EOIR @ScottMorrisonMP(Pt5)Roman Kikta(Dallas,TX)Josette Sprott(NYC)Chantel Lewin(LithiaSprings,GA)Eric Serrano(Queens,NY)Ben Arokoyo(StatenIsland,NY)Cynthia Enamorado(LasVegas,NV)Hector Leon Lara Diaz Torre(Mexico)Sean Dillon(NYC)Marisa Murphy,Andy Gordon(CT),	60.475872
Mon Apr 05 07:25:56 +0000 2021	@JoeBiden @KamalaHarris @WhiteHouse @VP @POTUS PLS TALK TO AU PM @ScottMorrisonMP   #Morrison REFUSES AU nRNA #COVIDvaccine  FORCE #Astrazenica onUS-ignore WARNINGS  VARIANT STRAINS ALREADY IN AU:AZ won't WORK @washingtonpost @Newyorkpost PREMIERS SAVED AU-PM/AZ OR NOTHING=KillUs	57.446854
Mon Apr 05 18:40:49 +0000 2021	@narendramodi @PMOIndia @netanyahu @IsraeliPM @JPN_PMO @sugawitter @konotaromp @adgpi @DRDO_India @ScottMorrisonMP @MarisePayne @DrRonMalka   As the U.S. government considers new measures to secure the information and communications technology and services supply chain	45.452324
Sat Apr 10 00:59:06 +0000 2021	@POTUS @ScottMorrisonMP @AlboMP  Hey slowmo now the usa is going this way .Are you going fix our nbn(no bloody network) back to the original full fibre to the premises that labour started to impliment , then liberals screwed up .Then pat yourself on the back and say you did it.	43.351833
Tue Apr 06 01:42:11 +0000 2021	@JoeBiden @WHCommsDir @ScottMorrisonMP(Pt13)local police. I'm requesting @FBI hack&amp;read emails,texts,calls sent&amp;received &amp; also ALL mobile&amp;computer apps used by ALL involved to prove&amp;show they're hacking my devices to cause this sex scandal. I'm asking @FBI to also place the	42.317883
Wed Mar 31 05:24:26 +0000 2021	@POTUS @StateDeptSpox @ScottMorrisonMP(Pt13)local police. I'm requesting @FBI hack&amp;read emails,texts,calls sent&amp;received &amp; also ALL mobile&amp;computer apps used by ALL involved to prove&amp;show they're hacking my devices to cause this sex scandal. I'm asking @FBI to also place the	42.317883
Wed Mar 31 20:41:25 +0000 2021	@JoeBiden @DOJ_EOIR @ScottMorrisonMP(Pt13)local police. I'm requesting @FBI hack&amp;read emails,texts,calls sent&amp;received &amp; also ALL mobile&amp;computer apps used by ALL involved to prove&amp;show they're hacking my devices to cause this sex scandal. I'm asking @FBI to also place the	42.317883
Fri Apr 09 01:22:50 +0000 2021	@JoeBiden @CISAManfra @ScottMorrisonMP(Pt13)local police. I'm requesting @FBI hack&amp;read emails,texts,calls sent&amp;received &amp; also ALL mobile&amp;computer apps used by ALL involved to prove&amp;show they're hacking my devices to cause this sex scandal. I'm asking @FBI to also place the	42.317883
Mon Apr 05 03:40:42 +0000 2021	@JoeBiden @CivilRights @ScottMorrisonMP(Pt13)local police. I'm requesting @FBI hack&amp;read emails,texts,calls sent&amp;received &amp; also ALL mobile&amp;computer apps used by ALL involved to prove&amp;show they're hacking my devices to cause this sex scandal. I'm asking @FBI to also place the	42.317883
Wed Apr 07 01:04:24 +0000 2021	@POTUS @_DirectorWray @ScottMorrisonMP(Pt13)local police. I'm requesting @FBI hack&amp;read emails,texts,calls sent&amp;received &amp; also ALL mobile&amp;computer apps used by ALL involved to prove&amp;show they're hacking my devices to cause this sex scandal. I'm asking @FBI to also place the	42.317883
Sat Apr 03 09:18:45 +0000 2021	@POTUS @FBIAgentsAssoc @ScottMorrisonMP(Pt13)local police. I'm requesting @FBI hack&amp;read emails,texts,calls sent&amp;received &amp; also ALL mobile&amp;computer apps used by ALL involved to prove&amp;show they're hacking my devices to cause this sex scandal. I'm asking @FBI to also place the	42.317883
Sat Apr 03 23:15:39 +0000 2021	@JoeBiden @WhiteHouse @ScottMorrisonMP(Pt13)local police. I'm requesting @FBI hack&amp;read emails,texts,calls sent&amp;received &amp; also ALL mobile&amp;computer apps used by ALL involved to prove&amp;show they're hacking my devices to cause this sex scandal. I'm asking @FBI to also place the	42.317883
Sat Apr 10 01:14:21 +0000 2021	@POTUS @TheJusticeDept @ScottMorrisonMP(Pt13)local police. I'm requesting @FBI hack&amp;read emails,texts,calls sent&amp;received &amp; also ALL mobile&amp;computer apps used by ALL involved to prove&amp;show they're hacking my devices to cause this sex scandal. I'm asking @FBI to also place the	42.317883
Sat Apr 03 10:18:02 +0000 2021	@narendramodi @JoeBiden @KremlinRussia_E @BorisJohnson @jairbolsonaro @ScottMorrisonMP @JPN_PMO @EmmanuelMacron HINDUS POPULATION IN PAKISTAN IN D YEAR 1951,WAS MORE THAN 24% OF TOTAL POPULATION, BUT ON 03 APRIL 21,IT IS LESS THAN 2 % OF TOTAL POLULATION?? PLS THINK??🙏🏻🙏🏻	40.117638
Sat Apr 03 10:17:05 +0000 2021	@narendramodi @JoeBiden @KremlinRussia_E @BorisJohnson @jairbolsonaro @ScottMorrisonMP @JPN_PMO @EmmanuelMacron @AqngelaMerkeICDU HINDUS POPULATION IN PAKISTAN IN D YEAR 1951,WAS MORE THAN 24% OF TOTAL POPULATION, BUT ON 03 APRIL 21,IT IS LESS THAN 2 % OF TOTAL POLULATION??	38.246506
Sat Apr 10 22:28:33 +0000 2021	@JoeBiden @WHCommsDir @ScottMorrisonMP(Pt17)by having ALL involved continue having police departments&amp;private investigators from different states track my every move,hack my devices to cover up what they're doing&amp;continue taking part in this sex scandal	37.080887
Wed Mar 31 21:54:46 +0000 2021	@JoeBiden @DOJ_EOIR @ScottMorrisonMP(Pt17)by having ALL involved continue having police departments&amp;private investigators from different states track my every move,hack my devices to cover up what they're doing&amp;continue taking part in this sex scandal	37.080887
Wed Mar 31 07:48:54 +0000 2021	@POTUS @StateDeptSpox @ScottMorrisonMP(Pt17)by having ALL involved continue having police departments&amp;private investigators from different states track my every move,hack my devices to cover up what they're doing&amp;continue taking part in this sex scandal	37.080887
Fri Apr 09 02:29:31 +0000 2021	@JoeBiden @CISAManfra @ScottMorrisonMP(Pt17)by having ALL involved continue having police departments&amp;private investigators from different states track my every move,hack my devices to cover up what they're doing&amp;continue taking part in this sex scandal	37.080887
Mon Apr 05 05:51:50 +0000 2021	@JoeBiden @CivilRights @ScottMorrisonMP(Pt17)by having ALL involved continue having police departments&amp;private investigators from different states track my every move,hack my devices to cover up what they're doing&amp;continue taking part in this sex scandal	37.080887
Wed Apr 07 02:00:45 +0000 2021	@POTUS @_DirectorWray @ScottMorrisonMP(Pt17)by having ALL involved continue having police departments&amp;private investigators from different states track my every move,hack my devices to cover up what they're doing&amp;continue taking part in this sex scandal	37.080887
Sat Apr 03 10:39:29 +0000 2021	@POTUS @FBIAgentsAssoc @ScottMorrisonMP(Pt17)by having ALL involved continue having police departments&amp;private investigators from different states track my every move,hack my devices to cover up what they're doing&amp;continue taking part in this sex scandal	37.080887
Sat Apr 03 23:57:47 +0000 2021	@JoeBiden @WhiteHouse @ScottMorrisonMP(Pt17)by having ALL involved continue having police departments&amp;private investigators from different states track my every move,hack my devices to cover up what they're doing&amp;continue taking part in this sex scandal	37.080887
Sat Apr 10 02:04:55 +0000 2021	@POTUS @TheJusticeDept @ScottMorrisonMP(Pt17)by having ALL involved continue having police departments&amp;private investigators from different states track my every move,hack my devices to cover up what they're doing&amp;continue taking part in this sex scandal	37.080887
Fri Apr 02 21:43:06 +0000 2021	@thepmo have no hide exploiting Easter to present a child gaoler and enabled of sexual abuse in a sickening attempt at making Easter a political media opportunity	35.50971
Mon Apr 05 21:33:47 +0000 2021	@WhiteHouse, @barackobama, @theresa_may, @qe2, @abeshinzo, @jack, @turnbullmalcolm, @ScottMorrisonMP, @EPN, @JustinTrudeau, @NorthKoreaKimJU, @vladimirputin  The problem is shared by many men currently, and even women who eat product from female animals only, making them ....	33.32058
Tue Apr 06 01:45:29 +0000 2021	Had fruitful discussions with @POTUS @JoeBiden, PM @ScottMorrisonMP and PM @sugawitter at the 1st Quad Summit.   Reiterated India’s commitment to a free, open and inclusive Indo-Pacific in line with our vision of SAGAR - Security and Growth for All in the Region.	32.40824
Thu Apr 01 09:19:26 +0000 2021	Had fruitful discussions with @POTUS @JoeBiden, PM @ScottMorrisonMP and PM @sugawitter at the 1st Quad Summit.   Reiterated India’s commitment to a free, open and inclusive Indo-Pacific in line with our vision of SAGAR - Security and Growth for All in the Region.	32.40824
Thu Apr 01 01:08:49 +0000 2021	Had fruitful discussions with @POTUS @JoeBiden, PM @ScottMorrisonMP and PM @sugawitter at the 1st Quad Summit.   Reiterated India’s commitment to a free, open and inclusive Indo-Pacific in line with our vision of SAGAR - Security and Growth for All in the Region.	32.40824
Thu Apr 01 17:54:21 +0000 2021	Had fruitful discussions with @POTUS @JoeBiden, PM @ScottMorrisonMP and PM @sugawitter at the 1st Quad Summit.   Reiterated India’s commitment to a free, open and inclusive Indo-Pacific in line with our vision of SAGAR - Security and Growth for All in the Region.	32.40824
Thu Apr 01 17:35:59 +0000 2021	Had fruitful discussions with @POTUS @JoeBiden, PM @ScottMorrisonMP and PM @sugawitter at the 1st Quad Summit.   Reiterated India’s commitment to a free, open and inclusive Indo-Pacific in line with our vision of SAGAR - Security and Growth for All in the Region.	32.40824
Thu Apr 08 16:17:45 +0000 2021	Had fruitful discussions with @POTUS @JoeBiden, PM @ScottMorrisonMP and PM @sugawitter at the 1st Quad Summit.   Reiterated India’s commitment to a free, open and inclusive Indo-Pacific in line with our vision of SAGAR - Security and Growth for All in the Region.	32.40824
Sun Apr 04 08:58:37 +0000 2021	Had fruitful discussions with @POTUS @JoeBiden, PM @ScottMorrisonMP and PM @sugawitter at the 1st Quad Summit.   Reiterated India’s commitment to a free, open and inclusive Indo-Pacific in line with our vision of SAGAR - Security and Growth for All in the Region.	32.40824
Sun Apr 04 13:34:46 +0000 2021	Had fruitful discussions with @POTUS @JoeBiden, PM @ScottMorrisonMP and PM @sugawitter at the 1st Quad Summit.   Reiterated India’s commitment to a free, open and inclusive Indo-Pacific in line with our vision of SAGAR - Security and Growth for All in the Region.	32.40824
Fri Apr 02 11:44:58 +0000 2021	Had fruitful discussions with @POTUS @JoeBiden, PM @ScottMorrisonMP and PM @sugawitter at the 1st Quad Summit.   Reiterated India’s commitment to a free, open and inclusive Indo-Pacific in line with our vision of SAGAR - Security and Growth for All in the Region.	32.40824
Fri Apr 02 09:24:40 +0000 2021	Had fruitful discussions with @POTUS @JoeBiden, PM @ScottMorrisonMP and PM @sugawitter at the 1st Quad Summit.   Reiterated India’s commitment to a free, open and inclusive Indo-Pacific in line with our vision of SAGAR - Security and Growth for All in the Region.	32.40824
Mon Apr 05 15:04:53 +0000 2021	Had fruitful discussions with @POTUS @JoeBiden, PM @ScottMorrisonMP and PM @sugawitter at the 1st Quad Summit.   Reiterated India’s commitment to a free, open and inclusive Indo-Pacific in line with our vision of SAGAR - Security and Growth for All in the Region.	32.40824
Sat Apr 03 08:46:04 +0000 2021	@sugawitter @konotaromp @narendramodi @adgpi @DRDO_India @PMOIndia @ScottMorrisonMP @MarisePayne @lindareynoldswa quad must realize the importance of building own innovation hub quad centric research and development manufacturing programs developing own telent pool even https://t.co/dVH7nVLEtd	31.307295
Sat Apr 03 10:08:26 +0000 2021	@narendramodi @JoeBiden @KremlinRussia_E @BorisJohnson @jairbolsonaro @ScottMorrisonMP @JPN_PMO @EmmanuelMacron @AqngelaMerkeICDU IF WORLD HUMAN RIGHTS COMMISSION IS WORRIED ABOUT ALL,THEN WHY MINORITIES LIKE HINDUS R BEING RAPPED/KILLED&amp; KIDNAPPED IN PAKISTAN ON DAILY BASIS!🙏🏻🙏🏻	30.658817
Tue Mar 30 21:48:48 +0000 2021	@thepmo @kkeneally @AlboMP Ranked 85th in the world. Wait for Hunt and Morrison's excuses today. Pretty much will use the same excuses and spin they used following the Aged Care and Ruby Princess fails.	27.650558
Wed Apr 07 20:41:11 +0000 2021	@thepmo Have been in Australia for couple of months. And I observed in Sydney CBD that these communists and their subsidiaries are brewing. Take care of them before they blow up as they recently did in India.	26.390783
Tue Apr 06 09:06:24 +0000 2021	@sugawitter @kantei @ScottMorrisonMP @MarisePayne @lindareynoldswa  @narendramodi @netanyahu @DrRonMalka @BorisJohnson @pritipatel @konotaromp @EmmanuelMacron  1 strongest bonds between nations are trade financial  economic bonds   dependencies between nations are energy manpower	23.872341
Thu Apr 08 19:04:20 +0000 2021	@POTUS @JustinTrudeau @CDUMerkel @EmmanuelMacron @ScottMorrisonMP CO2 @ +420 PPM, requires Paris signatures adopt a non-GHG based economy, to restrict #Methane, #SulfurHexafluoride, #HFCs &amp; other heat trapping gases, as fast as a Covid vaccine was found. https://t.co/dRbQXoi83s	22.62616
Mon Apr 05 22:18:00 +0000 2021	@WhiteHouse, @barackobama, @theresa_may, @qe2, @abeshinzo, @jack, @turnbullmalcolm, @ScottMorrisonMP, @EPN, @JustinTrudeau, @NorthKoreaKimJU, @vladimirputin  HELP for those with high levels of animal hormone, found from SAPDC (South African Pharmaceutical Development Corporation)	21.863441
Sat Apr 10 20:25:22 +0000 2021	@JoeBiden @WHCommsDir @ScottMorrisonMP(Pt10)@Citi,@eBay,@amazon,@Twitter,@bbva,@Microsoft,@Outlook,@SocialSecurity,@UHC,@Toyota,@WellsFargo,@storamerica,@GenesisFS1,@PayPal,@NVEnergy,@WesternUnion,@sprint,Fitness19(Henderson,NV)@USAA accts;@Marriott hotels;@Experian_US,	20.970463
Wed Mar 31 04:54:48 +0000 2021	@POTUS @StateDeptSpox @ScottMorrisonMP(Pt10)@Citi,@eBay,@amazon,@Twitter,@bbva,@Microsoft,@Outlook,@SocialSecurity,@UHC,@Toyota,@WellsFargo,@storamerica,@GenesisFS1,@PayPal,@NVEnergy,@WesternUnion,@sprint,Fitness19(Henderson,NV)@USAA accts;@Marriott hotels;@Experian_US,	20.970463
Wed Mar 31 20:00:54 +0000 2021	@JoeBiden @DOJ_EOIR @ScottMorrisonMP(Pt10)@Citi,@eBay,@amazon,@Twitter,@bbva,@Microsoft,@Outlook,@SocialSecurity,@UHC,@Toyota,@WellsFargo,@storamerica,@GenesisFS1,@PayPal,@NVEnergy,@WesternUnion,@sprint,Fitness19(Henderson,NV)@USAA accts;@Marriott hotels;@Experian_US,	20.970463
Fri Apr 09 00:59:35 +0000 2021	@JoeBiden @CISAManfra @ScottMorrisonMP(Pt10)@Citi,@eBay,@amazon,@Twitter,@bbva,@Microsoft,@Outlook,@SocialSecurity,@UHC,@Toyota,@WellsFargo,@storamerica,@GenesisFS1,@PayPal,@NVEnergy,@WesternUnion,@sprint,Fitness19(Henderson,NV)@USAA accts;@Marriott hotels;@Experian_US,	20.970463
Mon Apr 05 03:23:32 +0000 2021	@JoeBiden @CivilRights @ScottMorrisonMP(Pt10)@Citi,@eBay,@amazon,@Twitter,@bbva,@Microsoft,@Outlook,@SocialSecurity,@UHC,@Toyota,@WellsFargo,@storamerica,@GenesisFS1,@PayPal,@NVEnergy,@WesternUnion,@sprint,Fitness19(Henderson,NV)@USAA accts;@Marriott hotels;@Experian_US,	20.970463
Wed Apr 07 00:33:43 +0000 2021	@POTUS @_DirectorWray @ScottMorrisonMP(Pt10)@Citi,@eBay,@amazon,@Twitter,@bbva,@Microsoft,@Outlook,@SocialSecurity,@UHC,@Toyota,@WellsFargo,@storamerica,@GenesisFS1,@PayPal,@NVEnergy,@WesternUnion,@sprint,Fitness19(Henderson,NV)@USAA accts;@Marriott hotels;@Experian_US,	20.970463
Sat Apr 03 22:28:30 +0000 2021	@JoeBiden @WhiteHouse @ScottMorrisonMP(Pt10)@Citi,@eBay,@amazon,@Twitter,@bbva,@Microsoft,@Outlook,@SocialSecurity,@UHC,@Toyota,@WellsFargo,@storamerica,@GenesisFS1,@PayPal,@NVEnergy,@WesternUnion,@sprint,Fitness19(Henderson,NV)@USAA accts;@Marriott hotels;@Experian_US,	20.970463
Sat Apr 03 06:16:18 +0000 2021	@POTUS @FBIAgentsAssoc @ScottMorrisonMP(Pt10)@Citi,@eBay,@amazon,@Twitter,@bbva,@Microsoft,@Outlook,@SocialSecurity,@UHC,@Toyota,@WellsFargo,@storamerica,@GenesisFS1,@PayPal,@NVEnergy,@WesternUnion,@sprint,Fitness19(Henderson,NV)@USAA accts;@Marriott hotels;@Experian_US,	20.970463
Fri Apr 09 23:06:12 +0000 2021	@POTUS @TheJusticeDept @ScottMorrisonMP(Pt10)@Citi,@eBay,@amazon,@Twitter,@bbva,@Microsoft,@Outlook,@SocialSecurity,@UHC,@Toyota,@WellsFargo,@storamerica,@GenesisFS1,@PayPal,@NVEnergy,@WesternUnion,@sprint,Fitness19(Henderson,NV)@USAA accts;@Marriott hotels;@Experian_US,	20.970463
Mon Apr 05 23:33:14 +0000 2021	@POTUS Tell that to the Australian @ScottMorrisonMP Abbott &amp; @TurnbullMalcolm govts who trashed our fibre to the home technology in favour of copper in 2013!	19.976665
Thu Apr 08 23:20:29 +0000 2021	@JoeBiden @ScottMorrisonMP @elonmusk @Thebuttsmarn It's time for change. We live in a world of disgrace, A darkened world only known in fictional texts, The future is dark, We're holding onto things that are just lingering on, that are unnecessary, like religion,  war.	19.63451
Tue Apr 06 20:31:42 +0000 2021	@POTUS If possible, please help @ScottMorrisonMP and send across 50m to your mates in Australia. We did annoy China on your behalf in the middle of the pandemic.	19.217577
Mon Apr 05 06:23:07 +0000 2021	@JoeBiden @POTUS @FLOTUS you might recall this. @ScottMorrisonMP @AlboMP Might be time to bring our citizen back don’t you think? #FreeAssangeNOW #DropTheCharges #WeDontSupportMurderDoWe	18.788357
Wed Apr 07 13:14:09 +0000 2021	@JoeBiden @KremlinRussia_E @narendramodi @EmmanuelMacron @BorisJohnson @netanyahu @JPN_PMO @ScottMorrisonMP @sanchezcastejon  #WW3 has Begin with Turkey, Pakistan, Iran, Bangladesh, Somalia, Chechnya, Afghanistan Training &amp; Promoting Islamic Terrorism with Chinese Funds &amp; Arms	18.61775
Thu Apr 08 02:26:44 +0000 2021	@JoeBiden @KremlinRussia_E @narendramodi @EmmanuelMacron @BorisJohnson @netanyahu @JPN_PMO @ScottMorrisonMP @sanchezcastejon  #WW3 has Begin with Turkey, Pakistan, Iran, Bangladesh, Somalia, Chechnya, Afghanistan Training &amp; Promoting Islamic Terrorism with Chinese Funds &amp; Arms	18.61775
Thu Apr 08 02:30:50 +0000 2021	@JoeBiden @KremlinRussia_E @narendramodi @EmmanuelMacron @BorisJohnson @netanyahu @JPN_PMO @ScottMorrisonMP @sanchezcastejon  #WW3 has Begin with Turkey, Pakistan, Iran, Bangladesh, Somalia, Chechnya, Afghanistan Training &amp; Promoting Islamic Terrorism with Chinese Funds &amp; Arms	18.61775
Thu Apr 08 02:44:05 +0000 2021	@JoeBiden @KremlinRussia_E @narendramodi @EmmanuelMacron @BorisJohnson @netanyahu @JPN_PMO @ScottMorrisonMP @sanchezcastejon  #WW3 has Begin with Turkey, Pakistan, Iran, Bangladesh, Somalia, Chechnya, Afghanistan Training &amp; Promoting Islamic Terrorism with Chinese Funds &amp; Arms	18.61775
Thu Apr 08 02:45:42 +0000 2021	@JoeBiden @KremlinRussia_E @narendramodi @EmmanuelMacron @BorisJohnson @netanyahu @JPN_PMO @ScottMorrisonMP @sanchezcastejon  #WW3 has Begin with Turkey, Pakistan, Iran, Bangladesh, Somalia, Chechnya, Afghanistan Training &amp; Promoting Islamic Terrorism with Chinese Funds &amp; Arms	18.61775
Thu Apr 08 02:32:52 +0000 2021	@JoeBiden @KremlinRussia_E @narendramodi @EmmanuelMacron @BorisJohnson @netanyahu @JPN_PMO @ScottMorrisonMP @sanchezcastejon  #WW3 has Begin with Turkey, Pakistan, Iran, Bangladesh, Somalia, Chechnya, Afghanistan Training &amp; Promoting Islamic Terrorism with Chinese Funds &amp; Arms	18.61775
Thu Apr 08 02:42:30 +0000 2021	@JoeBiden @KremlinRussia_E @narendramodi @EmmanuelMacron @BorisJohnson @netanyahu @JPN_PMO @ScottMorrisonMP @sanchezcastejon  #WW3 has Begin with Turkey, Pakistan, Iran, Bangladesh, Somalia, Chechnya, Afghanistan Training &amp; Promoting Islamic Terrorism with Chinese Funds &amp; Arms	18.61775
Thu Apr 08 02:54:41 +0000 2021	@JoeBiden @KremlinRussia_E @narendramodi @EmmanuelMacron @BorisJohnson @netanyahu @JPN_PMO @ScottMorrisonMP @sanchezcastejon  #WW3 has Begin with Turkey, Pakistan, Iran, Bangladesh, Somalia, Chechnya, Afghanistan Training &amp; Promoting Islamic Terrorism with Chinese Funds &amp; Arms	18.61775
Wed Apr 07 03:46:55 +0000 2021	@JoeBiden @KremlinRussia_E @narendramodi @EmmanuelMacron @BorisJohnson @netanyahu @JPN_PMO @ScottMorrisonMP @sanchezcastejon  #WW3 has Begin with Turkey, Pakistan, Iran, Bangladesh, Somalia, Chechnya, Afghanistan Training &amp; Promoting Islamic Terrorism with Chinese Funds &amp; Arms	18.61775
Wed Mar 31 20:26:45 +0000 2021	@POTUS to fix US ageing bridges, roads, rail lines, utilities in climate focussed infrastructure spend.Anyone home @ScottMorrisonMP? #auspol	18.555044
Mon Apr 05 19:11:04 +0000 2021	@JapanGov @NikkeiAsia @japannewstoday @POTUS @australian @BorisJohnson @ScottMorrisonMP @BILD  Chinese War  ships so easily entered Japanese waters, this is like rubbing salt into wounds. Great insult for Japan. Let's C wat QUAD DOES NOW!!Mere slogans?@globaltimesnews Walkd in.	18.347113
Tue Apr 06 20:46:51 +0000 2021	@POTUS has pushed hard to look after Americans and try and save lives.  @ScottMorrisonMP continues to lie and deflect.  In Australia most adults won't even receive their first jab by the end of the year.  Shows how bad smirko is at his job.	17.803617
Mon Apr 05 16:09:15 +0000 2021	"@POTUS @SecBlinken @SpeakerPelosi @mikepompeo @JustinTrudeau @ScottMorrisonMP @BorisJohnson Donald Trump and Mike Pompeo calling coronavirus the ""Chinese virus"" ""fueled anti-Asian hatred/sentiments"" early in the pandemic.  when the white instigators would be caught for justice?"	16.942312
Wed Mar 31 01:48:50 +0000 2021	This evening, will be taking part in the First Quad Leaders’ Virtual Summit with @POTUS @JoeBiden, PM @ScottMorrisonMP and PM @sugawitter. The Summit will provide an opportunity to discuss a wide range of regional and global issues of shared interest.	16.74567
Sat Apr 10 23:13:14 +0000 2021	@JoeBiden @WHCommsDir @ScottMorrisonMP(Pt19)Private Investigators,Barry Watson @ArlingtonPD,Timothy Nim(NY)Andy Gordon(CT),Albert Cercone(TX),LeAnn DeptVetAffairs(TX)@BHManagement,Andrew Vernon @DeptVetAffairs,Casey&amp;Claire Carlson(Hamburg,NY)	16.168407
Wed Mar 31 10:37:07 +0000 2021	@POTUS @StateDeptSpox @ScottMorrisonMP(Pt19)Private Investigators,Barry Watson @ArlingtonPD,Timothy Nim(NY)Andy Gordon(CT),Albert Cercone(TX),LeAnn DeptVetAffairs(TX)@BHManagement,Andrew Vernon @DeptVetAffairs,Casey&amp;Claire Carlson(Hamburg,NY)	16.168407
Wed Mar 31 22:20:41 +0000 2021	@JoeBiden @DOJ_EOIR @ScottMorrisonMP(Pt19)Private Investigators,Barry Watson @ArlingtonPD,Timothy Nim(NY)Andy Gordon(CT),Albert Cercone(TX),LeAnn DeptVetAffairs(TX)@BHManagement,Andrew Vernon @DeptVetAffairs,Casey&amp;Claire Carlson(Hamburg,NY)	16.168407
Fri Apr 09 03:04:04 +0000 2021	@JoeBiden @CISAManfra @ScottMorrisonMP(Pt19)Private Investigators,Barry Watson @ArlingtonPD,Timothy Nim(NY)Andy Gordon(CT),Albert Cercone(TX),LeAnn DeptVetAffairs(TX)@BHManagement,Andrew Vernon @DeptVetAffairs,Casey&amp;Claire Carlson(Hamburg,NY)	16.168407
Mon Apr 05 07:13:23 +0000 2021	@JoeBiden @CivilRights @ScottMorrisonMP(Pt19)Private Investigators,Barry Watson @ArlingtonPD,Timothy Nim(NY)Andy Gordon(CT),Albert Cercone(TX),LeAnn DeptVetAffairs(TX)@BHManagement,Andrew Vernon @DeptVetAffairs,Casey&amp;Claire Carlson(Hamburg,NY)	16.168407
Wed Apr 07 02:20:54 +0000 2021	@POTUS @_DirectorWray @ScottMorrisonMP(Pt19)Private Investigators,Barry Watson @ArlingtonPD,Timothy Nim(NY)Andy Gordon(CT),Albert Cercone(TX),LeAnn DeptVetAffairs(TX)@BHManagement,Andrew Vernon @DeptVetAffairs,Casey&amp;Claire Carlson(Hamburg,NY)	16.168407
Sun Apr 04 00:18:01 +0000 2021	@JoeBiden @WhiteHouse @ScottMorrisonMP(Pt19)Private Investigators,Barry Watson @ArlingtonPD,Timothy Nim(NY)Andy Gordon(CT),Albert Cercone(TX),LeAnn DeptVetAffairs(TX)@BHManagement,Andrew Vernon @DeptVetAffairs,Casey&amp;Claire Carlson(Hamburg,NY)	16.168407
Sat Apr 10 02:22:14 +0000 2021	@POTUS @TheJusticeDept @ScottMorrisonMP(Pt19)Private Investigators,Barry Watson @ArlingtonPD,Timothy Nim(NY)Andy Gordon(CT),Albert Cercone(TX),LeAnn DeptVetAffairs(TX)@BHManagement,Andrew Vernon @DeptVetAffairs,Casey&amp;Claire Carlson(Hamburg,NY)	16.168407
Sat Apr 03 14:22:22 +0000 2021	@POTUS @FBIAgentsAssoc @ScottMorrisonMP(Pt19)Private Investigators,Barry Watson @ArlingtonPD,Timothy Nim(NY)Andy Gordon(CT),Albert Cercone(TX),LeAnn DeptVetAffairs(TX)@BHManagement,Andrew Vernon @DeptVetAffairs,Casey&amp;Claire Carlson(Hamburg,NY)	16.168407
Fri Apr 09 05:53:19 +0000 2021	@JoeBiden @CISAManfra @ScottMorrisonMP(Pt27)other by lying to @FBI agents&amp;law enforcement in order to get away with hacking my devices&amp;causing this sex scandal. ALL DEVICES(HOME&amp;BUSINESS COMPUTERS,PHONE,HOME WIFI DSL MODEM,VIDEO GAME SYSTEMS,ETC)&amp;ALL OF MY ACCOUNTS ARE HACKED.	12.624157
Mon Apr 05 09:07:10 +0000 2021	@JoeBiden @CivilRights @ScottMorrisonMP(Pt27)other by lying to @FBI agents&amp;law enforcement in order to get away with hacking my devices&amp;causing this sex scandal. ALL DEVICES(HOME&amp;BUSINESS COMPUTERS,PHONE,HOME WIFI DSL MODEM,VIDEO GAME SYSTEMS,ETC)&amp;ALL OF MY ACCOUNTS ARE HACKED.	12.624157
Sun Apr 04 01:47:31 +0000 2021	@JoeBiden @WhiteHouse @ScottMorrisonMP(Pt27)other by lying to @FBI agents&amp;law enforcement in order to get away with hacking my devices&amp;causing this sex scandal. ALL DEVICES(HOME&amp;BUSINESS COMPUTERS,PHONE,HOME WIFI DSL MODEM,VIDEO GAME SYSTEMS,ETC)&amp;ALL OF MY ACCOUNTS ARE HACKED.	12.624157
Sat Apr 03 19:13:07 +0000 2021	@POTUS @FBIAgentsAssoc @ScottMorrisonMP(Pt27)other by lying to @FBI agents&amp;law enforcement in order to get away with hacking my devices&amp;causing this sex scandal. ALL DEVICES(HOME&amp;BUSINESS COMPUTERS,PHONE,HOME WIFI DSL MODEM,VIDEO GAME SYSTEMS,ETC)&amp;ALL OF MY ACCOUNTS ARE HACKED.	12.624157
Wed Mar 31 17:59:47 +0000 2021	@POTUS @StateDeptSpox @ScottMorrisonMP(Pt27)other by lying to @FBI agents&amp;law enforcement in order to get away with hacking my devices&amp;causing this sex scandal. ALL DEVICES(HOME&amp;BUSINESS COMPUTERS,PHONE,HOME WIFI DSL MODEM,VIDEO GAME SYSTEMS,ETC)&amp;ALL OF MY ACCOUNTS ARE HACKED.	12.624157
Sat Apr 10 03:47:04 +0000 2021	@POTUS @TheJusticeDept @ScottMorrisonMP(Pt27)other by lying to @FBI agents&amp;law enforcement in order to get away with hacking my devices&amp;causing this sex scandal. ALL DEVICES(HOME&amp;BUSINESS COMPUTERS,PHONE,HOME WIFI DSL MODEM,VIDEO GAME SYSTEMS,ETC)&amp;ALL OF MY ACCOUNTS ARE HACKED.	12.624157
Wed Apr 07 04:20:48 +0000 2021	@POTUS @_DirectorWray @ScottMorrisonMP(Pt27)other by lying to @FBI agents&amp;law enforcement in order to get away with hacking my devices&amp;causing this sex scandal. ALL DEVICES(HOME&amp;BUSINESS COMPUTERS,PHONE,HOME WIFI DSL MODEM,VIDEO GAME SYSTEMS,ETC)&amp;ALL OF MY ACCOUNTS ARE HACKED.	12.624157
Tue Apr 06 04:43:49 +0000 2021	@JoeBiden @WHCommsDir @ScottMorrisonMP(Pt27)other by lying to @FBI agents&amp;law enforcement in order to get away with hacking my devices&amp;causing this sex scandal. ALL DEVICES(HOME&amp;BUSINESS COMPUTERS,PHONE,HOME WIFI DSL MODEM,VIDEO GAME SYSTEMS,ETC)&amp;ALL OF MY ACCOUNTS ARE HACKED.	12.624157
Thu Apr 01 02:48:57 +0000 2021	@JoeBiden @DOJ_EOIR @ScottMorrisonMP(Pt27)other by lying to @FBI agents&amp;law enforcement in order to get away with hacking my devices&amp;causing this sex scandal. ALL DEVICES(HOME&amp;BUSINESS COMPUTERS,PHONE,HOME WIFI DSL MODEM,VIDEO GAME SYSTEMS,ETC)&amp;ALL OF MY ACCOUNTS ARE HACKED.	12.5799465
Mon Apr 05 08:59:53 +0000 2021	@JoeBiden @CivilRights @ScottMorrisonMP(Pt26)The names mentioned in the previous tweets are the people responsible for this scandal. The people who are hacking my devices(computers,modem,phone,video game systems,car,electricity,water,bank&amp;credit card accounts are blaming each	12.572219
Wed Mar 31 17:23:50 +0000 2021	@POTUS @StateDeptSpox @ScottMorrisonMP(Pt26)The names mentioned in the previous tweets are the people responsible for this scandal. The people who are hacking my devices(computers,modem,phone,video game systems,car,electricity,water,bank&amp;credit card accounts are blaming each	12.572219
Thu Apr 01 02:41:20 +0000 2021	@JoeBiden @DOJ_EOIR @ScottMorrisonMP(Pt26)The names mentioned in the previous tweets are the people responsible for this scandal. The people who are hacking my devices(computers,modem,phone,video game systems,car,electricity,water,bank&amp;credit card accounts are blaming each	12.572219
Fri Apr 09 05:27:32 +0000 2021	@JoeBiden @CISAManfra @ScottMorrisonMP(Pt26)The names mentioned in the previous tweets are the people responsible for this scandal. The people who are hacking my devices(computers,modem,phone,video game systems,car,electricity,water,bank&amp;credit card accounts are blaming each	12.572219
Sun Apr 04 01:35:45 +0000 2021	@JoeBiden @WhiteHouse @ScottMorrisonMP(Pt26)The names mentioned in the previous tweets are the people responsible for this scandal. The people who are hacking my devices(computers,modem,phone,video game systems,car,electricity,water,bank&amp;credit card accounts are blaming each	12.572219
Wed Apr 07 04:09:25 +0000 2021	@POTUS @_DirectorWray @ScottMorrisonMP(Pt26)The names mentioned in the previous tweets are the people responsible for this scandal. The people who are hacking my devices(computers,modem,phone,video game systems,car,electricity,water,bank&amp;credit card accounts are blaming each	12.572219
Sat Apr 03 18:41:05 +0000 2021	@POTUS @FBIAgentsAssoc @ScottMorrisonMP(Pt26)The names mentioned in the previous tweets are the people responsible for this scandal. The people who are hacking my devices(computers,modem,phone,video game systems,car,electricity,water,bank&amp;credit card accounts are blaming each	12.572219
Sat Apr 10 03:39:36 +0000 2021	@POTUS @TheJusticeDept @ScottMorrisonMP(Pt26)The names mentioned in the previous tweets are the people responsible for this scandal. The people who are hacking my devices(computers,modem,phone,video game systems,car,electricity,water,bank&amp;credit card accounts are blaming each	12.572219
Tue Apr 06 04:33:20 +0000 2021	@JoeBiden @WHCommsDir @ScottMorrisonMP(Pt26)The names mentioned in the previous tweets are the people responsible for this scandal. The people who are hacking my devices(computers,modem,phone,video game systems,car,electricity,water,bank&amp;credit card accounts are blaming each	12.572219
Sat Apr 10 22:12:19 +0000 2021	@thepmo Green means incumbent red means president some people have been keeping it a secret and robbing the stock market globally  I scanned all world leaders by accident I have extremely sensitive classified info on all governments I will keep quiet	12.518625
Sat Apr 10 21:56:37 +0000 2021	@thepmo https://t.co/w3VSnW2BJI  I’m innocent and the whole world destroyed my life  Everyone caused the 2015 Cold War and had a life will I’m a military experiment illegally please read at your leisure	12.354129
Mon Apr 05 15:27:57 +0000 2021	@POTUS @ABlinken @SecBlinken @SpeakerPelosi @mikepompeo @JustinTrudeau @erinotoole @ScottMorrisonMP @BorisJohnson                   Diplomats from 20 countries visited Xinjiang in the last few days. Did you hear any western media report the trip?   Western medias are as low you!	12.240806
Wed Apr 07 19:59:57 +0000 2021	@thepmo  Please help me sir....I want to be in your country want to make my life good and want to become a role to my friends..please help me sir....if don't believe me please call and confirm sir..8374521463.. Please help me its make you good in front of whole world..help me sir	12.051099
Wed Mar 31 13:34:53 +0000 2021	@JoeBiden @WhiteHouse @narendramodi @PMOIndia @konotaromp @adgpi @ScottMorrisonMP @MarisePayne @BorisJohnson @DominicRaab  @lindareynoldswa  @SecBlinken #China determined to build iron ore hub in #Africa as Australia goes Quad if quad don't wants to spill the blood in battlefield	11.567833
Sat Apr 10 21:38:23 +0000 2021	@JoeBiden @WHCommsDir @ScottMorrisonMP(Pt16)@NYPDDetectives,@DallasPD,@LVMPD,@NHPSouthernComm&amp;Private Investigators(NY,TX,NV,CT,MA,GA)on their side in order to cover up,continue&amp;get away with hacking my devices&amp;causing this sex scandal. @FBI should be ashamed	10.514099
Wed Mar 31 07:30:10 +0000 2021	@POTUS @StateDeptSpox @ScottMorrisonMP(Pt16)@NYPDDetectives,@DallasPD,@LVMPD,@NHPSouthernComm&amp;Private Investigators(NY,TX,NV,CT,MA,GA)on their side in order to cover up,continue&amp;get away with hacking my devices&amp;causing this sex scandal. @FBI should be ashamed	10.514099
Fri Apr 09 02:23:47 +0000 2021	@JoeBiden @CISAManfra @ScottMorrisonMP(Pt16)@NYPDDetectives,@DallasPD,@LVMPD,@NHPSouthernComm&amp;Private Investigators(NY,TX,NV,CT,MA,GA)on their side in order to cover up,continue&amp;get away with hacking my devices&amp;causing this sex scandal. @FBI should be ashamed	10.514099
Mon Apr 05 05:02:57 +0000 2021	@JoeBiden @CivilRights @ScottMorrisonMP(Pt16)@NYPDDetectives,@DallasPD,@LVMPD,@NHPSouthernComm&amp;Private Investigators(NY,TX,NV,CT,MA,GA)on their side in order to cover up,continue&amp;get away with hacking my devices&amp;causing this sex scandal. @FBI should be ashamed	10.514099
Sat Apr 03 10:15:02 +0000 2021	@POTUS @FBIAgentsAssoc @ScottMorrisonMP(Pt16)@NYPDDetectives,@DallasPD,@LVMPD,@NHPSouthernComm&amp;Private Investigators(NY,TX,NV,CT,MA,GA)on their side in order to cover up,continue&amp;get away with hacking my devices&amp;causing this sex scandal. @FBI should be ashamed	10.514099
Sat Apr 03 23:45:45 +0000 2021	@JoeBiden @WhiteHouse @ScottMorrisonMP(Pt16)@NYPDDetectives,@DallasPD,@LVMPD,@NHPSouthernComm&amp;Private Investigators(NY,TX,NV,CT,MA,GA)on their side in order to cover up,continue&amp;get away with hacking my devices&amp;causing this sex scandal. @FBI should be ashamed	10.514099
Sat Apr 10 01:56:48 +0000 2021	@POTUS @TheJusticeDept @ScottMorrisonMP(Pt16)@NYPDDetectives,@DallasPD,@LVMPD,@NHPSouthernComm&amp;Private Investigators(NY,TX,NV,CT,MA,GA)on their side in order to cover up,continue&amp;get away with hacking my devices&amp;causing this sex scandal. @FBI should be ashamed	10.514099
Wed Apr 07 01:53:07 +0000 2021	@POTUS @_DirectorWray @ScottMorrisonMP(Pt16)@NYPDDetectives,@DallasPD,@LVMPD,@NHPSouthernComm&amp;Private Investigators(NY,TX,NV,CT,MA,GA)on their side in order to cover up,continue&amp;get away with hacking my devices&amp;causing this sex scandal. @FBI should be ashamed	10.514099
Wed Mar 31 21:40:52 +0000 2021	@JoeBiden @DOJ_EOIR @ScottMorrisonMP(Pt16)@NYPDDetectives,@DallasPD,@LVMPD,@NHPSouthernComm&amp;Private Investigators(NY,TX,NV,CT,MA,GA)on their side in order to cover up,continue&amp;get away with hacking my devices&amp;causing this sex scandal. @FBI should be ashamed	10.321347
Wed Mar 31 03:35:10 +0000 2021	@POTUS @StateDeptSpox @ScottMorrisonMP(Pt2)Scott Raccina(Arlington,VA)Steve Etienne(Bklyn,NY)Anne Ferraro(MiddleVillage,NY)Aliana Soto(NYC)Samuel Sr,Yolanda&amp;Jonathan Echipare(Bklyn,NY)David Devose(WestOrange,NJ)Gretchen Lodderhose(Vallejo,CA)LeAnn McDaniel(Weatherford/Forney,TX)	10.202786
Sat Apr 10 18:52:56 +0000 2021	@JoeBiden @WHCommsDir @ScottMorrisonMP(Pt2)Scott Raccina(Arlington,VA)Steve Etienne(Bklyn,NY)Anne Ferraro(MiddleVillage,NY)Aliana Soto(NYC)Samuel Sr,Yolanda&amp;Jonathan Echipare(Bklyn,NY)David Devose(WestOrange,NJ)Gretchen Lodderhose(Vallejo,CA)LeAnn McDaniel(Weatherford/Forney,TX)	10.202786
Wed Mar 31 18:14:09 +0000 2021	@JoeBiden @DOJ_EOIR @ScottMorrisonMP(Pt2)Scott Raccina(Arlington,VA)Steve Etienne(Bklyn,NY)Anne Ferraro(MiddleVillage,NY)Aliana Soto(NYC)Samuel Sr,Yolanda&amp;Jonathan Echipare(Bklyn,NY)David Devose(WestOrange,NJ)Gretchen Lodderhose(Vallejo,CA)LeAnn McDaniel(Weatherford/Forney,TX)	10.202786
Thu Apr 08 20:09:43 +0000 2021	@JoeBiden @CISAManfra @ScottMorrisonMP(Pt2)Scott Raccina(Arlington,VA)Steve Etienne(Bklyn,NY)Anne Ferraro(MiddleVillage,NY)Aliana Soto(NYC)Samuel Sr,Yolanda&amp;Jonathan Echipare(Bklyn,NY)David Devose(WestOrange,NJ)Gretchen Lodderhose(Vallejo,CA)LeAnn McDaniel(Weatherford/Forney,TX)	10.202786
Mon Apr 05 00:21:36 +0000 2021	@JoeBiden @CivilRights @ScottMorrisonMP(Pt2)Scott Raccina(Arlington,VA)Steve Etienne(Bklyn,NY)Anne Ferraro(MiddleVillage,NY)Aliana Soto(NYC)Samuel Sr,Yolanda&amp;Jonathan Echipare(Bklyn,NY)David Devose(WestOrange,NJ)Gretchen Lodderhose(Vallejo,CA)LeAnn McDaniel(Weatherford/Forney,TX)	10.202786
Tue Apr 06 21:13:44 +0000 2021	@POTUS @_DirectorWray @ScottMorrisonMP(Pt2)Scott Raccina(Arlington,VA)Steve Etienne(Bklyn,NY)Anne Ferraro(MiddleVillage,NY)Aliana Soto(NYC)Samuel Sr,Yolanda&amp;Jonathan Echipare(Bklyn,NY)David Devose(WestOrange,NJ)Gretchen Lodderhose(Vallejo,CA)LeAnn McDaniel(Weatherford/Forney,TX)	10.202786
Sat Apr 03 02:44:53 +0000 2021	@POTUS @FBIAgentsAssoc @ScottMorrisonMP(Pt2)Scott Raccina(Arlington,VA)Steve Etienne(Bklyn,NY)Anne Ferraro(MiddleVillage,NY)Aliana Soto(NYC)Samuel Sr,Yolanda&amp;Jonathan Echipare(Bklyn,NY)David Devose(WestOrange,NJ)Gretchen Lodderhose(Vallejo,CA)LeAnn McDaniel(Weatherford/Forney,TX)	10.202786
Sat Apr 03 20:06:39 +0000 2021	@JoeBiden @WhiteHouse @ScottMorrisonMP(Pt2)Scott Raccina(Arlington,VA)Steve Etienne(Bklyn,NY)Anne Ferraro(MiddleVillage,NY)Aliana Soto(NYC)Samuel Sr,Yolanda&amp;Jonathan Echipare(Bklyn,NY)David Devose(WestOrange,NJ)Gretchen Lodderhose(Vallejo,CA)LeAnn McDaniel(Weatherford/Forney,TX)	10.202786
Fri Apr 09 19:49:14 +0000 2021	@POTUS @TheJusticeDept @ScottMorrisonMP(Pt2)Scott Raccina(Arlington,VA)Steve Etienne(Bklyn,NY)Anne Ferraro(MiddleVillage,NY)Aliana Soto(NYC)Samuel Sr,Yolanda&amp;Jonathan Echipare(Bklyn,NY)David Devose(WestOrange,NJ)Gretchen Lodderhose(Vallejo,CA)LeAnn McDaniel(Weatherford/Forney,TX)	10.202786
Wed Apr 07 02:59:25 +0000 2021	@POTUS @aussiekerstin Please call @ScottMorrisonMP  in Australia and show him how it is done, what front of the queue really means and how leadership works.	10.154453
Sat Apr 03 00:34:46 +0000 2021	@thepmo @ScottMorrisonMP @LiberalAus how did we go from front of the vaccine line to the back of the line. Will we even be vaccinated before 2023. I note u got your vaccination early. U are no leader. You are just a bullshit talker 2 keep your job. Fuck u and your Christianity	9.657865
Sat Apr 10 20:05:40 +0000 2021	@JoeBiden @WHCommsDir @ScottMorrisonMP(Pt8)reicast,fpse,Contacts,n64oid,@Office,@waze,@GooglePlay,Drastic,AOD(Notify)Manager,@googlecalendar,Calculator,Gallery,Camera,@AdGuard,@lyft,SIM,phone battery,signal,graphics,externalSDcard,@Xbox One,@PlayStation 3 video game systems,	8.871412
Wed Mar 31 04:32:35 +0000 2021	@POTUS @StateDeptSpox @ScottMorrisonMP(Pt8)reicast,fpse,Contacts,n64oid,@Office,@waze,@GooglePlay,Drastic,AOD(Notify)Manager,@googlecalendar,Calculator,Gallery,Camera,@AdGuard,@lyft,SIM,phone battery,signal,graphics,externalSDcard,@Xbox One,@PlayStation 3 video game systems,	8.871412
Wed Mar 31 19:39:22 +0000 2021	@JoeBiden @DOJ_EOIR @ScottMorrisonMP(Pt8)reicast,fpse,Contacts,n64oid,@Office,@waze,@GooglePlay,Drastic,AOD(Notify)Manager,@googlecalendar,Calculator,Gallery,Camera,@AdGuard,@lyft,SIM,phone battery,signal,graphics,externalSDcard,@Xbox One,@PlayStation 3 video game systems,	8.871412
Fri Apr 09 00:35:47 +0000 2021	@JoeBiden @CISAManfra @ScottMorrisonMP(Pt8)reicast,fpse,Contacts,n64oid,@Office,@waze,@GooglePlay,Drastic,AOD(Notify)Manager,@googlecalendar,Calculator,Gallery,Camera,@AdGuard,@lyft,SIM,phone battery,signal,graphics,externalSDcard,@Xbox One,@PlayStation 3 video game systems,	8.871412
Mon Apr 05 01:59:02 +0000 2021	@JoeBiden @CivilRights @ScottMorrisonMP(Pt8)reicast,fpse,Contacts,n64oid,@Office,@waze,@GooglePlay,Drastic,AOD(Notify)Manager,@googlecalendar,Calculator,Gallery,Camera,@AdGuard,@lyft,SIM,phone battery,signal,graphics,externalSDcard,@Xbox One,@PlayStation 3 video game systems,	8.871412
Tue Apr 06 23:00:48 +0000 2021	@POTUS @_DirectorWray @ScottMorrisonMP(Pt8)reicast,fpse,Contacts,n64oid,@Office,@waze,@GooglePlay,Drastic,AOD(Notify)Manager,@googlecalendar,Calculator,Gallery,Camera,@AdGuard,@lyft,SIM,phone battery,signal,graphics,externalSDcard,@Xbox One,@PlayStation 3 video game systems,	8.871412
Sat Apr 03 21:56:14 +0000 2021	@JoeBiden @WhiteHouse @ScottMorrisonMP(Pt8)reicast,fpse,Contacts,n64oid,@Office,@waze,@GooglePlay,Drastic,AOD(Notify)Manager,@googlecalendar,Calculator,Gallery,Camera,@AdGuard,@lyft,SIM,phone battery,signal,graphics,externalSDcard,@Xbox One,@PlayStation 3 video game systems,	8.871412
Sat Apr 03 05:28:47 +0000 2021	@POTUS @FBIAgentsAssoc @ScottMorrisonMP(Pt8)reicast,fpse,Contacts,n64oid,@Office,@waze,@GooglePlay,Drastic,AOD(Notify)Manager,@googlecalendar,Calculator,Gallery,Camera,@AdGuard,@lyft,SIM,phone battery,signal,graphics,externalSDcard,@Xbox One,@PlayStation 3 video game systems,	8.871412
Fri Apr 09 22:58:19 +0000 2021	@POTUS @TheJusticeDept @ScottMorrisonMP(Pt8)reicast,fpse,Contacts,n64oid,@Office,@waze,@GooglePlay,Drastic,AOD(Notify)Manager,@googlecalendar,Calculator,Gallery,Camera,@AdGuard,@lyft,SIM,phone battery,signal,graphics,externalSDcard,@Xbox One,@PlayStation 3 video game systems,	8.871412
Sat Apr 10 23:04:20 +0000 2021	@JoeBiden @WHCommsDir @ScottMorrisonMP(Pt18)As you know terrorists are on @Twitter&amp;reading ALL tweets I've sent about this. Add Dallas,TX along with Pelham,NY, Arlington,TX, Las Vegas&amp;Henderson,NV, Connecticut,Georgia,Massachusetts,Yonkers,NY	8.26195
Wed Mar 31 10:21:39 +0000 2021	@POTUS @StateDeptSpox @ScottMorrisonMP(Pt18)As you know terrorists are on @Twitter&amp;reading ALL tweets I've sent about this. Add Dallas,TX along with Pelham,NY, Arlington,TX, Las Vegas&amp;Henderson,NV, Connecticut,Georgia,Massachusetts,Yonkers,NY	8.26195
Wed Mar 31 22:02:38 +0000 2021	@JoeBiden @DOJ_EOIR @ScottMorrisonMP(Pt18)As you know terrorists are on @Twitter&amp;reading ALL tweets I've sent about this. Add Dallas,TX along with Pelham,NY, Arlington,TX, Las Vegas&amp;Henderson,NV, Connecticut,Georgia,Massachusetts,Yonkers,NY	8.26195
Fri Apr 09 02:43:56 +0000 2021	@JoeBiden @CISAManfra @ScottMorrisonMP(Pt18)As you know terrorists are on @Twitter&amp;reading ALL tweets I've sent about this. Add Dallas,TX along with Pelham,NY, Arlington,TX, Las Vegas&amp;Henderson,NV, Connecticut,Georgia,Massachusetts,Yonkers,NY	8.26195
Mon Apr 05 06:07:09 +0000 2021	@JoeBiden @CivilRights @ScottMorrisonMP(Pt18)As you know terrorists are on @Twitter&amp;reading ALL tweets I've sent about this. Add Dallas,TX along with Pelham,NY, Arlington,TX, Las Vegas&amp;Henderson,NV, Connecticut,Georgia,Massachusetts,Yonkers,NY	8.26195
Wed Apr 07 02:11:44 +0000 2021	@POTUS @_DirectorWray @ScottMorrisonMP(Pt18)As you know terrorists are on @Twitter&amp;reading ALL tweets I've sent about this. Add Dallas,TX along with Pelham,NY, Arlington,TX, Las Vegas&amp;Henderson,NV, Connecticut,Georgia,Massachusetts,Yonkers,NY	8.26195
Sat Apr 03 10:59:04 +0000 2021	@POTUS @FBIAgentsAssoc @ScottMorrisonMP(Pt18)As you know terrorists are on @Twitter&amp;reading ALL tweets I've sent about this. Add Dallas,TX along with Pelham,NY, Arlington,TX, Las Vegas&amp;Henderson,NV, Connecticut,Georgia,Massachusetts,Yonkers,NY	8.26195
Sun Apr 04 00:05:08 +0000 2021	@JoeBiden @WhiteHouse @ScottMorrisonMP(Pt18)As you know terrorists are on @Twitter&amp;reading ALL tweets I've sent about this. Add Dallas,TX along with Pelham,NY, Arlington,TX, Las Vegas&amp;Henderson,NV, Connecticut,Georgia,Massachusetts,Yonkers,NY	8.26195
Sat Apr 10 02:14:42 +0000 2021	@POTUS @TheJusticeDept @ScottMorrisonMP(Pt18)As you know terrorists are on @Twitter&amp;reading ALL tweets I've sent about this. Add Dallas,TX along with Pelham,NY, Arlington,TX, Las Vegas&amp;Henderson,NV, Connecticut,Georgia,Massachusetts,Yonkers,NY	8.26195
Tue Apr 06 09:08:17 +0000 2021	@sugawitter @kantei @ScottMorrisonMP @MarisePayne @lindareynoldswa @narendramodi @netanyahu @DrRonMalka @BorisJohnson @pritipatel @konotaromp @EmmanuelMacron technologies resources security's intelligence @PMOIndia	7.37005
Tue Apr 06 22:45:49 +0000 2021	@POTUS And our liar @ScottMorrisonMP in Australia can’t manage to rollout a vaccine for 4 million people by end of March 21.	7.1953254
Thu Apr 01 15:39:10 +0000 2021	@CyrilRamaphosa.  @johnkerry, @ScottMorrisonMP, @JonathanWNV @SEMARNAT_mx, @mevpr, &amp; @JapanGov — in the run up to #EarthDay, will you adopt ambitious climate commitments and get on track to meet #ParisAgreement targets before @COP26? #WorldRecoveryPlan	6.290736
Wed Apr 07 02:51:04 +0000 2021	@POTUS Can you give @ScottMorrisonMP a call and tell him how to do it?	6.1861362
Fri Apr 09 11:32:06 +0000 2021	@narendramodi @POTUS @JoeBiden @ScottMorrisonMP @sugawitter Get a free #amazon gift card.just clik the link &gt;&gt; https://t.co/VVQ86mhTY4	5.9143467
Tue Apr 06 21:57:31 +0000 2021	@POTUS Amazing. Can you call @ScottMorrisonMP in Australia and tell him how to get it done.  Thanks!	5.7508197
Tue Apr 06 01:35:46 +0000 2021	@JoeBiden @WHCommsDir @ScottMorrisonMP(Pt12)emailed&amp;text in order to have them assist in this hacking&amp;sex scandal. It's a shame @FBI refuse to place ALL who are hacking my devices to cause this sex scandal under arrest? If I committed these actions, I would be arrested by @FBI&amp;	5.607875
Wed Mar 31 05:17:44 +0000 2021	@POTUS @StateDeptSpox @ScottMorrisonMP(Pt12)emailed&amp;text in order to have them assist in this hacking&amp;sex scandal. It's a shame @FBI refuse to place ALL who are hacking my devices to cause this sex scandal under arrest? If I committed these actions, I would be arrested by @FBI&amp;	5.607875
Fri Apr 09 01:15:09 +0000 2021	@JoeBiden @CISAManfra @ScottMorrisonMP(Pt12)emailed&amp;text in order to have them assist in this hacking&amp;sex scandal. It's a shame @FBI refuse to place ALL who are hacking my devices to cause this sex scandal under arrest? If I committed these actions, I would be arrested by @FBI&amp;	5.607875
Mon Apr 05 03:33:26 +0000 2021	@JoeBiden @CivilRights @ScottMorrisonMP(Pt12)emailed&amp;text in order to have them assist in this hacking&amp;sex scandal. It's a shame @FBI refuse to place ALL who are hacking my devices to cause this sex scandal under arrest? If I committed these actions, I would be arrested by @FBI&amp;	5.607875
Wed Apr 07 00:47:37 +0000 2021	@POTUS @_DirectorWray @ScottMorrisonMP(Pt12)emailed&amp;text in order to have them assist in this hacking&amp;sex scandal. It's a shame @FBI refuse to place ALL who are hacking my devices to cause this sex scandal under arrest? If I committed these actions, I would be arrested by @FBI&amp;	5.607875
Sat Apr 03 23:03:22 +0000 2021	@JoeBiden @WhiteHouse @ScottMorrisonMP(Pt12)emailed&amp;text in order to have them assist in this hacking&amp;sex scandal. It's a shame @FBI refuse to place ALL who are hacking my devices to cause this sex scandal under arrest? If I committed these actions, I would be arrested by @FBI&amp;	5.607875
Sat Apr 03 08:55:18 +0000 2021	@POTUS @FBIAgentsAssoc @ScottMorrisonMP(Pt12)emailed&amp;text in order to have them assist in this hacking&amp;sex scandal. It's a shame @FBI refuse to place ALL who are hacking my devices to cause this sex scandal under arrest? If I committed these actions, I would be arrested by @FBI&amp;	5.607875
Sat Apr 10 01:02:10 +0000 2021	@POTUS @TheJusticeDept @ScottMorrisonMP(Pt12)emailed&amp;text in order to have them assist in this hacking&amp;sex scandal. It's a shame @FBI refuse to place ALL who are hacking my devices to cause this sex scandal under arrest? If I committed these actions, I would be arrested by @FBI&amp;	5.607875
Wed Mar 31 20:36:29 +0000 2021	@JoeBiden @DOJ_EOIR @ScottMorrisonMP(Pt12)emailed&amp;text in order to have them assist in this hacking&amp;sex scandal. It's a shame @FBI refuse to place ALL who are hacking my devices to cause this sex scandal under arrest? If I committed these actions, I would be arrested by @FBI&amp;	5.5633802
Sat Apr 10 22:13:13 +0000 2021	@thepmo please read please everyone globally we shall restore order all that passed shall rise again	5.462364
Sun Apr 04 13:26:37 +0000 2021	@JoeBiden @japan @JapanGov @narendramodi @PMOIndia @ScottMorrisonMP This figure shows the distance between QUAD and #Myanmar Navy exercise... #WhatsHappeninglnMyanmar #Apr4Coup https://t.co/CkJV0VQ4mR	5.397825
Wed Apr 07 17:33:31 +0000 2021	@narendramodi @POTUS @JoeBiden @ScottMorrisonMP @sugawitter Sir Cogratulations for this , now please intervene for putting lock down again,  start with Maharashtra first and all other states as well . Ot will be really needed as you done this last year and saved all one . In nagpur today 66 deaths , 57000 positive in Maharashtra.	5.3528986
Tue Apr 06 16:07:19 +0000 2021	@PMOIndia,@POTUS,@EmmanuelMacron,@ScottMorrisonMP Am a citizen of Mumbai,India corona is back ,more mean, bad and cruel than last year.I ask my PM and other world Leaders,Whats you gonna do about China who started this all.Are all of gonna be mute spectators.Dont you have a heart	5.249601
Wed Mar 31 11:22:37 +0000 2021	@POTUS @StateDeptSpox @ScottMorrisonMP(Pt21)those involved in hacking my devices&amp;causing this sex scandal. ALL involved are lying to @FBI agents&amp;law enforcement in order to protect the main culprits hacking my devices&amp;causing this sex scandal. The main culprits are:	4.8966393
Fri Apr 09 03:47:47 +0000 2021	@JoeBiden @CISAManfra @ScottMorrisonMP(Pt21)those involved in hacking my devices&amp;causing this sex scandal. ALL involved are lying to @FBI agents&amp;law enforcement in order to protect the main culprits hacking my devices&amp;causing this sex scandal. The main culprits are:	4.8966393
Mon Apr 05 07:30:53 +0000 2021	@JoeBiden @CivilRights @ScottMorrisonMP(Pt21)those involved in hacking my devices&amp;causing this sex scandal. ALL involved are lying to @FBI agents&amp;law enforcement in order to protect the main culprits hacking my devices&amp;causing this sex scandal. The main culprits are:	4.8966393
Wed Apr 07 02:51:53 +0000 2021	@POTUS @_DirectorWray @ScottMorrisonMP(Pt21)those involved in hacking my devices&amp;causing this sex scandal. ALL involved are lying to @FBI agents&amp;law enforcement in order to protect the main culprits hacking my devices&amp;causing this sex scandal. The main culprits are:	4.8966393
Sat Apr 03 16:33:11 +0000 2021	@POTUS @FBIAgentsAssoc @ScottMorrisonMP(Pt21)those involved in hacking my devices&amp;causing this sex scandal. ALL involved are lying to @FBI agents&amp;law enforcement in order to protect the main culprits hacking my devices&amp;causing this sex scandal. The main culprits are:	4.8966393
Wed Mar 31 23:58:16 +0000 2021	@JoeBiden @DOJ_EOIR @ScottMorrisonMP(Pt21)those involved in hacking my devices&amp;causing this sex scandal. ALL involved are lying to @FBI agents&amp;law enforcement in order to protect the main culprits hacking my devices&amp;causing this sex scandal. The main culprits are:	4.8966393
Sat Apr 10 02:36:30 +0000 2021	@POTUS @TheJusticeDept @ScottMorrisonMP(Pt21)those involved in hacking my devices&amp;causing this sex scandal. ALL involved are lying to @FBI agents&amp;law enforcement in order to protect the main culprits hacking my devices&amp;causing this sex scandal. The main culprits are:	4.8966393
Sun Apr 04 00:38:10 +0000 2021	@JoeBiden @WhiteHouse @ScottMorrisonMP(Pt21)those involved in hacking my devices&amp;causing this sex scandal. ALL involved are lying to @FBI agents&amp;law enforcement in order to protect the main culprits hacking my devices&amp;causing this sex scandal. The main culprits are:	4.8966393
Tue Apr 06 03:35:45 +0000 2021	@JoeBiden @WHCommsDir @ScottMorrisonMP(Pt21)those involved in hacking my devices&amp;causing this sex scandal. ALL involved are lying to @FBI agents&amp;law enforcement in order to protect the main culprits hacking my devices&amp;causing this sex scandal. The main culprits are:	4.8966393
Wed Apr 07 19:57:00 +0000 2021	@thepmo  Hi sir I'm from India....Im very big fan of you and to the country.... I want to be a part Australian country and settle in Australia...I have completed my intermediate...because that I'm poor no one wants to help me in the country...I thought you will help me....	4.8514395
Tue Apr 06 02:16:45 +0000 2021	@JoeBiden @WHCommsDir @ScottMorrisonMP(Pt15)with #NYPD,@DallasPD,@LVMPD,@NHPSouthernComm&amp;Henderson,NV PD to hack ALL of my devices,car,electricity in addition to following me everywhere,reporting my location to ALL involved&amp;having @FBI agents	4.709506
Wed Mar 31 06:48:32 +0000 2021	@POTUS @StateDeptSpox @ScottMorrisonMP(Pt15)with #NYPD,@DallasPD,@LVMPD,@NHPSouthernComm&amp;Henderson,NV PD to hack ALL of my devices,car,electricity in addition to following me everywhere,reporting my location to ALL involved&amp;having @FBI agents	4.709506
Wed Mar 31 21:12:49 +0000 2021	@JoeBiden @DOJ_EOIR @ScottMorrisonMP(Pt15)with #NYPD,@DallasPD,@LVMPD,@NHPSouthernComm&amp;Henderson,NV PD to hack ALL of my devices,car,electricity in addition to following me everywhere,reporting my location to ALL involved&amp;having @FBI agents	4.709506
Fri Apr 09 02:03:46 +0000 2021	@JoeBiden @CISAManfra @ScottMorrisonMP(Pt15)with #NYPD,@DallasPD,@LVMPD,@NHPSouthernComm&amp;Henderson,NV PD to hack ALL of my devices,car,electricity in addition to following me everywhere,reporting my location to ALL involved&amp;having @FBI agents	4.709506
Mon Apr 05 04:01:22 +0000 2021	@JoeBiden @CivilRights @ScottMorrisonMP(Pt15)with #NYPD,@DallasPD,@LVMPD,@NHPSouthernComm&amp;Henderson,NV PD to hack ALL of my devices,car,electricity in addition to following me everywhere,reporting my location to ALL involved&amp;having @FBI agents	4.709506
Wed Apr 07 01:41:10 +0000 2021	@POTUS @_DirectorWray @ScottMorrisonMP(Pt15)with #NYPD,@DallasPD,@LVMPD,@NHPSouthernComm&amp;Henderson,NV PD to hack ALL of my devices,car,electricity in addition to following me everywhere,reporting my location to ALL involved&amp;having @FBI agents	4.709506
Sat Apr 03 23:34:30 +0000 2021	@JoeBiden @WhiteHouse @ScottMorrisonMP(Pt15)with #NYPD,@DallasPD,@LVMPD,@NHPSouthernComm&amp;Henderson,NV PD to hack ALL of my devices,car,electricity in addition to following me everywhere,reporting my location to ALL involved&amp;having @FBI agents	4.709506
Sat Apr 03 09:51:54 +0000 2021	@POTUS @FBIAgentsAssoc @ScottMorrisonMP(Pt15)with #NYPD,@DallasPD,@LVMPD,@NHPSouthernComm&amp;Henderson,NV PD to hack ALL of my devices,car,electricity in addition to following me everywhere,reporting my location to ALL involved&amp;having @FBI agents	4.709506
Sat Apr 10 01:38:26 +0000 2021	@POTUS @TheJusticeDept @ScottMorrisonMP(Pt15)with #NYPD,@DallasPD,@LVMPD,@NHPSouthernComm&amp;Henderson,NV PD to hack ALL of my devices,car,electricity in addition to following me everywhere,reporting my location to ALL involved&amp;having @FBI agents	4.709506
Tue Apr 06 01:10:14 +0000 2021	@JoeBiden @WHCommsDir @ScottMorrisonMP(Pt11)@Equifax,@TransUnion credit reports&amp;Henderson,NV street cameras. ALL involved are hacking my devices to cause a sex scandal with the white female contacts in my phone&amp; @Facebook contacts,read my emails,documents;recruit people I've	4.673701
Wed Mar 31 20:22:25 +0000 2021	@JoeBiden @DOJ_EOIR @ScottMorrisonMP(Pt11)@Equifax,@TransUnion credit reports&amp;Henderson,NV street cameras. ALL involved are hacking my devices to cause a sex scandal with the white female contacts in my phone&amp; @Facebook contacts,read my emails,documents;recruit people I've	4.673701
Wed Mar 31 05:10:06 +0000 2021	@POTUS @StateDeptSpox @ScottMorrisonMP(Pt11)@Equifax,@TransUnion credit reports&amp;Henderson,NV street cameras. ALL involved are hacking my devices to cause a sex scandal with the white female contacts in my phone&amp; @Facebook contacts,read my emails,documents;recruit people I've	4.673701
Fri Apr 09 01:05:07 +0000 2021	@JoeBiden @CISAManfra @ScottMorrisonMP(Pt11)@Equifax,@TransUnion credit reports&amp;Henderson,NV street cameras. ALL involved are hacking my devices to cause a sex scandal with the white female contacts in my phone&amp; @Facebook contacts,read my emails,documents;recruit people I've	4.673701
Mon Apr 05 03:28:33 +0000 2021	@JoeBiden @CivilRights @ScottMorrisonMP(Pt11)@Equifax,@TransUnion credit reports&amp;Henderson,NV street cameras. ALL involved are hacking my devices to cause a sex scandal with the white female contacts in my phone&amp; @Facebook contacts,read my emails,documents;recruit people I've	4.673701
Sat Apr 03 08:37:35 +0000 2021	@POTUS @FBIAgentsAssoc @ScottMorrisonMP(Pt11)@Equifax,@TransUnion credit reports&amp;Henderson,NV street cameras. ALL involved are hacking my devices to cause a sex scandal with the white female contacts in my phone&amp; @Facebook contacts,read my emails,documents;recruit people I've	4.673701
Wed Apr 07 00:43:26 +0000 2021	@POTUS @_DirectorWray @ScottMorrisonMP(Pt11)@Equifax,@TransUnion credit reports&amp;Henderson,NV street cameras. ALL involved are hacking my devices to cause a sex scandal with the white female contacts in my phone&amp; @Facebook contacts,read my emails,documents;recruit people I've	4.673701
Sat Apr 03 22:48:05 +0000 2021	@JoeBiden @WhiteHouse @ScottMorrisonMP(Pt11)@Equifax,@TransUnion credit reports&amp;Henderson,NV street cameras. ALL involved are hacking my devices to cause a sex scandal with the white female contacts in my phone&amp; @Facebook contacts,read my emails,documents;recruit people I've	4.673701
Sat Apr 10 00:51:57 +0000 2021	@POTUS @TheJusticeDept @ScottMorrisonMP(Pt11)@Equifax,@TransUnion credit reports&amp;Henderson,NV street cameras. ALL involved are hacking my devices to cause a sex scandal with the white female contacts in my phone&amp; @Facebook contacts,read my emails,documents;recruit people I've	4.673701
Thu Apr 01 13:28:56 +0000 2021	Connected by the Indian Ocean, united by the Indian Samosa!  Looks delicious, PM @ScottMorrisonMP!   Once we achieve a decisive victory against COVID-19, we will enjoy the Samosas together.   Looking forward to our video meet on the 4th.	4.5792065
Mon Apr 05 07:53:53 +0000 2021	Connected by the Indian Ocean, united by the Indian Samosa!  Looks delicious, PM @ScottMorrisonMP!   Once we achieve a decisive victory against COVID-19, we will enjoy the Samosas together.   Looking forward to our video meet on the 4th.	4.5792065
Thu Apr 08 14:21:15 +0000 2021	@thepmo  Sir please reply Me....I need job in Australia in any cost....please help me..... 8374521463	4.54134
Wed Apr 07 23:47:21 +0000 2021	@thepmo Social media is the most corrosive..... perhaps you should stop I using it to abuse people then  Scotty! https://t.co/QuAkbZJC2q	4.358267
Thu Apr 01 05:57:02 +0000 2021	@JoeBiden @KamalaHarris @antonioguterres @JustinTrudeau @ScottMorrisonMP  If it’s not inconvenient, could you push for the banning of Trawling as a start..	4.330736
Sat Apr 10 20:20:01 +0000 2021	@JoeBiden @WHCommsDir @ScottMorrisonMP(Pt9)@RTCSNV,@NYCTSubway,@NYCTBus,@PATHTrain,Las Vegas,NV strip,downtown&amp; @southpointlv hotels,club guestlists,street cameras,@Walmart,@Burlington,@BestBuy,@kroger/ Smith's,@Albertsons/ Vons,@Walgreens,@cvspharmacy stores;@Google,	4.2833953
Wed Mar 31 19:50:58 +0000 2021	@JoeBiden @DOJ_EOIR @ScottMorrisonMP(Pt9)@RTCSNV,@NYCTSubway,@NYCTBus,@PATHTrain,Las Vegas,NV strip,downtown&amp; @southpointlv hotels,club guestlists,street cameras,@Walmart,@Burlington,@BestBuy,@kroger/ Smith's,@Albertsons/ Vons,@Walgreens,@cvspharmacy stores;@Google,	4.2833953
Wed Mar 31 04:38:16 +0000 2021	@POTUS @StateDeptSpox @ScottMorrisonMP(Pt9)@RTCSNV,@NYCTSubway,@NYCTBus,@PATHTrain,Las Vegas,NV strip,downtown&amp; @southpointlv hotels,club guestlists,street cameras,@Walmart,@Burlington,@BestBuy,@kroger/ Smith's,@Albertsons/ Vons,@Walgreens,@cvspharmacy stores;@Google,	4.2833953
Fri Apr 09 00:52:37 +0000 2021	@JoeBiden @CISAManfra @ScottMorrisonMP(Pt9)@RTCSNV,@NYCTSubway,@NYCTBus,@PATHTrain,Las Vegas,NV strip,downtown&amp; @southpointlv hotels,club guestlists,street cameras,@Walmart,@Burlington,@BestBuy,@kroger/ Smith's,@Albertsons/ Vons,@Walgreens,@cvspharmacy stores;@Google,	4.2833953
Mon Apr 05 02:20:00 +0000 2021	@JoeBiden @CivilRights @ScottMorrisonMP(Pt9)@RTCSNV,@NYCTSubway,@NYCTBus,@PATHTrain,Las Vegas,NV strip,downtown&amp; @southpointlv hotels,club guestlists,street cameras,@Walmart,@Burlington,@BestBuy,@kroger/ Smith's,@Albertsons/ Vons,@Walgreens,@cvspharmacy stores;@Google,	4.2833953
Wed Apr 07 00:08:27 +0000 2021	@POTUS @_DirectorWray @ScottMorrisonMP(Pt9)@RTCSNV,@NYCTSubway,@NYCTBus,@PATHTrain,Las Vegas,NV strip,downtown&amp; @southpointlv hotels,club guestlists,street cameras,@Walmart,@Burlington,@BestBuy,@kroger/ Smith's,@Albertsons/ Vons,@Walgreens,@cvspharmacy stores;@Google,	4.2833953
Sat Apr 03 22:05:46 +0000 2021	@JoeBiden @WhiteHouse @ScottMorrisonMP(Pt9)@RTCSNV,@NYCTSubway,@NYCTBus,@PATHTrain,Las Vegas,NV strip,downtown&amp; @southpointlv hotels,club guestlists,street cameras,@Walmart,@Burlington,@BestBuy,@kroger/ Smith's,@Albertsons/ Vons,@Walgreens,@cvspharmacy stores;@Google,	4.2833953
Sat Apr 03 05:46:15 +0000 2021	@POTUS @FBIAgentsAssoc @ScottMorrisonMP(Pt9)@RTCSNV,@NYCTSubway,@NYCTBus,@PATHTrain,Las Vegas,NV strip,downtown&amp; @southpointlv hotels,club guestlists,street cameras,@Walmart,@Burlington,@BestBuy,@kroger/ Smith's,@Albertsons/ Vons,@Walgreens,@cvspharmacy stores;@Google,	4.2833953
Fri Apr 09 23:02:02 +0000 2021	@POTUS @TheJusticeDept @ScottMorrisonMP(Pt9)@RTCSNV,@NYCTSubway,@NYCTBus,@PATHTrain,Las Vegas,NV strip,downtown&amp; @southpointlv hotels,club guestlists,street cameras,@Walmart,@Burlington,@BestBuy,@kroger/ Smith's,@Albertsons/ Vons,@Walgreens,@cvspharmacy stores;@Google,	4.2833953
Wed Mar 31 14:10:24 +0000 2021	@POTUS @StateDeptSpox @ScottMorrisonMP(Pt25)I've sent emails&amp;tweets to @FBI naming the people involved. Here is PROOF of how they're hacking my devices in order to cause this sex scandal: https://t.co/ehW16v0pHE	4.0128202
Thu Apr 01 02:18:52 +0000 2021	@JoeBiden @DOJ_EOIR @ScottMorrisonMP(Pt25)I've sent emails&amp;tweets to @FBI naming the people involved. Here is PROOF of how they're hacking my devices in order to cause this sex scandal: https://t.co/vOonMlZrUp	4.0128202
Fri Apr 09 04:46:47 +0000 2021	@JoeBiden @CISAManfra @ScottMorrisonMP(Pt25)I've sent emails&amp;tweets to @FBI naming the people involved. Here is PROOF of how they're hacking my devices in order to cause this sex scandal: https://t.co/IkMovvfsLR	4.0128202
Sun Apr 04 01:29:22 +0000 2021	@JoeBiden @WhiteHouse @ScottMorrisonMP(Pt25)I've sent emails&amp;tweets to @FBI naming the people involved. Here is PROOF of how they're hacking my devices in order to cause this sex scandal: https://t.co/7jZVoaTHks	4.0128202
Mon Apr 05 08:47:33 +0000 2021	@JoeBiden @CivilRights @ScottMorrisonMP(Pt25)I've sent emails&amp;tweets to @FBI naming the people involved. Here is PROOF of how they're hacking my devices in order to cause this sex scandal: https://t.co/THxW4CuL3g	4.0128202
Sat Apr 03 17:58:00 +0000 2021	@POTUS @FBIAgentsAssoc @ScottMorrisonMP(Pt25)I've sent emails&amp;tweets to @FBI naming the people involved. Here is PROOF of how they're hacking my devices in order to cause this sex scandal: https://t.co/iDIlV1vQyZ	4.0128202
Sat Apr 10 03:13:08 +0000 2021	@POTUS @TheJusticeDept @ScottMorrisonMP(Pt25)I've sent emails&amp;tweets to @FBI naming the people involved. Here is PROOF of how they're hacking my devices in order to cause this sex scandal: https://t.co/4ZtQA6m2GL	4.0128202
Sat Apr 10 03:29:52 +0000 2021	@POTUS @TheJusticeDept @ScottMorrisonMP(Pt25)I've sent emails&amp;tweets to @FBI naming the people involved. Here is PROOF of how they're hacking my devices in order to cause this sex scandal: https://t.co/ksoZFc77OR	4.0128202
Tue Apr 06 04:25:43 +0000 2021	@JoeBiden @WHCommsDir @ScottMorrisonMP(Pt25)I've sent emails&amp;tweets to @FBI naming the people involved. Here is PROOF of how they're hacking my devices in order to cause this sex scandal: https://t.co/gh16ZdnX3m	4.0128202
Wed Apr 07 03:35:20 +0000 2021	@POTUS @_DirectorWray @ScottMorrisonMP(Pt25)I've sent emails&amp;tweets to @FBI naming the people involved. Here is PROOF of how they're hacking my devices in order to cause this sex scandal: https://t.co/IdEhj1fOvB	4.0128202
Mon Apr 05 06:45:37 +0000 2021	@POTUS @SecBlinken @VP @mikepompeo @JustinTrudeau @erinotoole @ScottMorrisonMP @BorisJohnson      @SpeakerPelosi Have you ever punished those US and nato army  committed war crimes on daily basis in Iraq?     The world have suffered the atrocities committed by west civ!  Beasts!	3.7748346
Wed Apr 07 03:16:01 +0000 2021	@JoeBiden @KremlinRussia_E @narendramodi @EmmanuelMacron @BorisJohnson @netanyahu @JPN_PMO @ScottMorrisonMP @sanchezcastejon  #WW3 has Begin with Chinese Tech Theft/Exports/Eco/Military Invasion  Spread of Islam/Terrorism  World To Realise facts, Make strategy to Counter ASAP	3.4851015
Sun Apr 04 02:47:09 +0000 2021	@JoeBiden @KremlinRussia_E @narendramodi @EmmanuelMacron @BorisJohnson @netanyahu @JPN_PMO @ScottMorrisonMP @sanchezcastejon  #WW3 has Begin with Chinese Tech Theft/Exports/Eco Invasion  Spread of Islam/Terrorism  World To Realise facts, Make strategy to Counter before it’s late	3.4452584
Wed Apr 07 10:30:08 +0000 2021	@POTUS @ScottMorrisonMP @BorisJohnson @jacindaardern @CDUMerkel @JustinTrudeau Hi ! I request all of you to request our PM @narendramodi to hold virtual rallies as the cases of Corona in India are steadily increasing, but he is not stopping from holding rallies. @CNN @ttindia 🙏	2.9199958
Wed Apr 07 15:20:13 +0000 2021	@POTUS @BorisJohnson @ScottMorrisonMP @MarisePayne @brunei_pmo @MuhyiddinYassin @leehsienloong @VivianBala @abdulla_shahid @HishammuddinH2O @jokowi  Myanmar military's brutality on civilians in Kalay township.   BLINDFOLDED, made to kneel, kicked.    #WhatsHappeningInMyanmar	2.880303
Sat Apr 03 03:42:09 +0000 2021	@PMOIndia @thepmo @DrSJaishankar @MarisePayne @Rita_Saffioti @MarkMcGowanMP my father has passed away today morning and I need to reach Ahmedabad, India urgently to support my mom and family. I have applied for exemption to leave Australia yesterday and called the related parties	2.8114338
Fri Apr 09 22:01:40 +0000 2021	@POTUS Can you please teach @ScottMorrisonMP  to smile genuinely ? We are all sick of his condescending smirk.	2.5351336
Sat Apr 10 22:19:02 +0000 2021	@JoeBiden @un @IsraeliPM @EmmanuelMacron @HHShkMohd @ScottMorrisonMP @medwma @who @un  @narendramodi  @BBCWorld @ANI @AlJazeera  @nypost @KremlinRussia_E  @SouthAfrica @SEGA_Europe   Covid 19 is a man made destruction weapon. We have lost so many but no action against... https://t.co/SCuVhUSfWV	2.4982605
Tue Apr 06 22:16:24 +0000 2021	@thepmo has advance the 1 million dose humanitarian gift to PNG to excuse its incompetence in ordering sufficient vaccine and endeavouring to politicise the process as a lead in to a planned 9 Oct 2021 election....since abandoned..lies, lies and more lies	2.4112022
Wed Mar 31 04:22:56 +0000 2021	@POTUS @StateDeptSpox @ScottMorrisonMP(Pt6)Ivette Acevedo(Bklyn,NY)Michelle Reed(LasVegas,NV)Rodney Nelson(Queens,NY)Lukasz Karwowski(Austin,TX)hack my business&amp;home IP address,DNS,computer hardware&amp;programs(memory,battery,wireless adapter,Windows Firewall,@Microsoft Essentials,	2.3611412
Sat Apr 10 19:43:53 +0000 2021	@JoeBiden @WHCommsDir @ScottMorrisonMP(Pt6)Ivette Acevedo(Bklyn,NY)Michelle Reed(LasVegas,NV)Rodney Nelson(Queens,NY)Lukasz Karwowski(Austin,TX)hack my business&amp;home IP address,DNS,computer hardware&amp;programs(memory,battery,wireless adapter,Windows Firewall,@Microsoft Essentials,	2.3611412
Wed Mar 31 19:24:47 +0000 2021	@JoeBiden @DOJ_EOIR @ScottMorrisonMP(Pt6)Ivette Acevedo(Bklyn,NY)Michelle Reed(LasVegas,NV)Rodney Nelson(Queens,NY)Lukasz Karwowski(Austin,TX)hack my business&amp;home IP address,DNS,computer hardware&amp;programs(memory,battery,wireless adapter,Windows Firewall,@Microsoft Essentials,	2.3611412
Thu Apr 08 23:07:57 +0000 2021	@JoeBiden @CISAManfra @ScottMorrisonMP(Pt6)Ivette Acevedo(Bklyn,NY)Michelle Reed(LasVegas,NV)Rodney Nelson(Queens,NY)Lukasz Karwowski(Austin,TX)hack my business&amp;home IP address,DNS,computer hardware&amp;programs(memory,battery,wireless adapter,Windows Firewall,@Microsoft Essentials,	2.3611412
Mon Apr 05 01:36:06 +0000 2021	@JoeBiden @CivilRights @ScottMorrisonMP(Pt6)Ivette Acevedo(Bklyn,NY)Michelle Reed(LasVegas,NV)Rodney Nelson(Queens,NY)Lukasz Karwowski(Austin,TX)hack my business&amp;home IP address,DNS,computer hardware&amp;programs(memory,battery,wireless adapter,Windows Firewall,@Microsoft Essentials,	2.3611412
Tue Apr 06 22:10:36 +0000 2021	@POTUS @_DirectorWray @ScottMorrisonMP(Pt6)Ivette Acevedo(Bklyn,NY)Michelle Reed(LasVegas,NV)Rodney Nelson(Queens,NY)Lukasz Karwowski(Austin,TX)hack my business&amp;home IP address,DNS,computer hardware&amp;programs(memory,battery,wireless adapter,Windows Firewall,@Microsoft Essentials,	2.3611412
Sat Apr 03 21:26:45 +0000 2021	@JoeBiden @WhiteHouse @ScottMorrisonMP(Pt6)Ivette Acevedo(Bklyn,NY)Michelle Reed(LasVegas,NV)Rodney Nelson(Queens,NY)Lukasz Karwowski(Austin,TX)hack my business&amp;home IP address,DNS,computer hardware&amp;programs(memory,battery,wireless adapter,Windows Firewall,@Microsoft Essentials,	2.3611412
Sat Apr 03 04:36:05 +0000 2021	@POTUS @FBIAgentsAssoc @ScottMorrisonMP(Pt6)Ivette Acevedo(Bklyn,NY)Michelle Reed(LasVegas,NV)Rodney Nelson(Queens,NY)Lukasz Karwowski(Austin,TX)hack my business&amp;home IP address,DNS,computer hardware&amp;programs(memory,battery,wireless adapter,Windows Firewall,@Microsoft Essentials,	2.3611412
Fri Apr 09 22:28:18 +0000 2021	@POTUS @TheJusticeDept @ScottMorrisonMP(Pt6)Ivette Acevedo(Bklyn,NY)Michelle Reed(LasVegas,NV)Rodney Nelson(Queens,NY)Lukasz Karwowski(Austin,TX)hack my business&amp;home IP address,DNS,computer hardware&amp;programs(memory,battery,wireless adapter,Windows Firewall,@Microsoft Essentials,	2.3611412
Thu Apr 08 10:29:49 +0000 2021	"@EU_Commission Unless of course your Australia where they had 3.1m doses blocked again @ScottMorrisonMP @SkyNewsAust &amp; where one of your biggest #msm mouthpieces @POLITICOEurope ran an article saying ""The eu has blocked exports in all but name"".. &amp; within Europe, nations are turning to Sputnik"	2.2929997
Fri Apr 09 02:53:58 +0000 2021	@BorisJohnson #ShameOnYou @ScottMorrisonMP @PeterDutton_MP @AlanTudgeMP @DanTehanWannon @AlexHawkeMP @JoshFrydenberg and the #federalgovernment of #Australia. Look at the great PM @BorisJohnson @9NewsAUS @ABC @BBCWorld @cnni	2.1536028
Fri Apr 02 11:58:52 +0000 2021	@WhiteHouse, @barackobama, @theresa_may, @qe2, @abeshinzo, @jack, @turnbullmalcolm, @ScottMorrisonMP, @EPN, @JustinTrudeau, @NorthKoreaKimJU, @VladimirPutiny Peter-Getner(get-her) and peter-clones is a cannibal-type prob;em	2.0987139
Fri Apr 02 15:18:54 +0000 2021	@POTUS @JustinTrudeau @ScottMorrisonMP @KamalaHarris @HumanRightsCtte @TanDhesi @ClaudiaWebbe @PreetKGillMP @UzraZeya @UNHumanRights @UN_HRC @mehdirhasan @BBCWorld @ABC @CBCNews @CBSNews @euronews now I think u guys can understand ur modi friend.millions ppl blood on his hand	2.068831
Wed Apr 07 05:18:44 +0000 2021	@POTUS @DameEmpress @ScottMorrisonMP @GregHuntMP Bredan Murphy @AlanTudgeMP @D_LittleproudMP Michael McCormack How say you all? A president taking charge and a PM pretender's dog mess. #negligent #fraudulent #criminal	2.0465527
Mon Apr 05 16:20:43 +0000 2021	@POTUS @SecBlinken @SpeakerPelosi @mikepompeo @JustinTrudeau @ScottMorrisonMP @BorisJohnson    Do you want to know the facts, which all the time have been ignored by you and your manipulated media, ?	2.0465527
Mon Apr 05 21:35:48 +0000 2021	@WhiteHouse, @barackobama, @theresa_may, @qe2, @abeshinzo, @jack, @turnbullmalcolm, @ScottMorrisonMP, @EPN, @JustinTrudeau, @NorthKoreaKimJU, @vladimirputin  cont making them competitive, unnecessarily aggressive, very sexual &amp;DISRESPECTFUL of others personal space boundaries	1.9747211
Wed Apr 07 04:14:01 +0000 2021	@narendramodi @JoeBiden @KremlinRussia_E @BorisJohnson @jairbolsonaro @ScottMorrisonMP @JPN_PMO @EmmanuelMacron @AqngelaMerkeICDU PAKISTAN IS NOT A FRIEND OF AMERICA AS HE IS VERY CLOSE TO CRUEL CHINA,THAT’S WHY HE NEVER QUESTIONED TO CHINA ON HIS CRUELITY ON UIGHUR MUSLIMS!🙏🏻🙏🏻	1.9122212
Sat Apr 03 09:49:23 +0000 2021	@PMOIndia @rashtrapatibhvn @HMOIndia @RSSorg @JoeBiden @netanyahu @KremlinRussia @ScottMorrisonMP @EmmanuelMacron @JustinTrudeau  World leader need to listen it. Act against them and save humanity Most of people give shields to Islamist extremists inspite of their inhuman act	1.8614924
Tue Apr 06 00:24:40 +0000 2021	@JoeBiden @WHCommsDir @ScottMorrisonMP(Pt7)Graphics,SwannView+,LinksysConnect,@ARRIS DSL modem,Edge,phone apps(@gmail,@Zemana,Messages,Chrome,Hangouts,PFVoicemail+,Boldbeast call recorder,@SamsungMobile keyboard,My Files&amp;Notes,Package Disabler Pro,Phone,Call Settings,	1.8166904
Wed Mar 31 04:29:15 +0000 2021	@POTUS @StateDeptSpox @ScottMorrisonMP(Pt7)Graphics,SwannView+,LinksysConnect,@ARRIS DSL modem,Edge,phone apps(@gmail,@Zemana,Messages,Chrome,Hangouts,PFVoicemail+,Boldbeast call recorder,@SamsungMobile keyboard,My Files&amp;Notes,Package Disabler Pro,Phone,Call Settings,	1.8166904
Wed Mar 31 19:32:50 +0000 2021	@JoeBiden @DOJ_EOIR @ScottMorrisonMP(Pt7)Graphics,SwannView+,LinksysConnect,@ARRIS DSL modem,Edge,phone apps(@gmail,@Zemana,Messages,Chrome,Hangouts,PFVoicemail+,Boldbeast call recorder,@SamsungMobile keyboard,My Files&amp;Notes,Package Disabler Pro,Phone,Call Settings,	1.8166904
Mon Apr 05 01:47:06 +0000 2021	@JoeBiden @CivilRights @ScottMorrisonMP(Pt7)Graphics,SwannView+,LinksysConnect,@ARRIS DSL modem,Edge,phone apps(@gmail,@Zemana,Messages,Chrome,Hangouts,PFVoicemail+,Boldbeast call recorder,@SamsungMobile keyboard,My Files&amp;Notes,Package Disabler Pro,Phone,Call Settings,	1.8166904
Tue Apr 06 22:46:41 +0000 2021	@POTUS @_DirectorWray @ScottMorrisonMP(Pt7)Graphics,SwannView+,LinksysConnect,@ARRIS DSL modem,Edge,phone apps(@gmail,@Zemana,Messages,Chrome,Hangouts,PFVoicemail+,Boldbeast call recorder,@SamsungMobile keyboard,My Files&amp;Notes,Package Disabler Pro,Phone,Call Settings,	1.8166904
Sat Apr 03 21:45:47 +0000 2021	@JoeBiden @WhiteHouse @ScottMorrisonMP(Pt7)Graphics,SwannView+,LinksysConnect,@ARRIS DSL modem,Edge,phone apps(@gmail,@Zemana,Messages,Chrome,Hangouts,PFVoicemail+,Boldbeast call recorder,@SamsungMobile keyboard,My Files&amp;Notes,Package Disabler Pro,Phone,Call Settings,	1.8166904
Sat Apr 03 05:13:35 +0000 2021	@POTUS @FBIAgentsAssoc @ScottMorrisonMP(Pt7)Graphics,SwannView+,LinksysConnect,@ARRIS DSL modem,Edge,phone apps(@gmail,@Zemana,Messages,Chrome,Hangouts,PFVoicemail+,Boldbeast call recorder,@SamsungMobile keyboard,My Files&amp;Notes,Package Disabler Pro,Phone,Call Settings,	1.8166904
Fri Apr 09 22:39:32 +0000 2021	@POTUS @TheJusticeDept @ScottMorrisonMP(Pt7)Graphics,SwannView+,LinksysConnect,@ARRIS DSL modem,Edge,phone apps(@gmail,@Zemana,Messages,Chrome,Hangouts,PFVoicemail+,Boldbeast call recorder,@SamsungMobile keyboard,My Files&amp;Notes,Package Disabler Pro,Phone,Call Settings,	1.8166904
Thu Apr 08 23:40:50 +0000 2021	@JoeBiden @CISAManfra @ScottMorrisonMP(Pt7)Graphics,SwannView+,LinksysConnect,@ARRIS DSL modem,Edge,phone apps(@gmail,@Zemana,Messages,Chrome,Hangouts,PFVoicemail+,Boldbeast call recorder,@SamsungMobile keyboard,My Files&amp;Notes,Package Disabler Pro,Phone,Call Settings,	1.8166904
Sun Apr 04 00:23:54 +0000 2021	@JoeBiden @WhiteHouse @ScottMorrisonMP(Pt20)Delores Randazzo(Staten Island,NY),Ivan Estevez,Frances Gardner(Bklyn,NY)Ivette Acevedo(Bklyn,NY)/@NYCSchools P311,Yendi Jordan @NYCSchools HR Connect,Michael Romano @NYCSchools PI Division&amp;Gretchen Lodderhose(Villejo,CA)to	1.7564492
Mon Apr 05 07:28:09 +0000 2021	@JoeBiden @CivilRights @ScottMorrisonMP(Pt20)Delores Randazzo(Staten Island,NY),Ivan Estevez,Frances Gardner(Bklyn,NY)Ivette Acevedo(Bklyn,NY)/@NYCSchools P311,Yendi Jordan @NYCSchools HR Connect,Michael Romano @NYCSchools PI Division&amp;Gretchen Lodderhose(Villejo,CA)to	1.7564492
Wed Mar 31 23:28:07 +0000 2021	@JoeBiden @DOJ_EOIR @ScottMorrisonMP(Pt20)Delores Randazzo(Staten Island,NY),Ivan Estevez,Frances Gardner(Bklyn,NY)Ivette Acevedo(Bklyn,NY)/@NYCSchools P311,Yendi Jordan @NYCSchools HR Connect,Michael Romano @NYCSchools PI Division&amp;Gretchen Lodderhose(Villejo,CA)to	1.7564492
Wed Mar 31 10:55:56 +0000 2021	@POTUS @StateDeptSpox @ScottMorrisonMP(Pt20)Delores Randazzo(Staten Island,NY),Ivan Estevez,Frances Gardner(Bklyn,NY)Ivette Acevedo(Bklyn,NY)/@NYCSchools P311,Yendi Jordan @NYCSchools HR Connect,Michael Romano @NYCSchools PI Division&amp;Gretchen Lodderhose(Villejo,CA)to	1.7564492
Fri Apr 09 03:14:13 +0000 2021	@JoeBiden @CISAManfra @ScottMorrisonMP(Pt20)Delores Randazzo(Staten Island,NY),Ivan Estevez,Frances Gardner(Bklyn,NY)Ivette Acevedo(Bklyn,NY)/@NYCSchools P311,Yendi Jordan @NYCSchools HR Connect,Michael Romano @NYCSchools PI Division&amp;Gretchen Lodderhose(Villejo,CA)to	1.7564492
Sat Apr 03 15:47:03 +0000 2021	@POTUS @FBIAgentsAssoc @ScottMorrisonMP(Pt20)Delores Randazzo(Staten Island,NY),Ivan Estevez,Frances Gardner(Bklyn,NY)Ivette Acevedo(Bklyn,NY)/@NYCSchools P311,Yendi Jordan @NYCSchools HR Connect,Michael Romano @NYCSchools PI Division&amp;Gretchen Lodderhose(Villejo,CA)to	1.7564492
Sat Apr 10 02:31:20 +0000 2021	@POTUS @TheJusticeDept @ScottMorrisonMP(Pt20)Delores Randazzo(Staten Island,NY),Ivan Estevez,Frances Gardner(Bklyn,NY)Ivette Acevedo(Bklyn,NY)/@NYCSchools P311,Yendi Jordan @NYCSchools HR Connect,Michael Romano @NYCSchools PI Division&amp;Gretchen Lodderhose(Villejo,CA)to	1.7564492
Wed Apr 07 02:37:42 +0000 2021	@POTUS @_DirectorWray @ScottMorrisonMP(Pt20)Delores Randazzo(Staten Island,NY),Ivan Estevez,Frances Gardner(Bklyn,NY)Ivette Acevedo(Bklyn,NY)/@NYCSchools P311,Yendi Jordan @NYCSchools HR Connect,Michael Romano @NYCSchools PI Division&amp;Gretchen Lodderhose(Villejo,CA)to	1.7564492
Tue Apr 06 03:27:35 +0000 2021	@JoeBiden @WHCommsDir @ScottMorrisonMP(Pt20)Delores Randazzo(Staten Island,NY),Ivan Estevez,Frances Gardner(Bklyn,NY)Ivette Acevedo(Bklyn,NY)/@NYCSchools P311,Yendi Jordan @NYCSchools HR Connect,Michael Romano @NYCSchools PI Division&amp;Gretchen Lodderhose(Villejo,CA)to	1.7564492
Fri Apr 02 12:06:35 +0000 2021	@potus @EUMyanmar @BorisJohnson @ScottMorrisonMP @jacindaardern @JPN_PMO @TheBlueHouseENG @UN_HRC @UNLOPS @SchranerBurgen1 @SecBlinken #SaveMyanmar The poem from Burma The heartbroken bird Screamed loud&amp;clear Bcoz the world is deaf, lives were lost😢. We need help now https://t.co/bJs9qMOIVC	1.7184598
Wed Mar 31 11:48:25 +0000 2021	@POTUS @StateDeptSpox @ScottMorrisonMP(Pt22)Rubi Nunez,Arthur Matthews,Tamika Burns,Samuel Sr,Samuel Jr,Jonathan,Yolanda&amp;Jackie Echipare,Renee L Harris,Anna Condoulis,Richard Anderson,Gregory Blatto,Rodney Nelson,Scott Raccina,Anne Ferraro,Sean Dillon,Ben Aroyoko,Chantel Lewin,	1.7000749
Thu Apr 01 01:21:24 +0000 2021	@JoeBiden @DOJ_EOIR @ScottMorrisonMP(Pt22)Rubi Nunez,Arthur Matthews,Tamika Burns,Samuel Sr,Samuel Jr,Jonathan,Yolanda&amp;Jackie Echipare,Renee L Harris,Anna Condoulis,Richard Anderson,Gregory Blatto,Rodney Nelson,Scott Raccina,Anne Ferraro,Sean Dillon,Ben Aroyoko,Chantel Lewin,	1.7000749
Fri Apr 09 04:08:10 +0000 2021	@JoeBiden @CISAManfra @ScottMorrisonMP(Pt22)Rubi Nunez,Arthur Matthews,Tamika Burns,Samuel Sr,Samuel Jr,Jonathan,Yolanda&amp;Jackie Echipare,Renee L Harris,Anna Condoulis,Richard Anderson,Gregory Blatto,Rodney Nelson,Scott Raccina,Anne Ferraro,Sean Dillon,Ben Aroyoko,Chantel Lewin,	1.7000749
Mon Apr 05 07:59:10 +0000 2021	@JoeBiden @CivilRights @ScottMorrisonMP(Pt22)Rubi Nunez,Arthur Matthews,Tamika Burns,Samuel Sr,Samuel Jr,Jonathan,Yolanda&amp;Jackie Echipare,Renee L Harris,Anna Condoulis,Richard Anderson,Gregory Blatto,Rodney Nelson,Scott Raccina,Anne Ferraro,Sean Dillon,Ben Aroyoko,Chantel Lewin,	1.7000749
Sat Apr 03 17:11:41 +0000 2021	@POTUS @FBIAgentsAssoc @ScottMorrisonMP(Pt22)Rubi Nunez,Arthur Matthews,Tamika Burns,Samuel Sr,Samuel Jr,Jonathan,Yolanda&amp;Jackie Echipare,Renee L Harris,Anna Condoulis,Richard Anderson,Gregory Blatto,Rodney Nelson,Scott Raccina,Anne Ferraro,Sean Dillon,Ben Aroyoko,Chantel Lewin,	1.7000749
Sat Apr 10 02:49:42 +0000 2021	@POTUS @TheJusticeDept @ScottMorrisonMP(Pt22)Rubi Nunez,Arthur Matthews,Tamika Burns,Samuel Sr,Samuel Jr,Jonathan,Yolanda&amp;Jackie Echipare,Renee L Harris,Anna Condoulis,Richard Anderson,Gregory Blatto,Rodney Nelson,Scott Raccina,Anne Ferraro,Sean Dillon,Ben Aroyoko,Chantel Lewin,	1.7000749
Sun Apr 04 00:42:00 +0000 2021	@JoeBiden @WhiteHouse @ScottMorrisonMP(Pt22)Rubi Nunez,Arthur Matthews,Tamika Burns,Samuel Sr,Samuel Jr,Jonathan,Yolanda&amp;Jackie Echipare,Renee L Harris,Anna Condoulis,Richard Anderson,Gregory Blatto,Rodney Nelson,Scott Raccina,Anne Ferraro,Sean Dillon,Ben Aroyoko,Chantel Lewin,	1.7000749
Tue Apr 06 03:51:31 +0000 2021	@JoeBiden @WHCommsDir @ScottMorrisonMP(Pt22)Rubi Nunez,Arthur Matthews,Tamika Burns,Samuel Sr,Samuel Jr,Jonathan,Yolanda&amp;Jackie Echipare,Renee L Harris,Anna Condoulis,Richard Anderson,Gregory Blatto,Rodney Nelson,Scott Raccina,Anne Ferraro,Sean Dillon,Ben Aroyoko,Chantel Lewin,	1.7000749
Wed Apr 07 02:58:50 +0000 2021	@POTUS @_DirectorWray @ScottMorrisonMP(Pt22)Rubi Nunez,Arthur Matthews,Tamika Burns,Samuel Sr,Samuel Jr,Jonathan,Yolanda&amp;Jackie Echipare,Renee L Harris,Anna Condoulis,Richard Anderson,Gregory Blatto,Rodney Nelson,Scott Raccina,Anne Ferraro,Sean Dillon,Ben Aroyoko,Chantel Lewin,	1.7000749
Wed Mar 31 13:39:47 +0000 2021	@POTUS @StateDeptSpox @ScottMorrisonMP(Pt24)Josette Sprott,Thomas McElroy,Ivette Acevedo,Karen Szot,Marisa Murphy. The culprits are masking their IP address in order to get away with hacking my devices&amp;causing this sex scandal. Why hasn't @FBI placed ALL involved under arrest?	1.6644604
Thu Apr 01 01:51:41 +0000 2021	@JoeBiden @DOJ_EOIR @ScottMorrisonMP(Pt24)Josette Sprott,Thomas McElroy,Ivette Acevedo,Karen Szot,Marisa Murphy. The culprits are masking their IP address in order to get away with hacking my devices&amp;causing this sex scandal. Why hasn't @FBI placed ALL involved under arrest?	1.6644604
Fri Apr 09 04:35:23 +0000 2021	@JoeBiden @CISAManfra @ScottMorrisonMP(Pt24)Josette Sprott,Thomas McElroy,Ivette Acevedo,Karen Szot,Marisa Murphy. The culprits are masking their IP address in order to get away with hacking my devices&amp;causing this sex scandal. Why hasn't @FBI placed ALL involved under arrest?	1.6644604
Sun Apr 04 01:18:45 +0000 2021	@JoeBiden @WhiteHouse @ScottMorrisonMP(Pt24)Josette Sprott,Thomas McElroy,Ivette Acevedo,Karen Szot,Marisa Murphy. The culprits are masking their IP address in order to get away with hacking my devices&amp;causing this sex scandal. Why hasn't @FBI placed ALL involved under arrest?	1.6644604
Mon Apr 05 08:17:21 +0000 2021	@JoeBiden @CivilRights @ScottMorrisonMP(Pt24)Josette Sprott,Thomas McElroy,Ivette Acevedo,Karen Szot,Marisa Murphy. The culprits are masking their IP address in order to get away with hacking my devices&amp;causing this sex scandal. Why hasn't @FBI placed ALL involved under arrest?	1.6644604
Wed Apr 07 03:20:43 +0000 2021	@POTUS @_DirectorWray @ScottMorrisonMP(Pt24)Josette Sprott,Thomas McElroy,Ivette Acevedo,Karen Szot,Marisa Murphy. The culprits are masking their IP address in order to get away with hacking my devices&amp;causing this sex scandal. Why hasn't @FBI placed ALL involved under arrest?	1.6644604
Sat Apr 03 17:41:56 +0000 2021	@POTUS @FBIAgentsAssoc @ScottMorrisonMP(Pt24)Josette Sprott,Thomas McElroy,Ivette Acevedo,Karen Szot,Marisa Murphy. The culprits are masking their IP address in order to get away with hacking my devices&amp;causing this sex scandal. Why hasn't @FBI placed ALL involved under arrest?	1.6644604
Sat Apr 10 03:04:39 +0000 2021	@POTUS @TheJusticeDept @ScottMorrisonMP(Pt24)Josette Sprott,Thomas McElroy,Ivette Acevedo,Karen Szot,Marisa Murphy. The culprits are masking their IP address in order to get away with hacking my devices&amp;causing this sex scandal. Why hasn't @FBI placed ALL involved under arrest?	1.6644604
Tue Apr 06 04:16:31 +0000 2021	@JoeBiden @WHCommsDir @ScottMorrisonMP(Pt24)Josette Sprott,Thomas McElroy,Ivette Acevedo,Karen Szot,Marisa Murphy. The culprits are masking their IP address in order to get away with hacking my devices&amp;causing this sex scandal. Why hasn't @FBI placed ALL involved under arrest?	1.6644604
Tue Apr 06 02:12:49 +0000 2021	@JoeBiden @WHCommsDir @ScottMorrisonMP(Pt14)white female contacts in my phone with NY,NJ,CT,LA,CA,TX,MT phone numbers into custody until they confess they're consenting with ALL involved to have sex with people that are handpicked. ALL involved are lying&amp;using @FBI agents along	1.5975277
Wed Mar 31 05:54:40 +0000 2021	@POTUS @StateDeptSpox @ScottMorrisonMP(Pt14)white female contacts in my phone with NY,NJ,CT,LA,CA,TX,MT phone numbers into custody until they confess they're consenting with ALL involved to have sex with people that are handpicked. ALL involved are lying&amp;using @FBI agents along	1.5975277
Wed Mar 31 21:01:39 +0000 2021	@JoeBiden @DOJ_EOIR @ScottMorrisonMP(Pt14)white female contacts in my phone with NY,NJ,CT,LA,CA,TX,MT phone numbers into custody until they confess they're consenting with ALL involved to have sex with people that are handpicked. ALL involved are lying&amp;using @FBI agents along	1.5975277
Fri Apr 09 01:31:08 +0000 2021	@JoeBiden @CISAManfra @ScottMorrisonMP(Pt14)white female contacts in my phone with NY,NJ,CT,LA,CA,TX,MT phone numbers into custody until they confess they're consenting with ALL involved to have sex with people that are handpicked. ALL involved are lying&amp;using @FBI agents along	1.5975277
Mon Apr 05 03:54:17 +0000 2021	@JoeBiden @CivilRights @ScottMorrisonMP(Pt14)white female contacts in my phone with NY,NJ,CT,LA,CA,TX,MT phone numbers into custody until they confess they're consenting with ALL involved to have sex with people that are handpicked. ALL involved are lying&amp;using @FBI agents along	1.5975277
Wed Apr 07 01:20:24 +0000 2021	@POTUS @_DirectorWray @ScottMorrisonMP(Pt14)white female contacts in my phone with NY,NJ,CT,LA,CA,TX,MT phone numbers into custody until they confess they're consenting with ALL involved to have sex with people that are handpicked. ALL involved are lying&amp;using @FBI agents along	1.5975277
Sat Apr 03 09:45:21 +0000 2021	@POTUS @FBIAgentsAssoc @ScottMorrisonMP(Pt14)white female contacts in my phone with NY,NJ,CT,LA,CA,TX,MT phone numbers into custody until they confess they're consenting with ALL involved to have sex with people that are handpicked. ALL involved are lying&amp;using @FBI agents along	1.5975277
Sat Apr 03 23:20:11 +0000 2021	@JoeBiden @WhiteHouse @ScottMorrisonMP(Pt14)white female contacts in my phone with NY,NJ,CT,LA,CA,TX,MT phone numbers into custody until they confess they're consenting with ALL involved to have sex with people that are handpicked. ALL involved are lying&amp;using @FBI agents along	1.5975277
Sat Apr 10 01:25:11 +0000 2021	@POTUS @TheJusticeDept @ScottMorrisonMP(Pt14)white female contacts in my phone with NY,NJ,CT,LA,CA,TX,MT phone numbers into custody until they confess they're consenting with ALL involved to have sex with people that are handpicked. ALL involved are lying&amp;using @FBI agents along	1.5975277
Thu Apr 08 12:44:00 +0000 2021	@narendramodi @JoeBiden @KremlinRussia_E @BorisJohnson @jairbolsonaro @ScottMorrisonMP @JPN_PMO @EmmanuelMacron @AqngelaMerkeICDU PAKISTAN A PURE MUSLIM COUNTRY IS NOT EVEN A FRIEND OF INNOCENT UIGHUR MUSLIMS,THAT’S WHY PAK NEVER QUESTIONED,ON CHINESE CRUELITY ON UIGHUR MUSLIMS!!	0.0
Wed Mar 31 04:05:54 +0000 2021	@POTUS @StateDeptSpox @ScottMorrisonMP(Pt4)Renee L Harris(Yonkers,NY)Arthur Matthews(MtVernon,NY)Barry Abdoulaziz(NYC)@NYCSchools P311,Vaughan Coleman(Hollis,NY)@NYCSchools/@NYUSPS,Tamika Burns(Lagrangeville,NY)Deborah Lopez(Bronx,NY)Barry Watson @ArlingtonPD,Cris C Williams,	0.0
Sat Apr 10 10:41:05 +0000 2021	@PMOIndia @narendramodi @JoeBiden @ScottMorrisonMP @WHO where is corona now in modi rally for election shame on PM https://t.co/FyoBFb9e37	0.0
Sat Apr 10 19:14:16 +0000 2021	@JoeBiden @WHCommsDir @ScottMorrisonMP(Pt4)Renee L Harris(Yonkers,NY)Arthur Matthews(MtVernon,NY)Barry Abdoulaziz(NYC)@NYCSchools P311,Vaughan Coleman(Hollis,NY)@NYCSchools/@NYUSPS,Tamika Burns(Lagrangeville,NY)Deborah Lopez(Bronx,NY)Barry Watson @ArlingtonPD,Cris C Williams,	0.0
Wed Mar 31 16:30:27 +0000 2021	@JustinTrudeau @erinotoole @SecBlinken @POTUS @JPN_PMO @ScottMorrisonMP  hola pls confirm which one is you! https://t.co/3E3ROWEfZX	0.0
Thu Apr 08 22:31:57 +0000 2021	@JoeBiden @CISAManfra @ScottMorrisonMP(Pt4)Renee L Harris(Yonkers,NY)Arthur Matthews(MtVernon,NY)Barry Abdoulaziz(NYC)@NYCSchools P311,Vaughan Coleman(Hollis,NY)@NYCSchools/@NYUSPS,Tamika Burns(Lagrangeville,NY)Deborah Lopez(Bronx,NY)Barry Watson @ArlingtonPD,Cris C Williams,	0.0
Mon Apr 05 00:56:18 +0000 2021	@JoeBiden @CivilRights @ScottMorrisonMP(Pt4)Renee L Harris(Yonkers,NY)Arthur Matthews(MtVernon,NY)Barry Abdoulaziz(NYC)@NYCSchools P311,Vaughan Coleman(Hollis,NY)@NYCSchools/@NYUSPS,Tamika Burns(Lagrangeville,NY)Deborah Lopez(Bronx,NY)Barry Watson @ArlingtonPD,Cris C Williams,	0.0
Tue Apr 06 21:55:03 +0000 2021	@POTUS @_DirectorWray @ScottMorrisonMP(Pt4)Renee L Harris(Yonkers,NY)Arthur Matthews(MtVernon,NY)Barry Abdoulaziz(NYC)@NYCSchools P311,Vaughan Coleman(Hollis,NY)@NYCSchools/@NYUSPS,Tamika Burns(Lagrangeville,NY)Deborah Lopez(Bronx,NY)Barry Watson @ArlingtonPD,Cris C Williams,	0.0
Wed Apr 07 01:50:58 +0000 2021	@thepmo @ScottMorrisonMP this is you	0.0
Wed Apr 07 00:09:18 +0000 2021	@POTUS @ScottMorrisonMP Maybe time for a phone call to ask how to do it	0.0
Sat Apr 03 20:57:47 +0000 2021	@JoeBiden @WhiteHouse @ScottMorrisonMP(Pt4)Renee L Harris(Yonkers,NY)Arthur Matthews(MtVernon,NY)Barry Abdoulaziz(NYC)@NYCSchools P311,Vaughan Coleman(Hollis,NY)@NYCSchools/@NYUSPS,Tamika Burns(Lagrangeville,NY)Deborah Lopez(Bronx,NY)Barry Watson @ArlingtonPD,Cris C Williams,	0.0
Sat Apr 03 03:17:51 +0000 2021	@POTUS @FBIAgentsAssoc @ScottMorrisonMP(Pt4)Renee L Harris(Yonkers,NY)Arthur Matthews(MtVernon,NY)Barry Abdoulaziz(NYC)@NYCSchools P311,Vaughan Coleman(Hollis,NY)@NYCSchools/@NYUSPS,Tamika Burns(Lagrangeville,NY)Deborah Lopez(Bronx,NY)Barry Watson @ArlingtonPD,Cris C Williams,	0.0
Sat Apr 03 02:21:40 +0000 2021	@chinascio is at it again @MarkMcGowanMP  @ScottMorrisonMP  #wapol #auspol	0.0
Thu Apr 08 06:19:39 +0000 2021	@PMOIndia @POTUS @EmmanuelMacron @KremlinRussia_E @POTEIR @BorisJohnson @JPN_PMO @thepmo @globaltimesnews .......When are you going to NUKE CHINA?.....THE WORLD IS FED UP OF THESE BLOODY 'chinese virus'.	0.0
Wed Apr 07 23:02:06 +0000 2021	@thepmo Morrison has called a media conference with Cash.....more lies !	0.0
Fri Apr 02 11:58:01 +0000 2021	@WhiteHouse, @barackobama, @theresa_may, @qe2, @abeshinzo, @jack, @turnbullmalcolm, @ScottMorrisonMP, @EPN, @JustinTrudeau, @NorthKoreaKimJU, @vladimirputin Tony Robbins is wee OK. Peter Getner(get-her) HUH	0.0
Wed Mar 31 18:29:37 +0000 2021	@JoeBiden @DOJ_EOIR @ScottMorrisonMP(Pt4)Renee L Harris(Yonkers,NY)Arthur Matthews(MtVernon,NY)Barry Abdoulaziz(NYC)@NYCSchools P311,Vaughan Coleman(Hollis,NY)@NYCSchools/@NYUSPS,Tamika Burns(Lagrangeville,NY)Deborah Lopez(Bronx,NY)Barry Watson @ArlingtonPD,Cris C Williams,	0.0
Fri Apr 09 21:50:23 +0000 2021	@POTUS @TheJusticeDept @ScottMorrisonMP(Pt4)Renee L Harris(Yonkers,NY)Arthur Matthews(MtVernon,NY)Barry Abdoulaziz(NYC)@NYCSchools P311,Vaughan Coleman(Hollis,NY)@NYCSchools/@NYUSPS,Tamika Burns(Lagrangeville,NY)Deborah Lopez(Bronx,NY)Barry Watson @ArlingtonPD,Cris C Williams,	0.0
Fri Apr 09 22:06:52 +0000 2021	@POTUS @JonesHowdareyou Tell this @ScottMorrisonMP, please! He does not have a clue at all. Sincerely, many Australians.	0.0
Thu Apr 08 19:48:09 +0000 2021	@thepmo You need to reset the timer on your computing gear It’s giving your constant stream of lies away He did not only receive this info at 7.00pm unless he’s a time traveller https://t.co/ezHMjvT6Tx	0.0
Mon Apr 05 21:38:37 +0000 2021	@WhiteHouse, @barackobama, @theresa_may, @qe2, @abeshinzo, @jack, @turnbullmalcolm, @ScottMorrisonMP, @EPN, @JustinTrudeau, @NorthKoreaKimJU, @vladimirputin  Phew ..... Oh, a guy from an agricultural co-op ... see @saloveisall	0.0
Wed Apr 07 05:04:05 +0000 2021	@POTUS Hey @ScottMorrisonMP #ExtractTheDigit you are letting down Australians as the US powers ahead in its #vaccinerollout	0.0
Wed Apr 07 04:17:43 +0000 2021	@narendramodi @JoeBiden @KremlinRussia_E @BorisJohnson @jairbolsonaro @ScottMorrisonMP @JPN_PMO @EmmanuelMacron @AqngelaMerkeICDU PAKISTAN A MUSLIM COUNTRY IS NOT EVEN A FRIEN OF INNOCENT UIGHUR MUSLIMS THAT’S WHY PAK NEVER QUESTION,ON CHINESE CRUELITY ON UIGHUR MUSLIMS!🙏🏻🙏🏻	0.0
