created_at	text	_score
Mon Apr 05 18:40:49 +0000 2021	@narendramodi @PMOIndia @netanyahu @IsraeliPM @JPN_PMO @sugawitter @konotaromp @adgpi @DRDO_India @ScottMorrisonMP @MarisePayne @DrRonMalka   As the U.S. government considers new measures to secure the information and communications technology and services supply chain	132.30612
Tue Apr 06 09:06:24 +0000 2021	@sugawitter @kantei @ScottMorrisonMP @MarisePayne @lindareynoldswa  @narendramodi @netanyahu @DrRonMalka @BorisJohnson @pritipatel @konotaromp @EmmanuelMacron  1 strongest bonds between nations are trade financial  economic bonds   dependencies between nations are energy manpower	112.60981
Thu Apr 08 19:04:20 +0000 2021	@POTUS @JustinTrudeau @CDUMerkel @EmmanuelMacron @ScottMorrisonMP CO2 @ +420 PPM, requires Paris signatures adopt a non-GHG based economy, to restrict #Methane, #SulfurHexafluoride, #HFCs &amp; other heat trapping gases, as fast as a Covid vaccine was found. https://t.co/dRbQXoi83s	73.38523
Wed Apr 07 19:59:57 +0000 2021	@thepmo  Please help me sir....I want to be in your country want to make my life good and want to become a role to my friends..please help me sir....if don't believe me please call and confirm sir..8374521463.. Please help me its make you good in front of whole world..help me sir	63.740063
Wed Mar 31 01:48:50 +0000 2021	This evening, will be taking part in the First Quad Leaders’ Virtual Summit with @POTUS @JoeBiden, PM @ScottMorrisonMP and PM @sugawitter. The Summit will provide an opportunity to discuss a wide range of regional and global issues of shared interest.	49.43467
Thu Apr 01 13:28:56 +0000 2021	Connected by the Indian Ocean, united by the Indian Samosa!  Looks delicious, PM @ScottMorrisonMP!   Once we achieve a decisive victory against COVID-19, we will enjoy the Samosas together.   Looking forward to our video meet on the 4th.	47.643745
Mon Apr 05 07:53:53 +0000 2021	Connected by the Indian Ocean, united by the Indian Samosa!  Looks delicious, PM @ScottMorrisonMP!   Once we achieve a decisive victory against COVID-19, we will enjoy the Samosas together.   Looking forward to our video meet on the 4th.	47.643745
Sat Apr 03 08:46:04 +0000 2021	@sugawitter @konotaromp @narendramodi @adgpi @DRDO_India @PMOIndia @ScottMorrisonMP @MarisePayne @lindareynoldswa quad must realize the importance of building own innovation hub quad centric research and development manufacturing programs developing own telent pool even https://t.co/dVH7nVLEtd	37.594902
Thu Apr 08 23:20:29 +0000 2021	@JoeBiden @ScottMorrisonMP @elonmusk @Thebuttsmarn It's time for change. We live in a world of disgrace, A darkened world only known in fictional texts, The future is dark, We're holding onto things that are just lingering on, that are unnecessary, like religion,  war.	33.42378
Tue Apr 06 01:45:29 +0000 2021	Had fruitful discussions with @POTUS @JoeBiden, PM @ScottMorrisonMP and PM @sugawitter at the 1st Quad Summit.   Reiterated India’s commitment to a free, open and inclusive Indo-Pacific in line with our vision of SAGAR - Security and Growth for All in the Region.	27.84185
Thu Apr 01 09:19:26 +0000 2021	Had fruitful discussions with @POTUS @JoeBiden, PM @ScottMorrisonMP and PM @sugawitter at the 1st Quad Summit.   Reiterated India’s commitment to a free, open and inclusive Indo-Pacific in line with our vision of SAGAR - Security and Growth for All in the Region.	27.84185
Thu Apr 01 01:08:49 +0000 2021	Had fruitful discussions with @POTUS @JoeBiden, PM @ScottMorrisonMP and PM @sugawitter at the 1st Quad Summit.   Reiterated India’s commitment to a free, open and inclusive Indo-Pacific in line with our vision of SAGAR - Security and Growth for All in the Region.	27.84185
Thu Apr 01 17:54:21 +0000 2021	Had fruitful discussions with @POTUS @JoeBiden, PM @ScottMorrisonMP and PM @sugawitter at the 1st Quad Summit.   Reiterated India’s commitment to a free, open and inclusive Indo-Pacific in line with our vision of SAGAR - Security and Growth for All in the Region.	27.84185
Thu Apr 01 17:35:59 +0000 2021	Had fruitful discussions with @POTUS @JoeBiden, PM @ScottMorrisonMP and PM @sugawitter at the 1st Quad Summit.   Reiterated India’s commitment to a free, open and inclusive Indo-Pacific in line with our vision of SAGAR - Security and Growth for All in the Region.	27.84185
Thu Apr 08 16:17:45 +0000 2021	Had fruitful discussions with @POTUS @JoeBiden, PM @ScottMorrisonMP and PM @sugawitter at the 1st Quad Summit.   Reiterated India’s commitment to a free, open and inclusive Indo-Pacific in line with our vision of SAGAR - Security and Growth for All in the Region.	27.84185
Sun Apr 04 08:58:37 +0000 2021	Had fruitful discussions with @POTUS @JoeBiden, PM @ScottMorrisonMP and PM @sugawitter at the 1st Quad Summit.   Reiterated India’s commitment to a free, open and inclusive Indo-Pacific in line with our vision of SAGAR - Security and Growth for All in the Region.	27.84185
Sun Apr 04 13:34:46 +0000 2021	Had fruitful discussions with @POTUS @JoeBiden, PM @ScottMorrisonMP and PM @sugawitter at the 1st Quad Summit.   Reiterated India’s commitment to a free, open and inclusive Indo-Pacific in line with our vision of SAGAR - Security and Growth for All in the Region.	27.84185
Fri Apr 02 11:44:58 +0000 2021	Had fruitful discussions with @POTUS @JoeBiden, PM @ScottMorrisonMP and PM @sugawitter at the 1st Quad Summit.   Reiterated India’s commitment to a free, open and inclusive Indo-Pacific in line with our vision of SAGAR - Security and Growth for All in the Region.	27.84185
Fri Apr 02 09:24:40 +0000 2021	Had fruitful discussions with @POTUS @JoeBiden, PM @ScottMorrisonMP and PM @sugawitter at the 1st Quad Summit.   Reiterated India’s commitment to a free, open and inclusive Indo-Pacific in line with our vision of SAGAR - Security and Growth for All in the Region.	27.84185
Mon Apr 05 15:04:53 +0000 2021	Had fruitful discussions with @POTUS @JoeBiden, PM @ScottMorrisonMP and PM @sugawitter at the 1st Quad Summit.   Reiterated India’s commitment to a free, open and inclusive Indo-Pacific in line with our vision of SAGAR - Security and Growth for All in the Region.	27.84185
Mon Apr 05 08:59:53 +0000 2021	@JoeBiden @CivilRights @ScottMorrisonMP(Pt26)The names mentioned in the previous tweets are the people responsible for this scandal. The people who are hacking my devices(computers,modem,phone,video game systems,car,electricity,water,bank&amp;credit card accounts are blaming each	27.47165
Wed Mar 31 17:23:50 +0000 2021	@POTUS @StateDeptSpox @ScottMorrisonMP(Pt26)The names mentioned in the previous tweets are the people responsible for this scandal. The people who are hacking my devices(computers,modem,phone,video game systems,car,electricity,water,bank&amp;credit card accounts are blaming each	27.47165
Thu Apr 01 02:41:20 +0000 2021	@JoeBiden @DOJ_EOIR @ScottMorrisonMP(Pt26)The names mentioned in the previous tweets are the people responsible for this scandal. The people who are hacking my devices(computers,modem,phone,video game systems,car,electricity,water,bank&amp;credit card accounts are blaming each	27.47165
Fri Apr 09 05:27:32 +0000 2021	@JoeBiden @CISAManfra @ScottMorrisonMP(Pt26)The names mentioned in the previous tweets are the people responsible for this scandal. The people who are hacking my devices(computers,modem,phone,video game systems,car,electricity,water,bank&amp;credit card accounts are blaming each	27.47165
Sun Apr 04 01:35:45 +0000 2021	@JoeBiden @WhiteHouse @ScottMorrisonMP(Pt26)The names mentioned in the previous tweets are the people responsible for this scandal. The people who are hacking my devices(computers,modem,phone,video game systems,car,electricity,water,bank&amp;credit card accounts are blaming each	27.47165
Wed Apr 07 04:09:25 +0000 2021	@POTUS @_DirectorWray @ScottMorrisonMP(Pt26)The names mentioned in the previous tweets are the people responsible for this scandal. The people who are hacking my devices(computers,modem,phone,video game systems,car,electricity,water,bank&amp;credit card accounts are blaming each	27.47165
Sat Apr 03 18:41:05 +0000 2021	@POTUS @FBIAgentsAssoc @ScottMorrisonMP(Pt26)The names mentioned in the previous tweets are the people responsible for this scandal. The people who are hacking my devices(computers,modem,phone,video game systems,car,electricity,water,bank&amp;credit card accounts are blaming each	27.47165
Sat Apr 10 03:39:36 +0000 2021	@POTUS @TheJusticeDept @ScottMorrisonMP(Pt26)The names mentioned in the previous tweets are the people responsible for this scandal. The people who are hacking my devices(computers,modem,phone,video game systems,car,electricity,water,bank&amp;credit card accounts are blaming each	27.47165
Tue Apr 06 04:33:20 +0000 2021	@JoeBiden @WHCommsDir @ScottMorrisonMP(Pt26)The names mentioned in the previous tweets are the people responsible for this scandal. The people who are hacking my devices(computers,modem,phone,video game systems,car,electricity,water,bank&amp;credit card accounts are blaming each	27.47165
Tue Apr 06 01:10:14 +0000 2021	@JoeBiden @WHCommsDir @ScottMorrisonMP(Pt11)@Equifax,@TransUnion credit reports&amp;Henderson,NV street cameras. ALL involved are hacking my devices to cause a sex scandal with the white female contacts in my phone&amp; @Facebook contacts,read my emails,documents;recruit people I've	24.7226
Wed Mar 31 20:22:25 +0000 2021	@JoeBiden @DOJ_EOIR @ScottMorrisonMP(Pt11)@Equifax,@TransUnion credit reports&amp;Henderson,NV street cameras. ALL involved are hacking my devices to cause a sex scandal with the white female contacts in my phone&amp; @Facebook contacts,read my emails,documents;recruit people I've	24.7226
Wed Mar 31 05:10:06 +0000 2021	@POTUS @StateDeptSpox @ScottMorrisonMP(Pt11)@Equifax,@TransUnion credit reports&amp;Henderson,NV street cameras. ALL involved are hacking my devices to cause a sex scandal with the white female contacts in my phone&amp; @Facebook contacts,read my emails,documents;recruit people I've	24.7226
Fri Apr 09 01:05:07 +0000 2021	@JoeBiden @CISAManfra @ScottMorrisonMP(Pt11)@Equifax,@TransUnion credit reports&amp;Henderson,NV street cameras. ALL involved are hacking my devices to cause a sex scandal with the white female contacts in my phone&amp; @Facebook contacts,read my emails,documents;recruit people I've	24.7226
Mon Apr 05 03:28:33 +0000 2021	@JoeBiden @CivilRights @ScottMorrisonMP(Pt11)@Equifax,@TransUnion credit reports&amp;Henderson,NV street cameras. ALL involved are hacking my devices to cause a sex scandal with the white female contacts in my phone&amp; @Facebook contacts,read my emails,documents;recruit people I've	24.7226
Sat Apr 03 08:37:35 +0000 2021	@POTUS @FBIAgentsAssoc @ScottMorrisonMP(Pt11)@Equifax,@TransUnion credit reports&amp;Henderson,NV street cameras. ALL involved are hacking my devices to cause a sex scandal with the white female contacts in my phone&amp; @Facebook contacts,read my emails,documents;recruit people I've	24.7226
Wed Apr 07 00:43:26 +0000 2021	@POTUS @_DirectorWray @ScottMorrisonMP(Pt11)@Equifax,@TransUnion credit reports&amp;Henderson,NV street cameras. ALL involved are hacking my devices to cause a sex scandal with the white female contacts in my phone&amp; @Facebook contacts,read my emails,documents;recruit people I've	24.7226
Sat Apr 03 22:48:05 +0000 2021	@JoeBiden @WhiteHouse @ScottMorrisonMP(Pt11)@Equifax,@TransUnion credit reports&amp;Henderson,NV street cameras. ALL involved are hacking my devices to cause a sex scandal with the white female contacts in my phone&amp; @Facebook contacts,read my emails,documents;recruit people I've	24.7226
Sat Apr 10 00:51:57 +0000 2021	@POTUS @TheJusticeDept @ScottMorrisonMP(Pt11)@Equifax,@TransUnion credit reports&amp;Henderson,NV street cameras. ALL involved are hacking my devices to cause a sex scandal with the white female contacts in my phone&amp; @Facebook contacts,read my emails,documents;recruit people I've	24.7226
Mon Apr 05 22:18:00 +0000 2021	@WhiteHouse, @barackobama, @theresa_may, @qe2, @abeshinzo, @jack, @turnbullmalcolm, @ScottMorrisonMP, @EPN, @JustinTrudeau, @NorthKoreaKimJU, @vladimirputin  HELP for those with high levels of animal hormone, found from SAPDC (South African Pharmaceutical Development Corporation)	22.210457
Sat Apr 10 20:25:22 +0000 2021	@JoeBiden @WHCommsDir @ScottMorrisonMP(Pt10)@Citi,@eBay,@amazon,@Twitter,@bbva,@Microsoft,@Outlook,@SocialSecurity,@UHC,@Toyota,@WellsFargo,@storamerica,@GenesisFS1,@PayPal,@NVEnergy,@WesternUnion,@sprint,Fitness19(Henderson,NV)@USAA accts;@Marriott hotels;@Experian_US,	22.107052
Wed Mar 31 04:54:48 +0000 2021	@POTUS @StateDeptSpox @ScottMorrisonMP(Pt10)@Citi,@eBay,@amazon,@Twitter,@bbva,@Microsoft,@Outlook,@SocialSecurity,@UHC,@Toyota,@WellsFargo,@storamerica,@GenesisFS1,@PayPal,@NVEnergy,@WesternUnion,@sprint,Fitness19(Henderson,NV)@USAA accts;@Marriott hotels;@Experian_US,	22.107052
Wed Mar 31 20:00:54 +0000 2021	@JoeBiden @DOJ_EOIR @ScottMorrisonMP(Pt10)@Citi,@eBay,@amazon,@Twitter,@bbva,@Microsoft,@Outlook,@SocialSecurity,@UHC,@Toyota,@WellsFargo,@storamerica,@GenesisFS1,@PayPal,@NVEnergy,@WesternUnion,@sprint,Fitness19(Henderson,NV)@USAA accts;@Marriott hotels;@Experian_US,	22.107052
Fri Apr 09 00:59:35 +0000 2021	@JoeBiden @CISAManfra @ScottMorrisonMP(Pt10)@Citi,@eBay,@amazon,@Twitter,@bbva,@Microsoft,@Outlook,@SocialSecurity,@UHC,@Toyota,@WellsFargo,@storamerica,@GenesisFS1,@PayPal,@NVEnergy,@WesternUnion,@sprint,Fitness19(Henderson,NV)@USAA accts;@Marriott hotels;@Experian_US,	22.107052
Mon Apr 05 03:23:32 +0000 2021	@JoeBiden @CivilRights @ScottMorrisonMP(Pt10)@Citi,@eBay,@amazon,@Twitter,@bbva,@Microsoft,@Outlook,@SocialSecurity,@UHC,@Toyota,@WellsFargo,@storamerica,@GenesisFS1,@PayPal,@NVEnergy,@WesternUnion,@sprint,Fitness19(Henderson,NV)@USAA accts;@Marriott hotels;@Experian_US,	22.107052
Wed Apr 07 00:33:43 +0000 2021	@POTUS @_DirectorWray @ScottMorrisonMP(Pt10)@Citi,@eBay,@amazon,@Twitter,@bbva,@Microsoft,@Outlook,@SocialSecurity,@UHC,@Toyota,@WellsFargo,@storamerica,@GenesisFS1,@PayPal,@NVEnergy,@WesternUnion,@sprint,Fitness19(Henderson,NV)@USAA accts;@Marriott hotels;@Experian_US,	22.107052
Sat Apr 03 22:28:30 +0000 2021	@JoeBiden @WhiteHouse @ScottMorrisonMP(Pt10)@Citi,@eBay,@amazon,@Twitter,@bbva,@Microsoft,@Outlook,@SocialSecurity,@UHC,@Toyota,@WellsFargo,@storamerica,@GenesisFS1,@PayPal,@NVEnergy,@WesternUnion,@sprint,Fitness19(Henderson,NV)@USAA accts;@Marriott hotels;@Experian_US,	22.107052
Sat Apr 03 06:16:18 +0000 2021	@POTUS @FBIAgentsAssoc @ScottMorrisonMP(Pt10)@Citi,@eBay,@amazon,@Twitter,@bbva,@Microsoft,@Outlook,@SocialSecurity,@UHC,@Toyota,@WellsFargo,@storamerica,@GenesisFS1,@PayPal,@NVEnergy,@WesternUnion,@sprint,Fitness19(Henderson,NV)@USAA accts;@Marriott hotels;@Experian_US,	22.107052
Fri Apr 09 23:06:12 +0000 2021	@POTUS @TheJusticeDept @ScottMorrisonMP(Pt10)@Citi,@eBay,@amazon,@Twitter,@bbva,@Microsoft,@Outlook,@SocialSecurity,@UHC,@Toyota,@WellsFargo,@storamerica,@GenesisFS1,@PayPal,@NVEnergy,@WesternUnion,@sprint,Fitness19(Henderson,NV)@USAA accts;@Marriott hotels;@Experian_US,	22.107052
Wed Mar 31 20:26:45 +0000 2021	@POTUS to fix US ageing bridges, roads, rail lines, utilities in climate focussed infrastructure spend.Anyone home @ScottMorrisonMP? #auspol	19.459444
Fri Apr 02 12:06:35 +0000 2021	@potus @EUMyanmar @BorisJohnson @ScottMorrisonMP @jacindaardern @JPN_PMO @TheBlueHouseENG @UN_HRC @UNLOPS @SchranerBurgen1 @SecBlinken #SaveMyanmar The poem from Burma The heartbroken bird Screamed loud&amp;clear Bcoz the world is deaf, lives were lost😢. We need help now https://t.co/bJs9qMOIVC	17.661217
Thu Apr 01 15:39:10 +0000 2021	@CyrilRamaphosa.  @johnkerry, @ScottMorrisonMP, @JonathanWNV @SEMARNAT_mx, @mevpr, &amp; @JapanGov — in the run up to #EarthDay, will you adopt ambitious climate commitments and get on track to meet #ParisAgreement targets before @COP26? #WorldRecoveryPlan	17.470816
Sat Apr 10 22:19:02 +0000 2021	@JoeBiden @un @IsraeliPM @EmmanuelMacron @HHShkMohd @ScottMorrisonMP @medwma @who @un  @narendramodi  @BBCWorld @ANI @AlJazeera  @nypost @KremlinRussia_E  @SouthAfrica @SEGA_Europe   Covid 19 is a man made destruction weapon. We have lost so many but no action against... https://t.co/SCuVhUSfWV	16.723675
Sat Apr 03 00:34:46 +0000 2021	@thepmo @ScottMorrisonMP @LiberalAus how did we go from front of the vaccine line to the back of the line. Will we even be vaccinated before 2023. I note u got your vaccination early. U are no leader. You are just a bullshit talker 2 keep your job. Fuck u and your Christianity	16.191843
Mon Apr 05 07:25:56 +0000 2021	@JoeBiden @KamalaHarris @WhiteHouse @VP @POTUS PLS TALK TO AU PM @ScottMorrisonMP   #Morrison REFUSES AU nRNA #COVIDvaccine  FORCE #Astrazenica onUS-ignore WARNINGS  VARIANT STRAINS ALREADY IN AU:AZ won't WORK @washingtonpost @Newyorkpost PREMIERS SAVED AU-PM/AZ OR NOTHING=KillUs	16.045694
Tue Apr 06 09:08:17 +0000 2021	@sugawitter @kantei @ScottMorrisonMP @MarisePayne @lindareynoldswa @narendramodi @netanyahu @DrRonMalka @BorisJohnson @pritipatel @konotaromp @EmmanuelMacron technologies resources security's intelligence @PMOIndia	14.496954
Sat Apr 10 20:05:40 +0000 2021	@JoeBiden @WHCommsDir @ScottMorrisonMP(Pt8)reicast,fpse,Contacts,n64oid,@Office,@waze,@GooglePlay,Drastic,AOD(Notify)Manager,@googlecalendar,Calculator,Gallery,Camera,@AdGuard,@lyft,SIM,phone battery,signal,graphics,externalSDcard,@Xbox One,@PlayStation 3 video game systems,	14.016647
Wed Mar 31 04:32:35 +0000 2021	@POTUS @StateDeptSpox @ScottMorrisonMP(Pt8)reicast,fpse,Contacts,n64oid,@Office,@waze,@GooglePlay,Drastic,AOD(Notify)Manager,@googlecalendar,Calculator,Gallery,Camera,@AdGuard,@lyft,SIM,phone battery,signal,graphics,externalSDcard,@Xbox One,@PlayStation 3 video game systems,	14.016647
Wed Mar 31 19:39:22 +0000 2021	@JoeBiden @DOJ_EOIR @ScottMorrisonMP(Pt8)reicast,fpse,Contacts,n64oid,@Office,@waze,@GooglePlay,Drastic,AOD(Notify)Manager,@googlecalendar,Calculator,Gallery,Camera,@AdGuard,@lyft,SIM,phone battery,signal,graphics,externalSDcard,@Xbox One,@PlayStation 3 video game systems,	14.016647
Fri Apr 09 00:35:47 +0000 2021	@JoeBiden @CISAManfra @ScottMorrisonMP(Pt8)reicast,fpse,Contacts,n64oid,@Office,@waze,@GooglePlay,Drastic,AOD(Notify)Manager,@googlecalendar,Calculator,Gallery,Camera,@AdGuard,@lyft,SIM,phone battery,signal,graphics,externalSDcard,@Xbox One,@PlayStation 3 video game systems,	14.016647
Mon Apr 05 01:59:02 +0000 2021	@JoeBiden @CivilRights @ScottMorrisonMP(Pt8)reicast,fpse,Contacts,n64oid,@Office,@waze,@GooglePlay,Drastic,AOD(Notify)Manager,@googlecalendar,Calculator,Gallery,Camera,@AdGuard,@lyft,SIM,phone battery,signal,graphics,externalSDcard,@Xbox One,@PlayStation 3 video game systems,	14.016647
Tue Apr 06 23:00:48 +0000 2021	@POTUS @_DirectorWray @ScottMorrisonMP(Pt8)reicast,fpse,Contacts,n64oid,@Office,@waze,@GooglePlay,Drastic,AOD(Notify)Manager,@googlecalendar,Calculator,Gallery,Camera,@AdGuard,@lyft,SIM,phone battery,signal,graphics,externalSDcard,@Xbox One,@PlayStation 3 video game systems,	14.016647
Sat Apr 03 21:56:14 +0000 2021	@JoeBiden @WhiteHouse @ScottMorrisonMP(Pt8)reicast,fpse,Contacts,n64oid,@Office,@waze,@GooglePlay,Drastic,AOD(Notify)Manager,@googlecalendar,Calculator,Gallery,Camera,@AdGuard,@lyft,SIM,phone battery,signal,graphics,externalSDcard,@Xbox One,@PlayStation 3 video game systems,	14.016647
Sat Apr 03 05:28:47 +0000 2021	@POTUS @FBIAgentsAssoc @ScottMorrisonMP(Pt8)reicast,fpse,Contacts,n64oid,@Office,@waze,@GooglePlay,Drastic,AOD(Notify)Manager,@googlecalendar,Calculator,Gallery,Camera,@AdGuard,@lyft,SIM,phone battery,signal,graphics,externalSDcard,@Xbox One,@PlayStation 3 video game systems,	14.016647
Fri Apr 09 22:58:19 +0000 2021	@POTUS @TheJusticeDept @ScottMorrisonMP(Pt8)reicast,fpse,Contacts,n64oid,@Office,@waze,@GooglePlay,Drastic,AOD(Notify)Manager,@googlecalendar,Calculator,Gallery,Camera,@AdGuard,@lyft,SIM,phone battery,signal,graphics,externalSDcard,@Xbox One,@PlayStation 3 video game systems,	14.016647
Mon Apr 05 19:11:04 +0000 2021	@JapanGov @NikkeiAsia @japannewstoday @POTUS @australian @BorisJohnson @ScottMorrisonMP @BILD  Chinese War  ships so easily entered Japanese waters, this is like rubbing salt into wounds. Great insult for Japan. Let's C wat QUAD DOES NOW!!Mere slogans?@globaltimesnews Walkd in.	13.469276
Thu Apr 08 19:48:09 +0000 2021	@thepmo You need to reset the timer on your computing gear It’s giving your constant stream of lies away He did not only receive this info at 7.00pm unless he’s a time traveller https://t.co/ezHMjvT6Tx	13.044462
Thu Apr 08 14:21:15 +0000 2021	@thepmo  Sir please reply Me....I need job in Australia in any cost....please help me..... 8374521463	12.802969
Sat Apr 10 00:59:06 +0000 2021	@POTUS @ScottMorrisonMP @AlboMP  Hey slowmo now the usa is going this way .Are you going fix our nbn(no bloody network) back to the original full fibre to the premises that labour started to impliment , then liberals screwed up .Then pat yourself on the back and say you did it.	11.723111
Tue Apr 06 01:35:46 +0000 2021	@JoeBiden @WHCommsDir @ScottMorrisonMP(Pt12)emailed&amp;text in order to have them assist in this hacking&amp;sex scandal. It's a shame @FBI refuse to place ALL who are hacking my devices to cause this sex scandal under arrest? If I committed these actions, I would be arrested by @FBI&amp;	11.317382
Wed Mar 31 20:36:29 +0000 2021	@JoeBiden @DOJ_EOIR @ScottMorrisonMP(Pt12)emailed&amp;text in order to have them assist in this hacking&amp;sex scandal. It's a shame @FBI refuse to place ALL who are hacking my devices to cause this sex scandal under arrest? If I committed these actions, I would be arrested by @FBI&amp;	11.317382
Wed Mar 31 05:17:44 +0000 2021	@POTUS @StateDeptSpox @ScottMorrisonMP(Pt12)emailed&amp;text in order to have them assist in this hacking&amp;sex scandal. It's a shame @FBI refuse to place ALL who are hacking my devices to cause this sex scandal under arrest? If I committed these actions, I would be arrested by @FBI&amp;	11.317382
Fri Apr 09 01:15:09 +0000 2021	@JoeBiden @CISAManfra @ScottMorrisonMP(Pt12)emailed&amp;text in order to have them assist in this hacking&amp;sex scandal. It's a shame @FBI refuse to place ALL who are hacking my devices to cause this sex scandal under arrest? If I committed these actions, I would be arrested by @FBI&amp;	11.317382
Mon Apr 05 03:33:26 +0000 2021	@JoeBiden @CivilRights @ScottMorrisonMP(Pt12)emailed&amp;text in order to have them assist in this hacking&amp;sex scandal. It's a shame @FBI refuse to place ALL who are hacking my devices to cause this sex scandal under arrest? If I committed these actions, I would be arrested by @FBI&amp;	11.317382
Wed Apr 07 00:47:37 +0000 2021	@POTUS @_DirectorWray @ScottMorrisonMP(Pt12)emailed&amp;text in order to have them assist in this hacking&amp;sex scandal. It's a shame @FBI refuse to place ALL who are hacking my devices to cause this sex scandal under arrest? If I committed these actions, I would be arrested by @FBI&amp;	11.317382
Sat Apr 03 23:03:22 +0000 2021	@JoeBiden @WhiteHouse @ScottMorrisonMP(Pt12)emailed&amp;text in order to have them assist in this hacking&amp;sex scandal. It's a shame @FBI refuse to place ALL who are hacking my devices to cause this sex scandal under arrest? If I committed these actions, I would be arrested by @FBI&amp;	11.317382
Sat Apr 03 08:55:18 +0000 2021	@POTUS @FBIAgentsAssoc @ScottMorrisonMP(Pt12)emailed&amp;text in order to have them assist in this hacking&amp;sex scandal. It's a shame @FBI refuse to place ALL who are hacking my devices to cause this sex scandal under arrest? If I committed these actions, I would be arrested by @FBI&amp;	11.317382
Sat Apr 10 01:02:10 +0000 2021	@POTUS @TheJusticeDept @ScottMorrisonMP(Pt12)emailed&amp;text in order to have them assist in this hacking&amp;sex scandal. It's a shame @FBI refuse to place ALL who are hacking my devices to cause this sex scandal under arrest? If I committed these actions, I would be arrested by @FBI&amp;	11.317382
Sun Apr 04 07:36:11 +0000 2021	@thepmo  TSSPDCL-Telangana state. While paying electricity bills through online,INB,Debit&amp;Credit cards,UPI the company is charging huge amount of commission for online payments. This is simply looting. On one side PM is encouraging digital &amp;on the other looting with extra chgs.	11.25178
Tue Mar 30 21:48:48 +0000 2021	@thepmo @kkeneally @AlboMP Ranked 85th in the world. Wait for Hunt and Morrison's excuses today. Pretty much will use the same excuses and spin they used following the Aged Care and Ruby Princess fails.	11.136399
Mon Apr 05 16:09:15 +0000 2021	"@POTUS @SecBlinken @SpeakerPelosi @mikepompeo @JustinTrudeau @ScottMorrisonMP @BorisJohnson Donald Trump and Mike Pompeo calling coronavirus the ""Chinese virus"" ""fueled anti-Asian hatred/sentiments"" early in the pandemic.  when the white instigators would be caught for justice?"	11.119629
Sat Apr 10 19:33:14 +0000 2021	@JoeBiden @WHCommsDir @ScottMorrisonMP(Pt5)Roman Kikta(Dallas,TX)Josette Sprott(NYC)Chantel Lewin(LithiaSprings,GA)Eric Serrano(Queens,NY)Ben Arokoyo(StatenIsland,NY)Cynthia Enamorado(LasVegas,NV)Hector Leon Lara Diaz Torre(Mexico)Sean Dillon(NYC)Marisa Murphy,Andy Gordon(CT),	10.476285
Wed Mar 31 04:13:19 +0000 2021	@POTUS @StateDeptSpox @ScottMorrisonMP(Pt5)Roman Kikta(Dallas,TX)Josette Sprott(NYC)Chantel Lewin(LithiaSprings,GA)Eric Serrano(Queens,NY)Ben Arokoyo(StatenIsland,NY)Cynthia Enamorado(LasVegas,NV)Hector Leon Lara Diaz Torre(Mexico)Sean Dillon(NYC)Marisa Murphy,Andy Gordon(CT),	10.476285
Wed Mar 31 18:49:36 +0000 2021	@JoeBiden @DOJ_EOIR @ScottMorrisonMP(Pt5)Roman Kikta(Dallas,TX)Josette Sprott(NYC)Chantel Lewin(LithiaSprings,GA)Eric Serrano(Queens,NY)Ben Arokoyo(StatenIsland,NY)Cynthia Enamorado(LasVegas,NV)Hector Leon Lara Diaz Torre(Mexico)Sean Dillon(NYC)Marisa Murphy,Andy Gordon(CT),	10.476285
Mon Apr 05 01:24:31 +0000 2021	@JoeBiden @CivilRights @ScottMorrisonMP(Pt5)Roman Kikta(Dallas,TX)Josette Sprott(NYC)Chantel Lewin(LithiaSprings,GA)Eric Serrano(Queens,NY)Ben Arokoyo(StatenIsland,NY)Cynthia Enamorado(LasVegas,NV)Hector Leon Lara Diaz Torre(Mexico)Sean Dillon(NYC)Marisa Murphy,Andy Gordon(CT),	10.476285
Tue Apr 06 22:00:16 +0000 2021	@POTUS @_DirectorWray @ScottMorrisonMP(Pt5)Roman Kikta(Dallas,TX)Josette Sprott(NYC)Chantel Lewin(LithiaSprings,GA)Eric Serrano(Queens,NY)Ben Arokoyo(StatenIsland,NY)Cynthia Enamorado(LasVegas,NV)Hector Leon Lara Diaz Torre(Mexico)Sean Dillon(NYC)Marisa Murphy,Andy Gordon(CT),	10.476285
Sat Apr 03 04:07:50 +0000 2021	@POTUS @FBIAgentsAssoc @ScottMorrisonMP(Pt5)Roman Kikta(Dallas,TX)Josette Sprott(NYC)Chantel Lewin(LithiaSprings,GA)Eric Serrano(Queens,NY)Ben Arokoyo(StatenIsland,NY)Cynthia Enamorado(LasVegas,NV)Hector Leon Lara Diaz Torre(Mexico)Sean Dillon(NYC)Marisa Murphy,Andy Gordon(CT),	10.476285
Sat Apr 03 21:07:13 +0000 2021	@JoeBiden @WhiteHouse @ScottMorrisonMP(Pt5)Roman Kikta(Dallas,TX)Josette Sprott(NYC)Chantel Lewin(LithiaSprings,GA)Eric Serrano(Queens,NY)Ben Arokoyo(StatenIsland,NY)Cynthia Enamorado(LasVegas,NV)Hector Leon Lara Diaz Torre(Mexico)Sean Dillon(NYC)Marisa Murphy,Andy Gordon(CT),	10.476285
Fri Apr 09 22:15:05 +0000 2021	@POTUS @TheJusticeDept @ScottMorrisonMP(Pt5)Roman Kikta(Dallas,TX)Josette Sprott(NYC)Chantel Lewin(LithiaSprings,GA)Eric Serrano(Queens,NY)Ben Arokoyo(StatenIsland,NY)Cynthia Enamorado(LasVegas,NV)Hector Leon Lara Diaz Torre(Mexico)Sean Dillon(NYC)Marisa Murphy,Andy Gordon(CT),	10.476285
Thu Apr 08 22:40:17 +0000 2021	@JoeBiden @CISAManfra @ScottMorrisonMP(Pt5)Roman Kikta(Dallas,TX)Josette Sprott(NYC)Chantel Lewin(LithiaSprings,GA)Eric Serrano(Queens,NY)Ben Arokoyo(StatenIsland,NY)Cynthia Enamorado(LasVegas,NV)Hector Leon Lara Diaz Torre(Mexico)Sean Dillon(NYC)Marisa Murphy,Andy Gordon(CT),	10.476285
Wed Apr 07 02:59:25 +0000 2021	@POTUS @aussiekerstin Please call @ScottMorrisonMP  in Australia and show him how it is done, what front of the queue really means and how leadership works.	10.416954
Mon Apr 05 21:38:37 +0000 2021	@WhiteHouse, @barackobama, @theresa_may, @qe2, @abeshinzo, @jack, @turnbullmalcolm, @ScottMorrisonMP, @EPN, @JustinTrudeau, @NorthKoreaKimJU, @vladimirputin  Phew ..... Oh, a guy from an agricultural co-op ... see @saloveisall	10.385202
Wed Apr 07 05:18:44 +0000 2021	@POTUS @DameEmpress @ScottMorrisonMP @GregHuntMP Bredan Murphy @AlanTudgeMP @D_LittleproudMP Michael McCormack How say you all? A president taking charge and a PM pretender's dog mess. #negligent #fraudulent #criminal	9.996582
Sat Apr 03 09:49:23 +0000 2021	@PMOIndia @rashtrapatibhvn @HMOIndia @RSSorg @JoeBiden @netanyahu @KremlinRussia @ScottMorrisonMP @EmmanuelMacron @JustinTrudeau  World leader need to listen it. Act against them and save humanity Most of people give shields to Islamist extremists inspite of their inhuman act	9.563171
Tue Apr 06 20:46:51 +0000 2021	@POTUS has pushed hard to look after Americans and try and save lives.  @ScottMorrisonMP continues to lie and deflect.  In Australia most adults won't even receive their first jab by the end of the year.  Shows how bad smirko is at his job.	9.305794
Sat Apr 10 23:13:14 +0000 2021	@JoeBiden @WHCommsDir @ScottMorrisonMP(Pt19)Private Investigators,Barry Watson @ArlingtonPD,Timothy Nim(NY)Andy Gordon(CT),Albert Cercone(TX),LeAnn DeptVetAffairs(TX)@BHManagement,Andrew Vernon @DeptVetAffairs,Casey&amp;Claire Carlson(Hamburg,NY)	8.993524
Wed Mar 31 10:37:07 +0000 2021	@POTUS @StateDeptSpox @ScottMorrisonMP(Pt19)Private Investigators,Barry Watson @ArlingtonPD,Timothy Nim(NY)Andy Gordon(CT),Albert Cercone(TX),LeAnn DeptVetAffairs(TX)@BHManagement,Andrew Vernon @DeptVetAffairs,Casey&amp;Claire Carlson(Hamburg,NY)	8.993524
Wed Mar 31 22:20:41 +0000 2021	@JoeBiden @DOJ_EOIR @ScottMorrisonMP(Pt19)Private Investigators,Barry Watson @ArlingtonPD,Timothy Nim(NY)Andy Gordon(CT),Albert Cercone(TX),LeAnn DeptVetAffairs(TX)@BHManagement,Andrew Vernon @DeptVetAffairs,Casey&amp;Claire Carlson(Hamburg,NY)	8.993524
Fri Apr 09 03:04:04 +0000 2021	@JoeBiden @CISAManfra @ScottMorrisonMP(Pt19)Private Investigators,Barry Watson @ArlingtonPD,Timothy Nim(NY)Andy Gordon(CT),Albert Cercone(TX),LeAnn DeptVetAffairs(TX)@BHManagement,Andrew Vernon @DeptVetAffairs,Casey&amp;Claire Carlson(Hamburg,NY)	8.993524
Mon Apr 05 07:13:23 +0000 2021	@JoeBiden @CivilRights @ScottMorrisonMP(Pt19)Private Investigators,Barry Watson @ArlingtonPD,Timothy Nim(NY)Andy Gordon(CT),Albert Cercone(TX),LeAnn DeptVetAffairs(TX)@BHManagement,Andrew Vernon @DeptVetAffairs,Casey&amp;Claire Carlson(Hamburg,NY)	8.993524
Wed Apr 07 02:20:54 +0000 2021	@POTUS @_DirectorWray @ScottMorrisonMP(Pt19)Private Investigators,Barry Watson @ArlingtonPD,Timothy Nim(NY)Andy Gordon(CT),Albert Cercone(TX),LeAnn DeptVetAffairs(TX)@BHManagement,Andrew Vernon @DeptVetAffairs,Casey&amp;Claire Carlson(Hamburg,NY)	8.993524
Sun Apr 04 00:18:01 +0000 2021	@JoeBiden @WhiteHouse @ScottMorrisonMP(Pt19)Private Investigators,Barry Watson @ArlingtonPD,Timothy Nim(NY)Andy Gordon(CT),Albert Cercone(TX),LeAnn DeptVetAffairs(TX)@BHManagement,Andrew Vernon @DeptVetAffairs,Casey&amp;Claire Carlson(Hamburg,NY)	8.993524
Sat Apr 10 02:22:14 +0000 2021	@POTUS @TheJusticeDept @ScottMorrisonMP(Pt19)Private Investigators,Barry Watson @ArlingtonPD,Timothy Nim(NY)Andy Gordon(CT),Albert Cercone(TX),LeAnn DeptVetAffairs(TX)@BHManagement,Andrew Vernon @DeptVetAffairs,Casey&amp;Claire Carlson(Hamburg,NY)	8.993524
Sat Apr 03 14:22:22 +0000 2021	@POTUS @FBIAgentsAssoc @ScottMorrisonMP(Pt19)Private Investigators,Barry Watson @ArlingtonPD,Timothy Nim(NY)Andy Gordon(CT),Albert Cercone(TX),LeAnn DeptVetAffairs(TX)@BHManagement,Andrew Vernon @DeptVetAffairs,Casey&amp;Claire Carlson(Hamburg,NY)	8.993524
Tue Apr 06 20:31:42 +0000 2021	@POTUS If possible, please help @ScottMorrisonMP and send across 50m to your mates in Australia. We did annoy China on your behalf in the middle of the pandemic.	8.596023
Tue Apr 06 16:07:19 +0000 2021	@PMOIndia,@POTUS,@EmmanuelMacron,@ScottMorrisonMP Am a citizen of Mumbai,India corona is back ,more mean, bad and cruel than last year.I ask my PM and other world Leaders,Whats you gonna do about China who started this all.Are all of gonna be mute spectators.Dont you have a heart	8.418423
Thu Apr 08 10:29:49 +0000 2021	"@EU_Commission Unless of course your Australia where they had 3.1m doses blocked again @ScottMorrisonMP @SkyNewsAust &amp; where one of your biggest #msm mouthpieces @POLITICOEurope ran an article saying ""The eu has blocked exports in all but name"".. &amp; within Europe, nations are turning to Sputnik"	8.317064
Fri Apr 09 05:53:19 +0000 2021	@JoeBiden @CISAManfra @ScottMorrisonMP(Pt27)other by lying to @FBI agents&amp;law enforcement in order to get away with hacking my devices&amp;causing this sex scandal. ALL DEVICES(HOME&amp;BUSINESS COMPUTERS,PHONE,HOME WIFI DSL MODEM,VIDEO GAME SYSTEMS,ETC)&amp;ALL OF MY ACCOUNTS ARE HACKED.	8.15819
Mon Apr 05 09:07:10 +0000 2021	@JoeBiden @CivilRights @ScottMorrisonMP(Pt27)other by lying to @FBI agents&amp;law enforcement in order to get away with hacking my devices&amp;causing this sex scandal. ALL DEVICES(HOME&amp;BUSINESS COMPUTERS,PHONE,HOME WIFI DSL MODEM,VIDEO GAME SYSTEMS,ETC)&amp;ALL OF MY ACCOUNTS ARE HACKED.	8.15819
Sun Apr 04 01:47:31 +0000 2021	@JoeBiden @WhiteHouse @ScottMorrisonMP(Pt27)other by lying to @FBI agents&amp;law enforcement in order to get away with hacking my devices&amp;causing this sex scandal. ALL DEVICES(HOME&amp;BUSINESS COMPUTERS,PHONE,HOME WIFI DSL MODEM,VIDEO GAME SYSTEMS,ETC)&amp;ALL OF MY ACCOUNTS ARE HACKED.	8.15819
Sat Apr 03 19:13:07 +0000 2021	@POTUS @FBIAgentsAssoc @ScottMorrisonMP(Pt27)other by lying to @FBI agents&amp;law enforcement in order to get away with hacking my devices&amp;causing this sex scandal. ALL DEVICES(HOME&amp;BUSINESS COMPUTERS,PHONE,HOME WIFI DSL MODEM,VIDEO GAME SYSTEMS,ETC)&amp;ALL OF MY ACCOUNTS ARE HACKED.	8.15819
Wed Mar 31 17:59:47 +0000 2021	@POTUS @StateDeptSpox @ScottMorrisonMP(Pt27)other by lying to @FBI agents&amp;law enforcement in order to get away with hacking my devices&amp;causing this sex scandal. ALL DEVICES(HOME&amp;BUSINESS COMPUTERS,PHONE,HOME WIFI DSL MODEM,VIDEO GAME SYSTEMS,ETC)&amp;ALL OF MY ACCOUNTS ARE HACKED.	8.15819
Sat Apr 10 03:47:04 +0000 2021	@POTUS @TheJusticeDept @ScottMorrisonMP(Pt27)other by lying to @FBI agents&amp;law enforcement in order to get away with hacking my devices&amp;causing this sex scandal. ALL DEVICES(HOME&amp;BUSINESS COMPUTERS,PHONE,HOME WIFI DSL MODEM,VIDEO GAME SYSTEMS,ETC)&amp;ALL OF MY ACCOUNTS ARE HACKED.	8.15819
Wed Apr 07 04:20:48 +0000 2021	@POTUS @_DirectorWray @ScottMorrisonMP(Pt27)other by lying to @FBI agents&amp;law enforcement in order to get away with hacking my devices&amp;causing this sex scandal. ALL DEVICES(HOME&amp;BUSINESS COMPUTERS,PHONE,HOME WIFI DSL MODEM,VIDEO GAME SYSTEMS,ETC)&amp;ALL OF MY ACCOUNTS ARE HACKED.	8.15819
Tue Apr 06 04:43:49 +0000 2021	@JoeBiden @WHCommsDir @ScottMorrisonMP(Pt27)other by lying to @FBI agents&amp;law enforcement in order to get away with hacking my devices&amp;causing this sex scandal. ALL DEVICES(HOME&amp;BUSINESS COMPUTERS,PHONE,HOME WIFI DSL MODEM,VIDEO GAME SYSTEMS,ETC)&amp;ALL OF MY ACCOUNTS ARE HACKED.	8.15819
Thu Apr 01 02:48:57 +0000 2021	@JoeBiden @DOJ_EOIR @ScottMorrisonMP(Pt27)other by lying to @FBI agents&amp;law enforcement in order to get away with hacking my devices&amp;causing this sex scandal. ALL DEVICES(HOME&amp;BUSINESS COMPUTERS,PHONE,HOME WIFI DSL MODEM,VIDEO GAME SYSTEMS,ETC)&amp;ALL OF MY ACCOUNTS ARE HACKED.	8.057093
Mon Apr 05 23:33:14 +0000 2021	@POTUS Tell that to the Australian @ScottMorrisonMP Abbott &amp; @TurnbullMalcolm govts who trashed our fibre to the home technology in favour of copper in 2013!	7.877743
Wed Mar 31 11:22:37 +0000 2021	@POTUS @StateDeptSpox @ScottMorrisonMP(Pt21)those involved in hacking my devices&amp;causing this sex scandal. ALL involved are lying to @FBI agents&amp;law enforcement in order to protect the main culprits hacking my devices&amp;causing this sex scandal. The main culprits are:	7.79818
Fri Apr 09 03:47:47 +0000 2021	@JoeBiden @CISAManfra @ScottMorrisonMP(Pt21)those involved in hacking my devices&amp;causing this sex scandal. ALL involved are lying to @FBI agents&amp;law enforcement in order to protect the main culprits hacking my devices&amp;causing this sex scandal. The main culprits are:	7.79818
Mon Apr 05 07:30:53 +0000 2021	@JoeBiden @CivilRights @ScottMorrisonMP(Pt21)those involved in hacking my devices&amp;causing this sex scandal. ALL involved are lying to @FBI agents&amp;law enforcement in order to protect the main culprits hacking my devices&amp;causing this sex scandal. The main culprits are:	7.79818
Wed Apr 07 02:51:53 +0000 2021	@POTUS @_DirectorWray @ScottMorrisonMP(Pt21)those involved in hacking my devices&amp;causing this sex scandal. ALL involved are lying to @FBI agents&amp;law enforcement in order to protect the main culprits hacking my devices&amp;causing this sex scandal. The main culprits are:	7.79818
Sat Apr 03 16:33:11 +0000 2021	@POTUS @FBIAgentsAssoc @ScottMorrisonMP(Pt21)those involved in hacking my devices&amp;causing this sex scandal. ALL involved are lying to @FBI agents&amp;law enforcement in order to protect the main culprits hacking my devices&amp;causing this sex scandal. The main culprits are:	7.79818
Wed Mar 31 23:58:16 +0000 2021	@JoeBiden @DOJ_EOIR @ScottMorrisonMP(Pt21)those involved in hacking my devices&amp;causing this sex scandal. ALL involved are lying to @FBI agents&amp;law enforcement in order to protect the main culprits hacking my devices&amp;causing this sex scandal. The main culprits are:	7.79818
Sat Apr 10 02:36:30 +0000 2021	@POTUS @TheJusticeDept @ScottMorrisonMP(Pt21)those involved in hacking my devices&amp;causing this sex scandal. ALL involved are lying to @FBI agents&amp;law enforcement in order to protect the main culprits hacking my devices&amp;causing this sex scandal. The main culprits are:	7.79818
Sun Apr 04 00:38:10 +0000 2021	@JoeBiden @WhiteHouse @ScottMorrisonMP(Pt21)those involved in hacking my devices&amp;causing this sex scandal. ALL involved are lying to @FBI agents&amp;law enforcement in order to protect the main culprits hacking my devices&amp;causing this sex scandal. The main culprits are:	7.79818
Tue Apr 06 03:35:45 +0000 2021	@JoeBiden @WHCommsDir @ScottMorrisonMP(Pt21)those involved in hacking my devices&amp;causing this sex scandal. ALL involved are lying to @FBI agents&amp;law enforcement in order to protect the main culprits hacking my devices&amp;causing this sex scandal. The main culprits are:	7.79818
Wed Apr 07 20:41:11 +0000 2021	@thepmo Have been in Australia for couple of months. And I observed in Sydney CBD that these communists and their subsidiaries are brewing. Take care of them before they blow up as they recently did in India.	7.546872
Thu Apr 08 06:19:39 +0000 2021	@PMOIndia @POTUS @EmmanuelMacron @KremlinRussia_E @POTEIR @BorisJohnson @JPN_PMO @thepmo @globaltimesnews .......When are you going to NUKE CHINA?.....THE WORLD IS FED UP OF THESE BLOODY 'chinese virus'.	7.358468
Sat Apr 03 10:17:05 +0000 2021	@narendramodi @JoeBiden @KremlinRussia_E @BorisJohnson @jairbolsonaro @ScottMorrisonMP @JPN_PMO @EmmanuelMacron @AqngelaMerkeICDU HINDUS POPULATION IN PAKISTAN IN D YEAR 1951,WAS MORE THAN 24% OF TOTAL POPULATION, BUT ON 03 APRIL 21,IT IS LESS THAN 2 % OF TOTAL POLULATION??	7.3420486
Sat Apr 10 21:56:37 +0000 2021	@thepmo https://t.co/w3VSnW2BJI  I’m innocent and the whole world destroyed my life  Everyone caused the 2015 Cold War and had a life will I’m a military experiment illegally please read at your leisure	7.169306
Sat Apr 03 10:18:02 +0000 2021	@narendramodi @JoeBiden @KremlinRussia_E @BorisJohnson @jairbolsonaro @ScottMorrisonMP @JPN_PMO @EmmanuelMacron HINDUS POPULATION IN PAKISTAN IN D YEAR 1951,WAS MORE THAN 24% OF TOTAL POPULATION, BUT ON 03 APRIL 21,IT IS LESS THAN 2 % OF TOTAL POLULATION?? PLS THINK??🙏🏻🙏🏻	7.1064014
Mon Apr 05 07:28:09 +0000 2021	@JoeBiden @CivilRights @ScottMorrisonMP(Pt20)Delores Randazzo(Staten Island,NY),Ivan Estevez,Frances Gardner(Bklyn,NY)Ivette Acevedo(Bklyn,NY)/@NYCSchools P311,Yendi Jordan @NYCSchools HR Connect,Michael Romano @NYCSchools PI Division&amp;Gretchen Lodderhose(Villejo,CA)to	6.482423
Sat Apr 03 15:47:03 +0000 2021	@POTUS @FBIAgentsAssoc @ScottMorrisonMP(Pt20)Delores Randazzo(Staten Island,NY),Ivan Estevez,Frances Gardner(Bklyn,NY)Ivette Acevedo(Bklyn,NY)/@NYCSchools P311,Yendi Jordan @NYCSchools HR Connect,Michael Romano @NYCSchools PI Division&amp;Gretchen Lodderhose(Villejo,CA)to	6.482423
Sat Apr 10 02:31:20 +0000 2021	@POTUS @TheJusticeDept @ScottMorrisonMP(Pt20)Delores Randazzo(Staten Island,NY),Ivan Estevez,Frances Gardner(Bklyn,NY)Ivette Acevedo(Bklyn,NY)/@NYCSchools P311,Yendi Jordan @NYCSchools HR Connect,Michael Romano @NYCSchools PI Division&amp;Gretchen Lodderhose(Villejo,CA)to	6.482423
Sun Apr 04 00:23:54 +0000 2021	@JoeBiden @WhiteHouse @ScottMorrisonMP(Pt20)Delores Randazzo(Staten Island,NY),Ivan Estevez,Frances Gardner(Bklyn,NY)Ivette Acevedo(Bklyn,NY)/@NYCSchools P311,Yendi Jordan @NYCSchools HR Connect,Michael Romano @NYCSchools PI Division&amp;Gretchen Lodderhose(Villejo,CA)to	6.4084377
Wed Mar 31 23:28:07 +0000 2021	@JoeBiden @DOJ_EOIR @ScottMorrisonMP(Pt20)Delores Randazzo(Staten Island,NY),Ivan Estevez,Frances Gardner(Bklyn,NY)Ivette Acevedo(Bklyn,NY)/@NYCSchools P311,Yendi Jordan @NYCSchools HR Connect,Michael Romano @NYCSchools PI Division&amp;Gretchen Lodderhose(Villejo,CA)to	6.4084377
Wed Mar 31 10:55:56 +0000 2021	@POTUS @StateDeptSpox @ScottMorrisonMP(Pt20)Delores Randazzo(Staten Island,NY),Ivan Estevez,Frances Gardner(Bklyn,NY)Ivette Acevedo(Bklyn,NY)/@NYCSchools P311,Yendi Jordan @NYCSchools HR Connect,Michael Romano @NYCSchools PI Division&amp;Gretchen Lodderhose(Villejo,CA)to	6.4084377
Fri Apr 09 03:14:13 +0000 2021	@JoeBiden @CISAManfra @ScottMorrisonMP(Pt20)Delores Randazzo(Staten Island,NY),Ivan Estevez,Frances Gardner(Bklyn,NY)Ivette Acevedo(Bklyn,NY)/@NYCSchools P311,Yendi Jordan @NYCSchools HR Connect,Michael Romano @NYCSchools PI Division&amp;Gretchen Lodderhose(Villejo,CA)to	6.4084377
Wed Apr 07 02:37:42 +0000 2021	@POTUS @_DirectorWray @ScottMorrisonMP(Pt20)Delores Randazzo(Staten Island,NY),Ivan Estevez,Frances Gardner(Bklyn,NY)Ivette Acevedo(Bklyn,NY)/@NYCSchools P311,Yendi Jordan @NYCSchools HR Connect,Michael Romano @NYCSchools PI Division&amp;Gretchen Lodderhose(Villejo,CA)to	6.4084377
Tue Apr 06 03:27:35 +0000 2021	@JoeBiden @WHCommsDir @ScottMorrisonMP(Pt20)Delores Randazzo(Staten Island,NY),Ivan Estevez,Frances Gardner(Bklyn,NY)Ivette Acevedo(Bklyn,NY)/@NYCSchools P311,Yendi Jordan @NYCSchools HR Connect,Michael Romano @NYCSchools PI Division&amp;Gretchen Lodderhose(Villejo,CA)to	6.4084377
Mon Apr 05 06:23:07 +0000 2021	@JoeBiden @POTUS @FLOTUS you might recall this. @ScottMorrisonMP @AlboMP Might be time to bring our citizen back don’t you think? #FreeAssangeNOW #DropTheCharges #WeDontSupportMurderDoWe	6.211033
Wed Mar 31 13:34:53 +0000 2021	@JoeBiden @WhiteHouse @narendramodi @PMOIndia @konotaromp @adgpi @ScottMorrisonMP @MarisePayne @BorisJohnson @DominicRaab  @lindareynoldswa  @SecBlinken #China determined to build iron ore hub in #Africa as Australia goes Quad if quad don't wants to spill the blood in battlefield	6.160346
Mon Apr 05 21:33:47 +0000 2021	@WhiteHouse, @barackobama, @theresa_may, @qe2, @abeshinzo, @jack, @turnbullmalcolm, @ScottMorrisonMP, @EPN, @JustinTrudeau, @NorthKoreaKimJU, @vladimirputin  The problem is shared by many men currently, and even women who eat product from female animals only, making them ....	6.139041
Wed Apr 07 00:09:18 +0000 2021	@POTUS @ScottMorrisonMP Maybe time for a phone call to ask how to do it	5.909042
Wed Apr 07 02:51:04 +0000 2021	@POTUS Can you give @ScottMorrisonMP a call and tell him how to do it?	5.909042
Sat Apr 03 03:42:09 +0000 2021	@PMOIndia @thepmo @DrSJaishankar @MarisePayne @Rita_Saffioti @MarkMcGowanMP my father has passed away today morning and I need to reach Ahmedabad, India urgently to support my mom and family. I have applied for exemption to leave Australia yesterday and called the related parties	5.8276563
Mon Apr 05 15:27:57 +0000 2021	@POTUS @ABlinken @SecBlinken @SpeakerPelosi @mikepompeo @JustinTrudeau @erinotoole @ScottMorrisonMP @BorisJohnson                   Diplomats from 20 countries visited Xinjiang in the last few days. Did you hear any western media report the trip?   Western medias are as low you!	5.5768843
Tue Apr 06 21:57:31 +0000 2021	@POTUS Amazing. Can you call @ScottMorrisonMP in Australia and tell him how to get it done.  Thanks!	5.4932246
Fri Apr 02 11:58:01 +0000 2021	@WhiteHouse, @barackobama, @theresa_may, @qe2, @abeshinzo, @jack, @turnbullmalcolm, @ScottMorrisonMP, @EPN, @JustinTrudeau, @NorthKoreaKimJU, @vladimirputin Tony Robbins is wee OK. Peter Getner(get-her) HUH	4.8143187
Wed Apr 07 23:47:21 +0000 2021	@thepmo Social media is the most corrosive..... perhaps you should stop I using it to abuse people then  Scotty! https://t.co/QuAkbZJC2q	4.6078625
Mon Apr 05 16:07:49 +0000 2021	@WhiteHouse, @barackobama, @theresa_may, @qe2, @abeshinzo, @jack, @turnbullmalcolm, @ScottMorrisonMP, @EPN, @JustinTrudeau, @NorthKoreaKimJU, @vladimirputin  Please see @saloveisall for How-Santa-started	4.538761
Fri Apr 02 21:43:06 +0000 2021	@thepmo have no hide exploiting Easter to present a child gaoler and enabled of sexual abuse in a sickening attempt at making Easter a political media opportunity	4.513113
Fri Apr 02 15:18:54 +0000 2021	@POTUS @JustinTrudeau @ScottMorrisonMP @KamalaHarris @HumanRightsCtte @TanDhesi @ClaudiaWebbe @PreetKGillMP @UzraZeya @UNHumanRights @UN_HRC @mehdirhasan @BBCWorld @ABC @CBCNews @CBSNews @euronews now I think u guys can understand ur modi friend.millions ppl blood on his hand	4.1543083
Sat Apr 10 22:28:33 +0000 2021	@JoeBiden @WHCommsDir @ScottMorrisonMP(Pt17)by having ALL involved continue having police departments&amp;private investigators from different states track my every move,hack my devices to cover up what they're doing&amp;continue taking part in this sex scandal	3.8207126
Wed Mar 31 21:54:46 +0000 2021	@JoeBiden @DOJ_EOIR @ScottMorrisonMP(Pt17)by having ALL involved continue having police departments&amp;private investigators from different states track my every move,hack my devices to cover up what they're doing&amp;continue taking part in this sex scandal	3.8207126
Wed Mar 31 07:48:54 +0000 2021	@POTUS @StateDeptSpox @ScottMorrisonMP(Pt17)by having ALL involved continue having police departments&amp;private investigators from different states track my every move,hack my devices to cover up what they're doing&amp;continue taking part in this sex scandal	3.8207126
Fri Apr 09 02:29:31 +0000 2021	@JoeBiden @CISAManfra @ScottMorrisonMP(Pt17)by having ALL involved continue having police departments&amp;private investigators from different states track my every move,hack my devices to cover up what they're doing&amp;continue taking part in this sex scandal	3.8207126
Mon Apr 05 05:51:50 +0000 2021	@JoeBiden @CivilRights @ScottMorrisonMP(Pt17)by having ALL involved continue having police departments&amp;private investigators from different states track my every move,hack my devices to cover up what they're doing&amp;continue taking part in this sex scandal	3.8207126
Wed Apr 07 02:00:45 +0000 2021	@POTUS @_DirectorWray @ScottMorrisonMP(Pt17)by having ALL involved continue having police departments&amp;private investigators from different states track my every move,hack my devices to cover up what they're doing&amp;continue taking part in this sex scandal	3.8207126
Sat Apr 03 10:39:29 +0000 2021	@POTUS @FBIAgentsAssoc @ScottMorrisonMP(Pt17)by having ALL involved continue having police departments&amp;private investigators from different states track my every move,hack my devices to cover up what they're doing&amp;continue taking part in this sex scandal	3.8207126
Sat Apr 03 23:57:47 +0000 2021	@JoeBiden @WhiteHouse @ScottMorrisonMP(Pt17)by having ALL involved continue having police departments&amp;private investigators from different states track my every move,hack my devices to cover up what they're doing&amp;continue taking part in this sex scandal	3.8207126
Sat Apr 10 02:04:55 +0000 2021	@POTUS @TheJusticeDept @ScottMorrisonMP(Pt17)by having ALL involved continue having police departments&amp;private investigators from different states track my every move,hack my devices to cover up what they're doing&amp;continue taking part in this sex scandal	3.8207126
Wed Mar 31 14:10:24 +0000 2021	@POTUS @StateDeptSpox @ScottMorrisonMP(Pt25)I've sent emails&amp;tweets to @FBI naming the people involved. Here is PROOF of how they're hacking my devices in order to cause this sex scandal: https://t.co/ehW16v0pHE	3.7604275
Thu Apr 01 02:18:52 +0000 2021	@JoeBiden @DOJ_EOIR @ScottMorrisonMP(Pt25)I've sent emails&amp;tweets to @FBI naming the people involved. Here is PROOF of how they're hacking my devices in order to cause this sex scandal: https://t.co/vOonMlZrUp	3.7604275
Fri Apr 09 04:46:47 +0000 2021	@JoeBiden @CISAManfra @ScottMorrisonMP(Pt25)I've sent emails&amp;tweets to @FBI naming the people involved. Here is PROOF of how they're hacking my devices in order to cause this sex scandal: https://t.co/IkMovvfsLR	3.7604275
Sun Apr 04 01:29:22 +0000 2021	@JoeBiden @WhiteHouse @ScottMorrisonMP(Pt25)I've sent emails&amp;tweets to @FBI naming the people involved. Here is PROOF of how they're hacking my devices in order to cause this sex scandal: https://t.co/7jZVoaTHks	3.7604275
Mon Apr 05 08:47:33 +0000 2021	@JoeBiden @CivilRights @ScottMorrisonMP(Pt25)I've sent emails&amp;tweets to @FBI naming the people involved. Here is PROOF of how they're hacking my devices in order to cause this sex scandal: https://t.co/THxW4CuL3g	3.7604275
Sat Apr 03 17:58:00 +0000 2021	@POTUS @FBIAgentsAssoc @ScottMorrisonMP(Pt25)I've sent emails&amp;tweets to @FBI naming the people involved. Here is PROOF of how they're hacking my devices in order to cause this sex scandal: https://t.co/iDIlV1vQyZ	3.7604275
Sat Apr 10 03:13:08 +0000 2021	@POTUS @TheJusticeDept @ScottMorrisonMP(Pt25)I've sent emails&amp;tweets to @FBI naming the people involved. Here is PROOF of how they're hacking my devices in order to cause this sex scandal: https://t.co/4ZtQA6m2GL	3.7604275
Sat Apr 10 03:29:52 +0000 2021	@POTUS @TheJusticeDept @ScottMorrisonMP(Pt25)I've sent emails&amp;tweets to @FBI naming the people involved. Here is PROOF of how they're hacking my devices in order to cause this sex scandal: https://t.co/ksoZFc77OR	3.7604275
Tue Apr 06 04:25:43 +0000 2021	@JoeBiden @WHCommsDir @ScottMorrisonMP(Pt25)I've sent emails&amp;tweets to @FBI naming the people involved. Here is PROOF of how they're hacking my devices in order to cause this sex scandal: https://t.co/gh16ZdnX3m	3.7604275
Wed Apr 07 03:35:20 +0000 2021	@POTUS @_DirectorWray @ScottMorrisonMP(Pt25)I've sent emails&amp;tweets to @FBI naming the people involved. Here is PROOF of how they're hacking my devices in order to cause this sex scandal: https://t.co/IdEhj1fOvB	3.7604275
Wed Apr 07 03:16:01 +0000 2021	@JoeBiden @KremlinRussia_E @narendramodi @EmmanuelMacron @BorisJohnson @netanyahu @JPN_PMO @ScottMorrisonMP @sanchezcastejon  #WW3 has Begin with Chinese Tech Theft/Exports/Eco/Military Invasion  Spread of Islam/Terrorism  World To Realise facts, Make strategy to Counter ASAP	3.484942
Sun Apr 04 02:47:09 +0000 2021	@JoeBiden @KremlinRussia_E @narendramodi @EmmanuelMacron @BorisJohnson @netanyahu @JPN_PMO @ScottMorrisonMP @sanchezcastejon  #WW3 has Begin with Chinese Tech Theft/Exports/Eco Invasion  Spread of Islam/Terrorism  World To Realise facts, Make strategy to Counter before it’s late	3.4451005
Wed Apr 07 17:33:31 +0000 2021	@narendramodi @POTUS @JoeBiden @ScottMorrisonMP @sugawitter Sir Cogratulations for this , now please intervene for putting lock down again,  start with Maharashtra first and all other states as well . Ot will be really needed as you done this last year and saved all one . In nagpur today 66 deaths , 57000 positive in Maharashtra.	3.4145312
Sat Apr 03 10:08:26 +0000 2021	@narendramodi @JoeBiden @KremlinRussia_E @BorisJohnson @jairbolsonaro @ScottMorrisonMP @JPN_PMO @EmmanuelMacron @AqngelaMerkeICDU IF WORLD HUMAN RIGHTS COMMISSION IS WORRIED ABOUT ALL,THEN WHY MINORITIES LIKE HINDUS R BEING RAPPED/KILLED&amp; KIDNAPPED IN PAKISTAN ON DAILY BASIS!🙏🏻🙏🏻	3.36809
Mon Apr 05 06:45:37 +0000 2021	@POTUS @SecBlinken @VP @mikepompeo @JustinTrudeau @erinotoole @ScottMorrisonMP @BorisJohnson      @SpeakerPelosi Have you ever punished those US and nato army  committed war crimes on daily basis in Iraq?     The world have suffered the atrocities committed by west civ!  Beasts!	3.3308613
Sat Apr 10 23:04:20 +0000 2021	@JoeBiden @WHCommsDir @ScottMorrisonMP(Pt18)As you know terrorists are on @Twitter&amp;reading ALL tweets I've sent about this. Add Dallas,TX along with Pelham,NY, Arlington,TX, Las Vegas&amp;Henderson,NV, Connecticut,Georgia,Massachusetts,Yonkers,NY	3.3172956
Wed Mar 31 10:21:39 +0000 2021	@POTUS @StateDeptSpox @ScottMorrisonMP(Pt18)As you know terrorists are on @Twitter&amp;reading ALL tweets I've sent about this. Add Dallas,TX along with Pelham,NY, Arlington,TX, Las Vegas&amp;Henderson,NV, Connecticut,Georgia,Massachusetts,Yonkers,NY	3.3172956
Wed Mar 31 22:02:38 +0000 2021	@JoeBiden @DOJ_EOIR @ScottMorrisonMP(Pt18)As you know terrorists are on @Twitter&amp;reading ALL tweets I've sent about this. Add Dallas,TX along with Pelham,NY, Arlington,TX, Las Vegas&amp;Henderson,NV, Connecticut,Georgia,Massachusetts,Yonkers,NY	3.3172956
Fri Apr 09 02:43:56 +0000 2021	@JoeBiden @CISAManfra @ScottMorrisonMP(Pt18)As you know terrorists are on @Twitter&amp;reading ALL tweets I've sent about this. Add Dallas,TX along with Pelham,NY, Arlington,TX, Las Vegas&amp;Henderson,NV, Connecticut,Georgia,Massachusetts,Yonkers,NY	3.3172956
Mon Apr 05 06:07:09 +0000 2021	@JoeBiden @CivilRights @ScottMorrisonMP(Pt18)As you know terrorists are on @Twitter&amp;reading ALL tweets I've sent about this. Add Dallas,TX along with Pelham,NY, Arlington,TX, Las Vegas&amp;Henderson,NV, Connecticut,Georgia,Massachusetts,Yonkers,NY	3.3172956
Wed Apr 07 02:11:44 +0000 2021	@POTUS @_DirectorWray @ScottMorrisonMP(Pt18)As you know terrorists are on @Twitter&amp;reading ALL tweets I've sent about this. Add Dallas,TX along with Pelham,NY, Arlington,TX, Las Vegas&amp;Henderson,NV, Connecticut,Georgia,Massachusetts,Yonkers,NY	3.3172956
Sat Apr 03 10:59:04 +0000 2021	@POTUS @FBIAgentsAssoc @ScottMorrisonMP(Pt18)As you know terrorists are on @Twitter&amp;reading ALL tweets I've sent about this. Add Dallas,TX along with Pelham,NY, Arlington,TX, Las Vegas&amp;Henderson,NV, Connecticut,Georgia,Massachusetts,Yonkers,NY	3.3172956
Sun Apr 04 00:05:08 +0000 2021	@JoeBiden @WhiteHouse @ScottMorrisonMP(Pt18)As you know terrorists are on @Twitter&amp;reading ALL tweets I've sent about this. Add Dallas,TX along with Pelham,NY, Arlington,TX, Las Vegas&amp;Henderson,NV, Connecticut,Georgia,Massachusetts,Yonkers,NY	3.3172956
Sat Apr 10 02:14:42 +0000 2021	@POTUS @TheJusticeDept @ScottMorrisonMP(Pt18)As you know terrorists are on @Twitter&amp;reading ALL tweets I've sent about this. Add Dallas,TX along with Pelham,NY, Arlington,TX, Las Vegas&amp;Henderson,NV, Connecticut,Georgia,Massachusetts,Yonkers,NY	3.3172956
Sat Apr 10 22:12:19 +0000 2021	@thepmo Green means incumbent red means president some people have been keeping it a secret and robbing the stock market globally  I scanned all world leaders by accident I have extremely sensitive classified info on all governments I will keep quiet	3.2239552
Tue Apr 06 02:12:49 +0000 2021	@JoeBiden @WHCommsDir @ScottMorrisonMP(Pt14)white female contacts in my phone with NY,NJ,CT,LA,CA,TX,MT phone numbers into custody until they confess they're consenting with ALL involved to have sex with people that are handpicked. ALL involved are lying&amp;using @FBI agents along	3.0505
Wed Mar 31 05:54:40 +0000 2021	@POTUS @StateDeptSpox @ScottMorrisonMP(Pt14)white female contacts in my phone with NY,NJ,CT,LA,CA,TX,MT phone numbers into custody until they confess they're consenting with ALL involved to have sex with people that are handpicked. ALL involved are lying&amp;using @FBI agents along	3.0505
Wed Mar 31 21:01:39 +0000 2021	@JoeBiden @DOJ_EOIR @ScottMorrisonMP(Pt14)white female contacts in my phone with NY,NJ,CT,LA,CA,TX,MT phone numbers into custody until they confess they're consenting with ALL involved to have sex with people that are handpicked. ALL involved are lying&amp;using @FBI agents along	3.0505
Fri Apr 09 01:31:08 +0000 2021	@JoeBiden @CISAManfra @ScottMorrisonMP(Pt14)white female contacts in my phone with NY,NJ,CT,LA,CA,TX,MT phone numbers into custody until they confess they're consenting with ALL involved to have sex with people that are handpicked. ALL involved are lying&amp;using @FBI agents along	3.0505
Mon Apr 05 03:54:17 +0000 2021	@JoeBiden @CivilRights @ScottMorrisonMP(Pt14)white female contacts in my phone with NY,NJ,CT,LA,CA,TX,MT phone numbers into custody until they confess they're consenting with ALL involved to have sex with people that are handpicked. ALL involved are lying&amp;using @FBI agents along	3.0505
Wed Apr 07 01:20:24 +0000 2021	@POTUS @_DirectorWray @ScottMorrisonMP(Pt14)white female contacts in my phone with NY,NJ,CT,LA,CA,TX,MT phone numbers into custody until they confess they're consenting with ALL involved to have sex with people that are handpicked. ALL involved are lying&amp;using @FBI agents along	3.0505
Sat Apr 03 09:45:21 +0000 2021	@POTUS @FBIAgentsAssoc @ScottMorrisonMP(Pt14)white female contacts in my phone with NY,NJ,CT,LA,CA,TX,MT phone numbers into custody until they confess they're consenting with ALL involved to have sex with people that are handpicked. ALL involved are lying&amp;using @FBI agents along	3.0505
Sat Apr 03 23:20:11 +0000 2021	@JoeBiden @WhiteHouse @ScottMorrisonMP(Pt14)white female contacts in my phone with NY,NJ,CT,LA,CA,TX,MT phone numbers into custody until they confess they're consenting with ALL involved to have sex with people that are handpicked. ALL involved are lying&amp;using @FBI agents along	3.0505
Sat Apr 10 01:25:11 +0000 2021	@POTUS @TheJusticeDept @ScottMorrisonMP(Pt14)white female contacts in my phone with NY,NJ,CT,LA,CA,TX,MT phone numbers into custody until they confess they're consenting with ALL involved to have sex with people that are handpicked. ALL involved are lying&amp;using @FBI agents along	3.0505
