created_at	text	_score
Mon Apr 05 06:07:09 +0000 2021	@JoeBiden @CivilRights @ScottMorrisonMP(Pt18)As you know terrorists are on @Twitter&amp;reading ALL tweets I've sent about this. Add Dallas,TX along with Pelham,NY, Arlington,TX, Las Vegas&amp;Henderson,NV, Connecticut,Georgia,Massachusetts,Yonkers,NY	38.729797
Sat Apr 03 10:59:04 +0000 2021	@POTUS @FBIAgentsAssoc @ScottMorrisonMP(Pt18)As you know terrorists are on @Twitter&amp;reading ALL tweets I've sent about this. Add Dallas,TX along with Pelham,NY, Arlington,TX, Las Vegas&amp;Henderson,NV, Connecticut,Georgia,Massachusetts,Yonkers,NY	38.729797
Sat Apr 10 02:14:42 +0000 2021	@POTUS @TheJusticeDept @ScottMorrisonMP(Pt18)As you know terrorists are on @Twitter&amp;reading ALL tweets I've sent about this. Add Dallas,TX along with Pelham,NY, Arlington,TX, Las Vegas&amp;Henderson,NV, Connecticut,Georgia,Massachusetts,Yonkers,NY	38.729797
Sat Apr 10 23:04:20 +0000 2021	@JoeBiden @WHCommsDir @ScottMorrisonMP(Pt18)As you know terrorists are on @Twitter&amp;reading ALL tweets I've sent about this. Add Dallas,TX along with Pelham,NY, Arlington,TX, Las Vegas&amp;Henderson,NV, Connecticut,Georgia,Massachusetts,Yonkers,NY	35.327488
Wed Mar 31 10:21:39 +0000 2021	@POTUS @StateDeptSpox @ScottMorrisonMP(Pt18)As you know terrorists are on @Twitter&amp;reading ALL tweets I've sent about this. Add Dallas,TX along with Pelham,NY, Arlington,TX, Las Vegas&amp;Henderson,NV, Connecticut,Georgia,Massachusetts,Yonkers,NY	35.327488
Wed Mar 31 22:02:38 +0000 2021	@JoeBiden @DOJ_EOIR @ScottMorrisonMP(Pt18)As you know terrorists are on @Twitter&amp;reading ALL tweets I've sent about this. Add Dallas,TX along with Pelham,NY, Arlington,TX, Las Vegas&amp;Henderson,NV, Connecticut,Georgia,Massachusetts,Yonkers,NY	35.327488
Fri Apr 09 02:43:56 +0000 2021	@JoeBiden @CISAManfra @ScottMorrisonMP(Pt18)As you know terrorists are on @Twitter&amp;reading ALL tweets I've sent about this. Add Dallas,TX along with Pelham,NY, Arlington,TX, Las Vegas&amp;Henderson,NV, Connecticut,Georgia,Massachusetts,Yonkers,NY	35.327488
Wed Apr 07 02:11:44 +0000 2021	@POTUS @_DirectorWray @ScottMorrisonMP(Pt18)As you know terrorists are on @Twitter&amp;reading ALL tweets I've sent about this. Add Dallas,TX along with Pelham,NY, Arlington,TX, Las Vegas&amp;Henderson,NV, Connecticut,Georgia,Massachusetts,Yonkers,NY	35.327488
Sun Apr 04 00:05:08 +0000 2021	@JoeBiden @WhiteHouse @ScottMorrisonMP(Pt18)As you know terrorists are on @Twitter&amp;reading ALL tweets I've sent about this. Add Dallas,TX along with Pelham,NY, Arlington,TX, Las Vegas&amp;Henderson,NV, Connecticut,Georgia,Massachusetts,Yonkers,NY	35.327488
Mon Apr 05 06:23:07 +0000 2021	@JoeBiden @POTUS @FLOTUS you might recall this. @ScottMorrisonMP @AlboMP Might be time to bring our citizen back don’t you think? #FreeAssangeNOW #DropTheCharges #WeDontSupportMurderDoWe	32.834476
Wed Apr 07 03:16:01 +0000 2021	@JoeBiden @KremlinRussia_E @narendramodi @EmmanuelMacron @BorisJohnson @netanyahu @JPN_PMO @ScottMorrisonMP @sanchezcastejon  #WW3 has Begin with Chinese Tech Theft/Exports/Eco/Military Invasion  Spread of Islam/Terrorism  World To Realise facts, Make strategy to Counter ASAP	31.398605
Sun Apr 04 02:47:09 +0000 2021	@JoeBiden @KremlinRussia_E @narendramodi @EmmanuelMacron @BorisJohnson @netanyahu @JPN_PMO @ScottMorrisonMP @sanchezcastejon  #WW3 has Begin with Chinese Tech Theft/Exports/Eco Invasion  Spread of Islam/Terrorism  World To Realise facts, Make strategy to Counter before it’s late	31.039644
Sat Apr 10 23:13:14 +0000 2021	@JoeBiden @WHCommsDir @ScottMorrisonMP(Pt19)Private Investigators,Barry Watson @ArlingtonPD,Timothy Nim(NY)Andy Gordon(CT),Albert Cercone(TX),LeAnn DeptVetAffairs(TX)@BHManagement,Andrew Vernon @DeptVetAffairs,Casey&amp;Claire Carlson(Hamburg,NY)	25.436403
Wed Mar 31 10:37:07 +0000 2021	@POTUS @StateDeptSpox @ScottMorrisonMP(Pt19)Private Investigators,Barry Watson @ArlingtonPD,Timothy Nim(NY)Andy Gordon(CT),Albert Cercone(TX),LeAnn DeptVetAffairs(TX)@BHManagement,Andrew Vernon @DeptVetAffairs,Casey&amp;Claire Carlson(Hamburg,NY)	25.436403
Wed Mar 31 22:20:41 +0000 2021	@JoeBiden @DOJ_EOIR @ScottMorrisonMP(Pt19)Private Investigators,Barry Watson @ArlingtonPD,Timothy Nim(NY)Andy Gordon(CT),Albert Cercone(TX),LeAnn DeptVetAffairs(TX)@BHManagement,Andrew Vernon @DeptVetAffairs,Casey&amp;Claire Carlson(Hamburg,NY)	25.436403
Fri Apr 09 03:04:04 +0000 2021	@JoeBiden @CISAManfra @ScottMorrisonMP(Pt19)Private Investigators,Barry Watson @ArlingtonPD,Timothy Nim(NY)Andy Gordon(CT),Albert Cercone(TX),LeAnn DeptVetAffairs(TX)@BHManagement,Andrew Vernon @DeptVetAffairs,Casey&amp;Claire Carlson(Hamburg,NY)	25.436403
Mon Apr 05 07:13:23 +0000 2021	@JoeBiden @CivilRights @ScottMorrisonMP(Pt19)Private Investigators,Barry Watson @ArlingtonPD,Timothy Nim(NY)Andy Gordon(CT),Albert Cercone(TX),LeAnn DeptVetAffairs(TX)@BHManagement,Andrew Vernon @DeptVetAffairs,Casey&amp;Claire Carlson(Hamburg,NY)	25.436403
Wed Apr 07 02:20:54 +0000 2021	@POTUS @_DirectorWray @ScottMorrisonMP(Pt19)Private Investigators,Barry Watson @ArlingtonPD,Timothy Nim(NY)Andy Gordon(CT),Albert Cercone(TX),LeAnn DeptVetAffairs(TX)@BHManagement,Andrew Vernon @DeptVetAffairs,Casey&amp;Claire Carlson(Hamburg,NY)	25.436403
Sun Apr 04 00:18:01 +0000 2021	@JoeBiden @WhiteHouse @ScottMorrisonMP(Pt19)Private Investigators,Barry Watson @ArlingtonPD,Timothy Nim(NY)Andy Gordon(CT),Albert Cercone(TX),LeAnn DeptVetAffairs(TX)@BHManagement,Andrew Vernon @DeptVetAffairs,Casey&amp;Claire Carlson(Hamburg,NY)	25.436403
Sat Apr 10 02:22:14 +0000 2021	@POTUS @TheJusticeDept @ScottMorrisonMP(Pt19)Private Investigators,Barry Watson @ArlingtonPD,Timothy Nim(NY)Andy Gordon(CT),Albert Cercone(TX),LeAnn DeptVetAffairs(TX)@BHManagement,Andrew Vernon @DeptVetAffairs,Casey&amp;Claire Carlson(Hamburg,NY)	25.436403
Sat Apr 03 14:22:22 +0000 2021	@POTUS @FBIAgentsAssoc @ScottMorrisonMP(Pt19)Private Investigators,Barry Watson @ArlingtonPD,Timothy Nim(NY)Andy Gordon(CT),Albert Cercone(TX),LeAnn DeptVetAffairs(TX)@BHManagement,Andrew Vernon @DeptVetAffairs,Casey&amp;Claire Carlson(Hamburg,NY)	25.436403
Sat Apr 10 21:38:23 +0000 2021	@JoeBiden @WHCommsDir @ScottMorrisonMP(Pt16)@NYPDDetectives,@DallasPD,@LVMPD,@NHPSouthernComm&amp;Private Investigators(NY,TX,NV,CT,MA,GA)on their side in order to cover up,continue&amp;get away with hacking my devices&amp;causing this sex scandal. @FBI should be ashamed	25.11355
Wed Mar 31 07:30:10 +0000 2021	@POTUS @StateDeptSpox @ScottMorrisonMP(Pt16)@NYPDDetectives,@DallasPD,@LVMPD,@NHPSouthernComm&amp;Private Investigators(NY,TX,NV,CT,MA,GA)on their side in order to cover up,continue&amp;get away with hacking my devices&amp;causing this sex scandal. @FBI should be ashamed	25.11355
Fri Apr 09 02:23:47 +0000 2021	@JoeBiden @CISAManfra @ScottMorrisonMP(Pt16)@NYPDDetectives,@DallasPD,@LVMPD,@NHPSouthernComm&amp;Private Investigators(NY,TX,NV,CT,MA,GA)on their side in order to cover up,continue&amp;get away with hacking my devices&amp;causing this sex scandal. @FBI should be ashamed	25.11355
Mon Apr 05 05:02:57 +0000 2021	@JoeBiden @CivilRights @ScottMorrisonMP(Pt16)@NYPDDetectives,@DallasPD,@LVMPD,@NHPSouthernComm&amp;Private Investigators(NY,TX,NV,CT,MA,GA)on their side in order to cover up,continue&amp;get away with hacking my devices&amp;causing this sex scandal. @FBI should be ashamed	25.11355
Sat Apr 03 10:15:02 +0000 2021	@POTUS @FBIAgentsAssoc @ScottMorrisonMP(Pt16)@NYPDDetectives,@DallasPD,@LVMPD,@NHPSouthernComm&amp;Private Investigators(NY,TX,NV,CT,MA,GA)on their side in order to cover up,continue&amp;get away with hacking my devices&amp;causing this sex scandal. @FBI should be ashamed	25.11355
Sat Apr 03 23:45:45 +0000 2021	@JoeBiden @WhiteHouse @ScottMorrisonMP(Pt16)@NYPDDetectives,@DallasPD,@LVMPD,@NHPSouthernComm&amp;Private Investigators(NY,TX,NV,CT,MA,GA)on their side in order to cover up,continue&amp;get away with hacking my devices&amp;causing this sex scandal. @FBI should be ashamed	25.11355
Sat Apr 10 01:56:48 +0000 2021	@POTUS @TheJusticeDept @ScottMorrisonMP(Pt16)@NYPDDetectives,@DallasPD,@LVMPD,@NHPSouthernComm&amp;Private Investigators(NY,TX,NV,CT,MA,GA)on their side in order to cover up,continue&amp;get away with hacking my devices&amp;causing this sex scandal. @FBI should be ashamed	25.11355
Wed Apr 07 01:53:07 +0000 2021	@POTUS @_DirectorWray @ScottMorrisonMP(Pt16)@NYPDDetectives,@DallasPD,@LVMPD,@NHPSouthernComm&amp;Private Investigators(NY,TX,NV,CT,MA,GA)on their side in order to cover up,continue&amp;get away with hacking my devices&amp;causing this sex scandal. @FBI should be ashamed	25.11355
Wed Apr 07 13:14:09 +0000 2021	@JoeBiden @KremlinRussia_E @narendramodi @EmmanuelMacron @BorisJohnson @netanyahu @JPN_PMO @ScottMorrisonMP @sanchezcastejon  #WW3 has Begin with Turkey, Pakistan, Iran, Bangladesh, Somalia, Chechnya, Afghanistan Training &amp; Promoting Islamic Terrorism with Chinese Funds &amp; Arms	25.028082
Thu Apr 08 02:26:44 +0000 2021	@JoeBiden @KremlinRussia_E @narendramodi @EmmanuelMacron @BorisJohnson @netanyahu @JPN_PMO @ScottMorrisonMP @sanchezcastejon  #WW3 has Begin with Turkey, Pakistan, Iran, Bangladesh, Somalia, Chechnya, Afghanistan Training &amp; Promoting Islamic Terrorism with Chinese Funds &amp; Arms	25.028082
Thu Apr 08 02:30:50 +0000 2021	@JoeBiden @KremlinRussia_E @narendramodi @EmmanuelMacron @BorisJohnson @netanyahu @JPN_PMO @ScottMorrisonMP @sanchezcastejon  #WW3 has Begin with Turkey, Pakistan, Iran, Bangladesh, Somalia, Chechnya, Afghanistan Training &amp; Promoting Islamic Terrorism with Chinese Funds &amp; Arms	25.028082
Thu Apr 08 02:44:05 +0000 2021	@JoeBiden @KremlinRussia_E @narendramodi @EmmanuelMacron @BorisJohnson @netanyahu @JPN_PMO @ScottMorrisonMP @sanchezcastejon  #WW3 has Begin with Turkey, Pakistan, Iran, Bangladesh, Somalia, Chechnya, Afghanistan Training &amp; Promoting Islamic Terrorism with Chinese Funds &amp; Arms	25.028082
Thu Apr 08 02:45:42 +0000 2021	@JoeBiden @KremlinRussia_E @narendramodi @EmmanuelMacron @BorisJohnson @netanyahu @JPN_PMO @ScottMorrisonMP @sanchezcastejon  #WW3 has Begin with Turkey, Pakistan, Iran, Bangladesh, Somalia, Chechnya, Afghanistan Training &amp; Promoting Islamic Terrorism with Chinese Funds &amp; Arms	25.028082
Thu Apr 08 02:32:52 +0000 2021	@JoeBiden @KremlinRussia_E @narendramodi @EmmanuelMacron @BorisJohnson @netanyahu @JPN_PMO @ScottMorrisonMP @sanchezcastejon  #WW3 has Begin with Turkey, Pakistan, Iran, Bangladesh, Somalia, Chechnya, Afghanistan Training &amp; Promoting Islamic Terrorism with Chinese Funds &amp; Arms	25.028082
Thu Apr 08 02:42:30 +0000 2021	@JoeBiden @KremlinRussia_E @narendramodi @EmmanuelMacron @BorisJohnson @netanyahu @JPN_PMO @ScottMorrisonMP @sanchezcastejon  #WW3 has Begin with Turkey, Pakistan, Iran, Bangladesh, Somalia, Chechnya, Afghanistan Training &amp; Promoting Islamic Terrorism with Chinese Funds &amp; Arms	25.028082
Thu Apr 08 02:54:41 +0000 2021	@JoeBiden @KremlinRussia_E @narendramodi @EmmanuelMacron @BorisJohnson @netanyahu @JPN_PMO @ScottMorrisonMP @sanchezcastejon  #WW3 has Begin with Turkey, Pakistan, Iran, Bangladesh, Somalia, Chechnya, Afghanistan Training &amp; Promoting Islamic Terrorism with Chinese Funds &amp; Arms	25.028082
Wed Apr 07 03:46:55 +0000 2021	@JoeBiden @KremlinRussia_E @narendramodi @EmmanuelMacron @BorisJohnson @netanyahu @JPN_PMO @ScottMorrisonMP @sanchezcastejon  #WW3 has Begin with Turkey, Pakistan, Iran, Bangladesh, Somalia, Chechnya, Afghanistan Training &amp; Promoting Islamic Terrorism with Chinese Funds &amp; Arms	25.028082
Wed Mar 31 21:40:52 +0000 2021	@JoeBiden @DOJ_EOIR @ScottMorrisonMP(Pt16)@NYPDDetectives,@DallasPD,@LVMPD,@NHPSouthernComm&amp;Private Investigators(NY,TX,NV,CT,MA,GA)on their side in order to cover up,continue&amp;get away with hacking my devices&amp;causing this sex scandal. @FBI should be ashamed	24.751915
Sat Apr 10 22:28:33 +0000 2021	@JoeBiden @WHCommsDir @ScottMorrisonMP(Pt17)by having ALL involved continue having police departments&amp;private investigators from different states track my every move,hack my devices to cover up what they're doing&amp;continue taking part in this sex scandal	24.104504
Wed Mar 31 21:54:46 +0000 2021	@JoeBiden @DOJ_EOIR @ScottMorrisonMP(Pt17)by having ALL involved continue having police departments&amp;private investigators from different states track my every move,hack my devices to cover up what they're doing&amp;continue taking part in this sex scandal	24.104504
Wed Mar 31 07:48:54 +0000 2021	@POTUS @StateDeptSpox @ScottMorrisonMP(Pt17)by having ALL involved continue having police departments&amp;private investigators from different states track my every move,hack my devices to cover up what they're doing&amp;continue taking part in this sex scandal	24.104504
Fri Apr 09 02:29:31 +0000 2021	@JoeBiden @CISAManfra @ScottMorrisonMP(Pt17)by having ALL involved continue having police departments&amp;private investigators from different states track my every move,hack my devices to cover up what they're doing&amp;continue taking part in this sex scandal	24.104504
Mon Apr 05 05:51:50 +0000 2021	@JoeBiden @CivilRights @ScottMorrisonMP(Pt17)by having ALL involved continue having police departments&amp;private investigators from different states track my every move,hack my devices to cover up what they're doing&amp;continue taking part in this sex scandal	24.104504
Wed Apr 07 02:00:45 +0000 2021	@POTUS @_DirectorWray @ScottMorrisonMP(Pt17)by having ALL involved continue having police departments&amp;private investigators from different states track my every move,hack my devices to cover up what they're doing&amp;continue taking part in this sex scandal	24.104504
Sat Apr 03 10:39:29 +0000 2021	@POTUS @FBIAgentsAssoc @ScottMorrisonMP(Pt17)by having ALL involved continue having police departments&amp;private investigators from different states track my every move,hack my devices to cover up what they're doing&amp;continue taking part in this sex scandal	24.104504
Sat Apr 03 23:57:47 +0000 2021	@JoeBiden @WhiteHouse @ScottMorrisonMP(Pt17)by having ALL involved continue having police departments&amp;private investigators from different states track my every move,hack my devices to cover up what they're doing&amp;continue taking part in this sex scandal	24.104504
Sat Apr 10 02:04:55 +0000 2021	@POTUS @TheJusticeDept @ScottMorrisonMP(Pt17)by having ALL involved continue having police departments&amp;private investigators from different states track my every move,hack my devices to cover up what they're doing&amp;continue taking part in this sex scandal	24.104504
Sat Apr 10 19:33:14 +0000 2021	@JoeBiden @WHCommsDir @ScottMorrisonMP(Pt5)Roman Kikta(Dallas,TX)Josette Sprott(NYC)Chantel Lewin(LithiaSprings,GA)Eric Serrano(Queens,NY)Ben Arokoyo(StatenIsland,NY)Cynthia Enamorado(LasVegas,NV)Hector Leon Lara Diaz Torre(Mexico)Sean Dillon(NYC)Marisa Murphy,Andy Gordon(CT),	20.95257
Wed Mar 31 04:13:19 +0000 2021	@POTUS @StateDeptSpox @ScottMorrisonMP(Pt5)Roman Kikta(Dallas,TX)Josette Sprott(NYC)Chantel Lewin(LithiaSprings,GA)Eric Serrano(Queens,NY)Ben Arokoyo(StatenIsland,NY)Cynthia Enamorado(LasVegas,NV)Hector Leon Lara Diaz Torre(Mexico)Sean Dillon(NYC)Marisa Murphy,Andy Gordon(CT),	20.95257
Wed Mar 31 18:49:36 +0000 2021	@JoeBiden @DOJ_EOIR @ScottMorrisonMP(Pt5)Roman Kikta(Dallas,TX)Josette Sprott(NYC)Chantel Lewin(LithiaSprings,GA)Eric Serrano(Queens,NY)Ben Arokoyo(StatenIsland,NY)Cynthia Enamorado(LasVegas,NV)Hector Leon Lara Diaz Torre(Mexico)Sean Dillon(NYC)Marisa Murphy,Andy Gordon(CT),	20.95257
Mon Apr 05 01:24:31 +0000 2021	@JoeBiden @CivilRights @ScottMorrisonMP(Pt5)Roman Kikta(Dallas,TX)Josette Sprott(NYC)Chantel Lewin(LithiaSprings,GA)Eric Serrano(Queens,NY)Ben Arokoyo(StatenIsland,NY)Cynthia Enamorado(LasVegas,NV)Hector Leon Lara Diaz Torre(Mexico)Sean Dillon(NYC)Marisa Murphy,Andy Gordon(CT),	20.95257
Tue Apr 06 22:00:16 +0000 2021	@POTUS @_DirectorWray @ScottMorrisonMP(Pt5)Roman Kikta(Dallas,TX)Josette Sprott(NYC)Chantel Lewin(LithiaSprings,GA)Eric Serrano(Queens,NY)Ben Arokoyo(StatenIsland,NY)Cynthia Enamorado(LasVegas,NV)Hector Leon Lara Diaz Torre(Mexico)Sean Dillon(NYC)Marisa Murphy,Andy Gordon(CT),	20.95257
Sat Apr 03 04:07:50 +0000 2021	@POTUS @FBIAgentsAssoc @ScottMorrisonMP(Pt5)Roman Kikta(Dallas,TX)Josette Sprott(NYC)Chantel Lewin(LithiaSprings,GA)Eric Serrano(Queens,NY)Ben Arokoyo(StatenIsland,NY)Cynthia Enamorado(LasVegas,NV)Hector Leon Lara Diaz Torre(Mexico)Sean Dillon(NYC)Marisa Murphy,Andy Gordon(CT),	20.95257
Sat Apr 03 21:07:13 +0000 2021	@JoeBiden @WhiteHouse @ScottMorrisonMP(Pt5)Roman Kikta(Dallas,TX)Josette Sprott(NYC)Chantel Lewin(LithiaSprings,GA)Eric Serrano(Queens,NY)Ben Arokoyo(StatenIsland,NY)Cynthia Enamorado(LasVegas,NV)Hector Leon Lara Diaz Torre(Mexico)Sean Dillon(NYC)Marisa Murphy,Andy Gordon(CT),	20.95257
Fri Apr 09 22:15:05 +0000 2021	@POTUS @TheJusticeDept @ScottMorrisonMP(Pt5)Roman Kikta(Dallas,TX)Josette Sprott(NYC)Chantel Lewin(LithiaSprings,GA)Eric Serrano(Queens,NY)Ben Arokoyo(StatenIsland,NY)Cynthia Enamorado(LasVegas,NV)Hector Leon Lara Diaz Torre(Mexico)Sean Dillon(NYC)Marisa Murphy,Andy Gordon(CT),	20.95257
Thu Apr 08 22:40:17 +0000 2021	@JoeBiden @CISAManfra @ScottMorrisonMP(Pt5)Roman Kikta(Dallas,TX)Josette Sprott(NYC)Chantel Lewin(LithiaSprings,GA)Eric Serrano(Queens,NY)Ben Arokoyo(StatenIsland,NY)Cynthia Enamorado(LasVegas,NV)Hector Leon Lara Diaz Torre(Mexico)Sean Dillon(NYC)Marisa Murphy,Andy Gordon(CT),	20.95257
Mon Apr 05 16:09:15 +0000 2021	"@POTUS @SecBlinken @SpeakerPelosi @mikepompeo @JustinTrudeau @ScottMorrisonMP @BorisJohnson Donald Trump and Mike Pompeo calling coronavirus the ""Chinese virus"" ""fueled anti-Asian hatred/sentiments"" early in the pandemic.  when the white instigators would be caught for justice?"	17.547546
Sun Apr 04 07:36:11 +0000 2021	@thepmo  TSSPDCL-Telangana state. While paying electricity bills through online,INB,Debit&amp;Credit cards,UPI the company is charging huge amount of commission for online payments. This is simply looting. On one side PM is encouraging digital &amp;on the other looting with extra chgs.	14.400522
Wed Mar 31 20:26:45 +0000 2021	@POTUS to fix US ageing bridges, roads, rail lines, utilities in climate focussed infrastructure spend.Anyone home @ScottMorrisonMP? #auspol	12.370029
Wed Apr 07 20:41:11 +0000 2021	@thepmo Have been in Australia for couple of months. And I observed in Sydney CBD that these communists and their subsidiaries are brewing. Take care of them before they blow up as they recently did in India.	11.753527
Fri Apr 02 21:43:06 +0000 2021	@thepmo have no hide exploiting Easter to present a child gaoler and enabled of sexual abuse in a sickening attempt at making Easter a political media opportunity	11.2137985
Mon Apr 05 15:27:57 +0000 2021	@POTUS @ABlinken @SecBlinken @SpeakerPelosi @mikepompeo @JustinTrudeau @erinotoole @ScottMorrisonMP @BorisJohnson                   Diplomats from 20 countries visited Xinjiang in the last few days. Did you hear any western media report the trip?   Western medias are as low you!	10.683761
Sat Apr 03 10:08:26 +0000 2021	@narendramodi @JoeBiden @KremlinRussia_E @BorisJohnson @jairbolsonaro @ScottMorrisonMP @JPN_PMO @EmmanuelMacron @AqngelaMerkeICDU IF WORLD HUMAN RIGHTS COMMISSION IS WORRIED ABOUT ALL,THEN WHY MINORITIES LIKE HINDUS R BEING RAPPED/KILLED&amp; KIDNAPPED IN PAKISTAN ON DAILY BASIS!🙏🏻🙏🏻	9.289916
Tue Apr 06 20:31:42 +0000 2021	@POTUS If possible, please help @ScottMorrisonMP and send across 50m to your mates in Australia. We did annoy China on your behalf in the middle of the pandemic.	9.258285
Thu Apr 08 19:04:20 +0000 2021	@POTUS @JustinTrudeau @CDUMerkel @EmmanuelMacron @ScottMorrisonMP CO2 @ +420 PPM, requires Paris signatures adopt a non-GHG based economy, to restrict #Methane, #SulfurHexafluoride, #HFCs &amp; other heat trapping gases, as fast as a Covid vaccine was found. https://t.co/dRbQXoi83s	8.423985
Tue Apr 06 09:08:17 +0000 2021	@sugawitter @kantei @ScottMorrisonMP @MarisePayne @lindareynoldswa @narendramodi @netanyahu @DrRonMalka @BorisJohnson @pritipatel @konotaromp @EmmanuelMacron technologies resources security's intelligence @PMOIndia	7.37005
Mon Apr 05 18:40:49 +0000 2021	@narendramodi @PMOIndia @netanyahu @IsraeliPM @JPN_PMO @sugawitter @konotaromp @adgpi @DRDO_India @ScottMorrisonMP @MarisePayne @DrRonMalka   As the U.S. government considers new measures to secure the information and communications technology and services supply chain	7.331288
Sun Apr 04 06:18:14 +0000 2021	@POTUS @SecBlinken @SpeakerPelosi @erinotoole @JustinTrudeau @ScottMorrisonMP @BorisJohnson   @mikrpompeo This was  war crime committed by the white beasts! Angry!	6.5847983
Tue Apr 06 09:06:24 +0000 2021	@sugawitter @kantei @ScottMorrisonMP @MarisePayne @lindareynoldswa  @narendramodi @netanyahu @DrRonMalka @BorisJohnson @pritipatel @konotaromp @EmmanuelMacron  1 strongest bonds between nations are trade financial  economic bonds   dependencies between nations are energy manpower	5.928848
Fri Apr 09 11:32:06 +0000 2021	@narendramodi @POTUS @JoeBiden @ScottMorrisonMP @sugawitter Get a free #amazon gift card.just clik the link &gt;&gt; https://t.co/VVQ86mhTY4	5.9143467
Wed Mar 31 01:48:50 +0000 2021	This evening, will be taking part in the First Quad Leaders’ Virtual Summit with @POTUS @JoeBiden, PM @ScottMorrisonMP and PM @sugawitter. The Summit will provide an opportunity to discuss a wide range of regional and global issues of shared interest.	5.901081
Tue Apr 06 01:45:29 +0000 2021	Had fruitful discussions with @POTUS @JoeBiden, PM @ScottMorrisonMP and PM @sugawitter at the 1st Quad Summit.   Reiterated India’s commitment to a free, open and inclusive Indo-Pacific in line with our vision of SAGAR - Security and Growth for All in the Region.	4.991526
Thu Apr 01 09:19:26 +0000 2021	Had fruitful discussions with @POTUS @JoeBiden, PM @ScottMorrisonMP and PM @sugawitter at the 1st Quad Summit.   Reiterated India’s commitment to a free, open and inclusive Indo-Pacific in line with our vision of SAGAR - Security and Growth for All in the Region.	4.991526
Thu Apr 01 01:08:49 +0000 2021	Had fruitful discussions with @POTUS @JoeBiden, PM @ScottMorrisonMP and PM @sugawitter at the 1st Quad Summit.   Reiterated India’s commitment to a free, open and inclusive Indo-Pacific in line with our vision of SAGAR - Security and Growth for All in the Region.	4.991526
Thu Apr 01 17:54:21 +0000 2021	Had fruitful discussions with @POTUS @JoeBiden, PM @ScottMorrisonMP and PM @sugawitter at the 1st Quad Summit.   Reiterated India’s commitment to a free, open and inclusive Indo-Pacific in line with our vision of SAGAR - Security and Growth for All in the Region.	4.991526
Thu Apr 01 17:35:59 +0000 2021	Had fruitful discussions with @POTUS @JoeBiden, PM @ScottMorrisonMP and PM @sugawitter at the 1st Quad Summit.   Reiterated India’s commitment to a free, open and inclusive Indo-Pacific in line with our vision of SAGAR - Security and Growth for All in the Region.	4.991526
Thu Apr 08 16:17:45 +0000 2021	Had fruitful discussions with @POTUS @JoeBiden, PM @ScottMorrisonMP and PM @sugawitter at the 1st Quad Summit.   Reiterated India’s commitment to a free, open and inclusive Indo-Pacific in line with our vision of SAGAR - Security and Growth for All in the Region.	4.991526
Sun Apr 04 08:58:37 +0000 2021	Had fruitful discussions with @POTUS @JoeBiden, PM @ScottMorrisonMP and PM @sugawitter at the 1st Quad Summit.   Reiterated India’s commitment to a free, open and inclusive Indo-Pacific in line with our vision of SAGAR - Security and Growth for All in the Region.	4.991526
Sun Apr 04 13:34:46 +0000 2021	Had fruitful discussions with @POTUS @JoeBiden, PM @ScottMorrisonMP and PM @sugawitter at the 1st Quad Summit.   Reiterated India’s commitment to a free, open and inclusive Indo-Pacific in line with our vision of SAGAR - Security and Growth for All in the Region.	4.991526
Fri Apr 02 11:44:58 +0000 2021	Had fruitful discussions with @POTUS @JoeBiden, PM @ScottMorrisonMP and PM @sugawitter at the 1st Quad Summit.   Reiterated India’s commitment to a free, open and inclusive Indo-Pacific in line with our vision of SAGAR - Security and Growth for All in the Region.	4.991526
Fri Apr 02 09:24:40 +0000 2021	Had fruitful discussions with @POTUS @JoeBiden, PM @ScottMorrisonMP and PM @sugawitter at the 1st Quad Summit.   Reiterated India’s commitment to a free, open and inclusive Indo-Pacific in line with our vision of SAGAR - Security and Growth for All in the Region.	4.991526
Mon Apr 05 15:04:53 +0000 2021	Had fruitful discussions with @POTUS @JoeBiden, PM @ScottMorrisonMP and PM @sugawitter at the 1st Quad Summit.   Reiterated India’s commitment to a free, open and inclusive Indo-Pacific in line with our vision of SAGAR - Security and Growth for All in the Region.	4.991526
Sat Apr 03 08:46:04 +0000 2021	@sugawitter @konotaromp @narendramodi @adgpi @DRDO_India @PMOIndia @ScottMorrisonMP @MarisePayne @lindareynoldswa quad must realize the importance of building own innovation hub quad centric research and development manufacturing programs developing own telent pool even https://t.co/dVH7nVLEtd	4.811268
Fri Apr 02 18:03:59 +0000 2021	@POTUS @SecBlinken @mikepompeo @SpeakerPelosi @JustinTrudeau @erinotoole @BorisJohnson @ScottMorrisonMP    Aren’t the crimes committed by the USA  true?   Justice may be late, but will never be absent!	4.7979198
Sat Apr 10 22:19:02 +0000 2021	@JoeBiden @un @IsraeliPM @EmmanuelMacron @HHShkMohd @ScottMorrisonMP @medwma @who @un  @narendramodi  @BBCWorld @ANI @AlJazeera  @nypost @KremlinRussia_E  @SouthAfrica @SEGA_Europe   Covid 19 is a man made destruction weapon. We have lost so many but no action against... https://t.co/SCuVhUSfWV	4.6916265
Wed Mar 31 11:22:37 +0000 2021	@POTUS @StateDeptSpox @ScottMorrisonMP(Pt21)those involved in hacking my devices&amp;causing this sex scandal. ALL involved are lying to @FBI agents&amp;law enforcement in order to protect the main culprits hacking my devices&amp;causing this sex scandal. The main culprits are:	4.4235535
Fri Apr 09 03:47:47 +0000 2021	@JoeBiden @CISAManfra @ScottMorrisonMP(Pt21)those involved in hacking my devices&amp;causing this sex scandal. ALL involved are lying to @FBI agents&amp;law enforcement in order to protect the main culprits hacking my devices&amp;causing this sex scandal. The main culprits are:	4.4235535
Mon Apr 05 07:30:53 +0000 2021	@JoeBiden @CivilRights @ScottMorrisonMP(Pt21)those involved in hacking my devices&amp;causing this sex scandal. ALL involved are lying to @FBI agents&amp;law enforcement in order to protect the main culprits hacking my devices&amp;causing this sex scandal. The main culprits are:	4.4235535
Wed Apr 07 02:51:53 +0000 2021	@POTUS @_DirectorWray @ScottMorrisonMP(Pt21)those involved in hacking my devices&amp;causing this sex scandal. ALL involved are lying to @FBI agents&amp;law enforcement in order to protect the main culprits hacking my devices&amp;causing this sex scandal. The main culprits are:	4.4235535
Sat Apr 03 16:33:11 +0000 2021	@POTUS @FBIAgentsAssoc @ScottMorrisonMP(Pt21)those involved in hacking my devices&amp;causing this sex scandal. ALL involved are lying to @FBI agents&amp;law enforcement in order to protect the main culprits hacking my devices&amp;causing this sex scandal. The main culprits are:	4.4235535
Wed Mar 31 23:58:16 +0000 2021	@JoeBiden @DOJ_EOIR @ScottMorrisonMP(Pt21)those involved in hacking my devices&amp;causing this sex scandal. ALL involved are lying to @FBI agents&amp;law enforcement in order to protect the main culprits hacking my devices&amp;causing this sex scandal. The main culprits are:	4.4235535
Sat Apr 10 02:36:30 +0000 2021	@POTUS @TheJusticeDept @ScottMorrisonMP(Pt21)those involved in hacking my devices&amp;causing this sex scandal. ALL involved are lying to @FBI agents&amp;law enforcement in order to protect the main culprits hacking my devices&amp;causing this sex scandal. The main culprits are:	4.4235535
Sun Apr 04 00:38:10 +0000 2021	@JoeBiden @WhiteHouse @ScottMorrisonMP(Pt21)those involved in hacking my devices&amp;causing this sex scandal. ALL involved are lying to @FBI agents&amp;law enforcement in order to protect the main culprits hacking my devices&amp;causing this sex scandal. The main culprits are:	4.4235535
Tue Apr 06 03:35:45 +0000 2021	@JoeBiden @WHCommsDir @ScottMorrisonMP(Pt21)those involved in hacking my devices&amp;causing this sex scandal. ALL involved are lying to @FBI agents&amp;law enforcement in order to protect the main culprits hacking my devices&amp;causing this sex scandal. The main culprits are:	4.4235535
Mon Apr 05 06:45:37 +0000 2021	@POTUS @SecBlinken @VP @mikepompeo @JustinTrudeau @erinotoole @ScottMorrisonMP @BorisJohnson      @SpeakerPelosi Have you ever punished those US and nato army  committed war crimes on daily basis in Iraq?     The world have suffered the atrocities committed by west civ!  Beasts!	4.1615252
Tue Apr 06 01:35:46 +0000 2021	@JoeBiden @WHCommsDir @ScottMorrisonMP(Pt12)emailed&amp;text in order to have them assist in this hacking&amp;sex scandal. It's a shame @FBI refuse to place ALL who are hacking my devices to cause this sex scandal under arrest? If I committed these actions, I would be arrested by @FBI&amp;	3.4184775
Wed Mar 31 20:36:29 +0000 2021	@JoeBiden @DOJ_EOIR @ScottMorrisonMP(Pt12)emailed&amp;text in order to have them assist in this hacking&amp;sex scandal. It's a shame @FBI refuse to place ALL who are hacking my devices to cause this sex scandal under arrest? If I committed these actions, I would be arrested by @FBI&amp;	3.4184775
Wed Mar 31 05:17:44 +0000 2021	@POTUS @StateDeptSpox @ScottMorrisonMP(Pt12)emailed&amp;text in order to have them assist in this hacking&amp;sex scandal. It's a shame @FBI refuse to place ALL who are hacking my devices to cause this sex scandal under arrest? If I committed these actions, I would be arrested by @FBI&amp;	3.4184775
Fri Apr 09 01:15:09 +0000 2021	@JoeBiden @CISAManfra @ScottMorrisonMP(Pt12)emailed&amp;text in order to have them assist in this hacking&amp;sex scandal. It's a shame @FBI refuse to place ALL who are hacking my devices to cause this sex scandal under arrest? If I committed these actions, I would be arrested by @FBI&amp;	3.4184775
Mon Apr 05 03:33:26 +0000 2021	@JoeBiden @CivilRights @ScottMorrisonMP(Pt12)emailed&amp;text in order to have them assist in this hacking&amp;sex scandal. It's a shame @FBI refuse to place ALL who are hacking my devices to cause this sex scandal under arrest? If I committed these actions, I would be arrested by @FBI&amp;	3.4184775
Wed Apr 07 00:47:37 +0000 2021	@POTUS @_DirectorWray @ScottMorrisonMP(Pt12)emailed&amp;text in order to have them assist in this hacking&amp;sex scandal. It's a shame @FBI refuse to place ALL who are hacking my devices to cause this sex scandal under arrest? If I committed these actions, I would be arrested by @FBI&amp;	3.4184775
Sat Apr 03 23:03:22 +0000 2021	@JoeBiden @WhiteHouse @ScottMorrisonMP(Pt12)emailed&amp;text in order to have them assist in this hacking&amp;sex scandal. It's a shame @FBI refuse to place ALL who are hacking my devices to cause this sex scandal under arrest? If I committed these actions, I would be arrested by @FBI&amp;	3.4184775
Sat Apr 03 08:55:18 +0000 2021	@POTUS @FBIAgentsAssoc @ScottMorrisonMP(Pt12)emailed&amp;text in order to have them assist in this hacking&amp;sex scandal. It's a shame @FBI refuse to place ALL who are hacking my devices to cause this sex scandal under arrest? If I committed these actions, I would be arrested by @FBI&amp;	3.4184775
Sat Apr 10 01:02:10 +0000 2021	@POTUS @TheJusticeDept @ScottMorrisonMP(Pt12)emailed&amp;text in order to have them assist in this hacking&amp;sex scandal. It's a shame @FBI refuse to place ALL who are hacking my devices to cause this sex scandal under arrest? If I committed these actions, I would be arrested by @FBI&amp;	3.4184775
Wed Apr 07 05:04:05 +0000 2021	@POTUS Hey @ScottMorrisonMP #ExtractTheDigit you are letting down Australians as the US powers ahead in its #vaccinerollout	3.3768573
Wed Apr 07 17:33:31 +0000 2021	@narendramodi @POTUS @JoeBiden @ScottMorrisonMP @sugawitter Sir Cogratulations for this , now please intervene for putting lock down again,  start with Maharashtra first and all other states as well . Ot will be really needed as you done this last year and saved all one . In nagpur today 66 deaths , 57000 positive in Maharashtra.	1.9932814
Thu Apr 01 13:28:56 +0000 2021	Connected by the Indian Ocean, united by the Indian Samosa!  Looks delicious, PM @ScottMorrisonMP!   Once we achieve a decisive victory against COVID-19, we will enjoy the Samosas together.   Looking forward to our video meet on the 4th.	0.83798325
Mon Apr 05 07:53:53 +0000 2021	Connected by the Indian Ocean, united by the Indian Samosa!  Looks delicious, PM @ScottMorrisonMP!   Once we achieve a decisive victory against COVID-19, we will enjoy the Samosas together.   Looking forward to our video meet on the 4th.	0.83798325
