created_at	text	_score
Tue Apr 06 09:06:24 +0000 2021	@sugawitter @kantei @ScottMorrisonMP @MarisePayne @lindareynoldswa  @narendramodi @netanyahu @DrRonMalka @BorisJohnson @pritipatel @konotaromp @EmmanuelMacron  1 strongest bonds between nations are trade financial  economic bonds   dependencies between nations are energy manpower	253.8503
Tue Apr 06 01:45:29 +0000 2021	Had fruitful discussions with @POTUS @JoeBiden, PM @ScottMorrisonMP and PM @sugawitter at the 1st Quad Summit.   Reiterated India’s commitment to a free, open and inclusive Indo-Pacific in line with our vision of SAGAR - Security and Growth for All in the Region.	136.36737
Thu Apr 01 09:19:26 +0000 2021	Had fruitful discussions with @POTUS @JoeBiden, PM @ScottMorrisonMP and PM @sugawitter at the 1st Quad Summit.   Reiterated India’s commitment to a free, open and inclusive Indo-Pacific in line with our vision of SAGAR - Security and Growth for All in the Region.	136.36737
Thu Apr 01 01:08:49 +0000 2021	Had fruitful discussions with @POTUS @JoeBiden, PM @ScottMorrisonMP and PM @sugawitter at the 1st Quad Summit.   Reiterated India’s commitment to a free, open and inclusive Indo-Pacific in line with our vision of SAGAR - Security and Growth for All in the Region.	136.36737
Thu Apr 01 17:54:21 +0000 2021	Had fruitful discussions with @POTUS @JoeBiden, PM @ScottMorrisonMP and PM @sugawitter at the 1st Quad Summit.   Reiterated India’s commitment to a free, open and inclusive Indo-Pacific in line with our vision of SAGAR - Security and Growth for All in the Region.	136.36737
Thu Apr 01 17:35:59 +0000 2021	Had fruitful discussions with @POTUS @JoeBiden, PM @ScottMorrisonMP and PM @sugawitter at the 1st Quad Summit.   Reiterated India’s commitment to a free, open and inclusive Indo-Pacific in line with our vision of SAGAR - Security and Growth for All in the Region.	136.36737
Thu Apr 08 16:17:45 +0000 2021	Had fruitful discussions with @POTUS @JoeBiden, PM @ScottMorrisonMP and PM @sugawitter at the 1st Quad Summit.   Reiterated India’s commitment to a free, open and inclusive Indo-Pacific in line with our vision of SAGAR - Security and Growth for All in the Region.	136.36737
Sun Apr 04 08:58:37 +0000 2021	Had fruitful discussions with @POTUS @JoeBiden, PM @ScottMorrisonMP and PM @sugawitter at the 1st Quad Summit.   Reiterated India’s commitment to a free, open and inclusive Indo-Pacific in line with our vision of SAGAR - Security and Growth for All in the Region.	136.36737
Sun Apr 04 13:34:46 +0000 2021	Had fruitful discussions with @POTUS @JoeBiden, PM @ScottMorrisonMP and PM @sugawitter at the 1st Quad Summit.   Reiterated India’s commitment to a free, open and inclusive Indo-Pacific in line with our vision of SAGAR - Security and Growth for All in the Region.	136.36737
Fri Apr 02 11:44:58 +0000 2021	Had fruitful discussions with @POTUS @JoeBiden, PM @ScottMorrisonMP and PM @sugawitter at the 1st Quad Summit.   Reiterated India’s commitment to a free, open and inclusive Indo-Pacific in line with our vision of SAGAR - Security and Growth for All in the Region.	136.36737
Fri Apr 02 09:24:40 +0000 2021	Had fruitful discussions with @POTUS @JoeBiden, PM @ScottMorrisonMP and PM @sugawitter at the 1st Quad Summit.   Reiterated India’s commitment to a free, open and inclusive Indo-Pacific in line with our vision of SAGAR - Security and Growth for All in the Region.	136.36737
Mon Apr 05 15:04:53 +0000 2021	Had fruitful discussions with @POTUS @JoeBiden, PM @ScottMorrisonMP and PM @sugawitter at the 1st Quad Summit.   Reiterated India’s commitment to a free, open and inclusive Indo-Pacific in line with our vision of SAGAR - Security and Growth for All in the Region.	136.36737
Mon Apr 05 18:40:49 +0000 2021	@narendramodi @PMOIndia @netanyahu @IsraeliPM @JPN_PMO @sugawitter @konotaromp @adgpi @DRDO_India @ScottMorrisonMP @MarisePayne @DrRonMalka   As the U.S. government considers new measures to secure the information and communications technology and services supply chain	120.47377
Mon Apr 05 08:59:53 +0000 2021	@JoeBiden @CivilRights @ScottMorrisonMP(Pt26)The names mentioned in the previous tweets are the people responsible for this scandal. The people who are hacking my devices(computers,modem,phone,video game systems,car,electricity,water,bank&amp;credit card accounts are blaming each	84.67906
Wed Mar 31 17:23:50 +0000 2021	@POTUS @StateDeptSpox @ScottMorrisonMP(Pt26)The names mentioned in the previous tweets are the people responsible for this scandal. The people who are hacking my devices(computers,modem,phone,video game systems,car,electricity,water,bank&amp;credit card accounts are blaming each	84.67906
Thu Apr 01 02:41:20 +0000 2021	@JoeBiden @DOJ_EOIR @ScottMorrisonMP(Pt26)The names mentioned in the previous tweets are the people responsible for this scandal. The people who are hacking my devices(computers,modem,phone,video game systems,car,electricity,water,bank&amp;credit card accounts are blaming each	84.67906
Fri Apr 09 05:27:32 +0000 2021	@JoeBiden @CISAManfra @ScottMorrisonMP(Pt26)The names mentioned in the previous tweets are the people responsible for this scandal. The people who are hacking my devices(computers,modem,phone,video game systems,car,electricity,water,bank&amp;credit card accounts are blaming each	84.67906
Sun Apr 04 01:35:45 +0000 2021	@JoeBiden @WhiteHouse @ScottMorrisonMP(Pt26)The names mentioned in the previous tweets are the people responsible for this scandal. The people who are hacking my devices(computers,modem,phone,video game systems,car,electricity,water,bank&amp;credit card accounts are blaming each	84.67906
Wed Apr 07 04:09:25 +0000 2021	@POTUS @_DirectorWray @ScottMorrisonMP(Pt26)The names mentioned in the previous tweets are the people responsible for this scandal. The people who are hacking my devices(computers,modem,phone,video game systems,car,electricity,water,bank&amp;credit card accounts are blaming each	84.67906
Sat Apr 03 18:41:05 +0000 2021	@POTUS @FBIAgentsAssoc @ScottMorrisonMP(Pt26)The names mentioned in the previous tweets are the people responsible for this scandal. The people who are hacking my devices(computers,modem,phone,video game systems,car,electricity,water,bank&amp;credit card accounts are blaming each	84.67906
Sat Apr 10 03:39:36 +0000 2021	@POTUS @TheJusticeDept @ScottMorrisonMP(Pt26)The names mentioned in the previous tweets are the people responsible for this scandal. The people who are hacking my devices(computers,modem,phone,video game systems,car,electricity,water,bank&amp;credit card accounts are blaming each	84.67906
Tue Apr 06 04:33:20 +0000 2021	@JoeBiden @WHCommsDir @ScottMorrisonMP(Pt26)The names mentioned in the previous tweets are the people responsible for this scandal. The people who are hacking my devices(computers,modem,phone,video game systems,car,electricity,water,bank&amp;credit card accounts are blaming each	84.67906
Thu Apr 08 23:20:29 +0000 2021	@JoeBiden @ScottMorrisonMP @elonmusk @Thebuttsmarn It's time for change. We live in a world of disgrace, A darkened world only known in fictional texts, The future is dark, We're holding onto things that are just lingering on, that are unnecessary, like religion,  war.	73.54798
Sun Apr 04 07:36:11 +0000 2021	@thepmo  TSSPDCL-Telangana state. While paying electricity bills through online,INB,Debit&amp;Credit cards,UPI the company is charging huge amount of commission for online payments. This is simply looting. On one side PM is encouraging digital &amp;on the other looting with extra chgs.	71.33243
Fri Apr 09 05:53:19 +0000 2021	@JoeBiden @CISAManfra @ScottMorrisonMP(Pt27)other by lying to @FBI agents&amp;law enforcement in order to get away with hacking my devices&amp;causing this sex scandal. ALL DEVICES(HOME&amp;BUSINESS COMPUTERS,PHONE,HOME WIFI DSL MODEM,VIDEO GAME SYSTEMS,ETC)&amp;ALL OF MY ACCOUNTS ARE HACKED.	71.1202
Mon Apr 05 09:07:10 +0000 2021	@JoeBiden @CivilRights @ScottMorrisonMP(Pt27)other by lying to @FBI agents&amp;law enforcement in order to get away with hacking my devices&amp;causing this sex scandal. ALL DEVICES(HOME&amp;BUSINESS COMPUTERS,PHONE,HOME WIFI DSL MODEM,VIDEO GAME SYSTEMS,ETC)&amp;ALL OF MY ACCOUNTS ARE HACKED.	71.1202
Sun Apr 04 01:47:31 +0000 2021	@JoeBiden @WhiteHouse @ScottMorrisonMP(Pt27)other by lying to @FBI agents&amp;law enforcement in order to get away with hacking my devices&amp;causing this sex scandal. ALL DEVICES(HOME&amp;BUSINESS COMPUTERS,PHONE,HOME WIFI DSL MODEM,VIDEO GAME SYSTEMS,ETC)&amp;ALL OF MY ACCOUNTS ARE HACKED.	71.1202
Sat Apr 03 19:13:07 +0000 2021	@POTUS @FBIAgentsAssoc @ScottMorrisonMP(Pt27)other by lying to @FBI agents&amp;law enforcement in order to get away with hacking my devices&amp;causing this sex scandal. ALL DEVICES(HOME&amp;BUSINESS COMPUTERS,PHONE,HOME WIFI DSL MODEM,VIDEO GAME SYSTEMS,ETC)&amp;ALL OF MY ACCOUNTS ARE HACKED.	71.1202
Wed Mar 31 17:59:47 +0000 2021	@POTUS @StateDeptSpox @ScottMorrisonMP(Pt27)other by lying to @FBI agents&amp;law enforcement in order to get away with hacking my devices&amp;causing this sex scandal. ALL DEVICES(HOME&amp;BUSINESS COMPUTERS,PHONE,HOME WIFI DSL MODEM,VIDEO GAME SYSTEMS,ETC)&amp;ALL OF MY ACCOUNTS ARE HACKED.	71.1202
Sat Apr 10 03:47:04 +0000 2021	@POTUS @TheJusticeDept @ScottMorrisonMP(Pt27)other by lying to @FBI agents&amp;law enforcement in order to get away with hacking my devices&amp;causing this sex scandal. ALL DEVICES(HOME&amp;BUSINESS COMPUTERS,PHONE,HOME WIFI DSL MODEM,VIDEO GAME SYSTEMS,ETC)&amp;ALL OF MY ACCOUNTS ARE HACKED.	71.1202
Wed Apr 07 04:20:48 +0000 2021	@POTUS @_DirectorWray @ScottMorrisonMP(Pt27)other by lying to @FBI agents&amp;law enforcement in order to get away with hacking my devices&amp;causing this sex scandal. ALL DEVICES(HOME&amp;BUSINESS COMPUTERS,PHONE,HOME WIFI DSL MODEM,VIDEO GAME SYSTEMS,ETC)&amp;ALL OF MY ACCOUNTS ARE HACKED.	71.1202
Tue Apr 06 04:43:49 +0000 2021	@JoeBiden @WHCommsDir @ScottMorrisonMP(Pt27)other by lying to @FBI agents&amp;law enforcement in order to get away with hacking my devices&amp;causing this sex scandal. ALL DEVICES(HOME&amp;BUSINESS COMPUTERS,PHONE,HOME WIFI DSL MODEM,VIDEO GAME SYSTEMS,ETC)&amp;ALL OF MY ACCOUNTS ARE HACKED.	71.1202
Thu Apr 01 02:48:57 +0000 2021	@JoeBiden @DOJ_EOIR @ScottMorrisonMP(Pt27)other by lying to @FBI agents&amp;law enforcement in order to get away with hacking my devices&amp;causing this sex scandal. ALL DEVICES(HOME&amp;BUSINESS COMPUTERS,PHONE,HOME WIFI DSL MODEM,VIDEO GAME SYSTEMS,ETC)&amp;ALL OF MY ACCOUNTS ARE HACKED.	70.8873
Sat Apr 10 22:28:33 +0000 2021	@JoeBiden @WHCommsDir @ScottMorrisonMP(Pt17)by having ALL involved continue having police departments&amp;private investigators from different states track my every move,hack my devices to cover up what they're doing&amp;continue taking part in this sex scandal	70.08483
Wed Mar 31 21:54:46 +0000 2021	@JoeBiden @DOJ_EOIR @ScottMorrisonMP(Pt17)by having ALL involved continue having police departments&amp;private investigators from different states track my every move,hack my devices to cover up what they're doing&amp;continue taking part in this sex scandal	70.08483
Wed Mar 31 07:48:54 +0000 2021	@POTUS @StateDeptSpox @ScottMorrisonMP(Pt17)by having ALL involved continue having police departments&amp;private investigators from different states track my every move,hack my devices to cover up what they're doing&amp;continue taking part in this sex scandal	70.08483
Fri Apr 09 02:29:31 +0000 2021	@JoeBiden @CISAManfra @ScottMorrisonMP(Pt17)by having ALL involved continue having police departments&amp;private investigators from different states track my every move,hack my devices to cover up what they're doing&amp;continue taking part in this sex scandal	70.08483
Mon Apr 05 05:51:50 +0000 2021	@JoeBiden @CivilRights @ScottMorrisonMP(Pt17)by having ALL involved continue having police departments&amp;private investigators from different states track my every move,hack my devices to cover up what they're doing&amp;continue taking part in this sex scandal	70.08483
Wed Apr 07 02:00:45 +0000 2021	@POTUS @_DirectorWray @ScottMorrisonMP(Pt17)by having ALL involved continue having police departments&amp;private investigators from different states track my every move,hack my devices to cover up what they're doing&amp;continue taking part in this sex scandal	70.08483
Sat Apr 03 10:39:29 +0000 2021	@POTUS @FBIAgentsAssoc @ScottMorrisonMP(Pt17)by having ALL involved continue having police departments&amp;private investigators from different states track my every move,hack my devices to cover up what they're doing&amp;continue taking part in this sex scandal	70.08483
Sat Apr 03 23:57:47 +0000 2021	@JoeBiden @WhiteHouse @ScottMorrisonMP(Pt17)by having ALL involved continue having police departments&amp;private investigators from different states track my every move,hack my devices to cover up what they're doing&amp;continue taking part in this sex scandal	70.08483
Sat Apr 10 02:04:55 +0000 2021	@POTUS @TheJusticeDept @ScottMorrisonMP(Pt17)by having ALL involved continue having police departments&amp;private investigators from different states track my every move,hack my devices to cover up what they're doing&amp;continue taking part in this sex scandal	70.08483
Wed Mar 31 01:48:50 +0000 2021	This evening, will be taking part in the First Quad Leaders’ Virtual Summit with @POTUS @JoeBiden, PM @ScottMorrisonMP and PM @sugawitter. The Summit will provide an opportunity to discuss a wide range of regional and global issues of shared interest.	67.7562
Tue Apr 06 16:07:19 +0000 2021	@PMOIndia,@POTUS,@EmmanuelMacron,@ScottMorrisonMP Am a citizen of Mumbai,India corona is back ,more mean, bad and cruel than last year.I ask my PM and other world Leaders,Whats you gonna do about China who started this all.Are all of gonna be mute spectators.Dont you have a heart	59.04759
Sat Apr 10 20:05:40 +0000 2021	@JoeBiden @WHCommsDir @ScottMorrisonMP(Pt8)reicast,fpse,Contacts,n64oid,@Office,@waze,@GooglePlay,Drastic,AOD(Notify)Manager,@googlecalendar,Calculator,Gallery,Camera,@AdGuard,@lyft,SIM,phone battery,signal,graphics,externalSDcard,@Xbox One,@PlayStation 3 video game systems,	57.914238
Wed Mar 31 04:32:35 +0000 2021	@POTUS @StateDeptSpox @ScottMorrisonMP(Pt8)reicast,fpse,Contacts,n64oid,@Office,@waze,@GooglePlay,Drastic,AOD(Notify)Manager,@googlecalendar,Calculator,Gallery,Camera,@AdGuard,@lyft,SIM,phone battery,signal,graphics,externalSDcard,@Xbox One,@PlayStation 3 video game systems,	57.914238
Wed Mar 31 19:39:22 +0000 2021	@JoeBiden @DOJ_EOIR @ScottMorrisonMP(Pt8)reicast,fpse,Contacts,n64oid,@Office,@waze,@GooglePlay,Drastic,AOD(Notify)Manager,@googlecalendar,Calculator,Gallery,Camera,@AdGuard,@lyft,SIM,phone battery,signal,graphics,externalSDcard,@Xbox One,@PlayStation 3 video game systems,	57.914238
Fri Apr 09 00:35:47 +0000 2021	@JoeBiden @CISAManfra @ScottMorrisonMP(Pt8)reicast,fpse,Contacts,n64oid,@Office,@waze,@GooglePlay,Drastic,AOD(Notify)Manager,@googlecalendar,Calculator,Gallery,Camera,@AdGuard,@lyft,SIM,phone battery,signal,graphics,externalSDcard,@Xbox One,@PlayStation 3 video game systems,	57.914238
Mon Apr 05 01:59:02 +0000 2021	@JoeBiden @CivilRights @ScottMorrisonMP(Pt8)reicast,fpse,Contacts,n64oid,@Office,@waze,@GooglePlay,Drastic,AOD(Notify)Manager,@googlecalendar,Calculator,Gallery,Camera,@AdGuard,@lyft,SIM,phone battery,signal,graphics,externalSDcard,@Xbox One,@PlayStation 3 video game systems,	57.914238
Tue Apr 06 23:00:48 +0000 2021	@POTUS @_DirectorWray @ScottMorrisonMP(Pt8)reicast,fpse,Contacts,n64oid,@Office,@waze,@GooglePlay,Drastic,AOD(Notify)Manager,@googlecalendar,Calculator,Gallery,Camera,@AdGuard,@lyft,SIM,phone battery,signal,graphics,externalSDcard,@Xbox One,@PlayStation 3 video game systems,	57.914238
Sat Apr 03 21:56:14 +0000 2021	@JoeBiden @WhiteHouse @ScottMorrisonMP(Pt8)reicast,fpse,Contacts,n64oid,@Office,@waze,@GooglePlay,Drastic,AOD(Notify)Manager,@googlecalendar,Calculator,Gallery,Camera,@AdGuard,@lyft,SIM,phone battery,signal,graphics,externalSDcard,@Xbox One,@PlayStation 3 video game systems,	57.914238
Sat Apr 03 05:28:47 +0000 2021	@POTUS @FBIAgentsAssoc @ScottMorrisonMP(Pt8)reicast,fpse,Contacts,n64oid,@Office,@waze,@GooglePlay,Drastic,AOD(Notify)Manager,@googlecalendar,Calculator,Gallery,Camera,@AdGuard,@lyft,SIM,phone battery,signal,graphics,externalSDcard,@Xbox One,@PlayStation 3 video game systems,	57.914238
Fri Apr 09 22:58:19 +0000 2021	@POTUS @TheJusticeDept @ScottMorrisonMP(Pt8)reicast,fpse,Contacts,n64oid,@Office,@waze,@GooglePlay,Drastic,AOD(Notify)Manager,@googlecalendar,Calculator,Gallery,Camera,@AdGuard,@lyft,SIM,phone battery,signal,graphics,externalSDcard,@Xbox One,@PlayStation 3 video game systems,	57.914238
Tue Apr 06 01:10:14 +0000 2021	@JoeBiden @WHCommsDir @ScottMorrisonMP(Pt11)@Equifax,@TransUnion credit reports&amp;Henderson,NV street cameras. ALL involved are hacking my devices to cause a sex scandal with the white female contacts in my phone&amp; @Facebook contacts,read my emails,documents;recruit people I've	55.167583
Wed Mar 31 20:22:25 +0000 2021	@JoeBiden @DOJ_EOIR @ScottMorrisonMP(Pt11)@Equifax,@TransUnion credit reports&amp;Henderson,NV street cameras. ALL involved are hacking my devices to cause a sex scandal with the white female contacts in my phone&amp; @Facebook contacts,read my emails,documents;recruit people I've	55.167583
Wed Mar 31 05:10:06 +0000 2021	@POTUS @StateDeptSpox @ScottMorrisonMP(Pt11)@Equifax,@TransUnion credit reports&amp;Henderson,NV street cameras. ALL involved are hacking my devices to cause a sex scandal with the white female contacts in my phone&amp; @Facebook contacts,read my emails,documents;recruit people I've	55.167583
Fri Apr 09 01:05:07 +0000 2021	@JoeBiden @CISAManfra @ScottMorrisonMP(Pt11)@Equifax,@TransUnion credit reports&amp;Henderson,NV street cameras. ALL involved are hacking my devices to cause a sex scandal with the white female contacts in my phone&amp; @Facebook contacts,read my emails,documents;recruit people I've	55.167583
Mon Apr 05 03:28:33 +0000 2021	@JoeBiden @CivilRights @ScottMorrisonMP(Pt11)@Equifax,@TransUnion credit reports&amp;Henderson,NV street cameras. ALL involved are hacking my devices to cause a sex scandal with the white female contacts in my phone&amp; @Facebook contacts,read my emails,documents;recruit people I've	55.167583
Sat Apr 03 08:37:35 +0000 2021	@POTUS @FBIAgentsAssoc @ScottMorrisonMP(Pt11)@Equifax,@TransUnion credit reports&amp;Henderson,NV street cameras. ALL involved are hacking my devices to cause a sex scandal with the white female contacts in my phone&amp; @Facebook contacts,read my emails,documents;recruit people I've	55.167583
Wed Apr 07 00:43:26 +0000 2021	@POTUS @_DirectorWray @ScottMorrisonMP(Pt11)@Equifax,@TransUnion credit reports&amp;Henderson,NV street cameras. ALL involved are hacking my devices to cause a sex scandal with the white female contacts in my phone&amp; @Facebook contacts,read my emails,documents;recruit people I've	55.167583
Sat Apr 03 22:48:05 +0000 2021	@JoeBiden @WhiteHouse @ScottMorrisonMP(Pt11)@Equifax,@TransUnion credit reports&amp;Henderson,NV street cameras. ALL involved are hacking my devices to cause a sex scandal with the white female contacts in my phone&amp; @Facebook contacts,read my emails,documents;recruit people I've	55.167583
Sat Apr 10 00:51:57 +0000 2021	@POTUS @TheJusticeDept @ScottMorrisonMP(Pt11)@Equifax,@TransUnion credit reports&amp;Henderson,NV street cameras. ALL involved are hacking my devices to cause a sex scandal with the white female contacts in my phone&amp; @Facebook contacts,read my emails,documents;recruit people I've	55.167583
Thu Apr 08 19:04:20 +0000 2021	@POTUS @JustinTrudeau @CDUMerkel @EmmanuelMacron @ScottMorrisonMP CO2 @ +420 PPM, requires Paris signatures adopt a non-GHG based economy, to restrict #Methane, #SulfurHexafluoride, #HFCs &amp; other heat trapping gases, as fast as a Covid vaccine was found. https://t.co/dRbQXoi83s	53.804703
Sat Apr 03 00:34:46 +0000 2021	@thepmo @ScottMorrisonMP @LiberalAus how did we go from front of the vaccine line to the back of the line. Will we even be vaccinated before 2023. I note u got your vaccination early. U are no leader. You are just a bullshit talker 2 keep your job. Fuck u and your Christianity	50.405647
Sat Apr 03 08:46:04 +0000 2021	@sugawitter @konotaromp @narendramodi @adgpi @DRDO_India @PMOIndia @ScottMorrisonMP @MarisePayne @lindareynoldswa quad must realize the importance of building own innovation hub quad centric research and development manufacturing programs developing own telent pool even https://t.co/dVH7nVLEtd	47.046192
Sat Apr 10 00:59:06 +0000 2021	@POTUS @ScottMorrisonMP @AlboMP  Hey slowmo now the usa is going this way .Are you going fix our nbn(no bloody network) back to the original full fibre to the premises that labour started to impliment , then liberals screwed up .Then pat yourself on the back and say you did it.	44.080997
Mon Apr 05 06:23:07 +0000 2021	@JoeBiden @POTUS @FLOTUS you might recall this. @ScottMorrisonMP @AlboMP Might be time to bring our citizen back don’t you think? #FreeAssangeNOW #DropTheCharges #WeDontSupportMurderDoWe	43.47723
Tue Apr 06 01:42:11 +0000 2021	@JoeBiden @WHCommsDir @ScottMorrisonMP(Pt13)local police. I'm requesting @FBI hack&amp;read emails,texts,calls sent&amp;received &amp; also ALL mobile&amp;computer apps used by ALL involved to prove&amp;show they're hacking my devices to cause this sex scandal. I'm asking @FBI to also place the	42.513203
Wed Mar 31 05:24:26 +0000 2021	@POTUS @StateDeptSpox @ScottMorrisonMP(Pt13)local police. I'm requesting @FBI hack&amp;read emails,texts,calls sent&amp;received &amp; also ALL mobile&amp;computer apps used by ALL involved to prove&amp;show they're hacking my devices to cause this sex scandal. I'm asking @FBI to also place the	42.513203
Wed Mar 31 20:41:25 +0000 2021	@JoeBiden @DOJ_EOIR @ScottMorrisonMP(Pt13)local police. I'm requesting @FBI hack&amp;read emails,texts,calls sent&amp;received &amp; also ALL mobile&amp;computer apps used by ALL involved to prove&amp;show they're hacking my devices to cause this sex scandal. I'm asking @FBI to also place the	42.513203
Fri Apr 09 01:22:50 +0000 2021	@JoeBiden @CISAManfra @ScottMorrisonMP(Pt13)local police. I'm requesting @FBI hack&amp;read emails,texts,calls sent&amp;received &amp; also ALL mobile&amp;computer apps used by ALL involved to prove&amp;show they're hacking my devices to cause this sex scandal. I'm asking @FBI to also place the	42.513203
Mon Apr 05 03:40:42 +0000 2021	@JoeBiden @CivilRights @ScottMorrisonMP(Pt13)local police. I'm requesting @FBI hack&amp;read emails,texts,calls sent&amp;received &amp; also ALL mobile&amp;computer apps used by ALL involved to prove&amp;show they're hacking my devices to cause this sex scandal. I'm asking @FBI to also place the	42.513203
Wed Apr 07 01:04:24 +0000 2021	@POTUS @_DirectorWray @ScottMorrisonMP(Pt13)local police. I'm requesting @FBI hack&amp;read emails,texts,calls sent&amp;received &amp; also ALL mobile&amp;computer apps used by ALL involved to prove&amp;show they're hacking my devices to cause this sex scandal. I'm asking @FBI to also place the	42.513203
Sat Apr 03 09:18:45 +0000 2021	@POTUS @FBIAgentsAssoc @ScottMorrisonMP(Pt13)local police. I'm requesting @FBI hack&amp;read emails,texts,calls sent&amp;received &amp; also ALL mobile&amp;computer apps used by ALL involved to prove&amp;show they're hacking my devices to cause this sex scandal. I'm asking @FBI to also place the	42.513203
Sat Apr 03 23:15:39 +0000 2021	@JoeBiden @WhiteHouse @ScottMorrisonMP(Pt13)local police. I'm requesting @FBI hack&amp;read emails,texts,calls sent&amp;received &amp; also ALL mobile&amp;computer apps used by ALL involved to prove&amp;show they're hacking my devices to cause this sex scandal. I'm asking @FBI to also place the	42.513203
Sat Apr 10 01:14:21 +0000 2021	@POTUS @TheJusticeDept @ScottMorrisonMP(Pt13)local police. I'm requesting @FBI hack&amp;read emails,texts,calls sent&amp;received &amp; also ALL mobile&amp;computer apps used by ALL involved to prove&amp;show they're hacking my devices to cause this sex scandal. I'm asking @FBI to also place the	42.513203
Mon Apr 05 23:33:14 +0000 2021	@POTUS Tell that to the Australian @ScottMorrisonMP Abbott &amp; @TurnbullMalcolm govts who trashed our fibre to the home technology in favour of copper in 2013!	40.14969
Wed Apr 07 19:59:57 +0000 2021	@thepmo  Please help me sir....I want to be in your country want to make my life good and want to become a role to my friends..please help me sir....if don't believe me please call and confirm sir..8374521463.. Please help me its make you good in front of whole world..help me sir	39.814114
Mon Apr 05 15:27:57 +0000 2021	@POTUS @ABlinken @SecBlinken @SpeakerPelosi @mikepompeo @JustinTrudeau @erinotoole @ScottMorrisonMP @BorisJohnson                   Diplomats from 20 countries visited Xinjiang in the last few days. Did you hear any western media report the trip?   Western medias are as low you!	39.584663
Sat Apr 10 22:12:19 +0000 2021	@thepmo Green means incumbent red means president some people have been keeping it a secret and robbing the stock market globally  I scanned all world leaders by accident I have extremely sensitive classified info on all governments I will keep quiet	37.096447
Sat Apr 10 21:56:37 +0000 2021	@thepmo https://t.co/w3VSnW2BJI  I’m innocent and the whole world destroyed my life  Everyone caused the 2015 Cold War and had a life will I’m a military experiment illegally please read at your leisure	35.846527
Tue Mar 30 21:48:48 +0000 2021	@thepmo @kkeneally @AlboMP Ranked 85th in the world. Wait for Hunt and Morrison's excuses today. Pretty much will use the same excuses and spin they used following the Aged Care and Ruby Princess fails.	35.45559
Mon Apr 05 07:25:56 +0000 2021	@JoeBiden @KamalaHarris @WhiteHouse @VP @POTUS PLS TALK TO AU PM @ScottMorrisonMP   #Morrison REFUSES AU nRNA #COVIDvaccine  FORCE #Astrazenica onUS-ignore WARNINGS  VARIANT STRAINS ALREADY IN AU:AZ won't WORK @washingtonpost @Newyorkpost PREMIERS SAVED AU-PM/AZ OR NOTHING=KillUs	34.587906
Sun Apr 04 02:47:09 +0000 2021	@JoeBiden @KremlinRussia_E @narendramodi @EmmanuelMacron @BorisJohnson @netanyahu @JPN_PMO @ScottMorrisonMP @sanchezcastejon  #WW3 has Begin with Chinese Tech Theft/Exports/Eco Invasion  Spread of Islam/Terrorism  World To Realise facts, Make strategy to Counter before it’s late	31.641928
Sat Apr 10 21:38:23 +0000 2021	@JoeBiden @WHCommsDir @ScottMorrisonMP(Pt16)@NYPDDetectives,@DallasPD,@LVMPD,@NHPSouthernComm&amp;Private Investigators(NY,TX,NV,CT,MA,GA)on their side in order to cover up,continue&amp;get away with hacking my devices&amp;causing this sex scandal. @FBI should be ashamed	31.204922
Wed Mar 31 07:30:10 +0000 2021	@POTUS @StateDeptSpox @ScottMorrisonMP(Pt16)@NYPDDetectives,@DallasPD,@LVMPD,@NHPSouthernComm&amp;Private Investigators(NY,TX,NV,CT,MA,GA)on their side in order to cover up,continue&amp;get away with hacking my devices&amp;causing this sex scandal. @FBI should be ashamed	31.204922
Fri Apr 09 02:23:47 +0000 2021	@JoeBiden @CISAManfra @ScottMorrisonMP(Pt16)@NYPDDetectives,@DallasPD,@LVMPD,@NHPSouthernComm&amp;Private Investigators(NY,TX,NV,CT,MA,GA)on their side in order to cover up,continue&amp;get away with hacking my devices&amp;causing this sex scandal. @FBI should be ashamed	31.204922
Mon Apr 05 05:02:57 +0000 2021	@JoeBiden @CivilRights @ScottMorrisonMP(Pt16)@NYPDDetectives,@DallasPD,@LVMPD,@NHPSouthernComm&amp;Private Investigators(NY,TX,NV,CT,MA,GA)on their side in order to cover up,continue&amp;get away with hacking my devices&amp;causing this sex scandal. @FBI should be ashamed	31.204922
Sat Apr 03 10:15:02 +0000 2021	@POTUS @FBIAgentsAssoc @ScottMorrisonMP(Pt16)@NYPDDetectives,@DallasPD,@LVMPD,@NHPSouthernComm&amp;Private Investigators(NY,TX,NV,CT,MA,GA)on their side in order to cover up,continue&amp;get away with hacking my devices&amp;causing this sex scandal. @FBI should be ashamed	31.204922
Sat Apr 03 23:45:45 +0000 2021	@JoeBiden @WhiteHouse @ScottMorrisonMP(Pt16)@NYPDDetectives,@DallasPD,@LVMPD,@NHPSouthernComm&amp;Private Investigators(NY,TX,NV,CT,MA,GA)on their side in order to cover up,continue&amp;get away with hacking my devices&amp;causing this sex scandal. @FBI should be ashamed	31.204922
Sat Apr 10 01:56:48 +0000 2021	@POTUS @TheJusticeDept @ScottMorrisonMP(Pt16)@NYPDDetectives,@DallasPD,@LVMPD,@NHPSouthernComm&amp;Private Investigators(NY,TX,NV,CT,MA,GA)on their side in order to cover up,continue&amp;get away with hacking my devices&amp;causing this sex scandal. @FBI should be ashamed	31.204922
Wed Apr 07 01:53:07 +0000 2021	@POTUS @_DirectorWray @ScottMorrisonMP(Pt16)@NYPDDetectives,@DallasPD,@LVMPD,@NHPSouthernComm&amp;Private Investigators(NY,TX,NV,CT,MA,GA)on their side in order to cover up,continue&amp;get away with hacking my devices&amp;causing this sex scandal. @FBI should be ashamed	31.204922
Wed Mar 31 20:26:45 +0000 2021	@POTUS to fix US ageing bridges, roads, rail lines, utilities in climate focussed infrastructure spend.Anyone home @ScottMorrisonMP? #auspol	30.925074
Wed Mar 31 21:40:52 +0000 2021	@JoeBiden @DOJ_EOIR @ScottMorrisonMP(Pt16)@NYPDDetectives,@DallasPD,@LVMPD,@NHPSouthernComm&amp;Private Investigators(NY,TX,NV,CT,MA,GA)on their side in order to cover up,continue&amp;get away with hacking my devices&amp;causing this sex scandal. @FBI should be ashamed	30.843285
Fri Apr 09 11:32:06 +0000 2021	@narendramodi @POTUS @JoeBiden @ScottMorrisonMP @sugawitter Get a free #amazon gift card.just clik the link &gt;&gt; https://t.co/VVQ86mhTY4	26.07269
Mon Apr 05 22:18:00 +0000 2021	@WhiteHouse, @barackobama, @theresa_may, @qe2, @abeshinzo, @jack, @turnbullmalcolm, @ScottMorrisonMP, @EPN, @JustinTrudeau, @NorthKoreaKimJU, @vladimirputin  HELP for those with high levels of animal hormone, found from SAPDC (South African Pharmaceutical Development Corporation)	25.814629
Sat Apr 10 23:13:14 +0000 2021	@JoeBiden @WHCommsDir @ScottMorrisonMP(Pt19)Private Investigators,Barry Watson @ArlingtonPD,Timothy Nim(NY)Andy Gordon(CT),Albert Cercone(TX),LeAnn DeptVetAffairs(TX)@BHManagement,Andrew Vernon @DeptVetAffairs,Casey&amp;Claire Carlson(Hamburg,NY)	25.436403
Wed Mar 31 10:37:07 +0000 2021	@POTUS @StateDeptSpox @ScottMorrisonMP(Pt19)Private Investigators,Barry Watson @ArlingtonPD,Timothy Nim(NY)Andy Gordon(CT),Albert Cercone(TX),LeAnn DeptVetAffairs(TX)@BHManagement,Andrew Vernon @DeptVetAffairs,Casey&amp;Claire Carlson(Hamburg,NY)	25.436403
Wed Mar 31 22:20:41 +0000 2021	@JoeBiden @DOJ_EOIR @ScottMorrisonMP(Pt19)Private Investigators,Barry Watson @ArlingtonPD,Timothy Nim(NY)Andy Gordon(CT),Albert Cercone(TX),LeAnn DeptVetAffairs(TX)@BHManagement,Andrew Vernon @DeptVetAffairs,Casey&amp;Claire Carlson(Hamburg,NY)	25.436403
Fri Apr 09 03:04:04 +0000 2021	@JoeBiden @CISAManfra @ScottMorrisonMP(Pt19)Private Investigators,Barry Watson @ArlingtonPD,Timothy Nim(NY)Andy Gordon(CT),Albert Cercone(TX),LeAnn DeptVetAffairs(TX)@BHManagement,Andrew Vernon @DeptVetAffairs,Casey&amp;Claire Carlson(Hamburg,NY)	25.436403
Mon Apr 05 07:13:23 +0000 2021	@JoeBiden @CivilRights @ScottMorrisonMP(Pt19)Private Investigators,Barry Watson @ArlingtonPD,Timothy Nim(NY)Andy Gordon(CT),Albert Cercone(TX),LeAnn DeptVetAffairs(TX)@BHManagement,Andrew Vernon @DeptVetAffairs,Casey&amp;Claire Carlson(Hamburg,NY)	25.436403
Wed Apr 07 02:20:54 +0000 2021	@POTUS @_DirectorWray @ScottMorrisonMP(Pt19)Private Investigators,Barry Watson @ArlingtonPD,Timothy Nim(NY)Andy Gordon(CT),Albert Cercone(TX),LeAnn DeptVetAffairs(TX)@BHManagement,Andrew Vernon @DeptVetAffairs,Casey&amp;Claire Carlson(Hamburg,NY)	25.436403
Sun Apr 04 00:18:01 +0000 2021	@JoeBiden @WhiteHouse @ScottMorrisonMP(Pt19)Private Investigators,Barry Watson @ArlingtonPD,Timothy Nim(NY)Andy Gordon(CT),Albert Cercone(TX),LeAnn DeptVetAffairs(TX)@BHManagement,Andrew Vernon @DeptVetAffairs,Casey&amp;Claire Carlson(Hamburg,NY)	25.436403
Sat Apr 10 02:22:14 +0000 2021	@POTUS @TheJusticeDept @ScottMorrisonMP(Pt19)Private Investigators,Barry Watson @ArlingtonPD,Timothy Nim(NY)Andy Gordon(CT),Albert Cercone(TX),LeAnn DeptVetAffairs(TX)@BHManagement,Andrew Vernon @DeptVetAffairs,Casey&amp;Claire Carlson(Hamburg,NY)	25.436403
Sat Apr 03 14:22:22 +0000 2021	@POTUS @FBIAgentsAssoc @ScottMorrisonMP(Pt19)Private Investigators,Barry Watson @ArlingtonPD,Timothy Nim(NY)Andy Gordon(CT),Albert Cercone(TX),LeAnn DeptVetAffairs(TX)@BHManagement,Andrew Vernon @DeptVetAffairs,Casey&amp;Claire Carlson(Hamburg,NY)	25.436403
Wed Apr 07 03:16:01 +0000 2021	@JoeBiden @KremlinRussia_E @narendramodi @EmmanuelMacron @BorisJohnson @netanyahu @JPN_PMO @ScottMorrisonMP @sanchezcastejon  #WW3 has Begin with Chinese Tech Theft/Exports/Eco/Military Invasion  Spread of Islam/Terrorism  World To Realise facts, Make strategy to Counter ASAP	24.412127
Sat Apr 10 22:19:02 +0000 2021	@JoeBiden @un @IsraeliPM @EmmanuelMacron @HHShkMohd @ScottMorrisonMP @medwma @who @un  @narendramodi  @BBCWorld @ANI @AlJazeera  @nypost @KremlinRussia_E  @SouthAfrica @SEGA_Europe   Covid 19 is a man made destruction weapon. We have lost so many but no action against... https://t.co/SCuVhUSfWV	21.702574
Sat Apr 10 22:13:13 +0000 2021	@thepmo please read please everyone globally we shall restore order all that passed shall rise again	21.122011
Sat Apr 10 19:33:14 +0000 2021	@JoeBiden @WHCommsDir @ScottMorrisonMP(Pt5)Roman Kikta(Dallas,TX)Josette Sprott(NYC)Chantel Lewin(LithiaSprings,GA)Eric Serrano(Queens,NY)Ben Arokoyo(StatenIsland,NY)Cynthia Enamorado(LasVegas,NV)Hector Leon Lara Diaz Torre(Mexico)Sean Dillon(NYC)Marisa Murphy,Andy Gordon(CT),	20.95257
Wed Mar 31 04:13:19 +0000 2021	@POTUS @StateDeptSpox @ScottMorrisonMP(Pt5)Roman Kikta(Dallas,TX)Josette Sprott(NYC)Chantel Lewin(LithiaSprings,GA)Eric Serrano(Queens,NY)Ben Arokoyo(StatenIsland,NY)Cynthia Enamorado(LasVegas,NV)Hector Leon Lara Diaz Torre(Mexico)Sean Dillon(NYC)Marisa Murphy,Andy Gordon(CT),	20.95257
Wed Mar 31 18:49:36 +0000 2021	@JoeBiden @DOJ_EOIR @ScottMorrisonMP(Pt5)Roman Kikta(Dallas,TX)Josette Sprott(NYC)Chantel Lewin(LithiaSprings,GA)Eric Serrano(Queens,NY)Ben Arokoyo(StatenIsland,NY)Cynthia Enamorado(LasVegas,NV)Hector Leon Lara Diaz Torre(Mexico)Sean Dillon(NYC)Marisa Murphy,Andy Gordon(CT),	20.95257
Mon Apr 05 01:24:31 +0000 2021	@JoeBiden @CivilRights @ScottMorrisonMP(Pt5)Roman Kikta(Dallas,TX)Josette Sprott(NYC)Chantel Lewin(LithiaSprings,GA)Eric Serrano(Queens,NY)Ben Arokoyo(StatenIsland,NY)Cynthia Enamorado(LasVegas,NV)Hector Leon Lara Diaz Torre(Mexico)Sean Dillon(NYC)Marisa Murphy,Andy Gordon(CT),	20.95257
Tue Apr 06 22:00:16 +0000 2021	@POTUS @_DirectorWray @ScottMorrisonMP(Pt5)Roman Kikta(Dallas,TX)Josette Sprott(NYC)Chantel Lewin(LithiaSprings,GA)Eric Serrano(Queens,NY)Ben Arokoyo(StatenIsland,NY)Cynthia Enamorado(LasVegas,NV)Hector Leon Lara Diaz Torre(Mexico)Sean Dillon(NYC)Marisa Murphy,Andy Gordon(CT),	20.95257
Sat Apr 03 04:07:50 +0000 2021	@POTUS @FBIAgentsAssoc @ScottMorrisonMP(Pt5)Roman Kikta(Dallas,TX)Josette Sprott(NYC)Chantel Lewin(LithiaSprings,GA)Eric Serrano(Queens,NY)Ben Arokoyo(StatenIsland,NY)Cynthia Enamorado(LasVegas,NV)Hector Leon Lara Diaz Torre(Mexico)Sean Dillon(NYC)Marisa Murphy,Andy Gordon(CT),	20.95257
Sat Apr 03 21:07:13 +0000 2021	@JoeBiden @WhiteHouse @ScottMorrisonMP(Pt5)Roman Kikta(Dallas,TX)Josette Sprott(NYC)Chantel Lewin(LithiaSprings,GA)Eric Serrano(Queens,NY)Ben Arokoyo(StatenIsland,NY)Cynthia Enamorado(LasVegas,NV)Hector Leon Lara Diaz Torre(Mexico)Sean Dillon(NYC)Marisa Murphy,Andy Gordon(CT),	20.95257
Fri Apr 09 22:15:05 +0000 2021	@POTUS @TheJusticeDept @ScottMorrisonMP(Pt5)Roman Kikta(Dallas,TX)Josette Sprott(NYC)Chantel Lewin(LithiaSprings,GA)Eric Serrano(Queens,NY)Ben Arokoyo(StatenIsland,NY)Cynthia Enamorado(LasVegas,NV)Hector Leon Lara Diaz Torre(Mexico)Sean Dillon(NYC)Marisa Murphy,Andy Gordon(CT),	20.95257
Thu Apr 08 22:40:17 +0000 2021	@JoeBiden @CISAManfra @ScottMorrisonMP(Pt5)Roman Kikta(Dallas,TX)Josette Sprott(NYC)Chantel Lewin(LithiaSprings,GA)Eric Serrano(Queens,NY)Ben Arokoyo(StatenIsland,NY)Cynthia Enamorado(LasVegas,NV)Hector Leon Lara Diaz Torre(Mexico)Sean Dillon(NYC)Marisa Murphy,Andy Gordon(CT),	20.95257
Thu Apr 08 06:19:39 +0000 2021	@PMOIndia @POTUS @EmmanuelMacron @KremlinRussia_E @POTEIR @BorisJohnson @JPN_PMO @thepmo @globaltimesnews .......When are you going to NUKE CHINA?.....THE WORLD IS FED UP OF THESE BLOODY 'chinese virus'.	18.959524
Tue Apr 06 01:35:46 +0000 2021	@JoeBiden @WHCommsDir @ScottMorrisonMP(Pt12)emailed&amp;text in order to have them assist in this hacking&amp;sex scandal. It's a shame @FBI refuse to place ALL who are hacking my devices to cause this sex scandal under arrest? If I committed these actions, I would be arrested by @FBI&amp;	17.579884
Wed Mar 31 05:17:44 +0000 2021	@POTUS @StateDeptSpox @ScottMorrisonMP(Pt12)emailed&amp;text in order to have them assist in this hacking&amp;sex scandal. It's a shame @FBI refuse to place ALL who are hacking my devices to cause this sex scandal under arrest? If I committed these actions, I would be arrested by @FBI&amp;	17.579884
Fri Apr 09 01:15:09 +0000 2021	@JoeBiden @CISAManfra @ScottMorrisonMP(Pt12)emailed&amp;text in order to have them assist in this hacking&amp;sex scandal. It's a shame @FBI refuse to place ALL who are hacking my devices to cause this sex scandal under arrest? If I committed these actions, I would be arrested by @FBI&amp;	17.579884
Mon Apr 05 03:33:26 +0000 2021	@JoeBiden @CivilRights @ScottMorrisonMP(Pt12)emailed&amp;text in order to have them assist in this hacking&amp;sex scandal. It's a shame @FBI refuse to place ALL who are hacking my devices to cause this sex scandal under arrest? If I committed these actions, I would be arrested by @FBI&amp;	17.579884
Wed Apr 07 00:47:37 +0000 2021	@POTUS @_DirectorWray @ScottMorrisonMP(Pt12)emailed&amp;text in order to have them assist in this hacking&amp;sex scandal. It's a shame @FBI refuse to place ALL who are hacking my devices to cause this sex scandal under arrest? If I committed these actions, I would be arrested by @FBI&amp;	17.579884
Sat Apr 03 23:03:22 +0000 2021	@JoeBiden @WhiteHouse @ScottMorrisonMP(Pt12)emailed&amp;text in order to have them assist in this hacking&amp;sex scandal. It's a shame @FBI refuse to place ALL who are hacking my devices to cause this sex scandal under arrest? If I committed these actions, I would be arrested by @FBI&amp;	17.579884
Sat Apr 03 08:55:18 +0000 2021	@POTUS @FBIAgentsAssoc @ScottMorrisonMP(Pt12)emailed&amp;text in order to have them assist in this hacking&amp;sex scandal. It's a shame @FBI refuse to place ALL who are hacking my devices to cause this sex scandal under arrest? If I committed these actions, I would be arrested by @FBI&amp;	17.579884
Sat Apr 10 01:02:10 +0000 2021	@POTUS @TheJusticeDept @ScottMorrisonMP(Pt12)emailed&amp;text in order to have them assist in this hacking&amp;sex scandal. It's a shame @FBI refuse to place ALL who are hacking my devices to cause this sex scandal under arrest? If I committed these actions, I would be arrested by @FBI&amp;	17.579884
Wed Mar 31 20:36:29 +0000 2021	@JoeBiden @DOJ_EOIR @ScottMorrisonMP(Pt12)emailed&amp;text in order to have them assist in this hacking&amp;sex scandal. It's a shame @FBI refuse to place ALL who are hacking my devices to cause this sex scandal under arrest? If I committed these actions, I would be arrested by @FBI&amp;	17.494616
Wed Mar 31 14:10:24 +0000 2021	@POTUS @StateDeptSpox @ScottMorrisonMP(Pt25)I've sent emails&amp;tweets to @FBI naming the people involved. Here is PROOF of how they're hacking my devices in order to cause this sex scandal: https://t.co/ehW16v0pHE	17.431324
Fri Apr 09 04:46:47 +0000 2021	@JoeBiden @CISAManfra @ScottMorrisonMP(Pt25)I've sent emails&amp;tweets to @FBI naming the people involved. Here is PROOF of how they're hacking my devices in order to cause this sex scandal: https://t.co/IkMovvfsLR	17.431324
Sun Apr 04 01:29:22 +0000 2021	@JoeBiden @WhiteHouse @ScottMorrisonMP(Pt25)I've sent emails&amp;tweets to @FBI naming the people involved. Here is PROOF of how they're hacking my devices in order to cause this sex scandal: https://t.co/7jZVoaTHks	17.431324
Tue Apr 06 04:25:43 +0000 2021	@JoeBiden @WHCommsDir @ScottMorrisonMP(Pt25)I've sent emails&amp;tweets to @FBI naming the people involved. Here is PROOF of how they're hacking my devices in order to cause this sex scandal: https://t.co/gh16ZdnX3m	17.431324
Wed Apr 07 03:35:20 +0000 2021	@POTUS @_DirectorWray @ScottMorrisonMP(Pt25)I've sent emails&amp;tweets to @FBI naming the people involved. Here is PROOF of how they're hacking my devices in order to cause this sex scandal: https://t.co/IdEhj1fOvB	17.431324
Sat Apr 03 09:49:23 +0000 2021	@PMOIndia @rashtrapatibhvn @HMOIndia @RSSorg @JoeBiden @netanyahu @KremlinRussia @ScottMorrisonMP @EmmanuelMacron @JustinTrudeau  World leader need to listen it. Act against them and save humanity Most of people give shields to Islamist extremists inspite of their inhuman act	17.0308
Sat Apr 03 10:08:26 +0000 2021	@narendramodi @JoeBiden @KremlinRussia_E @BorisJohnson @jairbolsonaro @ScottMorrisonMP @JPN_PMO @EmmanuelMacron @AqngelaMerkeICDU IF WORLD HUMAN RIGHTS COMMISSION IS WORRIED ABOUT ALL,THEN WHY MINORITIES LIKE HINDUS R BEING RAPPED/KILLED&amp; KIDNAPPED IN PAKISTAN ON DAILY BASIS!🙏🏻🙏🏻	16.84045
Mon Apr 05 06:45:37 +0000 2021	@POTUS @SecBlinken @VP @mikepompeo @JustinTrudeau @erinotoole @ScottMorrisonMP @BorisJohnson      @SpeakerPelosi Have you ever punished those US and nato army  committed war crimes on daily basis in Iraq?     The world have suffered the atrocities committed by west civ!  Beasts!	16.654306
Thu Apr 01 15:39:10 +0000 2021	@CyrilRamaphosa.  @johnkerry, @ScottMorrisonMP, @JonathanWNV @SEMARNAT_mx, @mevpr, &amp; @JapanGov — in the run up to #EarthDay, will you adopt ambitious climate commitments and get on track to meet #ParisAgreement targets before @COP26? #WorldRecoveryPlan	16.536528
Fri Apr 02 12:06:35 +0000 2021	@potus @EUMyanmar @BorisJohnson @ScottMorrisonMP @jacindaardern @JPN_PMO @TheBlueHouseENG @UN_HRC @UNLOPS @SchranerBurgen1 @SecBlinken #SaveMyanmar The poem from Burma The heartbroken bird Screamed loud&amp;clear Bcoz the world is deaf, lives were lost😢. We need help now https://t.co/bJs9qMOIVC	16.2941
Tue Apr 06 20:46:51 +0000 2021	@POTUS has pushed hard to look after Americans and try and save lives.  @ScottMorrisonMP continues to lie and deflect.  In Australia most adults won't even receive their first jab by the end of the year.  Shows how bad smirko is at his job.	15.1662655
Tue Apr 06 22:45:49 +0000 2021	@POTUS And our liar @ScottMorrisonMP in Australia can’t manage to rollout a vaccine for 4 million people by end of March 21.	12.361044
Wed Mar 31 13:39:47 +0000 2021	@POTUS @StateDeptSpox @ScottMorrisonMP(Pt24)Josette Sprott,Thomas McElroy,Ivette Acevedo,Karen Szot,Marisa Murphy. The culprits are masking their IP address in order to get away with hacking my devices&amp;causing this sex scandal. Why hasn't @FBI placed ALL involved under arrest?	11.644755
Thu Apr 01 01:51:41 +0000 2021	@JoeBiden @DOJ_EOIR @ScottMorrisonMP(Pt24)Josette Sprott,Thomas McElroy,Ivette Acevedo,Karen Szot,Marisa Murphy. The culprits are masking their IP address in order to get away with hacking my devices&amp;causing this sex scandal. Why hasn't @FBI placed ALL involved under arrest?	11.644755
Fri Apr 09 04:35:23 +0000 2021	@JoeBiden @CISAManfra @ScottMorrisonMP(Pt24)Josette Sprott,Thomas McElroy,Ivette Acevedo,Karen Szot,Marisa Murphy. The culprits are masking their IP address in order to get away with hacking my devices&amp;causing this sex scandal. Why hasn't @FBI placed ALL involved under arrest?	11.644755
Sun Apr 04 01:18:45 +0000 2021	@JoeBiden @WhiteHouse @ScottMorrisonMP(Pt24)Josette Sprott,Thomas McElroy,Ivette Acevedo,Karen Szot,Marisa Murphy. The culprits are masking their IP address in order to get away with hacking my devices&amp;causing this sex scandal. Why hasn't @FBI placed ALL involved under arrest?	11.644755
Mon Apr 05 08:17:21 +0000 2021	@JoeBiden @CivilRights @ScottMorrisonMP(Pt24)Josette Sprott,Thomas McElroy,Ivette Acevedo,Karen Szot,Marisa Murphy. The culprits are masking their IP address in order to get away with hacking my devices&amp;causing this sex scandal. Why hasn't @FBI placed ALL involved under arrest?	11.644755
Wed Apr 07 03:20:43 +0000 2021	@POTUS @_DirectorWray @ScottMorrisonMP(Pt24)Josette Sprott,Thomas McElroy,Ivette Acevedo,Karen Szot,Marisa Murphy. The culprits are masking their IP address in order to get away with hacking my devices&amp;causing this sex scandal. Why hasn't @FBI placed ALL involved under arrest?	11.644755
Sat Apr 03 17:41:56 +0000 2021	@POTUS @FBIAgentsAssoc @ScottMorrisonMP(Pt24)Josette Sprott,Thomas McElroy,Ivette Acevedo,Karen Szot,Marisa Murphy. The culprits are masking their IP address in order to get away with hacking my devices&amp;causing this sex scandal. Why hasn't @FBI placed ALL involved under arrest?	11.644755
Sat Apr 10 03:04:39 +0000 2021	@POTUS @TheJusticeDept @ScottMorrisonMP(Pt24)Josette Sprott,Thomas McElroy,Ivette Acevedo,Karen Szot,Marisa Murphy. The culprits are masking their IP address in order to get away with hacking my devices&amp;causing this sex scandal. Why hasn't @FBI placed ALL involved under arrest?	11.644755
Tue Apr 06 04:16:31 +0000 2021	@JoeBiden @WHCommsDir @ScottMorrisonMP(Pt24)Josette Sprott,Thomas McElroy,Ivette Acevedo,Karen Szot,Marisa Murphy. The culprits are masking their IP address in order to get away with hacking my devices&amp;causing this sex scandal. Why hasn't @FBI placed ALL involved under arrest?	11.644755
Wed Apr 07 20:41:11 +0000 2021	@thepmo Have been in Australia for couple of months. And I observed in Sydney CBD that these communists and their subsidiaries are brewing. Take care of them before they blow up as they recently did in India.	11.471416
Wed Apr 07 02:59:25 +0000 2021	@POTUS @aussiekerstin Please call @ScottMorrisonMP  in Australia and show him how it is done, what front of the queue really means and how leadership works.	10.416954
Sat Apr 10 08:29:49 +0000 2021	@JustinTrudeau Hey Justin, can you send some doses to Australia, our PM forgot to order any. @ScottMorrisonMP  #ClotMorrison  #WheresTheVaccineScott	10.14458
Wed Apr 07 05:18:44 +0000 2021	@POTUS @DameEmpress @ScottMorrisonMP @GregHuntMP Bredan Murphy @AlanTudgeMP @D_LittleproudMP Michael McCormack How say you all? A president taking charge and a PM pretender's dog mess. #negligent #fraudulent #criminal	9.996582
Wed Mar 31 04:22:56 +0000 2021	@POTUS @StateDeptSpox @ScottMorrisonMP(Pt6)Ivette Acevedo(Bklyn,NY)Michelle Reed(LasVegas,NV)Rodney Nelson(Queens,NY)Lukasz Karwowski(Austin,TX)hack my business&amp;home IP address,DNS,computer hardware&amp;programs(memory,battery,wireless adapter,Windows Firewall,@Microsoft Essentials,	9.925275
Sat Apr 10 19:43:53 +0000 2021	@JoeBiden @WHCommsDir @ScottMorrisonMP(Pt6)Ivette Acevedo(Bklyn,NY)Michelle Reed(LasVegas,NV)Rodney Nelson(Queens,NY)Lukasz Karwowski(Austin,TX)hack my business&amp;home IP address,DNS,computer hardware&amp;programs(memory,battery,wireless adapter,Windows Firewall,@Microsoft Essentials,	9.925275
Wed Mar 31 19:24:47 +0000 2021	@JoeBiden @DOJ_EOIR @ScottMorrisonMP(Pt6)Ivette Acevedo(Bklyn,NY)Michelle Reed(LasVegas,NV)Rodney Nelson(Queens,NY)Lukasz Karwowski(Austin,TX)hack my business&amp;home IP address,DNS,computer hardware&amp;programs(memory,battery,wireless adapter,Windows Firewall,@Microsoft Essentials,	9.925275
Thu Apr 08 23:07:57 +0000 2021	@JoeBiden @CISAManfra @ScottMorrisonMP(Pt6)Ivette Acevedo(Bklyn,NY)Michelle Reed(LasVegas,NV)Rodney Nelson(Queens,NY)Lukasz Karwowski(Austin,TX)hack my business&amp;home IP address,DNS,computer hardware&amp;programs(memory,battery,wireless adapter,Windows Firewall,@Microsoft Essentials,	9.925275
Mon Apr 05 01:36:06 +0000 2021	@JoeBiden @CivilRights @ScottMorrisonMP(Pt6)Ivette Acevedo(Bklyn,NY)Michelle Reed(LasVegas,NV)Rodney Nelson(Queens,NY)Lukasz Karwowski(Austin,TX)hack my business&amp;home IP address,DNS,computer hardware&amp;programs(memory,battery,wireless adapter,Windows Firewall,@Microsoft Essentials,	9.925275
Tue Apr 06 22:10:36 +0000 2021	@POTUS @_DirectorWray @ScottMorrisonMP(Pt6)Ivette Acevedo(Bklyn,NY)Michelle Reed(LasVegas,NV)Rodney Nelson(Queens,NY)Lukasz Karwowski(Austin,TX)hack my business&amp;home IP address,DNS,computer hardware&amp;programs(memory,battery,wireless adapter,Windows Firewall,@Microsoft Essentials,	9.925275
Sat Apr 03 21:26:45 +0000 2021	@JoeBiden @WhiteHouse @ScottMorrisonMP(Pt6)Ivette Acevedo(Bklyn,NY)Michelle Reed(LasVegas,NV)Rodney Nelson(Queens,NY)Lukasz Karwowski(Austin,TX)hack my business&amp;home IP address,DNS,computer hardware&amp;programs(memory,battery,wireless adapter,Windows Firewall,@Microsoft Essentials,	9.925275
Sat Apr 03 04:36:05 +0000 2021	@POTUS @FBIAgentsAssoc @ScottMorrisonMP(Pt6)Ivette Acevedo(Bklyn,NY)Michelle Reed(LasVegas,NV)Rodney Nelson(Queens,NY)Lukasz Karwowski(Austin,TX)hack my business&amp;home IP address,DNS,computer hardware&amp;programs(memory,battery,wireless adapter,Windows Firewall,@Microsoft Essentials,	9.925275
Fri Apr 09 22:28:18 +0000 2021	@POTUS @TheJusticeDept @ScottMorrisonMP(Pt6)Ivette Acevedo(Bklyn,NY)Michelle Reed(LasVegas,NV)Rodney Nelson(Queens,NY)Lukasz Karwowski(Austin,TX)hack my business&amp;home IP address,DNS,computer hardware&amp;programs(memory,battery,wireless adapter,Windows Firewall,@Microsoft Essentials,	9.925275
Tue Apr 06 00:24:40 +0000 2021	@JoeBiden @WHCommsDir @ScottMorrisonMP(Pt7)Graphics,SwannView+,LinksysConnect,@ARRIS DSL modem,Edge,phone apps(@gmail,@Zemana,Messages,Chrome,Hangouts,PFVoicemail+,Boldbeast call recorder,@SamsungMobile keyboard,My Files&amp;Notes,Package Disabler Pro,Phone,Call Settings,	9.384724
Wed Mar 31 04:29:15 +0000 2021	@POTUS @StateDeptSpox @ScottMorrisonMP(Pt7)Graphics,SwannView+,LinksysConnect,@ARRIS DSL modem,Edge,phone apps(@gmail,@Zemana,Messages,Chrome,Hangouts,PFVoicemail+,Boldbeast call recorder,@SamsungMobile keyboard,My Files&amp;Notes,Package Disabler Pro,Phone,Call Settings,	9.384724
Wed Mar 31 19:32:50 +0000 2021	@JoeBiden @DOJ_EOIR @ScottMorrisonMP(Pt7)Graphics,SwannView+,LinksysConnect,@ARRIS DSL modem,Edge,phone apps(@gmail,@Zemana,Messages,Chrome,Hangouts,PFVoicemail+,Boldbeast call recorder,@SamsungMobile keyboard,My Files&amp;Notes,Package Disabler Pro,Phone,Call Settings,	9.384724
Mon Apr 05 01:47:06 +0000 2021	@JoeBiden @CivilRights @ScottMorrisonMP(Pt7)Graphics,SwannView+,LinksysConnect,@ARRIS DSL modem,Edge,phone apps(@gmail,@Zemana,Messages,Chrome,Hangouts,PFVoicemail+,Boldbeast call recorder,@SamsungMobile keyboard,My Files&amp;Notes,Package Disabler Pro,Phone,Call Settings,	9.384724
Tue Apr 06 22:46:41 +0000 2021	@POTUS @_DirectorWray @ScottMorrisonMP(Pt7)Graphics,SwannView+,LinksysConnect,@ARRIS DSL modem,Edge,phone apps(@gmail,@Zemana,Messages,Chrome,Hangouts,PFVoicemail+,Boldbeast call recorder,@SamsungMobile keyboard,My Files&amp;Notes,Package Disabler Pro,Phone,Call Settings,	9.384724
Sat Apr 03 21:45:47 +0000 2021	@JoeBiden @WhiteHouse @ScottMorrisonMP(Pt7)Graphics,SwannView+,LinksysConnect,@ARRIS DSL modem,Edge,phone apps(@gmail,@Zemana,Messages,Chrome,Hangouts,PFVoicemail+,Boldbeast call recorder,@SamsungMobile keyboard,My Files&amp;Notes,Package Disabler Pro,Phone,Call Settings,	9.384724
Sat Apr 03 05:13:35 +0000 2021	@POTUS @FBIAgentsAssoc @ScottMorrisonMP(Pt7)Graphics,SwannView+,LinksysConnect,@ARRIS DSL modem,Edge,phone apps(@gmail,@Zemana,Messages,Chrome,Hangouts,PFVoicemail+,Boldbeast call recorder,@SamsungMobile keyboard,My Files&amp;Notes,Package Disabler Pro,Phone,Call Settings,	9.384724
Fri Apr 09 22:39:32 +0000 2021	@POTUS @TheJusticeDept @ScottMorrisonMP(Pt7)Graphics,SwannView+,LinksysConnect,@ARRIS DSL modem,Edge,phone apps(@gmail,@Zemana,Messages,Chrome,Hangouts,PFVoicemail+,Boldbeast call recorder,@SamsungMobile keyboard,My Files&amp;Notes,Package Disabler Pro,Phone,Call Settings,	9.384724
Thu Apr 08 23:40:50 +0000 2021	@JoeBiden @CISAManfra @ScottMorrisonMP(Pt7)Graphics,SwannView+,LinksysConnect,@ARRIS DSL modem,Edge,phone apps(@gmail,@Zemana,Messages,Chrome,Hangouts,PFVoicemail+,Boldbeast call recorder,@SamsungMobile keyboard,My Files&amp;Notes,Package Disabler Pro,Phone,Call Settings,	9.384724
Tue Apr 06 20:31:42 +0000 2021	@POTUS If possible, please help @ScottMorrisonMP and send across 50m to your mates in Australia. We did annoy China on your behalf in the middle of the pandemic.	9.258285
Thu Apr 08 14:21:15 +0000 2021	@thepmo  Sir please reply Me....I need job in Australia in any cost....please help me..... 8374521463	9.08268
Sat Apr 10 10:41:05 +0000 2021	@PMOIndia @narendramodi @JoeBiden @ScottMorrisonMP @WHO where is corona now in modi rally for election shame on PM https://t.co/FyoBFb9e37	8.872882
Thu Apr 01 02:18:52 +0000 2021	@JoeBiden @DOJ_EOIR @ScottMorrisonMP(Pt25)I've sent emails&amp;tweets to @FBI naming the people involved. Here is PROOF of how they're hacking my devices in order to cause this sex scandal: https://t.co/vOonMlZrUp	8.579129
Mon Apr 05 08:47:33 +0000 2021	@JoeBiden @CivilRights @ScottMorrisonMP(Pt25)I've sent emails&amp;tweets to @FBI naming the people involved. Here is PROOF of how they're hacking my devices in order to cause this sex scandal: https://t.co/THxW4CuL3g	8.579129
Sat Apr 03 17:58:00 +0000 2021	@POTUS @FBIAgentsAssoc @ScottMorrisonMP(Pt25)I've sent emails&amp;tweets to @FBI naming the people involved. Here is PROOF of how they're hacking my devices in order to cause this sex scandal: https://t.co/iDIlV1vQyZ	8.579129
Sat Apr 10 03:13:08 +0000 2021	@POTUS @TheJusticeDept @ScottMorrisonMP(Pt25)I've sent emails&amp;tweets to @FBI naming the people involved. Here is PROOF of how they're hacking my devices in order to cause this sex scandal: https://t.co/4ZtQA6m2GL	8.579129
Sat Apr 10 03:29:52 +0000 2021	@POTUS @TheJusticeDept @ScottMorrisonMP(Pt25)I've sent emails&amp;tweets to @FBI naming the people involved. Here is PROOF of how they're hacking my devices in order to cause this sex scandal: https://t.co/ksoZFc77OR	8.579129
Fri Apr 02 18:03:59 +0000 2021	@POTUS @SecBlinken @mikepompeo @SpeakerPelosi @JustinTrudeau @erinotoole @BorisJohnson @ScottMorrisonMP    Aren’t the crimes committed by the USA  true?   Justice may be late, but will never be absent!	8.370104
Tue Apr 06 21:57:31 +0000 2021	@POTUS Amazing. Can you call @ScottMorrisonMP in Australia and tell him how to get it done.  Thanks!	8.021836
Wed Mar 31 11:22:37 +0000 2021	@POTUS @StateDeptSpox @ScottMorrisonMP(Pt21)those involved in hacking my devices&amp;causing this sex scandal. ALL involved are lying to @FBI agents&amp;law enforcement in order to protect the main culprits hacking my devices&amp;causing this sex scandal. The main culprits are:	7.698954
Fri Apr 09 03:47:47 +0000 2021	@JoeBiden @CISAManfra @ScottMorrisonMP(Pt21)those involved in hacking my devices&amp;causing this sex scandal. ALL involved are lying to @FBI agents&amp;law enforcement in order to protect the main culprits hacking my devices&amp;causing this sex scandal. The main culprits are:	7.698954
Mon Apr 05 07:30:53 +0000 2021	@JoeBiden @CivilRights @ScottMorrisonMP(Pt21)those involved in hacking my devices&amp;causing this sex scandal. ALL involved are lying to @FBI agents&amp;law enforcement in order to protect the main culprits hacking my devices&amp;causing this sex scandal. The main culprits are:	7.698954
Wed Apr 07 02:51:53 +0000 2021	@POTUS @_DirectorWray @ScottMorrisonMP(Pt21)those involved in hacking my devices&amp;causing this sex scandal. ALL involved are lying to @FBI agents&amp;law enforcement in order to protect the main culprits hacking my devices&amp;causing this sex scandal. The main culprits are:	7.698954
Sat Apr 03 16:33:11 +0000 2021	@POTUS @FBIAgentsAssoc @ScottMorrisonMP(Pt21)those involved in hacking my devices&amp;causing this sex scandal. ALL involved are lying to @FBI agents&amp;law enforcement in order to protect the main culprits hacking my devices&amp;causing this sex scandal. The main culprits are:	7.698954
Wed Mar 31 23:58:16 +0000 2021	@JoeBiden @DOJ_EOIR @ScottMorrisonMP(Pt21)those involved in hacking my devices&amp;causing this sex scandal. ALL involved are lying to @FBI agents&amp;law enforcement in order to protect the main culprits hacking my devices&amp;causing this sex scandal. The main culprits are:	7.698954
Sat Apr 10 02:36:30 +0000 2021	@POTUS @TheJusticeDept @ScottMorrisonMP(Pt21)those involved in hacking my devices&amp;causing this sex scandal. ALL involved are lying to @FBI agents&amp;law enforcement in order to protect the main culprits hacking my devices&amp;causing this sex scandal. The main culprits are:	7.698954
Sun Apr 04 00:38:10 +0000 2021	@JoeBiden @WhiteHouse @ScottMorrisonMP(Pt21)those involved in hacking my devices&amp;causing this sex scandal. ALL involved are lying to @FBI agents&amp;law enforcement in order to protect the main culprits hacking my devices&amp;causing this sex scandal. The main culprits are:	7.698954
Tue Apr 06 03:35:45 +0000 2021	@JoeBiden @WHCommsDir @ScottMorrisonMP(Pt21)those involved in hacking my devices&amp;causing this sex scandal. ALL involved are lying to @FBI agents&amp;law enforcement in order to protect the main culprits hacking my devices&amp;causing this sex scandal. The main culprits are:	7.698954
Wed Apr 07 19:57:00 +0000 2021	@thepmo  Hi sir I'm from India....Im very big fan of you and to the country.... I want to be a part Australian country and settle in Australia...I have completed my intermediate...because that I'm poor no one wants to help me in the country...I thought you will help me....	7.501424
Mon Apr 05 21:33:47 +0000 2021	@WhiteHouse, @barackobama, @theresa_may, @qe2, @abeshinzo, @jack, @turnbullmalcolm, @ScottMorrisonMP, @EPN, @JustinTrudeau, @NorthKoreaKimJU, @vladimirputin  The problem is shared by many men currently, and even women who eat product from female animals only, making them ....	7.192265
Fri Apr 02 21:43:06 +0000 2021	@thepmo have no hide exploiting Easter to present a child gaoler and enabled of sexual abuse in a sickening attempt at making Easter a political media opportunity	6.923627
Sat Apr 10 20:20:01 +0000 2021	@JoeBiden @WHCommsDir @ScottMorrisonMP(Pt9)@RTCSNV,@NYCTSubway,@NYCTBus,@PATHTrain,Las Vegas,NV strip,downtown&amp; @southpointlv hotels,club guestlists,street cameras,@Walmart,@Burlington,@BestBuy,@kroger/ Smith's,@Albertsons/ Vons,@Walgreens,@cvspharmacy stores;@Google,	6.5845
Wed Mar 31 19:50:58 +0000 2021	@JoeBiden @DOJ_EOIR @ScottMorrisonMP(Pt9)@RTCSNV,@NYCTSubway,@NYCTBus,@PATHTrain,Las Vegas,NV strip,downtown&amp; @southpointlv hotels,club guestlists,street cameras,@Walmart,@Burlington,@BestBuy,@kroger/ Smith's,@Albertsons/ Vons,@Walgreens,@cvspharmacy stores;@Google,	6.5845
Wed Mar 31 04:38:16 +0000 2021	@POTUS @StateDeptSpox @ScottMorrisonMP(Pt9)@RTCSNV,@NYCTSubway,@NYCTBus,@PATHTrain,Las Vegas,NV strip,downtown&amp; @southpointlv hotels,club guestlists,street cameras,@Walmart,@Burlington,@BestBuy,@kroger/ Smith's,@Albertsons/ Vons,@Walgreens,@cvspharmacy stores;@Google,	6.5845
Fri Apr 09 00:52:37 +0000 2021	@JoeBiden @CISAManfra @ScottMorrisonMP(Pt9)@RTCSNV,@NYCTSubway,@NYCTBus,@PATHTrain,Las Vegas,NV strip,downtown&amp; @southpointlv hotels,club guestlists,street cameras,@Walmart,@Burlington,@BestBuy,@kroger/ Smith's,@Albertsons/ Vons,@Walgreens,@cvspharmacy stores;@Google,	6.5845
Mon Apr 05 02:20:00 +0000 2021	@JoeBiden @CivilRights @ScottMorrisonMP(Pt9)@RTCSNV,@NYCTSubway,@NYCTBus,@PATHTrain,Las Vegas,NV strip,downtown&amp; @southpointlv hotels,club guestlists,street cameras,@Walmart,@Burlington,@BestBuy,@kroger/ Smith's,@Albertsons/ Vons,@Walgreens,@cvspharmacy stores;@Google,	6.5845
Wed Apr 07 00:08:27 +0000 2021	@POTUS @_DirectorWray @ScottMorrisonMP(Pt9)@RTCSNV,@NYCTSubway,@NYCTBus,@PATHTrain,Las Vegas,NV strip,downtown&amp; @southpointlv hotels,club guestlists,street cameras,@Walmart,@Burlington,@BestBuy,@kroger/ Smith's,@Albertsons/ Vons,@Walgreens,@cvspharmacy stores;@Google,	6.5845
Sat Apr 03 22:05:46 +0000 2021	@JoeBiden @WhiteHouse @ScottMorrisonMP(Pt9)@RTCSNV,@NYCTSubway,@NYCTBus,@PATHTrain,Las Vegas,NV strip,downtown&amp; @southpointlv hotels,club guestlists,street cameras,@Walmart,@Burlington,@BestBuy,@kroger/ Smith's,@Albertsons/ Vons,@Walgreens,@cvspharmacy stores;@Google,	6.5845
Sat Apr 03 05:46:15 +0000 2021	@POTUS @FBIAgentsAssoc @ScottMorrisonMP(Pt9)@RTCSNV,@NYCTSubway,@NYCTBus,@PATHTrain,Las Vegas,NV strip,downtown&amp; @southpointlv hotels,club guestlists,street cameras,@Walmart,@Burlington,@BestBuy,@kroger/ Smith's,@Albertsons/ Vons,@Walgreens,@cvspharmacy stores;@Google,	6.5845
Fri Apr 09 23:02:02 +0000 2021	@POTUS @TheJusticeDept @ScottMorrisonMP(Pt9)@RTCSNV,@NYCTSubway,@NYCTBus,@PATHTrain,Las Vegas,NV strip,downtown&amp; @southpointlv hotels,club guestlists,street cameras,@Walmart,@Burlington,@BestBuy,@kroger/ Smith's,@Albertsons/ Vons,@Walgreens,@cvspharmacy stores;@Google,	6.5845
Wed Apr 07 00:09:18 +0000 2021	@POTUS @ScottMorrisonMP Maybe time for a phone call to ask how to do it	5.909042
Wed Apr 07 02:51:04 +0000 2021	@POTUS Can you give @ScottMorrisonMP a call and tell him how to do it?	5.909042
Fri Apr 09 22:06:52 +0000 2021	@POTUS @JonesHowdareyou Tell this @ScottMorrisonMP, please! He does not have a clue at all. Sincerely, many Australians.	5.6401496
Mon Apr 05 16:07:49 +0000 2021	@WhiteHouse, @barackobama, @theresa_may, @qe2, @abeshinzo, @jack, @turnbullmalcolm, @ScottMorrisonMP, @EPN, @JustinTrudeau, @NorthKoreaKimJU, @vladimirputin  Please see @saloveisall for How-Santa-started	4.538761
Wed Apr 07 13:14:09 +0000 2021	@JoeBiden @KremlinRussia_E @narendramodi @EmmanuelMacron @BorisJohnson @netanyahu @JPN_PMO @ScottMorrisonMP @sanchezcastejon  #WW3 has Begin with Turkey, Pakistan, Iran, Bangladesh, Somalia, Chechnya, Afghanistan Training &amp; Promoting Islamic Terrorism with Chinese Funds &amp; Arms	3.903852
Thu Apr 08 02:26:44 +0000 2021	@JoeBiden @KremlinRussia_E @narendramodi @EmmanuelMacron @BorisJohnson @netanyahu @JPN_PMO @ScottMorrisonMP @sanchezcastejon  #WW3 has Begin with Turkey, Pakistan, Iran, Bangladesh, Somalia, Chechnya, Afghanistan Training &amp; Promoting Islamic Terrorism with Chinese Funds &amp; Arms	3.903852
Thu Apr 08 02:30:50 +0000 2021	@JoeBiden @KremlinRussia_E @narendramodi @EmmanuelMacron @BorisJohnson @netanyahu @JPN_PMO @ScottMorrisonMP @sanchezcastejon  #WW3 has Begin with Turkey, Pakistan, Iran, Bangladesh, Somalia, Chechnya, Afghanistan Training &amp; Promoting Islamic Terrorism with Chinese Funds &amp; Arms	3.903852
Thu Apr 08 02:44:05 +0000 2021	@JoeBiden @KremlinRussia_E @narendramodi @EmmanuelMacron @BorisJohnson @netanyahu @JPN_PMO @ScottMorrisonMP @sanchezcastejon  #WW3 has Begin with Turkey, Pakistan, Iran, Bangladesh, Somalia, Chechnya, Afghanistan Training &amp; Promoting Islamic Terrorism with Chinese Funds &amp; Arms	3.903852
Thu Apr 08 02:45:42 +0000 2021	@JoeBiden @KremlinRussia_E @narendramodi @EmmanuelMacron @BorisJohnson @netanyahu @JPN_PMO @ScottMorrisonMP @sanchezcastejon  #WW3 has Begin with Turkey, Pakistan, Iran, Bangladesh, Somalia, Chechnya, Afghanistan Training &amp; Promoting Islamic Terrorism with Chinese Funds &amp; Arms	3.903852
Thu Apr 08 02:32:52 +0000 2021	@JoeBiden @KremlinRussia_E @narendramodi @EmmanuelMacron @BorisJohnson @netanyahu @JPN_PMO @ScottMorrisonMP @sanchezcastejon  #WW3 has Begin with Turkey, Pakistan, Iran, Bangladesh, Somalia, Chechnya, Afghanistan Training &amp; Promoting Islamic Terrorism with Chinese Funds &amp; Arms	3.903852
Thu Apr 08 02:42:30 +0000 2021	@JoeBiden @KremlinRussia_E @narendramodi @EmmanuelMacron @BorisJohnson @netanyahu @JPN_PMO @ScottMorrisonMP @sanchezcastejon  #WW3 has Begin with Turkey, Pakistan, Iran, Bangladesh, Somalia, Chechnya, Afghanistan Training &amp; Promoting Islamic Terrorism with Chinese Funds &amp; Arms	3.903852
Thu Apr 08 02:54:41 +0000 2021	@JoeBiden @KremlinRussia_E @narendramodi @EmmanuelMacron @BorisJohnson @netanyahu @JPN_PMO @ScottMorrisonMP @sanchezcastejon  #WW3 has Begin with Turkey, Pakistan, Iran, Bangladesh, Somalia, Chechnya, Afghanistan Training &amp; Promoting Islamic Terrorism with Chinese Funds &amp; Arms	3.903852
Wed Apr 07 03:46:55 +0000 2021	@JoeBiden @KremlinRussia_E @narendramodi @EmmanuelMacron @BorisJohnson @netanyahu @JPN_PMO @ScottMorrisonMP @sanchezcastejon  #WW3 has Begin with Turkey, Pakistan, Iran, Bangladesh, Somalia, Chechnya, Afghanistan Training &amp; Promoting Islamic Terrorism with Chinese Funds &amp; Arms	3.903852
Thu Apr 08 12:44:00 +0000 2021	@narendramodi @JoeBiden @KremlinRussia_E @BorisJohnson @jairbolsonaro @ScottMorrisonMP @JPN_PMO @EmmanuelMacron @AqngelaMerkeICDU PAKISTAN A PURE MUSLIM COUNTRY IS NOT EVEN A FRIEND OF INNOCENT UIGHUR MUSLIMS,THAT’S WHY PAK NEVER QUESTIONED,ON CHINESE CRUELITY ON UIGHUR MUSLIMS!!	3.019461
Wed Apr 07 04:17:43 +0000 2021	@narendramodi @JoeBiden @KremlinRussia_E @BorisJohnson @jairbolsonaro @ScottMorrisonMP @JPN_PMO @EmmanuelMacron @AqngelaMerkeICDU PAKISTAN A MUSLIM COUNTRY IS NOT EVEN A FRIEN OF INNOCENT UIGHUR MUSLIMS THAT’S WHY PAK NEVER QUESTION,ON CHINESE CRUELITY ON UIGHUR MUSLIMS!🙏🏻🙏🏻	2.9853313
Fri Apr 02 11:58:01 +0000 2021	@WhiteHouse, @barackobama, @theresa_may, @qe2, @abeshinzo, @jack, @turnbullmalcolm, @ScottMorrisonMP, @EPN, @JustinTrudeau, @NorthKoreaKimJU, @vladimirputin Tony Robbins is wee OK. Peter Getner(get-her) HUH	2.1207201
Fri Apr 02 11:58:52 +0000 2021	@WhiteHouse, @barackobama, @theresa_may, @qe2, @abeshinzo, @jack, @turnbullmalcolm, @ScottMorrisonMP, @EPN, @JustinTrudeau, @NorthKoreaKimJU, @VladimirPutiny Peter-Getner(get-her) and peter-clones is a cannibal-type prob;em	2.0396433
Thu Apr 01 13:28:56 +0000 2021	Connected by the Indian Ocean, united by the Indian Samosa!  Looks delicious, PM @ScottMorrisonMP!   Once we achieve a decisive victory against COVID-19, we will enjoy the Samosas together.   Looking forward to our video meet on the 4th.	1.2784189
Mon Apr 05 07:53:53 +0000 2021	Connected by the Indian Ocean, united by the Indian Samosa!  Looks delicious, PM @ScottMorrisonMP!   Once we achieve a decisive victory against COVID-19, we will enjoy the Samosas together.   Looking forward to our video meet on the 4th.	1.2784189
