created_at	text	_score
Fri Apr 09 15:55:03 +0000 2021	@BrazilGovNews #Brazil President @jairbolsonaro is wholly responsible for gross mismanagement of #COVID19 response and massive deaths. He must resign! He is the worst President ever! @cnni @BBCWorld	11.976463
Fri Apr 09 20:59:50 +0000 2021	@BrazilGovNews here’s a thought. Help your presidents legacy. The next nasty variant of Covid 19 that is discovered in Brazil should be named the Bolsonaro variant. Let him have that attached to his name. #whataloser	3.9973555
Thu Apr 01 00:59:22 +0000 2021	@BrazilGovNews why are you allowing the destruction of the rain foerrets at an alarming rate when biodiversity of our planet is key to our survival ..wiping out forrests means wiping out species which only brings us closer to animals and only creates viruses ...sad  very sad	1.6556387
Mon Apr 05 21:13:14 +0000 2021	@BrazilGovNews smh I wouldn’t have that https://t.co/YEewzk4uUH	0.0
