created_at	text	_score
Thu Apr 01 03:37:11 +0000 2021	China's #manufacturing and #service sectors registered faster growth in March, as production and demand increased following the Spring Festival holiday. https://t.co/4q3kDgZ4iG https://t.co/t12lUQIV2l	109.364876
Thu Apr 01 03:27:28 +0000 2021	China's #manufacturing and #service sectors registered faster growth in March, as production and demand increased following the Spring Festival holiday. https://t.co/4q3kDgZ4iG https://t.co/t12lUQIV2l	109.364876
Thu Apr 01 06:36:49 +0000 2021	China's #manufacturing and #service sectors registered faster growth in March, as production and demand increased following the Spring Festival holiday. https://t.co/4q3kDgZ4iG https://t.co/t12lUQIV2l	109.364876
Thu Apr 01 03:22:34 +0000 2021	China's #manufacturing and #service sectors registered faster growth in March, as production and demand increased following the Spring Festival holiday. https://t.co/4q3kDgZ4iG https://t.co/t12lUQIV2l	109.364876
Sat Apr 03 02:43:45 +0000 2021	China's #manufacturing and #service sectors registered faster growth in March, as production and demand increased following the Spring Festival holiday. https://t.co/4q3kDgZ4iG https://t.co/t12lUQIV2l	109.364876
Fri Apr 09 03:09:59 +0000 2021	Graphic: How disadvantaged groups benefit from China's anti-poverty drive？  Disadvantaged groups including #women, #children, the #elderly and people with disabilities were among those prioritized by the government in China's anti-poverty campaign. https://t.co/otCWtzssSM https://t.co/a1QhYDlvbc	48.951817
Fri Apr 09 03:11:12 +0000 2021	Graphic: How disadvantaged groups benefit from China's anti-poverty drive？  Disadvantaged groups including #women, #children, the #elderly and people with disabilities were among those prioritized by the government in China's anti-poverty campaign. https://t.co/otCWtzssSM https://t.co/a1QhYDlvbc	48.951817
Wed Apr 07 02:44:29 +0000 2021	Graphic: How disadvantaged groups benefit from China's anti-poverty drive？  Disadvantaged groups including #women, #children, the #elderly and people with disabilities were among those prioritized by the government in China's anti-poverty campaign. https://t.co/otCWtzssSM https://t.co/a1QhYDlvbc	48.951817
Wed Apr 07 02:12:31 +0000 2021	Graphic: How disadvantaged groups benefit from China's anti-poverty drive？  Disadvantaged groups including #women, #children, the #elderly and people with disabilities were among those prioritized by the government in China's anti-poverty campaign. https://t.co/otCWtzssSM https://t.co/a1QhYDlvbc	48.951817
Wed Apr 07 02:29:12 +0000 2021	Graphic: How disadvantaged groups benefit from China's anti-poverty drive？  Disadvantaged groups including #women, #children, the #elderly and people with disabilities were among those prioritized by the government in China's anti-poverty campaign. https://t.co/otCWtzssSM https://t.co/a1QhYDlvbc	48.951817
Tue Apr 06 04:47:34 +0000 2021	The State Council Information Office (SCIO) will hold a press conference at 3 p.m. Wednesday on implementing the 14th Five-Year Plan (2021-2025) and moving faster to build a modern #fiscal and #tax system.   Please stay tuned. https://t.co/T4O9ZjVZyd	41.53208
Wed Apr 07 00:36:22 +0000 2021	The State Council Information Office (SCIO) will hold a press conference at 3 p.m. Wednesday on implementing the 14th Five-Year Plan (2021-2025) and moving faster to build a modern #fiscal and #tax system.   Please stay tuned. https://t.co/T4O9ZjVZyd	41.53208
Tue Apr 06 07:09:00 +0000 2021	@chinascio ‘China definitely has the right to fight back since it must defend national sovereignty and national dignity’.  Dignity at any cost, even war, how insecure can the CCP be?	39.90815
Thu Apr 01 03:40:35 +0000 2021	@chinascio The difference between a dirty monkey and a beautiful monkey.  ・Dirty monkeys are delighted to steal  other countries's technology and do not try to learn the reasons of success.  ・ Beautiful monkeys learn the techniques of other countries and try to learn the reasons . https://t.co/07VxxLLGgv	38.683926
Fri Apr 02 03:56:01 +0000 2021	China is exploring ways to use its digital #yuan for cross-border transactions to meet #market demand, the central bank said on Thursday. https://t.co/FGDirvm22d https://t.co/E48ASzLtuD	33.42224
Fri Apr 02 03:36:58 +0000 2021	China is exploring ways to use its digital #yuan for cross-border transactions to meet #market demand, the central bank said on Thursday. https://t.co/FGDirvm22d https://t.co/E48ASzLtuD	33.42224
Sat Apr 10 16:29:00 +0000 2021	@chinascio . China has no rights to complain other nations about human rights !   China doesn't even allow human rights for its own people !   How much of human rights does China really comprehend !  .  This article is more like a funny paper, and isn't worth reading at all. .	33.12769
Wed Apr 07 01:38:05 +0000 2021	@chinascio The economic growth China experiences is the real reason why the United States accuses China of wrongdoing.  It is all an attempt to slow China's growth by discrediting the CPC on the international stage.  The American child tantrums at China's success.	30.329031
Mon Apr 05 13:50:39 +0000 2021	China's #economic growth gathered steam in the first two months of 2021.  Major economic indicators greatly improved in the period, with #industrial output, retail sales and fixed-asset #investment all surging more than 30%. https://t.co/NW36m8dwVs	30.10725
Sat Apr 10 13:51:11 +0000 2021	@chinascio @SpokespersonCHN Governmentally you keep trying to sideline your own genocidal sins and redirect public opinion negativity away towards another subject, that isn't working. Genocide is bad, the Uighurs don't deserve to be killed off societally and culturally like you are doing. #Logic	28.518679
Sat Apr 10 16:27:47 +0000 2021	@chinascio . China has no rights to complain other nations about their human rights !   China doesn't even allow human rights for its own people !   How much of human rights does China really comprehend !  .  This article is more like a comic book, and isn't worth reading at all. .	28.270588
Wed Apr 07 01:35:17 +0000 2021	The International Monetary Fund (IMF) on Tuesday projected that the Chinese #economy will grow by 8.4% in 2021, 0.3 percentage point above the January forecast, according to the latest World Economic Outlook. https://t.co/MW4QLsa3Uw	25.75325
Thu Apr 01 03:04:29 +0000 2021	@chinascio Sex in Chinese is no longer human sex, rape or monkey XX https://t.co/4rtSi4cJep	25.307777
Mon Apr 05 13:46:08 +0000 2021	China leads the world in the construction of #information infrastructure, with the world’s largest optical fiber network and 4G network.   Nearly 720,000 #5G base stations have been built in China, according to an SCIO briefing on Friday. https://t.co/T3ueGPLgxy https://t.co/srFXKvHSY7	24.219395
Fri Apr 02 11:23:05 +0000 2021	RT @chinascio: SCIO held a briefing introducing policies on boosting the development of the Shanghai International Finance Center. https://…	20.780764
Sat Apr 10 14:04:01 +0000 2021	@chinascio @SpokespersonCHN You want to see human rights violations on a grander scale?  Check out the “Kill the Four Pests” movement that killed more Chinese citizens than pests.  Tibet, Land Reform, Great Leap Forward, Cultural Revolution, Tiananmen, Inner Mongolia, Xinjiang, etc.    CCP are murderers	19.726906
Thu Apr 01 14:25:46 +0000 2021	@chinascio I have a question.  How long has China been a dirty monkey country that imitating japanese technology?  answer from　about 1500 years ago  hint  The beauty of language represents the level of civilization.  World GDP history https://t.co/3kbFWMh5f6	19.392126
Thu Apr 01 13:50:52 +0000 2021	@chinascio @China_Amb_India All CCP surveys right. Can we have an international group monitoring inside HK.	19.370342
Thu Apr 01 01:26:44 +0000 2021	"@chinascio ・China has been stealing Japanese technology like a monkey for over 1000 years.  ・Selling dirty made in china to the world  ・Intimidating ""china is a great country""  ・ Dirty Chinese-speaking Chinese tourists with bad manners travel to Japan https://t.co/cTQhEjChTe"	19.219559
Thu Apr 01 00:50:04 +0000 2021	"@chinascio ・China has been stealing Japanese technology like a monkey for over 1000 years.  ・Selling dirty made in china to the world  ・Intimidating ""china is a great country""  ・ Dirty Chinese-speaking Chinese tourists with bad manners travel to Japan https://t.co/cTQhEjChTe"	19.219559
Thu Apr 01 01:33:03 +0000 2021	"@chinascio ・China has been stealing Japanese technology like a monkey for over 1000 years.  ・Selling dirty made in china to the world  ・Intimidating ""china is a great country""  ・ Dirty Chinese-speaking Chinese tourists with bad manners  travel to Japan https://t.co/cTQhEjChTe"	19.219559
Wed Mar 31 01:45:40 +0000 2021	China believes that the joint research carried out by the World Health Organization (#WHO) and China will play a positive role in promoting global cooperation in #COVID19 origin tracing, a Foreign Ministry spokesperson said Tuesday. https://t.co/IjrBTKTvlf https://t.co/SldiEyAAQQ	19.047462
Sun Apr 04 15:31:33 +0000 2021	@chinascio China is a country that has been stealing technology from Japan and the world like a dirty monkey for more than 1000 years.   Not qualified to be an Asian leader. Show respect to the Japanese Communist Party. @shiikazuo	18.806973
Sat Apr 03 11:36:39 +0000 2021	@chinascio It's a culture of rape monkey🐵, so everything gets dirty. Dirty Chinese products were sold to Japan, and many Chinese who spoke dirty languages ​​and had bad manners came to Japan for a trip, and I got sick. https://t.co/jZqo5jBEqI	18.760826
Thu Apr 01 01:24:43 +0000 2021	"@chinascio ・China has been stealing Japanese technology like a monkey 🐵for over 1000 years.  ・Selling dirty made in china🐵 to the world  ・Intimidating ""china is a great country""🐵  ・ Dirty Chinese-speaking Chinese tourists with bad manners🐒 travel to Japan https://t.co/cTQhEjChTe"	18.66106
Thu Apr 01 09:54:27 +0000 2021	"@chinascio ・China has been stealing Japanese technology like a monkey🐵 for over 1000 years.  ・Selling dirty made in china🐵 to the world  ・Intimidating ""china is a great country""🐵  ・ Dirty Chinese-speaking Chinese tourists with bad manners 🐒travel to Japan https://t.co/cTQhEjChTe"	18.66106
Sat Apr 03 11:41:37 +0000 2021	@chinascio China is a culture of rape monkey🐵, so everything gets dirty. Dirty Chinese products were sold to Japan, and many Chinese who spoke dirty languages ​​and had bad manners came to Japan for a trip, and I got sick. https://t.co/8IIhlWacCJ	18.59534
Mon Apr 05 14:53:44 +0000 2021	@chinascio The world economy is being destroyed like a zombie by the Chinese virus and the export of dirty Chinese goods by technology thieves by China.     I call China a dirty monkey country far beyond the Nazis.	17.416142
Tue Apr 06 00:01:42 +0000 2021	"""China welcomes dialogue on the basis of equality and mutual respect.   China does not approve of one-upmanship in the world, and does not accept that one country has the final say in world affairs,"" said Chinese Foreign Minister Wang Yi. https://t.co/2WTyWiV6BL https://t.co/jGHgVl3g4F"	17.044952
Mon Apr 05 07:40:46 +0000 2021	"""China welcomes dialogue on the basis of equality and mutual respect.   China does not approve of one-upmanship in the world, and does not accept that one country has the final say in world affairs,"" said Chinese Foreign Minister Wang Yi. https://t.co/2WTyWiV6BL https://t.co/jGHgVl3g4F"	17.044952
Mon Apr 05 07:17:33 +0000 2021	"""China welcomes dialogue on the basis of equality and mutual respect.   China does not approve of one-upmanship in the world, and does not accept that one country has the final say in world affairs,"" said Chinese Foreign Minister Wang Yi. https://t.co/2WTyWiV6BL https://t.co/jGHgVl3g4F"	17.044952
Mon Apr 05 07:08:01 +0000 2021	"""China welcomes dialogue on the basis of equality and mutual respect.   China does not approve of one-upmanship in the world, and does not accept that one country has the final say in world affairs,"" said Chinese Foreign Minister Wang Yi. https://t.co/2WTyWiV6BL https://t.co/jGHgVl3g4F"	17.044952
Mon Apr 05 16:49:44 +0000 2021	"""China welcomes dialogue on the basis of equality and mutual respect.   China does not approve of one-upmanship in the world, and does not accept that one country has the final say in world affairs,"" said Chinese Foreign Minister Wang Yi. https://t.co/2WTyWiV6BL https://t.co/jGHgVl3g4F"	17.044952
Mon Apr 05 16:13:00 +0000 2021	"""China welcomes dialogue on the basis of equality and mutual respect.   China does not approve of one-upmanship in the world, and does not accept that one country has the final say in world affairs,"" said Chinese Foreign Minister Wang Yi. https://t.co/2WTyWiV6BL https://t.co/jGHgVl3g4F"	17.044952
Mon Apr 05 23:14:46 +0000 2021	"""China welcomes dialogue on the basis of equality and mutual respect.   China does not approve of one-upmanship in the world, and does not accept that one country has the final say in world affairs,"" said Chinese Foreign Minister Wang Yi. https://t.co/2WTyWiV6BL https://t.co/jGHgVl3g4F"	17.044952
Thu Apr 08 03:32:52 +0000 2021	During the 13th Five-Year Plan period (2016-2020), China's #tax and fee cuts exceeded 7.6 trillion yuan, which effectively eased burdens for businesses, an official said at a press conference on Wednesday. #PressroomHighlights https://t.co/4xwcwglCiz https://t.co/fdr6kRgYsy	15.101607
Thu Apr 08 03:01:11 +0000 2021	During the 13th Five-Year Plan period (2016-2020), China's #tax and fee cuts exceeded 7.6 trillion yuan, which effectively eased burdens for businesses, an official said at a press conference on Wednesday. #PressroomHighlights https://t.co/4xwcwglCiz https://t.co/fdr6kRgYsy	15.101607
Thu Apr 08 10:33:34 +0000 2021	During the 13th Five-Year Plan period (2016-2020), China's #tax and fee cuts exceeded 7.6 trillion yuan, which effectively eased burdens for businesses, an official said at a press conference on Wednesday. #PressroomHighlights https://t.co/4xwcwglCiz https://t.co/fdr6kRgYsy	15.101607
Thu Apr 08 06:32:25 +0000 2021	During the 13th Five-Year Plan period (2016-2020), China's #tax and fee cuts exceeded 7.6 trillion yuan, which effectively eased burdens for businesses, an official said at a press conference on Wednesday. #PressroomHighlights https://t.co/4xwcwglCiz https://t.co/fdr6kRgYsy	15.101607
Thu Apr 08 10:21:49 +0000 2021	During the 13th Five-Year Plan period (2016-2020), China's #tax and fee cuts exceeded 7.6 trillion yuan, which effectively eased burdens for businesses, an official said at a press conference on Wednesday. #PressroomHighlights https://t.co/4xwcwglCiz https://t.co/fdr6kRgYsy	15.101607
Tue Apr 06 14:45:16 +0000 2021	China's 5-Year Plan integrates people's advice into top level design.  During its drafting stage, over one mln comments were received, 1,000 of which were sorted out. The drafting group analyzed them piece by piece, and absorbed all that could be adopted. https://t.co/K0QnI3Qjzm https://t.co/buWC9qRKa1	14.61662
Sun Apr 04 15:31:54 +0000 2021	@chinascio The level of civilization and culture is completely different between Japan and China.   China has stolen Japanese technology like a dirty monkey for over 1000 years.   Economic growth with technology thieves, but not China's power, Japan's success	13.698346
Thu Apr 01 01:09:18 +0000 2021	@chinascio Hopefully this will put an end to the West's attempts to destabilize China through financing chaos in Hong Kong.	13.589731
Wed Apr 07 00:47:17 +0000 2021	"The strategy of targeted poverty alleviation is China's strongest ""weapon"" in its final battle to secure victory against poverty, and a major innovation in the theory and practice of poverty reduction. https://t.co/Ov1USdJDlC"	13.496059
Fri Apr 02 03:34:33 +0000 2021	@chinascio The yuan I use it to light the wood fire🔥.	13.460348
Fri Apr 09 05:14:45 +0000 2021	Notice of SCIO press conference on April 12 (10 a.m.)  The State Council Information Office (SCIO) will hold a press conference at 10 a.m. Monday on the progress of #Hainan Free Trade Port policies and institution.  Please stay tuned. https://t.co/pBHYPOnlAQ	12.836166
Sat Apr 10 14:43:39 +0000 2021	@chinascio @SpokespersonCHN The only human rights issue in the world today is the extermination of Muslims in Xinjiang.	12.2261915
Fri Apr 09 00:50:49 +0000 2021	Welcome to south China's #Hainan province, the world's largest free trade port.   Find the convenience and liberalization in these 6 aspects. https://t.co/DdR0nuO1kp	11.869214
Thu Apr 08 06:09:08 +0000 2021	Welcome to south China's #Hainan province, the world's largest free trade port.   Find the convenience and liberalization in these 6 aspects. https://t.co/DdR0nuO1kp	11.869214
Thu Apr 08 06:32:09 +0000 2021	Welcome to south China's #Hainan province, the world's largest free trade port.   Find the convenience and liberalization in these 6 aspects. https://t.co/DdR0nuO1kp	11.869214
Thu Apr 08 06:44:54 +0000 2021	Welcome to south China's #Hainan province, the world's largest free trade port.   Find the convenience and liberalization in these 6 aspects. https://t.co/DdR0nuO1kp	11.869214
Mon Apr 05 13:44:37 +0000 2021	China has taken the lead in ratifying the Regional Comprehensive Economic Partnership (#RCEP) agreement, the Ministry of Commerce (MOC) said on Monday. https://t.co/sih3a0UVgY https://t.co/7BYPYMIgs4	11.69412
Fri Apr 02 05:51:40 +0000 2021	In pics: Press conference on development of #food and #strategic reserves in 14th Five-Year Plan period (2021-2025). https://t.co/YjwfXnJrAv https://t.co/UF7MmUrPKh	11.426509
Sat Apr 10 21:00:22 +0000 2021	@chinascio @SpokespersonCHN This is indeed sad. US has acted with impunity over the last 70+ years. It is indeed good that it realises how its military actions have indeed led to instability in peaceful nations. We need a more benevolent coalition to lead the world. One which values human lives &amp; progress	11.234283
Sat Apr 10 15:50:53 +0000 2021	@chinascio @zlj517 The US is the Culprit of wars, chaos, and human rights violation of this world! So, whom should be accused!	11.199469
Fri Apr 02 14:15:22 +0000 2021	This year marks the centenary of the Communist Party of China (CPC).   Watch this video from the International Department of the CPC Central Committee to discover how the CPC leads China to success. https://t.co/Lmfs2zXiFz	11.067968
Sat Apr 03 02:45:02 +0000 2021	This year marks the centenary of the Communist Party of China (CPC).   Watch this video from the International Department of the CPC Central Committee to discover how the CPC leads China to success. https://t.co/Lmfs2zXiFz	11.067968
Fri Apr 02 08:29:38 +0000 2021	This year marks the centenary of the Communist Party of China (CPC).   Watch this video from the International Department of the CPC Central Committee to discover how the CPC leads China to success. https://t.co/Lmfs2zXiFz	11.067968
Fri Apr 02 07:35:11 +0000 2021	This year marks the centenary of the Communist Party of China (CPC).   Watch this video from the International Department of the CPC Central Committee to discover how the CPC leads China to success. https://t.co/Lmfs2zXiFz	11.067968
Fri Apr 02 07:36:32 +0000 2021	This year marks the centenary of the Communist Party of China (CPC).   Watch this video from the International Department of the CPC Central Committee to discover how the CPC leads China to success. https://t.co/Lmfs2zXiFz	11.067968
Fri Apr 02 09:16:25 +0000 2021	This year marks the centenary of the Communist Party of China (CPC).   Watch this video from the International Department of the CPC Central Committee to discover how the CPC leads China to success. https://t.co/Lmfs2zXiFz	11.067968
Wed Mar 31 07:15:17 +0000 2021	@chinascio Rule of law is the bottom line of morality!the victims in China proposed to hold an international discussion meeting on the long-term violation of law by the Supreme Court of China! discuss the moral status quo of China as a permanent member! https://t.co/ub2ndKSCsG	10.843458
Wed Mar 31 14:22:16 +0000 2021	@chinascio Decades of education in China have failed. Starting from elementary school, and every step we took, dirty china communist regime trained everyone to tell #LIES. If all schools are closed, the knowledge of the Chinese might be reduced, but moral standards will be greatly improved.	10.383657
Mon Apr 05 12:22:47 +0000 2021	@chinascio The more Chinese people know about Japan, the more they shine, but the more Japanese people know about China, the more they rot. Only money is profitable with Chinese stocks  Agnes Chow Ting https://t.co/ZTsv3LlfpL https://t.co/Qwm5q6Dsly	10.29694
Mon Apr 05 13:38:46 +0000 2021	China's #FAST telescope to officially open to global astronomers  Astronomers worldwide can visit https://t.co/eKe510d8Lt to submit applications for observations, said the National Astronomical Observatories under the Chinese Academy of Sciences.  https://t.co/zL4uIF7xB7 https://t.co/YpqaKQRjcf	9.976211
Wed Mar 31 02:35:40 +0000 2021	China's #FAST telescope to officially open to global astronomers  Astronomers worldwide can visit https://t.co/eKe510d8Lt to submit applications for observations, said the National Astronomical Observatories under the Chinese Academy of Sciences.  https://t.co/zL4uIF7xB7 https://t.co/YpqaKQRjcf	9.976211
Wed Mar 31 06:21:59 +0000 2021	China's #FAST telescope to officially open to global astronomers  Astronomers worldwide can visit https://t.co/eKe510d8Lt to submit applications for observations, said the National Astronomical Observatories under the Chinese Academy of Sciences.  https://t.co/zL4uIF7xB7 https://t.co/YpqaKQRjcf	9.976211
Wed Mar 31 06:26:19 +0000 2021	China's #FAST telescope to officially open to global astronomers  Astronomers worldwide can visit https://t.co/eKe510d8Lt to submit applications for observations, said the National Astronomical Observatories under the Chinese Academy of Sciences.  https://t.co/zL4uIF7xB7 https://t.co/YpqaKQRjcf	9.976211
Wed Mar 31 06:36:40 +0000 2021	China's #FAST telescope to officially open to global astronomers  Astronomers worldwide can visit https://t.co/eKe510d8Lt to submit applications for observations, said the National Astronomical Observatories under the Chinese Academy of Sciences.  https://t.co/zL4uIF7xB7 https://t.co/YpqaKQRjcf	9.976211
Thu Apr 01 05:54:08 +0000 2021	China's #FAST telescope to officially open to global astronomers  Astronomers worldwide can visit https://t.co/eKe510d8Lt to submit applications for observations, said the National Astronomical Observatories under the Chinese Academy of Sciences.  https://t.co/zL4uIF7xB7 https://t.co/YpqaKQRjcf	9.976211
Tue Apr 06 11:46:28 +0000 2021	China's #FAST telescope to officially open to global astronomers  Astronomers worldwide can visit https://t.co/eKe510d8Lt to submit applications for observations, said the National Astronomical Observatories under the Chinese Academy of Sciences.  https://t.co/zL4uIF7xB7 https://t.co/YpqaKQRjcf	9.976211
Fri Apr 09 03:08:33 +0000 2021	China has made a major breakthrough in leading-edge 7nm computing #chips that could rival products from global industry leaders like U.S. companies Nvidia and AMD. https://t.co/4UtEJTdriu https://t.co/B7ke84NXsE	9.948386
Wed Apr 07 07:31:51 +0000 2021	China has made a major breakthrough in leading-edge 7nm computing #chips that could rival products from global industry leaders like U.S. companies Nvidia and AMD. https://t.co/4UtEJTdriu https://t.co/B7ke84NXsE	9.948386
Wed Apr 07 01:51:21 +0000 2021	China has made a major breakthrough in leading-edge 7nm computing #chips that could rival products from global industry leaders like U.S. companies Nvidia and AMD. https://t.co/4UtEJTdriu https://t.co/B7ke84NXsE	9.948386
Wed Apr 07 01:45:41 +0000 2021	China has made a major breakthrough in leading-edge 7nm computing #chips that could rival products from global industry leaders like U.S. companies Nvidia and AMD. https://t.co/4UtEJTdriu https://t.co/B7ke84NXsE	9.948386
Wed Apr 07 02:23:42 +0000 2021	China has made a major breakthrough in leading-edge 7nm computing #chips that could rival products from global industry leaders like U.S. companies Nvidia and AMD. https://t.co/4UtEJTdriu https://t.co/B7ke84NXsE	9.948386
Wed Apr 07 01:28:05 +0000 2021	China has made a major breakthrough in leading-edge 7nm computing #chips that could rival products from global industry leaders like U.S. companies Nvidia and AMD. https://t.co/4UtEJTdriu https://t.co/B7ke84NXsE	9.948386
Wed Apr 07 01:50:26 +0000 2021	China has made a major breakthrough in leading-edge 7nm computing #chips that could rival products from global industry leaders like U.S. companies Nvidia and AMD. https://t.co/4UtEJTdriu https://t.co/B7ke84NXsE	9.948386
Sat Apr 10 10:04:05 +0000 2021	@chinascio @SpokespersonCHN Free Uyghurs Free arbitrarily detained two Michaels	9.713873
Thu Apr 01 03:19:13 +0000 2021	@chinascio ←the quality of mede in USA or Japan😃 →the quality of dirty monkey's 🐵made in  china🤮😱 https://t.co/Amdce128QC	9.184999
Thu Apr 01 03:18:12 +0000 2021	@chinascio ←the quality of mede in USA or Japan😃😊 →the quality of dirty monkey's 🐵made in  china🤮😱😭 https://t.co/QjR4LSwG9E	8.927532
Thu Apr 08 03:25:10 +0000 2021	@chinascio @chinaorgcn who trust the ccp? https://t.co/a01mY7hnTY	8.62832
Thu Apr 08 01:43:18 +0000 2021	More than 145.39 million doses of COVID-19 #vaccines had been administered across China as of April 6. https://t.co/LXss5q4H90 https://t.co/HAxEOTa1Wq	8.315563
Thu Apr 08 02:24:30 +0000 2021	More than 145.39 million doses of COVID-19 #vaccines had been administered across China as of April 6. https://t.co/LXss5q4H90 https://t.co/HAxEOTa1Wq	8.315563
Thu Apr 08 03:39:51 +0000 2021	More than 145.39 million doses of COVID-19 #vaccines had been administered across China as of April 6. https://t.co/LXss5q4H90 https://t.co/HAxEOTa1Wq	8.315563
Thu Apr 08 01:38:59 +0000 2021	More than 145.39 million doses of COVID-19 #vaccines had been administered across China as of April 6. https://t.co/LXss5q4H90 https://t.co/HAxEOTa1Wq	8.315563
Fri Apr 02 16:39:46 +0000 2021	@chinascio @China_Amb_India What do you feel about covid recovery in Delhi.	8.286812
Sat Apr 10 10:35:31 +0000 2021	@chinascio Cold War same old tricks which USA invaded Middle East Southern Asia（Syria / Iraq / Vietnam）by making just excuses, US‘s “JUST WAR”made thousands of refugees escape to Europe. US‘s public opinion is righteous?When they lose Trade War to China they play #Xinjiang rumor card now.	7.918988
Mon Apr 05 04:31:25 +0000 2021	"The State Council Information Office (SCIO) will on Tuesday release a white paper titled ""Poverty Alleviation: China's Experience and Contribution"" and hold a press conference about it at 10 a.m.  Please stay tuned. https://t.co/3Y9089kb4e https://t.co/u7h5GpnVP5"	7.9101887
Mon Apr 05 04:47:35 +0000 2021	"The State Council Information Office (SCIO) will on Tuesday release a white paper titled ""Poverty Alleviation: China's Experience and Contribution"" and hold a press conference about it at 10 a.m.  Please stay tuned. https://t.co/3Y9089kb4e https://t.co/u7h5GpnVP5"	7.9101887
Mon Apr 05 04:41:33 +0000 2021	"The State Council Information Office (SCIO) will on Tuesday release a white paper titled ""Poverty Alleviation: China's Experience and Contribution"" and hold a press conference about it at 10 a.m.  Please stay tuned. https://t.co/3Y9089kb4e https://t.co/u7h5GpnVP5"	7.9101887
Mon Apr 05 07:07:23 +0000 2021	"The State Council Information Office (SCIO) will on Tuesday release a white paper titled ""Poverty Alleviation: China's Experience and Contribution"" and hold a press conference about it at 10 a.m.  Please stay tuned. https://t.co/3Y9089kb4e https://t.co/u7h5GpnVP5"	7.9101887
Thu Apr 08 07:08:00 +0000 2021	In pics: Beijing uses mobile COVID-19 #vaccination vehicles to expedite vaccination  Technologies such as #5G and #BigData are also employed to manage vaccination with digital means and ensure the traceability of the whole process. https://t.co/VCdBj4fXQk https://t.co/Xhhwpniv7B	6.8502245
Thu Apr 08 10:57:33 +0000 2021	In pics: Beijing uses mobile COVID-19 #vaccination vehicles to expedite vaccination  Technologies such as #5G and #BigData are also employed to manage vaccination with digital means and ensure the traceability of the whole process. https://t.co/VCdBj4fXQk https://t.co/Xhhwpniv7B	6.8502245
Thu Apr 08 06:49:01 +0000 2021	In pics: Beijing uses mobile COVID-19 #vaccination vehicles to expedite vaccination  Technologies such as #5G and #BigData are also employed to manage vaccination with digital means and ensure the traceability of the whole process. https://t.co/VCdBj4fXQk https://t.co/Xhhwpniv7B	6.8502245
Sun Apr 04 23:00:32 +0000 2021	RT @chinascio: International students get the COVID-19 #vaccine in China's top university. https://t.co/KcfHP1JycV	6.737989
Fri Apr 02 07:38:13 +0000 2021	China is strongly dissatisfied with and firmly opposes a #US report over #HongKong, urging the U.S. to create favorable conditions for bringing China-U.S. ties back on the track of healthy and stable development. So said a Foreign Ministry spokesperson. https://t.co/tAjL3nRmbM https://t.co/4g5zn1uYeH	6.61108
Fri Apr 02 03:16:31 +0000 2021	China is strongly dissatisfied with and firmly opposes a #US report over #HongKong, urging the U.S. to create favorable conditions for bringing China-U.S. ties back on the track of healthy and stable development. So said a Foreign Ministry spokesperson. https://t.co/tAjL3nRmbM https://t.co/4g5zn1uYeH	6.61108
Fri Apr 02 05:58:33 +0000 2021	China is strongly dissatisfied with and firmly opposes a #US report over #HongKong, urging the U.S. to create favorable conditions for bringing China-U.S. ties back on the track of healthy and stable development. So said a Foreign Ministry spokesperson. https://t.co/tAjL3nRmbM https://t.co/4g5zn1uYeH	6.61108
Fri Apr 02 09:05:15 +0000 2021	China is strongly dissatisfied with and firmly opposes a #US report over #HongKong, urging the U.S. to create favorable conditions for bringing China-U.S. ties back on the track of healthy and stable development. So said a Foreign Ministry spokesperson. https://t.co/tAjL3nRmbM https://t.co/4g5zn1uYeH	6.61108
Fri Apr 02 03:20:18 +0000 2021	China is strongly dissatisfied with and firmly opposes a #US report over #HongKong, urging the U.S. to create favorable conditions for bringing China-U.S. ties back on the track of healthy and stable development. So said a Foreign Ministry spokesperson. https://t.co/tAjL3nRmbM https://t.co/4g5zn1uYeH	6.61108
Tue Apr 06 02:22:29 +0000 2021	RT @chinascio: Countdown to #Beijing2022: Foreign diplomats highly praise the preparation work of the Beijing Winter #Olympics. https://t.c…	6.55095
Wed Mar 31 01:44:34 +0000 2021	@chinascio @ConsulateSan uh huh like in the plan? LOL! https://t.co/St68OTpuFW	6.3836775
Fri Apr 09 00:38:47 +0000 2021	@chinascio Well let me I tell you what my 👀 can see through the wall about China 🇨🇳. I am not the King 👑 Salomon but China government future will fall down a part as happened to Rome empire. Chinese people will raise up the Voice of freedom and liberty 🗽 soon in future. Trust me 🇨🇳.	6.1887007
Wed Mar 31 09:04:54 +0000 2021	@chinascio Indeed  Pak.China friend ship Been ever be strong  Love it	5.8616347
Fri Apr 09 01:13:56 +0000 2021	RT @chinascio: China issues guideline on easing #market access in #Hainan free trade port. https://t.co/iAOvh7Ub2e https://t.co/JdOi7vVxGc	5.7847366
Fri Apr 09 01:13:58 +0000 2021	RT @chinascio: China issues guideline on easing #market access in #Hainan free trade port. https://t.co/iAOvh7Ub2e https://t.co/JdOi7vVxGc	5.7847366
Fri Apr 09 01:22:22 +0000 2021	RT @chinascio: China issues guideline on easing #market access in #Hainan free trade port. https://t.co/iAOvh7Ub2e https://t.co/JdOi7vVxGc	5.7847366
Fri Apr 09 01:35:07 +0000 2021	RT @chinascio: China issues guideline on easing #market access in #Hainan free trade port. https://t.co/iAOvh7Ub2e https://t.co/JdOi7vVxGc	5.7847366
Fri Apr 09 08:08:51 +0000 2021	RT @chinascio: China issues guideline on easing #market access in #Hainan free trade port. https://t.co/iAOvh7Ub2e https://t.co/JdOi7vVxGc	5.7847366
Fri Apr 09 01:19:21 +0000 2021	RT @chinascio: China issues guideline on easing #market access in #Hainan free trade port. https://t.co/iAOvh7Ub2e https://t.co/JdOi7vVxGc	5.7847366
Fri Apr 09 07:51:39 +0000 2021	RT @chinascio: China issues guideline on easing #market access in #Hainan free trade port. https://t.co/iAOvh7Ub2e https://t.co/JdOi7vVxGc	5.7847366
Sat Apr 10 01:44:09 +0000 2021	RT @chinascio: China issues guideline on easing #market access in #Hainan free trade port. https://t.co/iAOvh7Ub2e https://t.co/JdOi7vVxGc	5.7847366
Fri Apr 09 00:51:33 +0000 2021	@chinascio @chinaorgcn It means more people being treated like Hong Kong. China's leaders do not believe in or abide by the rule of law, not international maritime or trade laws, not business laws, and certainly not in intellectual property laws. https://t.co/Qw1xpNhu7Q	5.3942895
Wed Mar 31 07:21:03 +0000 2021	"@chinascio Rule of law is the bottom line of morality!About initiating：request the United Nations to set up ""Evaluation method and publicity system of moral decay of permanent members"" —— International Symposium on Long-term Violation of Laws by China's Supreme Court! ask for help. https://t.co/retzigWNgh"	5.17737
Wed Mar 31 07:32:24 +0000 2021	"@chinascio Rule of law is the bottom line of morality!About initiating：request the United Nations to set up ""Evaluation method and publicity system of moral decay of permanent members"" —— International Symposium on Long-term Violation of Laws by China's Supreme Court! ask for help. https://t.co/Nfgh37RNBZ"	5.17737
Wed Mar 31 07:22:52 +0000 2021	"@chinascio Rule of law is the bottom line of morality!About initiating：request the United Nations to set up ""Evaluation method and publicity system of moral decay of permanent members"" —— International Symposium on Long-term Violation of Laws by China's Supreme Court! ask for help. https://t.co/HYykYaMMwB"	5.17737
Wed Mar 31 07:33:48 +0000 2021	"@chinascio Rule of law is the bottom line of morality!About initiating：request the United Nations to set up ""Evaluation method and publicity system of moral decay of permanent members"" —— International Symposium on Long-term Violation of Laws by China's Supreme Court! ask for help. https://t.co/XnTqeoMOHd"	5.17737
Wed Mar 31 22:55:23 +0000 2021	"@chinascio Rule of law is the bottom line of morality!About initiating：request the United Nations to set up ""Evaluation method and publicity system of moral decay of permanent members"" —— International Symposium on Long-term Violation of Laws by China's Supreme Court! ask for help. https://t.co/fS2jYNdFjF"	5.17737
Sun Apr 04 17:28:47 +0000 2021	@chinascio is plain dodgy. country with citizens of limited rights.	5.0564923
Fri Apr 09 04:11:48 +0000 2021	Over the past 70 years, #China has provided aid to over 160 countries in Asia, Africa, Latin America and the Caribbean, Oceania and Europe, reduced or exempted debts of eligible countries, and helped #developing countries in their efforts to achieve Millennium Development Goals. https://t.co/6NmsIxEIF9	4.4767423
Wed Mar 31 08:32:16 +0000 2021	@chinascio @chinaorgcn Totalitarian governments with centrally planned economies have a long history of making grand plans that sound great and don't work out as planned.	4.259524
Mon Apr 05 15:01:16 +0000 2021	@chinascio Technology thieves by China and exports of dirty Chinese goods far exceed the Nazis. The scale of genocide caused by the destruction of the world economy by China far exceeds that of the Nazis https://t.co/IfME9fzAAQ	4.1777825
Thu Apr 08 19:55:23 +0000 2021	China's poverty standard is based on multiple factors, and the standard is actually higher than the poverty line set by the World Bank, an official said at a press conference on Tuesday.  #PressroomHighlights https://t.co/gaKxyyM5Gn https://t.co/dZESEYL3Jf	2.5079093
Wed Apr 07 07:59:53 +0000 2021	China's poverty standard is based on multiple factors, and the standard is actually higher than the poverty line set by the World Bank, an official said at a press conference on Tuesday.  #PressroomHighlights https://t.co/gaKxyyM5Gn https://t.co/dZESEYL3Jf	2.5079093
Wed Apr 07 07:57:30 +0000 2021	China's poverty standard is based on multiple factors, and the standard is actually higher than the poverty line set by the World Bank, an official said at a press conference on Tuesday.  #PressroomHighlights https://t.co/gaKxyyM5Gn https://t.co/dZESEYL3Jf	2.5079093
Wed Apr 07 08:02:01 +0000 2021	China's poverty standard is based on multiple factors, and the standard is actually higher than the poverty line set by the World Bank, an official said at a press conference on Tuesday.  #PressroomHighlights https://t.co/gaKxyyM5Gn https://t.co/dZESEYL3Jf	2.5079093
Wed Apr 07 10:20:45 +0000 2021	China's poverty standard is based on multiple factors, and the standard is actually higher than the poverty line set by the World Bank, an official said at a press conference on Tuesday.  #PressroomHighlights https://t.co/gaKxyyM5Gn https://t.co/dZESEYL3Jf	2.5079093
Wed Apr 07 08:04:33 +0000 2021	China's poverty standard is based on multiple factors, and the standard is actually higher than the poverty line set by the World Bank, an official said at a press conference on Tuesday.  #PressroomHighlights https://t.co/gaKxyyM5Gn https://t.co/dZESEYL3Jf	2.5079093
Wed Apr 07 08:00:50 +0000 2021	China's poverty standard is based on multiple factors, and the standard is actually higher than the poverty line set by the World Bank, an official said at a press conference on Tuesday.  #PressroomHighlights https://t.co/gaKxyyM5Gn https://t.co/dZESEYL3Jf	2.5079093
Wed Apr 07 20:41:14 +0000 2021	China's poverty standard is based on multiple factors, and the standard is actually higher than the poverty line set by the World Bank, an official said at a press conference on Tuesday.  #PressroomHighlights https://t.co/gaKxyyM5Gn https://t.co/dZESEYL3Jf	2.5079093
Wed Mar 31 08:46:27 +0000 2021	China will increase the average years of education received by its working-age population from 10.8 years in 2020 to 11.3 years by 2025, said an official from the Ministry of Education at a press conference in Beijing on Wednesday. #PressroomHighlights #Educationisnottourism https://t.co/XZBNBZwoxb	2.093927
Wed Mar 31 01:31:03 +0000 2021	#Xiongan New Area - Four Years of Progress Aiming to relieve Beijing of non-essential functions and advance the coordinated development of the Beijing-Tianjin-Hebei region, Xiong'an will be an innovative, green, smart and world-class city. https://t.co/9YOlhoW6Ij https://t.co/Vd57lyMh0r	1.3311863
Wed Mar 31 01:54:54 +0000 2021	#Xiongan New Area - Four Years of Progress Aiming to relieve Beijing of non-essential functions and advance the coordinated development of the Beijing-Tianjin-Hebei region, Xiong'an will be an innovative, green, smart and world-class city. https://t.co/9YOlhoW6Ij https://t.co/Vd57lyMh0r	1.3311863
Fri Apr 02 11:34:50 +0000 2021	China's per capita #food output is over 470 kilograms, which remains high above the world average of 400 kilograms, an official from the National Food and Strategic Reserves Administration said at a press conference in Beijing Friday. #PressroomHighlights https://t.co/AsEdyAuXM2 https://t.co/x0xaOC8LHD	1.3051373
Fri Apr 02 08:56:52 +0000 2021	China's per capita #food output is over 470 kilograms, which remains high above the world average of 400 kilograms, an official from the National Food and Strategic Reserves Administration said at a press conference in Beijing Friday. #PressroomHighlights https://t.co/AsEdyAuXM2 https://t.co/x0xaOC8LHD	1.3051373
Fri Apr 02 09:07:50 +0000 2021	China's per capita #food output is over 470 kilograms, which remains high above the world average of 400 kilograms, an official from the National Food and Strategic Reserves Administration said at a press conference in Beijing Friday. #PressroomHighlights https://t.co/AsEdyAuXM2 https://t.co/x0xaOC8LHD	1.3051373
Wed Apr 07 07:35:34 +0000 2021	From 2016-20, the impoverished population dropped by 15.6 million in China's 5 autonomous regions and 3 provinces with a large multi-ethnic population, according to a white paper issued on Tuesday. #PressroomHighlights https://t.co/Q0eqyfIvZH https://t.co/jcphSJCFmA	0.8293626
Thu Apr 08 00:05:00 +0000 2021	From 2016-20, the impoverished population dropped by 15.6 million in China's 5 autonomous regions and 3 provinces with a large multi-ethnic population, according to a white paper issued on Tuesday. #PressroomHighlights https://t.co/Q0eqyfIvZH https://t.co/jcphSJCFmA	0.8293626
Wed Apr 07 20:41:50 +0000 2021	From 2016-20, the impoverished population dropped by 15.6 million in China's 5 autonomous regions and 3 provinces with a large multi-ethnic population, according to a white paper issued on Tuesday. #PressroomHighlights https://t.co/Q0eqyfIvZH https://t.co/jcphSJCFmA	0.8293626
Tue Apr 06 02:27:25 +0000 2021	During China's Song Dynasty (960-1279), #lacquer artwork was one of the most prized commodities the country traded along the Maritime #SilkRoad. The craft is still carried on today by inheritors of the art, in places like southern China's Yangjiang. https://t.co/SfKurVBfR5	0.8045329
Wed Mar 31 12:18:57 +0000 2021	"#Tibet opens memorial hall on serfdom history.  ""The emancipation of one million #serfs was a groundbreaking event for Tibet,"" said Tsering Doje, a resident of Lhasa.  The average life expectancy in the region has increased from 35.5 to 71.1. #HumanRights  https://t.co/Pp4MGgtYZ7 https://t.co/wyPpeQ7Y4l"	0.7736505
