created_at	text	_score
Wed Mar 31 01:42:52 +0000 2021	China has made strides in exploring and using renewable #energy sources amid efforts to cut #carbonemissions and promote green development, the National Energy Administration said Tuesday. https://t.co/BiwDmz2nbw https://t.co/8Nj7S8d5R4	179.16699
Wed Mar 31 06:37:36 +0000 2021	China has made strides in exploring and using renewable #energy sources amid efforts to cut #carbonemissions and promote green development, the National Energy Administration said Tuesday. https://t.co/BiwDmz2nbw https://t.co/8Nj7S8d5R4	179.16699
Wed Mar 31 19:57:28 +0000 2021	China has made strides in exploring and using renewable #energy sources amid efforts to cut #carbonemissions and promote green development, the National Energy Administration said Tuesday. https://t.co/BiwDmz2nbw https://t.co/8Nj7S8d5R4	179.16699
Wed Mar 31 08:24:44 +0000 2021	By the end of 2025, renewable energy is expected to account for about two-thirds of the increase in China's electricity consumption and more than 50% of the increase in primary energy consumption. #PressroomHighlights #cleanenergy https://t.co/ZpRtLPGy9L	158.4355
Thu Apr 08 02:06:41 +0000 2021	@chinascio @africaupdates It is a breath of fresh air to look to the East instead of the West for sustainable solutions going forward   Thank you for reminding us that there are alternatives	155.43373
Wed Mar 31 01:45:40 +0000 2021	China believes that the joint research carried out by the World Health Organization (#WHO) and China will play a positive role in promoting global cooperation in #COVID19 origin tracing, a Foreign Ministry spokesperson said Tuesday. https://t.co/IjrBTKTvlf https://t.co/SldiEyAAQQ	142.29707
Wed Mar 31 14:14:33 +0000 2021	"@chinascio Shifting electricity production towards renewable sources is the wave of the future.  I wholeheartedly commend China for the steps it is taking to ""clean"" it's energy grid."	116.49772
Fri Apr 02 05:51:40 +0000 2021	In pics: Press conference on development of #food and #strategic reserves in 14th Five-Year Plan period (2021-2025). https://t.co/YjwfXnJrAv https://t.co/UF7MmUrPKh	107.7994
Fri Apr 09 04:15:44 +0000 2021	No matter how the external environment changes, China will always stand with #developing members of the #WTO and safeguard their interests: China's Ministry of Commerce. https://t.co/73JhPwFg4I https://t.co/QtUUGO7Cb5	89.339134
Fri Apr 09 04:56:14 +0000 2021	No matter how the external environment changes, China will always stand with #developing members of the #WTO and safeguard their interests: China's Ministry of Commerce. https://t.co/73JhPwFg4I https://t.co/QtUUGO7Cb5	89.339134
Fri Apr 09 04:11:19 +0000 2021	No matter how the external environment changes, China will always stand with #developing members of the #WTO and safeguard their interests: China's Ministry of Commerce. https://t.co/73JhPwFg4I https://t.co/QtUUGO7Cb5	89.339134
Fri Apr 09 02:15:33 +0000 2021	No matter how the external environment changes, China will always stand with #developing members of the #WTO and safeguard their interests: China's Ministry of Commerce. https://t.co/73JhPwFg4I https://t.co/QtUUGO7Cb5	89.339134
Fri Apr 09 02:33:38 +0000 2021	No matter how the external environment changes, China will always stand with #developing members of the #WTO and safeguard their interests: China's Ministry of Commerce. https://t.co/73JhPwFg4I https://t.co/QtUUGO7Cb5	89.339134
Fri Apr 09 15:45:24 +0000 2021	No matter how the external environment changes, China will always stand with #developing members of the #WTO and safeguard their interests: China's Ministry of Commerce. https://t.co/73JhPwFg4I https://t.co/QtUUGO7Cb5	89.339134
Sat Apr 10 02:46:06 +0000 2021	No matter how the external environment changes, China will always stand with #developing members of the #WTO and safeguard their interests: China's Ministry of Commerce. https://t.co/73JhPwFg4I https://t.co/QtUUGO7Cb5	89.339134
Fri Apr 09 12:05:26 +0000 2021	No matter how the external environment changes, China will always stand with #developing members of the #WTO and safeguard their interests: China's Ministry of Commerce. https://t.co/73JhPwFg4I https://t.co/QtUUGO7Cb5	89.339134
Fri Apr 02 11:34:50 +0000 2021	China's per capita #food output is over 470 kilograms, which remains high above the world average of 400 kilograms, an official from the National Food and Strategic Reserves Administration said at a press conference in Beijing Friday. #PressroomHighlights https://t.co/AsEdyAuXM2 https://t.co/x0xaOC8LHD	86.36519
Fri Apr 02 08:56:52 +0000 2021	China's per capita #food output is over 470 kilograms, which remains high above the world average of 400 kilograms, an official from the National Food and Strategic Reserves Administration said at a press conference in Beijing Friday. #PressroomHighlights https://t.co/AsEdyAuXM2 https://t.co/x0xaOC8LHD	86.36519
Fri Apr 02 09:07:50 +0000 2021	China's per capita #food output is over 470 kilograms, which remains high above the world average of 400 kilograms, an official from the National Food and Strategic Reserves Administration said at a press conference in Beijing Friday. #PressroomHighlights https://t.co/AsEdyAuXM2 https://t.co/x0xaOC8LHD	86.36519
Mon Apr 05 13:38:46 +0000 2021	China's #FAST telescope to officially open to global astronomers  Astronomers worldwide can visit https://t.co/eKe510d8Lt to submit applications for observations, said the National Astronomical Observatories under the Chinese Academy of Sciences.  https://t.co/zL4uIF7xB7 https://t.co/YpqaKQRjcf	85.91942
Wed Mar 31 02:35:40 +0000 2021	China's #FAST telescope to officially open to global astronomers  Astronomers worldwide can visit https://t.co/eKe510d8Lt to submit applications for observations, said the National Astronomical Observatories under the Chinese Academy of Sciences.  https://t.co/zL4uIF7xB7 https://t.co/YpqaKQRjcf	85.91942
Wed Mar 31 06:21:59 +0000 2021	China's #FAST telescope to officially open to global astronomers  Astronomers worldwide can visit https://t.co/eKe510d8Lt to submit applications for observations, said the National Astronomical Observatories under the Chinese Academy of Sciences.  https://t.co/zL4uIF7xB7 https://t.co/YpqaKQRjcf	85.91942
Wed Mar 31 06:26:19 +0000 2021	China's #FAST telescope to officially open to global astronomers  Astronomers worldwide can visit https://t.co/eKe510d8Lt to submit applications for observations, said the National Astronomical Observatories under the Chinese Academy of Sciences.  https://t.co/zL4uIF7xB7 https://t.co/YpqaKQRjcf	85.91942
Wed Mar 31 06:36:40 +0000 2021	China's #FAST telescope to officially open to global astronomers  Astronomers worldwide can visit https://t.co/eKe510d8Lt to submit applications for observations, said the National Astronomical Observatories under the Chinese Academy of Sciences.  https://t.co/zL4uIF7xB7 https://t.co/YpqaKQRjcf	85.91942
Thu Apr 01 05:54:08 +0000 2021	China's #FAST telescope to officially open to global astronomers  Astronomers worldwide can visit https://t.co/eKe510d8Lt to submit applications for observations, said the National Astronomical Observatories under the Chinese Academy of Sciences.  https://t.co/zL4uIF7xB7 https://t.co/YpqaKQRjcf	85.91942
Tue Apr 06 11:46:28 +0000 2021	China's #FAST telescope to officially open to global astronomers  Astronomers worldwide can visit https://t.co/eKe510d8Lt to submit applications for observations, said the National Astronomical Observatories under the Chinese Academy of Sciences.  https://t.co/zL4uIF7xB7 https://t.co/YpqaKQRjcf	85.91942
Thu Apr 01 03:37:11 +0000 2021	China's #manufacturing and #service sectors registered faster growth in March, as production and demand increased following the Spring Festival holiday. https://t.co/4q3kDgZ4iG https://t.co/t12lUQIV2l	84.210846
Thu Apr 01 03:27:28 +0000 2021	China's #manufacturing and #service sectors registered faster growth in March, as production and demand increased following the Spring Festival holiday. https://t.co/4q3kDgZ4iG https://t.co/t12lUQIV2l	84.210846
Thu Apr 01 06:36:49 +0000 2021	China's #manufacturing and #service sectors registered faster growth in March, as production and demand increased following the Spring Festival holiday. https://t.co/4q3kDgZ4iG https://t.co/t12lUQIV2l	84.210846
Thu Apr 01 03:22:34 +0000 2021	China's #manufacturing and #service sectors registered faster growth in March, as production and demand increased following the Spring Festival holiday. https://t.co/4q3kDgZ4iG https://t.co/t12lUQIV2l	84.210846
Sat Apr 03 02:43:45 +0000 2021	China's #manufacturing and #service sectors registered faster growth in March, as production and demand increased following the Spring Festival holiday. https://t.co/4q3kDgZ4iG https://t.co/t12lUQIV2l	84.210846
Fri Apr 09 03:08:33 +0000 2021	China has made a major breakthrough in leading-edge 7nm computing #chips that could rival products from global industry leaders like U.S. companies Nvidia and AMD. https://t.co/4UtEJTdriu https://t.co/B7ke84NXsE	83.522415
Wed Apr 07 07:31:51 +0000 2021	China has made a major breakthrough in leading-edge 7nm computing #chips that could rival products from global industry leaders like U.S. companies Nvidia and AMD. https://t.co/4UtEJTdriu https://t.co/B7ke84NXsE	83.522415
Wed Apr 07 01:51:21 +0000 2021	China has made a major breakthrough in leading-edge 7nm computing #chips that could rival products from global industry leaders like U.S. companies Nvidia and AMD. https://t.co/4UtEJTdriu https://t.co/B7ke84NXsE	83.522415
Wed Apr 07 01:45:41 +0000 2021	China has made a major breakthrough in leading-edge 7nm computing #chips that could rival products from global industry leaders like U.S. companies Nvidia and AMD. https://t.co/4UtEJTdriu https://t.co/B7ke84NXsE	83.522415
Wed Apr 07 02:23:42 +0000 2021	China has made a major breakthrough in leading-edge 7nm computing #chips that could rival products from global industry leaders like U.S. companies Nvidia and AMD. https://t.co/4UtEJTdriu https://t.co/B7ke84NXsE	83.522415
Wed Apr 07 01:28:05 +0000 2021	China has made a major breakthrough in leading-edge 7nm computing #chips that could rival products from global industry leaders like U.S. companies Nvidia and AMD. https://t.co/4UtEJTdriu https://t.co/B7ke84NXsE	83.522415
Wed Apr 07 01:50:26 +0000 2021	China has made a major breakthrough in leading-edge 7nm computing #chips that could rival products from global industry leaders like U.S. companies Nvidia and AMD. https://t.co/4UtEJTdriu https://t.co/B7ke84NXsE	83.522415
Wed Apr 07 12:14:57 +0000 2021	"China issues white paper titled ""#Poverty Alleviation: China's Experience and Contribution.""  China is home to nearly 1/5 of the world's population and its eradication of extreme poverty is a milestone in the history of the Chinese nation and humankind. https://t.co/TC6Gu88jHI https://t.co/5yxa4meSLJ"	76.85314
Tue Apr 06 07:15:20 +0000 2021	"China issues white paper titled ""#Poverty Alleviation: China's Experience and Contribution.""  China is home to nearly 1/5 of the world's population and its eradication of extreme poverty is a milestone in the history of the Chinese nation and humankind. https://t.co/TC6Gu88jHI https://t.co/5yxa4meSLJ"	76.85314
Tue Apr 06 07:22:37 +0000 2021	"China issues white paper titled ""#Poverty Alleviation: China's Experience and Contribution.""  China is home to nearly 1/5 of the world's population and its eradication of extreme poverty is a milestone in the history of the Chinese nation and humankind. https://t.co/TC6Gu88jHI https://t.co/5yxa4meSLJ"	76.85314
Tue Apr 06 10:40:30 +0000 2021	"China issues white paper titled ""#Poverty Alleviation: China's Experience and Contribution.""  China is home to nearly 1/5 of the world's population and its eradication of extreme poverty is a milestone in the history of the Chinese nation and humankind. https://t.co/TC6Gu88jHI https://t.co/5yxa4meSLJ"	76.85314
Tue Apr 06 02:42:17 +0000 2021	"China issues white paper titled ""#Poverty Alleviation: China's Experience and Contribution.""  China is home to nearly 1/5 of the world's population and its eradication of extreme poverty is a milestone in the history of the Chinese nation and humankind. https://t.co/TC6Gu88jHI https://t.co/5yxa4meSLJ"	76.85314
Tue Apr 06 02:36:02 +0000 2021	"China issues white paper titled ""#Poverty Alleviation: China's Experience and Contribution.""  China is home to nearly 1/5 of the world's population and its eradication of extreme poverty is a milestone in the history of the Chinese nation and humankind. https://t.co/TC6Gu88jHI https://t.co/5yxa4meSLJ"	76.85314
Tue Apr 06 03:13:38 +0000 2021	"China issues white paper titled ""#Poverty Alleviation: China's Experience and Contribution.""  China is home to nearly 1/5 of the world's population and its eradication of extreme poverty is a milestone in the history of the Chinese nation and humankind. https://t.co/TC6Gu88jHI https://t.co/5yxa4meSLJ"	76.85314
Tue Apr 06 05:17:22 +0000 2021	"China issues white paper titled ""#Poverty Alleviation: China's Experience and Contribution.""  China is home to nearly 1/5 of the world's population and its eradication of extreme poverty is a milestone in the history of the Chinese nation and humankind. https://t.co/TC6Gu88jHI https://t.co/5yxa4meSLJ"	76.85314
Tue Apr 06 02:58:20 +0000 2021	"China issues white paper titled ""#Poverty Alleviation: China's Experience and Contribution.""  China is home to nearly 1/5 of the world's population and its eradication of extreme poverty is a milestone in the history of the Chinese nation and humankind. https://t.co/TC6Gu88jHI https://t.co/5yxa4meSLJ"	76.85314
Tue Apr 06 04:25:18 +0000 2021	"China issues white paper titled ""#Poverty Alleviation: China's Experience and Contribution.""  China is home to nearly 1/5 of the world's population and its eradication of extreme poverty is a milestone in the history of the Chinese nation and humankind. https://t.co/TC6Gu88jHI https://t.co/5yxa4meSLJ"	76.85314
Fri Apr 09 04:15:12 +0000 2021	In pics: China launches new #satellite for space #environment survey.  The launch was the 365th by the Long March rocket series.  https://t.co/UymLsmsK52 https://t.co/nXmXI4ayvL	70.82468
Fri Apr 09 02:47:22 +0000 2021	In pics: China launches new #satellite for space #environment survey.  The launch was the 365th by the Long March rocket series.  https://t.co/UymLsmsK52 https://t.co/nXmXI4ayvL	70.82468
Fri Apr 09 12:15:39 +0000 2021	In pics: China launches new #satellite for space #environment survey.  The launch was the 365th by the Long March rocket series.  https://t.co/UymLsmsK52 https://t.co/nXmXI4ayvL	70.82468
Mon Apr 05 13:50:39 +0000 2021	China's #economic growth gathered steam in the first two months of 2021.  Major economic indicators greatly improved in the period, with #industrial output, retail sales and fixed-asset #investment all surging more than 30%. https://t.co/NW36m8dwVs	61.098953
Mon Apr 05 13:44:37 +0000 2021	China has taken the lead in ratifying the Regional Comprehensive Economic Partnership (#RCEP) agreement, the Ministry of Commerce (MOC) said on Monday. https://t.co/sih3a0UVgY https://t.co/7BYPYMIgs4	60.969032
Tue Apr 06 00:50:14 +0000 2021	@chinascio China government. When your companies manufacturing make good things????so will talk???. China industries has made garbage 🗑 unfortunately and entire world 🌎 today known well that. In my life I never buy garbage 🗑 goods from China 🇨🇳. Make in Chinese manufacturing never.	59.393707
Fri Apr 09 10:39:30 +0000 2021	@chinascio @ChineseEmbinUK At what price? Can't hoodwink us. Foot in the door method. Corrupt leaders selling out to your sh..lot in order to fill their pockets with gold.	55.346302
Sat Apr 10 21:00:22 +0000 2021	@chinascio @SpokespersonCHN This is indeed sad. US has acted with impunity over the last 70+ years. It is indeed good that it realises how its military actions have indeed led to instability in peaceful nations. We need a more benevolent coalition to lead the world. One which values human lives &amp; progress	54.91289
Wed Apr 07 20:39:59 +0000 2021	@chinascio No. China extracts all the wealth and leaves those nations worse off.	52.215965
Thu Apr 08 15:21:31 +0000 2021	According to a World Bank study, the #BeltandRoad Initiative (BRI) will help lift 7.6 million people out of extreme #poverty and 32 million people out of moderate poverty globally.  #PressroomHighlights https://t.co/XKYuhdkRZD https://t.co/UTEqFjBEcY	51.807983
Tue Apr 06 14:41:23 +0000 2021	According to a World Bank study, the #BeltandRoad Initiative (BRI) will help lift 7.6 million people out of extreme #poverty and 32 million people out of moderate poverty globally.  #PressroomHighlights https://t.co/XKYuhdkRZD https://t.co/UTEqFjBEcY	51.807983
Tue Apr 06 13:08:14 +0000 2021	According to a World Bank study, the #BeltandRoad Initiative (BRI) will help lift 7.6 million people out of extreme #poverty and 32 million people out of moderate poverty globally.  #PressroomHighlights https://t.co/XKYuhdkRZD https://t.co/UTEqFjBEcY	51.807983
Tue Apr 06 08:39:44 +0000 2021	According to a World Bank study, the #BeltandRoad Initiative (BRI) will help lift 7.6 million people out of extreme #poverty and 32 million people out of moderate poverty globally.  #PressroomHighlights https://t.co/XKYuhdkRZD https://t.co/UTEqFjBEcY	51.807983
Tue Apr 06 08:35:52 +0000 2021	According to a World Bank study, the #BeltandRoad Initiative (BRI) will help lift 7.6 million people out of extreme #poverty and 32 million people out of moderate poverty globally.  #PressroomHighlights https://t.co/XKYuhdkRZD https://t.co/UTEqFjBEcY	51.807983
Tue Apr 06 08:36:31 +0000 2021	According to a World Bank study, the #BeltandRoad Initiative (BRI) will help lift 7.6 million people out of extreme #poverty and 32 million people out of moderate poverty globally.  #PressroomHighlights https://t.co/XKYuhdkRZD https://t.co/UTEqFjBEcY	51.807983
Tue Apr 06 11:53:41 +0000 2021	According to a World Bank study, the #BeltandRoad Initiative (BRI) will help lift 7.6 million people out of extreme #poverty and 32 million people out of moderate poverty globally.  #PressroomHighlights https://t.co/XKYuhdkRZD https://t.co/UTEqFjBEcY	51.807983
Tue Apr 06 08:48:22 +0000 2021	According to a World Bank study, the #BeltandRoad Initiative (BRI) will help lift 7.6 million people out of extreme #poverty and 32 million people out of moderate poverty globally.  #PressroomHighlights https://t.co/XKYuhdkRZD https://t.co/UTEqFjBEcY	51.807983
Fri Apr 02 03:17:44 +0000 2021	The People's Bank of China, the central bank, will maintain its normal #monetary policy stance and facilitate flexibility of the renminbi exchange rate, despite the challenges from external financial vulnerabilities, senior officials said. https://t.co/u0dnY6IUf6 https://t.co/EYIpYzXBqp	50.559315
Wed Apr 07 01:38:05 +0000 2021	@chinascio The economic growth China experiences is the real reason why the United States accuses China of wrongdoing.  It is all an attempt to slow China's growth by discrediting the CPC on the international stage.  The American child tantrums at China's success.	49.449665
Mon Apr 05 14:53:44 +0000 2021	@chinascio The world economy is being destroyed like a zombie by the Chinese virus and the export of dirty Chinese goods by technology thieves by China.     I call China a dirty monkey country far beyond the Nazis.	47.366825
Fri Apr 02 07:38:13 +0000 2021	China is strongly dissatisfied with and firmly opposes a #US report over #HongKong, urging the U.S. to create favorable conditions for bringing China-U.S. ties back on the track of healthy and stable development. So said a Foreign Ministry spokesperson. https://t.co/tAjL3nRmbM https://t.co/4g5zn1uYeH	46.71624
Fri Apr 02 03:16:31 +0000 2021	China is strongly dissatisfied with and firmly opposes a #US report over #HongKong, urging the U.S. to create favorable conditions for bringing China-U.S. ties back on the track of healthy and stable development. So said a Foreign Ministry spokesperson. https://t.co/tAjL3nRmbM https://t.co/4g5zn1uYeH	46.71624
Fri Apr 02 05:58:33 +0000 2021	China is strongly dissatisfied with and firmly opposes a #US report over #HongKong, urging the U.S. to create favorable conditions for bringing China-U.S. ties back on the track of healthy and stable development. So said a Foreign Ministry spokesperson. https://t.co/tAjL3nRmbM https://t.co/4g5zn1uYeH	46.71624
Fri Apr 02 09:05:15 +0000 2021	China is strongly dissatisfied with and firmly opposes a #US report over #HongKong, urging the U.S. to create favorable conditions for bringing China-U.S. ties back on the track of healthy and stable development. So said a Foreign Ministry spokesperson. https://t.co/tAjL3nRmbM https://t.co/4g5zn1uYeH	46.71624
Fri Apr 02 03:20:18 +0000 2021	China is strongly dissatisfied with and firmly opposes a #US report over #HongKong, urging the U.S. to create favorable conditions for bringing China-U.S. ties back on the track of healthy and stable development. So said a Foreign Ministry spokesperson. https://t.co/tAjL3nRmbM https://t.co/4g5zn1uYeH	46.71624
Tue Apr 06 00:01:42 +0000 2021	"""China welcomes dialogue on the basis of equality and mutual respect.   China does not approve of one-upmanship in the world, and does not accept that one country has the final say in world affairs,"" said Chinese Foreign Minister Wang Yi. https://t.co/2WTyWiV6BL https://t.co/jGHgVl3g4F"	46.553993
Mon Apr 05 07:40:46 +0000 2021	"""China welcomes dialogue on the basis of equality and mutual respect.   China does not approve of one-upmanship in the world, and does not accept that one country has the final say in world affairs,"" said Chinese Foreign Minister Wang Yi. https://t.co/2WTyWiV6BL https://t.co/jGHgVl3g4F"	46.553993
Mon Apr 05 07:17:33 +0000 2021	"""China welcomes dialogue on the basis of equality and mutual respect.   China does not approve of one-upmanship in the world, and does not accept that one country has the final say in world affairs,"" said Chinese Foreign Minister Wang Yi. https://t.co/2WTyWiV6BL https://t.co/jGHgVl3g4F"	46.553993
Mon Apr 05 07:08:01 +0000 2021	"""China welcomes dialogue on the basis of equality and mutual respect.   China does not approve of one-upmanship in the world, and does not accept that one country has the final say in world affairs,"" said Chinese Foreign Minister Wang Yi. https://t.co/2WTyWiV6BL https://t.co/jGHgVl3g4F"	46.553993
Mon Apr 05 16:49:44 +0000 2021	"""China welcomes dialogue on the basis of equality and mutual respect.   China does not approve of one-upmanship in the world, and does not accept that one country has the final say in world affairs,"" said Chinese Foreign Minister Wang Yi. https://t.co/2WTyWiV6BL https://t.co/jGHgVl3g4F"	46.553993
Mon Apr 05 16:13:00 +0000 2021	"""China welcomes dialogue on the basis of equality and mutual respect.   China does not approve of one-upmanship in the world, and does not accept that one country has the final say in world affairs,"" said Chinese Foreign Minister Wang Yi. https://t.co/2WTyWiV6BL https://t.co/jGHgVl3g4F"	46.553993
Mon Apr 05 23:14:46 +0000 2021	"""China welcomes dialogue on the basis of equality and mutual respect.   China does not approve of one-upmanship in the world, and does not accept that one country has the final say in world affairs,"" said Chinese Foreign Minister Wang Yi. https://t.co/2WTyWiV6BL https://t.co/jGHgVl3g4F"	46.553993
Fri Apr 09 04:11:48 +0000 2021	Over the past 70 years, #China has provided aid to over 160 countries in Asia, Africa, Latin America and the Caribbean, Oceania and Europe, reduced or exempted debts of eligible countries, and helped #developing countries in their efforts to achieve Millennium Development Goals. https://t.co/6NmsIxEIF9	44.091537
Fri Apr 09 07:57:57 +0000 2021	@chinascio Introduce Hong Kong-style politics into destabilizing Myanmar.  the impression of communism is very bad . but,the impression of Hong Kong-style politics is very good.	43.55218
Thu Apr 01 03:52:04 +0000 2021	@chinascio How good is the country of Taiwan?!	42.64173
Thu Apr 08 02:02:34 +0000 2021	China to recruit over 84,000 college graduates as #rural teachers in 2021 to promote rural vitalization.  The recruitment is mainly for the once-impoverished areas and those inhabited by ethnic minorities to consolidate the results of poverty reduction. https://t.co/24xKFk8slz https://t.co/Qg1enil73X	41.61597
Thu Apr 08 02:09:16 +0000 2021	China to recruit over 84,000 college graduates as #rural teachers in 2021 to promote rural vitalization.  The recruitment is mainly for the once-impoverished areas and those inhabited by ethnic minorities to consolidate the results of poverty reduction. https://t.co/24xKFk8slz https://t.co/Qg1enil73X	41.61597
Thu Apr 08 02:16:16 +0000 2021	China to recruit over 84,000 college graduates as #rural teachers in 2021 to promote rural vitalization.  The recruitment is mainly for the once-impoverished areas and those inhabited by ethnic minorities to consolidate the results of poverty reduction. https://t.co/24xKFk8slz https://t.co/Qg1enil73X	41.61597
Sat Apr 03 04:44:55 +0000 2021	@chinascio Japanese culture values ​​women most. The Japanese language was developed by Japanese women so that they could become small birds.  And Japan has built the most sophisticated civilization in the world.  AKB Cherry blossoms  https://t.co/qhUXr8VBIV https://t.co/LpJE99HaET	40.792847
Sat Apr 03 04:46:25 +0000 2021	@chinascio Japanese culture values ​​women most. The Japanese language was developed by Japanese women so that they could become small birds.  And Japan has built the most sophisticated civilization in the world.  AKB Cherry blossoms  https://t.co/qhUXr8VBIV https://t.co/fCTfzPP6QM	40.792847
Wed Mar 31 07:21:03 +0000 2021	"@chinascio Rule of law is the bottom line of morality!About initiating：request the United Nations to set up ""Evaluation method and publicity system of moral decay of permanent members"" —— International Symposium on Long-term Violation of Laws by China's Supreme Court! ask for help. https://t.co/retzigWNgh"	40.34702
Wed Mar 31 07:32:24 +0000 2021	"@chinascio Rule of law is the bottom line of morality!About initiating：request the United Nations to set up ""Evaluation method and publicity system of moral decay of permanent members"" —— International Symposium on Long-term Violation of Laws by China's Supreme Court! ask for help. https://t.co/Nfgh37RNBZ"	40.34702
Wed Mar 31 07:22:52 +0000 2021	"@chinascio Rule of law is the bottom line of morality!About initiating：request the United Nations to set up ""Evaluation method and publicity system of moral decay of permanent members"" —— International Symposium on Long-term Violation of Laws by China's Supreme Court! ask for help. https://t.co/HYykYaMMwB"	40.34702
Wed Mar 31 07:33:48 +0000 2021	"@chinascio Rule of law is the bottom line of morality!About initiating：request the United Nations to set up ""Evaluation method and publicity system of moral decay of permanent members"" —— International Symposium on Long-term Violation of Laws by China's Supreme Court! ask for help. https://t.co/XnTqeoMOHd"	40.34702
Wed Mar 31 22:55:23 +0000 2021	"@chinascio Rule of law is the bottom line of morality!About initiating：request the United Nations to set up ""Evaluation method and publicity system of moral decay of permanent members"" —— International Symposium on Long-term Violation of Laws by China's Supreme Court! ask for help. https://t.co/fS2jYNdFjF"	40.34702
Thu Apr 01 14:25:46 +0000 2021	@chinascio I have a question.  How long has China been a dirty monkey country that imitating japanese technology?  answer from　about 1500 years ago  hint  The beauty of language represents the level of civilization.  World GDP history https://t.co/3kbFWMh5f6	40.23403
Mon Apr 05 04:31:25 +0000 2021	"The State Council Information Office (SCIO) will on Tuesday release a white paper titled ""Poverty Alleviation: China's Experience and Contribution"" and hold a press conference about it at 10 a.m.  Please stay tuned. https://t.co/3Y9089kb4e https://t.co/u7h5GpnVP5"	39.693478
Mon Apr 05 04:47:35 +0000 2021	"The State Council Information Office (SCIO) will on Tuesday release a white paper titled ""Poverty Alleviation: China's Experience and Contribution"" and hold a press conference about it at 10 a.m.  Please stay tuned. https://t.co/3Y9089kb4e https://t.co/u7h5GpnVP5"	39.693478
Mon Apr 05 04:41:33 +0000 2021	"The State Council Information Office (SCIO) will on Tuesday release a white paper titled ""Poverty Alleviation: China's Experience and Contribution"" and hold a press conference about it at 10 a.m.  Please stay tuned. https://t.co/3Y9089kb4e https://t.co/u7h5GpnVP5"	39.693478
Mon Apr 05 07:07:23 +0000 2021	"The State Council Information Office (SCIO) will on Tuesday release a white paper titled ""Poverty Alleviation: China's Experience and Contribution"" and hold a press conference about it at 10 a.m.  Please stay tuned. https://t.co/3Y9089kb4e https://t.co/u7h5GpnVP5"	39.693478
Mon Apr 05 16:49:36 +0000 2021	"@chinascio ""Mutual respect"" is the one thing that the United States is incapable of doing.  The United States does not respect any nation.  China and Russia are targets specifically because they do not cower like most of the world."	39.12622
Tue Apr 06 05:57:16 +0000 2021	At the end of 2020, the 98.99 million people in China's #rural areas who were living below the current poverty threshold all shook off poverty; all the 128,000 impoverished #villages and 832 designated poor #counties got rid of poverty. https://t.co/u6o5R4D09Z	37.853264
Wed Apr 07 05:02:50 +0000 2021	China has lifted 770 million #rural people out of poverty over the past 40-plus years of reform and opening up, which accounts for over 70% of the world population that escaped poverty during that span.  #PressroomHighlights https://t.co/qyKWLIYiAr https://t.co/KO4Q1mRHMX	36.73281
Wed Apr 07 05:55:00 +0000 2021	China has lifted 770 million #rural people out of poverty over the past 40-plus years of reform and opening up, which accounts for over 70% of the world population that escaped poverty during that span.  #PressroomHighlights https://t.co/qyKWLIYiAr https://t.co/KO4Q1mRHMX	36.73281
Wed Apr 07 02:41:49 +0000 2021	China has lifted 770 million #rural people out of poverty over the past 40-plus years of reform and opening up, which accounts for over 70% of the world population that escaped poverty during that span.  #PressroomHighlights https://t.co/qyKWLIYiAr https://t.co/KO4Q1mRHMX	36.73281
Wed Apr 07 10:21:48 +0000 2021	China has lifted 770 million #rural people out of poverty over the past 40-plus years of reform and opening up, which accounts for over 70% of the world population that escaped poverty during that span.  #PressroomHighlights https://t.co/qyKWLIYiAr https://t.co/KO4Q1mRHMX	36.73281
Wed Apr 07 15:25:17 +0000 2021	China has lifted 770 million #rural people out of poverty over the past 40-plus years of reform and opening up, which accounts for over 70% of the world population that escaped poverty during that span.  #PressroomHighlights https://t.co/qyKWLIYiAr https://t.co/KO4Q1mRHMX	36.73281
Wed Apr 07 02:44:20 +0000 2021	China has lifted 770 million #rural people out of poverty over the past 40-plus years of reform and opening up, which accounts for over 70% of the world population that escaped poverty during that span.  #PressroomHighlights https://t.co/qyKWLIYiAr https://t.co/KO4Q1mRHMX	36.73281
Wed Apr 07 05:49:43 +0000 2021	China has lifted 770 million #rural people out of poverty over the past 40-plus years of reform and opening up, which accounts for over 70% of the world population that escaped poverty during that span.  #PressroomHighlights https://t.co/qyKWLIYiAr https://t.co/KO4Q1mRHMX	36.73281
Wed Apr 07 02:43:54 +0000 2021	China has lifted 770 million #rural people out of poverty over the past 40-plus years of reform and opening up, which accounts for over 70% of the world population that escaped poverty during that span.  #PressroomHighlights https://t.co/qyKWLIYiAr https://t.co/KO4Q1mRHMX	36.73281
Wed Apr 07 02:59:25 +0000 2021	China has lifted 770 million #rural people out of poverty over the past 40-plus years of reform and opening up, which accounts for over 70% of the world population that escaped poverty during that span.  #PressroomHighlights https://t.co/qyKWLIYiAr https://t.co/KO4Q1mRHMX	36.73281
Fri Apr 09 01:13:56 +0000 2021	RT @chinascio: China issues guideline on easing #market access in #Hainan free trade port. https://t.co/iAOvh7Ub2e https://t.co/JdOi7vVxGc	36.514156
Fri Apr 09 01:13:58 +0000 2021	RT @chinascio: China issues guideline on easing #market access in #Hainan free trade port. https://t.co/iAOvh7Ub2e https://t.co/JdOi7vVxGc	36.514156
Fri Apr 09 01:22:22 +0000 2021	RT @chinascio: China issues guideline on easing #market access in #Hainan free trade port. https://t.co/iAOvh7Ub2e https://t.co/JdOi7vVxGc	36.514156
Fri Apr 09 01:35:07 +0000 2021	RT @chinascio: China issues guideline on easing #market access in #Hainan free trade port. https://t.co/iAOvh7Ub2e https://t.co/JdOi7vVxGc	36.514156
Fri Apr 09 08:08:51 +0000 2021	RT @chinascio: China issues guideline on easing #market access in #Hainan free trade port. https://t.co/iAOvh7Ub2e https://t.co/JdOi7vVxGc	36.514156
Fri Apr 09 01:19:21 +0000 2021	RT @chinascio: China issues guideline on easing #market access in #Hainan free trade port. https://t.co/iAOvh7Ub2e https://t.co/JdOi7vVxGc	36.514156
Fri Apr 09 07:51:39 +0000 2021	RT @chinascio: China issues guideline on easing #market access in #Hainan free trade port. https://t.co/iAOvh7Ub2e https://t.co/JdOi7vVxGc	36.514156
Sat Apr 10 01:44:09 +0000 2021	RT @chinascio: China issues guideline on easing #market access in #Hainan free trade port. https://t.co/iAOvh7Ub2e https://t.co/JdOi7vVxGc	36.514156
Thu Apr 08 19:55:23 +0000 2021	China's poverty standard is based on multiple factors, and the standard is actually higher than the poverty line set by the World Bank, an official said at a press conference on Tuesday.  #PressroomHighlights https://t.co/gaKxyyM5Gn https://t.co/dZESEYL3Jf	35.84455
Wed Apr 07 07:59:53 +0000 2021	China's poverty standard is based on multiple factors, and the standard is actually higher than the poverty line set by the World Bank, an official said at a press conference on Tuesday.  #PressroomHighlights https://t.co/gaKxyyM5Gn https://t.co/dZESEYL3Jf	35.84455
Wed Apr 07 07:57:30 +0000 2021	China's poverty standard is based on multiple factors, and the standard is actually higher than the poverty line set by the World Bank, an official said at a press conference on Tuesday.  #PressroomHighlights https://t.co/gaKxyyM5Gn https://t.co/dZESEYL3Jf	35.84455
Wed Apr 07 08:02:01 +0000 2021	China's poverty standard is based on multiple factors, and the standard is actually higher than the poverty line set by the World Bank, an official said at a press conference on Tuesday.  #PressroomHighlights https://t.co/gaKxyyM5Gn https://t.co/dZESEYL3Jf	35.84455
Wed Apr 07 10:20:45 +0000 2021	China's poverty standard is based on multiple factors, and the standard is actually higher than the poverty line set by the World Bank, an official said at a press conference on Tuesday.  #PressroomHighlights https://t.co/gaKxyyM5Gn https://t.co/dZESEYL3Jf	35.84455
Wed Apr 07 08:04:33 +0000 2021	China's poverty standard is based on multiple factors, and the standard is actually higher than the poverty line set by the World Bank, an official said at a press conference on Tuesday.  #PressroomHighlights https://t.co/gaKxyyM5Gn https://t.co/dZESEYL3Jf	35.84455
Wed Apr 07 08:00:50 +0000 2021	China's poverty standard is based on multiple factors, and the standard is actually higher than the poverty line set by the World Bank, an official said at a press conference on Tuesday.  #PressroomHighlights https://t.co/gaKxyyM5Gn https://t.co/dZESEYL3Jf	35.84455
Wed Apr 07 20:41:14 +0000 2021	China's poverty standard is based on multiple factors, and the standard is actually higher than the poverty line set by the World Bank, an official said at a press conference on Tuesday.  #PressroomHighlights https://t.co/gaKxyyM5Gn https://t.co/dZESEYL3Jf	35.84455
Wed Apr 07 01:35:17 +0000 2021	The International Monetary Fund (IMF) on Tuesday projected that the Chinese #economy will grow by 8.4% in 2021, 0.3 percentage point above the January forecast, according to the latest World Economic Outlook. https://t.co/MW4QLsa3Uw	35.243538
Fri Apr 09 12:55:08 +0000 2021	@chinascio the impression of communism is very bad . but,the impression of Hong Kong-style politics is very good.	34.193394
Fri Apr 09 12:54:47 +0000 2021	@chinascio the impression of communism is very bad . but,the impression of Hong Kong-style politics is very good.	34.193394
Thu Apr 01 01:28:47 +0000 2021	"@chinascio No one wants China to destabilize. This American ""doll"" also want to see the development of China.   Just hate theft of technology and     dirty pronunciation ancient language, Chinese . https://t.co/vduXTpxIWr"	33.87825
Thu Apr 01 01:29:05 +0000 2021	"@chinascio No one wants China to destabilize. This American ""doll"" also want to see the development of China.   Just hate theft of technology and     dirty pronunciation ancient language, Chinese . https://t.co/vduXTpxIWr"	33.87825
Wed Apr 07 00:47:17 +0000 2021	"The strategy of targeted poverty alleviation is China's strongest ""weapon"" in its final battle to secure victory against poverty, and a major innovation in the theory and practice of poverty reduction. https://t.co/Ov1USdJDlC"	33.495842
Wed Mar 31 08:26:49 +0000 2021	@chinascio @chinaorgcn Bollocks! CCP is put OV panels in rural communities not connected to Grid .. They are the world leaders in Coal fired BLP Gens	32.670856
Sat Apr 03 04:40:35 +0000 2021	"@chinascio Choose whether to disappear from the next to Japan or to be reborn as a wonderful country, admitting that ""good things are good, bad things are bad""  ←china →japan or usa https://t.co/vAdIOT6PA7"	32.613346
Wed Mar 31 14:22:16 +0000 2021	@chinascio Decades of education in China have failed. Starting from elementary school, and every step we took, dirty china communist regime trained everyone to tell #LIES. If all schools are closed, the knowledge of the Chinese might be reduced, but moral standards will be greatly improved.	31.459108
Fri Apr 02 03:41:39 +0000 2021	@chinascio EVILS 😈 dragon 🐉 China 🇨🇳 government, is not USA 🇺🇸 is the entire world 🌎 today we reject China 🇨🇳 Dictatorship to stop interfering with Hong Kong people and let them be freedom as a Nation they will be soon or later One day Chinese people will take their weapons soon or later	31.425936
Fri Apr 09 01:20:00 +0000 2021	A tourist-packed excursion train departed from #Harbin in Heilongjiang in northeast China for #Lhasa in Tibet.  The train, with more than 500 tourists, is the first of its kind for Heilongjiang Province. The tourists will travel to Lhasa in a 16-day sightseeing trip. https://t.co/dgtjq8ob5q	29.641665
Fri Apr 09 01:54:22 +0000 2021	A tourist-packed excursion train departed from #Harbin in Heilongjiang in northeast China for #Lhasa in Tibet.  The train, with more than 500 tourists, is the first of its kind for Heilongjiang Province. The tourists will travel to Lhasa in a 16-day sightseeing trip. https://t.co/dgtjq8ob5q	29.641665
Mon Apr 05 15:01:16 +0000 2021	@chinascio Technology thieves by China and exports of dirty Chinese goods far exceed the Nazis. The scale of genocide caused by the destruction of the world economy by China far exceeds that of the Nazis https://t.co/IfME9fzAAQ	29.018888
Wed Mar 31 01:31:03 +0000 2021	#Xiongan New Area - Four Years of Progress Aiming to relieve Beijing of non-essential functions and advance the coordinated development of the Beijing-Tianjin-Hebei region, Xiong'an will be an innovative, green, smart and world-class city. https://t.co/9YOlhoW6Ij https://t.co/Vd57lyMh0r	28.402533
Wed Mar 31 01:54:54 +0000 2021	#Xiongan New Area - Four Years of Progress Aiming to relieve Beijing of non-essential functions and advance the coordinated development of the Beijing-Tianjin-Hebei region, Xiong'an will be an innovative, green, smart and world-class city. https://t.co/9YOlhoW6Ij https://t.co/Vd57lyMh0r	28.402533
Fri Apr 09 03:09:59 +0000 2021	Graphic: How disadvantaged groups benefit from China's anti-poverty drive？  Disadvantaged groups including #women, #children, the #elderly and people with disabilities were among those prioritized by the government in China's anti-poverty campaign. https://t.co/otCWtzssSM https://t.co/a1QhYDlvbc	28.093334
Fri Apr 09 03:11:12 +0000 2021	Graphic: How disadvantaged groups benefit from China's anti-poverty drive？  Disadvantaged groups including #women, #children, the #elderly and people with disabilities were among those prioritized by the government in China's anti-poverty campaign. https://t.co/otCWtzssSM https://t.co/a1QhYDlvbc	28.093334
Wed Apr 07 02:44:29 +0000 2021	Graphic: How disadvantaged groups benefit from China's anti-poverty drive？  Disadvantaged groups including #women, #children, the #elderly and people with disabilities were among those prioritized by the government in China's anti-poverty campaign. https://t.co/otCWtzssSM https://t.co/a1QhYDlvbc	28.093334
Wed Apr 07 02:12:31 +0000 2021	Graphic: How disadvantaged groups benefit from China's anti-poverty drive？  Disadvantaged groups including #women, #children, the #elderly and people with disabilities were among those prioritized by the government in China's anti-poverty campaign. https://t.co/otCWtzssSM https://t.co/a1QhYDlvbc	28.093334
Wed Apr 07 02:29:12 +0000 2021	Graphic: How disadvantaged groups benefit from China's anti-poverty drive？  Disadvantaged groups including #women, #children, the #elderly and people with disabilities were among those prioritized by the government in China's anti-poverty campaign. https://t.co/otCWtzssSM https://t.co/a1QhYDlvbc	28.093334
Wed Mar 31 08:52:37 +0000 2021	@chinascio A clear warning to the Chinese government: the next morning after the tyranny of Islam is about to be overthrown, the successor government will cancel this shameful colonial contract. You have been warned. Note pen #ChinaGetOutOfIran #No2IRChinaTreaty #NoMoolahForMullahs	27.950172
Tue Apr 06 14:41:51 +0000 2021	"RT @chinascio: Full text: White paper titled ""Poverty Alleviation: #China's Experience and Contribution."" https://t.co/50PYakGU1X https://t…"	25.884827
Tue Apr 06 08:20:16 +0000 2021	"RT @chinascio: Full text: White paper titled ""Poverty Alleviation: #China's Experience and Contribution."" https://t.co/50PYakGU1X https://t…"	25.884827
Tue Apr 06 11:54:05 +0000 2021	"RT @chinascio: Full text: White paper titled ""Poverty Alleviation: #China's Experience and Contribution."" https://t.co/50PYakGU1X https://t…"	25.884827
Sun Apr 04 15:31:54 +0000 2021	@chinascio The level of civilization and culture is completely different between Japan and China.   China has stolen Japanese technology like a dirty monkey for over 1000 years.   Economic growth with technology thieves, but not China's power, Japan's success	25.200848
Fri Apr 02 19:52:12 +0000 2021	Founded 100 years ago with 13 delegates representing a scant 57 members, the Communist Party of China now numbers nearly 92 million and is one of the largest political parties in the world.    What's the secret to its success?  https://t.co/p6I8M8dBZF	24.202335
Thu Apr 01 21:37:28 +0000 2021	Founded 100 years ago with 13 delegates representing a scant 57 members, the Communist Party of China now numbers nearly 92 million and is one of the largest political parties in the world.    What's the secret to its success?  https://t.co/p6I8M8dBZF	24.202335
Thu Apr 01 09:52:02 +0000 2021	Founded 100 years ago with 13 delegates representing a scant 57 members, the Communist Party of China now numbers nearly 92 million and is one of the largest political parties in the world.    What's the secret to its success?  https://t.co/p6I8M8dBZF	24.202335
Sat Apr 10 14:43:39 +0000 2021	@chinascio @SpokespersonCHN The only human rights issue in the world today is the extermination of Muslims in Xinjiang.	23.932352
Wed Mar 31 08:32:16 +0000 2021	@chinascio @chinaorgcn Totalitarian governments with centrally planned economies have a long history of making grand plans that sound great and don't work out as planned.	23.88553
Fri Apr 02 02:10:36 +0000 2021	@chinascio Imagine how sick I was because of China.   Japan's wonderful technology was stolen by China.   Dirty made in china sold to Japan.   Dirty Chinese-speaking Chinese with bad manners travel to Japan.	22.545763
Fri Apr 02 02:10:01 +0000 2021	@chinascio Imagine how sick I was because of China.     Japan's wonderful technology was stolen by China.   Dirty made in china sold to Japan Dirty Chinese-speaking Chinese with bad manners travel to Japan	22.545763
Wed Mar 31 01:43:28 +0000 2021	@chinascio China is responsible for the Covid-19 pandemic.	22.23816
Mon Apr 05 13:46:08 +0000 2021	China leads the world in the construction of #information infrastructure, with the world’s largest optical fiber network and 4G network.   Nearly 720,000 #5G base stations have been built in China, according to an SCIO briefing on Friday. https://t.co/T3ueGPLgxy https://t.co/srFXKvHSY7	22.185993
Fri Apr 02 11:23:05 +0000 2021	RT @chinascio: SCIO held a briefing introducing policies on boosting the development of the Shanghai International Finance Center. https://…	21.21849
Thu Apr 01 01:09:18 +0000 2021	@chinascio Hopefully this will put an end to the West's attempts to destabilize China through financing chaos in Hong Kong.	20.7378
Tue Apr 06 04:47:34 +0000 2021	The State Council Information Office (SCIO) will hold a press conference at 3 p.m. Wednesday on implementing the 14th Five-Year Plan (2021-2025) and moving faster to build a modern #fiscal and #tax system.   Please stay tuned. https://t.co/T4O9ZjVZyd	20.487576
Wed Apr 07 00:36:22 +0000 2021	The State Council Information Office (SCIO) will hold a press conference at 3 p.m. Wednesday on implementing the 14th Five-Year Plan (2021-2025) and moving faster to build a modern #fiscal and #tax system.   Please stay tuned. https://t.co/T4O9ZjVZyd	20.487576
Thu Apr 01 01:09:26 +0000 2021	RT @chinascio: Most people in #HongKong support NPC's decision to improve HKSAR's #electoral system: survey. https://t.co/ESzQGgefHA	19.61985
Sun Apr 04 15:31:33 +0000 2021	@chinascio China is a country that has been stealing technology from Japan and the world like a dirty monkey for more than 1000 years.   Not qualified to be an Asian leader. Show respect to the Japanese Communist Party. @shiikazuo	19.6167
Sun Apr 04 10:25:54 +0000 2021	@chinascio Like Hong Kong,  the combination of democracy and communism has made Edo Japan the happiest country in the world.     Communist dictatorship is dangerous	18.571281
Wed Mar 31 01:44:34 +0000 2021	@chinascio @ConsulateSan uh huh like in the plan? LOL! https://t.co/St68OTpuFW	18.511091
Fri Apr 09 05:14:45 +0000 2021	Notice of SCIO press conference on April 12 (10 a.m.)  The State Council Information Office (SCIO) will hold a press conference at 10 a.m. Monday on the progress of #Hainan Free Trade Port policies and institution.  Please stay tuned. https://t.co/pBHYPOnlAQ	18.497797
Thu Apr 01 03:19:13 +0000 2021	@chinascio ←the quality of mede in USA or Japan😃 →the quality of dirty monkey's 🐵made in  china🤮😱 https://t.co/Amdce128QC	18.369999
Wed Mar 31 07:15:17 +0000 2021	@chinascio Rule of law is the bottom line of morality!the victims in China proposed to hold an international discussion meeting on the long-term violation of law by the Supreme Court of China! discuss the moral status quo of China as a permanent member! https://t.co/ub2ndKSCsG	17.881084
Thu Apr 01 03:18:12 +0000 2021	@chinascio ←the quality of mede in USA or Japan😃😊 →the quality of dirty monkey's 🐵made in  china🤮😱😭 https://t.co/QjR4LSwG9E	17.855064
Sat Apr 10 11:20:28 +0000 2021	@chinascio @SpokespersonCHN USA has liberated 153 regions of people and casualties of civilian lives are unavoidable and necessary. American lives were lost in contributions to the world democracy.	17.584938
Fri Apr 02 09:37:26 +0000 2021	@chinascio China was a country of technology thieves far beyond the Nazis.  As same to now, China has been hated by all over the world.   And it was occupied by the world. Britain used slaves to occupy China. https://t.co/vYjhTta8hZ	17.26484
Wed Apr 07 01:44:15 +0000 2021	@chinascio Japan should also introduce Hong Kong-style politics. However, the image of communism is too bad without introducing Hong Kong-style politics in mainland China. https://t.co/OYtyH3xiyc	16.814535
Fri Apr 09 00:51:33 +0000 2021	@chinascio @chinaorgcn It means more people being treated like Hong Kong. China's leaders do not believe in or abide by the rule of law, not international maritime or trade laws, not business laws, and certainly not in intellectual property laws. https://t.co/Qw1xpNhu7Q	16.649868
Sat Apr 03 04:43:38 +0000 2021	@chinascio China was a country of technology thieves far beyond the Nazis.  As same to now, China has been hated by all over the world.   And it was occupied by the world. Britain used slaves to occupy China.  WorldGDP(look japan and china relationship) ttps://t.co/KrHVBaHzWr https://t.co/a8fsmzkIRK	16.316021
Sat Apr 03 04:44:19 +0000 2021	@chinascio China was a country of technology thieves far beyond the Nazis.  As same to now, China has been hated by all over the world.   And it was occupied by the world. Britain used slaves to occupy China.  WorldGDP(look japan and china relationship)  https://t.co/KrHVBaHzWr https://t.co/hRQsiizfJN	16.316021
Thu Apr 01 01:26:44 +0000 2021	"@chinascio ・China has been stealing Japanese technology like a monkey for over 1000 years.  ・Selling dirty made in china to the world  ・Intimidating ""china is a great country""  ・ Dirty Chinese-speaking Chinese tourists with bad manners travel to Japan https://t.co/cTQhEjChTe"	16.202312
Thu Apr 01 00:50:04 +0000 2021	"@chinascio ・China has been stealing Japanese technology like a monkey for over 1000 years.  ・Selling dirty made in china to the world  ・Intimidating ""china is a great country""  ・ Dirty Chinese-speaking Chinese tourists with bad manners travel to Japan https://t.co/cTQhEjChTe"	16.202312
Thu Apr 01 01:33:03 +0000 2021	"@chinascio ・China has been stealing Japanese technology like a monkey for over 1000 years.  ・Selling dirty made in china to the world  ・Intimidating ""china is a great country""  ・ Dirty Chinese-speaking Chinese tourists with bad manners  travel to Japan https://t.co/cTQhEjChTe"	16.202312
Thu Apr 01 01:24:43 +0000 2021	"@chinascio ・China has been stealing Japanese technology like a monkey 🐵for over 1000 years.  ・Selling dirty made in china🐵 to the world  ・Intimidating ""china is a great country""🐵  ・ Dirty Chinese-speaking Chinese tourists with bad manners🐒 travel to Japan https://t.co/cTQhEjChTe"	15.677055
Thu Apr 01 09:54:27 +0000 2021	"@chinascio ・China has been stealing Japanese technology like a monkey🐵 for over 1000 years.  ・Selling dirty made in china🐵 to the world  ・Intimidating ""china is a great country""🐵  ・ Dirty Chinese-speaking Chinese tourists with bad manners 🐒travel to Japan https://t.co/cTQhEjChTe"	15.677055
Thu Apr 01 04:24:36 +0000 2021	@chinascio Please punish  illegal theft of technology by China and  the illegal counterfeiting of Amazon reviews made in China.	14.952659
Thu Apr 01 04:25:10 +0000 2021	@chinascio Please punish  illegal theft of technology by China and the illegal counterfeiting of Amazon reviews made in China.	14.952659
Thu Apr 08 07:08:00 +0000 2021	In pics: Beijing uses mobile COVID-19 #vaccination vehicles to expedite vaccination  Technologies such as #5G and #BigData are also employed to manage vaccination with digital means and ensure the traceability of the whole process. https://t.co/VCdBj4fXQk https://t.co/Xhhwpniv7B	14.835259
Thu Apr 08 10:57:33 +0000 2021	In pics: Beijing uses mobile COVID-19 #vaccination vehicles to expedite vaccination  Technologies such as #5G and #BigData are also employed to manage vaccination with digital means and ensure the traceability of the whole process. https://t.co/VCdBj4fXQk https://t.co/Xhhwpniv7B	14.835259
Thu Apr 08 06:49:01 +0000 2021	In pics: Beijing uses mobile COVID-19 #vaccination vehicles to expedite vaccination  Technologies such as #5G and #BigData are also employed to manage vaccination with digital means and ensure the traceability of the whole process. https://t.co/VCdBj4fXQk https://t.co/Xhhwpniv7B	14.835259
Thu Apr 01 12:24:20 +0000 2021	@chinascio   Volcanic lava etc denote world melting  World like Copper Coil if we rotate Copper Coil for many centuries  1st Coil heat 2nd Coil fire 3rd Coil melt  Similarly world melting in form of volcanic lava etc	14.554125
Thu Apr 08 03:32:52 +0000 2021	During the 13th Five-Year Plan period (2016-2020), China's #tax and fee cuts exceeded 7.6 trillion yuan, which effectively eased burdens for businesses, an official said at a press conference on Wednesday. #PressroomHighlights https://t.co/4xwcwglCiz https://t.co/fdr6kRgYsy	13.433187
Thu Apr 08 03:01:11 +0000 2021	During the 13th Five-Year Plan period (2016-2020), China's #tax and fee cuts exceeded 7.6 trillion yuan, which effectively eased burdens for businesses, an official said at a press conference on Wednesday. #PressroomHighlights https://t.co/4xwcwglCiz https://t.co/fdr6kRgYsy	13.433187
Thu Apr 08 10:33:34 +0000 2021	During the 13th Five-Year Plan period (2016-2020), China's #tax and fee cuts exceeded 7.6 trillion yuan, which effectively eased burdens for businesses, an official said at a press conference on Wednesday. #PressroomHighlights https://t.co/4xwcwglCiz https://t.co/fdr6kRgYsy	13.433187
Thu Apr 08 06:32:25 +0000 2021	During the 13th Five-Year Plan period (2016-2020), China's #tax and fee cuts exceeded 7.6 trillion yuan, which effectively eased burdens for businesses, an official said at a press conference on Wednesday. #PressroomHighlights https://t.co/4xwcwglCiz https://t.co/fdr6kRgYsy	13.433187
Thu Apr 08 10:21:49 +0000 2021	During the 13th Five-Year Plan period (2016-2020), China's #tax and fee cuts exceeded 7.6 trillion yuan, which effectively eased burdens for businesses, an official said at a press conference on Wednesday. #PressroomHighlights https://t.co/4xwcwglCiz https://t.co/fdr6kRgYsy	13.433187
Fri Apr 09 20:21:01 +0000 2021	"As China rises in a changing world, what does the ""new era"" mean for China and the world?   The third volume of ""Xi Jinping: The Governance of China"" has the answer. https://t.co/G3M5lTLsyG"	13.135928
Thu Apr 08 15:07:19 +0000 2021	"As China rises in a changing world, what does the ""new era"" mean for China and the world?   The third volume of ""Xi Jinping: The Governance of China"" has the answer. https://t.co/G3M5lTLsyG"	13.135928
Thu Apr 08 15:07:19 +0000 2021	"As China rises in a changing world, what does the ""new era"" mean for China and the world?   The third volume of ""Xi Jinping: The Governance of China"" has the answer. https://t.co/G3M5lTLsyG"	13.135928
Thu Apr 08 16:28:01 +0000 2021	"As China rises in a changing world, what does the ""new era"" mean for China and the world?   The third volume of ""Xi Jinping: The Governance of China"" has the answer. https://t.co/G3M5lTLsyG"	13.135928
Thu Apr 08 09:08:04 +0000 2021	"As China rises in a changing world, what does the ""new era"" mean for China and the world?   The third volume of ""Xi Jinping: The Governance of China"" has the answer. https://t.co/G3M5lTLsyG"	13.135928
Thu Apr 08 09:08:13 +0000 2021	"As China rises in a changing world, what does the ""new era"" mean for China and the world?   The third volume of ""Xi Jinping: The Governance of China"" has the answer. https://t.co/G3M5lTLsyG"	13.135928
Sat Apr 10 10:35:31 +0000 2021	@chinascio Cold War same old tricks which USA invaded Middle East Southern Asia（Syria / Iraq / Vietnam）by making just excuses, US‘s “JUST WAR”made thousands of refugees escape to Europe. US‘s public opinion is righteous?When they lose Trade War to China they play #Xinjiang rumor card now.	13.120987
Wed Apr 07 07:35:34 +0000 2021	From 2016-20, the impoverished population dropped by 15.6 million in China's 5 autonomous regions and 3 provinces with a large multi-ethnic population, according to a white paper issued on Tuesday. #PressroomHighlights https://t.co/Q0eqyfIvZH https://t.co/jcphSJCFmA	13.051196
Thu Apr 08 00:05:00 +0000 2021	From 2016-20, the impoverished population dropped by 15.6 million in China's 5 autonomous regions and 3 provinces with a large multi-ethnic population, according to a white paper issued on Tuesday. #PressroomHighlights https://t.co/Q0eqyfIvZH https://t.co/jcphSJCFmA	13.051196
Wed Apr 07 20:41:50 +0000 2021	From 2016-20, the impoverished population dropped by 15.6 million in China's 5 autonomous regions and 3 provinces with a large multi-ethnic population, according to a white paper issued on Tuesday. #PressroomHighlights https://t.co/Q0eqyfIvZH https://t.co/jcphSJCFmA	13.051196
Tue Apr 06 14:45:16 +0000 2021	China's 5-Year Plan integrates people's advice into top level design.  During its drafting stage, over one mln comments were received, 1,000 of which were sorted out. The drafting group analyzed them piece by piece, and absorbed all that could be adopted. https://t.co/K0QnI3Qjzm https://t.co/buWC9qRKa1	12.897126
Thu Apr 08 01:43:18 +0000 2021	More than 145.39 million doses of COVID-19 #vaccines had been administered across China as of April 6. https://t.co/LXss5q4H90 https://t.co/HAxEOTa1Wq	12.844986
Thu Apr 08 02:24:30 +0000 2021	More than 145.39 million doses of COVID-19 #vaccines had been administered across China as of April 6. https://t.co/LXss5q4H90 https://t.co/HAxEOTa1Wq	12.844986
Thu Apr 08 03:39:51 +0000 2021	More than 145.39 million doses of COVID-19 #vaccines had been administered across China as of April 6. https://t.co/LXss5q4H90 https://t.co/HAxEOTa1Wq	12.844986
Thu Apr 08 01:38:59 +0000 2021	More than 145.39 million doses of COVID-19 #vaccines had been administered across China as of April 6. https://t.co/LXss5q4H90 https://t.co/HAxEOTa1Wq	12.844986
Thu Apr 01 02:55:04 +0000 2021	@chinascio OK  I will answer it.   Stealing Japanese technology and Export of dirty made in china.  but continue to educate the very dirty and evil monkey's language.  chinese people not only can't sing beautiful song,but olso can't pleasant sex life. https://t.co/Io2pkONjjX	12.775084
Thu Apr 01 02:56:33 +0000 2021	@chinascio OK  I will answer it.   Stealing Japanese technology and Export of dirty made in china.  but continue to educate the very dirty and evil monkey's language.  chinese people not only can't sing beautiful song,but also can't have  pleasant sex life. https://t.co/5QtiPbA3Gp	12.775084
Fri Apr 09 19:28:49 +0000 2021	@chinascio Don't You Feel @china What You Have Done To The World I Had Never Seen #motherfucker Like You All I Hate China You Had Done Too Bad To All The Country One Thing I Promise So Soon Your Country Will Bear The Same Because God Never Leaves Any Page Unturn.#China #fucker	12.693464
Thu Apr 01 03:01:23 +0000 2021	@chinascio OK  I will answer it.   Stealing Japanese technology and Export of dirty made in china.  but continue to educate the very dirty and evil monkey's ancient language.  chinese people not only can't sing beautiful song,but also can't have  pleasant sex life. https://t.co/GHn0MQ85ll	12.647566
Thu Apr 01 02:59:15 +0000 2021	@chinascio OK  I will answer it.   Stealing Japanese technology and Export of dirty made in china.  but continue to educate the very dirty and evil monkey's ancient language.  chinese people not only can't sing beautiful song,but also can't have  pleasant sex life. https://t.co/5QtiPbA3Gp	12.647566
Sat Apr 10 20:07:53 +0000 2021	@chinascio @zlj517 Last 400 years same mindset. Nothing has changed.	12.237463
Wed Mar 31 08:46:27 +0000 2021	China will increase the average years of education received by its working-age population from 10.8 years in 2020 to 11.3 years by 2025, said an official from the Ministry of Education at a press conference in Beijing on Wednesday. #PressroomHighlights #Educationisnottourism https://t.co/XZBNBZwoxb	12.107778
Sat Apr 10 16:29:00 +0000 2021	@chinascio . China has no rights to complain other nations about human rights !   China doesn't even allow human rights for its own people !   How much of human rights does China really comprehend !  .  This article is more like a funny paper, and isn't worth reading at all. .	11.814545
Sat Apr 10 16:27:47 +0000 2021	@chinascio . China has no rights to complain other nations about their human rights !   China doesn't even allow human rights for its own people !   How much of human rights does China really comprehend !  .  This article is more like a comic book, and isn't worth reading at all. .	11.666092
Fri Apr 02 03:56:01 +0000 2021	China is exploring ways to use its digital #yuan for cross-border transactions to meet #market demand, the central bank said on Thursday. https://t.co/FGDirvm22d https://t.co/E48ASzLtuD	11.558627
Fri Apr 02 03:36:58 +0000 2021	China is exploring ways to use its digital #yuan for cross-border transactions to meet #market demand, the central bank said on Thursday. https://t.co/FGDirvm22d https://t.co/E48ASzLtuD	11.558627
Thu Apr 01 12:25:40 +0000 2021	@chinascio @ClarenceHouse   Earthquake not exactly due to tectanic plate movement  Earthquake because of liquid molecular turn into gas molecules due to heat or bacteria or chemical reaction  Earthquake mainly due to volcanic activities	11.279616
Sat Apr 10 13:51:11 +0000 2021	@chinascio @SpokespersonCHN Governmentally you keep trying to sideline your own genocidal sins and redirect public opinion negativity away towards another subject, that isn't working. Genocide is bad, the Uighurs don't deserve to be killed off societally and culturally like you are doing. #Logic	10.164509
Tue Apr 06 07:09:00 +0000 2021	@chinascio ‘China definitely has the right to fight back since it must defend national sovereignty and national dignity’.  Dignity at any cost, even war, how insecure can the CCP be?	9.892162
Tue Apr 06 02:27:25 +0000 2021	During China's Song Dynasty (960-1279), #lacquer artwork was one of the most prized commodities the country traded along the Maritime #SilkRoad. The craft is still carried on today by inheritors of the art, in places like southern China's Yangjiang. https://t.co/SfKurVBfR5	9.12089
Fri Apr 02 16:39:46 +0000 2021	@chinascio @China_Amb_India What do you feel about covid recovery in Delhi.	8.94912
Fri Apr 09 19:06:30 +0000 2021	Overseas media invited to visit China's old #revolutionary bases to learn more about the history of the Communist Party of China. https://t.co/LjNtnZ3saz https://t.co/rKwzBY3alm	8.648527
Fri Apr 09 09:19:30 +0000 2021	Overseas media invited to visit China's old #revolutionary bases to learn more about the history of the Communist Party of China. https://t.co/LjNtnZ3saz https://t.co/rKwzBY3alm	8.648527
Fri Apr 09 09:30:45 +0000 2021	Overseas media invited to visit China's old #revolutionary bases to learn more about the history of the Communist Party of China. https://t.co/LjNtnZ3saz https://t.co/rKwzBY3alm	8.648527
Thu Apr 01 10:00:53 +0000 2021	@chinascio We, the people of Burma, do not care about our deaths. We, the people of Burma, fully wish for an Atomic Bomb let it explode in China, which is ruthlessly supporting the killing of our Burmese people by the coup d'etat.	7.875882
Tue Apr 06 11:01:59 +0000 2021	@chinascio Yes it is real China doing we should thank full to China it's afforts in halpping since long era  we as Pak8stani witnessed	7.7566833
Sun Apr 04 23:00:32 +0000 2021	RT @chinascio: International students get the COVID-19 #vaccine in China's top university. https://t.co/KcfHP1JycV	7.724893
Wed Apr 07 21:36:37 +0000 2021	@chinascio This is a fact that Western society will never mention, and it is also a reality that they have no courage to face!	7.655405
Sat Apr 10 17:26:41 +0000 2021	@chinascio By the way, where is the office of the United Front? Are they on Twitter? Where can I email them?	7.2975607
Wed Mar 31 14:18:11 +0000 2021	RT @chinascio: China's first intelligent maglev track production line put into operation. https://t.co/d5mKL4XaCV	6.9983616
Sat Apr 10 19:11:16 +0000 2021	Article exposes #humanitarian disasters caused by U.S. aggressive wars.  The article noted that the U.S. waged 201 armed conflicts among the total 248 that occurred in 153 regions of the world from the end of World War II in 1945 to 2001. #humanrights https://t.co/nScrRlChnS https://t.co/muhQqnQFZ1	6.9635
Sat Apr 10 20:00:16 +0000 2021	Article exposes #humanitarian disasters caused by U.S. aggressive wars.  The article noted that the U.S. waged 201 armed conflicts among the total 248 that occurred in 153 regions of the world from the end of World War II in 1945 to 2001. #humanrights https://t.co/nScrRlChnS https://t.co/muhQqnQFZ1	6.9635
Sat Apr 10 23:11:47 +0000 2021	Article exposes #humanitarian disasters caused by U.S. aggressive wars.  The article noted that the U.S. waged 201 armed conflicts among the total 248 that occurred in 153 regions of the world from the end of World War II in 1945 to 2001. #humanrights https://t.co/nScrRlChnS https://t.co/muhQqnQFZ1	6.9635
Sat Apr 10 22:17:08 +0000 2021	Article exposes #humanitarian disasters caused by U.S. aggressive wars.  The article noted that the U.S. waged 201 armed conflicts among the total 248 that occurred in 153 regions of the world from the end of World War II in 1945 to 2001. #humanrights https://t.co/nScrRlChnS https://t.co/muhQqnQFZ1	6.9635
Sat Apr 10 12:26:26 +0000 2021	Article exposes #humanitarian disasters caused by U.S. aggressive wars.  The article noted that the U.S. waged 201 armed conflicts among the total 248 that occurred in 153 regions of the world from the end of World War II in 1945 to 2001. #humanrights https://t.co/nScrRlChnS https://t.co/muhQqnQFZ1	6.9635
Sat Apr 10 17:34:14 +0000 2021	Article exposes #humanitarian disasters caused by U.S. aggressive wars.  The article noted that the U.S. waged 201 armed conflicts among the total 248 that occurred in 153 regions of the world from the end of World War II in 1945 to 2001. #humanrights https://t.co/nScrRlChnS https://t.co/muhQqnQFZ1	6.9635
Sat Apr 10 20:13:31 +0000 2021	Article exposes #humanitarian disasters caused by U.S. aggressive wars.  The article noted that the U.S. waged 201 armed conflicts among the total 248 that occurred in 153 regions of the world from the end of World War II in 1945 to 2001. #humanrights https://t.co/nScrRlChnS https://t.co/muhQqnQFZ1	6.9635
Sat Apr 10 20:45:56 +0000 2021	Article exposes #humanitarian disasters caused by U.S. aggressive wars.  The article noted that the U.S. waged 201 armed conflicts among the total 248 that occurred in 153 regions of the world from the end of World War II in 1945 to 2001. #humanrights https://t.co/nScrRlChnS https://t.co/muhQqnQFZ1	6.9635
Sat Apr 10 15:55:19 +0000 2021	Article exposes #humanitarian disasters caused by U.S. aggressive wars.  The article noted that the U.S. waged 201 armed conflicts among the total 248 that occurred in 153 regions of the world from the end of World War II in 1945 to 2001. #humanrights https://t.co/nScrRlChnS https://t.co/muhQqnQFZ1	6.9635
Sat Apr 10 16:21:59 +0000 2021	Article exposes #humanitarian disasters caused by U.S. aggressive wars.  The article noted that the U.S. waged 201 armed conflicts among the total 248 that occurred in 153 regions of the world from the end of World War II in 1945 to 2001. #humanrights https://t.co/nScrRlChnS https://t.co/muhQqnQFZ1	6.9635
Sat Apr 10 17:11:23 +0000 2021	Article exposes #humanitarian disasters caused by U.S. aggressive wars.  The article noted that the U.S. waged 201 armed conflicts among the total 248 that occurred in 153 regions of the world from the end of World War II in 1945 to 2001. #humanrights https://t.co/nScrRlChnS https://t.co/muhQqnQFZ1	6.9635
Sat Apr 10 10:03:30 +0000 2021	Article exposes #humanitarian disasters caused by U.S. aggressive wars.  The article noted that the U.S. waged 201 armed conflicts among the total 248 that occurred in 153 regions of the world from the end of World War II in 1945 to 2001. #humanrights https://t.co/nScrRlChnS https://t.co/muhQqnQFZ1	6.9635
Sat Apr 10 10:02:05 +0000 2021	Article exposes #humanitarian disasters caused by U.S. aggressive wars.  The article noted that the U.S. waged 201 armed conflicts among the total 248 that occurred in 153 regions of the world from the end of World War II in 1945 to 2001. #humanrights https://t.co/nScrRlChnS https://t.co/muhQqnQFZ1	6.9635
Sat Apr 10 10:03:24 +0000 2021	Article exposes #humanitarian disasters caused by U.S. aggressive wars.  The article noted that the U.S. waged 201 armed conflicts among the total 248 that occurred in 153 regions of the world from the end of World War II in 1945 to 2001. #humanrights https://t.co/nScrRlChnS https://t.co/muhQqnQFZ1	6.9635
Sat Apr 10 10:39:49 +0000 2021	Article exposes #humanitarian disasters caused by U.S. aggressive wars.  The article noted that the U.S. waged 201 armed conflicts among the total 248 that occurred in 153 regions of the world from the end of World War II in 1945 to 2001. #humanrights https://t.co/nScrRlChnS https://t.co/muhQqnQFZ1	6.9635
Sat Apr 10 10:48:28 +0000 2021	Article exposes #humanitarian disasters caused by U.S. aggressive wars.  The article noted that the U.S. waged 201 armed conflicts among the total 248 that occurred in 153 regions of the world from the end of World War II in 1945 to 2001. #humanrights https://t.co/nScrRlChnS https://t.co/muhQqnQFZ1	6.9635
Sat Apr 10 11:20:03 +0000 2021	Article exposes #humanitarian disasters caused by U.S. aggressive wars.  The article noted that the U.S. waged 201 armed conflicts among the total 248 that occurred in 153 regions of the world from the end of World War II in 1945 to 2001. #humanrights https://t.co/nScrRlChnS https://t.co/muhQqnQFZ1	6.9635
Sat Apr 10 15:28:39 +0000 2021	Article exposes #humanitarian disasters caused by U.S. aggressive wars.  The article noted that the U.S. waged 201 armed conflicts among the total 248 that occurred in 153 regions of the world from the end of World War II in 1945 to 2001. #humanrights https://t.co/nScrRlChnS https://t.co/muhQqnQFZ1	6.9635
Sat Apr 10 15:46:08 +0000 2021	Article exposes #humanitarian disasters caused by U.S. aggressive wars.  The article noted that the U.S. waged 201 armed conflicts among the total 248 that occurred in 153 regions of the world from the end of World War II in 1945 to 2001. #humanrights https://t.co/nScrRlChnS https://t.co/muhQqnQFZ1	6.9635
Sat Apr 10 15:46:50 +0000 2021	Article exposes #humanitarian disasters caused by U.S. aggressive wars.  The article noted that the U.S. waged 201 armed conflicts among the total 248 that occurred in 153 regions of the world from the end of World War II in 1945 to 2001. #humanrights https://t.co/nScrRlChnS https://t.co/muhQqnQFZ1	6.9635
Sat Apr 10 11:58:45 +0000 2021	Article exposes #humanitarian disasters caused by U.S. aggressive wars.  The article noted that the U.S. waged 201 armed conflicts among the total 248 that occurred in 153 regions of the world from the end of World War II in 1945 to 2001. #humanrights https://t.co/nScrRlChnS https://t.co/muhQqnQFZ1	6.9635
Sat Apr 10 14:52:38 +0000 2021	Article exposes #humanitarian disasters caused by U.S. aggressive wars.  The article noted that the U.S. waged 201 armed conflicts among the total 248 that occurred in 153 regions of the world from the end of World War II in 1945 to 2001. #humanrights https://t.co/nScrRlChnS https://t.co/muhQqnQFZ1	6.9635
Fri Apr 09 06:48:58 +0000 2021	Article exposes #humanitarian disasters caused by U.S. aggressive wars.  The article noted that the U.S. waged 201 armed conflicts among the total 248 that occurred in 153 regions of the world from the end of World War II in 1945 to 2001. #humanrights https://t.co/nScrRlChnS https://t.co/muhQqnQFZ1	6.9635
Fri Apr 09 07:28:08 +0000 2021	Article exposes #humanitarian disasters caused by U.S. aggressive wars.  The article noted that the U.S. waged 201 armed conflicts among the total 248 that occurred in 153 regions of the world from the end of World War II in 1945 to 2001. #humanrights https://t.co/nScrRlChnS https://t.co/muhQqnQFZ1	6.9635
Fri Apr 09 06:42:53 +0000 2021	Article exposes #humanitarian disasters caused by U.S. aggressive wars.  The article noted that the U.S. waged 201 armed conflicts among the total 248 that occurred in 153 regions of the world from the end of World War II in 1945 to 2001. #humanrights https://t.co/nScrRlChnS https://t.co/muhQqnQFZ1	6.9635
Fri Apr 09 07:19:32 +0000 2021	Article exposes #humanitarian disasters caused by U.S. aggressive wars.  The article noted that the U.S. waged 201 armed conflicts among the total 248 that occurred in 153 regions of the world from the end of World War II in 1945 to 2001. #humanrights https://t.co/nScrRlChnS https://t.co/muhQqnQFZ1	6.9635
Thu Apr 01 14:24:35 +0000 2021	@chinascio @chinaandsamoa We are not safe in myanmar Please help R2P	6.8042006
Sat Apr 03 04:42:14 +0000 2021	@chinascio Chinese is the most evil language in the world.  Its very dirty pronunciation  destroys the hearts of women The ancient language was developed for rape monkeys to  rape Chinese women comfortably. It is stained with the blood of countless people  This is chinese history https://t.co/HVXc5f4ZSc	6.6157947
Sun Apr 04 22:56:34 +0000 2021	@chinascio how many uighur re-education camps you got? #StopKillingUighurs	6.5723844
Sat Apr 03 11:36:39 +0000 2021	@chinascio It's a culture of rape monkey🐵, so everything gets dirty. Dirty Chinese products were sold to Japan, and many Chinese who spoke dirty languages ​​and had bad manners came to Japan for a trip, and I got sick. https://t.co/jZqo5jBEqI	6.388279
Sat Apr 03 11:41:37 +0000 2021	@chinascio China is a culture of rape monkey🐵, so everything gets dirty. Dirty Chinese products were sold to Japan, and many Chinese who spoke dirty languages ​​and had bad manners came to Japan for a trip, and I got sick. https://t.co/8IIhlWacCJ	6.3312416
Fri Apr 09 00:38:47 +0000 2021	@chinascio Well let me I tell you what my 👀 can see through the wall about China 🇨🇳. I am not the King 👑 Salomon but China government future will fall down a part as happened to Rome empire. Chinese people will raise up the Voice of freedom and liberty 🗽 soon in future. Trust me 🇨🇳.	6.2234244
Thu Apr 01 03:40:35 +0000 2021	@chinascio The difference between a dirty monkey and a beautiful monkey.  ・Dirty monkeys are delighted to steal  other countries's technology and do not try to learn the reasons of success.  ・ Beautiful monkeys learn the techniques of other countries and try to learn the reasons . https://t.co/07VxxLLGgv	6.214614
Wed Mar 31 09:04:54 +0000 2021	@chinascio Indeed  Pak.China friend ship Been ever be strong  Love it	5.8616347
Sat Apr 10 06:39:12 +0000 2021	@chinascio @China_Amb_India Thnks for your chinies virus😷😷😷	5.1630006
Sun Apr 04 17:28:47 +0000 2021	@chinascio is plain dodgy. country with citizens of limited rights.	5.0564923
Sat Apr 10 14:04:01 +0000 2021	@chinascio @SpokespersonCHN You want to see human rights violations on a grander scale?  Check out the “Kill the Four Pests” movement that killed more Chinese citizens than pests.  Tibet, Land Reform, Great Leap Forward, Cultural Revolution, Tiananmen, Inner Mongolia, Xinjiang, etc.    CCP are murderers	4.8571396
Tue Apr 06 10:05:40 +0000 2021	@chinascio @China_Amb_India I remember when I started, they thought it was a joke, now they all want to be a part of it.. well, the sky is wide enough for all the birds to fly.  Invest in Bitcoin today and be forever grateful.. @lisabtcinvest for more information	4.779257
Tue Apr 06 08:36:48 +0000 2021	@chinascio I remember when I started, they thought it was a joke, now they all want to be a part of it.. well, the sky is wide enough for all the birds to fly.  Invest in Bitcoin today and be forever grateful.. @lisabtcinvest for more information	4.779257
Mon Apr 05 19:44:30 +0000 2021	RT @chinascio: ICBC designated as #RMB clearing bank in Russia https://t.co/NlOZzXvL3n https://t.co/3vT9xZ41gw	4.6545873
Fri Apr 09 03:23:27 +0000 2021	@chinascio @ConsulateSan China is an excellent example to be followed in the world.	4.495423
Tue Apr 06 02:22:29 +0000 2021	RT @chinascio: Countdown to #Beijing2022: Foreign diplomats highly praise the preparation work of the Beijing Winter #Olympics. https://t.c…	4.3402348
Tue Apr 06 12:56:56 +0000 2021	@chinascio Not if the Islamic world has anything to say about it. 🤣  https://t.co/MnnmGDgd4o	4.171482
Sat Apr 03 04:38:56 +0000 2021	@chinascio A blot on world history, and to tens and tens of millions of murdered Chinese.	4.171482
Fri Apr 02 14:15:22 +0000 2021	This year marks the centenary of the Communist Party of China (CPC).   Watch this video from the International Department of the CPC Central Committee to discover how the CPC leads China to success. https://t.co/Lmfs2zXiFz	3.7333875
Sat Apr 03 02:45:02 +0000 2021	This year marks the centenary of the Communist Party of China (CPC).   Watch this video from the International Department of the CPC Central Committee to discover how the CPC leads China to success. https://t.co/Lmfs2zXiFz	3.7333875
Fri Apr 02 08:29:38 +0000 2021	This year marks the centenary of the Communist Party of China (CPC).   Watch this video from the International Department of the CPC Central Committee to discover how the CPC leads China to success. https://t.co/Lmfs2zXiFz	3.7333875
Fri Apr 02 07:35:11 +0000 2021	This year marks the centenary of the Communist Party of China (CPC).   Watch this video from the International Department of the CPC Central Committee to discover how the CPC leads China to success. https://t.co/Lmfs2zXiFz	3.7333875
Fri Apr 02 07:36:32 +0000 2021	This year marks the centenary of the Communist Party of China (CPC).   Watch this video from the International Department of the CPC Central Committee to discover how the CPC leads China to success. https://t.co/Lmfs2zXiFz	3.7333875
Fri Apr 02 09:16:25 +0000 2021	This year marks the centenary of the Communist Party of China (CPC).   Watch this video from the International Department of the CPC Central Committee to discover how the CPC leads China to success. https://t.co/Lmfs2zXiFz	3.7333875
Sat Apr 10 15:50:53 +0000 2021	@chinascio @zlj517 The US is the Culprit of wars, chaos, and human rights violation of this world! So, whom should be accused!	3.6460176
Tue Apr 06 02:28:35 +0000 2021	Over 144M passenger trips made during China's Tomb-sweeping Day holiday.  Compared with the same period last year, the figure surged 142.4% for the three-day holiday. #QingMingFestival  https://t.co/LLWaXbuADX https://t.co/aR1bsFAalN	3.5456364
Tue Apr 06 01:59:15 +0000 2021	Over 144M passenger trips made during China's Tomb-sweeping Day holiday.  Compared with the same period last year, the figure surged 142.4% for the three-day holiday. #QingMingFestival  https://t.co/LLWaXbuADX https://t.co/aR1bsFAalN	3.5456364
Thu Apr 01 09:55:00 +0000 2021	@chinascio The monkey's dirty and evil ancient #language and #technologystole by china was the #root of all evil, #WorldWar, #slave The country far beyond #Nazis was occupied by #world https://t.co/bTpbLmdKKG	3.5257156
Thu Apr 01 02:01:52 +0000 2021	@chinascio The monkey's dirty and evil ancient #language and #technologystole by china was the #root of all evil, #WorldWar, #slave The country far beyond #Nazis was occupied by #world https://t.co/bTpbLmdKKG	3.5257156
Wed Mar 31 12:18:57 +0000 2021	"#Tibet opens memorial hall on serfdom history.  ""The emancipation of one million #serfs was a groundbreaking event for Tibet,"" said Tsering Doje, a resident of Lhasa.  The average life expectancy in the region has increased from 35.5 to 71.1. #HumanRights  https://t.co/Pp4MGgtYZ7 https://t.co/wyPpeQ7Y4l"	2.9675834
Fri Apr 09 00:50:49 +0000 2021	Welcome to south China's #Hainan province, the world's largest free trade port.   Find the convenience and liberalization in these 6 aspects. https://t.co/DdR0nuO1kp	0.5565332
Thu Apr 08 06:09:08 +0000 2021	Welcome to south China's #Hainan province, the world's largest free trade port.   Find the convenience and liberalization in these 6 aspects. https://t.co/DdR0nuO1kp	0.5565332
Thu Apr 08 06:32:09 +0000 2021	Welcome to south China's #Hainan province, the world's largest free trade port.   Find the convenience and liberalization in these 6 aspects. https://t.co/DdR0nuO1kp	0.5565332
Thu Apr 08 06:44:54 +0000 2021	Welcome to south China's #Hainan province, the world's largest free trade port.   Find the convenience and liberalization in these 6 aspects. https://t.co/DdR0nuO1kp	0.5565332
