created_at	text	_score
Wed Apr 07 06:40:25 +0000 2021	@jokowi Kesuwen le ngareng, mbah  From concept to reality, here's how GCK Energy brought the vision for a sustainable Dakar bivouac to life in Saudi Arabia - the first step towards a fully green bivouac by 2024 🌱  @socomec_group | @DTRenewables | @dakar https://t.co/17js0ptvUw	238.44273
Wed Apr 07 07:56:00 +0000 2021	@jokowi Keep Brightmind: Keep Hygienic-Fresh-Healthy. Fathonie Abdullah (Fathonie AG or Thonie AG)   Twitter:  @AG_Thonie @Thonie_AG_News @News_Thonie_AG @Thonie_Top_News  https://t.co/J6ukkkv8K2	120.28127
Fri Apr 02 11:58:34 +0000 2021	@jokowi Keep Brightmind: Keep Hygienic-Fresh-Healthy. Fathonie Abdullah (Fathonie AG or Thonie AG)   Twitter:  @AG_Thonie @Thonie_AG_News @News_Thonie_AG @Thonie_Top_News  https://t.co/A4QpiBEXaq	120.28127
Sat Apr 10 09:31:08 +0000 2021	@jokowi Keep Brightmind: Keep Hygienic-Fresh-Healthy. Fathonie Abdullah (Fathonie AG or Thonie AG)   Twitter:  @AG_Thonie @Thonie_AG_News @News_Thonie_AG @Thonie_Top_News @World_Top_News1  https://t.co/VN7mJgOFgd	119.5256
Fri Apr 09 23:48:05 +0000 2021	@jokowi cq.foreignmoinister.cq.japanese embassy. please hunt &amp; kill the whales for food etc.they still have a lot of different fishes to be eaten. they are God creatures.we beleive in karma.fukushima.tsunami.nuclear reactor damaged.many people died. like chernobyl.bhopal.👺👺☠☠	69.09117
Thu Apr 01 09:10:31 +0000 2021	@jokowi 🔴#COVID19 Greetings, Can you send us the reply of Mr. Joko Widodo : President of 🇮🇩, Mr. Maruf Amin : Vice President and Mr. Budi Gunadi Sadikin : 🇮🇩 Health Minister to our very urgent letter : https://t.co/dXZ6mSXM63  Thank you. Email : join.unitedhealthprofessionals@gmail.com	55.00681
Thu Apr 08 01:22:09 +0000 2021	@jokowi info 4 comparative study management of state financial INDONESIA.IMPROVEMENT 4 A BETTERNESS.MERDEKA76🇮🇩🇮🇩 https://t.co/GRxHppqrwc	53.471924
Sat Apr 10 12:47:31 +0000 2021	@jokowi Good job 👍	47.02842
Sat Apr 10 09:07:04 +0000 2021	@jokowi First of Her Name, the Unburnt, Queen of the Andals and the First Men, Khaleesi of the Great Grass Sea, Breaker of Chains, and Mother of Dragons .. Dracarys	47.012405
Sat Apr 10 17:32:35 +0000 2021	@jokowi Good student babe. Smoking.	45.851562
Fri Apr 02 04:36:39 +0000 2021	@jokowi Happy Good Friday, God is good...	45.843914
Sat Apr 10 02:49:59 +0000 2021	@jokowi Good	43.42573
Mon Apr 05 06:01:13 +0000 2021	@jokowi @aniesbaswedan you need to create or buy this stuff. it will help us to clean our environtment	41.696625
Fri Apr 02 03:03:24 +0000 2021	@jokowi happy good friday pak	39.172745
Tue Apr 06 00:42:17 +0000 2021	@jokowi @08_silvester Hi 08_silvester, Brand new mobile game with highest quality coming soon！https://t.co/pCXCCk0sQ6 https://t.co/ri335RAEYa	32.61478
Fri Apr 02 08:12:00 +0000 2021	@jokowi Many thanks mr President.. Blessed Good Friday to all Christians.. 🙏 ⛪	31.060757
Wed Mar 31 00:45:19 +0000 2021	@jokowi I think time has come to show the world that Indonesia is capable with its political and if necessary, it's military power, to take over responsibility for ASEAN's countries to protect democracy values in this part of the world. #MyanmarMilitaryCoup	27.622883
Sat Apr 10 17:13:19 +0000 2021	@jokowi 739 lives of innocent people are taken!!! On APR 9 itself, the military killed 82 civilians in Bago, (Source: @Myanmar_Now). What are those organisations waiting for? We need actions to protect our people. Please save Myanmar.  #SaveMyanmar  #Apr9Coup  #UnitedNations  #crimesnews https://t.co/4auLggMmT0	27.539007
Mon Apr 05 05:25:37 +0000 2021	@jokowi Fighting 💪	26.20299
Fri Apr 02 10:40:38 +0000 2021	@jokowi Hello. My name is Youngjae Yoon, a talented person in Korea. And you'll know from my following. Have a good day.	25.19186
Sat Apr 03 00:30:16 +0000 2021	@jokowi TAIWAN TRAINACCIDENT IN THE TUNNEL.150 KM/HOUR. 40 VICTIMS FROM 500. INDONESIAN.BANDUNG-JKT TRAIN 350KM/HOUR ALSO HAVE TUNNEL. NEED ABSOLUTELY THE SECURITY https://t.co/dwqQWPPRIU also inkm 90 .the soil abit unstable. the Indonesia&amp; the China MUST RE STUDY everytime👺👽	23.525318
Mon Apr 05 14:38:21 +0000 2021	@jokowi @BudiGSadikin Is it better to give more people partial protection from COVID-19, or maximum protection to fewer people?   As limited supplies of vaccines begin rolling out in parts of the world, some experts are suggesting authorities go against the recommended vaccine sc	22.928808
Sat Apr 03 03:24:14 +0000 2021	@jokowi data privacy is like mission impossible in +62. Data protection? wishful thinking #dataprotection	21.656376
Fri Apr 09 00:01:37 +0000 2021	@jokowi @PutraWadapi What you should do sir to stop this Pandemic? You have big power to do that. But I saw so many contradictive decision that Goverment did. Do not wait until everybody die cause of this virus. Many thanks to your attention sir.	18.780313
Thu Apr 01 15:01:22 +0000 2021	@jokowi After 44 days of nightly internet cut off, 16 days of total mobile internet shutdown, brutals has again issued to ban the wireless internet from today on. Junta is trying to murder us all in the blind of the world. #InternetShutDown #Apr1Coup  #WhatsHappeningInMyanmar	18.39998
Sat Apr 03 03:17:06 +0000 2021	@jokowi Mandalika problems: talk is cheap (and easy), action costs  https://t.co/AxccEF8cN4	18.298937
Sun Apr 04 07:04:16 +0000 2021	@jokowi  I need you to call for https://t.co/OT4EW51OtV   Need to you stop feeding the @koninklijkhuis monsters, overhere.  I don't want more earthquakes caused by WEF maffia.   Neither do you; you once started as a very nice man in power.  Undo your mistakes and savekeep 🇮🇩👪	18.098911
Sat Apr 03 03:10:09 +0000 2021	@jokowi @jokowi Mandalika problems: talk is cheap, action cost. https://t.co/AxccEF8cN4 #jakpost #Reuters https://t.co/DsS8dZXMAo	16.582014
Fri Apr 02 12:58:11 +0000 2021	@jokowi Bikir nuclear power plant	16.408955
Mon Apr 05 06:39:05 +0000 2021	@jokowi  World's Top 10 Export Products?  https://t.co/0WizAMKY1e (Share &amp; subscribe valuable video) Worlds Top 30 Export Products? https://t.co/Ikw1SAKNq9 Worlds Top Exporting Countries? https://t.co/ygx6pN8b8h World's Top  Importing Countries? https://t.co/cBuu23sdbj	15.565994
Fri Apr 02 17:10:48 +0000 2021	@jokowi This project will need at least 50 years, isn't it?	14.725334
Fri Apr 02 12:40:43 +0000 2021	@jokowi How beautiful 😍 future Indonesia 🇮🇩❤️🤍	14.363127
Wed Apr 07 17:06:52 +0000 2021	@jokowi @0hFirdausss Hi 0hFirdausss, Brand new mobile game with highest quality coming soon！https://t.co/TL0EO4mUyr https://t.co/S1TGDMjj1h	14.271591
Wed Mar 31 03:59:39 +0000 2021	@jokowi Assalamualaikum sir. I need your help sir i love a Indonesian girl and I want nikkah with her. Please help me to come there sir please sir 🙏🙏🙏🙏🙏	13.395842
Thu Apr 08 03:19:36 +0000 2021	@jokowi I'm going to donate my organs because I don't have any hope for future and my life destroyed and I can't suffer anymore For 7 years I have been in Indonesia as a refugee but UNHCR do nothing for me.I hope I can help with sick person. UNHCR just look how refugees kill themselves.	12.519482
Wed Apr 07 02:29:39 +0000 2021	@jokowi punten, with all due respect, ... it looks OTT, outdated, monument-ish, scream safety risk, campy and norak ... 🤭🤣🤣🤣 #whatwereuthinking	12.416664
Sun Apr 04 21:19:53 +0000 2021	@jokowi USA products did GER/INA ah* order to mob,USA no luck+OUT tennis,capitol+INA Pres.palace+police headquarter got attack,oil explosion,plane crash,bomb,AllEngland,etc+40 GER busses in fire(MILLIONS EUR damage)+trains derailed++coz ah* mob my Instagram/GMail https://t.co/8rEdCI0CFs.	11.730451
Fri Apr 02 19:27:24 +0000 2021	@jokowi I hope the building is beautiful also strong and safe for the president.	11.707075
Mon Apr 05 17:03:56 +0000 2021	@jokowi need You Please...🙏	11.498104
Wed Mar 31 21:57:40 +0000 2021	@jokowi @saidaqil @susipudjiastuti @ruhutsitompul @psi_id @grace_nat @TsamaraDKI @PDI_Perjuangan @msoekarnoputri @ganjarpranowo @airlangga_hrt @Golkar5 @aburizalbakrie @NasDem @PartaiPerindo @DPP_PKB @cakimiNOW @edo751945 @pkp_ind @dHendropriyono @KemensetnegRI @mrtjakarta @kemenhub151 @BaleBengong @PBIDI @dinkesjateng @Tri_Rismaharini @GibranRakabumi @bobbynst @Ayangkahiyang @markobar1996 @SangPisang2017 @JokowiCentre @AhokDjarot @temanahok_id @AriWibowo_Ofc @addiems @agnezmo @Dennysiregar7 @WHO @dinkesJKT @detikcom @kompascom @drpriono1 @drdickybudiman @dewinaisyah @kaesangp @instagram @desrapercaya09 @dewantirumpoko #AllEngland mobbing to INA team is nothing+even not 1% GER sadism+racism to me+why I can manage pandemic(U cant)coz GER more sadistic than Nazi to me-&gt;stainless steel nervs++U easily lost mind+a bit a bit suicide,GER+EU no future like BabaVanga prediction https://t.co/Z3LsLg9flq.	10.094084
Wed Mar 31 21:57:26 +0000 2021	@jokowi @KemenkesRI @DrTedros @Kiyai_MarufAmin @mohmahfudmd @muhadjir_ef @kemendagri @fadjroeL @Kemlu_RI @basuki_btp @erickthohir @tjahjo_kumolo @airlangga_hrt @sumrambah @wiranto1947 @DivHumas_Polri @wikuadisasmito @ridwankamil @ganjarpranowo @aniesbaswedan @KhofifahIP @EmilDardak @mprgoid @DPR_RI @TjahjantoHadi @setkabgoid @Menlu_RI @ditjen_imigrasi @KemenkeuRI @kemkominfo @kempanrb @kemenkomarves @KemnakerRI @KemenBUMN @KSPgoid @OmbudsmanRI137 @Pemkab_Malang @PemkotMalang @DKIJakarta @gubernur_bali @JatimPemprov @dewantirumpoko @ganisrumpoko @Mundjidah_Wahab @Dr_Moeldoko @dinkesjatim @monicanirmala @BudiGSadikin @samsutiaji @dewinaisyah #AllEngland mobbing to INA team is nothing+even not 1% GER sadism+racism to me+why I can manage pandemic(U cant)coz GER more sadistic than Nazi to me-&gt;stainless steel nervs++U easily lost mind+a bit a bit suicide,GER+EU no future like BabaVanga prediction https://t.co/Z3LsLgqQK0.	10.094084
Fri Apr 09 09:33:31 +0000 2021	@jokowi cryptocurrency VANCAT https://t.co/lxboLCxYgM   please help discuss the future project and its fundamentals. Please help 🙏🙏🙏	9.871252
Wed Mar 31 20:23:48 +0000 2021	@jokowi the only one G0D is the GOD for moslem.christian.budhist. hindu eventhough the unbeliever. Ever talk to a priest cq.a late son in law of Gudang Garam.The catholic thinkers.conclution GOD IS LOVE. no form like King or others. peace no hate.war or brainwash ☻😼👨‍🔧👩‍🚒❤❤❤	9.785008
Wed Mar 31 14:49:48 +0000 2021	@jokowi @KemenkesRI @DrTedros @Kiyai_MarufAmin @mohmahfudmd @muhadjir_ef @kemendagri @fadjroeL @Kemlu_RI @basuki_btp @erickthohir @tjahjo_kumolo @airlangga_hrt @sumrambah @wiranto1947 @DivHumas_Polri @wikuadisasmito @ridwankamil @ganjarpranowo @aniesbaswedan @KhofifahIP @EmilDardak @mprgoid @DPR_RI @TjahjantoHadi @setkabgoid @Menlu_RI @ditjen_imigrasi @KemenkeuRI @kemkominfo @kempanrb @kemenkomarves @KemnakerRI @KemenBUMN @KSPgoid @OmbudsmanRI137 @Pemkab_Malang @PemkotMalang @DKIJakarta @gubernur_bali @JatimPemprov @dewantirumpoko @ganisrumpoko @Mundjidah_Wahab @Dr_Moeldoko @dinkesjatim @monicanirmala @BudiGSadikin @samsutiaji @dewinaisyah Mar31:Mob my Instagram again,enjoy more unlucks,coward ones,why without name mob,but God knows who did it=if unlucks in INA,it means,the mobbers from there,simple,coz God knows who did it+where ah* came from,why plane crash,AllEngland unluck,Makassar bomb,etc,God angry to mobbers	9.738897
Wed Mar 31 13:53:32 +0000 2021	@jokowi @saidaqil @susipudjiastuti @ruhutsitompul @psi_id @grace_nat @TsamaraDKI @PDI_Perjuangan @msoekarnoputri @ganjarpranowo @airlangga_hrt @Golkar5 @aburizalbakrie @NasDem @PartaiPerindo @DPP_PKB @cakimiNOW @edo751945 @pkp_ind @dHendropriyono @KemensetnegRI @mrtjakarta @kemenhub151 @BaleBengong @PBIDI @dinkesjateng @Tri_Rismaharini @GibranRakabumi @bobbynst @Ayangkahiyang @markobar1996 @SangPisang2017 @JokowiCentre @AhokDjarot @temanahok_id @AriWibowo_Ofc @addiems @agnezmo @Dennysiregar7 @WHO @dinkesJKT @detikcom @kompascom @drpriono1 @drdickybudiman @dewinaisyah @kaesangp @instagram @desrapercaya09 @dewantirumpoko Mar31:Mob my Instagram again,enjoy more unlucks,coward ones,why without name mob,but God knows who did it=if unlucks in INA,it means,the mobbers from there,simple,coz God knows who did it+where ah* came from,why plane crash,AllEngland unluck,Makassar bomb,etc,God angry to mobbers	9.738897
Thu Apr 08 23:58:00 +0000 2021	@jokowi correct your agent,do not sell by cheating,customers want to save why are they given insurance,strong evidence of crime remains dodgy,so the police report is still the best @AXA_Mandiri @bankmandiri @JulienSteimer @andreOPA @AXAFrance @AXA @AXASegurosEs @AXAIndonesia @AXAHealth	9.501581
Fri Apr 09 09:09:00 +0000 2021	@jokowi Where are you sir? They need immediete help https://t.co/wGdWNdWTl8	9.359317
Mon Apr 05 12:21:48 +0000 2021	@jokowi #AstraZeneca safe f.&gt;60yr old?DUNNO!UK+India etc careless=even if dead,won't know,they dont check,but MANY MORE YOUNG PEOPLE DEAD after AstraZeneca,GER+NED++STOP f.&lt;60+prepare #IMMUNGLOBULINE/medicine vs #Sinusthrombose in advance+USA DONT use AstraZeneca https://t.co/yozOPKMXBQ.	9.295841
Fri Apr 09 23:00:27 +0000 2021	@jokowi cq.foreignminister.cq aus tralian embassy PLS DO NOT KILL ALL WILD HORSES JUST TO PROTECT THE TREESPLANTS IN AUSTRALIA. SEND TO INDONESIA. WE WILL TAKECARE THE UNGUILTY HORSES.THE GOD CREATURES JUST WARN AUSTR.THE KARMA WILL COME AUSSIES. PL.BELIEVE IN GOD👺👺👺👽👽👽	9.018303
Wed Mar 31 21:33:57 +0000 2021	@jokowi @saidaqil @susipudjiastuti @ruhutsitompul @psi_id @grace_nat @TsamaraDKI @PDI_Perjuangan @msoekarnoputri @ganjarpranowo @airlangga_hrt @Golkar5 @aburizalbakrie @NasDem @PartaiPerindo @DPP_PKB @cakimiNOW @edo751945 @pkp_ind @dHendropriyono @KemensetnegRI @mrtjakarta @kemenhub151 @BaleBengong @PBIDI @dinkesjateng @Tri_Rismaharini @GibranRakabumi @bobbynst @Ayangkahiyang @markobar1996 @SangPisang2017 @JokowiCentre @AhokDjarot @temanahok_id @AriWibowo_Ofc @addiems @agnezmo @Dennysiregar7 @WHO @dinkesJKT @detikcom @kompascom @drpriono1 @drdickybudiman @dewinaisyah @kaesangp @instagram @desrapercaya09 @dewantirumpoko ToldU:EU the end if I left,God+luck go w/ me+my deal w/ God #BabaVanga prediction(the end of GER+EU) not happen as long as I in GER,but U mob+ruin-&gt;wrote on that contract end letter on leaving GER,no interest U ruin me more yrs+toldU:Ur prayer NEVER works https://t.co/aOK4bRnhLA.	8.8988495
Wed Mar 31 21:33:41 +0000 2021	@jokowi @KemenkesRI @DrTedros @Kiyai_MarufAmin @mohmahfudmd @muhadjir_ef @kemendagri @fadjroeL @Kemlu_RI @basuki_btp @erickthohir @tjahjo_kumolo @airlangga_hrt @sumrambah @wiranto1947 @DivHumas_Polri @wikuadisasmito @ridwankamil @ganjarpranowo @aniesbaswedan @KhofifahIP @EmilDardak @mprgoid @DPR_RI @TjahjantoHadi @setkabgoid @Menlu_RI @ditjen_imigrasi @KemenkeuRI @kemkominfo @kempanrb @kemenkomarves @KemnakerRI @KemenBUMN @KSPgoid @OmbudsmanRI137 @Pemkab_Malang @PemkotMalang @DKIJakarta @gubernur_bali @JatimPemprov @dewantirumpoko @ganisrumpoko @Mundjidah_Wahab @Dr_Moeldoko @dinkesjatim @monicanirmala @BudiGSadikin @samsutiaji @dewinaisyah ToldU:EU the end if I left,God+luck go w/ me+my deal w/ God #BabaVanga prediction(the end of GER+EU) not happen as long as I in GER,but U mob+ruin-&gt;wrote on that contract end letter on leaving GER,no interest U ruin me more yrs+toldU:Ur prayer NEVER works https://t.co/aOK4bR5Gn0.	8.8988495
Fri Apr 02 13:59:26 +0000 2021	@jokowi Future Indonesia. Awesome!	8.883528
Fri Apr 09 01:03:09 +0000 2021	@jokowi Dear Mr @jokowi As a refugee I'm thanking you for your cooperation with the @UNHCRIndo for providing shelter and kept us safe in your country but as you know it has been more than 13 years now I can't work or study. I will be greatful if you can help me get a working license.	8.485958
Sun Apr 04 19:51:56 +0000 2021	@jokowi @saidaqil @susipudjiastuti @ruhutsitompul @psi_id @grace_nat @TsamaraDKI @PDI_Perjuangan @msoekarnoputri @ganjarpranowo @airlangga_hrt @Golkar5 @aburizalbakrie @NasDem @PartaiPerindo @DPP_PKB @cakimiNOW @edo751945 @pkp_ind @dHendropriyono @KemensetnegRI @mrtjakarta @kemenhub151 @BaleBengong @PBIDI @dinkesjateng @Tri_Rismaharini @GibranRakabumi @bobbynst @Ayangkahiyang @markobar1996 @SangPisang2017 @JokowiCentre @AhokDjarot @temanahok_id @AriWibowo_Ofc @addiems @agnezmo @Dennysiregar7 @WHO @dinkesJKT @detikcom @kompascom @drpriono1 @drdickybudiman @dewinaisyah @kaesangp @instagram @desrapercaya09 @dewantirumpoko Karma,USA Capitol+INA police headquarter got attack,bomb,plane crash,Badminton+#AllEngland unlucks etc,GER church ah* mob #GMail+INA ah* mob IG LuckyBlessedMe,only coz I warned all s.t.NONE RIP after #AstraZeneca,why God backs innocent me that tried to save lives,U let people die	7.963414
Sun Apr 04 19:52:11 +0000 2021	@jokowi @KemenkesRI @DrTedros @Kiyai_MarufAmin @mohmahfudmd @muhadjir_ef @kemendagri @fadjroeL @Kemlu_RI @basuki_btp @erickthohir @tjahjo_kumolo @airlangga_hrt @sumrambah @wiranto1947 @DivHumas_Polri @wikuadisasmito @ridwankamil @ganjarpranowo @aniesbaswedan @KhofifahIP @EmilDardak @mprgoid @DPR_RI @TjahjantoHadi @setkabgoid @Menlu_RI @ditjen_imigrasi @KemenkeuRI @kemkominfo @kempanrb @kemenkomarves @KemnakerRI @KemenBUMN @KSPgoid @OmbudsmanRI137 @Pemkab_Malang @PemkotMalang @DKIJakarta @gubernur_bali @JatimPemprov @dewantirumpoko @ganisrumpoko @Mundjidah_Wahab @Dr_Moeldoko @dinkesjatim @monicanirmala @BudiGSadikin @samsutiaji @dewinaisyah Karma,USA Capitol+INA police headquarter got attack,bomb,plane crash,Badminton+#AllEngland unlucks etc,GER church ah* mob #GMail+INA ah* mob IG LuckyBlessedMe,only coz I warned all s.t.NONE RIP after #AstraZeneca,why God backs innocent me that tried to save lives,U let people die	7.963414
Sun Apr 04 21:14:18 +0000 2021	@jokowi @saidaqil @susipudjiastuti @ruhutsitompul @psi_id @grace_nat @TsamaraDKI @PDI_Perjuangan @msoekarnoputri @ganjarpranowo @airlangga_hrt @Golkar5 @aburizalbakrie @NasDem @PartaiPerindo @DPP_PKB @cakimiNOW @edo751945 @pkp_ind @dHendropriyono @KemensetnegRI @mrtjakarta @kemenhub151 @BaleBengong @PBIDI @dinkesjateng @Tri_Rismaharini @GibranRakabumi @bobbynst @Ayangkahiyang @markobar1996 @SangPisang2017 @JokowiCentre @AhokDjarot @temanahok_id @AriWibowo_Ofc @addiems @agnezmo @Dennysiregar7 @WHO @dinkesJKT @detikcom @kompascom @drpriono1 @drdickybudiman @dewinaisyah @kaesangp @instagram @desrapercaya09 @dewantirumpoko USA products did GER/INA ah* order to mob,USA no luck+OUT tennis,capitol+INA Pres.palace+police headquarter got attack,oil explosion,plane crash,bomb,AllEngland,etc+40 GER busses in fire(MILLIONS EUR damage)+trains derailed++coz ah* mob my Instagram/GMail https://t.co/8rEdCI0CFs.	7.963414
Sun Apr 04 21:14:03 +0000 2021	@jokowi @KemenkesRI @DrTedros @Kiyai_MarufAmin @mohmahfudmd @muhadjir_ef @kemendagri @fadjroeL @Kemlu_RI @basuki_btp @erickthohir @tjahjo_kumolo @airlangga_hrt @sumrambah @wiranto1947 @DivHumas_Polri @wikuadisasmito @ridwankamil @ganjarpranowo @aniesbaswedan @KhofifahIP @EmilDardak @mprgoid @DPR_RI @TjahjantoHadi @setkabgoid @Menlu_RI @ditjen_imigrasi @KemenkeuRI @kemkominfo @kempanrb @kemenkomarves @KemnakerRI @KemenBUMN @KSPgoid @OmbudsmanRI137 @Pemkab_Malang @PemkotMalang @DKIJakarta @gubernur_bali @JatimPemprov @dewantirumpoko @ganisrumpoko @Mundjidah_Wahab @Dr_Moeldoko @dinkesjatim @monicanirmala @BudiGSadikin @samsutiaji @dewinaisyah USA products did GER/INA ah* order to mob,USA no luck+OUT tennis,capitol+INA Pres.palace+police headquarter got attack,oil explosion,plane crash,bomb,AllEngland,etc+40 GER busses in fire(MILLIONS EUR damage)+trains derailed++coz ah* mob my Instagram/GMail https://t.co/8rEdCI0CFs.	7.963414
Wed Apr 07 09:38:21 +0000 2021	@jokowi I have been in Indonesia since 2003, I visit it almost every year. All I can say is that Indonesia now is not indonesia anymore, it totally changed, and not in a positive way.	7.940981
Fri Apr 09 00:22:25 +0000 2021	@jokowi Safe flight, mr. President 🙏	7.879728
Fri Apr 02 02:57:16 +0000 2021	@jokowi ISLAMIC INTRO | 15 VIDEO NON TEXT &amp; LOGO  https://t.co/6VE8wy0RZq	7.636326
Thu Apr 08 16:54:06 +0000 2021	@jokowi Dear president thanks for your concern on Myanmar. Despite over 82% voted party was taken over by Junta and now all landslide winner party NLD members parliaments are arresred across the country Including the leaders sunkyi n president win myint. Pleass take agreesive actions.	7.2578173
Thu Apr 08 16:57:07 +0000 2021	@jokowi @Menlu_RI @Wahyuningrum Dear president thanks for your call on Myanmar that was taken over by Junta and now all landslide winner party NLD members parliaments are arresred across the country Including the leaders sunkyi n president win myint. Pleass take agreesive actions https://t.co/t7BOz5l86g	7.111889
Thu Apr 01 16:52:36 +0000 2021	@jokowi Long life my PRESIDEN aamiiiin	6.8744917
Wed Mar 31 21:28:15 +0000 2021	@jokowi @saidaqil @susipudjiastuti @ruhutsitompul @psi_id @grace_nat @TsamaraDKI @PDI_Perjuangan @msoekarnoputri @ganjarpranowo @airlangga_hrt @Golkar5 @aburizalbakrie @NasDem @PartaiPerindo @DPP_PKB @cakimiNOW @edo751945 @pkp_ind @dHendropriyono @KemensetnegRI @mrtjakarta @kemenhub151 @BaleBengong @PBIDI @dinkesjateng @Tri_Rismaharini @GibranRakabumi @bobbynst @Ayangkahiyang @markobar1996 @SangPisang2017 @JokowiCentre @AhokDjarot @temanahok_id @AriWibowo_Ofc @addiems @agnezmo @Dennysiregar7 @WHO @dinkesJKT @detikcom @kompascom @drpriono1 @drdickybudiman @dewinaisyah @kaesangp @instagram @desrapercaya09 @dewantirumpoko Mar31:How can U lose vs #65,#scandal🤣GER much worse than my expectation+that coz ex #WorldChampion GER cheaters=toldU w/o my prayer NEVER WC2014 etc+GER still mob my GMail+today I gave up my apartment:Only leaving NRW(not GER)U lost already;if leaving GER even much unluckier😝🤣	6.3069987
Wed Mar 31 21:28:43 +0000 2021	@jokowi @KemenkesRI @DrTedros @Kiyai_MarufAmin @mohmahfudmd @muhadjir_ef @kemendagri @fadjroeL @Kemlu_RI @basuki_btp @erickthohir @tjahjo_kumolo @airlangga_hrt @sumrambah @wiranto1947 @DivHumas_Polri @wikuadisasmito @ridwankamil @ganjarpranowo @aniesbaswedan @KhofifahIP @EmilDardak @mprgoid @DPR_RI @TjahjantoHadi @setkabgoid @Menlu_RI @ditjen_imigrasi @KemenkeuRI @kemkominfo @kempanrb @kemenkomarves @KemnakerRI @KemenBUMN @KSPgoid @OmbudsmanRI137 @Pemkab_Malang @PemkotMalang @DKIJakarta @gubernur_bali @JatimPemprov @dewantirumpoko @ganisrumpoko @Mundjidah_Wahab @Dr_Moeldoko @dinkesjatim @monicanirmala @BudiGSadikin @samsutiaji @dewinaisyah Mar31:How can U lose vs #65,#scandal🤣GER much worse than my expectation+that coz ex #WorldChampion GER cheaters=toldU w/o my prayer NEVER WC2014 etc+GER still mob my GMail+today I gave up my apartment:Only leaving NRW(not GER)U lost already;if leaving GER even much unluckier😝🤣	6.3069987
Sun Apr 04 21:48:09 +0000 2021	@jokowi GER heard me about #AstraZeneca+my Instagram posts mainly written in INA-&gt;suspects mob my Instagram #Satgas/#Kemenkes/#Wiku etc that mob me since Jul 2020 why I complain.But Ganis+Dewanti even block+why #Arema out etc,coz U back mobbers,if block than help https://t.co/0Nkga0sUuB.	6.2705736
Sat Apr 10 17:42:11 +0000 2021	@jokowi I am sorry my student. I go don't tell you and i don't know i be back again course this is advice my father to go	6.2511067
Fri Apr 02 14:13:55 +0000 2021	@jokowi Pic : Rhoma Irama with long hair https://t.co/HVdNy9czkq	6.102769
Fri Apr 09 02:23:35 +0000 2021	@jokowi Have a great job pak,,👌	5.9330254
Mon Apr 05 10:28:01 +0000 2021	@jokowi Thanks for your attention, Mr. President. Keep strong &amp; God Bless You❤️	5.417929
Mon Apr 05 15:41:15 +0000 2021	@jokowi Lovers, Follow Gw dong	5.3241844
Sat Apr 10 17:37:42 +0000 2021	@jokowi Babe of you want with me. The important thing is eat. Student.	5.2957525
Wed Apr 07 11:20:09 +0000 2021	@jokowi Jasa Photoshoot Ganendra Theja//0896-3731-2072 BOOKING NOW!!! https://t.co/kNRs1MVUjp	5.1714654
Fri Apr 09 11:37:30 +0000 2021	@jokowi Jasa Photoshoot Ganendra Theja//0896-3731-2072 BOOKING NOW!!! https://t.co/ItyVWeQPuP	5.1714654
Fri Apr 09 11:37:48 +0000 2021	@jokowi Jasa Photoshoot Ganendra Theja//0896-3731-2072 BOOKING NOW!!! https://t.co/AqEqYvztYQ	5.1714654
Tue Apr 06 12:15:42 +0000 2021	@jokowi Jasa Photoshoot ganendra Theja//0896-3731-2072 BOOKING NOW!!! https://t.co/eP9ryRjI3W	5.1714654
Sat Apr 10 06:54:55 +0000 2021	@jokowi Jasa Photoshoot outdoor //0896-3731-2072  Ayooo segera BOOKING NOW!!! https://t.co/Js6kMs3dxo	5.040978
Sat Apr 10 06:58:14 +0000 2021	@jokowi Jasa Photoshoot outdoor //0896-3731-2072  Ayooo segera BOOKING NOW!!! https://t.co/XWGeOCFoyq	5.040978
Thu Apr 01 12:55:57 +0000 2021	@jokowi , @Menlu_RI We Myanmar citizens humbly request you to 1.Recognise CRPH as the legit government of Myanmar 2.Refuse to recognise or meet with military(inc ASEAN meetings) 3.Sanction military owned companies, inc MEC&amp;MEH 4.Condemn the killing &amp; arrest of peaceful protestors	4.660598
Sun Apr 04 21:47:15 +0000 2021	@jokowi @saidaqil @susipudjiastuti @ruhutsitompul @psi_id @grace_nat @TsamaraDKI @PDI_Perjuangan @msoekarnoputri @ganjarpranowo @airlangga_hrt @Golkar5 @aburizalbakrie @NasDem @PartaiPerindo @DPP_PKB @cakimiNOW @edo751945 @pkp_ind @dHendropriyono @KemensetnegRI @mrtjakarta @kemenhub151 @BaleBengong @PBIDI @dinkesjateng @Tri_Rismaharini @GibranRakabumi @bobbynst @Ayangkahiyang @markobar1996 @SangPisang2017 @JokowiCentre @AhokDjarot @temanahok_id @AriWibowo_Ofc @addiems @agnezmo @Dennysiregar7 @WHO @dinkesJKT @detikcom @kompascom @drpriono1 @drdickybudiman @dewinaisyah @kaesangp @instagram @desrapercaya09 @dewantirumpoko GER heard me about #AstraZeneca+my Instagram posts mainly written in INA-&gt;suspects mob my Instagram #Satgas/#Kemenkes/#Wiku etc that mob me since Jul 2020 why I complain.But Ganis+Dewanti even block+why #Arema out etc,coz U back mobbers,if block than help https://t.co/0Nkga0sUuB.	4.340789
Sun Apr 04 21:46:52 +0000 2021	@jokowi @KemenkesRI @DrTedros @Kiyai_MarufAmin @mohmahfudmd @muhadjir_ef @kemendagri @fadjroeL @Kemlu_RI @basuki_btp @erickthohir @tjahjo_kumolo @airlangga_hrt @sumrambah @wiranto1947 @DivHumas_Polri @wikuadisasmito @ridwankamil @ganjarpranowo @aniesbaswedan @KhofifahIP @EmilDardak @mprgoid @DPR_RI @TjahjantoHadi @setkabgoid @Menlu_RI @ditjen_imigrasi @KemenkeuRI @kemkominfo @kempanrb @kemenkomarves @KemnakerRI @KemenBUMN @KSPgoid @OmbudsmanRI137 @Pemkab_Malang @PemkotMalang @DKIJakarta @gubernur_bali @JatimPemprov @dewantirumpoko @ganisrumpoko @Mundjidah_Wahab @Dr_Moeldoko @dinkesjatim @monicanirmala @BudiGSadikin @samsutiaji @dewinaisyah GER heard me about #AstraZeneca+my Instagram posts mainly written in INA-&gt;suspects mob my Instagram #Satgas/#Kemenkes/#Wiku etc that mob me since Jul 2020 why I complain.But Ganis+Dewanti even block+why #Arema out etc,coz U back mobbers,if block than help https://t.co/0Nkga0sUuB.	4.340789
Wed Mar 31 02:15:59 +0000 2021	@jokowi I only wrote no Durian,Petai+no alcohol etc if U dont want to get positive #GeNose result,since RI use GeNose,but I NEVER ADVISE U to use GeNose f. airplane etc,but RI always look for problems,why Pilkada,now GeNose etc to spread than kill virus=RI never serious+VIRUS FAKE DOWN🤬	3.7640576
Fri Apr 02 20:02:23 +0000 2021	@jokowi cq dr hasto wardoyo.KAM PANYE 1 MAX 2 https://t.co/iG9xaKH01L HENTI NO https://t.co/cBKKU4wy17.KORAN https://t.co/V4P3MptrIf.USA 330 jt.geland https://t.co/Vfm4OoUDhw NOT WANT LIKE INDIA OR CHINA 1.4BILLION. how to feed.shelter/housing.jobs? kumaha?🙃🙃🙃🙃🙃🇮🇩🇮🇩🇮🇩	3.306775
Mon Apr 05 12:18:10 +0000 2021	@jokowi @KemenkesRI @DrTedros @Kiyai_MarufAmin @mohmahfudmd @muhadjir_ef @kemendagri @fadjroeL @Kemlu_RI @basuki_btp @erickthohir @tjahjo_kumolo @airlangga_hrt @sumrambah @wiranto1947 @DivHumas_Polri @wikuadisasmito @ridwankamil @ganjarpranowo @aniesbaswedan @KhofifahIP @EmilDardak @mprgoid @DPR_RI @TjahjantoHadi @setkabgoid @Menlu_RI @ditjen_imigrasi @KemenkeuRI @kemkominfo @kempanrb @kemenkomarves @KemnakerRI @KemenBUMN @KSPgoid @OmbudsmanRI137 @Pemkab_Malang @PemkotMalang @DKIJakarta @gubernur_bali @JatimPemprov @dewantirumpoko @ganisrumpoko @Mundjidah_Wahab @Dr_Moeldoko @dinkesjatim @monicanirmala @BudiGSadikin @samsutiaji @dewinaisyah Is #AstraZeneca safe f.&gt;60yr old?I DUNNO!UK+India etc careless=even if dead after AstraZeneca,U won't know,they dont check,but MANY MORE YOUNG PEOPLE DEAD after AstraZeneca,GER+NED++STOP f.&lt;60+prepare #IMMUNGLOBULINE/medicine vs #Sinusthrombose in advance https://t.co/yozOPKMXBQ.	2.968711
Mon Apr 05 12:19:20 +0000 2021	@jokowi @KemenkesRI @DrTedros @Kiyai_MarufAmin @mohmahfudmd @muhadjir_ef @kemendagri @fadjroeL @Kemlu_RI @basuki_btp @erickthohir @tjahjo_kumolo @airlangga_hrt @sumrambah @wiranto1947 @DivHumas_Polri @wikuadisasmito @ridwankamil @ganjarpranowo @aniesbaswedan @KhofifahIP @EmilDardak @mprgoid @DPR_RI @TjahjantoHadi @setkabgoid @Menlu_RI @ditjen_imigrasi @KemenkeuRI @kemkominfo @kempanrb @kemenkomarves @KemnakerRI @KemenBUMN @KSPgoid @OmbudsmanRI137 @Pemkab_Malang @PemkotMalang @DKIJakarta @gubernur_bali @JatimPemprov @dewantirumpoko @ganisrumpoko @Mundjidah_Wahab @Dr_Moeldoko @dinkesjatim @monicanirmala @BudiGSadikin @samsutiaji @dewinaisyah #AstraZeneca safe f.&gt;60yr old?DUNNO!UK+India etc careless=even if dead,won't know,they dont check,but MANY MORE YOUNG PEOPLE DEAD after AstraZeneca,GER+NED++STOP f.&lt;60+prepare #IMMUNGLOBULINE/medicine vs #Sinusthrombose in advance+USA DONT use AstraZeneca https://t.co/yozOPKMXBQ.	2.968711
Mon Apr 05 12:24:26 +0000 2021	@jokowi @saidaqil @susipudjiastuti @ruhutsitompul @psi_id @grace_nat @TsamaraDKI @PDI_Perjuangan @msoekarnoputri @ganjarpranowo @airlangga_hrt @Golkar5 @aburizalbakrie @NasDem @PartaiPerindo @DPP_PKB @cakimiNOW @edo751945 @pkp_ind @dHendropriyono @KemensetnegRI @mrtjakarta @kemenhub151 @BaleBengong @PBIDI @dinkesjateng @Tri_Rismaharini @GibranRakabumi @bobbynst @Ayangkahiyang @markobar1996 @SangPisang2017 @JokowiCentre @AhokDjarot @temanahok_id @AriWibowo_Ofc @addiems @agnezmo @Dennysiregar7 @WHO @dinkesJKT @detikcom @kompascom @drpriono1 @drdickybudiman @dewinaisyah @kaesangp @instagram @desrapercaya09 @dewantirumpoko #AstraZeneca safe f.&gt;60yr old?DUNNO!UK+India etc careless=even if dead,won't know,they dont check,but MANY MORE YOUNG PEOPLE DEAD after AstraZeneca,GER+NED++STOP f.&lt;60+prepare #IMMUNGLOBULINE/medicine vs #Sinusthrombose in advance+USA DONT use AstraZeneca https://t.co/yozOPKMXBQ.	2.968711
Mon Apr 05 12:32:50 +0000 2021	@jokowi @KemenkesRI @DrTedros @Kiyai_MarufAmin @mohmahfudmd @muhadjir_ef @kemendagri @fadjroeL @Kemlu_RI @basuki_btp @erickthohir @tjahjo_kumolo @airlangga_hrt @sumrambah @wiranto1947 @DivHumas_Polri @wikuadisasmito @ridwankamil @ganjarpranowo @aniesbaswedan @KhofifahIP @EmilDardak @mprgoid @DPR_RI @TjahjantoHadi @setkabgoid @Menlu_RI @ditjen_imigrasi @KemenkeuRI @kemkominfo @kempanrb @kemenkomarves @KemnakerRI @KemenBUMN @KSPgoid @OmbudsmanRI137 @Pemkab_Malang @PemkotMalang @DKIJakarta @gubernur_bali @JatimPemprov @dewantirumpoko @ganisrumpoko @Mundjidah_Wahab @Dr_Moeldoko @dinkesjatim @monicanirmala @BudiGSadikin @samsutiaji @dewinaisyah #AstraZeneca safe f.&gt;60yr old?DUNNO!UK+India etc CARELESS=even if DEAD,won't know,they DONT CHECK.But MANY MORE YOUNG PEOPLE DEAD after AstraZeneca,GER+NED++STOP f.&lt;60+prepare #IMMUNGLOBULINE/medicine vs #Sinusthrombose IN ADVANCE+USA DONT use AstraZeneca https://t.co/yozOPKMXBQ.	2.968711
Wed Mar 31 21:50:32 +0000 2021	@jokowi @saidaqil @susipudjiastuti @ruhutsitompul @psi_id @grace_nat @TsamaraDKI @PDI_Perjuangan @msoekarnoputri @ganjarpranowo @airlangga_hrt @Golkar5 @aburizalbakrie @NasDem @PartaiPerindo @DPP_PKB @cakimiNOW @edo751945 @pkp_ind @dHendropriyono @KemensetnegRI @mrtjakarta @kemenhub151 @BaleBengong @PBIDI @dinkesjateng @Tri_Rismaharini @GibranRakabumi @bobbynst @Ayangkahiyang @markobar1996 @SangPisang2017 @JokowiCentre @AhokDjarot @temanahok_id @AriWibowo_Ofc @addiems @agnezmo @Dennysiregar7 @WHO @dinkesJKT @detikcom @kompascom @drpriono1 @drdickybudiman @dewinaisyah @kaesangp @instagram @desrapercaya09 @dewantirumpoko GER only nice to muslims+criminals=ask them to make win+safe(not me that U treat worse than sh*)#Refugees 2015 arrived,soon citizen;I &gt;25yr NEVER GER+U MOB+RUIN;my prayer F1+#GrandSlams+#WC2014++#1stWAVE RoleModel my idea+Verdienstorden f.others=Pray self https://t.co/qDoRAtc692.	2.968711
Wed Mar 31 21:50:18 +0000 2021	@jokowi @KemenkesRI @DrTedros @Kiyai_MarufAmin @mohmahfudmd @muhadjir_ef @kemendagri @fadjroeL @Kemlu_RI @basuki_btp @erickthohir @tjahjo_kumolo @airlangga_hrt @sumrambah @wiranto1947 @DivHumas_Polri @wikuadisasmito @ridwankamil @ganjarpranowo @aniesbaswedan @KhofifahIP @EmilDardak @mprgoid @DPR_RI @TjahjantoHadi @setkabgoid @Menlu_RI @ditjen_imigrasi @KemenkeuRI @kemkominfo @kempanrb @kemenkomarves @KemnakerRI @KemenBUMN @KSPgoid @OmbudsmanRI137 @Pemkab_Malang @PemkotMalang @DKIJakarta @gubernur_bali @JatimPemprov @dewantirumpoko @ganisrumpoko @Mundjidah_Wahab @Dr_Moeldoko @dinkesjatim @monicanirmala @BudiGSadikin @samsutiaji @dewinaisyah GER only nice to muslims+criminals=ask them to make win+safe(not me that U treat worse than sh*)#Refugees 2015 arrived,soon citizen;I &gt;25yr NEVER GER+U MOB+RUIN;my prayer F1+#GrandSlams+#WC2014++#1stWAVE RoleModel my idea+Verdienstorden f.others=Pray self https://t.co/qDoRAtc692.	2.968711
Wed Mar 31 02:15:31 +0000 2021	@jokowi @KemenkesRI @DrTedros @Kiyai_MarufAmin @mohmahfudmd @muhadjir_ef @kemendagri @fadjroeL @Kemlu_RI @basuki_btp @erickthohir @tjahjo_kumolo @airlangga_hrt @sumrambah @wiranto1947 @DivHumas_Polri @wikuadisasmito @ridwankamil @ganjarpranowo @aniesbaswedan @KhofifahIP @EmilDardak @mprgoid @DPR_RI @TjahjantoHadi @setkabgoid @Menlu_RI @ditjen_imigrasi @KemenkeuRI @kemkominfo @kempanrb @kemenkomarves @KemnakerRI @KemenBUMN @KSPgoid @OmbudsmanRI137 @Pemkab_Malang @PemkotMalang @DKIJakarta @gubernur_bali @JatimPemprov @dewantirumpoko @ganisrumpoko @Mundjidah_Wahab @Dr_Moeldoko @dinkesjatim @monicanirmala @BudiGSadikin @samsutiaji @dewinaisyah I only wrote no Durian,Petai+no alcohol etc if U dont want to get positive #GeNose result,since RI use GeNose,but I NEVER ADVISE U to use GeNose f. airplane etc,but RI always look for problems,why Pilkada,now GeNose etc to spread than kill virus=RI never serious+VIRUS FAKE DOWN🤬	2.8543248
Wed Mar 31 02:18:51 +0000 2021	@jokowi @saidaqil @susipudjiastuti @ruhutsitompul @psi_id @grace_nat @TsamaraDKI @PDI_Perjuangan @msoekarnoputri @ganjarpranowo @airlangga_hrt @Golkar5 @aburizalbakrie @NasDem @PartaiPerindo @DPP_PKB @cakimiNOW @edo751945 @pkp_ind @dHendropriyono @KemensetnegRI @mrtjakarta @kemenhub151 @BaleBengong @PBIDI @dinkesjateng @Tri_Rismaharini @GibranRakabumi @bobbynst @Ayangkahiyang @markobar1996 @SangPisang2017 @JokowiCentre @AhokDjarot @temanahok_id @AriWibowo_Ofc @addiems @agnezmo @Dennysiregar7 @WHO @dinkesJKT @detikcom @kompascom @drpriono1 @drdickybudiman @dewinaisyah @kaesangp @instagram @desrapercaya09 @dewantirumpoko I only wrote no Durian,Petai+no alcohol etc if U dont want to get positive #GeNose result,since RI use GeNose,but I NEVER ADVISE U to use GeNose f. airplane etc,but RI always look for problems,why Pilkada,now GeNose etc to spread than kill virus=RI never serious+VIRUS FAKE DOWN🤬	2.8543248
Sat Apr 10 21:31:31 +0000 2021	My deepest condolences on the passing of HRH Prince Philip, the Duke of Edinburgh. Our thoughts and prayers are with Her Majesty Queen Elizabeth II, the Royal Family and the British people in this time of sorrow.	2.8013017
Sun Apr 04 21:32:27 +0000 2021	@jokowi 40 busses in fire(ah* church mobber there)+#VfL women OUT #Championsleague+trains derailed(ah* mobs applic from there)+GER many virus+INA many Covid19 dead+explosion+bomb+attack+crash++God angry,U/INA ah* let FOLK DIE+why mob my IG warn about #AstraZeneca https://t.co/5OfRcQJ4RR.	2.7932925
Sun Apr 04 21:34:34 +0000 2021	@jokowi @saidaqil @susipudjiastuti @ruhutsitompul @psi_id @grace_nat @TsamaraDKI @PDI_Perjuangan @msoekarnoputri @ganjarpranowo @airlangga_hrt @Golkar5 @aburizalbakrie @NasDem @PartaiPerindo @DPP_PKB @cakimiNOW @edo751945 @pkp_ind @dHendropriyono @KemensetnegRI @mrtjakarta @kemenhub151 @BaleBengong @PBIDI @dinkesjateng @Tri_Rismaharini @GibranRakabumi @bobbynst @Ayangkahiyang @markobar1996 @SangPisang2017 @JokowiCentre @AhokDjarot @temanahok_id @AriWibowo_Ofc @addiems @agnezmo @Dennysiregar7 @WHO @dinkesJKT @detikcom @kompascom @drpriono1 @drdickybudiman @dewinaisyah @kaesangp @instagram @desrapercaya09 @dewantirumpoko 40 busses in fire(ah* church mobber there)+#VfL women OUT #Championsleague+trains derailed(ah* mobs applic from there)+GER many virus+INA many Covid19 dead+explosion+bomb+attack+crash++God angry,U/INA ah* let FOLK DIE+why mob my IG warn about #AstraZeneca https://t.co/5OfRcQJ4RR.	1.8962736
Sun Apr 04 21:34:21 +0000 2021	@jokowi @KemenkesRI @DrTedros @Kiyai_MarufAmin @mohmahfudmd @muhadjir_ef @kemendagri @fadjroeL @Kemlu_RI @basuki_btp @erickthohir @tjahjo_kumolo @airlangga_hrt @sumrambah @wiranto1947 @DivHumas_Polri @wikuadisasmito @ridwankamil @ganjarpranowo @aniesbaswedan @KhofifahIP @EmilDardak @mprgoid @DPR_RI @TjahjantoHadi @setkabgoid @Menlu_RI @ditjen_imigrasi @KemenkeuRI @kemkominfo @kempanrb @kemenkomarves @KemnakerRI @KemenBUMN @KSPgoid @OmbudsmanRI137 @Pemkab_Malang @PemkotMalang @DKIJakarta @gubernur_bali @JatimPemprov @dewantirumpoko @ganisrumpoko @Mundjidah_Wahab @Dr_Moeldoko @dinkesjatim @monicanirmala @BudiGSadikin @samsutiaji @dewinaisyah 40 busses in fire(ah* church mobber there)+#VfL women OUT #Championsleague+trains derailed(ah* mobs applic from there)+GER many virus+INA many Covid19 dead+explosion+bomb+attack+crash++God angry,U/INA ah* let FOLK DIE+why mob my IG warn about #AstraZeneca https://t.co/5OfRcQJ4RR.	1.8962736
Wed Mar 31 14:21:11 +0000 2021	@jokowi @saidaqil @susipudjiastuti @ruhutsitompul @psi_id @grace_nat @TsamaraDKI @PDI_Perjuangan @msoekarnoputri @ganjarpranowo @airlangga_hrt @Golkar5 @aburizalbakrie @NasDem @PartaiPerindo @DPP_PKB @cakimiNOW @edo751945 @pkp_ind @dHendropriyono @KemensetnegRI @mrtjakarta @kemenhub151 @BaleBengong @PBIDI @dinkesjateng @Tri_Rismaharini @GibranRakabumi @bobbynst @Ayangkahiyang @markobar1996 @SangPisang2017 @JokowiCentre @AhokDjarot @temanahok_id @AriWibowo_Ofc @addiems @agnezmo @Dennysiregar7 @WHO @dinkesJKT @detikcom @kompascom @drpriono1 @drdickybudiman @dewinaisyah @kaesangp @instagram @desrapercaya09 @dewantirumpoko I NEVER GER thx #CDU+#FDP BW-&gt;lost election 2011.SPD BW crueler+made me NEVER GER-&gt;VfB no luck since 2013+2x relegated+terrors where TUR GER mobber came from-&gt;CDU BW gov+Stuttgart #CDU mayor.#Grüne never help-&gt;#Kretschmann accident+wife cancer++God angry😝https://t.co/ovF9SCyIK7.	1.6852832
Wed Mar 31 14:21:27 +0000 2021	@jokowi @KemenkesRI @DrTedros @Kiyai_MarufAmin @mohmahfudmd @muhadjir_ef @kemendagri @fadjroeL @Kemlu_RI @basuki_btp @erickthohir @tjahjo_kumolo @airlangga_hrt @sumrambah @wiranto1947 @DivHumas_Polri @wikuadisasmito @ridwankamil @ganjarpranowo @aniesbaswedan @KhofifahIP @EmilDardak @mprgoid @DPR_RI @TjahjantoHadi @setkabgoid @Menlu_RI @ditjen_imigrasi @KemenkeuRI @kemkominfo @kempanrb @kemenkomarves @KemnakerRI @KemenBUMN @KSPgoid @OmbudsmanRI137 @Pemkab_Malang @PemkotMalang @DKIJakarta @gubernur_bali @JatimPemprov @dewantirumpoko @ganisrumpoko @Mundjidah_Wahab @Dr_Moeldoko @dinkesjatim @monicanirmala @BudiGSadikin @samsutiaji @dewinaisyah I NEVER GER thx #CDU+#FDP BW-&gt;lost election 2011.SPD BW crueler+made me NEVER GER-&gt;VfB no luck since 2013+2x relegated+terrors where TUR GER mobber came from-&gt;CDU BW gov+Stuttgart #CDU mayor.#Grüne never help-&gt;#Kretschmann accident+wife cancer++God angry😝https://t.co/ovF9SCyIK7.	1.6852832
