created_at	text	_score
Thu Apr 08 01:22:09 +0000 2021	@jokowi info 4 comparative study management of state financial INDONESIA.IMPROVEMENT 4 A BETTERNESS.MERDEKA76🇮🇩🇮🇩 https://t.co/GRxHppqrwc	151.60168
Wed Apr 07 06:40:25 +0000 2021	@jokowi Kesuwen le ngareng, mbah  From concept to reality, here's how GCK Energy brought the vision for a sustainable Dakar bivouac to life in Saudi Arabia - the first step towards a fully green bivouac by 2024 🌱  @socomec_group | @DTRenewables | @dakar https://t.co/17js0ptvUw	145.1862
Sun Apr 04 21:19:53 +0000 2021	@jokowi USA products did GER/INA ah* order to mob,USA no luck+OUT tennis,capitol+INA Pres.palace+police headquarter got attack,oil explosion,plane crash,bomb,AllEngland,etc+40 GER busses in fire(MILLIONS EUR damage)+trains derailed++coz ah* mob my Instagram/GMail https://t.co/8rEdCI0CFs.	98.80449
Wed Mar 31 00:45:19 +0000 2021	@jokowi I think time has come to show the world that Indonesia is capable with its political and if necessary, it's military power, to take over responsibility for ASEAN's countries to protect democracy values in this part of the world. #MyanmarMilitaryCoup	67.8911
Sun Apr 04 15:52:34 +0000 2021	@jokowi Debt trap	66.87152
Mon Apr 05 06:01:13 +0000 2021	@jokowi @aniesbaswedan you need to create or buy this stuff. it will help us to clean our environtment	63.064003
Thu Apr 08 23:58:00 +0000 2021	@jokowi correct your agent,do not sell by cheating,customers want to save why are they given insurance,strong evidence of crime remains dodgy,so the police report is still the best @AXA_Mandiri @bankmandiri @JulienSteimer @andreOPA @AXAFrance @AXA @AXASegurosEs @AXAIndonesia @AXAHealth	55.40304
Thu Apr 08 03:19:36 +0000 2021	@jokowi I'm going to donate my organs because I don't have any hope for future and my life destroyed and I can't suffer anymore For 7 years I have been in Indonesia as a refugee but UNHCR do nothing for me.I hope I can help with sick person. UNHCR just look how refugees kill themselves.	53.976967
Fri Apr 02 20:02:23 +0000 2021	@jokowi cq dr hasto wardoyo.KAM PANYE 1 MAX 2 https://t.co/iG9xaKH01L HENTI NO https://t.co/cBKKU4wy17.KORAN https://t.co/V4P3MptrIf.USA 330 jt.geland https://t.co/Vfm4OoUDhw NOT WANT LIKE INDIA OR CHINA 1.4BILLION. how to feed.shelter/housing.jobs? kumaha?🙃🙃🙃🙃🙃🇮🇩🇮🇩🇮🇩	49.818165
Fri Apr 02 12:40:43 +0000 2021	@jokowi How beautiful 😍 future Indonesia 🇮🇩❤️🤍	44.766983
Fri Apr 02 13:59:26 +0000 2021	@jokowi Future Indonesia. Awesome!	44.41764
Wed Apr 07 02:29:39 +0000 2021	@jokowi punten, with all due respect, ... it looks OTT, outdated, monument-ish, scream safety risk, campy and norak ... 🤭🤣🤣🤣 #whatwereuthinking	43.085564
Fri Apr 09 01:03:09 +0000 2021	@jokowi Dear Mr @jokowi As a refugee I'm thanking you for your cooperation with the @UNHCRIndo for providing shelter and kept us safe in your country but as you know it has been more than 13 years now I can't work or study. I will be greatful if you can help me get a working license.	40.88233
Sun Apr 04 07:15:31 +0000 2021	@jokowi open the school!	39.755615
Fri Apr 02 07:37:22 +0000 2021	@jokowi @my___nadreeaa 🇮🇳ＯＰＰＡＢＥＴ🇮🇳ＯＰＰＡＢＥＴ🇮🇳 ⚡The Best Online Casino in Asia⚡  🔥 GET 75 FREE SPINS everyday! 🔥 ❌ NO DEPOSITS REQUIRED! ❌  ⭐️ Play all 𝗢𝗣𝗣𝗔𝗕𝗘𝗧 games and win! ⭐️  🌐 𝙍𝙀𝙂𝙄𝙎𝙏𝙀𝙍: https://t.co/IO5a89wjaQ Our 24 hours LIVE CHAT is here to help you! https://t.co/h6Bltojo6i	39.441486
Sun Apr 04 21:14:18 +0000 2021	@jokowi @saidaqil @susipudjiastuti @ruhutsitompul @psi_id @grace_nat @TsamaraDKI @PDI_Perjuangan @msoekarnoputri @ganjarpranowo @airlangga_hrt @Golkar5 @aburizalbakrie @NasDem @PartaiPerindo @DPP_PKB @cakimiNOW @edo751945 @pkp_ind @dHendropriyono @KemensetnegRI @mrtjakarta @kemenhub151 @BaleBengong @PBIDI @dinkesjateng @Tri_Rismaharini @GibranRakabumi @bobbynst @Ayangkahiyang @markobar1996 @SangPisang2017 @JokowiCentre @AhokDjarot @temanahok_id @AriWibowo_Ofc @addiems @agnezmo @Dennysiregar7 @WHO @dinkesJKT @detikcom @kompascom @drpriono1 @drdickybudiman @dewinaisyah @kaesangp @instagram @desrapercaya09 @dewantirumpoko USA products did GER/INA ah* order to mob,USA no luck+OUT tennis,capitol+INA Pres.palace+police headquarter got attack,oil explosion,plane crash,bomb,AllEngland,etc+40 GER busses in fire(MILLIONS EUR damage)+trains derailed++coz ah* mob my Instagram/GMail https://t.co/8rEdCI0CFs.	36.32252
Tue Apr 06 12:55:01 +0000 2021	@jokowi @nadiemmakarim pls open the school 🥲	36.100704
Sun Apr 04 19:51:56 +0000 2021	@jokowi @saidaqil @susipudjiastuti @ruhutsitompul @psi_id @grace_nat @TsamaraDKI @PDI_Perjuangan @msoekarnoputri @ganjarpranowo @airlangga_hrt @Golkar5 @aburizalbakrie @NasDem @PartaiPerindo @DPP_PKB @cakimiNOW @edo751945 @pkp_ind @dHendropriyono @KemensetnegRI @mrtjakarta @kemenhub151 @BaleBengong @PBIDI @dinkesjateng @Tri_Rismaharini @GibranRakabumi @bobbynst @Ayangkahiyang @markobar1996 @SangPisang2017 @JokowiCentre @AhokDjarot @temanahok_id @AriWibowo_Ofc @addiems @agnezmo @Dennysiregar7 @WHO @dinkesJKT @detikcom @kompascom @drpriono1 @drdickybudiman @dewinaisyah @kaesangp @instagram @desrapercaya09 @dewantirumpoko Karma,USA Capitol+INA police headquarter got attack,bomb,plane crash,Badminton+#AllEngland unlucks etc,GER church ah* mob #GMail+INA ah* mob IG LuckyBlessedMe,only coz I warned all s.t.NONE RIP after #AstraZeneca,why God backs innocent me that tried to save lives,U let people die	34.573395
Wed Mar 31 21:57:40 +0000 2021	@jokowi @saidaqil @susipudjiastuti @ruhutsitompul @psi_id @grace_nat @TsamaraDKI @PDI_Perjuangan @msoekarnoputri @ganjarpranowo @airlangga_hrt @Golkar5 @aburizalbakrie @NasDem @PartaiPerindo @DPP_PKB @cakimiNOW @edo751945 @pkp_ind @dHendropriyono @KemensetnegRI @mrtjakarta @kemenhub151 @BaleBengong @PBIDI @dinkesjateng @Tri_Rismaharini @GibranRakabumi @bobbynst @Ayangkahiyang @markobar1996 @SangPisang2017 @JokowiCentre @AhokDjarot @temanahok_id @AriWibowo_Ofc @addiems @agnezmo @Dennysiregar7 @WHO @dinkesJKT @detikcom @kompascom @drpriono1 @drdickybudiman @dewinaisyah @kaesangp @instagram @desrapercaya09 @dewantirumpoko #AllEngland mobbing to INA team is nothing+even not 1% GER sadism+racism to me+why I can manage pandemic(U cant)coz GER more sadistic than Nazi to me-&gt;stainless steel nervs++U easily lost mind+a bit a bit suicide,GER+EU no future like BabaVanga prediction https://t.co/Z3LsLg9flq.	34.003704
Mon Apr 05 06:39:05 +0000 2021	@jokowi  World's Top 10 Export Products?  https://t.co/0WizAMKY1e (Share &amp; subscribe valuable video) Worlds Top 30 Export Products? https://t.co/Ikw1SAKNq9 Worlds Top Exporting Countries? https://t.co/ygx6pN8b8h World's Top  Importing Countries? https://t.co/cBuu23sdbj	33.682125
Sun Apr 04 21:14:03 +0000 2021	@jokowi @KemenkesRI @DrTedros @Kiyai_MarufAmin @mohmahfudmd @muhadjir_ef @kemendagri @fadjroeL @Kemlu_RI @basuki_btp @erickthohir @tjahjo_kumolo @airlangga_hrt @sumrambah @wiranto1947 @DivHumas_Polri @wikuadisasmito @ridwankamil @ganjarpranowo @aniesbaswedan @KhofifahIP @EmilDardak @mprgoid @DPR_RI @TjahjantoHadi @setkabgoid @Menlu_RI @ditjen_imigrasi @KemenkeuRI @kemkominfo @kempanrb @kemenkomarves @KemnakerRI @KemenBUMN @KSPgoid @OmbudsmanRI137 @Pemkab_Malang @PemkotMalang @DKIJakarta @gubernur_bali @JatimPemprov @dewantirumpoko @ganisrumpoko @Mundjidah_Wahab @Dr_Moeldoko @dinkesjatim @monicanirmala @BudiGSadikin @samsutiaji @dewinaisyah USA products did GER/INA ah* order to mob,USA no luck+OUT tennis,capitol+INA Pres.palace+police headquarter got attack,oil explosion,plane crash,bomb,AllEngland,etc+40 GER busses in fire(MILLIONS EUR damage)+trains derailed++coz ah* mob my Instagram/GMail https://t.co/8rEdCI0CFs.	32.209824
Sun Apr 04 19:52:11 +0000 2021	@jokowi @KemenkesRI @DrTedros @Kiyai_MarufAmin @mohmahfudmd @muhadjir_ef @kemendagri @fadjroeL @Kemlu_RI @basuki_btp @erickthohir @tjahjo_kumolo @airlangga_hrt @sumrambah @wiranto1947 @DivHumas_Polri @wikuadisasmito @ridwankamil @ganjarpranowo @aniesbaswedan @KhofifahIP @EmilDardak @mprgoid @DPR_RI @TjahjantoHadi @setkabgoid @Menlu_RI @ditjen_imigrasi @KemenkeuRI @kemkominfo @kempanrb @kemenkomarves @KemnakerRI @KemenBUMN @KSPgoid @OmbudsmanRI137 @Pemkab_Malang @PemkotMalang @DKIJakarta @gubernur_bali @JatimPemprov @dewantirumpoko @ganisrumpoko @Mundjidah_Wahab @Dr_Moeldoko @dinkesjatim @monicanirmala @BudiGSadikin @samsutiaji @dewinaisyah Karma,USA Capitol+INA police headquarter got attack,bomb,plane crash,Badminton+#AllEngland unlucks etc,GER church ah* mob #GMail+INA ah* mob IG LuckyBlessedMe,only coz I warned all s.t.NONE RIP after #AstraZeneca,why God backs innocent me that tried to save lives,U let people die	30.460697
Wed Mar 31 21:57:26 +0000 2021	@jokowi @KemenkesRI @DrTedros @Kiyai_MarufAmin @mohmahfudmd @muhadjir_ef @kemendagri @fadjroeL @Kemlu_RI @basuki_btp @erickthohir @tjahjo_kumolo @airlangga_hrt @sumrambah @wiranto1947 @DivHumas_Polri @wikuadisasmito @ridwankamil @ganjarpranowo @aniesbaswedan @KhofifahIP @EmilDardak @mprgoid @DPR_RI @TjahjantoHadi @setkabgoid @Menlu_RI @ditjen_imigrasi @KemenkeuRI @kemkominfo @kempanrb @kemenkomarves @KemnakerRI @KemenBUMN @KSPgoid @OmbudsmanRI137 @Pemkab_Malang @PemkotMalang @DKIJakarta @gubernur_bali @JatimPemprov @dewantirumpoko @ganisrumpoko @Mundjidah_Wahab @Dr_Moeldoko @dinkesjatim @monicanirmala @BudiGSadikin @samsutiaji @dewinaisyah #AllEngland mobbing to INA team is nothing+even not 1% GER sadism+racism to me+why I can manage pandemic(U cant)coz GER more sadistic than Nazi to me-&gt;stainless steel nervs++U easily lost mind+a bit a bit suicide,GER+EU no future like BabaVanga prediction https://t.co/Z3LsLgqQK0.	29.891006
Fri Apr 09 09:33:31 +0000 2021	@jokowi cryptocurrency VANCAT https://t.co/lxboLCxYgM   please help discuss the future project and its fundamentals. Please help 🙏🙏🙏	28.84341
Sat Apr 10 09:07:04 +0000 2021	@jokowi First of Her Name, the Unburnt, Queen of the Andals and the First Men, Khaleesi of the Great Grass Sea, Breaker of Chains, and Mother of Dragons .. Dracarys	23.506203
Wed Mar 31 02:25:05 +0000 2021	@jokowi I treat U as KING+QUEEN why wrote EXTRA f.U,s.t.U get updates+tips,but U even mob Instagram etc,Karma,AllEngland unluck,Makassar bomb etc,coz U made me busy only,so God to U,same,God is love,but fair+not idiot+from now on read self https://t.co/LEJ20RnCv9 https://t.co/J3AUIJqla7.	22.63927
Fri Apr 02 02:57:16 +0000 2021	@jokowi ISLAMIC INTRO | 15 VIDEO NON TEXT &amp; LOGO  https://t.co/6VE8wy0RZq	21.972559
Mon Apr 05 12:21:48 +0000 2021	@jokowi #AstraZeneca safe f.&gt;60yr old?DUNNO!UK+India etc careless=even if dead,won't know,they dont check,but MANY MORE YOUNG PEOPLE DEAD after AstraZeneca,GER+NED++STOP f.&lt;60+prepare #IMMUNGLOBULINE/medicine vs #Sinusthrombose in advance+USA DONT use AstraZeneca https://t.co/yozOPKMXBQ.	20.169006
Wed Mar 31 02:48:28 +0000 2021	@jokowi I treat U as KING+QUEEN-&gt;wrote EXTRA f.U updates+tips.Karma,GER forever lockdown+INA AllEngland unluck,Makassar bomb++,mob/kill soc med=ruin reputation+made busy only+so God to U,God is love,but fair+not idiot+from now on read self https://t.co/LEJ20R616z https://t.co/J3AUIJHW1F.	19.813337
Sat Apr 10 17:42:11 +0000 2021	@jokowi I am sorry my student. I go don't tell you and i don't know i be back again course this is advice my father to go	19.329374
Wed Mar 31 02:25:16 +0000 2021	@jokowi @saidaqil @susipudjiastuti @ruhutsitompul @psi_id @grace_nat @TsamaraDKI @PDI_Perjuangan @msoekarnoputri @ganjarpranowo @airlangga_hrt @Golkar5 @aburizalbakrie @NasDem @PartaiPerindo @DPP_PKB @cakimiNOW @edo751945 @pkp_ind @dHendropriyono @KemensetnegRI @mrtjakarta @kemenhub151 @BaleBengong @PBIDI @dinkesjateng @Tri_Rismaharini @GibranRakabumi @bobbynst @Ayangkahiyang @markobar1996 @SangPisang2017 @JokowiCentre @AhokDjarot @temanahok_id @AriWibowo_Ofc @addiems @agnezmo @Dennysiregar7 @WHO @dinkesJKT @detikcom @kompascom @drpriono1 @drdickybudiman @dewinaisyah @kaesangp @instagram @desrapercaya09 @dewantirumpoko I treat U as KING+QUEEN why wrote EXTRA f.U,s.t.U get updates+tips,but U even mob Instagram etc,Karma,AllEngland unluck,Makassar bomb etc,coz U made me busy only,so God to U,same,God is love,but fair+not idiot+from now on read self https://t.co/LEJ20RnCv9 https://t.co/J3AUIJqla7.	18.190727
Wed Mar 31 02:48:07 +0000 2021	@jokowi @saidaqil @susipudjiastuti @ruhutsitompul @psi_id @grace_nat @TsamaraDKI @PDI_Perjuangan @msoekarnoputri @ganjarpranowo @airlangga_hrt @Golkar5 @aburizalbakrie @NasDem @PartaiPerindo @DPP_PKB @cakimiNOW @edo751945 @pkp_ind @dHendropriyono @KemensetnegRI @mrtjakarta @kemenhub151 @BaleBengong @PBIDI @dinkesjateng @Tri_Rismaharini @GibranRakabumi @bobbynst @Ayangkahiyang @markobar1996 @SangPisang2017 @JokowiCentre @AhokDjarot @temanahok_id @AriWibowo_Ofc @addiems @agnezmo @Dennysiregar7 @WHO @dinkesJKT @detikcom @kompascom @drpriono1 @drdickybudiman @dewinaisyah @kaesangp @instagram @desrapercaya09 @dewantirumpoko I treat U as KING+QUEEN-&gt;wrote EXTRA f.U updates+tips.Karma,GER forever lockdown+INA AllEngland unluck,Makassar bomb++,mob/kill soc med=ruin reputation+made busy only+so God to U,God is love,but fair+not idiot+from now on read self https://t.co/LEJ20R616z https://t.co/J3AUIJHW1F.	18.093544
Wed Mar 31 20:23:48 +0000 2021	@jokowi the only one G0D is the GOD for moslem.christian.budhist. hindu eventhough the unbeliever. Ever talk to a priest cq.a late son in law of Gudang Garam.The catholic thinkers.conclution GOD IS LOVE. no form like King or others. peace no hate.war or brainwash ☻😼👨‍🔧👩‍🚒❤❤❤	17.803495
Sat Apr 10 12:47:31 +0000 2021	@jokowi Good job 👍	17.566807
Sun Apr 04 21:48:09 +0000 2021	@jokowi GER heard me about #AstraZeneca+my Instagram posts mainly written in INA-&gt;suspects mob my Instagram #Satgas/#Kemenkes/#Wiku etc that mob me since Jul 2020 why I complain.But Ganis+Dewanti even block+why #Arema out etc,coz U back mobbers,if block than help https://t.co/0Nkga0sUuB.	16.008556
Fri Apr 09 00:22:25 +0000 2021	@jokowi Safe flight, mr. President 🙏	15.759456
Thu Apr 01 15:01:22 +0000 2021	@jokowi After 44 days of nightly internet cut off, 16 days of total mobile internet shutdown, brutals has again issued to ban the wireless internet from today on. Junta is trying to murder us all in the blind of the world. #InternetShutDown #Apr1Coup  #WhatsHappeningInMyanmar	15.458255
Mon Apr 05 14:38:21 +0000 2021	@jokowi @BudiGSadikin Is it better to give more people partial protection from COVID-19, or maximum protection to fewer people?   As limited supplies of vaccines begin rolling out in parts of the world, some experts are suggesting authorities go against the recommended vaccine sc	15.458255
Fri Apr 02 13:21:26 +0000 2021	@jokowi Pak,form follow function Pak...	15.323518
Sun Apr 04 21:47:15 +0000 2021	@jokowi @saidaqil @susipudjiastuti @ruhutsitompul @psi_id @grace_nat @TsamaraDKI @PDI_Perjuangan @msoekarnoputri @ganjarpranowo @airlangga_hrt @Golkar5 @aburizalbakrie @NasDem @PartaiPerindo @DPP_PKB @cakimiNOW @edo751945 @pkp_ind @dHendropriyono @KemensetnegRI @mrtjakarta @kemenhub151 @BaleBengong @PBIDI @dinkesjateng @Tri_Rismaharini @GibranRakabumi @bobbynst @Ayangkahiyang @markobar1996 @SangPisang2017 @JokowiCentre @AhokDjarot @temanahok_id @AriWibowo_Ofc @addiems @agnezmo @Dennysiregar7 @WHO @dinkesJKT @detikcom @kompascom @drpriono1 @drdickybudiman @dewinaisyah @kaesangp @instagram @desrapercaya09 @dewantirumpoko GER heard me about #AstraZeneca+my Instagram posts mainly written in INA-&gt;suspects mob my Instagram #Satgas/#Kemenkes/#Wiku etc that mob me since Jul 2020 why I complain.But Ganis+Dewanti even block+why #Arema out etc,coz U back mobbers,if block than help https://t.co/0Nkga0sUuB.	15.194581
Sat Apr 10 21:31:31 +0000 2021	My deepest condolences on the passing of HRH Prince Philip, the Duke of Edinburgh. Our thoughts and prayers are with Her Majesty Queen Elizabeth II, the Royal Family and the British people in this time of sorrow.	14.683106
Wed Mar 31 02:24:37 +0000 2021	@jokowi @KemenkesRI @DrTedros @Kiyai_MarufAmin @mohmahfudmd @muhadjir_ef @kemendagri @fadjroeL @Kemlu_RI @basuki_btp @erickthohir @tjahjo_kumolo @airlangga_hrt @sumrambah @wiranto1947 @DivHumas_Polri @wikuadisasmito @ridwankamil @ganjarpranowo @aniesbaswedan @KhofifahIP @EmilDardak @mprgoid @DPR_RI @TjahjantoHadi @setkabgoid @Menlu_RI @ditjen_imigrasi @KemenkeuRI @kemkominfo @kempanrb @kemenkomarves @KemnakerRI @KemenBUMN @KSPgoid @OmbudsmanRI137 @Pemkab_Malang @PemkotMalang @DKIJakarta @gubernur_bali @JatimPemprov @dewantirumpoko @ganisrumpoko @Mundjidah_Wahab @Dr_Moeldoko @dinkesjatim @monicanirmala @BudiGSadikin @samsutiaji @dewinaisyah I treat U as KING+QUEEN why wrote EXTRA f.U,s.t.U get updates+tips,but U even mob Instagram etc,Karma,AllEngland unluck,Makassar bomb etc,coz U made me busy only,so God to U,same,God is love,but fair+not idiot+from now on read self https://t.co/LEJ20RnCv9 https://t.co/J3AUIJqla7.	14.286966
Wed Mar 31 02:47:12 +0000 2021	@jokowi @KemenkesRI @DrTedros @Kiyai_MarufAmin @mohmahfudmd @muhadjir_ef @kemendagri @fadjroeL @Kemlu_RI @basuki_btp @erickthohir @tjahjo_kumolo @airlangga_hrt @sumrambah @wiranto1947 @DivHumas_Polri @wikuadisasmito @ridwankamil @ganjarpranowo @aniesbaswedan @KhofifahIP @EmilDardak @mprgoid @DPR_RI @TjahjantoHadi @setkabgoid @Menlu_RI @ditjen_imigrasi @KemenkeuRI @kemkominfo @kempanrb @kemenkomarves @KemnakerRI @KemenBUMN @KSPgoid @OmbudsmanRI137 @Pemkab_Malang @PemkotMalang @DKIJakarta @gubernur_bali @JatimPemprov @dewantirumpoko @ganisrumpoko @Mundjidah_Wahab @Dr_Moeldoko @dinkesjatim @monicanirmala @BudiGSadikin @samsutiaji @dewinaisyah I treat U as KING+QUEEN-&gt;wrote EXTRA f.U updates+tips.Karma,GER forever lockdown+INA AllEngland unluck,Makassar bomb++,mob/kill soc med=ruin reputation+made busy only+so God to U,God is love,but fair+not idiot+from now on read self https://t.co/LEJ20RnCv9 https://t.co/J3AUIJqla7.	13.980846
Fri Apr 02 19:27:24 +0000 2021	@jokowi I hope the building is beautiful also strong and safe for the president.	12.578292
Sat Apr 10 06:46:14 +0000 2021	@jokowi RIP Prince Philip	12.302277
Wed Mar 31 14:35:33 +0000 2021	@jokowi @saidaqil @susipudjiastuti @ruhutsitompul @psi_id @grace_nat @TsamaraDKI @PDI_Perjuangan @msoekarnoputri @ganjarpranowo @airlangga_hrt @Golkar5 @aburizalbakrie @NasDem @PartaiPerindo @DPP_PKB @cakimiNOW @edo751945 @pkp_ind @dHendropriyono @KemensetnegRI @mrtjakarta @kemenhub151 @BaleBengong @PBIDI @dinkesjateng @Tri_Rismaharini @GibranRakabumi @bobbynst @Ayangkahiyang @markobar1996 @SangPisang2017 @JokowiCentre @AhokDjarot @temanahok_id @AriWibowo_Ofc @addiems @agnezmo @Dennysiregar7 @WHO @dinkesJKT @detikcom @kompascom @drpriono1 @drdickybudiman @dewinaisyah @kaesangp @instagram @desrapercaya09 @dewantirumpoko GER racial+hypocrites+so UK+USA+EU-&gt;ruined by God w/ MILLIONS #Covid19++;#BabaVanga:#recession+2020-25 EU empty(dead Covid19 or terrors or both?)+2043 Europe Islam continent+Rome Islam center,not catholic+radical Islamists attack EU why 2066 USA war vs EU https://t.co/ZNuKl4Dui3.	12.04285
Sat Apr 10 07:31:18 +0000 2021	@jokowi Pray for Prince Philip	11.90066
Fri Apr 09 02:23:35 +0000 2021	@jokowi Have a great job pak,,👌	11.866051
Sat Apr 10 07:42:20 +0000 2021	@jokowi RIP deep condolences Prince Philip	11.524438
Sun Apr 04 01:20:42 +0000 2021	@jokowi Smart, modern and lovely city	11.305552
Sat Apr 10 11:41:02 +0000 2021	@jokowi RIP HRH Prince Phillip 🙏🙏	11.171273
Mon Apr 05 12:24:26 +0000 2021	@jokowi @saidaqil @susipudjiastuti @ruhutsitompul @psi_id @grace_nat @TsamaraDKI @PDI_Perjuangan @msoekarnoputri @ganjarpranowo @airlangga_hrt @Golkar5 @aburizalbakrie @NasDem @PartaiPerindo @DPP_PKB @cakimiNOW @edo751945 @pkp_ind @dHendropriyono @KemensetnegRI @mrtjakarta @kemenhub151 @BaleBengong @PBIDI @dinkesjateng @Tri_Rismaharini @GibranRakabumi @bobbynst @Ayangkahiyang @markobar1996 @SangPisang2017 @JokowiCentre @AhokDjarot @temanahok_id @AriWibowo_Ofc @addiems @agnezmo @Dennysiregar7 @WHO @dinkesJKT @detikcom @kompascom @drpriono1 @drdickybudiman @dewinaisyah @kaesangp @instagram @desrapercaya09 @dewantirumpoko #AstraZeneca safe f.&gt;60yr old?DUNNO!UK+India etc careless=even if dead,won't know,they dont check,but MANY MORE YOUNG PEOPLE DEAD after AstraZeneca,GER+NED++STOP f.&lt;60+prepare #IMMUNGLOBULINE/medicine vs #Sinusthrombose in advance+USA DONT use AstraZeneca https://t.co/yozOPKMXBQ.	11.120914
Sun Apr 04 21:46:52 +0000 2021	@jokowi @KemenkesRI @DrTedros @Kiyai_MarufAmin @mohmahfudmd @muhadjir_ef @kemendagri @fadjroeL @Kemlu_RI @basuki_btp @erickthohir @tjahjo_kumolo @airlangga_hrt @sumrambah @wiranto1947 @DivHumas_Polri @wikuadisasmito @ridwankamil @ganjarpranowo @aniesbaswedan @KhofifahIP @EmilDardak @mprgoid @DPR_RI @TjahjantoHadi @setkabgoid @Menlu_RI @ditjen_imigrasi @KemenkeuRI @kemkominfo @kempanrb @kemenkomarves @KemnakerRI @KemenBUMN @KSPgoid @OmbudsmanRI137 @Pemkab_Malang @PemkotMalang @DKIJakarta @gubernur_bali @JatimPemprov @dewantirumpoko @ganisrumpoko @Mundjidah_Wahab @Dr_Moeldoko @dinkesjatim @monicanirmala @BudiGSadikin @samsutiaji @dewinaisyah GER heard me about #AstraZeneca+my Instagram posts mainly written in INA-&gt;suspects mob my Instagram #Satgas/#Kemenkes/#Wiku etc that mob me since Jul 2020 why I complain.But Ganis+Dewanti even block+why #Arema out etc,coz U back mobbers,if block than help https://t.co/0Nkga0sUuB.	11.081882
Sat Apr 10 17:32:35 +0000 2021	@jokowi Good student babe. Smoking.	11.031345
Sat Apr 10 09:05:44 +0000 2021	@jokowi sorry for the death of Prince Philip	10.839111
Fri Apr 09 23:48:05 +0000 2021	@jokowi cq.foreignmoinister.cq.japanese embassy. please hunt &amp; kill the whales for food etc.they still have a lot of different fishes to be eaten. they are God creatures.we beleive in karma.fukushima.tsunami.nuclear reactor damaged.many people died. like chernobyl.bhopal.👺👺☠☠	10.838661
Thu Apr 08 16:54:06 +0000 2021	@jokowi Dear president thanks for your concern on Myanmar. Despite over 82% voted party was taken over by Junta and now all landslide winner party NLD members parliaments are arresred across the country Including the leaders sunkyi n president win myint. Pleass take agreesive actions.	10.544571
Thu Apr 08 16:57:07 +0000 2021	@jokowi @Menlu_RI @Wahyuningrum Dear president thanks for your call on Myanmar that was taken over by Junta and now all landslide winner party NLD members parliaments are arresred across the country Including the leaders sunkyi n president win myint. Pleass take agreesive actions https://t.co/t7BOz5l86g	10.332558
Wed Mar 31 13:53:32 +0000 2021	@jokowi @saidaqil @susipudjiastuti @ruhutsitompul @psi_id @grace_nat @TsamaraDKI @PDI_Perjuangan @msoekarnoputri @ganjarpranowo @airlangga_hrt @Golkar5 @aburizalbakrie @NasDem @PartaiPerindo @DPP_PKB @cakimiNOW @edo751945 @pkp_ind @dHendropriyono @KemensetnegRI @mrtjakarta @kemenhub151 @BaleBengong @PBIDI @dinkesjateng @Tri_Rismaharini @GibranRakabumi @bobbynst @Ayangkahiyang @markobar1996 @SangPisang2017 @JokowiCentre @AhokDjarot @temanahok_id @AriWibowo_Ofc @addiems @agnezmo @Dennysiregar7 @WHO @dinkesJKT @detikcom @kompascom @drpriono1 @drdickybudiman @dewinaisyah @kaesangp @instagram @desrapercaya09 @dewantirumpoko Mar31:Mob my Instagram again,enjoy more unlucks,coward ones,why without name mob,but God knows who did it=if unlucks in INA,it means,the mobbers from there,simple,coz God knows who did it+where ah* came from,why plane crash,AllEngland unluck,Makassar bomb,etc,God angry to mobbers	10.194426
Wed Mar 31 21:50:32 +0000 2021	@jokowi @saidaqil @susipudjiastuti @ruhutsitompul @psi_id @grace_nat @TsamaraDKI @PDI_Perjuangan @msoekarnoputri @ganjarpranowo @airlangga_hrt @Golkar5 @aburizalbakrie @NasDem @PartaiPerindo @DPP_PKB @cakimiNOW @edo751945 @pkp_ind @dHendropriyono @KemensetnegRI @mrtjakarta @kemenhub151 @BaleBengong @PBIDI @dinkesjateng @Tri_Rismaharini @GibranRakabumi @bobbynst @Ayangkahiyang @markobar1996 @SangPisang2017 @JokowiCentre @AhokDjarot @temanahok_id @AriWibowo_Ofc @addiems @agnezmo @Dennysiregar7 @WHO @dinkesJKT @detikcom @kompascom @drpriono1 @drdickybudiman @dewinaisyah @kaesangp @instagram @desrapercaya09 @dewantirumpoko GER only nice to muslims+criminals=ask them to make win+safe(not me that U treat worse than sh*)#Refugees 2015 arrived,soon citizen;I &gt;25yr NEVER GER+U MOB+RUIN;my prayer F1+#GrandSlams+#WC2014++#1stWAVE RoleModel my idea+Verdienstorden f.others=Pray self https://t.co/qDoRAtc692.	10.05012
Mon Apr 05 04:22:15 +0000 2021	@jokowi @Menlu_RI @Yahoo_ID @TwitterAU @radio_nu @VIVAcoid @temponewsroom  @tvOneNews @PDI_Perjuangan.@KompasTV @TRANSTV_CORP @Metro_TV @Demokrat_TV  Any one who believes china  Country that locks up a million Muslims and tortures them have rocks in head . https://t.co/T7EQmbbaEp	9.933709
Sat Apr 10 06:42:36 +0000 2021	"@jokowi RIP Prince Philip. In Memory  ""Wind beneath my Wings"" https://t.co/m0KEM1Jrzp"	9.436242
Sat Apr 10 07:25:41 +0000 2021	@jokowi @agnezmo  VOTE INDONESIAN PRIDE   I Vote  #Agnation for #BestFanArmy at the 2021 #iHeartAwards	9.198144
Sat Apr 10 07:26:19 +0000 2021	@jokowi Goooo  @agnezmo  VOTE INDONESIAN PRIDE   I Vote  #Agnation for #BestFanArmy at the 2021 #iHeartAwards	8.971767
Sat Apr 10 07:26:44 +0000 2021	@jokowi 🍀🍀  @agnezmo  VOTE INDONESIAN PRIDE   I Vote  #Agnation for #BestFanArmy at the 2021 #iHeartAwards	8.756265
Wed Mar 31 14:49:48 +0000 2021	@jokowi @KemenkesRI @DrTedros @Kiyai_MarufAmin @mohmahfudmd @muhadjir_ef @kemendagri @fadjroeL @Kemlu_RI @basuki_btp @erickthohir @tjahjo_kumolo @airlangga_hrt @sumrambah @wiranto1947 @DivHumas_Polri @wikuadisasmito @ridwankamil @ganjarpranowo @aniesbaswedan @KhofifahIP @EmilDardak @mprgoid @DPR_RI @TjahjantoHadi @setkabgoid @Menlu_RI @ditjen_imigrasi @KemenkeuRI @kemkominfo @kempanrb @kemenkomarves @KemnakerRI @KemenBUMN @KSPgoid @OmbudsmanRI137 @Pemkab_Malang @PemkotMalang @DKIJakarta @gubernur_bali @JatimPemprov @dewantirumpoko @ganisrumpoko @Mundjidah_Wahab @Dr_Moeldoko @dinkesjatim @monicanirmala @BudiGSadikin @samsutiaji @dewinaisyah Mar31:Mob my Instagram again,enjoy more unlucks,coward ones,why without name mob,but God knows who did it=if unlucks in INA,it means,the mobbers from there,simple,coz God knows who did it+where ah* came from,why plane crash,AllEngland unluck,Makassar bomb,etc,God angry to mobbers	8.686592
Fri Apr 02 10:40:38 +0000 2021	@jokowi Hello. My name is Youngjae Yoon, a talented person in Korea. And you'll know from my following. Have a good day.	8.096634
Wed Mar 31 14:35:13 +0000 2021	@jokowi @KemenkesRI @DrTedros @Kiyai_MarufAmin @mohmahfudmd @muhadjir_ef @kemendagri @fadjroeL @Kemlu_RI @basuki_btp @erickthohir @tjahjo_kumolo @airlangga_hrt @sumrambah @wiranto1947 @DivHumas_Polri @wikuadisasmito @ridwankamil @ganjarpranowo @aniesbaswedan @KhofifahIP @EmilDardak @mprgoid @DPR_RI @TjahjantoHadi @setkabgoid @Menlu_RI @ditjen_imigrasi @KemenkeuRI @kemkominfo @kempanrb @kemenkomarves @KemnakerRI @KemenBUMN @KSPgoid @OmbudsmanRI137 @Pemkab_Malang @PemkotMalang @DKIJakarta @gubernur_bali @JatimPemprov @dewantirumpoko @ganisrumpoko @Mundjidah_Wahab @Dr_Moeldoko @dinkesjatim @monicanirmala @BudiGSadikin @samsutiaji @dewinaisyah GER racial+hypocrites+so UK+USA+EU-&gt;ruined by God w/ MILLIONS #Covid19++;#BabaVanga:#recession+2020-25 EU empty(dead Covid19 or terrors or both?)+2043 Europe Islam continent+Rome Islam center,not catholic+radical Islamists attack EU why 2066 USA war vs EU https://t.co/ZNuKl4Dui3.	7.930151
Sat Apr 10 10:32:31 +0000 2021	@jokowi *#May Prince Philip The Duke of Edinburgh Rest In Peace🇬🇧🙏From : GANI JAKARTA-INDONESIA🇮🇩🤝🇬🇧🙏*	7.817395
Thu Apr 01 16:35:01 +0000 2021	@jokowi You acknowledge that most people's religion is a radical religion except that the President has embraced it in a peaceful way	7.5321846
Mon Apr 05 12:18:10 +0000 2021	@jokowi @KemenkesRI @DrTedros @Kiyai_MarufAmin @mohmahfudmd @muhadjir_ef @kemendagri @fadjroeL @Kemlu_RI @basuki_btp @erickthohir @tjahjo_kumolo @airlangga_hrt @sumrambah @wiranto1947 @DivHumas_Polri @wikuadisasmito @ridwankamil @ganjarpranowo @aniesbaswedan @KhofifahIP @EmilDardak @mprgoid @DPR_RI @TjahjantoHadi @setkabgoid @Menlu_RI @ditjen_imigrasi @KemenkeuRI @kemkominfo @kempanrb @kemenkomarves @KemnakerRI @KemenBUMN @KSPgoid @OmbudsmanRI137 @Pemkab_Malang @PemkotMalang @DKIJakarta @gubernur_bali @JatimPemprov @dewantirumpoko @ganisrumpoko @Mundjidah_Wahab @Dr_Moeldoko @dinkesjatim @monicanirmala @BudiGSadikin @samsutiaji @dewinaisyah Is #AstraZeneca safe f.&gt;60yr old?I DUNNO!UK+India etc careless=even if dead after AstraZeneca,U won't know,they dont check,but MANY MORE YOUNG PEOPLE DEAD after AstraZeneca,GER+NED++STOP f.&lt;60+prepare #IMMUNGLOBULINE/medicine vs #Sinusthrombose in advance https://t.co/yozOPKMXBQ.	7.0082154
Mon Apr 05 12:19:20 +0000 2021	@jokowi @KemenkesRI @DrTedros @Kiyai_MarufAmin @mohmahfudmd @muhadjir_ef @kemendagri @fadjroeL @Kemlu_RI @basuki_btp @erickthohir @tjahjo_kumolo @airlangga_hrt @sumrambah @wiranto1947 @DivHumas_Polri @wikuadisasmito @ridwankamil @ganjarpranowo @aniesbaswedan @KhofifahIP @EmilDardak @mprgoid @DPR_RI @TjahjantoHadi @setkabgoid @Menlu_RI @ditjen_imigrasi @KemenkeuRI @kemkominfo @kempanrb @kemenkomarves @KemnakerRI @KemenBUMN @KSPgoid @OmbudsmanRI137 @Pemkab_Malang @PemkotMalang @DKIJakarta @gubernur_bali @JatimPemprov @dewantirumpoko @ganisrumpoko @Mundjidah_Wahab @Dr_Moeldoko @dinkesjatim @monicanirmala @BudiGSadikin @samsutiaji @dewinaisyah #AstraZeneca safe f.&gt;60yr old?DUNNO!UK+India etc careless=even if dead,won't know,they dont check,but MANY MORE YOUNG PEOPLE DEAD after AstraZeneca,GER+NED++STOP f.&lt;60+prepare #IMMUNGLOBULINE/medicine vs #Sinusthrombose in advance+USA DONT use AstraZeneca https://t.co/yozOPKMXBQ.	7.0082154
Mon Apr 05 12:32:50 +0000 2021	@jokowi @KemenkesRI @DrTedros @Kiyai_MarufAmin @mohmahfudmd @muhadjir_ef @kemendagri @fadjroeL @Kemlu_RI @basuki_btp @erickthohir @tjahjo_kumolo @airlangga_hrt @sumrambah @wiranto1947 @DivHumas_Polri @wikuadisasmito @ridwankamil @ganjarpranowo @aniesbaswedan @KhofifahIP @EmilDardak @mprgoid @DPR_RI @TjahjantoHadi @setkabgoid @Menlu_RI @ditjen_imigrasi @KemenkeuRI @kemkominfo @kempanrb @kemenkomarves @KemnakerRI @KemenBUMN @KSPgoid @OmbudsmanRI137 @Pemkab_Malang @PemkotMalang @DKIJakarta @gubernur_bali @JatimPemprov @dewantirumpoko @ganisrumpoko @Mundjidah_Wahab @Dr_Moeldoko @dinkesjatim @monicanirmala @BudiGSadikin @samsutiaji @dewinaisyah #AstraZeneca safe f.&gt;60yr old?DUNNO!UK+India etc CARELESS=even if DEAD,won't know,they DONT CHECK.But MANY MORE YOUNG PEOPLE DEAD after AstraZeneca,GER+NED++STOP f.&lt;60+prepare #IMMUNGLOBULINE/medicine vs #Sinusthrombose IN ADVANCE+USA DONT use AstraZeneca https://t.co/yozOPKMXBQ.	7.0082154
Sat Apr 03 03:17:06 +0000 2021	@jokowi Mandalika problems: talk is cheap (and easy), action costs  https://t.co/AxccEF8cN4	6.983894
Wed Mar 31 06:50:45 +0000 2021	@jokowi @Menlu_RI @temponewsroom @tvOneNews @Yahoo_ID @TwitterID @MuslimsDwnUnder @AMPalestine @StateDept @dfat Nothing to see here. People and some media outlets believe the Chinese communist party. A party who denies the locking up of 1 million Muslims ?https://t.co/d7lsZjaby6	6.7204895
Sat Apr 03 12:38:41 +0000 2021	@jokowi  If we close eyes for being plundered the sovereignty of  Myanmar by coup junta,military of chief in region will get chances to imitate modernize ways of coups .So,each ASEAN counties  should prevent which no military general try to be attainable the state power. https://t.co/vmgWFrMLbg	6.7043552
Sun Apr 04 20:59:56 +0000 2021	@jokowi tcook@apple.com is added to my sending email address list yesterday.  https://t.co/4KWxXVbuED	6.657501
Sat Apr 10 01:43:54 +0000 2021	@jokowi I'm so proud and Indonesia is proud to have a president like you, Pak Jokowi. Through that photo i felt that heartbreak. Send my condolences to my bro/sist in NTT	6.4028826
Sat Apr 03 03:10:09 +0000 2021	@jokowi @jokowi Mandalika problems: talk is cheap, action cost. https://t.co/AxccEF8cN4 #jakpost #Reuters https://t.co/DsS8dZXMAo	6.3286204
Wed Mar 31 21:28:15 +0000 2021	@jokowi @saidaqil @susipudjiastuti @ruhutsitompul @psi_id @grace_nat @TsamaraDKI @PDI_Perjuangan @msoekarnoputri @ganjarpranowo @airlangga_hrt @Golkar5 @aburizalbakrie @NasDem @PartaiPerindo @DPP_PKB @cakimiNOW @edo751945 @pkp_ind @dHendropriyono @KemensetnegRI @mrtjakarta @kemenhub151 @BaleBengong @PBIDI @dinkesjateng @Tri_Rismaharini @GibranRakabumi @bobbynst @Ayangkahiyang @markobar1996 @SangPisang2017 @JokowiCentre @AhokDjarot @temanahok_id @AriWibowo_Ofc @addiems @agnezmo @Dennysiregar7 @WHO @dinkesJKT @detikcom @kompascom @drpriono1 @drdickybudiman @dewinaisyah @kaesangp @instagram @desrapercaya09 @dewantirumpoko Mar31:How can U lose vs #65,#scandal🤣GER much worse than my expectation+that coz ex #WorldChampion GER cheaters=toldU w/o my prayer NEVER WC2014 etc+GER still mob my GMail+today I gave up my apartment:Only leaving NRW(not GER)U lost already;if leaving GER even much unluckier😝🤣	5.992576
Wed Mar 31 21:50:18 +0000 2021	@jokowi @KemenkesRI @DrTedros @Kiyai_MarufAmin @mohmahfudmd @muhadjir_ef @kemendagri @fadjroeL @Kemlu_RI @basuki_btp @erickthohir @tjahjo_kumolo @airlangga_hrt @sumrambah @wiranto1947 @DivHumas_Polri @wikuadisasmito @ridwankamil @ganjarpranowo @aniesbaswedan @KhofifahIP @EmilDardak @mprgoid @DPR_RI @TjahjantoHadi @setkabgoid @Menlu_RI @ditjen_imigrasi @KemenkeuRI @kemkominfo @kempanrb @kemenkomarves @KemnakerRI @KemenBUMN @KSPgoid @OmbudsmanRI137 @Pemkab_Malang @PemkotMalang @DKIJakarta @gubernur_bali @JatimPemprov @dewantirumpoko @ganisrumpoko @Mundjidah_Wahab @Dr_Moeldoko @dinkesjatim @monicanirmala @BudiGSadikin @samsutiaji @dewinaisyah GER only nice to muslims+criminals=ask them to make win+safe(not me that U treat worse than sh*)#Refugees 2015 arrived,soon citizen;I &gt;25yr NEVER GER+U MOB+RUIN;my prayer F1+#GrandSlams+#WC2014++#1stWAVE RoleModel my idea+Verdienstorden f.others=Pray self https://t.co/qDoRAtc692.	5.937422
Fri Apr 09 16:55:15 +0000 2021	@jokowi Engineer to find the criminals. https://t.co/fSIu3DRCpJ	5.513529
Sat Apr 10 17:37:42 +0000 2021	@jokowi Babe of you want with me. The important thing is eat. Student.	5.2957525
Sun Apr 04 21:34:34 +0000 2021	@jokowi @saidaqil @susipudjiastuti @ruhutsitompul @psi_id @grace_nat @TsamaraDKI @PDI_Perjuangan @msoekarnoputri @ganjarpranowo @airlangga_hrt @Golkar5 @aburizalbakrie @NasDem @PartaiPerindo @DPP_PKB @cakimiNOW @edo751945 @pkp_ind @dHendropriyono @KemensetnegRI @mrtjakarta @kemenhub151 @BaleBengong @PBIDI @dinkesjateng @Tri_Rismaharini @GibranRakabumi @bobbynst @Ayangkahiyang @markobar1996 @SangPisang2017 @JokowiCentre @AhokDjarot @temanahok_id @AriWibowo_Ofc @addiems @agnezmo @Dennysiregar7 @WHO @dinkesJKT @detikcom @kompascom @drpriono1 @drdickybudiman @dewinaisyah @kaesangp @instagram @desrapercaya09 @dewantirumpoko 40 busses in fire(ah* church mobber there)+#VfL women OUT #Championsleague+trains derailed(ah* mobs applic from there)+GER many virus+INA many Covid19 dead+explosion+bomb+attack+crash++God angry,U/INA ah* let FOLK DIE+why mob my IG warn about #AstraZeneca https://t.co/5OfRcQJ4RR.	5.183492
Fri Apr 02 04:36:39 +0000 2021	@jokowi Happy Good Friday, God is good...	5.093768
Fri Apr 09 00:01:37 +0000 2021	@jokowi @PutraWadapi What you should do sir to stop this Pandemic? You have big power to do that. But I saw so many contradictive decision that Goverment did. Do not wait until everybody die cause of this virus. Many thanks to your attention sir.	5.0932093
Wed Mar 31 02:18:51 +0000 2021	@jokowi @saidaqil @susipudjiastuti @ruhutsitompul @psi_id @grace_nat @TsamaraDKI @PDI_Perjuangan @msoekarnoputri @ganjarpranowo @airlangga_hrt @Golkar5 @aburizalbakrie @NasDem @PartaiPerindo @DPP_PKB @cakimiNOW @edo751945 @pkp_ind @dHendropriyono @KemensetnegRI @mrtjakarta @kemenhub151 @BaleBengong @PBIDI @dinkesjateng @Tri_Rismaharini @GibranRakabumi @bobbynst @Ayangkahiyang @markobar1996 @SangPisang2017 @JokowiCentre @AhokDjarot @temanahok_id @AriWibowo_Ofc @addiems @agnezmo @Dennysiregar7 @WHO @dinkesJKT @detikcom @kompascom @drpriono1 @drdickybudiman @dewinaisyah @kaesangp @instagram @desrapercaya09 @dewantirumpoko I only wrote no Durian,Petai+no alcohol etc if U dont want to get positive #GeNose result,since RI use GeNose,but I NEVER ADVISE U to use GeNose f. airplane etc,but RI always look for problems,why Pilkada,now GeNose etc to spread than kill virus=RI never serious+VIRUS FAKE DOWN🤬	4.9201546
Sun Apr 04 21:43:08 +0000 2021	@jokowi @saidaqil @susipudjiastuti @ruhutsitompul @psi_id @grace_nat @TsamaraDKI @PDI_Perjuangan @msoekarnoputri @ganjarpranowo @airlangga_hrt @Golkar5 @aburizalbakrie @NasDem @PartaiPerindo @DPP_PKB @cakimiNOW @edo751945 @pkp_ind @dHendropriyono @KemensetnegRI @mrtjakarta @kemenhub151 @BaleBengong @PBIDI @dinkesjateng @Tri_Rismaharini @GibranRakabumi @bobbynst @Ayangkahiyang @markobar1996 @SangPisang2017 @JokowiCentre @AhokDjarot @temanahok_id @AriWibowo_Ofc @addiems @agnezmo @Dennysiregar7 @WHO @dinkesJKT @detikcom @kompascom @drpriono1 @drdickybudiman @dewinaisyah @kaesangp @instagram @desrapercaya09 @dewantirumpoko From my heart may God take ah* DEAD ASAP+think of Ur sins to me as U DEAD ASAP,cancer,stroke,paralyzed etc or stop to mob me NOW,coz I'm INNOCENT why God backs me,NOT U that misuse power to MOB INNOCENT POWERLESS ME+my SOC MEDIA+let FOLK DIE #AstraZeneca++https://t.co/QL2RJLBE6s.	4.9201546
Sat Apr 10 02:49:59 +0000 2021	@jokowi Good	4.8250813
Fri Apr 02 03:03:24 +0000 2021	@jokowi happy good friday pak	4.352527
Wed Mar 31 14:45:32 +0000 2021	@jokowi @saidaqil @susipudjiastuti @ruhutsitompul @psi_id @grace_nat @TsamaraDKI @PDI_Perjuangan @msoekarnoputri @ganjarpranowo @airlangga_hrt @Golkar5 @aburizalbakrie @NasDem @PartaiPerindo @DPP_PKB @cakimiNOW @edo751945 @pkp_ind @dHendropriyono @KemensetnegRI @mrtjakarta @kemenhub151 @BaleBengong @PBIDI @dinkesjateng @Tri_Rismaharini @GibranRakabumi @bobbynst @Ayangkahiyang @markobar1996 @SangPisang2017 @JokowiCentre @AhokDjarot @temanahok_id @AriWibowo_Ofc @addiems @agnezmo @Dennysiregar7 @WHO @dinkesJKT @detikcom @kompascom @drpriono1 @drdickybudiman @dewinaisyah @kaesangp @instagram @desrapercaya09 @dewantirumpoko ALL GER parties racial+hypocrites+why no luck+RIP young+prayer NEVER heard+so MOST politicians+mobbers VIP hell+hell worse than Covid19,paralyzed++coz forever.INA mob Instagram again only coz I warn NOT to use #GeNose(inaccurate)+be careful w/#AstraZeneca https://t.co/ZNuKl4Dui3.	4.3452663
Sat Apr 03 07:12:00 +0000 2021	@jokowi PROMO APPS PREMIUM MURAH 📍 Netflix 30k 📍 Spotify 10k 📍 YouTube 10k 📍 Disney+ 25k 📍 lysn 30k  testimoni? on pinned  order? dm atau wa di bio aja yaa kak.  t. promo ada jual netflix murah spotify viu youtube iflix wetv disney+ hotstar murah meriah https://t.co/sm4XWQGb7e	4.0735707
Wed Mar 31 21:33:57 +0000 2021	@jokowi @saidaqil @susipudjiastuti @ruhutsitompul @psi_id @grace_nat @TsamaraDKI @PDI_Perjuangan @msoekarnoputri @ganjarpranowo @airlangga_hrt @Golkar5 @aburizalbakrie @NasDem @PartaiPerindo @DPP_PKB @cakimiNOW @edo751945 @pkp_ind @dHendropriyono @KemensetnegRI @mrtjakarta @kemenhub151 @BaleBengong @PBIDI @dinkesjateng @Tri_Rismaharini @GibranRakabumi @bobbynst @Ayangkahiyang @markobar1996 @SangPisang2017 @JokowiCentre @AhokDjarot @temanahok_id @AriWibowo_Ofc @addiems @agnezmo @Dennysiregar7 @WHO @dinkesJKT @detikcom @kompascom @drpriono1 @drdickybudiman @dewinaisyah @kaesangp @instagram @desrapercaya09 @dewantirumpoko ToldU:EU the end if I left,God+luck go w/ me+my deal w/ God #BabaVanga prediction(the end of GER+EU) not happen as long as I in GER,but U mob+ruin-&gt;wrote on that contract end letter on leaving GER,no interest U ruin me more yrs+toldU:Ur prayer NEVER works https://t.co/aOK4bRnhLA.	3.903761
Wed Mar 31 14:21:11 +0000 2021	@jokowi @saidaqil @susipudjiastuti @ruhutsitompul @psi_id @grace_nat @TsamaraDKI @PDI_Perjuangan @msoekarnoputri @ganjarpranowo @airlangga_hrt @Golkar5 @aburizalbakrie @NasDem @PartaiPerindo @DPP_PKB @cakimiNOW @edo751945 @pkp_ind @dHendropriyono @KemensetnegRI @mrtjakarta @kemenhub151 @BaleBengong @PBIDI @dinkesjateng @Tri_Rismaharini @GibranRakabumi @bobbynst @Ayangkahiyang @markobar1996 @SangPisang2017 @JokowiCentre @AhokDjarot @temanahok_id @AriWibowo_Ofc @addiems @agnezmo @Dennysiregar7 @WHO @dinkesJKT @detikcom @kompascom @drpriono1 @drdickybudiman @dewinaisyah @kaesangp @instagram @desrapercaya09 @dewantirumpoko I NEVER GER thx #CDU+#FDP BW-&gt;lost election 2011.SPD BW crueler+made me NEVER GER-&gt;VfB no luck since 2013+2x relegated+terrors where TUR GER mobber came from-&gt;CDU BW gov+Stuttgart #CDU mayor.#Grüne never help-&gt;#Kretschmann accident+wife cancer++God angry😝https://t.co/ovF9SCyIK7.	3.903761
Mon Apr 05 10:22:28 +0000 2021	@jokowi Let's help our friends in NTT &amp; NTB Cc @DailyMailAU @GuardianAus @ReutersWorld @malaysiakini @GMA @bharianmy @BeritaHarianSG @7NewsSydney @7NewsAustralia @AJEnglish @cnni @BBCWorld @CNBCi @BloombergAsia @SkyNews @PDChina	3.6519184
Sat Apr 10 17:13:19 +0000 2021	@jokowi 739 lives of innocent people are taken!!! On APR 9 itself, the military killed 82 civilians in Bago, (Source: @Myanmar_Now). What are those organisations waiting for? We need actions to protect our people. Please save Myanmar.  #SaveMyanmar  #Apr9Coup  #UnitedNations  #crimesnews https://t.co/4auLggMmT0	3.6289086
Wed Mar 31 02:15:59 +0000 2021	@jokowi I only wrote no Durian,Petai+no alcohol etc if U dont want to get positive #GeNose result,since RI use GeNose,but I NEVER ADVISE U to use GeNose f. airplane etc,but RI always look for problems,why Pilkada,now GeNose etc to spread than kill virus=RI never serious+VIRUS FAKE DOWN🤬	3.549903
Sun Apr 04 14:31:36 +0000 2021	@jokowi On behalf of the people of Pulau Buayo Village, Bathin VIII District, Sarolangun District - Jambi, Indonesia hereby asks: @DonaldJTrumpJr @JoeBiden @chedetofficial @jpmgov_ @PDRMsia    to check data and physical village funds in the village of Pulau Buayo. Thank you.	3.5238976
Fri Apr 02 08:12:00 +0000 2021	@jokowi Many thanks mr President.. Blessed Good Friday to all Christians.. 🙏 ⛪	3.4511952
Fri Apr 02 11:53:10 +0000 2021	@jokowi Let me speak to my son	3.3034997
Wed Mar 31 03:59:39 +0000 2021	@jokowi Assalamualaikum sir. I need your help sir i love a Indonesian girl and I want nikkah with her. Please help me to come there sir please sir 🙏🙏🙏🙏🙏	3.06507
Fri Apr 09 23:00:27 +0000 2021	@jokowi cq.foreignminister.cq aus tralian embassy PLS DO NOT KILL ALL WILD HORSES JUST TO PROTECT THE TREESPLANTS IN AUSTRALIA. SEND TO INDONESIA. WE WILL TAKECARE THE UNGUILTY HORSES.THE GOD CREATURES JUST WARN AUSTR.THE KARMA WILL COME AUSSIES. PL.BELIEVE IN GOD👺👺👺👽👽👽	2.6644907
Wed Mar 31 21:28:43 +0000 2021	@jokowi @KemenkesRI @DrTedros @Kiyai_MarufAmin @mohmahfudmd @muhadjir_ef @kemendagri @fadjroeL @Kemlu_RI @basuki_btp @erickthohir @tjahjo_kumolo @airlangga_hrt @sumrambah @wiranto1947 @DivHumas_Polri @wikuadisasmito @ridwankamil @ganjarpranowo @aniesbaswedan @KhofifahIP @EmilDardak @mprgoid @DPR_RI @TjahjantoHadi @setkabgoid @Menlu_RI @ditjen_imigrasi @KemenkeuRI @kemkominfo @kempanrb @kemenkomarves @KemnakerRI @KemenBUMN @KSPgoid @OmbudsmanRI137 @Pemkab_Malang @PemkotMalang @DKIJakarta @gubernur_bali @JatimPemprov @dewantirumpoko @ganisrumpoko @Mundjidah_Wahab @Dr_Moeldoko @dinkesjatim @monicanirmala @BudiGSadikin @samsutiaji @dewinaisyah Mar31:How can U lose vs #65,#scandal🤣GER much worse than my expectation+that coz ex #WorldChampion GER cheaters=toldU w/o my prayer NEVER WC2014 etc+GER still mob my GMail+today I gave up my apartment:Only leaving NRW(not GER)U lost already;if leaving GER even much unluckier😝🤣	2.0888152
Sun Apr 04 21:32:27 +0000 2021	@jokowi 40 busses in fire(ah* church mobber there)+#VfL women OUT #Championsleague+trains derailed(ah* mobs applic from there)+GER many virus+INA many Covid19 dead+explosion+bomb+attack+crash++God angry,U/INA ah* let FOLK DIE+why mob my IG warn about #AstraZeneca https://t.co/5OfRcQJ4RR.	1.5773249
Mon Apr 05 09:12:20 +0000 2021	@jokowi If we close our eyes for being plundered the sovereignty of  Myanmar by coup junta,military of chief in region will get chances to imitate the modernize ways of coups .So,each ASEAN counties  should prevent which no military generals try to be attainable the state power. https://t.co/YRDbvN1BYE	1.5468364
Sun Apr 04 21:41:18 +0000 2021	@jokowi From my heart may God take ah* DEAD ASAP+think of Ur sins to me as U DEAD ASAP,cancer,stroke,paralyzed etc or stop to mob me NOW,coz I'm INNOCENT why God backs me,NOT U that misuse power to MOB INNOCENT POWERLESS ME+my SOC MEDIA+let FOLK DIE #AstraZeneca++https://t.co/QL2RJLBE6s.	1.4620557
Mon Apr 05 13:33:46 +0000 2021	@jokowi @KemenkesRI @DrTedros @Kiyai_MarufAmin @mohmahfudmd @muhadjir_ef @kemendagri @fadjroeL @Kemlu_RI @basuki_btp @erickthohir @tjahjo_kumolo @airlangga_hrt @sumrambah @wiranto1947 @DivHumas_Polri @wikuadisasmito @ridwankamil @ganjarpranowo @aniesbaswedan @KhofifahIP @EmilDardak @mprgoid @DPR_RI @TjahjantoHadi @setkabgoid @Menlu_RI @ditjen_imigrasi @KemenkeuRI @kemkominfo @kempanrb @kemenkomarves @KemnakerRI @KemenBUMN @KSPgoid @OmbudsmanRI137 @Pemkab_Malang @PemkotMalang @DKIJakarta @gubernur_bali @JatimPemprov @dewantirumpoko @ganisrumpoko @Mundjidah_Wahab @Dr_Moeldoko @dinkesjatim @monicanirmala @BudiGSadikin @samsutiaji @dewinaisyah #Vaccine+Corona #TEST A WAY to get out from FOREVER #lockdown.But vaccine SHOULDNT be deadly.Avoid DEAD due to #Covid19,but even DEAD EARLIER thx #AstraZeneca,what a #tragedy,worse than #Titanic🤣#PCR the best.#Antigen #RapidTest said nothing if #negative https://t.co/QT48sgS9yE. https://t.co/Uxgdb5ChXF	1.0707936
Sun Apr 04 21:34:21 +0000 2021	@jokowi @KemenkesRI @DrTedros @Kiyai_MarufAmin @mohmahfudmd @muhadjir_ef @kemendagri @fadjroeL @Kemlu_RI @basuki_btp @erickthohir @tjahjo_kumolo @airlangga_hrt @sumrambah @wiranto1947 @DivHumas_Polri @wikuadisasmito @ridwankamil @ganjarpranowo @aniesbaswedan @KhofifahIP @EmilDardak @mprgoid @DPR_RI @TjahjantoHadi @setkabgoid @Menlu_RI @ditjen_imigrasi @KemenkeuRI @kemkominfo @kempanrb @kemenkomarves @KemnakerRI @KemenBUMN @KSPgoid @OmbudsmanRI137 @Pemkab_Malang @PemkotMalang @DKIJakarta @gubernur_bali @JatimPemprov @dewantirumpoko @ganisrumpoko @Mundjidah_Wahab @Dr_Moeldoko @dinkesjatim @monicanirmala @BudiGSadikin @samsutiaji @dewinaisyah 40 busses in fire(ah* church mobber there)+#VfL women OUT #Championsleague+trains derailed(ah* mobs applic from there)+GER many virus+INA many Covid19 dead+explosion+bomb+attack+crash++God angry,U/INA ah* let FOLK DIE+why mob my IG warn about #AstraZeneca https://t.co/5OfRcQJ4RR.	1.0707936
Wed Mar 31 02:15:31 +0000 2021	@jokowi @KemenkesRI @DrTedros @Kiyai_MarufAmin @mohmahfudmd @muhadjir_ef @kemendagri @fadjroeL @Kemlu_RI @basuki_btp @erickthohir @tjahjo_kumolo @airlangga_hrt @sumrambah @wiranto1947 @DivHumas_Polri @wikuadisasmito @ridwankamil @ganjarpranowo @aniesbaswedan @KhofifahIP @EmilDardak @mprgoid @DPR_RI @TjahjantoHadi @setkabgoid @Menlu_RI @ditjen_imigrasi @KemenkeuRI @kemkominfo @kempanrb @kemenkomarves @KemnakerRI @KemenBUMN @KSPgoid @OmbudsmanRI137 @Pemkab_Malang @PemkotMalang @DKIJakarta @gubernur_bali @JatimPemprov @dewantirumpoko @ganisrumpoko @Mundjidah_Wahab @Dr_Moeldoko @dinkesjatim @monicanirmala @BudiGSadikin @samsutiaji @dewinaisyah I only wrote no Durian,Petai+no alcohol etc if U dont want to get positive #GeNose result,since RI use GeNose,but I NEVER ADVISE U to use GeNose f. airplane etc,but RI always look for problems,why Pilkada,now GeNose etc to spread than kill virus=RI never serious+VIRUS FAKE DOWN🤬	1.0163939
Sun Apr 04 21:42:56 +0000 2021	@jokowi @KemenkesRI @DrTedros @Kiyai_MarufAmin @mohmahfudmd @muhadjir_ef @kemendagri @fadjroeL @Kemlu_RI @basuki_btp @erickthohir @tjahjo_kumolo @airlangga_hrt @sumrambah @wiranto1947 @DivHumas_Polri @wikuadisasmito @ridwankamil @ganjarpranowo @aniesbaswedan @KhofifahIP @EmilDardak @mprgoid @DPR_RI @TjahjantoHadi @setkabgoid @Menlu_RI @ditjen_imigrasi @KemenkeuRI @kemkominfo @kempanrb @kemenkomarves @KemnakerRI @KemenBUMN @KSPgoid @OmbudsmanRI137 @Pemkab_Malang @PemkotMalang @DKIJakarta @gubernur_bali @JatimPemprov @dewantirumpoko @ganisrumpoko @Mundjidah_Wahab @Dr_Moeldoko @dinkesjatim @monicanirmala @BudiGSadikin @samsutiaji @dewinaisyah From my heart may God take ah* DEAD ASAP+think of Ur sins to me as U DEAD ASAP,cancer,stroke,paralyzed etc or stop to mob me NOW,coz I'm INNOCENT why God backs me,NOT U that misuse power to MOB INNOCENT POWERLESS ME+my SOC MEDIA+let FOLK DIE #AstraZeneca++https://t.co/QL2RJLBE6s.	1.0163939
