created_at	text	_score
Sat Apr 03 03:24:14 +0000 2021	@jokowi data privacy is like mission impossible in +62. Data protection? wishful thinking #dataprotection	27.968714
Fri Apr 02 07:25:23 +0000 2021	@jokowi @EmillyLuwita46 1). https://t.co/dJR6hGx5oa  2). https://t.co/r1xSxGxvkE  3). A History of Wahhabism and the Hijacking of the Muslim faith https://t.co/5Lvz4zjh1M   4). Radical Islamic Terrorists: The Best Bad Guys Money Can Buy  https://t.co/Hb6Aisq168	26.838947
Sat Apr 03 14:51:16 +0000 2021	@jokowi THE MIRACLE IN THE SUEZ CHANNEL, THE ALIGNMENT OF TUGS, THE DETERMINATION OF DRUGS CONTROLLED BY HUMAN BEINGS, AND THE DECISIVE STRENGTH OF NATURE, HELPED THE GIANT EVER GIVEN. https://t.co/VEmWY5Adtr , THE TIME IS  ARRIVED.	20.3867
Thu Apr 01 15:01:22 +0000 2021	@jokowi After 44 days of nightly internet cut off, 16 days of total mobile internet shutdown, brutals has again issued to ban the wireless internet from today on. Junta is trying to murder us all in the blind of the world. #InternetShutDown #Apr1Coup  #WhatsHappeningInMyanmar	19.20884
Sun Apr 04 14:31:36 +0000 2021	@jokowi On behalf of the people of Pulau Buayo Village, Bathin VIII District, Sarolangun District - Jambi, Indonesia hereby asks: @DonaldJTrumpJr @JoeBiden @chedetofficial @jpmgov_ @PDRMsia    to check data and physical village funds in the village of Pulau Buayo. Thank you.	17.811325
Tue Apr 06 00:42:17 +0000 2021	@jokowi @08_silvester Hi 08_silvester, Brand new mobile game with highest quality coming soon！https://t.co/pCXCCk0sQ6 https://t.co/ri335RAEYa	16.30739
Fri Apr 09 00:22:25 +0000 2021	@jokowi Safe flight, mr. President 🙏	16.01353
Thu Apr 08 01:22:09 +0000 2021	@jokowi info 4 comparative study management of state financial INDONESIA.IMPROVEMENT 4 A BETTERNESS.MERDEKA76🇮🇩🇮🇩 https://t.co/GRxHppqrwc	15.545336
Thu Apr 08 23:58:00 +0000 2021	@jokowi correct your agent,do not sell by cheating,customers want to save why are they given insurance,strong evidence of crime remains dodgy,so the police report is still the best @AXA_Mandiri @bankmandiri @JulienSteimer @andreOPA @AXAFrance @AXA @AXASegurosEs @AXAIndonesia @AXAHealth	14.536529
Fri Apr 09 17:26:58 +0000 2021	@jokowi Meow $VANCAT lovers, we're shining like stars. Go everywhere on the internet and share $VANCAT with #Vancatarmy and show the power of our community.  Buy $VANCAT on: https://t.co/KPbN6ex3pv  https://t.co/ewLjDLFI6g   #Vancatarmy $VANCAT @vancattoken @vancatcommunity	13.464199
Fri Apr 09 01:03:09 +0000 2021	@jokowi Dear Mr @jokowi As a refugee I'm thanking you for your cooperation with the @UNHCRIndo for providing shelter and kept us safe in your country but as you know it has been more than 13 years now I can't work or study. I will be greatful if you can help me get a working license.	11.633169
Sun Apr 04 21:19:53 +0000 2021	@jokowi USA products did GER/INA ah* order to mob,USA no luck+OUT tennis,capitol+INA Pres.palace+police headquarter got attack,oil explosion,plane crash,bomb,AllEngland,etc+40 GER busses in fire(MILLIONS EUR damage)+trains derailed++coz ah* mob my Instagram/GMail https://t.co/8rEdCI0CFs.	10.426772
Wed Apr 07 07:56:00 +0000 2021	@jokowi Keep Brightmind: Keep Hygienic-Fresh-Healthy. Fathonie Abdullah (Fathonie AG or Thonie AG)   Twitter:  @AG_Thonie @Thonie_AG_News @News_Thonie_AG @Thonie_Top_News  https://t.co/J6ukkkv8K2	9.742336
Fri Apr 02 11:58:34 +0000 2021	@jokowi Keep Brightmind: Keep Hygienic-Fresh-Healthy. Fathonie Abdullah (Fathonie AG or Thonie AG)   Twitter:  @AG_Thonie @Thonie_AG_News @News_Thonie_AG @Thonie_Top_News  https://t.co/A4QpiBEXaq	9.742336
Sat Apr 10 09:31:08 +0000 2021	@jokowi Keep Brightmind: Keep Hygienic-Fresh-Healthy. Fathonie Abdullah (Fathonie AG or Thonie AG)   Twitter:  @AG_Thonie @Thonie_AG_News @News_Thonie_AG @Thonie_Top_News @World_Top_News1  https://t.co/VN7mJgOFgd	9.702087
Sun Apr 04 21:32:27 +0000 2021	@jokowi 40 busses in fire(ah* church mobber there)+#VfL women OUT #Championsleague+trains derailed(ah* mobs applic from there)+GER many virus+INA many Covid19 dead+explosion+bomb+attack+crash++God angry,U/INA ah* let FOLK DIE+why mob my IG warn about #AstraZeneca https://t.co/5OfRcQJ4RR.	9.288366
Fri Apr 09 23:00:27 +0000 2021	@jokowi cq.foreignminister.cq aus tralian embassy PLS DO NOT KILL ALL WILD HORSES JUST TO PROTECT THE TREESPLANTS IN AUSTRALIA. SEND TO INDONESIA. WE WILL TAKECARE THE UNGUILTY HORSES.THE GOD CREATURES JUST WARN AUSTR.THE KARMA WILL COME AUSSIES. PL.BELIEVE IN GOD👺👺👺👽👽👽	9.018303
Sat Apr 03 12:38:41 +0000 2021	@jokowi  If we close eyes for being plundered the sovereignty of  Myanmar by coup junta,military of chief in region will get chances to imitate modernize ways of coups .So,each ASEAN counties  should prevent which no military general try to be attainable the state power. https://t.co/vmgWFrMLbg	9.015413
Fri Apr 02 07:37:22 +0000 2021	@jokowi @my___nadreeaa 🇮🇳ＯＰＰＡＢＥＴ🇮🇳ＯＰＰＡＢＥＴ🇮🇳 ⚡The Best Online Casino in Asia⚡  🔥 GET 75 FREE SPINS everyday! 🔥 ❌ NO DEPOSITS REQUIRED! ❌  ⭐️ Play all 𝗢𝗣𝗣𝗔𝗕𝗘𝗧 games and win! ⭐️  🌐 𝙍𝙀𝙂𝙄𝙎𝙏𝙀𝙍: https://t.co/IO5a89wjaQ Our 24 hours LIVE CHAT is here to help you! https://t.co/h6Bltojo6i	8.96895
Mon Apr 05 09:12:20 +0000 2021	@jokowi If we close our eyes for being plundered the sovereignty of  Myanmar by coup junta,military of chief in region will get chances to imitate the modernize ways of coups .So,each ASEAN counties  should prevent which no military generals try to be attainable the state power. https://t.co/YRDbvN1BYE	8.841152
Sat Apr 10 17:13:19 +0000 2021	@jokowi 739 lives of innocent people are taken!!! On APR 9 itself, the military killed 82 civilians in Bago, (Source: @Myanmar_Now). What are those organisations waiting for? We need actions to protect our people. Please save Myanmar.  #SaveMyanmar  #Apr9Coup  #UnitedNations  #crimesnews https://t.co/4auLggMmT0	8.052462
Wed Mar 31 14:35:13 +0000 2021	@jokowi @KemenkesRI @DrTedros @Kiyai_MarufAmin @mohmahfudmd @muhadjir_ef @kemendagri @fadjroeL @Kemlu_RI @basuki_btp @erickthohir @tjahjo_kumolo @airlangga_hrt @sumrambah @wiranto1947 @DivHumas_Polri @wikuadisasmito @ridwankamil @ganjarpranowo @aniesbaswedan @KhofifahIP @EmilDardak @mprgoid @DPR_RI @TjahjantoHadi @setkabgoid @Menlu_RI @ditjen_imigrasi @KemenkeuRI @kemkominfo @kempanrb @kemenkomarves @KemnakerRI @KemenBUMN @KSPgoid @OmbudsmanRI137 @Pemkab_Malang @PemkotMalang @DKIJakarta @gubernur_bali @JatimPemprov @dewantirumpoko @ganisrumpoko @Mundjidah_Wahab @Dr_Moeldoko @dinkesjatim @monicanirmala @BudiGSadikin @samsutiaji @dewinaisyah GER racial+hypocrites+so UK+USA+EU-&gt;ruined by God w/ MILLIONS #Covid19++;#BabaVanga:#recession+2020-25 EU empty(dead Covid19 or terrors or both?)+2043 Europe Islam continent+Rome Islam center,not catholic+radical Islamists attack EU why 2066 USA war vs EU https://t.co/ZNuKl4Dui3.	7.930151
Wed Mar 31 14:35:33 +0000 2021	@jokowi @saidaqil @susipudjiastuti @ruhutsitompul @psi_id @grace_nat @TsamaraDKI @PDI_Perjuangan @msoekarnoputri @ganjarpranowo @airlangga_hrt @Golkar5 @aburizalbakrie @NasDem @PartaiPerindo @DPP_PKB @cakimiNOW @edo751945 @pkp_ind @dHendropriyono @KemensetnegRI @mrtjakarta @kemenhub151 @BaleBengong @PBIDI @dinkesjateng @Tri_Rismaharini @GibranRakabumi @bobbynst @Ayangkahiyang @markobar1996 @SangPisang2017 @JokowiCentre @AhokDjarot @temanahok_id @AriWibowo_Ofc @addiems @agnezmo @Dennysiregar7 @WHO @dinkesJKT @detikcom @kompascom @drpriono1 @drdickybudiman @dewinaisyah @kaesangp @instagram @desrapercaya09 @dewantirumpoko GER racial+hypocrites+so UK+USA+EU-&gt;ruined by God w/ MILLIONS #Covid19++;#BabaVanga:#recession+2020-25 EU empty(dead Covid19 or terrors or both?)+2043 Europe Islam continent+Rome Islam center,not catholic+radical Islamists attack EU why 2066 USA war vs EU https://t.co/ZNuKl4Dui3.	7.930151
Thu Apr 08 16:54:06 +0000 2021	@jokowi Dear president thanks for your concern on Myanmar. Despite over 82% voted party was taken over by Junta and now all landslide winner party NLD members parliaments are arresred across the country Including the leaders sunkyi n president win myint. Pleass take agreesive actions.	7.8348913
Thu Apr 08 16:57:07 +0000 2021	@jokowi @Menlu_RI @Wahyuningrum Dear president thanks for your call on Myanmar that was taken over by Junta and now all landslide winner party NLD members parliaments are arresred across the country Including the leaders sunkyi n president win myint. Pleass take agreesive actions https://t.co/t7BOz5l86g	7.67736
Wed Apr 07 17:06:52 +0000 2021	@jokowi @0hFirdausss Hi 0hFirdausss, Brand new mobile game with highest quality coming soon！https://t.co/TL0EO4mUyr https://t.co/S1TGDMjj1h	7.1357956
Sat Apr 03 03:17:06 +0000 2021	@jokowi Mandalika problems: talk is cheap (and easy), action costs  https://t.co/AxccEF8cN4	6.983894
Sat Apr 03 03:10:09 +0000 2021	@jokowi @jokowi Mandalika problems: talk is cheap, action cost. https://t.co/AxccEF8cN4 #jakpost #Reuters https://t.co/DsS8dZXMAo	6.3286204
Sun Apr 04 21:41:18 +0000 2021	@jokowi From my heart may God take ah* DEAD ASAP+think of Ur sins to me as U DEAD ASAP,cancer,stroke,paralyzed etc or stop to mob me NOW,coz I'm INNOCENT why God backs me,NOT U that misuse power to MOB INNOCENT POWERLESS ME+my SOC MEDIA+let FOLK DIE #AstraZeneca++https://t.co/QL2RJLBE6s.	5.5353045
Fri Apr 02 19:27:24 +0000 2021	@jokowi I hope the building is beautiful also strong and safe for the president.	5.417929
Mon Apr 05 10:28:01 +0000 2021	@jokowi Thanks for your attention, Mr. President. Keep strong &amp; God Bless You❤️	5.417929
Sun Apr 04 19:51:56 +0000 2021	@jokowi @saidaqil @susipudjiastuti @ruhutsitompul @psi_id @grace_nat @TsamaraDKI @PDI_Perjuangan @msoekarnoputri @ganjarpranowo @airlangga_hrt @Golkar5 @aburizalbakrie @NasDem @PartaiPerindo @DPP_PKB @cakimiNOW @edo751945 @pkp_ind @dHendropriyono @KemensetnegRI @mrtjakarta @kemenhub151 @BaleBengong @PBIDI @dinkesjateng @Tri_Rismaharini @GibranRakabumi @bobbynst @Ayangkahiyang @markobar1996 @SangPisang2017 @JokowiCentre @AhokDjarot @temanahok_id @AriWibowo_Ofc @addiems @agnezmo @Dennysiregar7 @WHO @dinkesJKT @detikcom @kompascom @drpriono1 @drdickybudiman @dewinaisyah @kaesangp @instagram @desrapercaya09 @dewantirumpoko Karma,USA Capitol+INA police headquarter got attack,bomb,plane crash,Badminton+#AllEngland unlucks etc,GER church ah* mob #GMail+INA ah* mob IG LuckyBlessedMe,only coz I warned all s.t.NONE RIP after #AstraZeneca,why God backs innocent me that tried to save lives,U let people die	5.131878
Sun Apr 04 19:52:11 +0000 2021	@jokowi @KemenkesRI @DrTedros @Kiyai_MarufAmin @mohmahfudmd @muhadjir_ef @kemendagri @fadjroeL @Kemlu_RI @basuki_btp @erickthohir @tjahjo_kumolo @airlangga_hrt @sumrambah @wiranto1947 @DivHumas_Polri @wikuadisasmito @ridwankamil @ganjarpranowo @aniesbaswedan @KhofifahIP @EmilDardak @mprgoid @DPR_RI @TjahjantoHadi @setkabgoid @Menlu_RI @ditjen_imigrasi @KemenkeuRI @kemkominfo @kempanrb @kemenkomarves @KemnakerRI @KemenBUMN @KSPgoid @OmbudsmanRI137 @Pemkab_Malang @PemkotMalang @DKIJakarta @gubernur_bali @JatimPemprov @dewantirumpoko @ganisrumpoko @Mundjidah_Wahab @Dr_Moeldoko @dinkesjatim @monicanirmala @BudiGSadikin @samsutiaji @dewinaisyah Karma,USA Capitol+INA police headquarter got attack,bomb,plane crash,Badminton+#AllEngland unlucks etc,GER church ah* mob #GMail+INA ah* mob IG LuckyBlessedMe,only coz I warned all s.t.NONE RIP after #AstraZeneca,why God backs innocent me that tried to save lives,U let people die	5.131878
Sun Apr 04 21:14:18 +0000 2021	@jokowi @saidaqil @susipudjiastuti @ruhutsitompul @psi_id @grace_nat @TsamaraDKI @PDI_Perjuangan @msoekarnoputri @ganjarpranowo @airlangga_hrt @Golkar5 @aburizalbakrie @NasDem @PartaiPerindo @DPP_PKB @cakimiNOW @edo751945 @pkp_ind @dHendropriyono @KemensetnegRI @mrtjakarta @kemenhub151 @BaleBengong @PBIDI @dinkesjateng @Tri_Rismaharini @GibranRakabumi @bobbynst @Ayangkahiyang @markobar1996 @SangPisang2017 @JokowiCentre @AhokDjarot @temanahok_id @AriWibowo_Ofc @addiems @agnezmo @Dennysiregar7 @WHO @dinkesJKT @detikcom @kompascom @drpriono1 @drdickybudiman @dewinaisyah @kaesangp @instagram @desrapercaya09 @dewantirumpoko USA products did GER/INA ah* order to mob,USA no luck+OUT tennis,capitol+INA Pres.palace+police headquarter got attack,oil explosion,plane crash,bomb,AllEngland,etc+40 GER busses in fire(MILLIONS EUR damage)+trains derailed++coz ah* mob my Instagram/GMail https://t.co/8rEdCI0CFs.	5.131878
Sun Apr 04 21:14:03 +0000 2021	@jokowi @KemenkesRI @DrTedros @Kiyai_MarufAmin @mohmahfudmd @muhadjir_ef @kemendagri @fadjroeL @Kemlu_RI @basuki_btp @erickthohir @tjahjo_kumolo @airlangga_hrt @sumrambah @wiranto1947 @DivHumas_Polri @wikuadisasmito @ridwankamil @ganjarpranowo @aniesbaswedan @KhofifahIP @EmilDardak @mprgoid @DPR_RI @TjahjantoHadi @setkabgoid @Menlu_RI @ditjen_imigrasi @KemenkeuRI @kemkominfo @kempanrb @kemenkomarves @KemnakerRI @KemenBUMN @KSPgoid @OmbudsmanRI137 @Pemkab_Malang @PemkotMalang @DKIJakarta @gubernur_bali @JatimPemprov @dewantirumpoko @ganisrumpoko @Mundjidah_Wahab @Dr_Moeldoko @dinkesjatim @monicanirmala @BudiGSadikin @samsutiaji @dewinaisyah USA products did GER/INA ah* order to mob,USA no luck+OUT tennis,capitol+INA Pres.palace+police headquarter got attack,oil explosion,plane crash,bomb,AllEngland,etc+40 GER busses in fire(MILLIONS EUR damage)+trains derailed++coz ah* mob my Instagram/GMail https://t.co/8rEdCI0CFs.	5.131878
Fri Apr 02 17:10:48 +0000 2021	@jokowi This project will need at least 50 years, isn't it?	5.11052
Thu Apr 01 02:16:22 +0000 2021	@jokowi What the hell are you doing for the Papuan people? The Hypocrisy of Indonesia is astounding. Gained independence from Denmark only to do the same heinous crimes.	4.6212454
Wed Mar 31 00:45:19 +0000 2021	@jokowi I think time has come to show the world that Indonesia is capable with its political and if necessary, it's military power, to take over responsibility for ASEAN's countries to protect democracy values in this part of the world. #MyanmarMilitaryCoup	4.6128554
Sat Apr 10 06:46:31 +0000 2021	@jokowi Take me down i'm falling	4.551159
Fri Apr 09 09:33:31 +0000 2021	@jokowi cryptocurrency VANCAT https://t.co/lxboLCxYgM   please help discuss the future project and its fundamentals. Please help 🙏🙏🙏	4.10257
Wed Mar 31 14:49:48 +0000 2021	@jokowi @KemenkesRI @DrTedros @Kiyai_MarufAmin @mohmahfudmd @muhadjir_ef @kemendagri @fadjroeL @Kemlu_RI @basuki_btp @erickthohir @tjahjo_kumolo @airlangga_hrt @sumrambah @wiranto1947 @DivHumas_Polri @wikuadisasmito @ridwankamil @ganjarpranowo @aniesbaswedan @KhofifahIP @EmilDardak @mprgoid @DPR_RI @TjahjantoHadi @setkabgoid @Menlu_RI @ditjen_imigrasi @KemenkeuRI @kemkominfo @kempanrb @kemenkomarves @KemnakerRI @KemenBUMN @KSPgoid @OmbudsmanRI137 @Pemkab_Malang @PemkotMalang @DKIJakarta @gubernur_bali @JatimPemprov @dewantirumpoko @ganisrumpoko @Mundjidah_Wahab @Dr_Moeldoko @dinkesjatim @monicanirmala @BudiGSadikin @samsutiaji @dewinaisyah Mar31:Mob my Instagram again,enjoy more unlucks,coward ones,why without name mob,but God knows who did it=if unlucks in INA,it means,the mobbers from there,simple,coz God knows who did it+where ah* came from,why plane crash,AllEngland unluck,Makassar bomb,etc,God angry to mobbers	4.0824585
Wed Mar 31 13:53:32 +0000 2021	@jokowi @saidaqil @susipudjiastuti @ruhutsitompul @psi_id @grace_nat @TsamaraDKI @PDI_Perjuangan @msoekarnoputri @ganjarpranowo @airlangga_hrt @Golkar5 @aburizalbakrie @NasDem @PartaiPerindo @DPP_PKB @cakimiNOW @edo751945 @pkp_ind @dHendropriyono @KemensetnegRI @mrtjakarta @kemenhub151 @BaleBengong @PBIDI @dinkesjateng @Tri_Rismaharini @GibranRakabumi @bobbynst @Ayangkahiyang @markobar1996 @SangPisang2017 @JokowiCentre @AhokDjarot @temanahok_id @AriWibowo_Ofc @addiems @agnezmo @Dennysiregar7 @WHO @dinkesJKT @detikcom @kompascom @drpriono1 @drdickybudiman @dewinaisyah @kaesangp @instagram @desrapercaya09 @dewantirumpoko Mar31:Mob my Instagram again,enjoy more unlucks,coward ones,why without name mob,but God knows who did it=if unlucks in INA,it means,the mobbers from there,simple,coz God knows who did it+where ah* came from,why plane crash,AllEngland unluck,Makassar bomb,etc,God angry to mobbers	4.0824585
Sun Apr 04 21:34:34 +0000 2021	@jokowi @saidaqil @susipudjiastuti @ruhutsitompul @psi_id @grace_nat @TsamaraDKI @PDI_Perjuangan @msoekarnoputri @ganjarpranowo @airlangga_hrt @Golkar5 @aburizalbakrie @NasDem @PartaiPerindo @DPP_PKB @cakimiNOW @edo751945 @pkp_ind @dHendropriyono @KemensetnegRI @mrtjakarta @kemenhub151 @BaleBengong @PBIDI @dinkesjateng @Tri_Rismaharini @GibranRakabumi @bobbynst @Ayangkahiyang @markobar1996 @SangPisang2017 @JokowiCentre @AhokDjarot @temanahok_id @AriWibowo_Ofc @addiems @agnezmo @Dennysiregar7 @WHO @dinkesJKT @detikcom @kompascom @drpriono1 @drdickybudiman @dewinaisyah @kaesangp @instagram @desrapercaya09 @dewantirumpoko 40 busses in fire(ah* church mobber there)+#VfL women OUT #Championsleague+trains derailed(ah* mobs applic from there)+GER many virus+INA many Covid19 dead+explosion+bomb+attack+crash++God angry,U/INA ah* let FOLK DIE+why mob my IG warn about #AstraZeneca https://t.co/5OfRcQJ4RR.	3.5725555
Sun Apr 04 21:34:21 +0000 2021	@jokowi @KemenkesRI @DrTedros @Kiyai_MarufAmin @mohmahfudmd @muhadjir_ef @kemendagri @fadjroeL @Kemlu_RI @basuki_btp @erickthohir @tjahjo_kumolo @airlangga_hrt @sumrambah @wiranto1947 @DivHumas_Polri @wikuadisasmito @ridwankamil @ganjarpranowo @aniesbaswedan @KhofifahIP @EmilDardak @mprgoid @DPR_RI @TjahjantoHadi @setkabgoid @Menlu_RI @ditjen_imigrasi @KemenkeuRI @kemkominfo @kempanrb @kemenkomarves @KemnakerRI @KemenBUMN @KSPgoid @OmbudsmanRI137 @Pemkab_Malang @PemkotMalang @DKIJakarta @gubernur_bali @JatimPemprov @dewantirumpoko @ganisrumpoko @Mundjidah_Wahab @Dr_Moeldoko @dinkesjatim @monicanirmala @BudiGSadikin @samsutiaji @dewinaisyah 40 busses in fire(ah* church mobber there)+#VfL women OUT #Championsleague+trains derailed(ah* mobs applic from there)+GER many virus+INA many Covid19 dead+explosion+bomb+attack+crash++God angry,U/INA ah* let FOLK DIE+why mob my IG warn about #AstraZeneca https://t.co/5OfRcQJ4RR.	3.5725555
Wed Mar 31 21:57:40 +0000 2021	@jokowi @saidaqil @susipudjiastuti @ruhutsitompul @psi_id @grace_nat @TsamaraDKI @PDI_Perjuangan @msoekarnoputri @ganjarpranowo @airlangga_hrt @Golkar5 @aburizalbakrie @NasDem @PartaiPerindo @DPP_PKB @cakimiNOW @edo751945 @pkp_ind @dHendropriyono @KemensetnegRI @mrtjakarta @kemenhub151 @BaleBengong @PBIDI @dinkesjateng @Tri_Rismaharini @GibranRakabumi @bobbynst @Ayangkahiyang @markobar1996 @SangPisang2017 @JokowiCentre @AhokDjarot @temanahok_id @AriWibowo_Ofc @addiems @agnezmo @Dennysiregar7 @WHO @dinkesJKT @detikcom @kompascom @drpriono1 @drdickybudiman @dewinaisyah @kaesangp @instagram @desrapercaya09 @dewantirumpoko #AllEngland mobbing to INA team is nothing+even not 1% GER sadism+racism to me+why I can manage pandemic(U cant)coz GER more sadistic than Nazi to me-&gt;stainless steel nervs++U easily lost mind+a bit a bit suicide,GER+EU no future like BabaVanga prediction https://t.co/Z3LsLg9flq.	3.0413065
Wed Mar 31 21:57:26 +0000 2021	@jokowi @KemenkesRI @DrTedros @Kiyai_MarufAmin @mohmahfudmd @muhadjir_ef @kemendagri @fadjroeL @Kemlu_RI @basuki_btp @erickthohir @tjahjo_kumolo @airlangga_hrt @sumrambah @wiranto1947 @DivHumas_Polri @wikuadisasmito @ridwankamil @ganjarpranowo @aniesbaswedan @KhofifahIP @EmilDardak @mprgoid @DPR_RI @TjahjantoHadi @setkabgoid @Menlu_RI @ditjen_imigrasi @KemenkeuRI @kemkominfo @kempanrb @kemenkomarves @KemnakerRI @KemenBUMN @KSPgoid @OmbudsmanRI137 @Pemkab_Malang @PemkotMalang @DKIJakarta @gubernur_bali @JatimPemprov @dewantirumpoko @ganisrumpoko @Mundjidah_Wahab @Dr_Moeldoko @dinkesjatim @monicanirmala @BudiGSadikin @samsutiaji @dewinaisyah #AllEngland mobbing to INA team is nothing+even not 1% GER sadism+racism to me+why I can manage pandemic(U cant)coz GER more sadistic than Nazi to me-&gt;stainless steel nervs++U easily lost mind+a bit a bit suicide,GER+EU no future like BabaVanga prediction https://t.co/Z3LsLgqQK0.	3.0413065
Wed Mar 31 02:15:59 +0000 2021	@jokowi I only wrote no Durian,Petai+no alcohol etc if U dont want to get positive #GeNose result,since RI use GeNose,but I NEVER ADVISE U to use GeNose f. airplane etc,but RI always look for problems,why Pilkada,now GeNose etc to spread than kill virus=RI never serious+VIRUS FAKE DOWN🤬	1.8840315
Sun Apr 04 21:42:56 +0000 2021	@jokowi @KemenkesRI @DrTedros @Kiyai_MarufAmin @mohmahfudmd @muhadjir_ef @kemendagri @fadjroeL @Kemlu_RI @basuki_btp @erickthohir @tjahjo_kumolo @airlangga_hrt @sumrambah @wiranto1947 @DivHumas_Polri @wikuadisasmito @ridwankamil @ganjarpranowo @aniesbaswedan @KhofifahIP @EmilDardak @mprgoid @DPR_RI @TjahjantoHadi @setkabgoid @Menlu_RI @ditjen_imigrasi @KemenkeuRI @kemkominfo @kempanrb @kemenkomarves @KemnakerRI @KemenBUMN @KSPgoid @OmbudsmanRI137 @Pemkab_Malang @PemkotMalang @DKIJakarta @gubernur_bali @JatimPemprov @dewantirumpoko @ganisrumpoko @Mundjidah_Wahab @Dr_Moeldoko @dinkesjatim @monicanirmala @BudiGSadikin @samsutiaji @dewinaisyah From my heart may God take ah* DEAD ASAP+think of Ur sins to me as U DEAD ASAP,cancer,stroke,paralyzed etc or stop to mob me NOW,coz I'm INNOCENT why God backs me,NOT U that misuse power to MOB INNOCENT POWERLESS ME+my SOC MEDIA+let FOLK DIE #AstraZeneca++https://t.co/QL2RJLBE6s.	1.7524533
Sun Apr 04 21:43:08 +0000 2021	@jokowi @saidaqil @susipudjiastuti @ruhutsitompul @psi_id @grace_nat @TsamaraDKI @PDI_Perjuangan @msoekarnoputri @ganjarpranowo @airlangga_hrt @Golkar5 @aburizalbakrie @NasDem @PartaiPerindo @DPP_PKB @cakimiNOW @edo751945 @pkp_ind @dHendropriyono @KemensetnegRI @mrtjakarta @kemenhub151 @BaleBengong @PBIDI @dinkesjateng @Tri_Rismaharini @GibranRakabumi @bobbynst @Ayangkahiyang @markobar1996 @SangPisang2017 @JokowiCentre @AhokDjarot @temanahok_id @AriWibowo_Ofc @addiems @agnezmo @Dennysiregar7 @WHO @dinkesJKT @detikcom @kompascom @drpriono1 @drdickybudiman @dewinaisyah @kaesangp @instagram @desrapercaya09 @dewantirumpoko From my heart may God take ah* DEAD ASAP+think of Ur sins to me as U DEAD ASAP,cancer,stroke,paralyzed etc or stop to mob me NOW,coz I'm INNOCENT why God backs me,NOT U that misuse power to MOB INNOCENT POWERLESS ME+my SOC MEDIA+let FOLK DIE #AstraZeneca++https://t.co/QL2RJLBE6s.	1.7524533
Wed Mar 31 02:15:31 +0000 2021	@jokowi @KemenkesRI @DrTedros @Kiyai_MarufAmin @mohmahfudmd @muhadjir_ef @kemendagri @fadjroeL @Kemlu_RI @basuki_btp @erickthohir @tjahjo_kumolo @airlangga_hrt @sumrambah @wiranto1947 @DivHumas_Polri @wikuadisasmito @ridwankamil @ganjarpranowo @aniesbaswedan @KhofifahIP @EmilDardak @mprgoid @DPR_RI @TjahjantoHadi @setkabgoid @Menlu_RI @ditjen_imigrasi @KemenkeuRI @kemkominfo @kempanrb @kemenkomarves @KemnakerRI @KemenBUMN @KSPgoid @OmbudsmanRI137 @Pemkab_Malang @PemkotMalang @DKIJakarta @gubernur_bali @JatimPemprov @dewantirumpoko @ganisrumpoko @Mundjidah_Wahab @Dr_Moeldoko @dinkesjatim @monicanirmala @BudiGSadikin @samsutiaji @dewinaisyah I only wrote no Durian,Petai+no alcohol etc if U dont want to get positive #GeNose result,since RI use GeNose,but I NEVER ADVISE U to use GeNose f. airplane etc,but RI always look for problems,why Pilkada,now GeNose etc to spread than kill virus=RI never serious+VIRUS FAKE DOWN🤬	1.3097436
Wed Mar 31 02:18:51 +0000 2021	@jokowi @saidaqil @susipudjiastuti @ruhutsitompul @psi_id @grace_nat @TsamaraDKI @PDI_Perjuangan @msoekarnoputri @ganjarpranowo @airlangga_hrt @Golkar5 @aburizalbakrie @NasDem @PartaiPerindo @DPP_PKB @cakimiNOW @edo751945 @pkp_ind @dHendropriyono @KemensetnegRI @mrtjakarta @kemenhub151 @BaleBengong @PBIDI @dinkesjateng @Tri_Rismaharini @GibranRakabumi @bobbynst @Ayangkahiyang @markobar1996 @SangPisang2017 @JokowiCentre @AhokDjarot @temanahok_id @AriWibowo_Ofc @addiems @agnezmo @Dennysiregar7 @WHO @dinkesJKT @detikcom @kompascom @drpriono1 @drdickybudiman @dewinaisyah @kaesangp @instagram @desrapercaya09 @dewantirumpoko I only wrote no Durian,Petai+no alcohol etc if U dont want to get positive #GeNose result,since RI use GeNose,but I NEVER ADVISE U to use GeNose f. airplane etc,but RI always look for problems,why Pilkada,now GeNose etc to spread than kill virus=RI never serious+VIRUS FAKE DOWN🤬	1.3097436
Sat Apr 10 21:31:31 +0000 2021	My deepest condolences on the passing of HRH Prince Philip, the Duke of Edinburgh. Our thoughts and prayers are with Her Majesty Queen Elizabeth II, the Royal Family and the British people in this time of sorrow.	0.8467849
