created_at	text	_score
Mon Apr 05 14:38:21 +0000 2021	@jokowi @BudiGSadikin Is it better to give more people partial protection from COVID-19, or maximum protection to fewer people?   As limited supplies of vaccines begin rolling out in parts of the world, some experts are suggesting authorities go against the recommended vaccine sc	77.28312
Tue Apr 06 00:42:17 +0000 2021	@jokowi @08_silvester Hi 08_silvester, Brand new mobile game with highest quality coming soon！https://t.co/pCXCCk0sQ6 https://t.co/ri335RAEYa	72.21142
Thu Apr 08 03:19:36 +0000 2021	@jokowi I'm going to donate my organs because I don't have any hope for future and my life destroyed and I can't suffer anymore For 7 years I have been in Indonesia as a refugee but UNHCR do nothing for me.I hope I can help with sick person. UNHCR just look how refugees kill themselves.	70.63224
Sat Apr 03 03:24:14 +0000 2021	@jokowi data privacy is like mission impossible in +62. Data protection? wishful thinking #dataprotection	67.72268
Sun Apr 04 21:32:27 +0000 2021	@jokowi 40 busses in fire(ah* church mobber there)+#VfL women OUT #Championsleague+trains derailed(ah* mobs applic from there)+GER many virus+INA many Covid19 dead+explosion+bomb+attack+crash++God angry,U/INA ah* let FOLK DIE+why mob my IG warn about #AstraZeneca https://t.co/5OfRcQJ4RR.	61.448307
Sat Apr 03 14:51:16 +0000 2021	@jokowi THE MIRACLE IN THE SUEZ CHANNEL, THE ALIGNMENT OF TUGS, THE DETERMINATION OF DRUGS CONTROLLED BY HUMAN BEINGS, AND THE DECISIVE STRENGTH OF NATURE, HELPED THE GIANT EVER GIVEN. https://t.co/VEmWY5Adtr , THE TIME IS  ARRIVED.	52.78709
Sat Apr 10 17:45:47 +0000 2021	@jokowi For all of my student women. Which still thin. Please you muat have big ass. Big ass identic nice women.	50.834633
Wed Apr 07 06:40:25 +0000 2021	@jokowi Kesuwen le ngareng, mbah  From concept to reality, here's how GCK Energy brought the vision for a sustainable Dakar bivouac to life in Saudi Arabia - the first step towards a fully green bivouac by 2024 🌱  @socomec_group | @DTRenewables | @dakar https://t.co/17js0ptvUw	50.317963
Fri Apr 09 01:03:09 +0000 2021	@jokowi Dear Mr @jokowi As a refugee I'm thanking you for your cooperation with the @UNHCRIndo for providing shelter and kept us safe in your country but as you know it has been more than 13 years now I can't work or study. I will be greatful if you can help me get a working license.	49.067574
Sun Apr 04 01:20:42 +0000 2021	@jokowi Smart, modern and lovely city	43.174606
Sun Apr 04 21:19:53 +0000 2021	@jokowi USA products did GER/INA ah* order to mob,USA no luck+OUT tennis,capitol+INA Pres.palace+police headquarter got attack,oil explosion,plane crash,bomb,AllEngland,etc+40 GER busses in fire(MILLIONS EUR damage)+trains derailed++coz ah* mob my Instagram/GMail https://t.co/8rEdCI0CFs.	38.459625
Fri Apr 02 13:59:26 +0000 2021	@jokowi Future Indonesia. Awesome!	35.53411
Wed Mar 31 03:59:39 +0000 2021	@jokowi Assalamualaikum sir. I need your help sir i love a Indonesian girl and I want nikkah with her. Please help me to come there sir please sir 🙏🙏🙏🙏🙏	34.45999
Wed Apr 07 04:53:12 +0000 2021	@jokowi @UNHCRIndo @UNRefugeeAgency @7NewsMelbourne I I have been as a refugee in Indonesia 7  years and my family are in Afghanistan unfortunately my life destroyed I'm not interested in to be alive anymore I'm going to help with sick people, I want to donate my organs.	33.436237
Tue Apr 06 07:42:52 +0000 2021	@jokowi I have been as a refugee in Indonesia for 7 years and my family are in Afghanistan unfortunately my life destroyed I'm not interested in to be alive anymore I'm going to help with sick people, I want to donate my organs.	32.545902
Mon Apr 05 12:21:48 +0000 2021	@jokowi #AstraZeneca safe f.&gt;60yr old?DUNNO!UK+India etc careless=even if dead,won't know,they dont check,but MANY MORE YOUNG PEOPLE DEAD after AstraZeneca,GER+NED++STOP f.&lt;60+prepare #IMMUNGLOBULINE/medicine vs #Sinusthrombose in advance+USA DONT use AstraZeneca https://t.co/yozOPKMXBQ.	31.620966
Wed Apr 07 17:06:52 +0000 2021	@jokowi @0hFirdausss Hi 0hFirdausss, Brand new mobile game with highest quality coming soon！https://t.co/TL0EO4mUyr https://t.co/S1TGDMjj1h	31.569328
Fri Apr 09 23:48:05 +0000 2021	@jokowi cq.foreignmoinister.cq.japanese embassy. please hunt &amp; kill the whales for food etc.they still have a lot of different fishes to be eaten. they are God creatures.we beleive in karma.fukushima.tsunami.nuclear reactor damaged.many people died. like chernobyl.bhopal.👺👺☠☠	31.242098
Fri Apr 02 12:40:43 +0000 2021	@jokowi How beautiful 😍 future Indonesia 🇮🇩❤️🤍	30.403858
Thu Apr 08 23:58:00 +0000 2021	@jokowi correct your agent,do not sell by cheating,customers want to save why are they given insurance,strong evidence of crime remains dodgy,so the police report is still the best @AXA_Mandiri @bankmandiri @JulienSteimer @andreOPA @AXAFrance @AXA @AXASegurosEs @AXAIndonesia @AXAHealth	27.651329
Fri Apr 09 09:33:31 +0000 2021	@jokowi cryptocurrency VANCAT https://t.co/lxboLCxYgM   please help discuss the future project and its fundamentals. Please help 🙏🙏🙏	26.079004
Thu Apr 08 16:54:06 +0000 2021	@jokowi Dear president thanks for your concern on Myanmar. Despite over 82% voted party was taken over by Junta and now all landslide winner party NLD members parliaments are arresred across the country Including the leaders sunkyi n president win myint. Pleass take agreesive actions.	25.078733
Sun Apr 04 14:31:36 +0000 2021	@jokowi On behalf of the people of Pulau Buayo Village, Bathin VIII District, Sarolangun District - Jambi, Indonesia hereby asks: @DonaldJTrumpJr @JoeBiden @chedetofficial @jpmgov_ @PDRMsia    to check data and physical village funds in the village of Pulau Buayo. Thank you.	19.592295
Sun Apr 04 21:34:34 +0000 2021	@jokowi @saidaqil @susipudjiastuti @ruhutsitompul @psi_id @grace_nat @TsamaraDKI @PDI_Perjuangan @msoekarnoputri @ganjarpranowo @airlangga_hrt @Golkar5 @aburizalbakrie @NasDem @PartaiPerindo @DPP_PKB @cakimiNOW @edo751945 @pkp_ind @dHendropriyono @KemensetnegRI @mrtjakarta @kemenhub151 @BaleBengong @PBIDI @dinkesjateng @Tri_Rismaharini @GibranRakabumi @bobbynst @Ayangkahiyang @markobar1996 @SangPisang2017 @JokowiCentre @AhokDjarot @temanahok_id @AriWibowo_Ofc @addiems @agnezmo @Dennysiregar7 @WHO @dinkesJKT @detikcom @kompascom @drpriono1 @drdickybudiman @dewinaisyah @kaesangp @instagram @desrapercaya09 @dewantirumpoko 40 busses in fire(ah* church mobber there)+#VfL women OUT #Championsleague+trains derailed(ah* mobs applic from there)+GER many virus+INA many Covid19 dead+explosion+bomb+attack+crash++God angry,U/INA ah* let FOLK DIE+why mob my IG warn about #AstraZeneca https://t.co/5OfRcQJ4RR.	19.373245
Sun Apr 04 21:34:21 +0000 2021	@jokowi @KemenkesRI @DrTedros @Kiyai_MarufAmin @mohmahfudmd @muhadjir_ef @kemendagri @fadjroeL @Kemlu_RI @basuki_btp @erickthohir @tjahjo_kumolo @airlangga_hrt @sumrambah @wiranto1947 @DivHumas_Polri @wikuadisasmito @ridwankamil @ganjarpranowo @aniesbaswedan @KhofifahIP @EmilDardak @mprgoid @DPR_RI @TjahjantoHadi @setkabgoid @Menlu_RI @ditjen_imigrasi @KemenkeuRI @kemkominfo @kempanrb @kemenkomarves @KemnakerRI @KemenBUMN @KSPgoid @OmbudsmanRI137 @Pemkab_Malang @PemkotMalang @DKIJakarta @gubernur_bali @JatimPemprov @dewantirumpoko @ganisrumpoko @Mundjidah_Wahab @Dr_Moeldoko @dinkesjatim @monicanirmala @BudiGSadikin @samsutiaji @dewinaisyah 40 busses in fire(ah* church mobber there)+#VfL women OUT #Championsleague+trains derailed(ah* mobs applic from there)+GER many virus+INA many Covid19 dead+explosion+bomb+attack+crash++God angry,U/INA ah* let FOLK DIE+why mob my IG warn about #AstraZeneca https://t.co/5OfRcQJ4RR.	19.373245
Mon Apr 05 12:19:20 +0000 2021	@jokowi @KemenkesRI @DrTedros @Kiyai_MarufAmin @mohmahfudmd @muhadjir_ef @kemendagri @fadjroeL @Kemlu_RI @basuki_btp @erickthohir @tjahjo_kumolo @airlangga_hrt @sumrambah @wiranto1947 @DivHumas_Polri @wikuadisasmito @ridwankamil @ganjarpranowo @aniesbaswedan @KhofifahIP @EmilDardak @mprgoid @DPR_RI @TjahjantoHadi @setkabgoid @Menlu_RI @ditjen_imigrasi @KemenkeuRI @kemkominfo @kempanrb @kemenkomarves @KemnakerRI @KemenBUMN @KSPgoid @OmbudsmanRI137 @Pemkab_Malang @PemkotMalang @DKIJakarta @gubernur_bali @JatimPemprov @dewantirumpoko @ganisrumpoko @Mundjidah_Wahab @Dr_Moeldoko @dinkesjatim @monicanirmala @BudiGSadikin @samsutiaji @dewinaisyah #AstraZeneca safe f.&gt;60yr old?DUNNO!UK+India etc careless=even if dead,won't know,they dont check,but MANY MORE YOUNG PEOPLE DEAD after AstraZeneca,GER+NED++STOP f.&lt;60+prepare #IMMUNGLOBULINE/medicine vs #Sinusthrombose in advance+USA DONT use AstraZeneca https://t.co/yozOPKMXBQ.	18.02823
Mon Apr 05 12:24:26 +0000 2021	@jokowi @saidaqil @susipudjiastuti @ruhutsitompul @psi_id @grace_nat @TsamaraDKI @PDI_Perjuangan @msoekarnoputri @ganjarpranowo @airlangga_hrt @Golkar5 @aburizalbakrie @NasDem @PartaiPerindo @DPP_PKB @cakimiNOW @edo751945 @pkp_ind @dHendropriyono @KemensetnegRI @mrtjakarta @kemenhub151 @BaleBengong @PBIDI @dinkesjateng @Tri_Rismaharini @GibranRakabumi @bobbynst @Ayangkahiyang @markobar1996 @SangPisang2017 @JokowiCentre @AhokDjarot @temanahok_id @AriWibowo_Ofc @addiems @agnezmo @Dennysiregar7 @WHO @dinkesJKT @detikcom @kompascom @drpriono1 @drdickybudiman @dewinaisyah @kaesangp @instagram @desrapercaya09 @dewantirumpoko #AstraZeneca safe f.&gt;60yr old?DUNNO!UK+India etc careless=even if dead,won't know,they dont check,but MANY MORE YOUNG PEOPLE DEAD after AstraZeneca,GER+NED++STOP f.&lt;60+prepare #IMMUNGLOBULINE/medicine vs #Sinusthrombose in advance+USA DONT use AstraZeneca https://t.co/yozOPKMXBQ.	18.02823
Mon Apr 05 12:32:50 +0000 2021	@jokowi @KemenkesRI @DrTedros @Kiyai_MarufAmin @mohmahfudmd @muhadjir_ef @kemendagri @fadjroeL @Kemlu_RI @basuki_btp @erickthohir @tjahjo_kumolo @airlangga_hrt @sumrambah @wiranto1947 @DivHumas_Polri @wikuadisasmito @ridwankamil @ganjarpranowo @aniesbaswedan @KhofifahIP @EmilDardak @mprgoid @DPR_RI @TjahjantoHadi @setkabgoid @Menlu_RI @ditjen_imigrasi @KemenkeuRI @kemkominfo @kempanrb @kemenkomarves @KemnakerRI @KemenBUMN @KSPgoid @OmbudsmanRI137 @Pemkab_Malang @PemkotMalang @DKIJakarta @gubernur_bali @JatimPemprov @dewantirumpoko @ganisrumpoko @Mundjidah_Wahab @Dr_Moeldoko @dinkesjatim @monicanirmala @BudiGSadikin @samsutiaji @dewinaisyah #AstraZeneca safe f.&gt;60yr old?DUNNO!UK+India etc CARELESS=even if DEAD,won't know,they DONT CHECK.But MANY MORE YOUNG PEOPLE DEAD after AstraZeneca,GER+NED++STOP f.&lt;60+prepare #IMMUNGLOBULINE/medicine vs #Sinusthrombose IN ADVANCE+USA DONT use AstraZeneca https://t.co/yozOPKMXBQ.	18.02823
Sat Apr 10 06:58:41 +0000 2021	@jokowi Bapak, would you like to learn me speaking english?	17.02325
Wed Apr 07 07:56:00 +0000 2021	@jokowi Keep Brightmind: Keep Hygienic-Fresh-Healthy. Fathonie Abdullah (Fathonie AG or Thonie AG)   Twitter:  @AG_Thonie @Thonie_AG_News @News_Thonie_AG @Thonie_Top_News  https://t.co/J6ukkkv8K2	16.972664
Fri Apr 02 11:58:34 +0000 2021	@jokowi Keep Brightmind: Keep Hygienic-Fresh-Healthy. Fathonie Abdullah (Fathonie AG or Thonie AG)   Twitter:  @AG_Thonie @Thonie_AG_News @News_Thonie_AG @Thonie_Top_News  https://t.co/A4QpiBEXaq	16.972664
Sat Apr 10 09:31:08 +0000 2021	@jokowi Keep Brightmind: Keep Hygienic-Fresh-Healthy. Fathonie Abdullah (Fathonie AG or Thonie AG)   Twitter:  @AG_Thonie @Thonie_AG_News @News_Thonie_AG @Thonie_Top_News @World_Top_News1  https://t.co/VN7mJgOFgd	16.859241
Wed Apr 07 02:29:39 +0000 2021	@jokowi punten, with all due respect, ... it looks OTT, outdated, monument-ish, scream safety risk, campy and norak ... 🤭🤣🤣🤣 #whatwereuthinking	16.797028
Wed Mar 31 02:15:59 +0000 2021	@jokowi I only wrote no Durian,Petai+no alcohol etc if U dont want to get positive #GeNose result,since RI use GeNose,but I NEVER ADVISE U to use GeNose f. airplane etc,but RI always look for problems,why Pilkada,now GeNose etc to spread than kill virus=RI never serious+VIRUS FAKE DOWN🤬	16.337097
Sat Apr 03 00:30:16 +0000 2021	@jokowi TAIWAN TRAINACCIDENT IN THE TUNNEL.150 KM/HOUR. 40 VICTIMS FROM 500. INDONESIAN.BANDUNG-JKT TRAIN 350KM/HOUR ALSO HAVE TUNNEL. NEED ABSOLUTELY THE SECURITY https://t.co/dwqQWPPRIU also inkm 90 .the soil abit unstable. the Indonesia&amp; the China MUST RE STUDY everytime👺👽	15.518553
Mon Apr 05 12:18:10 +0000 2021	@jokowi @KemenkesRI @DrTedros @Kiyai_MarufAmin @mohmahfudmd @muhadjir_ef @kemendagri @fadjroeL @Kemlu_RI @basuki_btp @erickthohir @tjahjo_kumolo @airlangga_hrt @sumrambah @wiranto1947 @DivHumas_Polri @wikuadisasmito @ridwankamil @ganjarpranowo @aniesbaswedan @KhofifahIP @EmilDardak @mprgoid @DPR_RI @TjahjantoHadi @setkabgoid @Menlu_RI @ditjen_imigrasi @KemenkeuRI @kemkominfo @kempanrb @kemenkomarves @KemnakerRI @KemenBUMN @KSPgoid @OmbudsmanRI137 @Pemkab_Malang @PemkotMalang @DKIJakarta @gubernur_bali @JatimPemprov @dewantirumpoko @ganisrumpoko @Mundjidah_Wahab @Dr_Moeldoko @dinkesjatim @monicanirmala @BudiGSadikin @samsutiaji @dewinaisyah Is #AstraZeneca safe f.&gt;60yr old?I DUNNO!UK+India etc careless=even if dead after AstraZeneca,U won't know,they dont check,but MANY MORE YOUNG PEOPLE DEAD after AstraZeneca,GER+NED++STOP f.&lt;60+prepare #IMMUNGLOBULINE/medicine vs #Sinusthrombose in advance https://t.co/yozOPKMXBQ.	15.472601
Sat Apr 10 17:30:26 +0000 2021	@jokowi I say with my student. Do you want marry me. My student in junior high school. What is pity. Sir go a head fuck me. I am still in junior high school.	14.742469
Wed Mar 31 02:48:28 +0000 2021	@jokowi I treat U as KING+QUEEN-&gt;wrote EXTRA f.U updates+tips.Karma,GER forever lockdown+INA AllEngland unluck,Makassar bomb++,mob/kill soc med=ruin reputation+made busy only+so God to U,God is love,but fair+not idiot+from now on read self https://t.co/LEJ20R616z https://t.co/J3AUIJHW1F.	14.605204
Tue Apr 06 08:09:09 +0000 2021	@jokowi Hi guys, I would recommend a great Solar Lights seller on Amazon which I bought from and used for years, really got great fun and charming lighting atmosphere around house.   Here is the beautiful Solar post cap lights I like so much : https://t.co/eV8OyVTpAD https://t.co/TCZ8BZKkjo	14.546413
Mon Apr 05 06:39:05 +0000 2021	@jokowi  World's Top 10 Export Products?  https://t.co/0WizAMKY1e (Share &amp; subscribe valuable video) Worlds Top 30 Export Products? https://t.co/Ikw1SAKNq9 Worlds Top Exporting Countries? https://t.co/ygx6pN8b8h World's Top  Importing Countries? https://t.co/cBuu23sdbj	13.8882885
Sun Apr 04 21:14:18 +0000 2021	@jokowi @saidaqil @susipudjiastuti @ruhutsitompul @psi_id @grace_nat @TsamaraDKI @PDI_Perjuangan @msoekarnoputri @ganjarpranowo @airlangga_hrt @Golkar5 @aburizalbakrie @NasDem @PartaiPerindo @DPP_PKB @cakimiNOW @edo751945 @pkp_ind @dHendropriyono @KemensetnegRI @mrtjakarta @kemenhub151 @BaleBengong @PBIDI @dinkesjateng @Tri_Rismaharini @GibranRakabumi @bobbynst @Ayangkahiyang @markobar1996 @SangPisang2017 @JokowiCentre @AhokDjarot @temanahok_id @AriWibowo_Ofc @addiems @agnezmo @Dennysiregar7 @WHO @dinkesJKT @detikcom @kompascom @drpriono1 @drdickybudiman @dewinaisyah @kaesangp @instagram @desrapercaya09 @dewantirumpoko USA products did GER/INA ah* order to mob,USA no luck+OUT tennis,capitol+INA Pres.palace+police headquarter got attack,oil explosion,plane crash,bomb,AllEngland,etc+40 GER busses in fire(MILLIONS EUR damage)+trains derailed++coz ah* mob my Instagram/GMail https://t.co/8rEdCI0CFs.	12.734431
Sun Apr 04 21:14:03 +0000 2021	@jokowi @KemenkesRI @DrTedros @Kiyai_MarufAmin @mohmahfudmd @muhadjir_ef @kemendagri @fadjroeL @Kemlu_RI @basuki_btp @erickthohir @tjahjo_kumolo @airlangga_hrt @sumrambah @wiranto1947 @DivHumas_Polri @wikuadisasmito @ridwankamil @ganjarpranowo @aniesbaswedan @KhofifahIP @EmilDardak @mprgoid @DPR_RI @TjahjantoHadi @setkabgoid @Menlu_RI @ditjen_imigrasi @KemenkeuRI @kemkominfo @kempanrb @kemenkomarves @KemnakerRI @KemenBUMN @KSPgoid @OmbudsmanRI137 @Pemkab_Malang @PemkotMalang @DKIJakarta @gubernur_bali @JatimPemprov @dewantirumpoko @ganisrumpoko @Mundjidah_Wahab @Dr_Moeldoko @dinkesjatim @monicanirmala @BudiGSadikin @samsutiaji @dewinaisyah USA products did GER/INA ah* order to mob,USA no luck+OUT tennis,capitol+INA Pres.palace+police headquarter got attack,oil explosion,plane crash,bomb,AllEngland,etc+40 GER busses in fire(MILLIONS EUR damage)+trains derailed++coz ah* mob my Instagram/GMail https://t.co/8rEdCI0CFs.	12.734431
Fri Apr 09 23:00:27 +0000 2021	@jokowi cq.foreignminister.cq aus tralian embassy PLS DO NOT KILL ALL WILD HORSES JUST TO PROTECT THE TREESPLANTS IN AUSTRALIA. SEND TO INDONESIA. WE WILL TAKECARE THE UNGUILTY HORSES.THE GOD CREATURES JUST WARN AUSTR.THE KARMA WILL COME AUSSIES. PL.BELIEVE IN GOD👺👺👺👽👽👽	12.650186
Wed Mar 31 21:57:40 +0000 2021	@jokowi @saidaqil @susipudjiastuti @ruhutsitompul @psi_id @grace_nat @TsamaraDKI @PDI_Perjuangan @msoekarnoputri @ganjarpranowo @airlangga_hrt @Golkar5 @aburizalbakrie @NasDem @PartaiPerindo @DPP_PKB @cakimiNOW @edo751945 @pkp_ind @dHendropriyono @KemensetnegRI @mrtjakarta @kemenhub151 @BaleBengong @PBIDI @dinkesjateng @Tri_Rismaharini @GibranRakabumi @bobbynst @Ayangkahiyang @markobar1996 @SangPisang2017 @JokowiCentre @AhokDjarot @temanahok_id @AriWibowo_Ofc @addiems @agnezmo @Dennysiregar7 @WHO @dinkesJKT @detikcom @kompascom @drpriono1 @drdickybudiman @dewinaisyah @kaesangp @instagram @desrapercaya09 @dewantirumpoko #AllEngland mobbing to INA team is nothing+even not 1% GER sadism+racism to me+why I can manage pandemic(U cant)coz GER more sadistic than Nazi to me-&gt;stainless steel nervs++U easily lost mind+a bit a bit suicide,GER+EU no future like BabaVanga prediction https://t.co/Z3LsLg9flq.	12.541058
Wed Mar 31 21:57:26 +0000 2021	@jokowi @KemenkesRI @DrTedros @Kiyai_MarufAmin @mohmahfudmd @muhadjir_ef @kemendagri @fadjroeL @Kemlu_RI @basuki_btp @erickthohir @tjahjo_kumolo @airlangga_hrt @sumrambah @wiranto1947 @DivHumas_Polri @wikuadisasmito @ridwankamil @ganjarpranowo @aniesbaswedan @KhofifahIP @EmilDardak @mprgoid @DPR_RI @TjahjantoHadi @setkabgoid @Menlu_RI @ditjen_imigrasi @KemenkeuRI @kemkominfo @kempanrb @kemenkomarves @KemnakerRI @KemenBUMN @KSPgoid @OmbudsmanRI137 @Pemkab_Malang @PemkotMalang @DKIJakarta @gubernur_bali @JatimPemprov @dewantirumpoko @ganisrumpoko @Mundjidah_Wahab @Dr_Moeldoko @dinkesjatim @monicanirmala @BudiGSadikin @samsutiaji @dewinaisyah #AllEngland mobbing to INA team is nothing+even not 1% GER sadism+racism to me+why I can manage pandemic(U cant)coz GER more sadistic than Nazi to me-&gt;stainless steel nervs++U easily lost mind+a bit a bit suicide,GER+EU no future like BabaVanga prediction https://t.co/Z3LsLgqQK0.	12.541058
Thu Apr 08 16:57:07 +0000 2021	@jokowi @Menlu_RI @Wahyuningrum Dear president thanks for your call on Myanmar that was taken over by Junta and now all landslide winner party NLD members parliaments are arresred across the country Including the leaders sunkyi n president win myint. Pleass take agreesive actions https://t.co/t7BOz5l86g	11.457759
Sun Apr 04 19:51:56 +0000 2021	@jokowi @saidaqil @susipudjiastuti @ruhutsitompul @psi_id @grace_nat @TsamaraDKI @PDI_Perjuangan @msoekarnoputri @ganjarpranowo @airlangga_hrt @Golkar5 @aburizalbakrie @NasDem @PartaiPerindo @DPP_PKB @cakimiNOW @edo751945 @pkp_ind @dHendropriyono @KemensetnegRI @mrtjakarta @kemenhub151 @BaleBengong @PBIDI @dinkesjateng @Tri_Rismaharini @GibranRakabumi @bobbynst @Ayangkahiyang @markobar1996 @SangPisang2017 @JokowiCentre @AhokDjarot @temanahok_id @AriWibowo_Ofc @addiems @agnezmo @Dennysiregar7 @WHO @dinkesJKT @detikcom @kompascom @drpriono1 @drdickybudiman @dewinaisyah @kaesangp @instagram @desrapercaya09 @dewantirumpoko Karma,USA Capitol+INA police headquarter got attack,bomb,plane crash,Badminton+#AllEngland unlucks etc,GER church ah* mob #GMail+INA ah* mob IG LuckyBlessedMe,only coz I warned all s.t.NONE RIP after #AstraZeneca,why God backs innocent me that tried to save lives,U let people die	11.312838
Sun Apr 04 19:52:11 +0000 2021	@jokowi @KemenkesRI @DrTedros @Kiyai_MarufAmin @mohmahfudmd @muhadjir_ef @kemendagri @fadjroeL @Kemlu_RI @basuki_btp @erickthohir @tjahjo_kumolo @airlangga_hrt @sumrambah @wiranto1947 @DivHumas_Polri @wikuadisasmito @ridwankamil @ganjarpranowo @aniesbaswedan @KhofifahIP @EmilDardak @mprgoid @DPR_RI @TjahjantoHadi @setkabgoid @Menlu_RI @ditjen_imigrasi @KemenkeuRI @kemkominfo @kempanrb @kemenkomarves @KemnakerRI @KemenBUMN @KSPgoid @OmbudsmanRI137 @Pemkab_Malang @PemkotMalang @DKIJakarta @gubernur_bali @JatimPemprov @dewantirumpoko @ganisrumpoko @Mundjidah_Wahab @Dr_Moeldoko @dinkesjatim @monicanirmala @BudiGSadikin @samsutiaji @dewinaisyah Karma,USA Capitol+INA police headquarter got attack,bomb,plane crash,Badminton+#AllEngland unlucks etc,GER church ah* mob #GMail+INA ah* mob IG LuckyBlessedMe,only coz I warned all s.t.NONE RIP after #AstraZeneca,why God backs innocent me that tried to save lives,U let people die	11.312838
Sat Apr 10 09:07:04 +0000 2021	@jokowi First of Her Name, the Unburnt, Queen of the Andals and the First Men, Khaleesi of the Great Grass Sea, Breaker of Chains, and Mother of Dragons .. Dracarys	11.248952
Sat Apr 10 21:31:31 +0000 2021	My deepest condolences on the passing of HRH Prince Philip, the Duke of Edinburgh. Our thoughts and prayers are with Her Majesty Queen Elizabeth II, the Royal Family and the British people in this time of sorrow.	10.745912
Fri Apr 02 07:37:22 +0000 2021	@jokowi @my___nadreeaa 🇮🇳ＯＰＰＡＢＥＴ🇮🇳ＯＰＰＡＢＥＴ🇮🇳 ⚡The Best Online Casino in Asia⚡  🔥 GET 75 FREE SPINS everyday! 🔥 ❌ NO DEPOSITS REQUIRED! ❌  ⭐️ Play all 𝗢𝗣𝗣𝗔𝗕𝗘𝗧 games and win! ⭐️  🌐 𝙍𝙀𝙂𝙄𝙎𝙏𝙀𝙍: https://t.co/IO5a89wjaQ Our 24 hours LIVE CHAT is here to help you! https://t.co/h6Bltojo6i	10.530404
Thu Apr 01 12:55:57 +0000 2021	@jokowi , @Menlu_RI We Myanmar citizens humbly request you to 1.Recognise CRPH as the legit government of Myanmar 2.Refuse to recognise or meet with military(inc ASEAN meetings) 3.Sanction military owned companies, inc MEC&amp;MEH 4.Condemn the killing &amp; arrest of peaceful protestors	10.214554
Thu Apr 01 09:10:31 +0000 2021	@jokowi 🔴#COVID19 Greetings, Can you send us the reply of Mr. Joko Widodo : President of 🇮🇩, Mr. Maruf Amin : Vice President and Mr. Budi Gunadi Sadikin : 🇮🇩 Health Minister to our very urgent letter : https://t.co/dXZ6mSXM63  Thank you. Email : join.unitedhealthprofessionals@gmail.com	9.952699
Fri Apr 02 13:21:26 +0000 2021	@jokowi Pak,form follow function Pak...	9.709262
Wed Mar 31 21:50:32 +0000 2021	@jokowi @saidaqil @susipudjiastuti @ruhutsitompul @psi_id @grace_nat @TsamaraDKI @PDI_Perjuangan @msoekarnoputri @ganjarpranowo @airlangga_hrt @Golkar5 @aburizalbakrie @NasDem @PartaiPerindo @DPP_PKB @cakimiNOW @edo751945 @pkp_ind @dHendropriyono @KemensetnegRI @mrtjakarta @kemenhub151 @BaleBengong @PBIDI @dinkesjateng @Tri_Rismaharini @GibranRakabumi @bobbynst @Ayangkahiyang @markobar1996 @SangPisang2017 @JokowiCentre @AhokDjarot @temanahok_id @AriWibowo_Ofc @addiems @agnezmo @Dennysiregar7 @WHO @dinkesJKT @detikcom @kompascom @drpriono1 @drdickybudiman @dewinaisyah @kaesangp @instagram @desrapercaya09 @dewantirumpoko GER only nice to muslims+criminals=ask them to make win+safe(not me that U treat worse than sh*)#Refugees 2015 arrived,soon citizen;I &gt;25yr NEVER GER+U MOB+RUIN;my prayer F1+#GrandSlams+#WC2014++#1stWAVE RoleModel my idea+Verdienstorden f.others=Pray self https://t.co/qDoRAtc692.	9.33404
Wed Mar 31 21:50:18 +0000 2021	@jokowi @KemenkesRI @DrTedros @Kiyai_MarufAmin @mohmahfudmd @muhadjir_ef @kemendagri @fadjroeL @Kemlu_RI @basuki_btp @erickthohir @tjahjo_kumolo @airlangga_hrt @sumrambah @wiranto1947 @DivHumas_Polri @wikuadisasmito @ridwankamil @ganjarpranowo @aniesbaswedan @KhofifahIP @EmilDardak @mprgoid @DPR_RI @TjahjantoHadi @setkabgoid @Menlu_RI @ditjen_imigrasi @KemenkeuRI @kemkominfo @kempanrb @kemenkomarves @KemnakerRI @KemenBUMN @KSPgoid @OmbudsmanRI137 @Pemkab_Malang @PemkotMalang @DKIJakarta @gubernur_bali @JatimPemprov @dewantirumpoko @ganisrumpoko @Mundjidah_Wahab @Dr_Moeldoko @dinkesjatim @monicanirmala @BudiGSadikin @samsutiaji @dewinaisyah GER only nice to muslims+criminals=ask them to make win+safe(not me that U treat worse than sh*)#Refugees 2015 arrived,soon citizen;I &gt;25yr NEVER GER+U MOB+RUIN;my prayer F1+#GrandSlams+#WC2014++#1stWAVE RoleModel my idea+Verdienstorden f.others=Pray self https://t.co/qDoRAtc692.	9.33404
Fri Apr 02 19:27:24 +0000 2021	@jokowi I hope the building is beautiful also strong and safe for the president.	8.877031
Wed Mar 31 02:15:31 +0000 2021	@jokowi @KemenkesRI @DrTedros @Kiyai_MarufAmin @mohmahfudmd @muhadjir_ef @kemendagri @fadjroeL @Kemlu_RI @basuki_btp @erickthohir @tjahjo_kumolo @airlangga_hrt @sumrambah @wiranto1947 @DivHumas_Polri @wikuadisasmito @ridwankamil @ganjarpranowo @aniesbaswedan @KhofifahIP @EmilDardak @mprgoid @DPR_RI @TjahjantoHadi @setkabgoid @Menlu_RI @ditjen_imigrasi @KemenkeuRI @kemkominfo @kempanrb @kemenkomarves @KemnakerRI @KemenBUMN @KSPgoid @OmbudsmanRI137 @Pemkab_Malang @PemkotMalang @DKIJakarta @gubernur_bali @JatimPemprov @dewantirumpoko @ganisrumpoko @Mundjidah_Wahab @Dr_Moeldoko @dinkesjatim @monicanirmala @BudiGSadikin @samsutiaji @dewinaisyah I only wrote no Durian,Petai+no alcohol etc if U dont want to get positive #GeNose result,since RI use GeNose,but I NEVER ADVISE U to use GeNose f. airplane etc,but RI always look for problems,why Pilkada,now GeNose etc to spread than kill virus=RI never serious+VIRUS FAKE DOWN🤬	8.4800625
Wed Mar 31 02:18:51 +0000 2021	@jokowi @saidaqil @susipudjiastuti @ruhutsitompul @psi_id @grace_nat @TsamaraDKI @PDI_Perjuangan @msoekarnoputri @ganjarpranowo @airlangga_hrt @Golkar5 @aburizalbakrie @NasDem @PartaiPerindo @DPP_PKB @cakimiNOW @edo751945 @pkp_ind @dHendropriyono @KemensetnegRI @mrtjakarta @kemenhub151 @BaleBengong @PBIDI @dinkesjateng @Tri_Rismaharini @GibranRakabumi @bobbynst @Ayangkahiyang @markobar1996 @SangPisang2017 @JokowiCentre @AhokDjarot @temanahok_id @AriWibowo_Ofc @addiems @agnezmo @Dennysiregar7 @WHO @dinkesJKT @detikcom @kompascom @drpriono1 @drdickybudiman @dewinaisyah @kaesangp @instagram @desrapercaya09 @dewantirumpoko I only wrote no Durian,Petai+no alcohol etc if U dont want to get positive #GeNose result,since RI use GeNose,but I NEVER ADVISE U to use GeNose f. airplane etc,but RI always look for problems,why Pilkada,now GeNose etc to spread than kill virus=RI never serious+VIRUS FAKE DOWN🤬	8.4800625
Wed Mar 31 02:48:07 +0000 2021	@jokowi @saidaqil @susipudjiastuti @ruhutsitompul @psi_id @grace_nat @TsamaraDKI @PDI_Perjuangan @msoekarnoputri @ganjarpranowo @airlangga_hrt @Golkar5 @aburizalbakrie @NasDem @PartaiPerindo @DPP_PKB @cakimiNOW @edo751945 @pkp_ind @dHendropriyono @KemensetnegRI @mrtjakarta @kemenhub151 @BaleBengong @PBIDI @dinkesjateng @Tri_Rismaharini @GibranRakabumi @bobbynst @Ayangkahiyang @markobar1996 @SangPisang2017 @JokowiCentre @AhokDjarot @temanahok_id @AriWibowo_Ofc @addiems @agnezmo @Dennysiregar7 @WHO @dinkesJKT @detikcom @kompascom @drpriono1 @drdickybudiman @dewinaisyah @kaesangp @instagram @desrapercaya09 @dewantirumpoko I treat U as KING+QUEEN-&gt;wrote EXTRA f.U updates+tips.Karma,GER forever lockdown+INA AllEngland unluck,Makassar bomb++,mob/kill soc med=ruin reputation+made busy only+so God to U,God is love,but fair+not idiot+from now on read self https://t.co/LEJ20R616z https://t.co/J3AUIJHW1F.	8.376448
Wed Mar 31 02:47:12 +0000 2021	@jokowi @KemenkesRI @DrTedros @Kiyai_MarufAmin @mohmahfudmd @muhadjir_ef @kemendagri @fadjroeL @Kemlu_RI @basuki_btp @erickthohir @tjahjo_kumolo @airlangga_hrt @sumrambah @wiranto1947 @DivHumas_Polri @wikuadisasmito @ridwankamil @ganjarpranowo @aniesbaswedan @KhofifahIP @EmilDardak @mprgoid @DPR_RI @TjahjantoHadi @setkabgoid @Menlu_RI @ditjen_imigrasi @KemenkeuRI @kemkominfo @kempanrb @kemenkomarves @KemnakerRI @KemenBUMN @KSPgoid @OmbudsmanRI137 @Pemkab_Malang @PemkotMalang @DKIJakarta @gubernur_bali @JatimPemprov @dewantirumpoko @ganisrumpoko @Mundjidah_Wahab @Dr_Moeldoko @dinkesjatim @monicanirmala @BudiGSadikin @samsutiaji @dewinaisyah I treat U as KING+QUEEN-&gt;wrote EXTRA f.U updates+tips.Karma,GER forever lockdown+INA AllEngland unluck,Makassar bomb++,mob/kill soc med=ruin reputation+made busy only+so God to U,God is love,but fair+not idiot+from now on read self https://t.co/LEJ20RnCv9 https://t.co/J3AUIJqla7.	8.376448
Mon Apr 05 10:28:01 +0000 2021	@jokowi Thanks for your attention, Mr. President. Keep strong &amp; God Bless You❤️	8.00195
Thu Apr 08 01:22:09 +0000 2021	@jokowi info 4 comparative study management of state financial INDONESIA.IMPROVEMENT 4 A BETTERNESS.MERDEKA76🇮🇩🇮🇩 https://t.co/GRxHppqrwc	7.106329
Wed Mar 31 06:50:45 +0000 2021	@jokowi @Menlu_RI @temponewsroom @tvOneNews @Yahoo_ID @TwitterID @MuslimsDwnUnder @AMPalestine @StateDept @dfat Nothing to see here. People and some media outlets believe the Chinese communist party. A party who denies the locking up of 1 million Muslims ?https://t.co/d7lsZjaby6	6.9095554
Sat Apr 03 00:33:45 +0000 2021	@jokowi Supported by RRT Government.	6.84621
Wed Mar 31 02:25:05 +0000 2021	@jokowi I treat U as KING+QUEEN why wrote EXTRA f.U,s.t.U get updates+tips,but U even mob Instagram etc,Karma,AllEngland unluck,Makassar bomb etc,coz U made me busy only,so God to U,same,God is love,but fair+not idiot+from now on read self https://t.co/LEJ20RnCv9 https://t.co/J3AUIJqla7.	6.836999
Wed Mar 31 14:45:17 +0000 2021	@jokowi @KemenkesRI @DrTedros @Kiyai_MarufAmin @mohmahfudmd @muhadjir_ef @kemendagri @fadjroeL @Kemlu_RI @basuki_btp @erickthohir @tjahjo_kumolo @airlangga_hrt @sumrambah @wiranto1947 @DivHumas_Polri @wikuadisasmito @ridwankamil @ganjarpranowo @aniesbaswedan @KhofifahIP @EmilDardak @mprgoid @DPR_RI @TjahjantoHadi @setkabgoid @Menlu_RI @ditjen_imigrasi @KemenkeuRI @kemkominfo @kempanrb @kemenkomarves @KemnakerRI @KemenBUMN @KSPgoid @OmbudsmanRI137 @Pemkab_Malang @PemkotMalang @DKIJakarta @gubernur_bali @JatimPemprov @dewantirumpoko @ganisrumpoko @Mundjidah_Wahab @Dr_Moeldoko @dinkesjatim @monicanirmala @BudiGSadikin @samsutiaji @dewinaisyah ALL GER parties racial+hypocrites+why no luck+RIP young+prayer NEVER heard+so MOST politicians+mobbers VIP hell+hell worse than Covid19,paralyzed++coz forever.INA mob Instagram again only coz I warn NOT to use #GeNose(inaccurate)+be careful w/#AstraZeneca https://t.co/ZNuKl4Dui3.	6.705728
Wed Mar 31 14:45:32 +0000 2021	@jokowi @saidaqil @susipudjiastuti @ruhutsitompul @psi_id @grace_nat @TsamaraDKI @PDI_Perjuangan @msoekarnoputri @ganjarpranowo @airlangga_hrt @Golkar5 @aburizalbakrie @NasDem @PartaiPerindo @DPP_PKB @cakimiNOW @edo751945 @pkp_ind @dHendropriyono @KemensetnegRI @mrtjakarta @kemenhub151 @BaleBengong @PBIDI @dinkesjateng @Tri_Rismaharini @GibranRakabumi @bobbynst @Ayangkahiyang @markobar1996 @SangPisang2017 @JokowiCentre @AhokDjarot @temanahok_id @AriWibowo_Ofc @addiems @agnezmo @Dennysiregar7 @WHO @dinkesJKT @detikcom @kompascom @drpriono1 @drdickybudiman @dewinaisyah @kaesangp @instagram @desrapercaya09 @dewantirumpoko ALL GER parties racial+hypocrites+why no luck+RIP young+prayer NEVER heard+so MOST politicians+mobbers VIP hell+hell worse than Covid19,paralyzed++coz forever.INA mob Instagram again only coz I warn NOT to use #GeNose(inaccurate)+be careful w/#AstraZeneca https://t.co/ZNuKl4Dui3.	6.705728
Sat Apr 10 12:47:31 +0000 2021	@jokowi Good job 👍	6.533697
Fri Apr 02 17:10:48 +0000 2021	@jokowi This project will need at least 50 years, isn't it?	6.3755436
Wed Mar 31 14:43:51 +0000 2021	@jokowi @KemenkesRI @DrTedros @Kiyai_MarufAmin @mohmahfudmd @muhadjir_ef @kemendagri @fadjroeL @Kemlu_RI @basuki_btp @erickthohir @tjahjo_kumolo @airlangga_hrt @sumrambah @wiranto1947 @DivHumas_Polri @wikuadisasmito @ridwankamil @ganjarpranowo @aniesbaswedan @KhofifahIP @EmilDardak @mprgoid @DPR_RI @TjahjantoHadi @setkabgoid @Menlu_RI @ditjen_imigrasi @KemenkeuRI @kemkominfo @kempanrb @kemenkomarves @KemnakerRI @KemenBUMN @KSPgoid @OmbudsmanRI137 @Pemkab_Malang @PemkotMalang @DKIJakarta @gubernur_bali @JatimPemprov @dewantirumpoko @ganisrumpoko @Mundjidah_Wahab @Dr_Moeldoko @dinkesjatim @monicanirmala @BudiGSadikin @samsutiaji @dewinaisyah ALL GER parties racial+hypocrites+why no luck+RIP young+prayer NEVER heard+so MOST politicians+mobbers VIP hell+hell worse than Covid19,paralyzed++coz forever.Mob my Instagram again only coz I warn NOT to use #GeNose(inaccurate)+be careful w/#AstraZeneca🤬https://t.co/ZNuKl4Dui3.	6.3468237
Thu Apr 01 13:25:04 +0000 2021	@jokowi Yuk join https://t.co/81eIow05oi	6.182892
Fri Apr 09 02:23:35 +0000 2021	@jokowi Have a great job pak,,👌	5.9330254
Wed Mar 31 20:23:48 +0000 2021	@jokowi the only one G0D is the GOD for moslem.christian.budhist. hindu eventhough the unbeliever. Ever talk to a priest cq.a late son in law of Gudang Garam.The catholic thinkers.conclution GOD IS LOVE. no form like King or others. peace no hate.war or brainwash ☻😼👨‍🔧👩‍🚒❤❤❤	5.5178595
Fri Apr 09 17:26:58 +0000 2021	@jokowi Meow $VANCAT lovers, we're shining like stars. Go everywhere on the internet and share $VANCAT with #Vancatarmy and show the power of our community.  Buy $VANCAT on: https://t.co/KPbN6ex3pv  https://t.co/ewLjDLFI6g   #Vancatarmy $VANCAT @vancattoken @vancatcommunity	5.4882126
Thu Apr 08 09:19:43 +0000 2021	@jokowi ❤️ @agnezmo ❤️  Vote using these hashtags: #Agnation #BestFanArmy #iHeartAwards And vote on: https://t.co/NOWMWbOY60 https://t.co/9D2rZGoxy3 https://t.co/wfdAZvgT9Q	5.369289
Thu Apr 08 09:20:02 +0000 2021	@jokowi ❤️ @agnezmo ❤️  Vote using these hashtags: #Agnation #BestFanArmy #iHeartAwards And vote on: https://t.co/NOWMWbOY60 https://t.co/9D2rZGoxy3 https://t.co/rHSVG2azgv	5.369289
Thu Apr 08 09:20:07 +0000 2021	@jokowi ❤️ @agnezmo ❤️  Vote using these hashtags: #Agnation #BestFanArmy #iHeartAwards And vote on: https://t.co/NOWMWbOY60 https://t.co/9D2rZGoxy3 https://t.co/MovLiRpbZC	5.369289
Thu Apr 08 09:20:39 +0000 2021	@jokowi ❤️ @agnezmo ❤️  Vote using these hashtags: #Agnation #BestFanArmy #iHeartAwards And vote on: https://t.co/NOWMWbOY60 https://t.co/9D2rZGoxy3 https://t.co/MSaUELVn3i	5.369289
Thu Apr 08 09:20:58 +0000 2021	@jokowi ❤️ @agnezmo ❤️  Vote using these hashtags: #Agnation #BestFanArmy #iHeartAwards And vote on: https://t.co/NOWMWbOY60 https://t.co/9D2rZGoxy3 https://t.co/Jr3ykUCtfy	5.369289
Thu Apr 08 09:21:18 +0000 2021	@jokowi ❤️ @agnezmo ❤️  Vote using these hashtags: #Agnation #BestFanArmy #iHeartAwards And vote on: https://t.co/NOWMWbOY60 https://t.co/9D2rZGoxy3 https://t.co/1ND37ysvJc	5.369289
Thu Apr 08 09:21:38 +0000 2021	@jokowi ❤️ @agnezmo ❤️  Vote using these hashtags: #Agnation #BestFanArmy #iHeartAwards And vote on: https://t.co/NOWMWbOY60 https://t.co/9D2rZGoxy3 https://t.co/YaqY3KM8Ai	5.369289
Fri Apr 09 00:01:37 +0000 2021	@jokowi @PutraWadapi What you should do sir to stop this Pandemic? You have big power to do that. But I saw so many contradictive decision that Goverment did. Do not wait until everybody die cause of this virus. Many thanks to your attention sir.	5.0932093
Sat Apr 10 06:02:19 +0000 2021	@jokowi Hi guys, I would recommend a great Solar Lights seller on Amazon which I bought from and used for years, really got great fun and charming lighting atmosphere around house.   Here is the beautiful Solar post lights outdoor I like so much : https://t.co/LMBRMTVXHm https://t.co/RD5OvtsXth	5.017349
Thu Apr 01 04:46:11 +0000 2021	@jokowi Hi guys, I would recommend a great Solar Lights seller on Amazon which I bought from and used for years, really got great fun and charming lighting atmosphere around house.   Here is the beautiful Solar garden lights I like so much : https://t.co/Trb7akP3Hz https://t.co/6BwZDXHP2T	5.017349
Thu Apr 01 06:15:50 +0000 2021	@jokowi Hi guys, I would recommend a great Solar Lights seller on Amazon which I bought from and used for years, really got great fun and charming lighting atmosphere around house.   Here is the beautiful Solar garden lights I like so much : https://t.co/Joai3Nqhx2 https://t.co/UXi0MKaJzB	5.017349
Thu Apr 01 05:09:34 +0000 2021	@jokowi Hi guys, I would recommend a great Solar Lights seller on Amazon which I bought from and used for years, really got great fun and charming lighting atmosphere around house.   Here is the beautiful Solar post lights I like so much : https://t.co/qaYgzBOrdS https://t.co/f2vQJSbits	5.017349
Sat Apr 10 06:06:22 +0000 2021	@jokowi Hi guys, I would recommend a great Solar Lights seller on Amazon which I bought from and used for years, really got great fun and charming lighting atmosphere around house.   Here is the beautiful Solar deck post lights I like so much : https://t.co/mAz1wvFAy6 https://t.co/ikeyFK4xNd	5.017349
Tue Apr 06 08:16:26 +0000 2021	@jokowi Hi guys, I would recommend a great Solar Lights seller on Amazon which I bought from and used for years, really got great fun and charming lighting atmosphere around house.   Here is the beautiful Solar deck post lights I like so much : https://t.co/dx22GtqXKm https://t.co/IOjfLwq9Jw	5.017349
Fri Apr 02 07:25:23 +0000 2021	@jokowi @EmillyLuwita46 1). https://t.co/dJR6hGx5oa  2). https://t.co/r1xSxGxvkE  3). A History of Wahhabism and the Hijacking of the Muslim faith https://t.co/5Lvz4zjh1M   4). Radical Islamic Terrorists: The Best Bad Guys Money Can Buy  https://t.co/Hb6Aisq168	4.7852454
Wed Mar 31 02:24:37 +0000 2021	@jokowi @KemenkesRI @DrTedros @Kiyai_MarufAmin @mohmahfudmd @muhadjir_ef @kemendagri @fadjroeL @Kemlu_RI @basuki_btp @erickthohir @tjahjo_kumolo @airlangga_hrt @sumrambah @wiranto1947 @DivHumas_Polri @wikuadisasmito @ridwankamil @ganjarpranowo @aniesbaswedan @KhofifahIP @EmilDardak @mprgoid @DPR_RI @TjahjantoHadi @setkabgoid @Menlu_RI @ditjen_imigrasi @KemenkeuRI @kemkominfo @kempanrb @kemenkomarves @KemnakerRI @KemenBUMN @KSPgoid @OmbudsmanRI137 @Pemkab_Malang @PemkotMalang @DKIJakarta @gubernur_bali @JatimPemprov @dewantirumpoko @ganisrumpoko @Mundjidah_Wahab @Dr_Moeldoko @dinkesjatim @monicanirmala @BudiGSadikin @samsutiaji @dewinaisyah I treat U as KING+QUEEN why wrote EXTRA f.U,s.t.U get updates+tips,but U even mob Instagram etc,Karma,AllEngland unluck,Makassar bomb etc,coz U made me busy only,so God to U,same,God is love,but fair+not idiot+from now on read self https://t.co/LEJ20RnCv9 https://t.co/J3AUIJqla7.	4.752954
Wed Mar 31 02:25:16 +0000 2021	@jokowi @saidaqil @susipudjiastuti @ruhutsitompul @psi_id @grace_nat @TsamaraDKI @PDI_Perjuangan @msoekarnoputri @ganjarpranowo @airlangga_hrt @Golkar5 @aburizalbakrie @NasDem @PartaiPerindo @DPP_PKB @cakimiNOW @edo751945 @pkp_ind @dHendropriyono @KemensetnegRI @mrtjakarta @kemenhub151 @BaleBengong @PBIDI @dinkesjateng @Tri_Rismaharini @GibranRakabumi @bobbynst @Ayangkahiyang @markobar1996 @SangPisang2017 @JokowiCentre @AhokDjarot @temanahok_id @AriWibowo_Ofc @addiems @agnezmo @Dennysiregar7 @WHO @dinkesJKT @detikcom @kompascom @drpriono1 @drdickybudiman @dewinaisyah @kaesangp @instagram @desrapercaya09 @dewantirumpoko I treat U as KING+QUEEN why wrote EXTRA f.U,s.t.U get updates+tips,but U even mob Instagram etc,Karma,AllEngland unluck,Makassar bomb etc,coz U made me busy only,so God to U,same,God is love,but fair+not idiot+from now on read self https://t.co/LEJ20RnCv9 https://t.co/J3AUIJqla7.	4.752954
Sat Apr 10 01:43:54 +0000 2021	@jokowi I'm so proud and Indonesia is proud to have a president like you, Pak Jokowi. Through that photo i felt that heartbreak. Send my condolences to my bro/sist in NTT	4.6344285
Wed Mar 31 00:45:19 +0000 2021	@jokowi I think time has come to show the world that Indonesia is capable with its political and if necessary, it's military power, to take over responsibility for ASEAN's countries to protect democracy values in this part of the world. #MyanmarMilitaryCoup	4.5240674
Sat Apr 10 06:49:58 +0000 2021	@jokowi rip philip and dmx	4.4754243
Mon Apr 05 10:22:28 +0000 2021	@jokowi Let's help our friends in NTT &amp; NTB Cc @DailyMailAU @GuardianAus @ReutersWorld @malaysiakini @GMA @bharianmy @BeritaHarianSG @7NewsSydney @7NewsAustralia @AJEnglish @cnni @BBCWorld @CNBCi @BloombergAsia @SkyNews @PDChina	4.3466983
Wed Mar 31 00:23:02 +0000 2021	@jokowi Mr. President, please put the AstraZeneca vaccination on hold in Indonesia. Terima kasih 🙏🏻	4.2073765
Wed Mar 31 14:35:13 +0000 2021	@jokowi @KemenkesRI @DrTedros @Kiyai_MarufAmin @mohmahfudmd @muhadjir_ef @kemendagri @fadjroeL @Kemlu_RI @basuki_btp @erickthohir @tjahjo_kumolo @airlangga_hrt @sumrambah @wiranto1947 @DivHumas_Polri @wikuadisasmito @ridwankamil @ganjarpranowo @aniesbaswedan @KhofifahIP @EmilDardak @mprgoid @DPR_RI @TjahjantoHadi @setkabgoid @Menlu_RI @ditjen_imigrasi @KemenkeuRI @kemkominfo @kempanrb @kemenkomarves @KemnakerRI @KemenBUMN @KSPgoid @OmbudsmanRI137 @Pemkab_Malang @PemkotMalang @DKIJakarta @gubernur_bali @JatimPemprov @dewantirumpoko @ganisrumpoko @Mundjidah_Wahab @Dr_Moeldoko @dinkesjatim @monicanirmala @BudiGSadikin @samsutiaji @dewinaisyah GER racial+hypocrites+so UK+USA+EU-&gt;ruined by God w/ MILLIONS #Covid19++;#BabaVanga:#recession+2020-25 EU empty(dead Covid19 or terrors or both?)+2043 Europe Islam continent+Rome Islam center,not catholic+radical Islamists attack EU why 2066 USA war vs EU https://t.co/ZNuKl4Dui3.	3.9650755
Wed Mar 31 14:35:33 +0000 2021	@jokowi @saidaqil @susipudjiastuti @ruhutsitompul @psi_id @grace_nat @TsamaraDKI @PDI_Perjuangan @msoekarnoputri @ganjarpranowo @airlangga_hrt @Golkar5 @aburizalbakrie @NasDem @PartaiPerindo @DPP_PKB @cakimiNOW @edo751945 @pkp_ind @dHendropriyono @KemensetnegRI @mrtjakarta @kemenhub151 @BaleBengong @PBIDI @dinkesjateng @Tri_Rismaharini @GibranRakabumi @bobbynst @Ayangkahiyang @markobar1996 @SangPisang2017 @JokowiCentre @AhokDjarot @temanahok_id @AriWibowo_Ofc @addiems @agnezmo @Dennysiregar7 @WHO @dinkesJKT @detikcom @kompascom @drpriono1 @drdickybudiman @dewinaisyah @kaesangp @instagram @desrapercaya09 @dewantirumpoko GER racial+hypocrites+so UK+USA+EU-&gt;ruined by God w/ MILLIONS #Covid19++;#BabaVanga:#recession+2020-25 EU empty(dead Covid19 or terrors or both?)+2043 Europe Islam continent+Rome Islam center,not catholic+radical Islamists attack EU why 2066 USA war vs EU https://t.co/ZNuKl4Dui3.	3.9650755
Sat Apr 10 17:36:10 +0000 2021	@jokowi I join teaching in kenari elementary school. Of you teach in here a half for me a half for you. I say one more again.	3.7879047
Sat Apr 03 03:17:06 +0000 2021	@jokowi Mandalika problems: talk is cheap (and easy), action costs  https://t.co/AxccEF8cN4	3.5486422
Wed Mar 31 21:28:15 +0000 2021	@jokowi @saidaqil @susipudjiastuti @ruhutsitompul @psi_id @grace_nat @TsamaraDKI @PDI_Perjuangan @msoekarnoputri @ganjarpranowo @airlangga_hrt @Golkar5 @aburizalbakrie @NasDem @PartaiPerindo @DPP_PKB @cakimiNOW @edo751945 @pkp_ind @dHendropriyono @KemensetnegRI @mrtjakarta @kemenhub151 @BaleBengong @PBIDI @dinkesjateng @Tri_Rismaharini @GibranRakabumi @bobbynst @Ayangkahiyang @markobar1996 @SangPisang2017 @JokowiCentre @AhokDjarot @temanahok_id @AriWibowo_Ofc @addiems @agnezmo @Dennysiregar7 @WHO @dinkesJKT @detikcom @kompascom @drpriono1 @drdickybudiman @dewinaisyah @kaesangp @instagram @desrapercaya09 @dewantirumpoko Mar31:How can U lose vs #65,#scandal🤣GER much worse than my expectation+that coz ex #WorldChampion GER cheaters=toldU w/o my prayer NEVER WC2014 etc+GER still mob my GMail+today I gave up my apartment:Only leaving NRW(not GER)U lost already;if leaving GER even much unluckier😝🤣	3.4111395
Wed Mar 31 21:28:43 +0000 2021	@jokowi @KemenkesRI @DrTedros @Kiyai_MarufAmin @mohmahfudmd @muhadjir_ef @kemendagri @fadjroeL @Kemlu_RI @basuki_btp @erickthohir @tjahjo_kumolo @airlangga_hrt @sumrambah @wiranto1947 @DivHumas_Polri @wikuadisasmito @ridwankamil @ganjarpranowo @aniesbaswedan @KhofifahIP @EmilDardak @mprgoid @DPR_RI @TjahjantoHadi @setkabgoid @Menlu_RI @ditjen_imigrasi @KemenkeuRI @kemkominfo @kempanrb @kemenkomarves @KemnakerRI @KemenBUMN @KSPgoid @OmbudsmanRI137 @Pemkab_Malang @PemkotMalang @DKIJakarta @gubernur_bali @JatimPemprov @dewantirumpoko @ganisrumpoko @Mundjidah_Wahab @Dr_Moeldoko @dinkesjatim @monicanirmala @BudiGSadikin @samsutiaji @dewinaisyah Mar31:How can U lose vs #65,#scandal🤣GER much worse than my expectation+that coz ex #WorldChampion GER cheaters=toldU w/o my prayer NEVER WC2014 etc+GER still mob my GMail+today I gave up my apartment:Only leaving NRW(not GER)U lost already;if leaving GER even much unluckier😝🤣	3.4111395
Wed Apr 07 09:06:46 +0000 2021	@jokowi Indonesia, where the Islam from Saudi Arabia, wahibism, has more and more influence in daily life.	3.215686
Wed Mar 31 14:21:11 +0000 2021	@jokowi @saidaqil @susipudjiastuti @ruhutsitompul @psi_id @grace_nat @TsamaraDKI @PDI_Perjuangan @msoekarnoputri @ganjarpranowo @airlangga_hrt @Golkar5 @aburizalbakrie @NasDem @PartaiPerindo @DPP_PKB @cakimiNOW @edo751945 @pkp_ind @dHendropriyono @KemensetnegRI @mrtjakarta @kemenhub151 @BaleBengong @PBIDI @dinkesjateng @Tri_Rismaharini @GibranRakabumi @bobbynst @Ayangkahiyang @markobar1996 @SangPisang2017 @JokowiCentre @AhokDjarot @temanahok_id @AriWibowo_Ofc @addiems @agnezmo @Dennysiregar7 @WHO @dinkesJKT @detikcom @kompascom @drpriono1 @drdickybudiman @dewinaisyah @kaesangp @instagram @desrapercaya09 @dewantirumpoko I NEVER GER thx #CDU+#FDP BW-&gt;lost election 2011.SPD BW crueler+made me NEVER GER-&gt;VfB no luck since 2013+2x relegated+terrors where TUR GER mobber came from-&gt;CDU BW gov+Stuttgart #CDU mayor.#Grüne never help-&gt;#Kretschmann accident+wife cancer++God angry😝https://t.co/ovF9SCyIK7.	3.120594
Wed Mar 31 14:21:27 +0000 2021	@jokowi @KemenkesRI @DrTedros @Kiyai_MarufAmin @mohmahfudmd @muhadjir_ef @kemendagri @fadjroeL @Kemlu_RI @basuki_btp @erickthohir @tjahjo_kumolo @airlangga_hrt @sumrambah @wiranto1947 @DivHumas_Polri @wikuadisasmito @ridwankamil @ganjarpranowo @aniesbaswedan @KhofifahIP @EmilDardak @mprgoid @DPR_RI @TjahjantoHadi @setkabgoid @Menlu_RI @ditjen_imigrasi @KemenkeuRI @kemkominfo @kempanrb @kemenkomarves @KemnakerRI @KemenBUMN @KSPgoid @OmbudsmanRI137 @Pemkab_Malang @PemkotMalang @DKIJakarta @gubernur_bali @JatimPemprov @dewantirumpoko @ganisrumpoko @Mundjidah_Wahab @Dr_Moeldoko @dinkesjatim @monicanirmala @BudiGSadikin @samsutiaji @dewinaisyah I NEVER GER thx #CDU+#FDP BW-&gt;lost election 2011.SPD BW crueler+made me NEVER GER-&gt;VfB no luck since 2013+2x relegated+terrors where TUR GER mobber came from-&gt;CDU BW gov+Stuttgart #CDU mayor.#Grüne never help-&gt;#Kretschmann accident+wife cancer++God angry😝https://t.co/ovF9SCyIK7.	3.120594
Wed Mar 31 21:33:57 +0000 2021	@jokowi @saidaqil @susipudjiastuti @ruhutsitompul @psi_id @grace_nat @TsamaraDKI @PDI_Perjuangan @msoekarnoputri @ganjarpranowo @airlangga_hrt @Golkar5 @aburizalbakrie @NasDem @PartaiPerindo @DPP_PKB @cakimiNOW @edo751945 @pkp_ind @dHendropriyono @KemensetnegRI @mrtjakarta @kemenhub151 @BaleBengong @PBIDI @dinkesjateng @Tri_Rismaharini @GibranRakabumi @bobbynst @Ayangkahiyang @markobar1996 @SangPisang2017 @JokowiCentre @AhokDjarot @temanahok_id @AriWibowo_Ofc @addiems @agnezmo @Dennysiregar7 @WHO @dinkesJKT @detikcom @kompascom @drpriono1 @drdickybudiman @dewinaisyah @kaesangp @instagram @desrapercaya09 @dewantirumpoko ToldU:EU the end if I left,God+luck go w/ me+my deal w/ God #BabaVanga prediction(the end of GER+EU) not happen as long as I in GER,but U mob+ruin-&gt;wrote on that contract end letter on leaving GER,no interest U ruin me more yrs+toldU:Ur prayer NEVER works https://t.co/aOK4bRnhLA.	3.0913267
Wed Mar 31 21:33:41 +0000 2021	@jokowi @KemenkesRI @DrTedros @Kiyai_MarufAmin @mohmahfudmd @muhadjir_ef @kemendagri @fadjroeL @Kemlu_RI @basuki_btp @erickthohir @tjahjo_kumolo @airlangga_hrt @sumrambah @wiranto1947 @DivHumas_Polri @wikuadisasmito @ridwankamil @ganjarpranowo @aniesbaswedan @KhofifahIP @EmilDardak @mprgoid @DPR_RI @TjahjantoHadi @setkabgoid @Menlu_RI @ditjen_imigrasi @KemenkeuRI @kemkominfo @kempanrb @kemenkomarves @KemnakerRI @KemenBUMN @KSPgoid @OmbudsmanRI137 @Pemkab_Malang @PemkotMalang @DKIJakarta @gubernur_bali @JatimPemprov @dewantirumpoko @ganisrumpoko @Mundjidah_Wahab @Dr_Moeldoko @dinkesjatim @monicanirmala @BudiGSadikin @samsutiaji @dewinaisyah ToldU:EU the end if I left,God+luck go w/ me+my deal w/ God #BabaVanga prediction(the end of GER+EU) not happen as long as I in GER,but U mob+ruin-&gt;wrote on that contract end letter on leaving GER,no interest U ruin me more yrs+toldU:Ur prayer NEVER works https://t.co/aOK4bR5Gn0.	3.0913267
Fri Apr 02 10:40:38 +0000 2021	@jokowi Hello. My name is Youngjae Yoon, a talented person in Korea. And you'll know from my following. Have a good day.	2.87813
Sat Apr 10 06:34:23 +0000 2021	@jokowi I would like to express my deepest condolences for his passing.	2.8719664
Fri Apr 02 02:57:16 +0000 2021	@jokowi ISLAMIC INTRO | 15 VIDEO NON TEXT &amp; LOGO  https://t.co/6VE8wy0RZq	2.7213528
Sat Apr 10 17:42:11 +0000 2021	@jokowi I am sorry my student. I go don't tell you and i don't know i be back again course this is advice my father to go	2.60471
Mon Apr 05 04:22:15 +0000 2021	@jokowi @Menlu_RI @Yahoo_ID @TwitterAU @radio_nu @VIVAcoid @temponewsroom  @tvOneNews @PDI_Perjuangan.@KompasTV @TRANSTV_CORP @Metro_TV @Demokrat_TV  Any one who believes china  Country that locks up a million Muslims and tortures them have rocks in head . https://t.co/T7EQmbbaEp	1.8614924
Wed Apr 07 09:38:21 +0000 2021	@jokowi I have been in Indonesia since 2003, I visit it almost every year. All I can say is that Indonesia now is not indonesia anymore, it totally changed, and not in a positive way.	1.8614924
Wed Mar 31 14:49:48 +0000 2021	@jokowi @KemenkesRI @DrTedros @Kiyai_MarufAmin @mohmahfudmd @muhadjir_ef @kemendagri @fadjroeL @Kemlu_RI @basuki_btp @erickthohir @tjahjo_kumolo @airlangga_hrt @sumrambah @wiranto1947 @DivHumas_Polri @wikuadisasmito @ridwankamil @ganjarpranowo @aniesbaswedan @KhofifahIP @EmilDardak @mprgoid @DPR_RI @TjahjantoHadi @setkabgoid @Menlu_RI @ditjen_imigrasi @KemenkeuRI @kemkominfo @kempanrb @kemenkomarves @KemnakerRI @KemenBUMN @KSPgoid @OmbudsmanRI137 @Pemkab_Malang @PemkotMalang @DKIJakarta @gubernur_bali @JatimPemprov @dewantirumpoko @ganisrumpoko @Mundjidah_Wahab @Dr_Moeldoko @dinkesjatim @monicanirmala @BudiGSadikin @samsutiaji @dewinaisyah Mar31:Mob my Instagram again,enjoy more unlucks,coward ones,why without name mob,but God knows who did it=if unlucks in INA,it means,the mobbers from there,simple,coz God knows who did it+where ah* came from,why plane crash,AllEngland unluck,Makassar bomb,etc,God angry to mobbers	1.7754831
Wed Mar 31 13:53:32 +0000 2021	@jokowi @saidaqil @susipudjiastuti @ruhutsitompul @psi_id @grace_nat @TsamaraDKI @PDI_Perjuangan @msoekarnoputri @ganjarpranowo @airlangga_hrt @Golkar5 @aburizalbakrie @NasDem @PartaiPerindo @DPP_PKB @cakimiNOW @edo751945 @pkp_ind @dHendropriyono @KemensetnegRI @mrtjakarta @kemenhub151 @BaleBengong @PBIDI @dinkesjateng @Tri_Rismaharini @GibranRakabumi @bobbynst @Ayangkahiyang @markobar1996 @SangPisang2017 @JokowiCentre @AhokDjarot @temanahok_id @AriWibowo_Ofc @addiems @agnezmo @Dennysiregar7 @WHO @dinkesJKT @detikcom @kompascom @drpriono1 @drdickybudiman @dewinaisyah @kaesangp @instagram @desrapercaya09 @dewantirumpoko Mar31:Mob my Instagram again,enjoy more unlucks,coward ones,why without name mob,but God knows who did it=if unlucks in INA,it means,the mobbers from there,simple,coz God knows who did it+where ah* came from,why plane crash,AllEngland unluck,Makassar bomb,etc,God angry to mobbers	1.7754831
Sun Apr 04 07:04:16 +0000 2021	@jokowi  I need you to call for https://t.co/OT4EW51OtV   Need to you stop feeding the @koninklijkhuis monsters, overhere.  I don't want more earthquakes caused by WEF maffia.   Neither do you; you once started as a very nice man in power.  Undo your mistakes and savekeep 🇮🇩👪	1.6230059
Mon Apr 05 13:14:29 +0000 2021	@jokowi I see up...	0.0
Mon Apr 05 13:33:46 +0000 2021	@jokowi @KemenkesRI @DrTedros @Kiyai_MarufAmin @mohmahfudmd @muhadjir_ef @kemendagri @fadjroeL @Kemlu_RI @basuki_btp @erickthohir @tjahjo_kumolo @airlangga_hrt @sumrambah @wiranto1947 @DivHumas_Polri @wikuadisasmito @ridwankamil @ganjarpranowo @aniesbaswedan @KhofifahIP @EmilDardak @mprgoid @DPR_RI @TjahjantoHadi @setkabgoid @Menlu_RI @ditjen_imigrasi @KemenkeuRI @kemkominfo @kempanrb @kemenkomarves @KemnakerRI @KemenBUMN @KSPgoid @OmbudsmanRI137 @Pemkab_Malang @PemkotMalang @DKIJakarta @gubernur_bali @JatimPemprov @dewantirumpoko @ganisrumpoko @Mundjidah_Wahab @Dr_Moeldoko @dinkesjatim @monicanirmala @BudiGSadikin @samsutiaji @dewinaisyah #Vaccine+Corona #TEST A WAY to get out from FOREVER #lockdown.But vaccine SHOULDNT be deadly.Avoid DEAD due to #Covid19,but even DEAD EARLIER thx #AstraZeneca,what a #tragedy,worse than #Titanic🤣#PCR the best.#Antigen #RapidTest said nothing if #negative https://t.co/QT48sgS9yE. https://t.co/Uxgdb5ChXF	0.0
Sat Apr 10 06:28:08 +0000 2021	@jokowi i cell you inves my cuntry	0.0
Sat Apr 10 07:33:43 +0000 2021	@jokowi Mr. President. You broke a promise to reporters. today you have to attract all members. those on the field instead help the culprit to be eliminated or missing. already three victims missing	0.0
Fri Apr 02 20:02:23 +0000 2021	@jokowi cq dr hasto wardoyo.KAM PANYE 1 MAX 2 https://t.co/iG9xaKH01L HENTI NO https://t.co/cBKKU4wy17.KORAN https://t.co/V4P3MptrIf.USA 330 jt.geland https://t.co/Vfm4OoUDhw NOT WANT LIKE INDIA OR CHINA 1.4BILLION. how to feed.shelter/housing.jobs? kumaha?🙃🙃🙃🙃🙃🇮🇩🇮🇩🇮🇩	0.0
Sat Apr 10 17:37:42 +0000 2021	@jokowi Babe of you want with me. The important thing is eat. Student.	0.0
Sat Apr 10 17:13:19 +0000 2021	@jokowi 739 lives of innocent people are taken!!! On APR 9 itself, the military killed 82 civilians in Bago, (Source: @Myanmar_Now). What are those organisations waiting for? We need actions to protect our people. Please save Myanmar.  #SaveMyanmar  #Apr9Coup  #UnitedNations  #crimesnews https://t.co/4auLggMmT0	0.0
Thu Apr 01 17:31:15 +0000 2021	@jokowi @Menlu_RI @leehsienloong @VivianBala  @MuhyiddinYassin @HishammuddinH2O @narendramodi @DrSJaishankar @SecBlinken @antonioguterres   Please recognise CRPH as our civilians elected gov. Please do not recognise or legalize Myanmar military as gov. We beg you for your help.	0.0
Thu Apr 01 02:16:22 +0000 2021	@jokowi What the hell are you doing for the Papuan people? The Hypocrisy of Indonesia is astounding. Gained independence from Denmark only to do the same heinous crimes.	0.0
Thu Apr 01 05:59:15 +0000 2021	@jokowi Comen 1	0.0
Thu Apr 01 15:01:22 +0000 2021	@jokowi After 44 days of nightly internet cut off, 16 days of total mobile internet shutdown, brutals has again issued to ban the wireless internet from today on. Junta is trying to murder us all in the blind of the world. #InternetShutDown #Apr1Coup  #WhatsHappeningInMyanmar	0.0
Thu Apr 01 16:35:01 +0000 2021	@jokowi You acknowledge that most people's religion is a radical religion except that the President has embraced it in a peaceful way	0.0
Sun Apr 04 20:59:56 +0000 2021	@jokowi tcook@apple.com is added to my sending email address list yesterday.  https://t.co/4KWxXVbuED	0.0
Sun Apr 04 21:42:56 +0000 2021	@jokowi @KemenkesRI @DrTedros @Kiyai_MarufAmin @mohmahfudmd @muhadjir_ef @kemendagri @fadjroeL @Kemlu_RI @basuki_btp @erickthohir @tjahjo_kumolo @airlangga_hrt @sumrambah @wiranto1947 @DivHumas_Polri @wikuadisasmito @ridwankamil @ganjarpranowo @aniesbaswedan @KhofifahIP @EmilDardak @mprgoid @DPR_RI @TjahjantoHadi @setkabgoid @Menlu_RI @ditjen_imigrasi @KemenkeuRI @kemkominfo @kempanrb @kemenkomarves @KemnakerRI @KemenBUMN @KSPgoid @OmbudsmanRI137 @Pemkab_Malang @PemkotMalang @DKIJakarta @gubernur_bali @JatimPemprov @dewantirumpoko @ganisrumpoko @Mundjidah_Wahab @Dr_Moeldoko @dinkesjatim @monicanirmala @BudiGSadikin @samsutiaji @dewinaisyah From my heart may God take ah* DEAD ASAP+think of Ur sins to me as U DEAD ASAP,cancer,stroke,paralyzed etc or stop to mob me NOW,coz I'm INNOCENT why God backs me,NOT U that misuse power to MOB INNOCENT POWERLESS ME+my SOC MEDIA+let FOLK DIE #AstraZeneca++https://t.co/QL2RJLBE6s.	0.0
Sun Apr 04 21:47:15 +0000 2021	@jokowi @saidaqil @susipudjiastuti @ruhutsitompul @psi_id @grace_nat @TsamaraDKI @PDI_Perjuangan @msoekarnoputri @ganjarpranowo @airlangga_hrt @Golkar5 @aburizalbakrie @NasDem @PartaiPerindo @DPP_PKB @cakimiNOW @edo751945 @pkp_ind @dHendropriyono @KemensetnegRI @mrtjakarta @kemenhub151 @BaleBengong @PBIDI @dinkesjateng @Tri_Rismaharini @GibranRakabumi @bobbynst @Ayangkahiyang @markobar1996 @SangPisang2017 @JokowiCentre @AhokDjarot @temanahok_id @AriWibowo_Ofc @addiems @agnezmo @Dennysiregar7 @WHO @dinkesJKT @detikcom @kompascom @drpriono1 @drdickybudiman @dewinaisyah @kaesangp @instagram @desrapercaya09 @dewantirumpoko GER heard me about #AstraZeneca+my Instagram posts mainly written in INA-&gt;suspects mob my Instagram #Satgas/#Kemenkes/#Wiku etc that mob me since Jul 2020 why I complain.But Ganis+Dewanti even block+why #Arema out etc,coz U back mobbers,if block than help https://t.co/0Nkga0sUuB.	0.0
Mon Apr 05 04:23:51 +0000 2021	@jokowi [for voice analysis] I support Joko Widodo, the president of Israel. https://t.co/Dl9I1kqpy2	0.0
Sun Apr 04 21:41:18 +0000 2021	@jokowi From my heart may God take ah* DEAD ASAP+think of Ur sins to me as U DEAD ASAP,cancer,stroke,paralyzed etc or stop to mob me NOW,coz I'm INNOCENT why God backs me,NOT U that misuse power to MOB INNOCENT POWERLESS ME+my SOC MEDIA+let FOLK DIE #AstraZeneca++https://t.co/QL2RJLBE6s.	0.0
Sun Apr 04 21:43:08 +0000 2021	@jokowi @saidaqil @susipudjiastuti @ruhutsitompul @psi_id @grace_nat @TsamaraDKI @PDI_Perjuangan @msoekarnoputri @ganjarpranowo @airlangga_hrt @Golkar5 @aburizalbakrie @NasDem @PartaiPerindo @DPP_PKB @cakimiNOW @edo751945 @pkp_ind @dHendropriyono @KemensetnegRI @mrtjakarta @kemenhub151 @BaleBengong @PBIDI @dinkesjateng @Tri_Rismaharini @GibranRakabumi @bobbynst @Ayangkahiyang @markobar1996 @SangPisang2017 @JokowiCentre @AhokDjarot @temanahok_id @AriWibowo_Ofc @addiems @agnezmo @Dennysiregar7 @WHO @dinkesJKT @detikcom @kompascom @drpriono1 @drdickybudiman @dewinaisyah @kaesangp @instagram @desrapercaya09 @dewantirumpoko From my heart may God take ah* DEAD ASAP+think of Ur sins to me as U DEAD ASAP,cancer,stroke,paralyzed etc or stop to mob me NOW,coz I'm INNOCENT why God backs me,NOT U that misuse power to MOB INNOCENT POWERLESS ME+my SOC MEDIA+let FOLK DIE #AstraZeneca++https://t.co/QL2RJLBE6s.	0.0
Sun Apr 04 21:46:52 +0000 2021	@jokowi @KemenkesRI @DrTedros @Kiyai_MarufAmin @mohmahfudmd @muhadjir_ef @kemendagri @fadjroeL @Kemlu_RI @basuki_btp @erickthohir @tjahjo_kumolo @airlangga_hrt @sumrambah @wiranto1947 @DivHumas_Polri @wikuadisasmito @ridwankamil @ganjarpranowo @aniesbaswedan @KhofifahIP @EmilDardak @mprgoid @DPR_RI @TjahjantoHadi @setkabgoid @Menlu_RI @ditjen_imigrasi @KemenkeuRI @kemkominfo @kempanrb @kemenkomarves @KemnakerRI @KemenBUMN @KSPgoid @OmbudsmanRI137 @Pemkab_Malang @PemkotMalang @DKIJakarta @gubernur_bali @JatimPemprov @dewantirumpoko @ganisrumpoko @Mundjidah_Wahab @Dr_Moeldoko @dinkesjatim @monicanirmala @BudiGSadikin @samsutiaji @dewinaisyah GER heard me about #AstraZeneca+my Instagram posts mainly written in INA-&gt;suspects mob my Instagram #Satgas/#Kemenkes/#Wiku etc that mob me since Jul 2020 why I complain.But Ganis+Dewanti even block+why #Arema out etc,coz U back mobbers,if block than help https://t.co/0Nkga0sUuB.	0.0
Sun Apr 04 21:48:09 +0000 2021	@jokowi GER heard me about #AstraZeneca+my Instagram posts mainly written in INA-&gt;suspects mob my Instagram #Satgas/#Kemenkes/#Wiku etc that mob me since Jul 2020 why I complain.But Ganis+Dewanti even block+why #Arema out etc,coz U back mobbers,if block than help https://t.co/0Nkga0sUuB.	0.0
Wed Apr 07 10:46:48 +0000 2021	@jokowi Tempo doeloe, that is what Indonesia deserves.	0.0
Wed Apr 07 06:44:58 +0000 2021	@jokowi H2 e-Blast, mbah ...bzzzz 🐝 #ChangingTheRules https://t.co/8J2QXBockf	0.0
Sat Apr 03 02:06:50 +0000 2021	@jokowi Presiden Snow is SHAKING y'all https://t.co/YWkO9JkXnz	0.0
Sat Apr 03 03:10:09 +0000 2021	@jokowi @jokowi Mandalika problems: talk is cheap, action cost. https://t.co/AxccEF8cN4 #jakpost #Reuters https://t.co/DsS8dZXMAo	0.0
Fri Apr 02 04:36:39 +0000 2021	@jokowi Happy Good Friday, God is good...	0.0
Sat Apr 10 02:34:17 +0000 2021	@jokowi Ol9c.98i  .h.	0.0
Sat Apr 10 07:26:44 +0000 2021	@jokowi 🍀🍀  @agnezmo  VOTE INDONESIAN PRIDE   I Vote  #Agnation for #BestFanArmy at the 2021 #iHeartAwards	0.0
Sat Apr 10 07:26:19 +0000 2021	@jokowi Goooo  @agnezmo  VOTE INDONESIAN PRIDE   I Vote  #Agnation for #BestFanArmy at the 2021 #iHeartAwards	0.0
Sat Apr 10 07:25:41 +0000 2021	@jokowi @agnezmo  VOTE INDONESIAN PRIDE   I Vote  #Agnation for #BestFanArmy at the 2021 #iHeartAwards	0.0
Sat Apr 10 06:33:51 +0000 2021	@jokowi @PutraWadapi Goggle translate mmg bs diandelin y	0.0
Sat Apr 10 06:34:36 +0000 2021	@jokowi @PutraWadapi Google translate bs diandelin y	0.0
Sat Apr 10 08:33:08 +0000 2021	@jokowi I ask that you really discuss the VANCAT Token on the NFT https://t.co/lxboLCxYgM help me please 🙏🙏🙏🙏 @vancattoken	0.0
Mon Apr 05 22:04:22 +0000 2021	@jokowi I stand in solidarity with #NTT #prayforNTT #prayforindonesia  https://t.co/z96LbUMhC3	0.0
