created_at	text	_score
Mon Apr 05 20:41:24 +0000 2021	Together for #OECD60 Anniversary, in the year of Italian #G20. Effective international cooperation is the only way to promote a sustainable and inclusive recovery: extraordinary challenges need global solidarity. Today, like yesterday, Italy firmly believes in multilateralism	125.27045
Mon Apr 05 20:36:20 +0000 2021	Very good virtual Summit with PM of India @narendramodi today! Our bilateral relations, in all fields, and our cooperation in the multilateral frameworks will grow stronger. Our consecutive G20 Presidencies will be a unique opportunity to work together and shape a better future! https://t.co/1SohoemSWn	60.873074
Wed Mar 31 08:18:56 +0000 2021	@Quirinale @ItalianAirForce @SM_Difesa @MinisteroDifesa 🔴#COVID19  Greetings, Can you send us the reply of Mr. Sergio Mattarella: President of 🇮🇹, Mr. Giuseppe Conte: Prime Minister and Mr. Pierpaolo Sileri : Health Minister to our very urgent letter: https://t.co/IEaqZyMYxg  Thank you. Email: join.unitedhealthprofessionals@gmail.com	53.878128
Sat Apr 10 08:35:57 +0000 2021	@Quirinale 🔴#COVID19  Greetings, Can you send us the reply of Mr. Sergio Mattarella : President of 🇮🇹, Mr. Giuseppe Conte : Prime Minister and Mr. Pierpaolo Sileri : 🇮🇹 Health Minister to our very urgent letter : https://t.co/IEaqZz4zVQ Thank you.  Email : see page 9⃣ https://t.co/HJodKVa1PW	52.794834
Sun Apr 04 07:03:53 +0000 2021	"@Quirinale @ItalytoHolySee Satanic UK Police BAN Catholic Mass ""It's Good Friday and I appreciate you would like to worship, but it is unlawful,"" Satan said. #PoliceState #PoliceBrutality @RC_Daily_Mass @CatholicReading @TweetTheMass @DailyMass #CatholicChurch #CatholicTwitter  https://t.co/xzrM8g5I7W"	49.35298
Fri Apr 09 16:34:42 +0000 2021	@Quirinale #Quirinale @robersperanza @Corriere COVID-19 Coronavirus Pandemic Last updated: April 09, 2021, 16:29 GMT https://t.co/3KxSS9uP6F	44.35668
Mon Apr 05 20:45:21 +0000 2021	2021 is a crucial year for the Earth. Our Planet is one of the pillars of Italy’s #G20 Presidency. We work with UK for a successful #COP26 and we support the EU Biodiversity Strategy for 2030. Let’s step up our efforts, especially for the younger generations! #OnePlanetSummit	43.782192
Wed Mar 31 11:20:18 +0000 2021	@Quirinale #Quirinale @robersperanza @ilariacapua @beppe_grillo @matteorenzi @matteosalvinimi  @FratellidItalia @forza_italia  #beppe_grillo #matteorenzi #matteosalvinimi  #FratellidItalia #forza_italia  Good Job.	35.253418
Fri Apr 09 11:41:03 +0000 2021	@Quirinale @poliziadistato Quirinale: President #Mattarella, on the occasion of the 169th anniversary of the establishment of the #State Police, received Prefect Lamberto Giannini, Chief of Police - Director General of Public Security, with a representation of members of the State Police.	23.506159
Fri Apr 02 16:03:05 +0000 2021	@POTUS @CanadianPM @BorisJohnson @RegSprecher @EmmanuelMacron @GiuseppeConteIT @sanchezcastejon  #Ukraine MUST defend itself as #BudapestMemorandum's security assurances not kept #RussiaInvadedUkraine #PutinAtWar #Donbas #Donbass #CrimeaisUkraine #SovietHolodomor #StopNordStream2	23.174759
Sun Apr 04 13:44:55 +0000 2021	@Quirinale  #Quirinale The UK Is Trying to Stop Facebook's End-to-End Encryption. Security - 04.04.2021 09:00 AM https://t.co/7c4tK9lBQ8	21.398851
Tue Apr 06 18:19:41 +0000 2021	@Quirinale  #Quirinale  @robersperanza  COVID-19 Coronavirus Pandemic Last updated: April 06, 2021, 18:13 GMT https://t.co/3KxSS9uP6F	21.348011
Fri Apr 02 17:32:19 +0000 2021	@Quirinale  #Quirinale  @robersperanza COVID-19 Coronavirus Pandemic Last updated: April 02, 2021, 17:17 GMT https://t.co/3KxSS9uP6F	20.197367
Thu Apr 08 12:06:42 +0000 2021	@Quirinale  #Quirinale  @robersperanza  COVID-19 Coronavirus Pandemic Last updated: April 08, 2021, 12:02 GMT https://t.co/3KxSS9uP6F	19.499544
Sat Apr 03 16:06:36 +0000 2021	@Quirinale  #Quirinale  @robersperanza  COVID-19 Coronavirus Pandemic Last updated: April 03, 2021, 16:01 GMT https://t.co/3KxSS9uP6F	19.499544
Wed Apr 07 23:07:25 +0000 2021	@Quirinale  #Quirinale @robersperanza  COVID-19 Coronavirus Pandemic Last updated: April 07, 2021, 23:03 GMT https://t.co/3KxSS9uP6F	17.651075
Sat Apr 03 16:06:59 +0000 2021	@Quirinale  #Quirinale  @robersperanza  COVID-19 Coronavirus  COVID-19 4/2/2021, 5:21 PM Visual Dashboard (desktop): https://t.co/rKyghVg0nl	9.842635
Sat Apr 03 16:50:24 +0000 2021	@Quirinale @ItalytoHolySee Real Madrid betrays Jesus Christ and God. Changes The Cross Logo in Deal With Muslims  https://t.co/AsEch0LebI	9.555686
Fri Apr 02 21:54:12 +0000 2021	@Quirinale  #Quirinale  @robersperanza COVID-19 4/2/2021, 11:21 PM Visual Dashboard (mobile): https://t.co/lMhE05c0Pr	9.435521
Fri Apr 02 21:54:36 +0000 2021	@Quirinale  #Quirinale  @robersperanza COVID-19 4/2/2021, 11:21 PM Visual Dashboard (desktop): https://t.co/rKyghVg0nl	9.435521
Sat Apr 03 16:26:55 +0000 2021	"@Quirinale Il Quirinale: #Mattarella: ""140 years have passed since the birth of Alcide #DeGasperi. The Republic remembers him as a founding father and the country is grateful for his work as a creator of moral, civil, economic and democratic reconstruction""."	8.55247
Sat Apr 03 16:07:38 +0000 2021	@Quirinale  #Quirinale  @robersperanza  COVID-19 4/2/2021, 5:21 PM Visual Dashboard (mobile): https://t.co/lMhE05c0Pr	7.543694
Tue Apr 06 14:18:13 +0000 2021	@Quirinale Quirinale: President #Mattarella went this morning to the #Spallanzani Institute where he was administered the second dose of #covid vaccine	4.382827
Thu Apr 08 20:54:04 +0000 2021	@Quirinale hey mussolini’s bastards! put the mario draghi on a leash, it is barking, a Turkish proverb says: his bark is worse than his bite	4.245687
Sat Apr 10 15:41:30 +0000 2021	@Quirinale  #Quirinale  @robersperanza  This page was last edited on 10 April 2021, at 02:24 (UTC). RaTG13 (Bat coronavirus RaTG13) https://t.co/HWIxCH1G4G	3.9012804
Wed Apr 07 18:25:02 +0000 2021	@Quirinale  #Quirinale  @robersperanza  This page was last edited on 6 April 2021, at 13:54 (UTC). Variants of SARS-CoV-2. https://t.co/3agwQK0Pxu	3.872779
