created_at	text	_score
Mon Apr 05 20:41:24 +0000 2021	Together for #OECD60 Anniversary, in the year of Italian #G20. Effective international cooperation is the only way to promote a sustainable and inclusive recovery: extraordinary challenges need global solidarity. Today, like yesterday, Italy firmly believes in multilateralism	38.325615
Thu Apr 08 20:46:36 +0000 2021	"@Quirinale The far-right League Party member Alessandro Pagano described the Italian citizen, Silvia Romano, who was rescued in Africa and converted to Islam, as the ""new terrorist"". Here is Your Mindset. Dictator Italy, Killer Italy Dictator Mario Draghi    @Quirinale https://t.co/NUp2GYr1SU"	34.30896
Thu Apr 08 20:46:59 +0000 2021	"@Quirinale The far-right League Party member Alessandro Pagano described the Italian citizen, Silvia Romano, who was rescued in Africa and converted to Islam, as the ""new terrorist"". Here is Your Mindset. Dictator Italy, Killer Italy Dictator Mario Draghi    @Quirinale https://t.co/BcEt07iPiX"	34.30896
Thu Apr 08 20:46:43 +0000 2021	"@Quirinale The far-right League Party member Alessandro Pagano described the Italian citizen, Silvia Romano, who was rescued in Africa and converted to Islam, as the ""new terrorist"". Here is Your Mindset. Dictator Italy, Killer Italy Dictator Mario Draghi    @Quirinale https://t.co/xVhfKN8pUK"	34.30896
Fri Apr 09 11:41:03 +0000 2021	@Quirinale @poliziadistato Quirinale: President #Mattarella, on the occasion of the 169th anniversary of the establishment of the #State Police, received Prefect Lamberto Giannini, Chief of Police - Director General of Public Security, with a representation of members of the State Police.	14.142207
Mon Apr 05 20:36:20 +0000 2021	Very good virtual Summit with PM of India @narendramodi today! Our bilateral relations, in all fields, and our cooperation in the multilateral frameworks will grow stronger. Our consecutive G20 Presidencies will be a unique opportunity to work together and shape a better future! https://t.co/1SohoemSWn	6.8046465
Sat Apr 03 16:50:24 +0000 2021	@Quirinale @ItalytoHolySee Real Madrid betrays Jesus Christ and God. Changes The Cross Logo in Deal With Muslims  https://t.co/AsEch0LebI	5.5144057
Sat Apr 03 11:45:59 +0000 2021	@POTUS @CanadianPM @BorisJohnson @RegSprecher @EmmanuelMacron @GiuseppeConteIT @sanchezcastejon The Russia-#Ukraine intl border is about 150 km by road from Pavlovsk, Voronezh oblast. #RussiaInvadedUkraine #Donbas #Donbass #CrimeaisUkraine #SovietHolodomor #StopNordStream2	5.17358
Sat Apr 03 16:26:55 +0000 2021	"@Quirinale Il Quirinale: #Mattarella: ""140 years have passed since the birth of Alcide #DeGasperi. The Republic remembers him as a founding father and the country is grateful for his work as a creator of moral, civil, economic and democratic reconstruction""."	5.1676874
Mon Apr 05 20:45:21 +0000 2021	2021 is a crucial year for the Earth. Our Planet is one of the pillars of Italy’s #G20 Presidency. We work with UK for a successful #COP26 and we support the EU Biodiversity Strategy for 2030. Let’s step up our efforts, especially for the younger generations! #OnePlanetSummit	4.7254376
