created_at	text	_score
Mon Apr 05 20:41:24 +0000 2021	Together for #OECD60 Anniversary, in the year of Italian #G20. Effective international cooperation is the only way to promote a sustainable and inclusive recovery: extraordinary challenges need global solidarity. Today, like yesterday, Italy firmly believes in multilateralism	62.372
Mon Apr 05 20:36:20 +0000 2021	Very good virtual Summit with PM of India @narendramodi today! Our bilateral relations, in all fields, and our cooperation in the multilateral frameworks will grow stronger. Our consecutive G20 Presidencies will be a unique opportunity to work together and shape a better future! https://t.co/1SohoemSWn	55.80349
Mon Apr 05 20:45:21 +0000 2021	2021 is a crucial year for the Earth. Our Planet is one of the pillars of Italy’s #G20 Presidency. We work with UK for a successful #COP26 and we support the EU Biodiversity Strategy for 2030. Let’s step up our efforts, especially for the younger generations! #OnePlanetSummit	55.424614
Sat Apr 03 16:26:55 +0000 2021	"@Quirinale Il Quirinale: #Mattarella: ""140 years have passed since the birth of Alcide #DeGasperi. The Republic remembers him as a founding father and the country is grateful for his work as a creator of moral, civil, economic and democratic reconstruction""."	35.09172
Sun Apr 04 07:03:53 +0000 2021	"@Quirinale @ItalytoHolySee Satanic UK Police BAN Catholic Mass ""It's Good Friday and I appreciate you would like to worship, but it is unlawful,"" Satan said. #PoliceState #PoliceBrutality @RC_Daily_Mass @CatholicReading @TweetTheMass @DailyMass #CatholicChurch #CatholicTwitter  https://t.co/xzrM8g5I7W"	31.82082
Fri Apr 09 11:41:03 +0000 2021	@Quirinale @poliziadistato Quirinale: President #Mattarella, on the occasion of the 169th anniversary of the establishment of the #State Police, received Prefect Lamberto Giannini, Chief of Police - Director General of Public Security, with a representation of members of the State Police.	24.089424
Thu Apr 08 20:46:36 +0000 2021	"@Quirinale The far-right League Party member Alessandro Pagano described the Italian citizen, Silvia Romano, who was rescued in Africa and converted to Islam, as the ""new terrorist"". Here is Your Mindset. Dictator Italy, Killer Italy Dictator Mario Draghi    @Quirinale https://t.co/NUp2GYr1SU"	21.379429
Thu Apr 08 20:46:59 +0000 2021	"@Quirinale The far-right League Party member Alessandro Pagano described the Italian citizen, Silvia Romano, who was rescued in Africa and converted to Islam, as the ""new terrorist"". Here is Your Mindset. Dictator Italy, Killer Italy Dictator Mario Draghi    @Quirinale https://t.co/BcEt07iPiX"	21.379429
Thu Apr 08 20:46:43 +0000 2021	"@Quirinale The far-right League Party member Alessandro Pagano described the Italian citizen, Silvia Romano, who was rescued in Africa and converted to Islam, as the ""new terrorist"". Here is Your Mindset. Dictator Italy, Killer Italy Dictator Mario Draghi    @Quirinale https://t.co/xVhfKN8pUK"	21.379429
Wed Mar 31 08:18:56 +0000 2021	@Quirinale @ItalianAirForce @SM_Difesa @MinisteroDifesa 🔴#COVID19  Greetings, Can you send us the reply of Mr. Sergio Mattarella: President of 🇮🇹, Mr. Giuseppe Conte: Prime Minister and Mr. Pierpaolo Sileri : Health Minister to our very urgent letter: https://t.co/IEaqZyMYxg  Thank you. Email: join.unitedhealthprofessionals@gmail.com	9.74848
Sat Apr 10 08:35:57 +0000 2021	@Quirinale 🔴#COVID19  Greetings, Can you send us the reply of Mr. Sergio Mattarella : President of 🇮🇹, Mr. Giuseppe Conte : Prime Minister and Mr. Pierpaolo Sileri : 🇮🇹 Health Minister to our very urgent letter : https://t.co/IEaqZz4zVQ Thank you.  Email : see page 9⃣ https://t.co/HJodKVa1PW	9.552473
Sun Apr 04 13:44:55 +0000 2021	@Quirinale  #Quirinale The UK Is Trying to Stop Facebook's End-to-End Encryption. Security - 04.04.2021 09:00 AM https://t.co/7c4tK9lBQ8	8.702815
Sat Apr 03 16:50:24 +0000 2021	@Quirinale @ItalytoHolySee Real Madrid betrays Jesus Christ and God. Changes The Cross Logo in Deal With Muslims  https://t.co/AsEch0LebI	8.518682
Sat Apr 03 11:45:59 +0000 2021	@POTUS @CanadianPM @BorisJohnson @RegSprecher @EmmanuelMacron @GiuseppeConteIT @sanchezcastejon The Russia-#Ukraine intl border is about 150 km by road from Pavlovsk, Voronezh oblast. #RussiaInvadedUkraine #Donbas #Donbass #CrimeaisUkraine #SovietHolodomor #StopNordStream2	7.781715
Sat Apr 10 15:41:30 +0000 2021	@Quirinale  #Quirinale  @robersperanza  This page was last edited on 10 April 2021, at 02:24 (UTC). RaTG13 (Bat coronavirus RaTG13) https://t.co/HWIxCH1G4G	5.230262
Wed Mar 31 11:20:18 +0000 2021	@Quirinale #Quirinale @robersperanza @ilariacapua @beppe_grillo @matteorenzi @matteosalvinimi  @FratellidItalia @forza_italia  #beppe_grillo #matteorenzi #matteosalvinimi  #FratellidItalia #forza_italia  Good Job.	4.832282
Thu Apr 08 20:54:04 +0000 2021	@Quirinale hey mussolini’s bastards! put the mario draghi on a leash, it is barking, a Turkish proverb says: his bark is worse than his bite	3.072622
Fri Apr 09 15:54:26 +0000 2021	@Quirinale Riccardo Repetto at Ferrari Group is doing power harassment on a daily basis.  Ferrari Group is an Italian logistic company and he is a CEO of Japan subsidiary.	1.9969215
Fri Apr 02 21:54:12 +0000 2021	@Quirinale  #Quirinale  @robersperanza COVID-19 4/2/2021, 11:21 PM Visual Dashboard (mobile): https://t.co/lMhE05c0Pr	0.0
Fri Apr 02 21:54:36 +0000 2021	@Quirinale  #Quirinale  @robersperanza COVID-19 4/2/2021, 11:21 PM Visual Dashboard (desktop): https://t.co/rKyghVg0nl	0.0
Sat Apr 03 16:07:38 +0000 2021	@Quirinale  #Quirinale  @robersperanza  COVID-19 4/2/2021, 5:21 PM Visual Dashboard (mobile): https://t.co/lMhE05c0Pr	0.0
Sat Apr 03 16:06:59 +0000 2021	@Quirinale  #Quirinale  @robersperanza  COVID-19 Coronavirus  COVID-19 4/2/2021, 5:21 PM Visual Dashboard (desktop): https://t.co/rKyghVg0nl	0.0
Sat Apr 03 18:49:56 +0000 2021	@Quirinale I T A L E X I T	0.0
Wed Apr 07 18:25:02 +0000 2021	@Quirinale  #Quirinale  @robersperanza  This page was last edited on 6 April 2021, at 13:54 (UTC). Variants of SARS-CoV-2. https://t.co/3agwQK0Pxu	0.0
Fri Apr 02 16:03:05 +0000 2021	@POTUS @CanadianPM @BorisJohnson @RegSprecher @EmmanuelMacron @GiuseppeConteIT @sanchezcastejon  #Ukraine MUST defend itself as #BudapestMemorandum's security assurances not kept #RussiaInvadedUkraine #PutinAtWar #Donbas #Donbass #CrimeaisUkraine #SovietHolodomor #StopNordStream2	0.0
