created_at	text	_score
Wed Apr 07 08:52:40 +0000 2021	@JapanGov still supporting Terrorists Not surprising to see All other States that protect Terrorists at @UN @antonioguterres #WhatsHappeningInMyanmar @SchranerBurgen1 @POTUS @USUN @EUatUN @USMission2ASEAN @UNHumanRights @Reaproy @CrphMyanmar @YangheeLeeSKKU @UKUN_NewYork	62.09877
Sat Apr 10 02:20:57 +0000 2021	@JapanGov Mr. Prime Minister, it looks like you're still not giving up the fight. However, the funds that should've been used for the Tokyo Olympics will be in turn used for the poor patients of COVID-19 instead. Where are the vaccines &amp; anti-virus kits for the people of Japan?	44.60119
Sat Apr 03 00:23:22 +0000 2021	@JapanGov @US_FDA @SLAMonline Oh! A man who is the son of the chairman of Taipei Financial Center Corporation promote my professional skills, especially on IT audit area.	42.98109
Tue Apr 06 20:35:56 +0000 2021	@JapanGov if #banks support #finance then with #optimism #data #optimisticdata every worker #collard #work otta get to owe poorer then today's rn #bizloan #businessloans #financialasset secretly #emergency even #equality with endowing the time not always #richer #richar #news #richest #gov	41.96974
Fri Apr 09 07:06:18 +0000 2021	@JapanGov We hear All WiFi will be turned off tmr. Mobile data was turned off since 15 Mar.Whole country will go dark.The juntas r killing the citizens even with the internet on. We can’t imagine our lives for tmr.Pls help us fast😔@elonmusk  #WhatsHappeningInMyanmar #Apr9Coup https://t.co/lpqQXib6FU	38.415813
Sat Apr 10 14:14:30 +0000 2021	@JPN_PMO You are destroying the economy in the process. Get the vaccine moving! This government is too slow! #Covid_19 #vaccine #vaccineforall	37.090233
Thu Apr 01 23:32:17 +0000 2021	The Prime Minister visited NPO LIFELINK, a suicide prevention support center, in Tokyo. https://t.co/P4aWbkUTmR #PMinAction (March 30) https://t.co/Qj2E8Oz2gs	36.845795
Thu Apr 01 09:29:21 +0000 2021	The Prime Minister visited NPO LIFELINK, a suicide prevention support center, in Tokyo. https://t.co/P4aWbkUTmR #PMinAction (March 30) https://t.co/Qj2E8Oz2gs	36.845795
Wed Apr 07 15:08:32 +0000 2021	The Prime Minister visited NPO LIFELINK, a suicide prevention support center, in Tokyo. https://t.co/P4aWbkUTmR #PMinAction (March 30) https://t.co/Qj2E8Oz2gs	36.845795
Tue Apr 06 09:45:42 +0000 2021	@JPN_PMO  I have to fight with People to make them take care of their Own DNA-profile.   IBM will have access to all DNA-profiles without  Decrypting 💻📱 secruity.   I want all 🇳🇱 DNA - businesses  @KVK_NL to be disconnected from Foreing investors  🇳🇱👪🧬must be examened by 🇳🇱🧑🏻‍🔬	35.617283
Wed Apr 07 03:16:01 +0000 2021	@JoeBiden @KremlinRussia_E @narendramodi @EmmanuelMacron @BorisJohnson @netanyahu @JPN_PMO @ScottMorrisonMP @sanchezcastejon  #WW3 has Begin with Chinese Tech Theft/Exports/Eco/Military Invasion  Spread of Islam/Terrorism  World To Realise facts, Make strategy to Counter ASAP	31.398605
Sun Apr 04 02:47:09 +0000 2021	@JoeBiden @KremlinRussia_E @narendramodi @EmmanuelMacron @BorisJohnson @netanyahu @JPN_PMO @ScottMorrisonMP @sanchezcastejon  #WW3 has Begin with Chinese Tech Theft/Exports/Eco Invasion  Spread of Islam/Terrorism  World To Realise facts, Make strategy to Counter before it’s late	31.039644
Fri Apr 02 20:20:40 +0000 2021	@JPN_PMO https://t.co/xS1ZP2s8L5 I work at a call center : Star Link Central how can I help? Ah, cannot find fuel. @GlobalGoalsUN Ok, I can help you with that. Just a second (On Hold). Ok, you should able to find some now. @ElonMusk @JeffBezos Big trouble for this one, ribbons of shame..	30.086908
Fri Apr 02 20:22:03 +0000 2021	@JPN_PMO https://t.co/xS1ZP2s8L5 I work at a call center : Star Link Central how can I help? Ah, cannot find fuel. @GlobalGoalsUN Ok, I can help you with that. Just a second (On Hold). Ok, you should able to find some now. @ElonMusk @JeffBezos Big trouble for this one, ribbons of shame.. https://t.co/Ca4aWSWJi7	29.829071
Sat Apr 03 23:11:15 +0000 2021	Once science fiction, flying cars are becoming a reality after the 1st successful open manned test flight of the SD-03 flying car in Japan in Aug. 2020. The ultimate goal: To let the general public use them for transport! Read more in #HighlightingJapan: https://t.co/HDqIhTYcxN https://t.co/l9zvXxeiiy	27.23074
Fri Apr 09 04:35:34 +0000 2021	@JoeBiden @KremlinRussia_E @narendramodi @EmmanuelMacron @AbeShinzo @netanyahu @iingwen @sanchezcastejon @JustinTrudeau  @GiuseppeConteIT @BorisJohnson  @ScottMorrisonMP WW3 started  China Funding &amp; Arming Islamic Terrorist Turkey,Pakistan,Bangla,Algeria,Iran, Training&amp;Exporting	27.196579
Wed Mar 31 21:39:48 +0000 2021	@JapanGov my investment and invention and Innovations for global warming for sony pictures of Japan india USA foundation updation of technology ideas for Innovation design work for upcoming infrastructure development project in india and abroad for existing Indian citizens cultur https://t.co/w6OD2Od9Q8	25.43864
Mon Apr 05 13:34:03 +0000 2021	The #Tokyo2020 #TorchRelay will today arrive in #Aichi Pref.! This center of #manufacturing &amp; #innovation has a storied past incl. #Edo buildings dating to #TokugawaIeyasu, the 1st Shogun, born in the area. #Uiro #Japanesesweets are popular area souvenirs. https://t.co/TwiTdorpDX https://t.co/aCQ1VxfZCI	25.110106
Wed Apr 07 13:14:09 +0000 2021	@JoeBiden @KremlinRussia_E @narendramodi @EmmanuelMacron @BorisJohnson @netanyahu @JPN_PMO @ScottMorrisonMP @sanchezcastejon  #WW3 has Begin with Turkey, Pakistan, Iran, Bangladesh, Somalia, Chechnya, Afghanistan Training &amp; Promoting Islamic Terrorism with Chinese Funds &amp; Arms	25.028082
Thu Apr 08 02:26:44 +0000 2021	@JoeBiden @KremlinRussia_E @narendramodi @EmmanuelMacron @BorisJohnson @netanyahu @JPN_PMO @ScottMorrisonMP @sanchezcastejon  #WW3 has Begin with Turkey, Pakistan, Iran, Bangladesh, Somalia, Chechnya, Afghanistan Training &amp; Promoting Islamic Terrorism with Chinese Funds &amp; Arms	25.028082
Thu Apr 08 02:30:50 +0000 2021	@JoeBiden @KremlinRussia_E @narendramodi @EmmanuelMacron @BorisJohnson @netanyahu @JPN_PMO @ScottMorrisonMP @sanchezcastejon  #WW3 has Begin with Turkey, Pakistan, Iran, Bangladesh, Somalia, Chechnya, Afghanistan Training &amp; Promoting Islamic Terrorism with Chinese Funds &amp; Arms	25.028082
Thu Apr 08 02:44:05 +0000 2021	@JoeBiden @KremlinRussia_E @narendramodi @EmmanuelMacron @BorisJohnson @netanyahu @JPN_PMO @ScottMorrisonMP @sanchezcastejon  #WW3 has Begin with Turkey, Pakistan, Iran, Bangladesh, Somalia, Chechnya, Afghanistan Training &amp; Promoting Islamic Terrorism with Chinese Funds &amp; Arms	25.028082
Thu Apr 08 02:45:42 +0000 2021	@JoeBiden @KremlinRussia_E @narendramodi @EmmanuelMacron @BorisJohnson @netanyahu @JPN_PMO @ScottMorrisonMP @sanchezcastejon  #WW3 has Begin with Turkey, Pakistan, Iran, Bangladesh, Somalia, Chechnya, Afghanistan Training &amp; Promoting Islamic Terrorism with Chinese Funds &amp; Arms	25.028082
Thu Apr 08 02:32:52 +0000 2021	@JoeBiden @KremlinRussia_E @narendramodi @EmmanuelMacron @BorisJohnson @netanyahu @JPN_PMO @ScottMorrisonMP @sanchezcastejon  #WW3 has Begin with Turkey, Pakistan, Iran, Bangladesh, Somalia, Chechnya, Afghanistan Training &amp; Promoting Islamic Terrorism with Chinese Funds &amp; Arms	25.028082
Thu Apr 08 02:42:30 +0000 2021	@JoeBiden @KremlinRussia_E @narendramodi @EmmanuelMacron @BorisJohnson @netanyahu @JPN_PMO @ScottMorrisonMP @sanchezcastejon  #WW3 has Begin with Turkey, Pakistan, Iran, Bangladesh, Somalia, Chechnya, Afghanistan Training &amp; Promoting Islamic Terrorism with Chinese Funds &amp; Arms	25.028082
Thu Apr 08 02:54:41 +0000 2021	@JoeBiden @KremlinRussia_E @narendramodi @EmmanuelMacron @BorisJohnson @netanyahu @JPN_PMO @ScottMorrisonMP @sanchezcastejon  #WW3 has Begin with Turkey, Pakistan, Iran, Bangladesh, Somalia, Chechnya, Afghanistan Training &amp; Promoting Islamic Terrorism with Chinese Funds &amp; Arms	25.028082
Wed Apr 07 03:46:55 +0000 2021	@JoeBiden @KremlinRussia_E @narendramodi @EmmanuelMacron @BorisJohnson @netanyahu @JPN_PMO @ScottMorrisonMP @sanchezcastejon  #WW3 has Begin with Turkey, Pakistan, Iran, Bangladesh, Somalia, Chechnya, Afghanistan Training &amp; Promoting Islamic Terrorism with Chinese Funds &amp; Arms	25.028082
Sat Apr 10 14:12:10 +0000 2021	@JPN_PMO @sugawitter You are too slow getting the vaccine moving in Japan! People are dying from this virus! Japan is the slowest of all of the G7 countries. There is no excuse for this delay! #Covid #Vaccines #COVID19	24.154087
Fri Apr 02 11:24:59 +0000 2021	@JapanGov in this current order when government and official shall be a popular #2year habit .. and #money possible #cashacrop #crop #cash sense can be #feelings #mandate deserve a better equivalence less are being satisfied .. say #finance real #mna news to better #endowment #needbased	24.02445
Mon Apr 05 13:09:56 +0000 2021	@JapanGov Please choose Naoko Takahashi to light the Olympic flame during the opening ceremony.  She was the most significant Olympic athlete in Japan's history.	23.966831
Tue Apr 06 20:32:38 +0000 2021	@JapanGov and if #japan #japanese get right with #rice gurrrls #code #coed #blacklivesmatter niggawth no home no homo likkke that #COD #finalone not different amusment in #business no different....he said love the rich one i know no how but to design my own money it was rolling #presstek	23.396471
Mon Apr 05 13:41:55 +0000 2021	@JapanGov please stop supporting Terrorists 🙏🙏🙏😔😔😔 #WhatsHappeningInMyanmar  #Apr5Coup	22.59322
Tue Apr 06 03:01:53 +0000 2021	Here's the future of cities. Explore how Japan fully utilizes cutting-edge technologies, such as #AI &amp; #BigData, to improve welfare and amenity of residents, presenting a #SmartCity with a human face:https://t.co/EbXcBIpVwF (via @EURONEWS)   #InnovationJapan #Society5_0 https://t.co/01ZBrA5LyZ	20.096478
Thu Apr 01 23:32:14 +0000 2021	The Prime Minister received a courtesy call from H.E. Ms. Retno L.P. Marsudi, Minister for Foreign Affairs of the Republic of Indonesia, and H.E. Lt. Gen. (Ret.) Prabowo Subianto, Minister of Defense of the Republic of Indonesia. https://t.co/GCAXjrqqm7 #PMinAction (March 30) https://t.co/nQaxUtrGAU	18.949738
Thu Apr 01 18:31:47 +0000 2021	The Prime Minister received a courtesy call from H.E. Ms. Retno L.P. Marsudi, Minister for Foreign Affairs of the Republic of Indonesia, and H.E. Lt. Gen. (Ret.) Prabowo Subianto, Minister of Defense of the Republic of Indonesia. https://t.co/GCAXjrqqm7 #PMinAction (March 30) https://t.co/nQaxUtrGAU	18.949738
Thu Apr 01 19:32:55 +0000 2021	The Prime Minister received a courtesy call from H.E. Ms. Retno L.P. Marsudi, Minister for Foreign Affairs of the Republic of Indonesia, and H.E. Lt. Gen. (Ret.) Prabowo Subianto, Minister of Defense of the Republic of Indonesia. https://t.co/GCAXjrqqm7 #PMinAction (March 30) https://t.co/nQaxUtrGAU	18.949738
Thu Apr 01 09:29:11 +0000 2021	The Prime Minister received a courtesy call from H.E. Ms. Retno L.P. Marsudi, Minister for Foreign Affairs of the Republic of Indonesia, and H.E. Lt. Gen. (Ret.) Prabowo Subianto, Minister of Defense of the Republic of Indonesia. https://t.co/GCAXjrqqm7 #PMinAction (March 30) https://t.co/nQaxUtrGAU	18.949738
Wed Apr 07 15:08:40 +0000 2021	The Prime Minister received a courtesy call from H.E. Ms. Retno L.P. Marsudi, Minister for Foreign Affairs of the Republic of Indonesia, and H.E. Lt. Gen. (Ret.) Prabowo Subianto, Minister of Defense of the Republic of Indonesia. https://t.co/GCAXjrqqm7 #PMinAction (March 30) https://t.co/nQaxUtrGAU	18.949738
Thu Apr 01 22:04:33 +0000 2021	The Prime Minister received a courtesy call from H.E. Ms. Retno L.P. Marsudi, Minister for Foreign Affairs of the Republic of Indonesia, and H.E. Lt. Gen. (Ret.) Prabowo Subianto, Minister of Defense of the Republic of Indonesia. https://t.co/GCAXjrqqm7 #PMinAction (March 30) https://t.co/nQaxUtrGAU	18.949738
Thu Apr 01 09:27:13 +0000 2021	The Prime Minister received a courtesy call from H.E. Ms. Retno L.P. Marsudi, Minister for Foreign Affairs of the Republic of Indonesia, and H.E. Lt. Gen. (Ret.) Prabowo Subianto, Minister of Defense of the Republic of Indonesia. https://t.co/GCAXjrqqm7 #PMinAction (March 30) https://t.co/nQaxUtrGAU	18.949738
Thu Apr 01 09:45:29 +0000 2021	The Prime Minister received a courtesy call from H.E. Ms. Retno L.P. Marsudi, Minister for Foreign Affairs of the Republic of Indonesia, and H.E. Lt. Gen. (Ret.) Prabowo Subianto, Minister of Defense of the Republic of Indonesia. https://t.co/GCAXjrqqm7 #PMinAction (March 30) https://t.co/nQaxUtrGAU	18.949738
Fri Apr 02 13:17:29 +0000 2021	.@g20org @@RishiSunak @MEF_GOV @JapanGov @SecYellen  @brunolemaire @OlafScholz — new #SDRs could be a gamechanger for the global pandemic recovery 🌎 Will you ensure that the #G20 commits to use  25% of their value to help poor countries fighting #COVID19?	18.716362
Sat Apr 03 20:53:26 +0000 2021	.@g20org @RishiSunak @MEF_GOV @JapanGov @SecYellen @brunolemaire @OlafScholz — new #SDRs could be a gamechanger for the global pandemic recovery 🌎 Will you ensure that the #G20 commits to use up to 25% of their value to help poor countries fighting #COVID19?	18.446419
Mon Apr 05 05:29:59 +0000 2021	@JPN_PMO @JapanGov @POTUS @VP @SpeakerPelosi  It appears that Jim Watkins &amp; his son Ron are residing in your Country. They are directly responsible for the insurrection of January 6. Allowing people who fight against the USA in your country is a violation of 1945 surrender terms.	18.035667
Fri Apr 02 13:46:11 +0000 2021	@JapanGov @JPN_PMO @MofaJapan_en @Tokyo_gov  @mizuhobank @G7 @daiwahouse_PR I understand #Japan stand with Myanmar people. But Shouldn’t #Japan cut off Military Terrorists budget supply so that Military have no supply to circulate?	17.986755
Thu Apr 01 23:32:11 +0000 2021	The Prime Minister held the 15th meeting of the Council for the Promotion of Policies for Crime Victims. https://t.co/uAk4D309fL #PMinAction (March 30) https://t.co/DVjWcAzTwW	17.657288
Thu Apr 01 09:28:53 +0000 2021	The Prime Minister held the 15th meeting of the Council for the Promotion of Policies for Crime Victims. https://t.co/uAk4D309fL #PMinAction (March 30) https://t.co/DVjWcAzTwW	17.657288
Thu Apr 01 11:21:58 +0000 2021	The Prime Minister held the 15th meeting of the Council for the Promotion of Policies for Crime Victims. https://t.co/uAk4D309fL #PMinAction (March 30) https://t.co/DVjWcAzTwW	17.657288
Thu Apr 01 09:33:04 +0000 2021	The Prime Minister held the 15th meeting of the Council for the Promotion of Policies for Crime Victims. https://t.co/uAk4D309fL #PMinAction (March 30) https://t.co/DVjWcAzTwW	17.657288
Wed Apr 07 15:08:52 +0000 2021	The Prime Minister held the 15th meeting of the Council for the Promotion of Policies for Crime Victims. https://t.co/uAk4D309fL #PMinAction (March 30) https://t.co/DVjWcAzTwW	17.657288
Fri Apr 02 03:10:50 +0000 2021	The Prime Minister held the 15th meeting of the Council for the Promotion of Policies for Crime Victims. https://t.co/uAk4D309fL #PMinAction (March 30) https://t.co/DVjWcAzTwW	17.657288
Sat Apr 03 23:11:11 +0000 2021	Together with farms in Indonesia and Thailand, CEO FUKUMURA Akira and his team at cacao development startup @Whosecacao are harnessing the power of innovative ideas and technology to improve the quality of cacao beans, adding new value for both farms and consumers.   #GlobalGoals https://t.co/8oAS5m6jEB	17.049032
Sat Apr 03 11:00:13 +0000 2021	@POTUS @mikepompeo @MOFA_Taiwan @TFDemocracy @JapanGov  @AustraliaGov Why don’t we right now have a combined force of US, Japanese, Australian, and Taiwanese forces positioned on land and at sea to protect Taiwan from likely Chinese invasion?	16.482918
Sat Apr 10 04:11:03 +0000 2021	We will continue to suppress infections by taking measures focused on local communities in order to prevent waves arising in local areas from forming a large, nation-wide wave. (2/2) #COVID19  (April 9)	16.269993
Sat Apr 10 08:31:04 +0000 2021	We will continue to suppress infections by taking measures focused on local communities in order to prevent waves arising in local areas from forming a large, nation-wide wave. (2/2) #COVID19  (April 9)	16.269993
Sat Apr 10 04:56:07 +0000 2021	We will continue to suppress infections by taking measures focused on local communities in order to prevent waves arising in local areas from forming a large, nation-wide wave. (2/2) #COVID19  (April 9)	16.269993
Tue Apr 06 20:22:58 +0000 2021	@JapanGov who know if you know the #minds or even look #good in midst of it ... taunted by #age ... with outlook of continuing #data #optimism when it was clear the fields of #financialasset will live better just #banks never supported it aside from what i know .. means how much??? #news	15.917796
Thu Apr 01 07:03:38 +0000 2021	"@JPN_PMO  ""China"" We strongly condemed that the intervention of fucking China by using Veto at UN.The world must halt the conspiracy of China and the terrorists of Burma's junta.If not,the bloodshed of unarmed Civilians will escalate soon #WhatsHappeninglnMyanmar https://t.co/zOVUrogJZg"	15.914347
Thu Apr 01 22:13:37 +0000 2021	@g20org @@RishiSunak @MEF_GOV @JapanGov @SecYellen @brunolemaire @OlafScholz - new #SDRs could be a gamechanger for the global pandemic recovery. will you ensure that the #G20 commits to use  25% of their value to help poor countries fighting #COVID19?	14.84384
Fri Apr 02 16:44:30 +0000 2021	@g20org @@RishiSunak @MEF_GOV @JapanGov @SecYellen  @brunolemaire @OlafScholz — new #SDRs could be a gamechanger for the global pandemic recovery 🌎 Please ensure that the #G20 commits to use  25% of their value to help poor countries fighting #COVID19.	14.84384
Sat Apr 03 23:11:05 +0000 2021	Japan at the forefront of game-changing #healthtech innovations from #telemedicine #apps to #surgicalrobots &amp; beyond. Discover some of these breakthroughs &amp; how they shape the country's post-COVID19 #resilience and recovery: https://t.co/kuCskmde4I  #BuildBackBetter https://t.co/A2Ldk9Loz2	14.681976
Sun Apr 04 13:18:00 +0000 2021	@g20org @@RishiSunak @MEF_GOV @JapanGov @SecYellen  @brunolemaire @OlafScholz — new #SDRs could be a gamechanger for the global pandemic recovery 🌎 Will you ensure that the #G20 commits to use  25% of their value to help poor countries fighting #COVID19?	14.6815605
Fri Apr 02 17:47:16 +0000 2021	.@g20org @RishiSunak @MEF_GOV @JapanGov @SecYellen  @brunolemaire @OlafScholz — new #SDRs could be a gamechanger for the global pandemic recovery 🌎 Will you ensure that the #G20 commits to use 25% of their value to help poor countries fighting #COVID19?	14.6815605
Mon Apr 05 12:54:46 +0000 2021	.@g20org @@RishiSunak @MEF_GOV @JapanGov @SecYellen  @brunolemaire @OlafScholz — new #SDRs could be a gamechanger for the global pandemic recovery 🌎 Will you ensure that the #G20 commits to use 25% of their value to help poor countries fighting #COVID19?	14.6815605
Fri Apr 02 20:09:21 +0000 2021	.@g20org @RishiSunak @MEF_GOV @JapanGov @SecYellen  @brunolemaire @OlafScholz — new #SDRs could be a gamechanger for the global pandemic recovery 🌎 Will you ensure that the #G20 commits to use  25% of their value to help poor countries fighting #COVID19?	14.6815605
Fri Apr 02 20:33:13 +0000 2021	@g20org @RishiSunak @MEF_GOV @JapanGov @SecYellen @BrunoLeMaire @OlafScholz - new #SDRs could be a gamechanger for the global pandemic recovery 🌎 Will you ensure that the #G20 commits to use 25% of their value to help poor countries fighting #COVID19?	14.6815605
Fri Apr 02 15:20:34 +0000 2021	.@g20org @RishiSunak @MEF_GOV @JapanGov @SecYellen  @brunolemaire @OlafScholz: new #SDRs could be a gamechanger for the global #pandemic recovery 🌎 Will you ensure that the #G20 commits to use  25% of their value to help poor countries fighting #COVID19?	14.6815605
Wed Apr 07 12:55:31 +0000 2021	@g20org @RishiSunak @MEF_GOV @JapanGov @SecYellen  @brunolemaire @OlafScholz — new #SDRs could be a gamechanger for the global pandemic recovery 🌎 Will you ensure that the #G20 commits to use  25% of their value to help poor countries fighting #COVID19?	14.6815605
Wed Apr 07 18:30:21 +0000 2021	@g20org  @RishiSunak  @MEF_GOV  @JapanGov  @SecYellen  @brunolemaire  @OlafScholz  — new #SDRs may be a gamechanger for the global pandemic recovery  Earth globe americas  Will the #G20 commit to use part of their vaccine supply  to help poor countries fighting #COVID19?	14.6815605
Sat Apr 03 10:34:41 +0000 2021	@g20org @@RishiSunak @MEF_GOV @JapanGov @SecYellen  @brunolemaire @OlafScholz — new #SDRs could be a gamechanger for the global pandemic recovery 🌎 Will you ensure that the #G20 commits to use 25% of their value to help poor countries fighting #COVID19?	14.6815605
Sat Apr 03 15:57:07 +0000 2021	:@g20org ,@RishiSunak ,@MEF_GOV @JapanGov ,@SecYellen  ,@brunolemaire ,@OlafScholz, new #SDRs could be a gamechanger for the global #pandemic  recovery 🌎 Will you ensure that the #G20 commits to use  25% of their value to help poor countries fighting #COVID19?	14.6815605
Fri Apr 02 22:41:39 +0000 2021	.@g20org @RishiSunak @MEF_GOV @JapanGov @SecYellen  @brunolemaire @OlafScholz — new #SDRs could be a gamechanger for the global pandemic recovery. 🌎 Will you ensure that the #G20 commits to use 25% of their value to help poor countries fighting #COVID19?	14.6815605
Thu Apr 08 04:42:37 +0000 2021	.@g20org @@RishiSunak @MEF_GOV @JapanGov @SecYellen  @brunolemaire @OlafScholz — new #SDRs could be a gamechanger for the global pandemic recovery 🌎 Will you ensure that the #G20 commits to use  25% of their value to help poor countries fighting #COVID19?’	14.6815605
Wed Apr 07 22:45:38 +0000 2021	.@g20org @@RishiSunak @MEF_GOV @JapanGov @SecYellen @brunolemaire @OlafScholz — new #SDRs could be a gamechanger for the global pandemic recovery 🌎 Will you ensure that the #G20 commits to use 25% of their value to help poor countries fighting #COVID19?	14.6815605
Sun Apr 04 01:52:36 +0000 2021	.@g20org @@RishiSunak @MEF_GOV @JapanGov @SecYellen  @brunolemaire @OlafScholz — new #SDRs could be a gamechanger for the global pandemic recovery 🌎 Will you ensure that the #G20 commits to use  25% of their value to help poor countries fighting #COVID19? #michaelpalaciosmba	14.522791
Fri Apr 02 14:42:35 +0000 2021	.@g20org @RishiSunak @MEF_GOV @JapanGov @SecYellen  @brunolemaire @OlafScholz — new #SDRs could be a gamechanger for the global pandemic recovery 🌎 Will you ensure that the #G20 commits to use  25% of their value to help poor countries fighting #COVID19? @globalcitzens	14.522791
Fri Apr 02 10:22:29 +0000 2021	.@g20org @@RishiSunak @MEF_GOV @JapanGov @SecYellen  @brunolemaire @OlafScholz — new #SDRs could be a gamechanger for the global pandemic recovery 🌎 Will you ensure that the #G20 commits to use  25% of their value to help poor countries fighting #COVID19?i	14.522791
Fri Apr 02 10:22:22 +0000 2021	.@g20org @@RishiSunak @MEF_GOV @JapanGov @SecYellen  @brunolemaire @OlafScholz — new #SDRs could be a gamechanger for the global pandemic recovery 🌎 Will you make sure that the #G20 commits to use  25% of their value to help poor countries fighting #COVID19?	14.522791
Mon Apr 05 15:48:55 +0000 2021	.@g20org @@RishiSunak @MEF_GOV @JapanGov @SecYellen  @brunolemaire @OlafScholz — new #SDRs could be a gamechanger for the global pandemic recovery 🌎 Will you ensure that the #G20 commits to use  25% of their value to help poor countries fighting #COVID19?v	14.522791
Mon Apr 05 18:19:05 +0000 2021	.@g20org @RishiSunak @MEF_GOV @JapanGov @SecYellen  @brunolemaire @OlafScholz — new #SDRs could be a gamechanger for the global pandemic recovery 🌎 Will you ensure that the #G20 commits to use  25% of their value to help poor countries fighting #COVID19? #GlobalCitizen	14.522791
Mon Apr 05 15:32:14 +0000 2021	.@g20org @@RishiSunak @MEF_GOV @JapanGov @SecYellen  @brunolemaire @OlafScholz — new #SDRs could be a gamechanger for the global pandemic recovery 🌎 Will you ensure that the #G20 commits to use  25% of their value to help poor countries fighting #COVID19?as	14.522791
Thu Apr 01 22:53:17 +0000 2021	.@g20org @@RishiSunak @MEF_GOV @JapanGov @SecYellen  @brunolemaire @OlafScholz — new #SDRs could be a gamechanger for the global pandemic recovery 🌎 Will you ensure that the #G20 commits to use up to 25% of their value to help poor countries fighting #COVID19?	14.367416
Thu Apr 01 18:41:57 +0000 2021	.@g20org @RishiSunak @MEF_GOV @JapanGov @SecYellen  @brunolemaire @OlafScholz — new #SDRs could be a gamechanger for the global pandemic recovery 🌎 Will you ensure that the #G20 commits to use up to 25% of their value to help poor countries fighting #COVID19?	14.367416
Thu Apr 01 19:05:35 +0000 2021	@g20org @RishiSunak @MEF_GOV @JapanGov @SecYellen  @brunolemaire @OlafScholz — new #SDRs could be a gamechanger for the global pandemic recovery 🌎 Will you ensure that the #G20 commits to use up to 25% of their value to help poor countries fighting #COVID19?	14.367416
Fri Apr 02 18:28:53 +0000 2021	.@g20org @RishiSunak @MEF_GOV @JapanGov @SecYellen  @brunolemaire @OlafScholz — new #SDRs could be a gamechanger for the global pandemic recovery 🌎 Will you ensure that the #G20 commits to use 25% of their value to help poor countries fighting #COVID19? https://t.co/nWQ9Ejhzl2	14.367416
Wed Apr 07 13:46:26 +0000 2021	Selamat malam @g20org @@RishiSunak @MEF_GOV @JapanGov @SecYellen  @brunolemaire @OlafScholz — new #SDRs could be a gamechanger for the global pandemic recovery 🌎 Will you ensure that the #G20 commits to use  25% of their value to help poor countries fighting #COVID19?	14.367416
Fri Apr 02 22:58:18 +0000 2021	@g20org @RishiSunak @MEF_GOV @JapanGov @SecYellen  @brunolemaire @OlafScholz —New #SDRs could be a game changer for the global pandemic recovery. 🌎 Will you ensure that the #G20 commits to use 25% of their value to help poor countries fighting #COVID19? - #GlobalCitizen Barış	14.367416
Thu Apr 08 05:02:26 +0000 2021	.@g20org @@RishiSunak @MEF_GOV @JapanGov @SecYellen  @brunolemaire @OlafScholz — new #SDRs could be a gamechanger for the global pandemic recovery 🌎 Will you ensure that the #G20 commits to use  25% of their value to help poor countries fighting #COVID19? I fully support	14.367416
Wed Apr 07 17:19:08 +0000 2021	.@g20org @@RishiSunak @MEF_GOV @JapanGov @SecYellen  @brunolemaire @OlafScholz — new #SDRs could be a gamechanger for the global pandemic recovery 🌎 Will you ensure that the #G20 commits to use  25% of their value to help poor countries fighting #COVID19? Central America perhaps	14.367416
Wed Apr 07 18:27:04 +0000 2021	@g20org @RishiSunak @MEF_GOV @JapanGov @SecYellen @brunolemaire @OlafScholz — new #SDRs may be a gamechanger for the global pandemic recovery 🌎 Will the #G20 commit to use part of their supply for the vaccine to help poor countries fighting #COVID19? Thank you.	14.367416
Thu Apr 01 22:32:09 +0000 2021	.@g20org @@RishiSunak @MEF_GOV @JapanGov @SecYellen  @brunolemaire @OlafScholz — new #SDRs could be a gamechanger for the global pandemic recovery 🌎 Will you ensure that the #G20 commits to use  25% of their value to help poor countries fighting #COVID19? @GlblCtzn @GlblCtznCAN	14.367416
Sat Apr 03 14:01:50 +0000 2021	.@g20org @@RishiSunak @MEF_GOV @JapanGov @SecYellen  @brunolemaire @OlafScholz — new #SDRs could be a gamechanger for the global pandemic recovery 🌎 Sir/Madam,Will you ensure that the #G20 commits to use  25% of their value to help poor countries fighting #COVID19?	14.367416
Tue Apr 06 05:38:12 +0000 2021	.@g20org @@RishiSunak @MEF_GOV @JapanGov @SecYellen  @brunolemaire @OlafScholz — new #SDRs could be a gamechanger for the global pandemic recovery 🌎 Will you ensure that the #G20 commits to use  25% of their value to help poor countries fighting #COVID19? #COVIDー19	14.367416
Wed Apr 07 03:40:06 +0000 2021	@g20org @RishiSunak @MEF_GOV @JapanGov @SecYellen  @brunolemaire @OlafScholz — new #SDRs could be a game changer for the global pandemic recovery 🌎 You must ensure that the #G20 commits to use 25% of their value to help poor countries fighting #COVID19. #globalcitizen	14.367416
Wed Apr 07 18:32:20 +0000 2021	@g20org @RishiSunak @MEF_GOV @JapanGov @SecYellen @brunolemaire @OlafScholz — new #SDRs may be a gamechanger for the global pandemic recovery. Will the #G20 commit to use part of your vaccine supply to help poor countries fighting #COVID19? We are in this together. Thank you :-)	14.066438
Fri Apr 02 08:20:40 +0000 2021	@JPN_PMO Luke 16:8 The master commended the dishonest manager because he had acted shrewdly. For the people of this world are more shrewd in dealing with their own kind than are the people of the light.  https://t.co/Fm3RPLPQ6C https://t.co/bOZWDuBOJE	14.059172
Sun Apr 04 16:44:00 +0000 2021	.@g20org @RishiSunak @MEF_GOV @JapanGov @SecYellen  @brunolemaire @OlafScholz — new Special Drawing Rights #SDRs could be a #gamechanger for global pandemic recovery. Will you ensure that the #G20 commits to use at least 5% of their value to help poor countries fighting #COVID19? https://t.co/AjQ7j89pZN	13.777809
Sun Apr 04 01:27:00 +0000 2021	and ensuring that the medical treatment structure is sound. To prevent waves arising in local areas from forming a large, nation-wide wave, we will suppress infections by flexibly and intensively taking measures focused on local communities. (4/4) (April 1)	13.107868
Fri Apr 02 23:21:40 +0000 2021	and ensuring that the medical treatment structure is sound. To prevent waves arising in local areas from forming a large, nation-wide wave, we will suppress infections by flexibly and intensively taking measures focused on local communities. (4/4) (April 1)	13.107868
Thu Apr 08 03:14:11 +0000 2021	and ensuring that the medical treatment structure is sound. To prevent waves arising in local areas from forming a large, nation-wide wave, we will suppress infections by flexibly and intensively taking measures focused on local communities. (4/4) (April 1)	13.107868
Fri Apr 02 12:45:52 +0000 2021	and ensuring that the medical treatment structure is sound. To prevent waves arising in local areas from forming a large, nation-wide wave, we will suppress infections by flexibly and intensively taking measures focused on local communities. (4/4) (April 1)	13.107868
Fri Apr 02 12:47:14 +0000 2021	and ensuring that the medical treatment structure is sound. To prevent waves arising in local areas from forming a large, nation-wide wave, we will suppress infections by flexibly and intensively taking measures focused on local communities. (4/4) (April 1)	13.107868
Mon Apr 05 14:21:39 +0000 2021	and ensuring that the medical treatment structure is sound. To prevent waves arising in local areas from forming a large, nation-wide wave, we will suppress infections by flexibly and intensively taking measures focused on local communities. (4/4) (April 1)	13.107868
Mon Apr 05 15:41:51 +0000 2021	and ensuring that the medical treatment structure is sound. To prevent waves arising in local areas from forming a large, nation-wide wave, we will suppress infections by flexibly and intensively taking measures focused on local communities. (4/4) (April 1)	13.107868
Fri Apr 02 12:53:24 +0000 2021	@BorisJohnson @SecBlinken @POTUS @JPN_PMO  Hello, Pls DO NOT call on the #Myanmar military to give up power, stop the violence, etc. They will NOT do it. Pls DO send troops or supply arms to ethnic groups (which are within YOUR power). We will fight back. #WhatsHappeningInMyanmar	12.979571
Fri Apr 09 09:20:05 +0000 2021	The abductions issue is the highest priority issues for the Suga Cabinet. We will dedicate our greatest possible efforts to bring about the return of all abductees to Japan at the earliest possible date. (3/3) (April 7)	12.665129
Fri Apr 09 08:50:26 +0000 2021	The abductions issue is the highest priority issues for the Suga Cabinet. We will dedicate our greatest possible efforts to bring about the return of all abductees to Japan at the earliest possible date. (3/3) (April 7)	12.665129
Thu Apr 08 01:17:30 +0000 2021	The abductions issue is the highest priority issues for the Suga Cabinet. We will dedicate our greatest possible efforts to bring about the return of all abductees to Japan at the earliest possible date. (3/3) (April 7)	12.665129
Thu Apr 08 01:27:59 +0000 2021	The abductions issue is the highest priority issues for the Suga Cabinet. We will dedicate our greatest possible efforts to bring about the return of all abductees to Japan at the earliest possible date. (3/3) (April 7)	12.665129
Thu Apr 08 01:44:56 +0000 2021	The abductions issue is the highest priority issues for the Suga Cabinet. We will dedicate our greatest possible efforts to bring about the return of all abductees to Japan at the earliest possible date. (3/3) (April 7)	12.665129
Thu Apr 08 01:50:18 +0000 2021	The abductions issue is the highest priority issues for the Suga Cabinet. We will dedicate our greatest possible efforts to bring about the return of all abductees to Japan at the earliest possible date. (3/3) (April 7)	12.665129
Thu Apr 08 11:21:53 +0000 2021	The abductions issue is the highest priority issues for the Suga Cabinet. We will dedicate our greatest possible efforts to bring about the return of all abductees to Japan at the earliest possible date. (3/3) (April 7)	12.665129
Thu Apr 08 01:34:15 +0000 2021	The abductions issue is the highest priority issues for the Suga Cabinet. We will dedicate our greatest possible efforts to bring about the return of all abductees to Japan at the earliest possible date. (3/3) (April 7)	12.665129
Thu Apr 08 09:33:40 +0000 2021	The abductions issue is the highest priority issues for the Suga Cabinet. We will dedicate our greatest possible efforts to bring about the return of all abductees to Japan at the earliest possible date. (3/3) (April 7)	12.665129
Thu Apr 08 01:25:37 +0000 2021	The abductions issue is the highest priority issues for the Suga Cabinet. We will dedicate our greatest possible efforts to bring about the return of all abductees to Japan at the earliest possible date. (3/3) (April 7)	12.665129
Sat Apr 10 21:18:20 +0000 2021	PM Suga: We decided to implement priority measures to prevent the spread of disease in Tokyo, Kyoto, and Okinawa Prefectures. These measures will be in effect from April 12 until May 11 in Tokyo and until May 5 in Kyoto and Okinawa. (1/2) https://t.co/1QuBEw6kCM	12.078625
Sat Apr 10 05:29:53 +0000 2021	PM Suga: We decided to implement priority measures to prevent the spread of disease in Tokyo, Kyoto, and Okinawa Prefectures. These measures will be in effect from April 12 until May 11 in Tokyo and until May 5 in Kyoto and Okinawa. (1/2) https://t.co/1QuBEw6kCM	12.078625
Sat Apr 10 12:31:18 +0000 2021	PM Suga: We decided to implement priority measures to prevent the spread of disease in Tokyo, Kyoto, and Okinawa Prefectures. These measures will be in effect from April 12 until May 11 in Tokyo and until May 5 in Kyoto and Okinawa. (1/2) https://t.co/1QuBEw6kCM	12.078625
Sat Apr 10 11:26:16 +0000 2021	PM Suga: We decided to implement priority measures to prevent the spread of disease in Tokyo, Kyoto, and Okinawa Prefectures. These measures will be in effect from April 12 until May 11 in Tokyo and until May 5 in Kyoto and Okinawa. (1/2) https://t.co/1QuBEw6kCM	12.078625
Sat Apr 10 04:56:05 +0000 2021	PM Suga: We decided to implement priority measures to prevent the spread of disease in Tokyo, Kyoto, and Okinawa Prefectures. These measures will be in effect from April 12 until May 11 in Tokyo and until May 5 in Kyoto and Okinawa. (1/2) https://t.co/1QuBEw6kCM	12.078625
Sat Apr 10 05:58:22 +0000 2021	PM Suga: We decided to implement priority measures to prevent the spread of disease in Tokyo, Kyoto, and Okinawa Prefectures. These measures will be in effect from April 12 until May 11 in Tokyo and until May 5 in Kyoto and Okinawa. (1/2) https://t.co/1QuBEw6kCM	12.078625
Sat Apr 10 08:31:07 +0000 2021	PM Suga: We decided to implement priority measures to prevent the spread of disease in Tokyo, Kyoto, and Okinawa Prefectures. These measures will be in effect from April 12 until May 11 in Tokyo and until May 5 in Kyoto and Okinawa. (1/2) https://t.co/1QuBEw6kCM	12.078625
Sat Apr 10 04:10:12 +0000 2021	PM Suga: We decided to implement priority measures to prevent the spread of disease in Tokyo, Kyoto, and Okinawa Prefectures. These measures will be in effect from April 12 until May 11 in Tokyo and until May 5 in Kyoto and Okinawa. (1/2) https://t.co/1QuBEw6kCM	12.078625
Sat Apr 10 04:10:09 +0000 2021	PM Suga: We decided to implement priority measures to prevent the spread of disease in Tokyo, Kyoto, and Okinawa Prefectures. These measures will be in effect from April 12 until May 11 in Tokyo and until May 5 in Kyoto and Okinawa. (1/2) https://t.co/1QuBEw6kCM	12.078625
Fri Apr 02 12:45:59 +0000 2021	PM Suga: I have taken the decision to implement priority measures to prevent the spread of disease in Miyagi, Osaka, and Hyogo Prefectures from April 5 to May 5. We will have drinking and dining establishments shorten their operating hours until 8 PM, (1/4) https://t.co/rPI7Wm8Zh9	11.711948
Sun Apr 04 19:53:58 +0000 2021	PM Suga: I have taken the decision to implement priority measures to prevent the spread of disease in Miyagi, Osaka, and Hyogo Prefectures from April 5 to May 5. We will have drinking and dining establishments shorten their operating hours until 8 PM, (1/4) https://t.co/rPI7Wm8Zh9	11.711948
Sun Apr 04 01:26:52 +0000 2021	PM Suga: I have taken the decision to implement priority measures to prevent the spread of disease in Miyagi, Osaka, and Hyogo Prefectures from April 5 to May 5. We will have drinking and dining establishments shorten their operating hours until 8 PM, (1/4) https://t.co/rPI7Wm8Zh9	11.711948
Sun Apr 04 16:47:52 +0000 2021	PM Suga: I have taken the decision to implement priority measures to prevent the spread of disease in Miyagi, Osaka, and Hyogo Prefectures from April 5 to May 5. We will have drinking and dining establishments shorten their operating hours until 8 PM, (1/4) https://t.co/rPI7Wm8Zh9	11.711948
Wed Apr 07 15:07:59 +0000 2021	PM Suga: I have taken the decision to implement priority measures to prevent the spread of disease in Miyagi, Osaka, and Hyogo Prefectures from April 5 to May 5. We will have drinking and dining establishments shorten their operating hours until 8 PM, (1/4) https://t.co/rPI7Wm8Zh9	11.711948
Fri Apr 02 23:21:45 +0000 2021	PM Suga: I have taken the decision to implement priority measures to prevent the spread of disease in Miyagi, Osaka, and Hyogo Prefectures from April 5 to May 5. We will have drinking and dining establishments shorten their operating hours until 8 PM, (1/4) https://t.co/rPI7Wm8Zh9	11.711948
Thu Apr 08 03:13:51 +0000 2021	PM Suga: I have taken the decision to implement priority measures to prevent the spread of disease in Miyagi, Osaka, and Hyogo Prefectures from April 5 to May 5. We will have drinking and dining establishments shorten their operating hours until 8 PM, (1/4) https://t.co/rPI7Wm8Zh9	11.711948
Fri Apr 02 15:14:11 +0000 2021	PM Suga: I have taken the decision to implement priority measures to prevent the spread of disease in Miyagi, Osaka, and Hyogo Prefectures from April 5 to May 5. We will have drinking and dining establishments shorten their operating hours until 8 PM, (1/4) https://t.co/rPI7Wm8Zh9	11.711948
Fri Apr 02 12:45:36 +0000 2021	PM Suga: I have taken the decision to implement priority measures to prevent the spread of disease in Miyagi, Osaka, and Hyogo Prefectures from April 5 to May 5. We will have drinking and dining establishments shorten their operating hours until 8 PM, (1/4) https://t.co/rPI7Wm8Zh9	11.711948
Fri Apr 02 12:46:50 +0000 2021	PM Suga: I have taken the decision to implement priority measures to prevent the spread of disease in Miyagi, Osaka, and Hyogo Prefectures from April 5 to May 5. We will have drinking and dining establishments shorten their operating hours until 8 PM, (1/4) https://t.co/rPI7Wm8Zh9	11.711948
Fri Apr 02 12:46:56 +0000 2021	PM Suga: I have taken the decision to implement priority measures to prevent the spread of disease in Miyagi, Osaka, and Hyogo Prefectures from April 5 to May 5. We will have drinking and dining establishments shorten their operating hours until 8 PM, (1/4) https://t.co/rPI7Wm8Zh9	11.711948
Fri Apr 02 12:46:58 +0000 2021	PM Suga: I have taken the decision to implement priority measures to prevent the spread of disease in Miyagi, Osaka, and Hyogo Prefectures from April 5 to May 5. We will have drinking and dining establishments shorten their operating hours until 8 PM, (1/4) https://t.co/rPI7Wm8Zh9	11.711948
Mon Apr 05 14:37:43 +0000 2021	PM Suga: I have taken the decision to implement priority measures to prevent the spread of disease in Miyagi, Osaka, and Hyogo Prefectures from April 5 to May 5. We will have drinking and dining establishments shorten their operating hours until 8 PM, (1/4) https://t.co/rPI7Wm8Zh9	11.711948
Sat Apr 03 13:02:32 +0000 2021	Today the #Tokyo2020 #TorchRelay arrives in #Gifu Pref.! #UNESCO #WorldHeritageSite #Shirakawago farmhouses are a highlight of this mountainous, naturally-rich inland prefecture, also a #Minoware production center w/a 1300-yr history of #potterymaking. https://t.co/vSjni5f3Rn https://t.co/CagKpAkyLI	11.693787
Thu Apr 01 21:53:16 +0000 2021	@JapanGov we are  [ BIAFRAN CABLE NEWS ROOM ] @bcnewsroom An international standard news outlet, Follow us, tag us or use our hashtag #FTLOM, The voice of FREEDOM MUST BE HEARD WORLDWIDE, A call for #biafraReferendum is a call to save lives  BCNR | #FTLOM #BiafraReferendumNow	11.541641
Thu Apr 01 21:53:24 +0000 2021	@JapanGov we are  [ BIAFRAN CABLE NEWS ROOM ] @bcnewsroom An international standard news outlet, Follow us, tag us or use our hashtag #FTLOM, The voice of FREEDOM MUST BE HEARD WORLDWIDE, A call for #biafraReferendum is a call to save lives  BCNR | #FTLOM #BiafraReferendumNow	11.541641
Sat Apr 03 13:23:17 +0000 2021	@JPN_PMO  We are Human and please save us with Humanitarian Principles 😭😭😭😭😭  🙏🙏🙏🙏🙏	11.439636
Sat Apr 03 13:23:25 +0000 2021	@JPN_PMO @sugawitter We are Human and please save us with Humanitarian Principles 😭😭😭😭😭  🙏🙏🙏🙏🙏	11.199469
Fri Apr 02 10:55:53 +0000 2021	@PMOIndia @japan @JapanGov @SecPompeo As a warrior, you must consider yourself as already dead. This will enable you to full speed ahead. We need to go reptilian on the draco CCP party. I don't understand why we have not used our exotic hardware. https://t.co/YiusnmUf1F	10.796804
Sat Apr 10 02:40:04 +0000 2021	@JoeBiden @BorisJohnson @EmmanuelMacron @JustinTrudeau @JPN_PMO  We want action against #China and #Pak - they need to be reined in and contained via the @UN. India has shown enough restraint. But we are fed up! We cannot be sitting ducks! Why is the world silent?	10.774536
Mon Apr 05 08:09:02 +0000 2021	@JPN_PMO @sugawitter Dear @JPN_PMO can i present to You a netsuke made by my Grandfather Nikolai Zotov in a name of my unwitting teacher with whom we discussed classic Japanese literature? In a bright memory of Kirichenko Aleksey Alekseevich. https://t.co/4GO5N3VIZ2	10.197723
Thu Apr 01 16:03:31 +0000 2021	@JapanGov if you could school Washington DC up on the principality of single to simple 3 dimensional physics; binary and the proper or improper physics of the human body	10.07843
Mon Apr 05 01:31:32 +0000 2021	@JapanGov @japan @JYPE_JAPAN @YGJAPANofficial @japantimes @YGJAPANofficial Why japan🇯🇵 doesn't u feel a that humanity under threat. @hrw kindly make a voice louder 🔊than now. This is how thousands of live under threat.  @nytimes ✒	9.780953
Fri Apr 02 15:36:55 +0000 2021	@JoeBiden @BorisJohnson @EmmanuelMacron @netanyahu @Russia @AbeShinzo @china you follow the plan of the devil... to control the all of us by fear. Fear of a virus that kill less than a normal flue. The goal is to control the whole of us by QR code and so on. I am with ELOHIM!	9.731307
Fri Apr 02 12:57:18 +0000 2021	@JPN_PMO Hallo. Please, is there a way to cancel the Figureskating World Team Trophy? They wanna hold it with audiances and international teams. Isn't such an big event against your try to protect your peoples lifes? Along with other events under the same federation and its sponsors?	9.511982
Thu Apr 08 14:03:51 +0000 2021	PM Suga: I met with the families of abductees and was presented with the action policy of the Association of Families of Victims Kidnapped by North Korea (AFVKN) and the National Association for the Rescue of Japanese Kidnapped by North Korea (NARKN). (1/3) https://t.co/M9EQq8MU60	9.473824
Sat Apr 03 10:08:26 +0000 2021	@narendramodi @JoeBiden @KremlinRussia_E @BorisJohnson @jairbolsonaro @ScottMorrisonMP @JPN_PMO @EmmanuelMacron @AqngelaMerkeICDU IF WORLD HUMAN RIGHTS COMMISSION IS WORRIED ABOUT ALL,THEN WHY MINORITIES LIKE HINDUS R BEING RAPPED/KILLED&amp; KIDNAPPED IN PAKISTAN ON DAILY BASIS!🙏🏻🙏🏻	9.289916
Thu Apr 01 23:32:21 +0000 2021	The Prime Minister held the first meeting of the advisory council on the Promotion of Climate Change Countermeasures. https://t.co/y4fLaIqjDv #PMinAction (March 31) https://t.co/SmDMOdM4dk	8.954596
Thu Apr 01 09:36:17 +0000 2021	The Prime Minister held the first meeting of the advisory council on the Promotion of Climate Change Countermeasures. https://t.co/y4fLaIqjDv #PMinAction (March 31) https://t.co/SmDMOdM4dk	8.954596
Thu Apr 01 09:34:40 +0000 2021	The Prime Minister held the first meeting of the advisory council on the Promotion of Climate Change Countermeasures. https://t.co/y4fLaIqjDv #PMinAction (March 31) https://t.co/SmDMOdM4dk	8.954596
Thu Apr 01 16:01:09 +0000 2021	The Prime Minister held the first meeting of the advisory council on the Promotion of Climate Change Countermeasures. https://t.co/y4fLaIqjDv #PMinAction (March 31) https://t.co/SmDMOdM4dk	8.954596
Thu Apr 01 09:45:41 +0000 2021	The Prime Minister held the first meeting of the advisory council on the Promotion of Climate Change Countermeasures. https://t.co/y4fLaIqjDv #PMinAction (March 31) https://t.co/SmDMOdM4dk	8.954596
Sun Apr 04 19:38:45 +0000 2021	The Prime Minister held the first meeting of the advisory council on the Promotion of Climate Change Countermeasures. https://t.co/y4fLaIqjDv #PMinAction (March 31) https://t.co/SmDMOdM4dk	8.954596
Sat Apr 03 14:45:18 +0000 2021	The Prime Minister held the first meeting of the advisory council on the Promotion of Climate Change Countermeasures. https://t.co/y4fLaIqjDv #PMinAction (March 31) https://t.co/SmDMOdM4dk	8.954596
Thu Apr 01 09:36:21 +0000 2021	The Prime Minister held the first meeting of the advisory council on the Promotion of Climate Change Countermeasures. https://t.co/y4fLaIqjDv #PMinAction (March 31) https://t.co/SmDMOdM4dk	8.954596
Thu Apr 01 09:59:14 +0000 2021	The Prime Minister spoke to the press regarding the request from the Osaka prefectural government to apply priority measures, such as the prevention of an epidemic, and other matters. https://t.co/C5jM6t9qQH #PMinAction (March 31) https://t.co/hapKaoaVgA	8.92621
Thu Apr 08 11:22:04 +0000 2021	The Prime Minister spoke to the press regarding the request from the Tokyo Metropolitan Government to apply priority measures, such as the prevention of an epidemic, and other matters https://t.co/Xk8Tv2o9Tn #PMinAction (April 7) https://t.co/2hJv8Vek9n	8.92621
Thu Apr 01 23:32:25 +0000 2021	The Prime Minister spoke to the press regarding the request from the Osaka prefectural government to apply priority measures, such as the prevention of an epidemic, and other matters. https://t.co/C5jM6t9qQH #PMinAction (March 31) https://t.co/hapKaoaVgA	8.92621
Thu Apr 01 09:56:05 +0000 2021	The Prime Minister spoke to the press regarding the request from the Osaka prefectural government to apply priority measures, such as the prevention of an epidemic, and other matters. https://t.co/C5jM6t9qQH #PMinAction (March 31) https://t.co/hapKaoaVgA	8.92621
Thu Apr 08 11:13:16 +0000 2021	The Prime Minister spoke to the press regarding the request from the Tokyo Metropolitan Government to apply priority measures, such as the prevention of an epidemic, and other matters https://t.co/Xk8Tv2o9Tn #PMinAction (April 7) https://t.co/2hJv8Vek9n	8.92621
Thu Apr 08 14:36:47 +0000 2021	The Prime Minister spoke to the press regarding the request from the Tokyo Metropolitan Government to apply priority measures, such as the prevention of an epidemic, and other matters https://t.co/Xk8Tv2o9Tn #PMinAction (April 7) https://t.co/2hJv8Vek9n	8.92621
Mon Apr 05 14:24:00 +0000 2021	The Prime Minister spoke to the press regarding the request from the Osaka prefectural government to apply priority measures, such as the prevention of an epidemic, and other matters. https://t.co/C5jM6t9qQH #PMinAction (March 31) https://t.co/hapKaoaVgA	8.92621
Mon Apr 05 13:10:00 +0000 2021	@JPN_PMO @JapanGov  Sir,  One should protect their lifes from COVID-19 by drinking a glass of water with, 1. Black Pepper Powder - 1 Spoon 2. Cardamom (Elachi) Powder - 1/2 Spoon 3. Jaggery  P.S: For better immunity eat dry grapes and almonds. A. Jagga Rao +91-9700606134 https://t.co/XfehIXgl4a	8.658116
Wed Apr 07 14:30:07 +0000 2021	@rashtrapatibhvn @IndEmbMoscow @JapanGov @ICJ_org @BruceVH @joycemayor  @DalaiLama SOVEREIGN REPUBLIC GOVERNMENT OF ADHINAAYAK  - UNIVERSAL JURISDICTION -  : 7 April 2021 at 19:14............Mighty Blessings ... https://t.co/RWSWsXqowk	8.581049
Sun Apr 04 19:47:02 +0000 2021	@JPN_PMO @sugawitter maggots eat lot more #zushi #sushi now peep #good #things #smoke by #emperor on youtube good things smoke - emperor ... not that they made happiness outta real #bible never were this great human being ... to being kindness mean have loads share #blacklivesmatter #caucasian loseer	8.527437
Thu Apr 01 22:11:23 +0000 2021	@JapanGov we are  [ BIAFRAN CABLE NEWS ROOM ] @bcnewsroom The voice of the people, NIGERIA is a fail state and must be disintegrate to save lives, #EndNigeriaNow  FREEDOM MUST PREVAIL, A call for #biafraReferendum is a call to save lives  BCNR | #BiafraReferendumNow #BiafraExit	7.93851
Thu Apr 01 22:09:51 +0000 2021	@JapanGov we are  [ BIAFRAN CABLE NEWS ROOM ] @bcnewsroom The voice of the people, NIGERIA is a fail state and must be disintegrate to save lives, #EndNigeriaNow  FREEDOM MUST PREVAIL, A call for #biafraReferendum is a call to save lives  BCNR | #BiafraReferendumNow #BiafraExit	7.93851
Thu Apr 01 22:09:58 +0000 2021	@JapanGov we are  [ BIAFRAN CABLE NEWS ROOM ] @bcnewsroom The voice of the people, NIGERIA is a fail state and must be disintegrate to save lives, #EndNigeriaNow  FREEDOM MUST PREVAIL, A call for #biafraReferendum is a call to save lives  BCNR | #BiafraReferendumNow #BiafraExit	7.93851
Fri Apr 09 03:24:55 +0000 2021	The Prime Minister spoke to the press regarding the request from the Tokyo Metropolitan Government to apply priority measures, such as the prevention of the spread of disease, and other matters. https://t.co/1dz04Uy2F4 #PMinAction (April 8) https://t.co/afcSYlOObH	7.46573
Fri Apr 09 03:33:00 +0000 2021	The Prime Minister spoke to the press regarding the request from the Tokyo Metropolitan Government to apply priority measures, such as the prevention of the spread of disease, and other matters. https://t.co/1dz04Uy2F4 #PMinAction (April 8) https://t.co/afcSYlOObH	7.46573
Fri Apr 09 03:47:48 +0000 2021	The Prime Minister spoke to the press regarding the request from the Tokyo Metropolitan Government to apply priority measures, such as the prevention of the spread of disease, and other matters. https://t.co/1dz04Uy2F4 #PMinAction (April 8) https://t.co/afcSYlOObH	7.46573
Thu Apr 01 10:39:31 +0000 2021	@JoeBiden @VP @EmmanuelMacron @narendramodi @UN @JPN_PMO #MyanmarMilitaryCoup #MyanmarProtests world , let’s get this sorted on priority. Innocents are suffering! Every humans deserves peaceful living. No forces has rights to take control of ! Make this world to live.	7.4319334
Mon Apr 05 18:40:49 +0000 2021	@narendramodi @PMOIndia @netanyahu @IsraeliPM @JPN_PMO @sugawitter @konotaromp @adgpi @DRDO_India @ScottMorrisonMP @MarisePayne @DrRonMalka   As the U.S. government considers new measures to secure the information and communications technology and services supply chain	7.331288
Sat Apr 03 09:22:06 +0000 2021	@JapanGov Stand with people of Myanmar,not just with words,take action! #WhatsHappeningInMyanmar #Apr3Coup	6.807675
Thu Apr 01 14:17:43 +0000 2021	@JapanGov Thank you for fighting for our global sanity, Japan!	6.687522
Wed Mar 31 02:36:24 +0000 2021	A retinal imaging laser eyewear by QD Laser, Inc. is expanding possibilities for #LowVision ppl. Pioneered by SUGAWARA Mitsuru, this eyewear turns retina into a screen w/ digital info projected by lasers, supporting elderlies &amp; visually impaired athletes: https://t.co/LCUhoQFfuK https://t.co/w4aFNseGZz	6.5821304
Sat Apr 10 13:34:50 +0000 2021	@JPN_PMO @MofaJapan_en   Foreign Minister of Japan Zaro Kono and 1 other . - Sign the Petition! https://t.co/U7pm6nVUJG via @UKChange	6.55095
Wed Mar 31 22:40:11 +0000 2021	@JapanGov my design work for global warming for sony pictures https://t.co/0v4nRNlrQa	6.168196
Sun Apr 04 04:36:42 +0000 2021	@narendramodi @BorisJohnson @POTUS @BarackObama @WHO @JPN_PMO who is the core reason for spreading corona 🦠 virus to our planet Earth. What action s are taken against the culprits. Take big action against the culprits of corona virus. #China #pmochina . 🙏🙏 Save planet Earth	6.1247993
Sat Apr 03 23:11:08 +0000 2021	A 70-yr-old Japanese tea farm in Kagoshima is charting the future of farming w/ingenious, #ecofriendly #smartagriculture &amp; #IPM farming—saving labor, helping #RegionalRevitalization &amp; exporting high-quality tea to the world. Here's more: https://t.co/nmP7OiDh7Z (@BusinessInsider) https://t.co/3GbYMOp5AN	5.848473
Sun Apr 04 09:19:29 +0000 2021	@JPN_PMO  🙆🏻‍♀️🎋🌉🦣   I dream of dying in Japan.  You know this; I told AlexKerr.   I need to learn the language and work for Social Justice for @Fridays4future   You have to make Decisions, from Evolution of Intelligence this time around, 🥺  @yousuck2020	5.3285003
Sun Apr 04 06:15:41 +0000 2021	@JPN_PMO @whitehouse @KremlinRussia_E @LozzaFox  @japantimes   I am the InterimPM for 🇯🇵   I want Personnel Plannings / Present lists from HAARP in the months previous to the Fukushima disaster.   I want warcriminals punished in Japan, itself.   https://t.co/qqg69Bt64m   @cia	5.0750313
Fri Apr 02 02:39:42 +0000 2021	@JapanGov ATTENTION ALL 🔞🔞🔞 I had to post this here. I would like to introduce you to Forex this is a short term and secured investment in #Bitcoin I am ready to show 15 lucky person how to earn in #Bitcoin No Referral No Withdrawal Fees Interested people Kindly send Dm @BarryCoupart	4.7450747
Fri Apr 02 02:39:47 +0000 2021	@JapanGov ATTENTION ALL 🔞🔞🔞 I had to post this here. I would like to introduce you to Forex this is a short term and secured investment in #Bitcoin I am ready to show 15 lucky person how to earn in #Bitcoin No Referral No Withdrawal Fees Interested people Kindly send Dm @BarryCoupart	4.7450747
Fri Apr 02 02:40:31 +0000 2021	@JapanGov @Whosecacao ATTENTION ALL 🔞🔞🔞 I had to post this here. I would like to introduce you to Forex this is a short term and secured investment in #Bitcoin I am ready to show 15 lucky person how to earn in #Bitcoin No Referral No Withdrawal Fees Interested people Kindly send Dm @BarryCoupart	4.7450747
Wed Apr 07 16:32:16 +0000 2021	Today the #Tokyo2020 #TorchRelay comes to #Mie Pref.! Host of the 2016 G7 Ise-Shima Summit, it is famous for 2000-yr-old #IseJingu shrine, sacred #MeotoIwa &amp; #Ama #free #divers, women who dive for #freshseafood &amp; often share their life stories w/visitors. https://t.co/axzFOGEnvR https://t.co/TCqdjhfnKv	4.622488
Wed Mar 31 08:26:07 +0000 2021	@JapanGov Thank you for standing alongside the UK and other nations to oppose the vicious #MyanmarMilitaryTerrorists   As British resident in Japan born 76 years ago when our 2 nations fought a terrible war in in #Myanmar  I wish for them to be happy and free.	4.278072
Fri Apr 02 21:09:03 +0000 2021	"@JPN_PMO ""Instructions by the Prime Minister in Response to the Missile Launch by North Korea (7:08) https://t.co/hiRZ0o8MuB"" - @JPN_PMO  Hopefully, not necessarily in that order. Prepare for future;  Lend lease USA subs unless CCP presses it's DPRK ally to denuke. https://t.co/Hg4LSVWj8o"	3.9943542
Fri Apr 02 09:03:33 +0000 2021	"@JapanGov 2/ We don’t want #Japan ‘unique role’ to be one of supplying funds for projects that potentially finance the bullets to kill civilians in #Myanmar.""  @MekongWatch on @JapanGov for concrete actions !  Read: https://t.co/plHNjcmGxg  #WhatsHappeninglnMyanmar"	3.9096885
Thu Apr 08 04:12:13 +0000 2021	@JapanGov Mr. Prime Minister, Pyongyang has left you &amp; other countries will soon follow. With Osaka closed to torch relays, you &amp; IOC must decide if the 2020 (2021) Tokyo Summer Olympics will be cancelled due to COVID-19 Pandemic or not. After all, you lost the struggle already.	3.8266368
Wed Apr 07 12:39:38 +0000 2021	"The #Tokyo2020 #TorchRelay begins today in #Fukushima! Springtime highlights incl. a ""waterfall"" #CherryBlossom tree thought to be over 1,000 yrs old, part of the natural wonder &amp; tradition making this #Tohoku pref. ideal for launching the #Olympics. https://t.co/y7bqTYXNw1 https://t.co/IxvfXPRUjT"	3.7436447
Tue Apr 06 21:09:38 +0000 2021	@JapanGov  Breaking !  The Secret Behind The Visit Of The Brits Minister Of Defense To Nigeria exposed ! The Fellow Is In Nigeria 🇳🇬 To Consolidate Plans By British Govt To Exterminate All Biafrans In Nigeria Never To Rise Again. Intel Confirms That The Ops Is Coded 3567 https://t.co/FAEC9Hnmht	3.294033
Fri Apr 02 11:22:49 +0000 2021	@JapanGov and soo much #amazon where are you gettn these? #tokyo is #rakuten ... and what it's about even if whom built amusement to reality of #delivery even #bogus ... even king on fore he cannot surpass his own #judgements ... clearly greek wine ... letting people have more since softwa	3.110156
Thu Apr 01 01:13:58 +0000 2021	"@JPN_PMO If BJP wants to regime permanently,donot privatiseBank,LICI&amp;Defence.Private Bank,Insurance Co,Rail Co also b needed for competition. Pl.not down d Bank Int.""If you donot good forMEN,donot do bad to anyone"". New Scheme impose for""GAVI MATA""otherwise GADI will b fall down."	2.8926132
Wed Mar 31 05:53:21 +0000 2021	#Japanesetechnology has long helped Japan #BuildBackBetter after disasters. Read how it aims to #improveinfrastructure in the #COVID19 era &amp; beyond w/#antimicrobialtechnology, AI-enabled water recycling and more in @FinancialTimes: https://t.co/vIOsAvKN5u  #InnovationJapan https://t.co/tEPnDucEey	2.8021936
Wed Mar 31 05:47:28 +0000 2021	#Japanesetechnology has long helped Japan #BuildBackBetter after disasters. Read how it aims to #improveinfrastructure in the #COVID19 era &amp; beyond w/#antimicrobialtechnology, AI-enabled water recycling and more in @FinancialTimes: https://t.co/vIOsAvKN5u  #InnovationJapan https://t.co/tEPnDucEey	2.8021936
Sat Apr 03 23:11:16 +0000 2021	#Japanesetechnology has long helped Japan #BuildBackBetter after disasters. Read how it aims to #improveinfrastructure in the #COVID19 era &amp; beyond w/#antimicrobialtechnology, AI-enabled water recycling and more in @FinancialTimes: https://t.co/vIOsAvKN5u  #InnovationJapan https://t.co/tEPnDucEey	2.8021936
Fri Apr 02 13:01:53 +0000 2021	@JPN_PMO You need to stop acting like Trump and actually -really- make the country take this virus serious.  Up Down/ Open/Closed is killing people.  Stop catering to business cronies.	2.4708815
Mon Apr 05 14:25:55 +0000 2021	PM Suga: I convened a meeting of ministers whose remits are related to urgent assistance measures for non-regular employees and others.   In order to support business continuity for dining and drinking establishments, lodging facilities, and other business operators (1/3) https://t.co/oN5EO8rKe2	2.4561667
Thu Apr 01 01:34:07 +0000 2021	@PMOIndia @JapanGov @japan There is no talking to Draco CCP boss. Some people only understand pain. China CCP has been taking kindness for weakness. @SecPompeo sends out a ready to go crew. No bullies. Let's take down the bully. https://t.co/DNIJvFvWGb	2.160309
Thu Apr 08 13:02:11 +0000 2021	@JPN_PMO In response to knowledge gained through seeing by eyes, hearing by ears, smelling by nose, tasting by tongue, touch feeling by skin, whatever one thinks, speaks, does sinks down deep in SOUL, on the computerised resultant of which is based merit of next birth.	2.1159818
Sun Apr 04 11:51:38 +0000 2021	Nishimoto Kimiko was 72 when she began taking pictures. At 92, Nishimoto has more than 230,000 followers on Instagram, where she is adored for her hilarious selfies. Read more on #HighlightingJapan: https://t.co/t5y6FbTLHF   #SundayReading #GoingStronger https://t.co/yRcW2u0HCN	1.1356397
Sun Apr 04 11:59:33 +0000 2021	Nishimoto Kimiko was 72 when she began taking pictures. At 92, Nishimoto has more than 230,000 followers on Instagram, where she is adored for her hilarious selfies. Read more on #HighlightingJapan: https://t.co/t5y6FbTLHF   #SundayReading #GoingStronger https://t.co/yRcW2u0HCN	1.1356397
Sun Apr 04 11:53:29 +0000 2021	Nishimoto Kimiko was 72 when she began taking pictures. At 92, Nishimoto has more than 230,000 followers on Instagram, where she is adored for her hilarious selfies. Read more on #HighlightingJapan: https://t.co/t5y6FbTLHF   #SundayReading #GoingStronger https://t.co/yRcW2u0HCN	1.1356397
Mon Apr 05 14:26:14 +0000 2021	that have shouldered a great deal of employment, we decided on the following assistance measures, including those providing financial support. (2/3)	1.0051488
Wed Mar 31 23:14:38 +0000 2021	The #KIZUNA Spring 2021 issue is now online! It features photos of sakura in #Tohoku &amp; stories on its #RoadtoRecovery after the #GreatEastJapanEarthquake. Also discover creative projects and businesses using traditional &amp; advanced Japanese technology: https://t.co/Qfi76OSKKq https://t.co/jSJHnZ2oF2	0.8209174
Wed Mar 31 10:15:53 +0000 2021	The #KIZUNA Spring 2021 issue is now online! It features photos of sakura in #Tohoku &amp; stories on its #RoadtoRecovery after the #GreatEastJapanEarthquake. Also discover creative projects and businesses using  traditional &amp; advanced Japanese technology: https://t.co/vLkce1tqlN https://t.co/znzjHcEU2J	0.8209174
Wed Mar 31 10:45:25 +0000 2021	The #KIZUNA Spring 2021 issue is now online! It features photos of sakura in #Tohoku &amp; stories on its #RoadtoRecovery after the #GreatEastJapanEarthquake. Also discover creative projects and businesses using  traditional &amp; advanced Japanese technology: https://t.co/vLkce1tqlN https://t.co/znzjHcEU2J	0.8209174
Wed Mar 31 11:08:01 +0000 2021	The #KIZUNA Spring 2021 issue is now online! It features photos of sakura in #Tohoku &amp; stories on its #RoadtoRecovery after the #GreatEastJapanEarthquake. Also discover creative projects and businesses using  traditional &amp; advanced Japanese technology: https://t.co/vLkce1tqlN https://t.co/znzjHcEU2J	0.8209174
Wed Mar 31 10:13:40 +0000 2021	The #KIZUNA Spring 2021 issue is now online! It features photos of sakura in #Tohoku &amp; stories on its #RoadtoRecovery after the #GreatEastJapanEarthquake. Also discover creative projects and businesses using  traditional &amp; advanced Japanese technology: https://t.co/vLkce1tqlN https://t.co/znzjHcEU2J	0.8209174
Wed Mar 31 10:17:57 +0000 2021	The #KIZUNA Spring 2021 issue is now online! It features photos of sakura in #Tohoku &amp; stories on its #RoadtoRecovery after the #GreatEastJapanEarthquake. Also discover creative projects and businesses using  traditional &amp; advanced Japanese technology: https://t.co/vLkce1tqlN https://t.co/znzjHcEU2J	0.8209174
Wed Mar 31 10:28:55 +0000 2021	The #KIZUNA Spring 2021 issue is now online! It features photos of sakura in #Tohoku &amp; stories on its #RoadtoRecovery after the #GreatEastJapanEarthquake. Also discover creative projects and businesses using  traditional &amp; advanced Japanese technology: https://t.co/vLkce1tqlN https://t.co/znzjHcEU2J	0.8209174
Wed Mar 31 10:16:07 +0000 2021	The #KIZUNA Spring 2021 issue is now online! It features photos of sakura in #Tohoku &amp; stories on its #RoadtoRecovery after the #GreatEastJapanEarthquake. Also discover creative projects and businesses using  traditional &amp; advanced Japanese technology: https://t.co/vLkce1tqlN https://t.co/znzjHcEU2J	0.8209174
Wed Mar 31 10:16:50 +0000 2021	The #KIZUNA Spring 2021 issue is now online! It features photos of sakura in #Tohoku &amp; stories on its #RoadtoRecovery after the #GreatEastJapanEarthquake. Also discover creative projects and businesses using  traditional &amp; advanced Japanese technology: https://t.co/vLkce1tqlN https://t.co/znzjHcEU2J	0.8209174
Wed Mar 31 11:03:39 +0000 2021	The #KIZUNA Spring 2021 issue is now online! It features photos of sakura in #Tohoku &amp; stories on its #RoadtoRecovery after the #GreatEastJapanEarthquake. Also discover creative projects and businesses using  traditional &amp; advanced Japanese technology: https://t.co/vLkce1tqlN https://t.co/znzjHcEU2J	0.8209174
Wed Mar 31 10:06:14 +0000 2021	The #KIZUNA Spring 2021 issue is now online! It features photos of sakura in #Tohoku &amp; stories on its #RoadtoRecovery after the #GreatEastJapanEarthquake. Also discover creative projects and businesses using  traditional &amp; advanced Japanese technology: https://t.co/vLkce1tqlN https://t.co/znzjHcEU2J	0.8209174
Wed Mar 31 10:07:55 +0000 2021	The #KIZUNA Spring 2021 issue is now online! It features photos of sakura in #Tohoku &amp; stories on its #RoadtoRecovery after the #GreatEastJapanEarthquake. Also discover creative projects and businesses using  traditional &amp; advanced Japanese technology: https://t.co/vLkce1tqlN https://t.co/znzjHcEU2J	0.8209174
Wed Mar 31 10:08:13 +0000 2021	The #KIZUNA Spring 2021 issue is now online! It features photos of sakura in #Tohoku &amp; stories on its #RoadtoRecovery after the #GreatEastJapanEarthquake. Also discover creative projects and businesses using  traditional &amp; advanced Japanese technology: https://t.co/vLkce1tqlN https://t.co/znzjHcEU2J	0.8209174
Wed Mar 31 10:08:27 +0000 2021	The #KIZUNA Spring 2021 issue is now online! It features photos of sakura in #Tohoku &amp; stories on its #RoadtoRecovery after the #GreatEastJapanEarthquake. Also discover creative projects and businesses using  traditional &amp; advanced Japanese technology: https://t.co/vLkce1tqlN https://t.co/znzjHcEU2J	0.8209174
Wed Mar 31 10:08:36 +0000 2021	The #KIZUNA Spring 2021 issue is now online! It features photos of sakura in #Tohoku &amp; stories on its #RoadtoRecovery after the #GreatEastJapanEarthquake. Also discover creative projects and businesses using  traditional &amp; advanced Japanese technology: https://t.co/vLkce1tqlN https://t.co/znzjHcEU2J	0.8209174
Wed Mar 31 10:16:21 +0000 2021	The #KIZUNA Spring 2021 issue is now online! It features photos of sakura in #Tohoku &amp; stories on its #RoadtoRecovery after the #GreatEastJapanEarthquake. Also discover creative projects and businesses using  traditional &amp; advanced Japanese technology: https://t.co/vLkce1tqlN https://t.co/znzjHcEU2J	0.8209174
Wed Mar 31 11:18:12 +0000 2021	The #KIZUNA Spring 2021 issue is now online! It features photos of sakura in #Tohoku &amp; stories on its #RoadtoRecovery after the #GreatEastJapanEarthquake. Also discover creative projects and businesses using  traditional &amp; advanced Japanese technology: https://t.co/vLkce1tqlN https://t.co/znzjHcEU2J	0.8209174
Thu Apr 08 12:00:55 +0000 2021	OSHIMA Akira studied robotics at the Univ. of Tsukuba—now he &amp; his startup Doog Inc. are charting the future of #labor w/#autonomousmobilerobots that follow your lead. See the video for more on this #robotic #transporttechnology: https://t.co/lK7Y6sHhOQ  #InnovationJapan https://t.co/bUTp0H7RAj	0.78878963
Thu Apr 08 10:43:55 +0000 2021	OSHIMA Akira studied robotics at the Univ. of Tsukuba—now he &amp; his startup Doog Inc. are charting the future of #labor w/#autonomousmobilerobots that follow your lead. See the video for more on this #robotic #transporttechnology: https://t.co/lK7Y6sHhOQ  #InnovationJapan https://t.co/bUTp0H7RAj	0.78878963
Sat Apr 10 12:00:11 +0000 2021	OSHIMA Akira studied robotics at the Univ. of Tsukuba—now he &amp; his startup Doog Inc. are charting the future of #labor w/#autonomousmobilerobots that follow your lead. See the video for more on this #robotic #transporttechnology: https://t.co/lK7Y6sHhOQ  #InnovationJapan https://t.co/bUTp0H7RAj	0.78878963
Fri Apr 09 01:52:33 +0000 2021	OSHIMA Akira studied robotics at the Univ. of Tsukuba—now he &amp; his startup Doog Inc. are charting the future of #labor w/#autonomousmobilerobots that follow your lead. See the video for more on this #robotic #transporttechnology: https://t.co/lK7Y6sHhOQ  #InnovationJapan https://t.co/bUTp0H7RAj	0.78878963
Thu Apr 08 15:11:49 +0000 2021	OSHIMA Akira studied robotics at the Univ. of Tsukuba—now he &amp; his startup Doog Inc. are charting the future of #labor w/#autonomousmobilerobots that follow your lead. See the video for more on this #robotic #transporttechnology: https://t.co/lK7Y6sHhOQ  #InnovationJapan https://t.co/bUTp0H7RAj	0.78878963
Fri Apr 09 00:05:32 +0000 2021	OSHIMA Akira studied robotics at the Univ. of Tsukuba—now he &amp; his startup Doog Inc. are charting the future of #labor w/#autonomousmobilerobots that follow your lead. See the video for more on this #robotic #transporttechnology: https://t.co/lK7Y6sHhOQ  #InnovationJapan https://t.co/bUTp0H7RAj	0.78878963
Thu Apr 08 06:08:35 +0000 2021	OSHIMA Akira studied robotics at the Univ. of Tsukuba—now he &amp; his startup Doog Inc. are charting the future of #labor w/#autonomousmobilerobots that follow your lead. See the video for more on this #robotic #transporttechnology: https://t.co/lK7Y6sHhOQ  #InnovationJapan https://t.co/bUTp0H7RAj	0.78878963
Thu Apr 08 06:22:20 +0000 2021	OSHIMA Akira studied robotics at the Univ. of Tsukuba—now he &amp; his startup Doog Inc. are charting the future of #labor w/#autonomousmobilerobots that follow your lead. See the video for more on this #robotic #transporttechnology: https://t.co/lK7Y6sHhOQ  #InnovationJapan https://t.co/bUTp0H7RAj	0.78878963
Thu Apr 08 09:49:57 +0000 2021	OSHIMA Akira studied robotics at the Univ. of Tsukuba—now he &amp; his startup Doog Inc. are charting the future of #labor w/#autonomousmobilerobots that follow your lead. See the video for more on this #robotic #transporttechnology: https://t.co/lK7Y6sHhOQ  #InnovationJapan https://t.co/bUTp0H7RAj	0.78878963
Thu Apr 08 06:12:48 +0000 2021	OSHIMA Akira studied robotics at the Univ. of Tsukuba—now he &amp; his startup Doog Inc. are charting the future of #labor w/#autonomousmobilerobots that follow your lead. See the video for more on this #robotic #transporttechnology: https://t.co/lK7Y6sHhOQ  #InnovationJapan https://t.co/bUTp0H7RAj	0.78878963
Thu Apr 08 06:12:59 +0000 2021	OSHIMA Akira studied robotics at the Univ. of Tsukuba—now he &amp; his startup Doog Inc. are charting the future of #labor w/#autonomousmobilerobots that follow your lead. See the video for more on this #robotic #transporttechnology: https://t.co/lK7Y6sHhOQ  #InnovationJapan https://t.co/bUTp0H7RAj	0.78878963
Thu Apr 08 06:09:28 +0000 2021	OSHIMA Akira studied robotics at the Univ. of Tsukuba—now he &amp; his startup Doog Inc. are charting the future of #labor w/#autonomousmobilerobots that follow your lead. See the video for more on this #robotic #transporttechnology: https://t.co/lK7Y6sHhOQ  #InnovationJapan https://t.co/bUTp0H7RAj	0.78878963
Thu Apr 08 06:17:41 +0000 2021	OSHIMA Akira studied robotics at the Univ. of Tsukuba—now he &amp; his startup Doog Inc. are charting the future of #labor w/#autonomousmobilerobots that follow your lead. See the video for more on this #robotic #transporttechnology: https://t.co/lK7Y6sHhOQ  #InnovationJapan https://t.co/bUTp0H7RAj	0.78878963
Thu Apr 08 08:35:14 +0000 2021	OSHIMA Akira studied robotics at the Univ. of Tsukuba—now he &amp; his startup Doog Inc. are charting the future of #labor w/#autonomousmobilerobots that follow your lead. See the video for more on this #robotic #transporttechnology: https://t.co/lK7Y6sHhOQ  #InnovationJapan https://t.co/bUTp0H7RAj	0.78878963
Thu Apr 08 10:17:30 +0000 2021	OSHIMA Akira studied robotics at the Univ. of Tsukuba—now he &amp; his startup Doog Inc. are charting the future of #labor w/#autonomousmobilerobots that follow your lead. See the video for more on this #robotic #transporttechnology: https://t.co/lK7Y6sHhOQ  #InnovationJapan https://t.co/bUTp0H7RAj	0.78878963
Thu Apr 08 06:05:57 +0000 2021	OSHIMA Akira studied robotics at the Univ. of Tsukuba—now he &amp; his startup Doog Inc. are charting the future of #labor w/#autonomousmobilerobots that follow your lead. See the video for more on this #robotic #transporttechnology: https://t.co/lK7Y6sHhOQ  #InnovationJapan https://t.co/bUTp0H7RAj	0.78878963
Thu Apr 08 06:12:06 +0000 2021	OSHIMA Akira studied robotics at the Univ. of Tsukuba—now he &amp; his startup Doog Inc. are charting the future of #labor w/#autonomousmobilerobots that follow your lead. See the video for more on this #robotic #transporttechnology: https://t.co/lK7Y6sHhOQ  #InnovationJapan https://t.co/bUTp0H7RAj	0.78878963
Thu Apr 08 07:36:24 +0000 2021	OSHIMA Akira studied robotics at the Univ. of Tsukuba—now he &amp; his startup Doog Inc. are charting the future of #labor w/#autonomousmobilerobots that follow your lead. See the video for more on this #robotic #transporttechnology: https://t.co/lK7Y6sHhOQ  #InnovationJapan https://t.co/bUTp0H7RAj	0.78878963
Thu Apr 08 07:43:10 +0000 2021	OSHIMA Akira studied robotics at the Univ. of Tsukuba—now he &amp; his startup Doog Inc. are charting the future of #labor w/#autonomousmobilerobots that follow your lead. See the video for more on this #robotic #transporttechnology: https://t.co/lK7Y6sHhOQ  #InnovationJapan https://t.co/bUTp0H7RAj	0.78878963
Thu Apr 08 08:15:38 +0000 2021	OSHIMA Akira studied robotics at the Univ. of Tsukuba—now he &amp; his startup Doog Inc. are charting the future of #labor w/#autonomousmobilerobots that follow your lead. See the video for more on this #robotic #transporttechnology: https://t.co/lK7Y6sHhOQ  #InnovationJapan https://t.co/bUTp0H7RAj	0.78878963
Thu Apr 08 09:49:16 +0000 2021	OSHIMA Akira studied robotics at the Univ. of Tsukuba—now he &amp; his startup Doog Inc. are charting the future of #labor w/#autonomousmobilerobots that follow your lead. See the video for more on this #robotic #transporttechnology: https://t.co/lK7Y6sHhOQ  #InnovationJapan https://t.co/bUTp0H7RAj	0.78878963
Thu Apr 08 06:07:44 +0000 2021	OSHIMA Akira studied robotics at the Univ. of Tsukuba—now he &amp; his startup Doog Inc. are charting the future of #labor w/#autonomousmobilerobots that follow your lead. See the video for more on this #robotic #transporttechnology: https://t.co/lK7Y6sHhOQ  #InnovationJapan https://t.co/bUTp0H7RAj	0.78878963
Thu Apr 08 06:11:45 +0000 2021	OSHIMA Akira studied robotics at the Univ. of Tsukuba—now he &amp; his startup Doog Inc. are charting the future of #labor w/#autonomousmobilerobots that follow your lead. See the video for more on this #robotic #transporttechnology: https://t.co/lK7Y6sHhOQ  #InnovationJapan https://t.co/bUTp0H7RAj	0.78878963
Thu Apr 08 06:20:24 +0000 2021	OSHIMA Akira studied robotics at the Univ. of Tsukuba—now he &amp; his startup Doog Inc. are charting the future of #labor w/#autonomousmobilerobots that follow your lead. See the video for more on this #robotic #transporttechnology: https://t.co/lK7Y6sHhOQ  #InnovationJapan https://t.co/bUTp0H7RAj	0.78878963
Thu Apr 08 06:23:27 +0000 2021	OSHIMA Akira studied robotics at the Univ. of Tsukuba—now he &amp; his startup Doog Inc. are charting the future of #labor w/#autonomousmobilerobots that follow your lead. See the video for more on this #robotic #transporttechnology: https://t.co/lK7Y6sHhOQ  #InnovationJapan https://t.co/bUTp0H7RAj	0.78878963
Thu Apr 08 06:51:40 +0000 2021	OSHIMA Akira studied robotics at the Univ. of Tsukuba—now he &amp; his startup Doog Inc. are charting the future of #labor w/#autonomousmobilerobots that follow your lead. See the video for more on this #robotic #transporttechnology: https://t.co/lK7Y6sHhOQ  #InnovationJapan https://t.co/bUTp0H7RAj	0.78878963
Thu Apr 08 07:49:53 +0000 2021	OSHIMA Akira studied robotics at the Univ. of Tsukuba—now he &amp; his startup Doog Inc. are charting the future of #labor w/#autonomousmobilerobots that follow your lead. See the video for more on this #robotic #transporttechnology: https://t.co/lK7Y6sHhOQ  #InnovationJapan https://t.co/bUTp0H7RAj	0.78878963
Sat Apr 10 00:06:03 +0000 2021	OSHIMA Akira studied robotics at the Univ. of Tsukuba—now he &amp; his startup Doog Inc. are charting the future of #labor w/#autonomousmobilerobots that follow your lead. See the video for more on this #robotic #transporttechnology: https://t.co/lK7Y6sHhOQ  #InnovationJapan https://t.co/bUTp0H7RAj	0.78878963
Fri Apr 09 19:23:56 +0000 2021	OSHIMA Akira studied robotics at the Univ. of Tsukuba—now he &amp; his startup Doog Inc. are charting the future of #labor w/#autonomousmobilerobots that follow your lead. See the video for more on this #robotic #transporttechnology: https://t.co/lK7Y6sHhOQ  #InnovationJapan https://t.co/bUTp0H7RAj	0.78878963
