created_at	text	_score
Thu Apr 08 12:56:32 +0000 2021	@lopezobrador_  ha desplegado más soldados que @EPN y @FelipeCalderon: Amnistía Internacional  Como parte de su estrategia de seguridad pública, hay más agentes en las calles que en los gobiernos de Enrique Peña Nieto y Felipe Calderón, advierte ONG. https://t.co/pDQAUveIBO	216.45084
Mon Apr 05 14:07:31 +0000 2021	@lopezobrador_ @lopezobrador_ eso implica aumentar a 46% la deuda externa eso hizo @EPN en todo se sexenio y tú en dos años, nos llevarás a la quiebra.	102.51829
Sun Apr 04 15:27:28 +0000 2021	@lopezobrador_ La reforma de telecomunicaciones que se hizo en los tiempos de Lord Peña Nieto @EPN , acabo con los duopolios de telerisa y apesteca, abrió mas canales educativos y culturales, sentó las bases para que hubiera internet gratuito en espacios públicos como una biblioteca o plazas.	48.875347
Mon Apr 05 13:32:05 +0000 2021	@lopezobrador_ Negociaciones de @VicenteFoxQue con @EPN  con la consigna que no fuera investigado su sexenio ni de @FelipeCalderon pactando con amado yañez  inhabilitar a OCEANOGRAFIA para aprobar REFORMA ENERGETICA  CAUSANDO DAÑO AMBIENTAL https://t.co/aBRcVWV7Cj	21.648262
Thu Apr 08 18:06:59 +0000 2021	@lopezobrador_ Pero el 1 de julio del 2018, los mandamos a TODOS ( @VicenteFoxQue @FelipeCalderon @EPN y sus esbirros) al basurero de la Historia.	16.138016
Tue Apr 06 00:07:50 +0000 2021	@lopezobrador_ Don pendejo, pídale consejos a mi querido @EPN el si saber ser presidente	15.074015
Thu Apr 08 13:50:55 +0000 2021	@lopezobrador_  y #Morena SÍ están transformando a México. En 2016 durante el sexenio de @EPN un tanque de gas costaba $461, hoy $711. Entre 2018 y 2021 subió de precio $200. El presidente y su partido transforman a México en un país caro y poco competitivo. https://t.co/0xJVn5tXyt	14.344823
Thu Apr 01 23:20:53 +0000 2021	Desde este momento esta cuenta se convierte en el archivo histórico de la administración 2012- 2018 del Presidente @EPN en #Twitter   La Administración 2018 -2024 manejará la cuenta: @GobiernoMX  ¡Síganla para mantenerse informados!  #Transición2018	13.89889
Sun Apr 04 06:45:46 +0000 2021	@lopezobrador_ Y esto que es Sr. Presidente?? También es culpa De @FelipeCalderon @EPN o de los gobiernos del PRI o del PAN ?? Cree que no nos damos cuenta de lo qué pasa?	6.6587715
Tue Apr 06 00:04:55 +0000 2021	@POTUS Infraestructuch 😂😂😂 se te extraña Lord @EPN	6.563839
Wed Apr 07 13:42:13 +0000 2021	@lopezobrador_ tiene más militares en las calles del país que @FelipeCalderon o @EPN	4.926982
