created_at	text	_score
Thu Apr 08 12:56:32 +0000 2021	@lopezobrador_  ha desplegado más soldados que @EPN y @FelipeCalderon: Amnistía Internacional  Como parte de su estrategia de seguridad pública, hay más agentes en las calles que en los gobiernos de Enrique Peña Nieto y Felipe Calderón, advierte ONG. https://t.co/pDQAUveIBO	37.815376
Sun Apr 04 15:27:28 +0000 2021	@lopezobrador_ La reforma de telecomunicaciones que se hizo en los tiempos de Lord Peña Nieto @EPN , acabo con los duopolios de telerisa y apesteca, abrió mas canales educativos y culturales, sentó las bases para que hubiera internet gratuito en espacios públicos como una biblioteca o plazas.	25.514515
Mon Apr 05 14:07:31 +0000 2021	@lopezobrador_ @lopezobrador_ eso implica aumentar a 46% la deuda externa eso hizo @EPN en todo se sexenio y tú en dos años, nos llevarás a la quiebra.	24.327744
Fri Apr 09 23:00:48 +0000 2021	@lopezobrador_ eres peor que  Salinas y @EPN favoreces a los tuyos y proteges la corrupcion y nepotismo	23.077408
Sun Apr 04 06:45:46 +0000 2021	@lopezobrador_ Y esto que es Sr. Presidente?? También es culpa De @FelipeCalderon @EPN o de los gobiernos del PRI o del PAN ?? Cree que no nos damos cuenta de lo qué pasa?	20.013157
Wed Apr 07 20:26:32 +0000 2021	@LOPEZObrador_ #presidente 🇲🇽 ha desplegado más #militares que @EPN y @FelipeCALDERON: @Amnesty   @M_OlgaSCordero @Luis_C_SANDOVAL	6.478462
