created_at	text	_score
Sat Apr 03 00:44:16 +0000 2021	@lopezobrador_ Viejo joto, no le diste la beca a nadie alv ctm, mejor voy a votar por el PRI @EPN si le daba la beca parejo, y tú quieres que te digan que vivimos en el lodo pa poder que nos la den no mms	49.018105
Sun Apr 04 06:45:46 +0000 2021	@lopezobrador_ Y esto que es Sr. Presidente?? También es culpa De @FelipeCalderon @EPN o de los gobiernos del PRI o del PAN ?? Cree que no nos damos cuenta de lo qué pasa?	31.02832
Sun Apr 04 15:27:28 +0000 2021	@lopezobrador_ La reforma de telecomunicaciones que se hizo en los tiempos de Lord Peña Nieto @EPN , acabo con los duopolios de telerisa y apesteca, abrió mas canales educativos y culturales, sentó las bases para que hubiera internet gratuito en espacios públicos como una biblioteca o plazas.	21.761732
Thu Apr 08 12:56:32 +0000 2021	@lopezobrador_  ha desplegado más soldados que @EPN y @FelipeCalderon: Amnistía Internacional  Como parte de su estrategia de seguridad pública, hay más agentes en las calles que en los gobiernos de Enrique Peña Nieto y Felipe Calderón, advierte ONG. https://t.co/pDQAUveIBO	13.223169
Thu Apr 01 23:20:53 +0000 2021	Desde este momento esta cuenta se convierte en el archivo histórico de la administración 2012- 2018 del Presidente @EPN en #Twitter   La Administración 2018 -2024 manejará la cuenta: @GobiernoMX  ¡Síganla para mantenerse informados!  #Transición2018	12.041827
Tue Apr 06 00:04:55 +0000 2021	@POTUS Infraestructuch 😂😂😂 se te extraña Lord @EPN	6.563839
Sat Apr 10 15:02:58 +0000 2021	@lopezobrador_,  no te atreves a mencionar a @EPN a Ernesto Zedillo o Carlos Salinas como causantes de tu desgracia en la mañanera, si tus mascotas supieran qué eres una mascota se te cae el teatro #AMLOrdMontajes #GobiernoDeInutiles #VotoUtil2021 https://t.co/az0NONwaxc	4.682833
Sat Apr 10 14:59:27 +0000 2021	@lopezobrador_,  no te atreves a mencionar a @EPN a Ernesto Zedillo o Carlos Salinas en la mañanera, si tus mascotas supieran qué eres una mascota de te cae el teatro https://t.co/Qg1HleHSWi	4.586542
