created_at	text	_score
Thu Apr 08 12:56:32 +0000 2021	@lopezobrador_  ha desplegado más soldados que @EPN y @FelipeCalderon: Amnistía Internacional  Como parte de su estrategia de seguridad pública, hay más agentes en las calles que en los gobiernos de Enrique Peña Nieto y Felipe Calderón, advierte ONG. https://t.co/pDQAUveIBO	50.587303
Mon Apr 05 13:32:05 +0000 2021	@lopezobrador_ Negociaciones de @VicenteFoxQue con @EPN  con la consigna que no fuera investigado su sexenio ni de @FelipeCalderon pactando con amado yañez  inhabilitar a OCEANOGRAFIA para aprobar REFORMA ENERGETICA  CAUSANDO DAÑO AMBIENTAL https://t.co/aBRcVWV7Cj	29.141216
Wed Apr 07 13:42:13 +0000 2021	@lopezobrador_ tiene más militares en las calles del país que @FelipeCalderon o @EPN	19.707928
Sat Apr 03 00:44:16 +0000 2021	@lopezobrador_ Viejo joto, no le diste la beca a nadie alv ctm, mejor voy a votar por el PRI @EPN si le daba la beca parejo, y tú quieres que te digan que vivimos en el lodo pa poder que nos la den no mms	19.607243
Thu Apr 08 13:50:55 +0000 2021	@lopezobrador_  y #Morena SÍ están transformando a México. En 2016 durante el sexenio de @EPN un tanque de gas costaba $461, hoy $711. Entre 2018 y 2021 subió de precio $200. El presidente y su partido transforman a México en un país caro y poco competitivo. https://t.co/0xJVn5tXyt	15.292912
Tue Apr 06 00:07:50 +0000 2021	@lopezobrador_ Don pendejo, pídale consejos a mi querido @EPN el si saber ser presidente	7.5370073
Sun Apr 04 15:27:28 +0000 2021	@lopezobrador_ La reforma de telecomunicaciones que se hizo en los tiempos de Lord Peña Nieto @EPN , acabo con los duopolios de telerisa y apesteca, abrió mas canales educativos y culturales, sentó las bases para que hubiera internet gratuito en espacios públicos como una biblioteca o plazas.	6.799673
Fri Apr 09 23:00:48 +0000 2021	@lopezobrador_ eres peor que  Salinas y @EPN favoreces a los tuyos y proteges la corrupcion y nepotismo	6.2364945
Fri Apr 02 04:21:39 +0000 2021	@lopezobrador_ Pero si ya subió hombrecito, @EPN la dejó en $18, ya va en $22 cobardete mitomano	1.8918269
