created_at	text	_score
Sun Mar 15 04:33:35 +0000 2020	@realDonaldTrump @POTUS  @CIA  @BorisJohnson @AbeShinzo @AngelaMerkeICDU @JustinTrudeau @GiuseppeConteIT     World Needed :  World PARLIAMENT   and   Global Bank &amp; Global CURRENCY to Create PERFECT CAPITALISM   and   World Trade in Global CURRENCY PRICES	298.30493
Thu Mar 19 19:24:43 +0000 2020	@AngelaMerkeICDU   The people of Egypt require international intervention to protect them from the police state's repression in Egypt https://t.co/BpeWcpSJ9Y	274.87744
Thu Mar 26 07:52:09 +0000 2020	@AngelaMerkeICDU @BorisJohnson @realDonaldTrump @KremlinRussia_E @JustinTrudeau @narendramodi  An international tribunal must be set up to fix the level of responsibility on Chinese bio warfare  Wuhan Chinese Virus, colossal losses, and other socio economic fall outs	243.37769
Wed Apr 01 02:23:18 +0000 2020	@AngelaMerkeICDU 699 cases successful on Coronavirus! 1. That is! https://t.co/PYL6AruWjU Big Have international space information (ISI) ltd.. Mr.Truth and only Truth clkwong@! 香港鄺祖良@! Thanks, Jesus! 11	220.40274
Fri Apr 17 03:42:42 +0000 2020	@AngelaMerkeICDU This country may not survive.  But I want some help and support from the international.  I would like you to instruct the public to pay their benefits in this emergency.  What should I do to prevent medical collapse?  Our living expenses are still not paid .	194.41269
Fri Mar 13 06:34:12 +0000 2020	@AngelaMerkeICDU  Thanks, Jesus! Subject : Important News : Alibaba Cloud Global Free Virus Detection Completes Gene Comparison in 60 Seconds 1. https://t.co/lMUaVNBQez 2. The Website Chinese! https://t.co/SXwKJUO11j 3. God can open the river on the desert! 香港鄺祖良@! Jesus! 11	188.0113
Tue Mar 31 16:10:31 +0000 2020	@AngelaMerkeICDU  Thanks, Jesus! Subject : A Report on Successful Treatment of Coronavirus! 1. That is! https://t.co/042ioKlT6Q Big Have international space information (ISI) ltd.. Mr,choleungKwong@! Mr.Truth and only Truth clkwong@! 香港 --- 鄺祖良@! Thanks, Jesus! 11	158.33536
Wed Apr 22 06:53:57 +0000 2020	@realDonaldTrump @POTUS @KremlinRussia_E @Xijinping @EmmanuelMacron @BorisJohnson @AbeShinzo @AngelaMerkeICDU @JustinTrudeau @narendramodi   WORLD Needed :  WORLD PARLIAMENT  Global BANK &amp; Global CURRENCY   CLOSE @UN @WHO @wto @IMFLive @WorldBank https://t.co/ssUphx78I6	157.17247
Tue Mar 17 01:36:39 +0000 2020	@AngelaMerkeICDU Thanks, Jesus! Subject : Cure Drug Video! 1. Believe or Unbelieve that God can open the river on the desert! https://t.co/8XMfwIOtQm Big Have international space information (ISI) ltd.. Mr.choleungKwong@! Mr.Truth and only Truth clkwong! 香港 -- 鄺祖良@! Jesus!11	147.68523
Tue Mar 17 00:27:37 +0000 2020	@realDonaldTrump @POTUS @KremlinRussia_E @Xijinping @EmmanuelMacron @BorisJohnson @AbeShinzo @AngelaMerkeICDU @JustinTrudeau @narendramodi @jairbolsonaro @CyrilRamaphosa @ScottMorrisonMP World Needed :   World  PARLIAMENT   Global Bank &amp; Global CURRENCY https://t.co/KkAxlvxAgt	142.13466
Wed Mar 11 23:27:22 +0000 2020	@AngelaMerkeICDU Thanks, Jesus! Subject : World Fast supercomputer for COVID-19 drug treatment! 1. https://t.co/VelbZN2y39 2. https://t.co/wrD8hRSWOK 3. https://t.co/MjYnVOMsPA Big Have international space information (ISI) ltd.. clkwong@! 香港 --- 鄺祖良@! Thanks, Jesus! 11	140.81436
Fri Mar 20 15:43:14 +0000 2020	@AngelaMerkeICDU @DeutscheBankAG  What a German Bank, no ethics in work and no revert even after informed to #ChristianSewing #WernerSteinmüller #Stuartlewis #FrankKuhnke Officials at @DeutscheBank India are CHEATING with customer n have evidence of their Unethical behavior	132.22299
Mon Mar 16 23:15:46 +0000 2020	@AngelaMerkeICDU Thanks, Jesus! Subject : University of Queensland Centre for Clinical Research 2 COVID-19 cure drugs! 1. That is! https://t.co/8m5XMl39jT Big Have international space information (ISI) ltd.. Mr,choleungKwong@! Mr.clkwong@! 香港 --- 鄺祖良@! Thanks, Jesus! 11	126.48461
Wed Apr 22 19:55:23 +0000 2020	"@JustinTrudeau @AngelaMerkeICDU We appreciate all you do. The 17th annual Global Love Day is May 1 with the theme ""Celebrating Our Humanity."" Thank you for sharing the vision of love with us.  @globalloveday https://t.co/xXxi71W4j6"	122.71652
Thu Mar 26 01:57:22 +0000 2020	@AngelaMerkeICDU Thanks. Jesus! Subject : Oxford COVID-19 Evidence Service! 1. COVID-19 trials registered up to 8 March 2020—an analysis of 382 studies , proof Chloroquine worked! https://t.co/aGymuj49np Big Have international space information (ISI) ltd.. 香港鄺祖良@! Jesus! 11	120.94665
Fri Apr 03 20:47:04 +0000 2020	@AngelaMerkeICDU @realDonaldTrump @EmmanuelMacron @GiuseppeConteI @BorisJohnson  and other leaders,we are in crisis,after we all hopefully come out of this alive,will the world and international organisations stand United against this crime against humanity?	120.345535
Wed Mar 11 03:59:30 +0000 2020	@AngelaMerkeICDU Thanks, Jesus! Subject : The Wonderful Job of Tiahe2 SuperComputer! 1. It works excellent! https://t.co/qlHoyxTvhk 2. The Website is Chinese! https://t.co/bp4lnEf0hc Big Have international space information (ISI) ltd.. Mr.clkwong@!  香港鄺祖良@! Thanks, Jesus! 11	120.1029
Mon Mar 16 21:19:56 +0000 2020	@AngelaMerkeICDU Thanks, Jesus! Subject : Australian researchers claim two existing drugs could 'cure' COVID-19 after patients they tested responded 'very well' to treatment! https://t.co/jvv30iwGDn Big Have international space information (ISI) ltd.. clkwong@! 香港 鄺祖良@! 11	119.69347
Tue Mar 03 04:48:49 +0000 2020	"@AngelaMerkeICDU Thanks, Jesus! Subject : Facing the ""danger"" and ""opportunity"" of the epidemic! 1. https://t.co/rAq53nX8eM 2. https://t.co/CHmhXbmOoy Big Have international space information (ISI) ltd.. Mr.choleungKwong@! Mr.Truth and only Truth clkwong@! 香港 鄺祖良@! Jesus! 11"	116.97928
Wed Apr 08 07:08:39 +0000 2020	@AngelaMerkeICDU IT IS RIDICULOUS, A COUNTRY (USA), JUDGING ITSELF BETTER AND SUPERIOR TO THE OTHER MEMBERS OF AN INTERNATIONAL ORGANIZATION (OMS, ONU, OTAN, ETC.), WANTING TO CONTROL THEM, FINANCIALLY, AS IF THEY WERE A ANONYMOUS SOCIETY , AND DICTATE ORDERS AND THREATS.	116.34479
Sat Apr 11 06:58:42 +0000 2020	@AngelaMerkeICDU Thanks, Jesus! Subject : Hope of Seriously Coronavirus  patients! 1. Here --- Good News of Compassionate Use of Remdesivir! https://t.co/s632X2KMXy Big Have international space information (ISI) ltd.. Mr.choleungKwong@! clkwong@! 香港 -- 鄺祖良@! Thanks, Jesus!11	111.730446
Thu Mar 12 05:19:25 +0000 2020	@AngelaMerkeICDU H'ble Madam,  We all kinds of ventilation /afflitions /support , Strictly,we will remove from modi /bjp govt ' Other trade /IT/software /defence , We will remove from modi /bjp govt ' It's confirmed	111.06122
Thu Apr 09 21:29:50 +0000 2020	@AngelaMerkeICDU Thanks, Jesus! Subject :  Interleukin 6 (IL-6), an important pathway that induces inflammatory storms! 1. That is! https://t.co/ftnJPxU4FP 2. The Website is Chinese! https://t.co/hsAq2ZHgWm Big Have international space information (ISI) ltd.. 香港鄺祖良@ Jesus!11	110.94151
Wed Mar 25 17:28:14 +0000 2020	"@AngelaMerkeICDU H'ble Madam' one behalf of ""CoronaVirus "" behind , we need to ground reality , it could be ""international Biological Terror Attack "" we could identify , we could safe crores of people's in our nation, thank you"	110.235916
Mon Mar 30 22:21:08 +0000 2020	@AngelaMerkeICDU Thanks, Jesus! Subject : COVID-19 Effective Drug --- Real Story! 1. Hydroxychloroquine! https://t.co/xerq4RHNbM Big Have international space information (ISI) ltd.. Mr.choleungKwong@! Mr.Truth and only Truth clkwong@! 香港 --- 鄺祖良@! Thanks, Jesus! 11	108.47947
Wed Mar 25 08:34:04 +0000 2020	@POTUS  @realDonaldTrump  @narendramodi  @narendramodi_in  @AbeShinzo @AngelaMerkeICDU  @IsraeliPM  @netanyahu  China must dragged into International Court and of its UNSC seat &amp; VETO Power. Economically Boycott China. #ChinaLiedPeopleDied  #BoycottChina #Chinese_Virus	107.461235
Thu Mar 05 19:13:28 +0000 2020	@AngelaMerkeICDU Thanks, Jesus! Subject : It is US$20 trillion! 0. Dow Jones was 6,500 point at 2009! https://t.co/xoKv1Td1qu 1. https://t.co/02CuAT51uj 2. Now Dow Jones is 26,000 point! 3. It is US$20 trillion, isn't? Big Have international space information (ISI) ltd.. Jesus!11	107.38473
Tue Mar 03 02:54:34 +0000 2020	@AngelaMerkeICDU Thanks, Jesus! Subject : Time is Money for SOS!  https://t.co/PNtkT2L8Zg These are 3125 DEATHS! How many deaths for Waiting until May??? 2. https://t.co/OntunYt67q 3. https://t.co/xPYIN2BM3R Big Have international space information (ISI) ltd.. Thanks, Jesus! 11	107.35622
Sun Apr 19 14:23:37 +0000 2020	@AngelaMerkeICDU @narendramodi @AmitShah @Arnabunofficial Respected &amp; Honorable Authorities, I would like to request you to please stop the trade with China which is the only way to harm them without using any arms &amp; ammunition.	107.29518
Sun Mar 22 23:14:15 +0000 2020	@AngelaMerkeICDU Thanks, Jesus! Subject : USA COVID-19 Clinical Trials! 1. That is! https://t.co/BW38ewjwxM Big Have international space information (IsI) ltd.. Mr.choleungKwong@! Mr,Truth and only Trth clkwong@! 香港 --- 鄺祖良@! Thanks, Jesus! 11	107.28041
Fri Feb 21 23:26:36 +0000 2020	@AngelaMerkeICDU Thanks, Jesus! Subject : Good News for fighting COVID-2019! 1. https://t.co/4cuYXl3DWG 2. https://t.co/YcAeHuoVT7 3. https://t.co/b0jqOpCUmw 4. https://t.co/k2cDiKpgGZ Big Have international space information (ISI) ltd.. Mr.clkwong@! 香港鄺祖良@! Thanks, Jesus!11	107.17722
Thu Mar 05 01:21:24 +0000 2020	@AngelaMerkeICDU Thanks, Jesus! Subject : Good News! The Stem cell treatment has a good result! 1. That is! https://t.co/00E8NtZmVO 2. The Website is Chinese! https://t.co/vJddRCWloe Big Have international space information (ISI) ltd.. clkwong@! 香港 --- 鄺祖良@! Thanks, Jesus!11	107.04477
Mon Mar 30 18:13:14 +0000 2020	@AngelaMerkeICDU Thanks, Jesus! Subject : The US Food and Drug Administration (FDA) has approved the use of the decades old anti-malaria drugs! 1. The story is Here! https://t.co/lr95tsUxnY Big Have international space information (ISI) ltd.. 香港 --- 鄺祖良@! Thanks, Jesus! 11	106.60025
Thu Mar 12 20:19:36 +0000 2020	@AngelaMerkeICDU Thanks, Jesus! Subject : Saving lives from COVID-19 severe! 1. That is! https://t.co/ssXA3S08fm Big Have international space informaiton (ISI) ltd.. Mr.choleungKwong@! Mr.Truth and only Truth clkwong@! 香港 --- 鄺祖良@! Thanks, Jesus! 11	106.32501
Sun Feb 23 01:21:56 +0000 2020	@AngelaMerkeICDU Thanks, Jesus! Subject : ‘Pakistan has effective drug for COVID-19’ 1. That is! https://t.co/l8kfTfA3cx Big Have international space information (ISI) ltd.. Mr.choleungKwong@! Mr.Truth and only Truth clkwong@! 香港 — 鄺祖良@! Thanks, Jesus! 11	106.10758
Sat Feb 22 20:03:11 +0000 2020	@AngelaMerkeICDU Thanks, Jesus! Subject : COVID-2019 Dawn:Sichuan's first batch of 90,000 chloroquine phosphate drugs donated to Hubei! 1. https://t.co/onexZJPPnw 2. The Website Chinese! https://t.co/fCfY6lllXn Big Have international space information (ISI) ltd.. Thanks, Jesus!11	106.10758
Sun Mar 29 00:53:52 +0000 2020	@AngelaMerkeICDU Thanks, Jesus! Subject : Chloroquine drugs treatment clinical trials! 1. The Website is written by Chinese,please translating! https://t.co/Ahx9kcb19N Big Have international space information (ISI) ltd. Mr.choleungKwong@! Mr.clkwong@! 香港鄺祖良@ Thanks, Jesus!11	106.10758
Fri Mar 13 02:11:51 +0000 2020	@AngelaMerkeICDU Thanks, Jesus! Subject : Alibaba DAMO Academy AI System is now being used by 26 hospitals in China and has helped diagnose over 30,000 cases! 1. https://t.co/hSuWmU8bDP 2. https://t.co/DrsoJp6YvY clkwong@! 香港鄺祖良@ Thanks, Jesus! 11	106.07432
Wed Mar 11 02:12:08 +0000 2020	@AngelaMerkeICDU Thanks, Jesus! Subject : Chloroquine phosphate works for COViD-19! 1. Chloroquine phoshpate trails was reported by Academician Zhong Nanshan! https://t.co/2DIc8YsSAg Big Have international space information (ISI) ltd.. Mr.clkwong@! 香港 鄺祖良@! Thanks, Jesus! 11	104.960106
Tue Mar 17 20:14:35 +0000 2020	@AngelaMerkeICDU Thanks, Jesus! Subject :  Oklahoma Medical Research Foundation is testing Chloroquine drug! 1. That is! https://t.co/BXi2J93bUN Big Have international space information (ISI) ltd.. Mr.choleungKwong@! Mr.Truth and only Truth clkwong@! 香港鄺祖良@! Thanks, Jesus!11	104.960106
Wed Mar 25 08:37:11 +0000 2020	@POTUS  @realDonaldTrump  @narendramodi  @narendramodi_in  @AbeShinzo @AngelaMerkeICDU  @IsraeliPM  @netanyahu  China must be dragged into International Court and stripped of its UNSC seat &amp; VETO Power. Economically Boycott China #ChinaLiedPeopleDied  #BoycottChina #Chinese_Virus	104.88641
Sat Apr 04 21:27:03 +0000 2020	@AngelaMerkeICDU Thanks, Jesus! Subject : We had very good outcomes! 1. That is 38 of 47 patients of 3 drugs treated https://t.co/wvpnru42QH Big Have international space information (ISI) ltd.. Mr.choleungKwong@! Mr.Truth and only Truth clkwong@! 香港 -- 鄺祖良@! Thanks, Jesus!11	104.726585
Sat Apr 11 09:55:04 +0000 2020	@angelamerkeicdu  Please advice him to think from people's perspective. Many Japanese people will be not supported by ｇgovernment financial support because he want to spend government  budget for him.  Many Japanese will be struggled their life soon!!  Help many Japanese!!!	104.20164
Wed Mar 11 21:32:42 +0000 2020	@AngelaMerkeICDU hanks, Jesus! Subject : IBM Summit is finding Covid-19 drug treatments! 1. https://t.co/wrD8hRSWOK 2. https://t.co/MjYnVOMsPA Big Have international space information (ISI) ltd.. Mr.choleungKwong@! Mr.Truth and only Truth clkwong@! 香港鄺祖良@! Thanks, Jesus! 11	103.83717
Thu Mar 12 02:48:13 +0000 2020	@AngelaMerkeICDU Thanks Jesus! Subject :  Italy is in the treatment of Coronavirus al Tocilizumab! 1. https://t.co/3rMpj9ib8h 2. The Website is Italian. https://t.co/DsbOxFhsa0 Big Have international space information (ISI) ltd.. Mr.choleungKwong@! clkwong@! 香港鄺祖良@! Jesus!11	103.83717
Tue Mar 17 09:12:41 +0000 2020	@AngelaMerkeICDU Thanks, Jesus! Subject : Chloroquine + Zinc for Novel Coronavirus Disease! 1. Video shows off! https://t.co/1lvzcarYyT 2. https://t.co/BTZNdhLyc3 Big Have international space information (ISI) ltd.. Mr.Truth and only Truth clkwong@! 香港 鄺祖良@ Thanks, Jesus! 11	103.83717
Tue Mar 17 14:41:57 +0000 2020	@AngelaMerkeICDU Thanks, Jesus! Subject : French researcher posts successful Covid-19 drug trial! 1. https://t.co/xWO366Piqy 2. https://t.co/wC55nCzCsU Big Have international space information (ISI) ltd.. Mr.Truth and only Truth clkwong@! 香港 --- 鄺祖良@! Thanks, Jesus! 11	103.83717
Fri Mar 13 18:10:52 +0000 2020	@AngelaMerkeICDU  The anticancer drug I invented will soon debut in the world, but I think another person will copy this my invention and some scammers will claim to be my invention.	103.01675
Thu Mar 19 08:42:26 +0000 2020	@AngelaMerkeICDU Thanks, Jesus! Subject : The Official TCM Formula That’s Successfully Treating COVID-19 Patients In China! 1. Qing Fei Pai Du Tang Formula Composition! https://t.co/sXmlIUpPUZ Big Have international space information (ISI) ltd.. Mr.clkwong@! 香港鄺祖良@! Jesus!11	101.66191
Wed Mar 18 02:14:05 +0000 2020	@AngelaMerkeICDU Thanks, Jesus! Subject : 75% patients were cured after six days! 1. https://t.co/D5zWDlvqkn 2. https://t.co/9Q7kyyZE4H 3. https://t.co/wC55nCzCsU Big Have international space information (ISI) ltd.. Mr.Truth and only Truth clkwong@! 香港 鄺祖良@! Thanks, Jesus!11	101.66191
Fri Mar 27 21:34:11 +0000 2020	@AngelaMerkeICDU Thanks, Jesus! Subject : China has provided 100,000 boxes of Lianhua Qingwen to hard-hit Italy. 1. https://t.co/rOOg2azRtn 2. https://t.co/RHxhxNW1Z1 3. https://t.co/rOOg2azRtn Big Have international space information (ISI) ltd.. 香港 鄺祖良@! Thanks, Jesus! 11	101.66191
Wed Mar 04 22:30:04 +0000 2020	"@AngelaMerkeICDU The World Worsens Everyday? Which People Are Most Responsible, to Began The Creation of An Entirely New Stability?  At Least Some of Us...""We Must Take-On Such Responsibility Right Now?""  Morality is A Total Must?"	98.47433
Sat Feb 22 23:08:09 +0000 2020	@AngelaMerkeICDU Thanks, Jesus! Subject : The first batch of 6 million tablets is expected to be launched on February 25! 1. That is! https://t.co/hB2XSW4NsY 2. The Website  Chinese! https://t.co/GUCSrsdvuc Big Have international space information (ISI) ltd. 香港 鄺祖良@ Jesus!11	97.57381
Sat Mar 28 02:20:13 +0000 2020	@AngelaMerkeICDU Thanks, Jesus! Subject : Lianhuaqingwen is effective and cheapest drug for COVID-19 ! only costUS$2.00. 1. China's Online Shopping (Chinese) and can be shipping to Shenzhen , can send to Hong Kong for International buying! https://t.co/1auu1b8GPP Thanks, Jesus!11	93.66509
Wed Mar 04 23:50:38 +0000 2020	@AngelaMerkeICDU Thanks, Jesus! Subject : Stem Cell for COVID-19! 1. The stem cell! https://t.co/JRtYsdswld 2. The Web site is Chinese! https://t.co/PTyH0C2GZl Big Have international sMr.choleungKwong@! Mr.Truth and only Truth clkwong@! 香港 --- 鄺祖良@! Thanks, Jesus! 11	91.70292
Sun Mar 15 10:08:49 +0000 2020	@realDonaldTrump @BorisJohnson @narendramodi @EmmanuelMacron @AngelaMerkeICDU Get every research lab n pharma work 24by7 on a cure for Covid19 real fast before it goes totally out of control	91.63303
Mon Apr 06 03:31:33 +0000 2020	@AngelaMerkeICDU @CanadianPM @JustinTrudeau Humans created COVID-19 with disgusting treatment of animals in wet markets. SARS &amp; MERS were created the same way &amp; wet markets are still operating. Please, with other world eaders, require they shut down for good. For global health.	89.38061
Mon Apr 06 12:29:41 +0000 2020	@AngelaMerkeICDU  Germany should pay now for all the war debt that never paid . You should pay Poland too. For 3 times you German people didn’t pay your debt . It’s time to come correct	89.12134
Thu Mar 26 07:33:22 +0000 2020	@AngelaMerkeICDU You can't put MONEY in front of the dead .... GOD HAVE mercy on you. At this moment the banks must finance the states without passing in front of the markets the ECB must do like the FED the CHINESE bank the JAPANESE bank cannot be used ESM is criminal	82.98801
Sun Mar 15 01:59:49 +0000 2020	@AngelaMerkeICDU Thanks, Jesus! Subject :  Money can come back , but LIFE never come back! 1.  The two effective  and trusted drugs  a. ARALEN CHLOROQUINE PHOSPHATE https://t.co/xPYIN2BM3R b. ACTEMRA, https://t.co/1b8ewxvJEY 2. Test on these drugs or not , never mind!  Jesus! 11	78.741875
Tue Apr 21 05:41:36 +0000 2020	@AngelaMerkeICDU Do you think that confinement will change the nature of relations between companies, their bank and their accounts abroad? Sincerely, Fabrice BOUSSEL 92290 Châtenay-Malabry FRANCE	76.01473
Mon Mar 16 02:03:00 +0000 2020	@AngelaMerkeICDU Dear madam Merkel My dauther and her husband live in Rhyne,Germany.They both go to work on week days and could not buy any sanitizer or other hygenic products.Would you please do some thing to help people who do not have access to such products.I am so worried for them Thank you	75.657684
Sun Apr 12 01:11:23 +0000 2020	@AngelaMerkeICDU #Massiveparallelinfection   SCARY MOMENTS FOR GERMAN BANKS  27/7/2011 – Greece's credit rating is downgraded by Standard&amp;Poor's from CCC to CC. 8/8/2011 – The Athens Stock Exchange general index falls below 1000 points, its lowest level since January 1997 https://t.co/H09oNUSpDs.	73.14552
Mon Mar 16 20:07:09 +0000 2020	@AngelaMerkeICDU why the heck is Germany not under a lock down? Economics can and should take a back seat now. Now or never! Temporary damage to economy vs permanent damage. You choose! Auf wiedersehen!	72.13513
Mon Mar 16 11:34:26 +0000 2020	@realDonaldTrump @POTUS  @AbeShinzo @EmmanuelMacron @BorisJohnson @JustinTrudeau @AngelaMerkeICDU @PaoloGentiloni  @G7 Created CARTEL CAPITALISM and CARTEL MARKETS in 1970s and DESTROYING Entire World and Even @G7 Nations Governments DEBT is 50 Trillion USD	66.24752
Fri Mar 20 18:23:30 +0000 2020	@EmmanuelMacron @AngelaMerkeICDU @realDonaldTrump @JustinTrudeau @opsoms @lopezobrador_ @HLGatell   Max 5,000 people in Mexico 🇲🇽   🙃	61.693794
Tue Apr 21 08:07:47 +0000 2020	"@AngelaMerkeICDU  The innocent Syrian boy you killed in Syria said before he died, ""I will report you to God!"" And he complained! And God sent coronavirus to all of us. https://t.co/cW8duGFaXa"	61.057026
Thu Mar 05 08:58:09 +0000 2020	"@eucopresident @guyverhofstadt @FranckenTheo @antonioguterres @AngelaMerkeICDU @EmmanuelMacron @JLMelenchon @HeikoMaas @BelgaNewsAgency  ""HOW LOW"" CAN YOU GO ??? TO ATTACK CIVILIANS WITH A DOUBLE TAP (AIR)STRIKE/BOMBARDEMENT ??? HELLO WORLD!!! STOP RUSSIA/SYR. REGIME !!!"	60.207542
Tue Mar 31 22:09:13 +0000 2020	@EmmanuelMacron Mr Macron, I look up to you from #USA, @JustinTrudeau, @AngelaMerkeICDU &amp; all the people, not of just those who work in healthcare facilities, but all of the #EuropeanUnion, #Canada &amp; the rest of the world that are doing whatever they can to slow transmission of #COVID19 @SkyNews	59.07257
Mon Mar 23 10:14:03 +0000 2020	@AngelaMerkeICDU we , the free Syrians , wish you from our hearts quick and complete recovery . May God protect you , our dear Lady .... we all love you .	58.08792
Fri Mar 27 10:04:50 +0000 2020	@realDonaldTrump @WHO @Nato @UN @AngelaMerkeICDU @EmmanuelMacron @Europarl_EN @vonderleyen @jensstoltenberg   this lunatic says thee WHO is the enemy. You better prepare for some idiot actions in future.	54.610252
Wed Mar 25 08:56:34 +0000 2020	@AngelaMerkeICDU  I developed effective lung infections treatment. It should be effective for Covid-19 &amp; will end it fast.  Pills &amp; vaccines are a needle in a haystack. There is no BETTER SYSTEM now. You can see results in as little as 3-5 days. No risk. https://t.co/3NMwCN573v https://t.co/hSzz2Fay2b	53.73021
Mon Mar 16 12:04:17 +0000 2020	@AngelaMerkeICDU @AngelaMerkelSPD  And the ENTIRE WORLD CAN SEE HOW DISGUSTING THE TRUMP FAMILY IS! @IvankaTrump and Family Responsible for REFUSING WHO COVID19 TESTS FOR AMERICANS WHO ARE SICK and DYING!BECAUSE of TRUMP GREED! Kushner Owned “Oscar” test for USA?#LockThemAllUp!🇺🇸	52.9302
Tue Mar 03 20:34:15 +0000 2020	@AngelaMerkeICDU MAKE SURE to Learn something EVERY day of your life - OR you've wasted a day  - ANOTHER DAY TO KEEP UP THE PRESSURE trying to AWAKEN EVERY BODY to the SHEER FACT that THE MAN-MADE Global Warming catastrophe WILL inevitably IMPACT them, and/or their loved ones too	52.3301
Mon Apr 06 20:28:45 +0000 2020	@AngelaMerkeICDU Thanks, Jesus! Subject : Seattle Chinese Family Physician's self-report: the whole story of treating new crown patients! 1. The full story is Here! https://t.co/SHMiwG57Yi 2. The Website is Chinese! https://t.co/bMC5jdvS8G clkwong@! 香港 鄺祖良@! Thanks, Jesus!11	51.421986
Tue Mar 17 18:07:24 +0000 2020	@EU_Commission @EmmanuelMacron @AngelaMerkeICDU @VDombrovskis @@lemondefr @Le_Figaro When it comes to saving German banks and financing the Mes, let arrive migrants in Italy all is normal ... when Italy needs in emergency masks... the borders are closed	51.191616
Thu Mar 12 09:59:13 +0000 2020	"@AngelaMerkeICDU @GobernoAlem Its not being very fair for #Mekel Angela to spread Panic in entire Germany by Saying  "" 60 to 70 % of German population may get affected by #Corona Its highly insensitive to spread such fear panic &amp; Shock wave across the nation #germanycoronavirus"	51.05915
Sun Mar 29 13:32:38 +0000 2020	@AngelaMerkeICDU  I refuse you and your friends ideas. As everyone have become witness, that it ends up with nothing but catastrophe and tragedy. Your logic and mind doesn't work.	49.717587
Thu Mar 05 18:03:27 +0000 2020	@AngelaMerkeICDU All the politicians of the world should grasp from PM Modi the secret of how to become a lovable&amp;successful leader&amp; politician,he is selfless man, - no interest in money,women&amp; position to enjoy the wordly pleasures but only to serve.	48.14338
Thu Mar 26 07:45:56 +0000 2020	@AngelaMerkeICDU Due 2 Corona Virus-What Should The World Do With CHINA-? Remove Fm UN seat-? Ban China &amp; his Export for World-? Pr-Planned-Wuhan infected-Not Entire China No Democracy in China, Hides virus info. &amp; Kills the Dr's who wants 2 tell This is the time to take action	47.903625
Sun Mar 29 08:12:26 +0000 2020	@AngelaMerkeICDU The denial of economic support without economic interests, at this moment, looks very much like the notorious gas chambers of historical memory.  Hopefully everyone will remember.  Regards	47.657978
Thu Mar 05 14:26:23 +0000 2020	@AngelaMerkeICDU Greece is in need, a problem you Compiled upon when you flung open the doors of Europe to thousands unchecked migrants ! Where are you now, your monumental mistakes destroyed Europe now stand up and help the Greeks ! #coward	46.20551
Sat Mar 28 05:07:34 +0000 2020	@realDonaldTrump @WHO @UN @netanyahu @AbeShinzo @BorisJohnson @AngelaMerkeICDU @GiuseppeConteIT Pull out Veto power and UN Membership right from China. China is a threat to humanity. Whole world locked down suffering due to China. Sleeping Human rights organisation.	45.762688
Sat Apr 18 16:07:45 +0000 2020	"@AngelaMerkeICDU Dear Mrs. Angela Merkel Many people all over the world did ask themselves: ""Why Doesn't God Save Us?"" What if World Leaders Execute The Same Strategy Against The COVID-19 Pandemic and Skip My following affirmation: https://t.co/8UyGOFaVlA Khuong Dat Long https://t.co/RgQjZYKJqo"	45.736813
Fri Apr 17 07:13:04 +0000 2020	@AngelaMerkeICDU - Are you bloody daft to send kids back to school, but still ban large gatherings of adults? Kids who don't wash their bloody hands, touch their own, and others, faces, and so on. You can't honestly be this diluted.	45.656338
Fri Mar 20 23:42:10 +0000 2020	@AngelaMerkeICDU @BMG_Bund Is there something Germany is using in its management of Corona cases that despite having same cases as US   fatality rate is remarkably low?  Can you share something with rest of the world? @WHO @ICMRDELHI @CDCgov https://t.co/1gMwA8jVK6	44.085712
Tue Mar 17 00:44:59 +0000 2020	@AngelaMerkeICDU We DGAF about your lust for 3rd world disease spreaders. You have destroyed #Europe with your policies of demographic invasion. You have caused the rape of an entire continent by savages. https://t.co/wVod67bAlk	43.07584
Tue Mar 24 13:49:58 +0000 2020	@AngelaMerkeICDU Should the world and the G7 together destroy and destroy atomic bomb Hydrogen bomb missiles such as atomic bombs on China, China has become accustomed to the world	43.00132
Fri Mar 27 23:40:25 +0000 2020	@AngelaMerkeICDU @WBHoekstra how many dead are necessary before helping? you have no heart? Be the leaders of a true Union, otherwise this Europe will be nothing but shit #COVID19 @antoniocostapm @GiuseppeConteIT @sanchezcastejon	41.73134
Sun Apr 19 04:22:55 +0000 2020	"@AngelaMerkeICDU @HuXijin_GT @China_Amb_India @UKinIndia @USAmbIndia @NKudashev @FranceinIndia @China_Amb_India  ""Till today nobody has a dang clue who created bitcoin, who controls bitcoin &amp; market drivers behind its price valuation.Vadakayil knows."" https://t.co/pWY28hZHXc"	40.581577
Tue Mar 17 11:34:34 +0000 2020	@realDonaldTrump @POTUS @KremlinRussia_E @Xijinping @EmmanuelMacron @BorisJohnson @AbeShinzo  @AngelaMerkeICDU @g20org FIRST,  CLOSE ALL @NYSE  CURRENCY &amp; COMMODITIES &amp; CAPITAL MARKETS for 15 DAYS in ALL @g20org Nations and in ALL 193 Nations https://t.co/Kg75lVF79l	40.48143
Wed Mar 04 22:41:10 +0000 2020	@AngelaMerkeICDU You Do Understand? As The World Literally Worsens Everyday, It is Therefore Now Highly Essential, That You, Macron and Other EU Leaders Immediately Began Some Type of Restructure Plan, to Transition From The Coronavirus and Other Huge Never-Before Troubles?	40.343178
Sat Apr 11 14:14:05 +0000 2020	@AngelaMerkeICDU Trump, did you see the Chinese recovery? The town is full of people and lively. Sightseeing spots are full.China will quickly recover and overtake the United States to take over world supremacy. The United States gives China the best position in the world.	39.733772
Sat Mar 14 09:22:18 +0000 2020	@AngelaMerkeICDU Is it not the duty of world leaders to fight against JIHAD/BIGOTED ISLAMISM, unitedly and once &amp; for all  -Time &amp; Energy saved thus can be used in fighting against the big threats like Corona, climate change,poverty etc to make the world a better place to live in	38.69487
Thu Apr 23 11:21:57 +0000 2020	@realDonaldTrump @POTUS @AbeShinzo @EmmanuelMacron @BorisJohnson @JustinTrudeau @AngelaMerkeICDU @GiuseppeConteIT    @G7 Nations Governments DEBT is 50 Trillion USD  = BANKRUPT Governments RULERS  are ALL @G7 https://t.co/1B3cASuDQ0	38.603104
Tue Mar 24 19:11:17 +0000 2020	@realDonaldTrump @GiuseppeConteIT @BorisJohnson @AngelaMerkeICDU @HassanRouhani  All the counties which have suffered heavily because of Chinese Corona Virus should consider adjusting their damage / losses against external or business debt owed to China to teach China a lesson.	38.30024
Fri Apr 10 02:19:17 +0000 2020	@AngelaMerkeICDU Thanks, Jesus! Subject : The USA is leading the world in terms of death counts (16,691) among 468,566 infections! 1. Clinical trials are small number and unclear! 2. Waiting for next 16,691 death, aren't you? 3. Anyway, Just Done it for COVID-19! Thanks, Jesus!11	38.109264
Mon Mar 30 19:24:12 +0000 2020	@AngelaMerkeICDU Your Excellency I am deeply aggrieved by CORONA scourge in your country. At this critical juncture I am sharing my research work out utmost commercial importance to help humanity. Please ask your doctors to understand it and start using it to save precious lives. https://t.co/VNXHsp9rUF	37.566246
Sat Apr 11 13:46:00 +0000 2020	@AngelaMerkeICDU Mr Trump, four of my patents will be published within six months. My patent is a technology that attracts worldwide attention. I will be a celebrity after 6 months. You can't block me forever. Use my corona medicine. I will soon be a celebrity anyway.	37.545864
Mon Mar 30 19:17:04 +0000 2020	@realDonaldTrump @BorisJohnson @GiuseppeConteIT @sanchezcastejon @AngelaMerkeICDU @EmmanuelMacron @CanadianPM @JustinTrudeau Countries all over the world should stop trading with China forever. China is a mongrel and curse country for mankind. #BoycottChina	37.04972
Fri Apr 17 11:36:07 +0000 2020	@AbeShinzo @AngelaMerkeICDU @JustinTrudeau @GiuseppeConteIT   WHOLE WORLD is SUFFERING Because of WORST RULERS of ALL @UN 5 P Ms + ALL @G7  Members   DECLARE WAR on CARTEL CAPITALISM Created by @G7   DECLARE WAR on TERRORISM Created by ALL @UN 5 P Ms	36.487946
Sat Mar 21 00:35:43 +0000 2020	@AngelaMerkeICDU @realDonaldTrump @EmmanuelMacron  Dear leaders of the world government,  We are looking forward to hearing from you about the outcome of the letter of the white uprising of Iranian people to your countries.  Kind regards, Agent of the white uprising https://t.co/AxgLJOk5zJ	36.150253
Sun Mar 22 04:51:06 +0000 2020	@AngelaMerkeICDU @realDonaldTrump @EmmanuelMacron  Dear leaders of the world government,  We are looking forward to hearing from you about the outcome of the letter of the white uprising of Iranian people to your countries. Kind regards, Agent of the white uprising https://t.co/61Cjd1ELSg	36.150253
Sun Mar 22 04:52:00 +0000 2020	@AngelaMerkeICDU @realDonaldTrump @EmmanuelMacron  Dear leaders of the world government,  We are looking forward to hearing from you about the outcome of the letter of the white uprising of Iranian people to your countries. Kind regards, Agent of the white uprising  #yamohammada https://t.co/tXpwJBSIcR	35.826424
Wed Mar 04 14:55:56 +0000 2020	@AngelaMerkeICDU Open your borders Don't sacrifice innocent children and women to politics	35.678055
Sat Mar 28 04:08:39 +0000 2020	@AngelaMerkeICDU  #COVID19 All countries should come together and impose the sanctions on China. Because they've not right to push the world towards a pandemic. The Chinese authority could control on WET MARKET but they didn't. neither informed us in early stage. #ImposeSANCTIONS	35.466034
Tue Mar 03 22:41:14 +0000 2020	@narendramodi @DarthPutinKGB @realDonaldTrump @AngelaMerkeICDU @BorisJohnson @ImranKhanPTI hi Hello sir &amp; madam world needs you all now stop fighting &amp; not to play pollitics games with each other this deadly Novel coronavirus is slipping from worlds hands we all should do world	35.2837
Fri Apr 03 01:40:40 +0000 2020	@JustinTrudeau @AngelaMerkeICDU @BorisJohnson @KGeorgieva @ariannahuff   If our leaders are so concerned for the well-being of our electorates, legislate a #COVIDBANKFREEZE while we recover.  Private commercial banks need to shoulder their share too.  They can afford it.	35.013844
Tue Apr 21 10:42:23 +0000 2020	@AngelaMerkeICDU with respect to this English translation of your heart felt speech. https://t.co/wSi25cswkt Bravo. Yes.   The actual leader of the free world at the moment.  The other candidates abdicated their responsibilities and did not lead nor inspire.	34.33167
Wed Apr 01 20:35:54 +0000 2020	@AngelaMerkeICDU Do you remember the debts forgiven by Italy ??? Do you remember the dead made from germany ??	33.68358
Sun Mar 22 23:37:10 +0000 2020	@AngelaMerkeICDU This is your Song, love! It looks like @Jacob_Rees_Mogg disagrees! He is like @David_Cameron Offshore banking ! No tax, no worries, but plenty of deaths! lying @BorisJohnson 🐓Maybe Tory Laura agrees @bbclaurak or @itvpeston ! https://t.co/XFf49Amaj7 via @YouTube	33.161
Fri Apr 03 23:34:49 +0000 2020	@AngelaMerkeICDU Thanks, Jesus! Subject : Never fool Jesus around! 1. It is 1 milllion cases https://t.co/r8YoUT3AYH 2. Why does remdesirvir never never never has a FDA approval? https://t.co/qVYvJZ1EfW 3. Never fool Jesus around and Trust  is God who can open river on desert! 11	33.082653
Fri Apr 03 17:29:44 +0000 2020	@realDonaldtrump find and expose everyone of you behind #coronavirus @narendramodi @AngelaMerkeICDU @JustinTrudeau @GiuseppeConteIT Q@XiJingpingReal  @WorldBank @RocketPapaKim  @Plaid_Putin @Pontifex  @POTUS @WhiteHouse @IsraeliPM @netanyahu @IDF	31.932709
Mon Apr 06 20:41:02 +0000 2020	@AngelaMerkeICDU since the issue of Coronavirus, all tge countries suffered! Have u thought about why there is the Coronavirus? What are the causes? Why this happened in Wuhan? Why it spread all over tge world? Can it be prevented? Hope all the free countries can be awaked!	31.915667
Wed Apr 22 22:07:09 +0000 2020	@AngelaMerkeICDU Hashim Thaçi wants the government for his criminal gang with which 90%of his PDK party have become millionaires with organized crime and corruption and even now Thaçi wants to steal the will of the 400000 voters who voted against these criminal groups please help	31.887915
Thu Mar 12 07:35:19 +0000 2020	@EmmanuelMacron @AngelaMerkeICDU @sanchezcastejon Please lockdown France, Germany and Spain and take all necessary measures to mitigate the impact of COVID-19. You  are just one or two weeks behind Italy. #COVID19 #germanycoronavirus #francecoronavirus #SpainCoronaVirus	31.779377
Tue Apr 21 10:27:49 +0000 2020	@realDonaldTrump @POTUS @KremlinRussia_E @Xijinping @EmmanuelMacron @BorisJohnson @AbeShinzo @AngelaMerkeICDU @GiuseppeConteIT @JustinTrudeau @KingSalma @ScottMorrisonMP @narendramodi @PMOIndia  EARN to BUY WHOLE WORLD with PERFECT CAPITALISM&amp;PERFECT MARKETS https://t.co/KhvAMsqCY5	31.50534
Sat Mar 28 16:18:56 +0000 2020	@AngelaMerkeICDU For every action there is always equal and opposite reaction. Covid19 is the action of China due to which whole world is facing this pandemic now the reaction should be snatch Veto power from China.	31.352482
Wed Mar 18 12:35:17 +0000 2020	@AngelaMerkeICDU Kiosks and other shops like (hair Saloons )which are not essential for life should be all closed !! The government of Germany is not taking the virus seriously enough, only big supermarkets and medical places should remain open in order to avoid the virus!!	30.928669
Mon Apr 20 06:25:54 +0000 2020	@realDonaldTrump @AbeShinzo @BorisJohnson @sanchezcastejon @Mattarella1 @AngelaMerkeICDU @EmmanuelMacron.History says every100 years pandemic comes, we fail to control. Pl fallow my mazic farmula to safe yr countrymen. Still you wish to buy anything from china.cheat yr country.	30.731977
Sun Mar 15 12:41:52 +0000 2020	"@AngelaMerkeICDU OK with you?  ""Trump has sought exclusive rights to a vaccine for the coronavirus which is being developed by a German-based company, CureVac"" and ""offered large sums of money"".  https://t.co/QCS4PGPU04"	30.396242
Mon Apr 20 17:11:28 +0000 2020	@AngelaMerkeICDU  covid-19 is a lab made virus.  This planet has not seen a virus like this where 55% of people are asympomatic carriers ( like human lab rat typhoid mary ) who will infect others in future.  Asymptomatic patients can be activated by 5g https://t.co/UD8BhCUxPF	29.73618
Wed Mar 11 18:52:07 +0000 2020	@AngelaMerkeICDU @ONU_es  If a pandemic was declared, who is in charge, the UN seeks to find that country genetically altered that virus and the leaders of this country to be tried for crimes against humanity. Let's see if they are so brave to be in those positions.	29.347115
Thu Mar 05 11:50:58 +0000 2020	@AngelaMerkeICDU #StopViolence2Refugees #OpenBorders2Refugees Greek prime minister to stand trial for genocide against Turkish-Greek border refugees and crimes against humanity   🙏🙏	29.087517
Thu Apr 09 19:08:01 +0000 2020	@AngelaMerkeICDU MEDE = TROIKA = POOR = DISASTER = INSOLIDARITY. Portugal-Spain-Italy are the TRENCH-WALL against the virus JUST NOW. Without our confinement and stopping ALL ECONOMY policy: can you allow the deaths instead of doing that brave act? People confined for weeks.	28.89435
Sun Mar 15 20:38:53 +0000 2020	@POTUS @CoronaVid19 @AngelaMerkeICDU @realDonaldTrump First he tryed to buy #Greenland... second, hi refuse to use a EU corona test for the #American people... and now he want to buy #CureVac, to get a future vaccine, ONLY for America?! What a selfish fool!	28.679192
Wed Mar 25 07:34:49 +0000 2020	@AngelaMerkeICDU  Every free man is a citizen of this country! Happy birthday to my homeland! https://t.co/TW4XsX510B	28.15718
Wed Mar 04 18:21:57 +0000 2020	@AngelaMerkeICDU The Greek prime minister must be prosecuted for genocide against humanity for crimes he is commiting at Turkey-Greece border. The Greek army is killing bare-hand refugees using gunfire. Few died since this morning and may are injured. #SOS_TURKEY_GREEK_BORDER	28.139042
Wed Mar 04 12:11:09 +0000 2020	@AngelaMerkeICDU  The Greek prime minister must be prosecuted for genocide against humanity for crimes he is commiting at Turkey-Greece border. The Greek army is killing bare-hand refugees using gunfire. Few died since this morning and may are injured. #SOS_TURKEY_GREEK_BORDER	28.139042
Wed Mar 11 16:06:38 +0000 2020	@AngelaMerkeICDU is really late to the party or is just using shock therapy before implementing stronger measures. I hope it is the latest as good mathematician know that #COVID19 can't be leaved running in the wild.	28.131416
Tue Apr 07 19:33:22 +0000 2020	"@AngelaMerkeICDU    ""China should be Isolated from whole world for spreading deadly Corona Virus in the whole world"""	27.854082
Thu Mar 26 10:14:09 +0000 2020	@AngelaMerkeICDU has a 0.5% death rate...this is a result of outstanding government/community interaction, people willing to give up things for the greater good, listening to health care experts. @realDonaldTrump pick up the fucking phone and ask Angela for advice! We are dying!	27.595623
Tue Mar 24 07:31:36 +0000 2020	@AngelaMerkeICDU Dear Mrs. Angela Merkel, tell your doctor (I have twitted yestarday) to read following link to understand the value of my scientific information. Have you been informed that you are positive for COVID-19? https://t.co/SPI1njapqS	27.545517
Thu Mar 12 16:49:03 +0000 2020	@AngelaMerkeICDU Mam, A salute form me, you are really different and the way you accepted about covid19 is remarkable &amp; its shows that we have good states person like you. From India.	27.497807
Mon Apr 20 11:47:58 +0000 2020	@AngelaMerkeICDU Pity the @conservatives + @BorisJohnson didn't look after their people like the great German nation does. UK PM behaving like a fool so much so he ended up in Intensive care. Now with the #COVIDー19 plateaued he hasn't a clue to open or keep people interned?	26.457481
Sun Mar 29 01:45:16 +0000 2020	@AngelaMerkeICDU Gesundheit, your grace! Shalom! Ashrey Tesha Shmoneh. [Some back off bonds welcome. Yours]	25.66976
Mon Apr 06 20:09:06 +0000 2020	"@AngelaMerkeICDU Dear Madam Chancellor, ""Congratulations On Being Recognized As The Forbes Third Most Powerful Person In The World."" https://t.co/8ojegCKcsk"	25.459555
Sat Mar 21 05:58:01 +0000 2020	@AngelaMerkeICDU Thanks, Jesus! Subject : Trust is built on LIFE! ABC News (Australian Broadcasting Corporation) reproted a recovered patient's alived road! 1. That is the ABC News report! https://t.co/NikpkuU0A8 2. The Website is Chinese! https://t.co/5kbKqQCCmE Thanks, Jesus!11	25.447104
Wed Apr 22 07:08:50 +0000 2020	@realDonaldTrump @POTUS @KremlinRussia_E @Xijinping @EmmanuelMacron @BorisJohnson @AbeShinzo @AngelaMerkeICDU  @narendramodi @jairbolsonaro @CyrilRamaphosa @ScottMorrisonMP @KingSalman   STOP DESTROYING WHOLE WORLD   BEGIN toBUILD BEAUTIFUL WORLD https://t.co/68I7Y1ulVc	25.408115
Wed Mar 11 16:43:51 +0000 2020	@EmmanuelMacron @AngelaMerkeICDU Closing business deals is not the way to confront a radical islamist who blackmails to end your civilization by flooding the union with illegal immigrants and terrorists. It requires hard measures that eliminate the threat or minimize its effects	25.1525
Tue Mar 31 11:24:59 +0000 2020	@AngelaMerkeICDU I am a homeopathic doctor from Kolkata, India. As a doctor I am not allowed to treat Covid19 patient here, I am ready to help Germany.If myself can help mankind during this crisis, kindly let me know! @PMOIndia @MoHFW_INDIA @narendramodi	25.115374
Tue Mar 31 11:12:06 +0000 2020	@AngelaMerkeICDU I am a homoeopathic doctor from Kolkata,India .As a doctor I am not allowed to treat Covid19 patient here, I am ready to help Germany in this crisis.If myself can help mankind during this crisis, kindly let us know! @PMOIndia @MoHFW_INDIA @narendramodi	25.045103
Tue Mar 03 05:21:05 +0000 2020	@realDonaldTrump @EmmanuelMacron @netanyahu @narendramodi @BorisJohnson @AngelaMerkeICDU @AbeShinzo  my appeal to the world leaders : isolate china before China destroys this world. MNCs  should Stop depending on China.	24.986761
Sat Apr 18 06:55:26 +0000 2020	@POTUS @EmmanuelMacron @BorisJohnson @AbeShinzo @AngelaMerkeICDU @JustinTrudeau @GiuseppeConteIT    Let CHINA President @Xijinping @XHNews @globaltimesnews Say SORRY to The WHOLE WORLD    @narendramodi @PMOIndia @KremlinRussia_E  @GovernmentRF	24.586735
Tue Mar 17 01:04:09 +0000 2020	@AngelaMerkeICDU Thanks, Jesus! Subject : Positive and Trust information  COVID-19! 1. A team of Australian researchers say they’ve found a cure for the novel coronavirus and hope to have patients enrolled in a nationwide trial by the end of the month. https://t.co/jkQp4hRGL1 11	24.456015
Sun Apr 12 15:25:03 +0000 2020	@AngelaMerkeICDU #Massiveparallelinfection   SCARY MOMENTS FOR GERMAN BANKS 2: GREEK REFERENDUM SAVES THE DAY! https://t.co/OMh5pHKpWJ	24.436584
Fri Apr 03 04:33:29 +0000 2020	@AngelaMerkeICDU  internet in Germany is extremely overpriced and many people can’t even get it. How do you plan for those children to complete school?	24.287712
Wed Mar 25 09:08:12 +0000 2020	"@POTUS @realDonaldTrump @narendramodi @AngelaMerkeICDU @EmmanuelMacron @europeanunion initiate punitive damages  ""economic blockage"" of Chinese 🐖 ; impose ruthless effective permanent sanctions; throw yellow virus outta of ""UNSC"" &amp; dismantle ""WUHAN HEALTH ORG"" (WHO RASCALS)"	24.146404
Fri Mar 20 07:25:25 +0000 2020	@AngelaMerkeICDU « It is serious. Do take this seriously. Not since the Day of German Reunification, no, not since the second World War, has our country seen a challenge that so severely depends on all of us acting together in solidarity » 👍 #coronavirus #Covid_19 https://t.co/MBCggiZJqp	24.100124
Wed Mar 04 12:41:26 +0000 2020	@AngelaMerkeICDU  @EUCouncil  @EU_Commission  These are the people you want us to consider for asylum? What are they capable of, if they're willing to hurt/sacrifice their own children? What would they be capable of, once in the EU? Think of the future, NOT the present!	24.039537
Thu Apr 23 05:50:25 +0000 2020	@AngelaMerkeICDU u must day something to italian government! Police can't follow people like robber and going into church! What's that?	23.98569
Wed Mar 25 11:13:47 +0000 2020	@realDonaldTrump @KremlinRussia_E @IsraeliPM @PMOIndia @BorisJohnson @AngelaMerkeICDU @AbeShinzo @FrenchPresident How irresponsible nation China can hold responsible post of Security Council. World must get united against the dual character of China. #CoronaOutBreak #PunishChina	23.626017
Mon Apr 06 04:02:47 +0000 2020	@KremlinRussia_E @EmmanuelMacron @BorisJohnson @AbeShinzo @AngelaMerkeICDU @JustinTrudeau @GiuseppeConteIT @KingSalman  @UN     I LOVE WORLD SEVEN Billion Human Beings BORN on EARTH Like I LOVE My DAUGHTER &amp; My SON   I USE My #HEAD to Practice RIGHTEOUSNESS https://t.co/wpx4cN2thF	23.472738
Fri Mar 20 19:26:47 +0000 2020	@AngelaMerkeICDU Germany is confiscating facemasks destined for Belgium and the Netherlands. Are we back in 1943? #CoronaCrisis #Covid_19	23.316462
Tue Mar 17 06:47:14 +0000 2020	@POTUS @narendramodi @BorisJohnson @AngelaMerkeICDU @JPN_PMO @ScottMorrisonMP @jacindaardern @EmmanuelMacron  @WHO  It must be Wuhan CoronaVirus ...do not let the China Govt / WHO state otherwise .	23.306492
Mon Mar 23 18:15:32 +0000 2020	@realDonaldTrump @UN @UNESCO  @BorisJohnson @EmmanuelMacron  @AngelaMerkeICDU @narendramodi  @netanyahu @JustinTrudeau   The entire world should take strongest action against CHINA,for damages including removing from permanent membership of security council @KremlinRussia_E  @CNN	23.13604
Sun Feb 23 08:36:16 +0000 2020	@AngelaMerkeICDU  @CDU  The world is watching you @AfD  Investigate this, you inherit millions	22.477114
Mon Mar 23 04:35:16 +0000 2020	@realDonaldTrump We look forward to World Leaders like you, @narendramodi Ji @KremlinRussia_E @AngelaMerkeICDU	22.477114
Thu Mar 26 14:34:17 +0000 2020	@realDonaldTrump @narendramodi @KremlinRussia_E @BorisJohnson @EmmanuelMacron @AngelaMerkeICDU @AbeShinzo @UN @GiuseppeConteIT @ReutersChina  World must b united against the terrorist CHINA and take hard action  for using biological weapon UN must think - out china from UN	22.333363
Wed Mar 25 17:45:17 +0000 2020	@realDonaldTrump @narendramodi @KremlinRussia_E @BorisJohnson @EmmanuelMacron @AngelaMerkeICDU @AbeShinzo @UN @GiuseppeConteIT @ReutersChina  World must b united against the terrorist CHINA and take hard action  for using biological weapon UN must think - out china from UN	22.333363
Sat Mar 21 15:58:02 +0000 2020	@realDonaldTrump @JustinTrudeau @BorisJohnson @EmmanuelMacron @AngelaMerkeICDU looks like china has screwed up the world royally.	22.331572
Thu Mar 26 07:38:21 +0000 2020	@AngelaMerkeICDU One cannot speculate before DEATH. Both the BOUND and the ESM are speculation .... You will have to give an account to GOD on the day that you will come to HIM .... GOD in these cases will have no mercy on you. Photos of the dead brought to crematoriums. https://t.co/KgImDtD1A9	21.94778
Wed Mar 11 02:28:11 +0000 2020	@AngelaMerkeICDU #Conte landed the #Covid19 in Italy, as per agreements with the #EU, which supports him, and now finds it difficult to redistribute it in other #EUcountries, but, as for the illegal immigrants, some #Covid19 has passed ...	21.544106
Tue Mar 31 08:42:58 +0000 2020	@realDonaldTrump @BorisJohnson @AngelaMerkeICDU @EmmanuelMacron @ScottMorrisonMP don't simply have Palestinian blood on their hands; they bathe in it 24/7, 365 days per year. May your #Comeuppance come quicker than expected. Amen 🙏	21.417772
Tue Mar 31 22:11:33 +0000 2020	@AngelaMerkeICDU @BorisJohnson @realDonaldTrump follow non-official data when it comes to China, please!	21.403793
Sat Mar 21 11:53:30 +0000 2020	@realDonaldTrump @jairbolsonaro @EmmanuelMacron @BorisJohnson @AngelaMerkeICDU @GiuseppeConteIT @JustinTrudeau The world community has to take action against the Chinese Communist Party. They lied before and they are still lying, hence, endangering the lives of millions worldwide https://t.co/rTkRC637Jh	21.345934
Mon Mar 16 12:44:42 +0000 2020	@EmmanuelMacron @AngelaMerkeICDU  @10DowningStreet @netanyahu @narendramodi  @UNODC @UNHumanRights @KremlinRussia_E Shouldn't China be punishd for recklessly probably intentionally attacking all 🌎 with this deadly virus!? How it CAN'T BE a CONSPIRACY? A Chemical attack on world?	20.98593
Tue Mar 17 07:04:45 +0000 2020	@AngelaMerkeICDU  I am Ishii. The remedy for the novel coronavirus that I invented can be a vaccine. With the vaccine, everyone can live with peace of mind and go out. The economy is back. My remedy can also be a disinfectant. Let's disinfect everyone.	20.914608
Tue Mar 03 10:51:21 +0000 2020	@AngelaMerkeICDU H'ble Madam'. we all kinds of ventilation /affilition /support /IT/Defence /Other services , we will close /ban from modi /bjp govt ' it's confirned from ourside , thank you	20.41959
Sun Mar 22 20:17:30 +0000 2020	@AngelaMerkeICDU Dear Angela Merkel, I wish you well during quaratine, you are the most important politician , world will needyou after this pandemic.	19.964394
Thu Mar 26 10:31:45 +0000 2020	Poor Protocol for Covid-19, This is now #LopezLiesToTheWorld #g20 #COVID19mx #COVIDー19mx @AngelaMerkeICDU  @alferdez  @JustinTrudeau @XiJingpingReal @TheBlueHouseENG @realDonaldTrump @EmmanuelMacron @narendramodi @jokowi @CasaReal @g20org @ONU_es @FMInoticias @opsoms https://t.co/v9S5joPM0M	19.489122
Sat Apr 11 05:28:52 +0000 2020	@realDonaldTrump @narendramodi @KremlinRussia_E @ScottMorrisonMP @AngelaMerkeICDU @BorisJohnson  After chinese virus destroyed the world except china now the time to punish the china, need to kick out the Chinese from every country, stop import from China as it never trustable.	19.359655
Wed Apr 01 08:39:36 +0000 2020	@PMOIndia @KremlinRussia_E @realDonaldTrump @AbeShinzo @DalaiLama @ibusolih @AngelaMerkeICDU @PMBhutan @WhoIsPM @PM_Nepal @IsraeliPM @EmmanuelMacron @10DowningStreet @jairbolsonaro @iingwen @JustinTrudeau @EUCouncilPress. China is dangerous for world.   https://t.co/MlqfyYOpe2	19.20114
Fri Apr 03 11:56:36 +0000 2020	@AngelaMerkeICDU NO COMPROMISES!! IF YOU DON’T CREATE EUROBONDS THERE ARE WILL BE A REFERENDUM PRO ITALEXIT BY 2020 AND EUROPE WILL BE OVER!!! #nocompromises #Italexit #egoist #Hypocrisy	19.053276
Fri Apr 17 10:22:54 +0000 2020	@EmmanuelMacron @JustinTrudeau @AngelaMerkeICDU @vonderleyen @UNHumanRights @amnesty @amnestyusa @HRC @EP_HumanRights @WHO  Be aware of the Brasil Fascist, he like to keep the virus and crisis going.  Maybe an Covid19 Nuremberg Trial is necessary.  https://t.co/9PurU4guHt	19.05189
Tue Mar 24 07:23:00 +0000 2020	@AngelaMerkeICDU  Turkey! Call for Muslim prayer in Hagia Sophia. Stop them before it's too late! https://t.co/T4n1vN7n6O	18.998518
Mon Mar 23 10:46:24 +0000 2020	@POTUS @VP @BorisJohnson @MacronInEnglish @AngelaMerkeICDU @GiuseppeConteIT @WHO @EKremlinrussia @sanchezcastejon @MinPres @alain_berset @TheSun @FT @WhoIsPM @ScottMorrisonMP @jacindaardern @JustinTrudeau @Nigel_Farage @piersmorgan @FoxFriendsFirst  WHERE IS THIS WOMAN? DEATH?	18.59298
Mon Apr 06 11:21:10 +0000 2020	@realDonaldTrump @POTUS @KremlinRussia_E @Xijinping @EmmanuelMacron @BorisJohnson @AbeShinzo @AngelaMerkeICDU @GiuseppeConteIT @JustinTrudeau   WHOLE WORLD is SUFFERING with CARTEL CAPITALISM Created by @G7  and with TERRORISM &amp; COLDWARS Created by @UN 5 PMs	18.050964
Wed Mar 25 13:25:01 +0000 2020	@narendramodi @POTUS @KremlinRussia_E @AngelaMerkeICDU @GermanyDiplo @JPN_PMO @GiuseppeConteIT @HassanRouhani @WHO  Can you help me out by signing this petition? We need to ban China from eating animals #COVID2019 #pandemia #CoronavirusLockdown https://t.co/geX7TSFuEP	17.951393
Sat Mar 14 12:47:49 +0000 2020	@AngelaMerkeICDU You're playing with people's lives for the sake of you economy. What's the difference between you and the dictatorships in China and Iran? #coronavirus #merkel #angelamerkel #COVID19	17.873135
Thu Mar 19 05:16:11 +0000 2020	@AngelaMerkeICDU Merkel, you said the crisis since World War II. Use my vaccine. Don't be afraid of anything. From Hitoshi Ishii in Japan.	17.855232
Tue Mar 03 09:50:26 +0000 2020	"@eucopresident @guyverhofstadt @MinPres @JLMelenchon @AngelaMerkeICDU @EmmanuelMacron  IMPOSE NO FLY ZONE&amp;GIVE MILLIONS CIVILIANS BACK THEIR LAND&amp;DIGNITY! HUMANITY 4 ALL! TAKE YR RESPONSABILITY! REFUGEE ""PROBLEM"" S SOLVED WHEN U ACT&amp;DARE 2 STOP THE RUSSIAN/ASSAD/IRAN AGGRESSION!"	17.721241
Fri Apr 17 19:30:21 +0000 2020	@realDonaldTrump  @EmmanuelMacron  @BorisJohnson_MP  @eucopresident  @PMOIndia  @AngelaMerkeICDU A warning Sign for democracies The WHO’s collusion with china despite d behavior should be an immediate warning sign to democracies around d world. #ChinaLiedPeopleDied  #ChineseVirus	17.628578
Fri Apr 03 09:32:31 +0000 2020	@AngelaMerkeICDU Dear Prime Minister, your silence is becoming embarrassing. if you are a leader you have to prove it now. history is made here	17.620567
Sat Feb 22 15:13:30 +0000 2020	@AngelaMerkeICDU Exploitation-Employee@Risk Outrageous OfPower&amp;Stinking CowardiceActby CEO,DirectorHRManagerRiskManagerEthic&amp;legalTeam likeMAFIA FundamentalRightToWork CompromisedWithMultiple threat ITCompanyUSA-BodyShopping inIndia Influencing Manipulating LAW WhatToDo?UrView's	17.525145
Thu Mar 26 04:47:07 +0000 2020	@realDonaldTrump @BorisJohnson @AngelaMerkeICDU  Pass a resolution that China must take responsibility for spreading Corona Virus on/against Humanity Throughout the World, must impose Sanctions with Compensation of 10 trillion dollars against Biological Bomb	17.42471
Sun Mar 22 18:28:41 +0000 2020	@AngelaMerkeICDU MY RESPECTED LADY ANGELA MERKEL GOES INTO SELF -qUARANTINE   I FEEL SAD FOR HER SHE IS THE MOST RESPECTED WOMAN IN THE WORLD  MAY GOD BE WITH HER GERMANY CHANCELLOR https://t.co/zoUWkgzGRw	17.225502
Wed Apr 01 21:59:22 +0000 2020	"@CanadianPM @narendramodi  @lopezobrador_  @AngelaMerkeICDU  @StateDept i advise- we all concentrate  on "" total victory ""   - over coronavirus.  let's put aside the politics  - timeout . We can't  repeatedly - ask GOD &amp; ANGELS  : TO SAVE THE WORLD - only once per generation"	16.84045
Sat Mar 21 06:19:38 +0000 2020	@realDonaldTrump @POTUS @BorisJohnson @EmmanuelMacron  @AngelaMerkeICDU PLEASE READ AND SHARE IMPORTANT! How to hook up multiple people with 1 ventilator link- https://t.co/8i7YpIKnqZ #SaveLives #Covid_19 #Boris #NHS #nhsworkers #HumanityFirst #UKGoverment #WHO	16.79656
Wed Mar 11 12:31:40 +0000 2020	@AngelaMerkeICDU Fascist movement re-awakened in Europe.Violence and persecution for immigrants and foreigners.GERMANY,GREECE,FRANCE AND all over EUROPE. https://t.co/tkJkZL95lW	16.793045
Wed Mar 04 10:07:10 +0000 2020	@AngelaMerkeICDU @EmmanuelMacron @GiuseppeConteIT @Europarl_IT @ONU_es Why don't we join forces and defeat the economic crisis by legalizing #cannabis? + human rights + fight against crime + control + security + money #LegalizeIt #marijuana #thc #frredom  https://t.co/RJD8xVe5Sb	16.758072
Mon Apr 06 00:23:44 +0000 2020	@AngelaMerkeICDU My dear and admired Lady. My girlfriend of foreign origin is serving Greater Germany she's a doctor and is a volunteer in the Covid19 patient area,I think the least he deserves is my company. Please, these cases should be valid in order to cross the border. Thank	16.68104
Wed Mar 04 11:32:16 +0000 2020	@AngelaMerkeICDU Greek prime minister to stand trial for genocide against Turkish-Greek border refugees and crimes against humanity.	16.503338
Wed Mar 04 14:56:01 +0000 2020	@AngelaMerkeICDU Greek prime minister to stand trial for genocide against Turkish-Greek border refugees and crimes against humanity	16.503338
Wed Mar 11 18:45:52 +0000 2020	@AngelaMerkeICDU H'ble Madam,  We all kinds of business /ventilations from modi /bjp, bjp govt,  We will remove from modi /bjp ' It's confirmed from our side,  Thank you	15.867458
Thu Mar 12 01:03:33 +0000 2020	@AngelaMerkeICDU  Say #Namaste 🙏 to #coronavirus, Don’t #Shakehand.  A challenge to create awareness  https://t.co/Ap873hecy6 https://t.co/wqxudi1XmT	15.472876
Wed Mar 04 12:47:44 +0000 2020	@AngelaMerkeICDU @EU_Commission @EUCouncil The masks are off, publicly. The bomb must be difused. No more funds to Erdogan. All funds should go to deportation of every migrant who enters EU soil. Then, the dictator's weapon will be no more! https://t.co/8soC1nJ6Ch	15.394259
Sat Mar 28 00:26:06 +0000 2020	@AngelaMerkeICDU Dear Mrs. Merkel. Now we know you are angry with our prime minister Giuseppe Conte because he's not charmant anymore. Do you know thousand of people are dying in Italy, Spain France etc.? Are you such an uncaring and inhuman b*tch? You are a shame for the mankind	14.9931135
Sat Mar 21 19:20:36 +0000 2020	@AngelaMerkeICDU @AngelaMerkelMES @bbc @washingtonpost @nytimes @lemondefr @lindependant @CorriereSega @thetimes  The spanish government don't like to close Madrid, the great coronavirus center. Help Catalunya: https://t.co/5uO79WdlCX	14.915245
Fri Mar 13 18:09:41 +0000 2020	@AngelaMerkeICDU Although DNA and RNA are hydrogen-bonded between bases, if they are made alkaline by adding a denaturing agent, they are denatured to release hydrogen ions, and the double helix of DNA and RNA is separated into two single strands.	14.780165
Tue Apr 07 07:51:34 +0000 2020	@AngelaMerkeICDU Will you be the person that will destroy Europe? Will you let the national populisms grow in Europe? Really? Always is Germany?	14.744074
Sat Mar 21 21:20:41 +0000 2020	@AngelaMerkeICDU Hello you have a militar named Jan Stuttgard That needs help because he can´t buy nothing online, is this how you treat those who serves your country?	14.64483
Sat Mar 14 04:31:01 +0000 2020	@AngelaMerkeICDU H'ble Madam' as we find &amp;noted .. Modi /bjp govt just against to minority/rural /Muslim people's,  across the country , So we decided , all kinds of Ventilation /afflitions /support from Modi ^bjp govt' we will remove , it's confirned from ourside , thank you	14.568411
Tue Mar 03 23:02:03 +0000 2020	"@AngelaMerkeICDU You Do Agree? ""The Real Concern, is That The Coronavirus Will Reach The Point, to Where It Will Cause Most of The World to Shut-Down, In Which We Won't Be Able to Control It?""  ""Exactly At One Point, Does A Crisis Go Beyond The Point of No-Return?"""	14.561868
Wed Apr 22 19:27:41 +0000 2020	@AngelaMerkeICDU Just like Europe needed the Marshall Plan, the EU now needs a similar plan from Germany &amp; the other wealthy Northern EU members.	14.544815
Thu Apr 23 08:40:01 +0000 2020	@AngelaMerkeICDU, you are a smart lady.. when the the #CCPVirus's propaganda channel spends 50% of its time praising @WHO... don't you think something might be off? Come on.. how dense are you?	14.141617
Wed Apr 01 04:39:35 +0000 2020	@AngelaMerkeICDU Thanks, Jesus! Subject : Hydroxychloroquine therapy was reducing that recovery time. 1. https://t.co/dRWit6IwFX 2. Marcus Zervos https://t.co/v4aOY85R2g 3. The FDA had not approved the drug to treat COVID-19 as of March 31, but doctors could still prescribe it.11	13.653771
Wed Mar 11 14:02:40 +0000 2020	@AngelaMerkeICDU claim up to 60-70 percent of Germany could get infected with #coronavirus. Then why doesn't she shut down Germany now?. Does she realize what impact that would have on health services?	13.640084
Thu Mar 19 19:48:25 +0000 2020	@AngelaMerkeICDU Long time before europe can trust china	13.460375
Tue Mar 31 10:42:43 +0000 2020	"@AngelaMerkeICDU Madam, is the French economy for you a good ""business model""? Sincerely, Fabrice BOUSSEL 92290 Châtenay-Malabry France"	13.339338
Tue Mar 03 19:46:39 +0000 2020	"@eucopresident @guyverhofstadt @CharlesMichel @MinPres @EmmanuelMacron @AngelaMerkeICDU @JLMelenchon @antonioguterres  THIS IS WHY SO MANY CIVILIANS HAVE CHOOSEN 2 BE REFUGEE&amp;SEARCH ""SAFETY""! EUROPE SHOULD BE REALLY ASHAMED THEY DID LET DIE 1MILLION&amp;SEVERAL MILL. BECOME REFUGEES!"	13.037275
Sun Mar 22 18:39:06 +0000 2020	@AngelaMerkeICDU from Egypt wish you become good and well , GOD bless you  🙏🙏🙏	12.671122
Tue Mar 31 07:09:32 +0000 2020	"@AngelaMerkeICDU Dear Mrs Merkel. I didn't hear a single sound from your mouth, yet, to condemn the antiliberal anti democratic ""special powers"" law in Hungary. If you let create a fascist/nazi country in Hungary the risk this will grow to other eastern countries. Waiting ..."	12.606729
Fri Mar 13 18:09:04 +0000 2020	@AngelaMerkeICDU New coronavirus, my treatment suggestion The basic structure of a virus is a particle composed of a nucleic acid at the center of the particle and a protein shell called a capsid that surrounds the nucleic acid.Nucleic acids are DNA and RNA.	12.41559
Sun Feb 23 21:33:09 +0000 2020	@AngelaMerkeICDU Thanks, Jesus! Subject : Today China COVID-19! 1. https://t.co/Ib7jH1Xr8z 2. https://t.co/DsA0s8gcQo 5. China's mask production capacity will be expanded from 20 million / day to 180 million / day by the end of February, a year-on-year increase of 800%! Jesus! 11	12.217613
Mon Mar 16 04:46:05 +0000 2020	@realDonaldTrump @BorisJohnson @AngelaMerkeICDU  Even with the risk of coronavirus, Brazilian patriots take to the streets in all Brazilian states to give support to President Bolsonaro and against corruption in the National Congress and the Supreme Court.	12.076439
Mon Mar 16 04:46:29 +0000 2020	@realDonaldTrump @BorisJohnson @AngelaMerkeICDU  Even with the risk of coronavirus, Brazilian patriots take to the streets in all Brazilian states to give support to President Bolsonaro and against corruption in the National Congress and the Supreme Court.	12.076439
Mon Mar 16 04:47:56 +0000 2020	@realDonaldTrump @BorisJohnson @AngelaMerkeICDU  Even with the risk of coronavirus, Brazilian patriots take to the streets in all Brazilian states to give support to President Bolsonaro and against corruption in the National Congress and the Supreme Court. https://t.co/uSgzADubu9	11.90395
Tue Mar 17 17:25:02 +0000 2020	@AngelaMerkeICDU H'ble Madam, we all kinds of Ventilation /support, from Modi /bjp govt,  we will remove ' it's confirmed from ourside , thank you	11.821224
Fri Apr 17 06:47:43 +0000 2020	@AngelaMerkeICDU Fortunately You continue to eliminate your inherited Real Risk of ... I recommend you perseverance. I invite you to forward the following link to your doctor https://t.co/bdfLeZK7UY: My clinical war against coronavirus: optimizing immune defenses. Regards.	11.8052635
Fri Apr 03 11:05:40 +0000 2020	@AngelaMerkeICDU TELL ME WHY YOU HATE A ITALY?	11.187094
Thu Mar 05 10:50:05 +0000 2020	@AngelaMerkeICDU  is There any Greek border Security ?	10.895226
Wed Mar 11 11:55:17 +0000 2020	@EU_Commission and @AngelaMerkeICDU continue to fund Turkish Coast Guard (recently with 32mil euro) 💰 so that they keep ramming Greek Coast Guard vessels. 🤬 #IStandWithGreece #GreeceUnderAttack  #TurkeyIsATerrorState #TurkishPropaganda #Kos #Greece 05:45 Today: https://t.co/9yDvYdkS9R	10.43533
Fri Apr 10 14:58:43 +0000 2020	@AngelaMerkeICDU Tags: transmission, delivery, food, COVID-19, new coronavirus  can't multiply in food. Like any virus, it needs a [living] host cell to multiply. FACT: IT DOESN'T MULTIPLY, BUT IT SURVIVES LONG ENOUGH TO CONTAMINATE.	10.356758
Wed Mar 11 17:06:03 +0000 2020	@AngelaMerkeICDU  Turkish F-16s flew over Greece today to Evros. https://t.co/N3jjb0kZw1	10.298615
Tue Mar 03 15:45:18 +0000 2020	@AngelaMerkeICDU Solution for immigrants from Syria to save CE and Turkey: That they go to Russia in vast lands can cultivate and form cities. You must offer it to Putin	10.25995
Mon Feb 24 06:34:38 +0000 2020	@AngelaMerkeICDU H'ble Madam' we aĺl kinds of business /IT/software /IT/defence /Other kinds of ventilation , we will remove from Modi /bjp govt ' it have confirmed from ourside, thank you	9.788443
Mon Apr 06 17:48:22 +0000 2020	@AngelaMerkeICDU, What happens tomorrow will depend on whether the common European project is strengthened or self-destructing. It depends on you, on nobody else. Please be very aware of what you are gambling with. I hope that you are up to Europe. Thank you.	9.7692
Thu Mar 12 00:55:44 +0000 2020	@AngelaMerkeICDU 💚 Ms Merkel  We had given you the ultimatum not to co-operate with Iran's terrorist regime, otherwise, ISIS or anything worse than ISIS would enter Europe.  You destroyed Germany.  ✔️Tell Germans not to go out;  Restart Army is everywhere.  https://t.co/QXRft6fNiZ	9.728669
Thu Mar 05 09:53:45 +0000 2020	@eucopresident @AngelaMerkeICDU @guyverhofstadt @HeikoMaas @FranckenTheo @antonioguterres @BelgaNewsAgency @EmmanuelMacron @JLMelenchon  IT IS NOT A WAR AGAINS TERROR! IT IS A TERROR WAR ON CIVILIANS ! WHEN ARE YOUR EYES OPENING ? WHEN DO YOU ACT TO SAFE LIVES &amp; HUMANITY? WHEN???	9.702238
Thu Mar 05 09:55:14 +0000 2020	@eucopresident @AngelaMerkeICDU @guyverhofstadt @HeikoMaas @FranckenTheo @antonioguterres @BelgaNewsAgency @EmmanuelMacron @JLMelenchon  IT IS NOT A WAR AGAINST TERROR! IT IS A TERROR WAR ON CIVILIANS! WHEN ARE YOUR EYES OPENING ? WHEN DO YOU ACT TO SAFE LIVES &amp; HUMANITY? WHEN???	9.702238
Wed Mar 04 10:32:22 +0000 2020	@AngelaMerkeICDU The Greek prime minister must strive for the genocide of refugees	9.686993
Sun Mar 29 06:49:48 +0000 2020	@AngelaMerkeICDU you will have to cope with the fact that this is WWIII and Germany, Holland and few others will be held reaponsible. For the third time in history Germany has killed Europe! Good bye and good luck!	9.662113
Sat Mar 21 02:47:25 +0000 2020	@AngelaMerkeICDU Thanks, Jesus! Subject : Trust is exhchanged by LIFE : chloroquine and hydroxychloroquine!  1. Reported by China's anti-virus drug testing experiment what had proved  both drugs  were effective and trusted treatment for COVID-19! https://t.co/tKoBQILQlG  Jesus!11	9.53176
Thu Mar 12 06:25:18 +0000 2020	@AngelaMerkeICDU in 7 days all the EU should stop for 15 days. Please, agree with all the governments and companies how to do it. It is the only way to stop #coronavirus and the opportunity to start from the beginning.	9.479723
Thu Apr 02 09:59:31 +0000 2020	@AngelaMerkeICDU H'ble Madam, still we are praying to Lord Jesus,  you will get healthy  soon , we also hope , very shortly ,we will recover from any Kinds of Disaster  (all negative energy ), ....we all should think positive any gd/bad conditions , yours well wisher	9.350153
Fri Mar 27 07:38:53 +0000 2020	@AngelaMerkeICDU The way you think Europe, the way you put capitalist economy First, the way you think people relationship in Europe, all your shaming vision of Europe Is the new Nazifascism! Shame!	9.250816
Fri Apr 10 23:19:49 +0000 2020	@AngelaMerkeICDU Thanks, Jesus! Subject : China's Phase 2 Coronavirus Vaccine Trial! 1. it may take China only six months to determine if its vaccine is effective and safe. 2. https://t.co/cdihtT5Euh 3. The general US President election on November 3,2020! 香港鄺祖良@! Jesus! 11	8.921928
Sat Feb 22 06:35:01 +0000 2020	@AngelaMerkeICDU H'ble Madam,  we all kinds of ventilations /afflitions, we will remove from Modi /bjp govt,  all kinds of affliations like IT/software /defence /Other services ' we will remove from modi/bjp govt ' it have confirmed from ourside , thank you	8.812566
Sat Apr 18 08:24:15 +0000 2020	@AngelaMerkeICDU  https://t.co/gkoCilMwtO #repent  Dear highly respected Chancellor,  Please find time ro listen to Our message from Yahweh   Respectfully yours  Levi Odoe Disciples of Yahweh and Jesus	8.375935
Thu Mar 19 19:30:55 +0000 2020	"@AngelaMerkeICDU Boris Johnston says they can get over Covid19 in 12 weeks ""With (community) determined  collective action"". WHY if humans can do this to save their skins from a Health Threat, WILL WE JUST RETURN TO THE SAME CLIMATE CHANGE COLLECTIVE INACTION once Covid19's past?"	8.291474
Fri Mar 13 02:12:48 +0000 2020	@AngelaMerkeICDU H'ble Madam ' as we find ,noted modi/bjp govt have anti-human being , it's crime over innocent minority ,/rural /Muslim people's , ....thank you	8.214943
Mon Mar 02 22:00:34 +0000 2020	@AngelaMerkeICDU It seems unbelievable that Germany agrees on the refugee issue with the slaughter and dictator Erdogan and not with the alliance member country of the same union in Greece. With these practices, you will dismantle the European Union. Did he ask EU when he invaded	8.081518
Mon Apr 20 14:02:58 +0000 2020	@AngelaMerkeICDU would like to know if Germany had a specific strategy for elderly carehomes	7.899945
Thu Mar 05 07:48:07 +0000 2020	@eucopresident @antonioguterres @AngelaMerkeICDU @MinPres @HeikoMaas @guyverhofstadt @EmmanuelMacron @JLMelenchon AGAIN A MASSACRE! TAKE OUT CREATORS OF TERROR (RU/SYR. REGIME)&amp;FORCED DISPL.MENT! DELIBERATELY TARGETTING CIVILIANS=GENOCIDE!  SUPPORT TURKEY 2SAFE HUMANITY&amp;EU VALUES	7.6974382
Sun Apr 12 10:50:53 +0000 2020	@AngelaMerkeICDU, could I interest you in an interim position as Prime Minister of the UK, with an option to make it permanent?	7.6532736
Wed Mar 25 01:35:50 +0000 2020	@JustinTrudeau @Ilhan @SenSanders @BillGates @EmmanuelMacron @realDonaldTrump @BorisJohnson @AngelaMerkeICDU we must have  to follow the path of South Korea to tackle COVID19 or corona virus  https://t.co/kU5pSTqRD2	7.6038947
Thu Mar 05 05:25:08 +0000 2020	@AngelaMerkeICDU H'ble Madam ' last six years , as we find  Modi /bjp govt , it's completely anti -human being , it's day by day crimed over innocent Indian  we have decided now  all kinds of ventilation /afflitions, we will remove from Modi /bjp govt,  it's confined from ourside	7.4378395
Sat Apr 04 08:48:17 +0000 2020	@AngelaMerkeICDU hello, can you help please @MattHancock  can find a reliable test for #COVID2019 for the UK, Is the test your using reliable? If so please advise spec’ supplier Also sorry about that whole leaving EU thing, @MarinaHyde @Peston @profcarroll @jonsnowC4 @JohnJCrace	7.421908
Mon Mar 23 11:41:06 +0000 2020	@AngelaMerkeICDU we pray 4 u Angela hope recover soon😃	7.302325
Sun Mar 15 12:57:31 +0000 2020	@realDonaldTrump @AngelaMerkeICDU @EmmanuelMacron Nice but where is US and EU awhen Italy is suffering? Chinese were here with medical and equipment support. EU is closing borders and lot of heartbreaking speeches. Words don’t help people dying. Facts is what people will remember.	7.1244187
Wed Mar 04 16:56:08 +0000 2020	@AngelaMerkeICDU H'ble Madam' last six years ' as we find ,Modi &amp;BJP govt day by day crimes in innocents of Indian , behind the CAA/Other Un-nesseray Act/Bills' so we have decided now,  all kinds of ventilation /afflitions /support from Modi /bjp govt ' we will remove ' thank you	7.058548
Fri Mar 13 02:08:01 +0000 2020	"@AngelaMerkeICDU H'ble Madam' as we hope &amp;praying to Lord Jesus ' one Corona affect ""(natural disasters), we will control , we hope to our WHO management team /Doctors , we will control shortly , yours well wisher"	7.027815
Sun Mar 22 18:36:38 +0000 2020	@AngelaMerkeICDU PEACE BE WITH YOU, MAY YOUR COURAGE LIGHT YOUR PATH, YOU WILL BE FINE!❤❤❤❤❤❤❤❤❤	6.908991
Thu Mar 12 10:43:08 +0000 2020	@AngelaMerkeICDU To label the fact that some in the EU refuse to pay more into the EU as childish, is nog only just plain evil, but also demonic... How much more taxes do the little man have to pay? You are one evil woman....	6.8038397
Sun Mar 29 13:36:24 +0000 2020	@AngelaMerkeICDU  You or your friends can not dictate me! I think I prooved this point, during these months.  I am laughing at your unsuccessful plans, nd stupidity. And I think I have right to do so.  No one needs Your  stupid minds, tragic ideas, and useless mouths	6.636718
Sat Feb 22 22:14:41 +0000 2020	@JustinTrudeau @cafreeland @AndrewScheer  @KremlinRussia_E @AngelaMerkeICDU @CBCToronto @cnni @BBCWorld @AJEnglish @AlArabiya_Eng @trtworld @RT_com @PressTV Thousands of protesters at Queen’s Park to support Wet’suwet’en solidarity movemnt https://t.co/5SpVjqk3Uf via @torontostar	6.3171573
Wed Apr 08 09:33:16 +0000 2020	@AngelaMerkeICDU #showdown #gameover now Merkel you're on the ropes. if you don't approve the Italian proposal, you will be in fact branded forever as the politician who for purely nationalist and egoist he brought Europe down! now the move is up to you!👀	6.306797
Sun Mar 29 15:01:08 +0000 2020	@AngelaMerkeICDU dear chanceler we can have from inhame anti inflamatorio the cortizona we can have in same way from canela a anti virus a substance to stop virus	5.777565
Fri Mar 27 12:16:14 +0000 2020	@AngelaMerkeICDU it applies to your country too	5.291665
Sun Mar 22 21:33:59 +0000 2020	@AngelaMerkeICDU Wishing you well as you self-quarantine and have great respect for your leadership. We don't currently see these kinds of decisions from the leadership here in the US.	5.204027
Sun Mar 22 22:35:29 +0000 2020	@AngelaMerkeICDU 🔴☣⛑☠ Ms Merkel Do u remember this Ultimatum?! It was given by our leader @restartleader ! U chose to mock him, now enjoy ur foolish decision! Ms Merkel, WELCOME TO #SUFISM_AWAKENING WELCOME TO #RESTART #Scientific_And_Mystical_Corona_Virus 😉  https://t.co/bjfngiY1kj	5.199906
Tue Apr 07 21:38:48 +0000 2020	@AngelaMerkeICDU Thanks, Jesus! Subject : Coronavirus cure drugs! 1. https://t.co/GTe2XU4ODd 2. https://t.co/kGuegSuO2C 3. https://t.co/cC03WsSKXi Forgot unproven of Hydroxychloroquine, take a risk for COVID-19 treatment! clkwong@! 香港 --- 鄺祖良@! Thanks, Jesus! 11	5.144254
Wed Mar 04 05:51:43 +0000 2020	@AngelaMerkeICDU can come to dinner anytime.	5.05682
Sat Mar 28 15:09:18 +0000 2020	"@AngelaMerkeICDU @JPN_PMO @realDonaldTrump @FLOTUS @BorisJohnson @narendramodi @DrSJaishankar Sir, Sorry to say that all of you powerful leaders are failed to understand the dangerous plan of ""China created virus"". Now face the consequence of dangerous China."	5.0374155
Thu Apr 09 10:02:23 +0000 2020	@EU_Commission @POTUS  @realDonaldTrump  @EmmanuelMacron  @BorisJohnson  @AbeShinzo  @AngelaMerkeICDU  @ratasjuri  @MoFA_Indonesia  Ahead of UN security meeting I demand strong actions against China.	4.814331
Mon Apr 06 04:57:31 +0000 2020	@AngelaMerkeICDU we aren’t allow to ride a horse out but motorcycle gangs filled the roads yesterday. These guys meet and chat before they set off and when they return. They risk breakdowns which expose road assist staff. Plenty of people jogging/cycling past way too close	4.7822404
Fri Apr 03 21:42:46 +0000 2020	@AngelaMerkeICDU @POTUS44 @SpeakerPelosi @SenWarren @SCOTUS @BernieSanders Audi Palo Alto is fine. I’m putting in an order for seven SQ8 models with no paint whatsoever, and no internet capabilities and no cell phone capabilities. Bluetooth is fine.	4.710986
Mon Mar 23 20:24:04 +0000 2020	@EmmanuelMacron @EnsembleEMacron @AngelaMerkeICDU these are the European borders. ..or not ??	4.619404
Sun Apr 05 04:40:21 +0000 2020	@AngelaMerkeICDU H'ble Madam, still ,we hope &amp;praying to Maa Durga ji/Suprem power , you will get healthy , all the people's of German /Europe, Lord Jesus, give motivation to fight  ,against Corona disasters (any negative energy ) eeveryone will get healthy ,yours well wisher	4.5599785
Wed Apr 08 06:42:00 +0000 2020	"@POTUS @10DowningStreet @AngelaMerkeICDU @MA1KSA @SecPompeo @KenRoth @hrw @KingSalman @antonioguterres Let us beg mercy for our sins . ""I will tell God"", said a dying kid. #Syria https://t.co/S1raUFHxik"	4.553886
Fri Apr 03 17:00:09 +0000 2020	@POTUS @alain_berset @AngelaMerkeICDU @BorisJohnson @EmmanuelMacron @narendramodi @andersen_inger @DicarloRosemary  How Korean mobile apps are making COVID-19 resources more accessible https://t.co/dhQcg9NSCy	4.358343
Wed Mar 25 17:50:02 +0000 2020	@AngelaMerkeICDU   Sirs/Madam, Please get rid if pigeons from our cities. Their excreta contains lung inflammatory fungus &amp; spores. This will aggravate Covid-19 &amp; result in more casualties. https://t.co/Zx1Cshn1yA	4.2879
Wed Mar 11 21:40:03 +0000 2020	@AngelaMerkeICDU ordered drive-thru #coronavirusus testing to get people tested efficiently for #COVID19 without entering health care facilities. #USA looks like the unintelligent idiot that sadly, is still the #POTUS .  #WeThePeople say #EnoughIsEnough  #TestNow   Pass It On.	4.2397637
Sun Mar 15 09:35:50 +0000 2020	@AngelaMerkeICDU Look what we can do the save our skins &amp; Economies from Covid19. Shut down whole countries businesses shops, restaurants theatres &amp; everyone stays home. Now let's wait to see what we do to save the planet, it's ecology, melting Poles &amp; all animal species in time?	4.21743
Mon Apr 06 11:21:53 +0000 2020	@AngelaMerkeICDU please Angela, get someone translate you this video. I feel ashamed of the media in Spain, especially @A3mediaCo, @mediasetcom, @laSextaTV , etc... I apologize for the Spanish people, not for the government	4.18431
Sat Feb 22 21:48:50 +0000 2020	@realDonaldTrump  @JustinTrudeau @cafreeland @KremlinRussia_E @AngelaMerkeICDU @CBCToronto  @cnni @BBCWorld @AJEnglish @AlArabiya_Eng @trtworld @RT_com @PressTV  Thousands Of Muslims March In Chennai Against Citizenship Law - NDTV https://t.co/jY6J47fYYd	4.138974
Tue Apr 21 10:05:42 +0000 2020	@EU_Commission @vonderleyen @MinPres @AngelaMerkeICDU @BrunoLeMaire @MinPres @WBHoekstra @PaoloGentiloni @EmmanuelMacron @sanchezcastejon @nzingaretti @matteosalvinimi @matteorenzi It's just demonstrate how shameful and unfair is the EU! You're dead! https://t.co/2ixZnIFvGr	4.037368
Fri Mar 27 12:16:33 +0000 2020	@AngelaMerkeICDU LOGICAL REASONING: RUSSIA DOES NOT POSE A THREAT, DOES NOT WANT TO BE AN ENEMY OF GERMANY OR THE EUROPEAN UNION, BUT THESE COUNTRIES, ACCEPTING MILITARY BASES AND NUCLEAR WEAPONS FROM THE USA, THREATEN THE RUSSIA, UNNECESSARILY.	3.993804
Tue Apr 07 11:16:30 +0000 2020	@EU_Commission @POTUS @realDonaldTrump @EmmanuelMacron @BorisJohnson @AbeShinzo @AngelaMerkeICDU @ratasjuri @MoFA_Indonesia  As a common man of this planet I argue all to take strict actions china. I &amp; like me people are suffering more due to this bio weapon.#ChineseBioterrorism	3.8669462
Sat Feb 22 14:05:58 +0000 2020	@AngelaMerkeICDU @UN @EU_Commission @Europarl_EN @MevlutCavusoglu @cumhuriyetgzt @CNN @nytimes @TIME @meral_aksener PM Merkel, you are responsible of those 10-killing by NAZI Bustard Tobias Rathjen &amp; his AfD Far-Right damn supporters. This is not the last one &amp; shall repeat again	3.695547
Sun Mar 29 16:05:26 +0000 2020	"@AngelaMerkeICDU  Respected madam In aayurveda "" alum water"" can treat Viral sore throat problems   I believe it can help you in your fight against corona virus #covid19  Best regards  Abhinay"	3.512897
Sun Mar 22 23:00:18 +0000 2020	@POTUS is making @BorisJohnson look as good as @AngelaMerkeICDU . That's not easy. #COVID19	3.4511952
Tue Mar 17 18:26:07 +0000 2020	@AngelaMerkeICDU @EmmanuelMacron @FinancialTimes  The Spanish government is seizing medical supplies throughout the country and is taking it to Madrid. In Catalonia, hospitals do not even have protective masks. Help!!	3.2025232
Sun Mar 22 15:15:18 +0000 2020	@EmmanuelMacron @AngelaMerkeICDU @realDonaldTrump @10DowningStreet   finally democracy is over in France. Once upon a time, Egypt want to elect it's president but you decided that Egyptians will never be democratic country.	3.1641564
Thu Mar 26 20:20:47 +0000 2020	@AngelaMerkeICDU you will be held responsible for the death of the EU and for the forthcoming return of fascism in europe. And your country will kit be exent! #COVID2019 #Germany #germanycoronavirus	3.1266975
Thu Mar 26 23:29:22 +0000 2020	@AngelaMerkeICDU YOU ARE THE BIGGEST NAZI OF ALL TIMES! Go with your friend Orban. You are very well together! You should be in jail for what you did to Greece! Italy out from Euro and EU IMMEDIATELY!	3.058023
Wed Mar 04 09:42:18 +0000 2020	@AngelaMerkeICDU please help the Syrian refugees in the Greece. They are poor and shameless.  I know you have a good heart. ♥️ @AngelaMerkelddr @AngelaMerkelSPD @AngelaMerkelMES	2.9924512
Sun Mar 29 11:49:13 +0000 2020	@GiuseppeConteIT @luigidimaio @nzingaretti @sanchezcastejon @AngelaMerkeICDU @WBHoekstra Out of this #EU of selfish and idiots. If Italy falls, the EU falls. #Eurobond #COVID19 #coronavirus  Ecco come l’Europa cancellò il debito della Germania https://t.co/PbgvisjnOj https://t.co/q0zSYlyxJ3	2.929553
Sun Mar 15 08:48:37 +0000 2020	"@AngelaMerkeICDU @ScottMorrisonMP @MattHancock @BorisJohnson Hi, Oz, Hi Germany, according to ""Matt Hancock"" he claims that your following the ""herd immunity"" approach in your country? please can you confirm? were about to murder 1% = 440,000 English! https://t.co/QLP523ywfD"	2.8874204
Thu Mar 19 17:58:43 +0000 2020	@AngelaMerkeICDU This fucking Covid19 has entered in Italy from a German man. What is happening is YOUR fault , is your country which put the entire Europe in this situation ..So before talking about Italy think to your citizens.	2.8874204
Thu Mar 12 22:20:28 +0000 2020	@AngelaMerkeICDU Let's make a united europe happen, don't let them walk over us!	2.790427
Sun Mar 15 13:31:25 +0000 2020	@POTUS @VP Shame on you! @minpres @Europarl_NL @AngelaMerkeICDU please don't let This happen!	2.790427
Mon Mar 30 08:50:51 +0000 2020	@AngelaMerkeICDU I am Hitoshi Ishii from Japan. I received a good reply from General Kim Jong Un. I want a reply from you.	2.741539
Sat Feb 22 15:26:08 +0000 2020	@AngelaMerkeICDU Oh what a dilemma you all face without the Billions of £s coming from the UK. You have destroyed your own country and I'm surprised the german people haven't ousted you yet. But there's time and I look forward to watching it. You are a complete failure.	2.6028633
Sat Apr 11 01:49:28 +0000 2020	@AngelaMerkeICDU Thanks, Jesus! Subject : The BCG vaccine, used against TB, “could be detrimental” in battling COVID-19 on 1000 healthcare workers clinical trials! 1. Here is the Good News of The BCG vaccine! https://t.co/pS6R0MDxhF clkwong@! 香港 --- 鄺祖良@! Thanks, Jesus! 11	2.4091318
Tue Apr 21 07:43:30 +0000 2020	@realDonaldTrump @BorisJohnson @sanchezcastejon @Mattarella1 @AngelaMerkeICDU. I have request with all of you. Just try to get vaccine against Corona virus from weasel animal, just because weasel has great protection power, pl talk  yr sciencetis to get vaccine from this animal.	2.3781552
Mon Mar 23 18:21:25 +0000 2020	@narendramodi @BorisJohnson @realDonaldTrump @IvankaTrump @nsitharaman @rsprasad @JustinTrudeau @AngelaMerkeICDU @UN @MoHFW_INDIA @piersmorgan @CNN @ndtv @BBC @FoxNews Get this done.	2.2394106
Sun Mar 15 13:41:05 +0000 2020	@AngelaMerkeICDU please stay strong. We need this vaccine in the hands of government, not neo liberal pharmaceutic compagnies out of #USA @realDonaldTrump is a hawk. This is insane. https://t.co/ag7Ntw7iID Trump administration is trying to get exclusive rights. This is criminal.	1.6764541
Tue Mar 31 10:37:09 +0000 2020	@AngelaMerkeICDU @UNICEFgermany I am a homeopathic dr frm Kolkata,India with15yrs exp. As a dr I am not allowed to treat Covid19 patient here,I am ready to extend my help during this crisis in Germany.If myself and other drs can help mankind during this crisis,kindly let us know!	1.5468364
