created_at	text	_score
Sun Apr 05 04:40:21 +0000 2020	@AngelaMerkeICDU H'ble Madam, still ,we hope &amp;praying to Maa Durga ji/Suprem power , you will get healthy , all the people's of German /Europe, Lord Jesus, give motivation to fight  ,against Corona disasters (any negative energy ) eeveryone will get healthy ,yours well wisher	154.1179
Sat Mar 14 14:20:03 +0000 2020	@AngelaMerkeICDU Just because it's 'Health related to us', we haven't considered 'Covid19' IS as much a 'weird' virus, part of our Man-made 'Climate Change Stuff-ups', as any irreversible melted glaciers &amp; Poles, forest or Peat fires, extreme weather events, or rising Oceans?	141.98726
Thu Apr 02 09:59:31 +0000 2020	@AngelaMerkeICDU H'ble Madam, still we are praying to Lord Jesus,  you will get healthy  soon , we also hope , very shortly ,we will recover from any Kinds of Disaster  (all negative energy ), ....we all should think positive any gd/bad conditions , yours well wisher	139.71968
Mon Apr 06 03:31:33 +0000 2020	@AngelaMerkeICDU @CanadianPM @JustinTrudeau Humans created COVID-19 with disgusting treatment of animals in wet markets. SARS &amp; MERS were created the same way &amp; wet markets are still operating. Please, with other world eaders, require they shut down for good. For global health.	134.13275
Fri Apr 10 14:58:43 +0000 2020	@AngelaMerkeICDU Tags: transmission, delivery, food, COVID-19, new coronavirus  can't multiply in food. Like any virus, it needs a [living] host cell to multiply. FACT: IT DOESN'T MULTIPLY, BUT IT SURVIVES LONG ENOUGH TO CONTAMINATE.	120.31739
Sat Mar 14 09:22:18 +0000 2020	@AngelaMerkeICDU Is it not the duty of world leaders to fight against JIHAD/BIGOTED ISLAMISM, unitedly and once &amp; for all  -Time &amp; Energy saved thus can be used in fighting against the big threats like Corona, climate change,poverty etc to make the world a better place to live in	90.395294
Fri Mar 13 06:34:12 +0000 2020	@AngelaMerkeICDU  Thanks, Jesus! Subject : Important News : Alibaba Cloud Global Free Virus Detection Completes Gene Comparison in 60 Seconds 1. https://t.co/lMUaVNBQez 2. The Website Chinese! https://t.co/SXwKJUO11j 3. God can open the river on the desert! 香港鄺祖良@! Jesus! 11	89.98956
Wed Mar 11 21:40:03 +0000 2020	@AngelaMerkeICDU ordered drive-thru #coronavirusus testing to get people tested efficiently for #COVID19 without entering health care facilities. #USA looks like the unintelligent idiot that sadly, is still the #POTUS .  #WeThePeople say #EnoughIsEnough  #TestNow   Pass It On.	80.97923
Fri Feb 21 23:26:36 +0000 2020	@AngelaMerkeICDU Thanks, Jesus! Subject : Good News for fighting COVID-2019! 1. https://t.co/4cuYXl3DWG 2. https://t.co/YcAeHuoVT7 3. https://t.co/b0jqOpCUmw 4. https://t.co/k2cDiKpgGZ Big Have international space information (ISI) ltd.. Mr.clkwong@! 香港鄺祖良@! Thanks, Jesus!11	80.673294
Wed Apr 22 19:55:23 +0000 2020	"@JustinTrudeau @AngelaMerkeICDU We appreciate all you do. The 17th annual Global Love Day is May 1 with the theme ""Celebrating Our Humanity."" Thank you for sharing the vision of love with us.  @globalloveday https://t.co/xXxi71W4j6"	79.587585
Sun Mar 15 04:33:35 +0000 2020	@realDonaldTrump @POTUS  @CIA  @BorisJohnson @AbeShinzo @AngelaMerkeICDU @JustinTrudeau @GiuseppeConteIT     World Needed :  World PARLIAMENT   and   Global Bank &amp; Global CURRENCY to Create PERFECT CAPITALISM   and   World Trade in Global CURRENCY PRICES	78.395935
Thu Mar 19 19:30:55 +0000 2020	"@AngelaMerkeICDU Boris Johnston says they can get over Covid19 in 12 weeks ""With (community) determined  collective action"". WHY if humans can do this to save their skins from a Health Threat, WILL WE JUST RETURN TO THE SAME CLIMATE CHANGE COLLECTIVE INACTION once Covid19's past?"	78.12497
Thu Mar 05 01:21:24 +0000 2020	@AngelaMerkeICDU Thanks, Jesus! Subject : Good News! The Stem cell treatment has a good result! 1. That is! https://t.co/00E8NtZmVO 2. The Website is Chinese! https://t.co/vJddRCWloe Big Have international space information (ISI) ltd.. clkwong@! 香港 --- 鄺祖良@! Thanks, Jesus!11	73.82934
Mon Mar 30 18:13:14 +0000 2020	@AngelaMerkeICDU Thanks, Jesus! Subject : The US Food and Drug Administration (FDA) has approved the use of the decades old anti-malaria drugs! 1. The story is Here! https://t.co/lr95tsUxnY Big Have international space information (ISI) ltd.. 香港 --- 鄺祖良@! Thanks, Jesus! 11	69.828674
Thu Mar 26 10:14:09 +0000 2020	@AngelaMerkeICDU has a 0.5% death rate...this is a result of outstanding government/community interaction, people willing to give up things for the greater good, listening to health care experts. @realDonaldTrump pick up the fucking phone and ask Angela for advice! We are dying!	68.96465
Tue Mar 17 00:27:37 +0000 2020	@realDonaldTrump @POTUS @KremlinRussia_E @Xijinping @EmmanuelMacron @BorisJohnson @AbeShinzo @AngelaMerkeICDU @JustinTrudeau @narendramodi @jairbolsonaro @CyrilRamaphosa @ScottMorrisonMP World Needed :   World  PARLIAMENT   Global Bank &amp; Global CURRENCY https://t.co/KkAxlvxAgt	68.25586
Wed Apr 22 06:53:57 +0000 2020	@realDonaldTrump @POTUS @KremlinRussia_E @Xijinping @EmmanuelMacron @BorisJohnson @AbeShinzo @AngelaMerkeICDU @JustinTrudeau @narendramodi   WORLD Needed :  WORLD PARLIAMENT  Global BANK &amp; Global CURRENCY   CLOSE @UN @WHO @wto @IMFLive @WorldBank https://t.co/ssUphx78I6	66.536
Wed Mar 11 14:02:40 +0000 2020	@AngelaMerkeICDU claim up to 60-70 percent of Germany could get infected with #coronavirus. Then why doesn't she shut down Germany now?. Does she realize what impact that would have on health services?	63.494183
Tue Apr 07 14:14:01 +0000 2020	@AngelaMerkeICDU Now finally — waste water being tested: polio was spread thru feces &amp; water— infected people poop!!! (studies referred to on BBC 88.5 radio in washington DC) @AngelaMerkelCDU @vonderleyen	61.949665
Fri Apr 03 23:34:49 +0000 2020	@AngelaMerkeICDU Thanks, Jesus! Subject : Never fool Jesus around! 1. It is 1 milllion cases https://t.co/r8YoUT3AYH 2. Why does remdesirvir never never never has a FDA approval? https://t.co/qVYvJZ1EfW 3. Never fool Jesus around and Trust  is God who can open river on desert! 11	59.905773
Fri Mar 27 08:43:05 +0000 2020	@AngelaMerkeICDU You don't think you're the boss of Europe. You are only the Chancellor of Germany, not the EU. I don't know what the EU is for, since it has no solidarity between the states. You only like money, not health. If you continue in that position, you will pay dearly.	58.986332
Wed Mar 25 09:08:12 +0000 2020	"@POTUS @realDonaldTrump @narendramodi @AngelaMerkeICDU @EmmanuelMacron @europeanunion initiate punitive damages  ""economic blockage"" of Chinese 🐖 ; impose ruthless effective permanent sanctions; throw yellow virus outta of ""UNSC"" &amp; dismantle ""WUHAN HEALTH ORG"" (WHO RASCALS)"	58.74851
Thu Mar 26 01:57:22 +0000 2020	@AngelaMerkeICDU Thanks. Jesus! Subject : Oxford COVID-19 Evidence Service! 1. COVID-19 trials registered up to 8 March 2020—an analysis of 382 studies , proof Chloroquine worked! https://t.co/aGymuj49np Big Have international space information (ISI) ltd.. 香港鄺祖良@! Jesus! 11	57.942772
Sat Apr 04 21:27:03 +0000 2020	@AngelaMerkeICDU Thanks, Jesus! Subject : We had very good outcomes! 1. That is 38 of 47 patients of 3 drugs treated https://t.co/wvpnru42QH Big Have international space information (ISI) ltd.. Mr.choleungKwong@! Mr.Truth and only Truth clkwong@! 香港 -- 鄺祖良@! Thanks, Jesus!11	57.76802
Sat Apr 11 06:58:42 +0000 2020	@AngelaMerkeICDU Thanks, Jesus! Subject : Hope of Seriously Coronavirus  patients! 1. Here --- Good News of Compassionate Use of Remdesivir! https://t.co/s632X2KMXy Big Have international space information (ISI) ltd.. Mr.choleungKwong@! clkwong@! 香港 -- 鄺祖良@! Thanks, Jesus!11	57.648975
Wed Mar 04 10:07:10 +0000 2020	@AngelaMerkeICDU @EmmanuelMacron @GiuseppeConteIT @Europarl_IT @ONU_es Why don't we join forces and defeat the economic crisis by legalizing #cannabis? + human rights + fight against crime + control + security + money #LegalizeIt #marijuana #thc #frredom  https://t.co/RJD8xVe5Sb	53.604755
Tue Mar 03 20:34:15 +0000 2020	@AngelaMerkeICDU MAKE SURE to Learn something EVERY day of your life - OR you've wasted a day  - ANOTHER DAY TO KEEP UP THE PRESSURE trying to AWAKEN EVERY BODY to the SHEER FACT that THE MAN-MADE Global Warming catastrophe WILL inevitably IMPACT them, and/or their loved ones too	49.377277
Wed Mar 11 02:28:11 +0000 2020	@AngelaMerkeICDU #Conte landed the #Covid19 in Italy, as per agreements with the #EU, which supports him, and now finds it difficult to redistribute it in other #EUcountries, but, as for the illegal immigrants, some #Covid19 has passed ...	48.3118
Sun Mar 22 21:33:59 +0000 2020	@AngelaMerkeICDU Wishing you well as you self-quarantine and have great respect for your leadership. We don't currently see these kinds of decisions from the leadership here in the US.	47.738117
Mon Apr 20 17:11:28 +0000 2020	@AngelaMerkeICDU  covid-19 is a lab made virus.  This planet has not seen a virus like this where 55% of people are asympomatic carriers ( like human lab rat typhoid mary ) who will infect others in future.  Asymptomatic patients can be activated by 5g https://t.co/UD8BhCUxPF	46.629456
Mon Mar 16 23:16:08 +0000 2020	@realDonaldTrump activate missile stations in poland and czech for security @AngelaMerkeICDU  @EmmanuelMacron and test missiles on boats around europe	46.28846
Tue Mar 10 19:14:00 +0000 2020	@AngelaMerkeICDU Thanks, Jesus! Subject : Stablecoin Cycle! 1. Direct Deposit. https://t.co/T6wssbaWGl 2. Employee buys USDC.  https://t.co/tfYnHFN9Tw 3. Bitpay Wallet USDC Payment! https://t.co/RQvfBeG4gg 4. Merchant redeem USDC. https://t.co/WpcWp6j6I9 香港鄺祖良@! Jesus! 11	46.145454
Tue Apr 21 21:06:51 +0000 2020	@AngelaMerkeICDU Help .save us from dictator crazy Sisi  He slaves me and trying to kill many army dony protect us  I'm facing death by the hands of didi and his followers and his criminal minister of heath	43.986523
Tue Mar 31 10:42:43 +0000 2020	"@AngelaMerkeICDU Madam, is the French economy for you a good ""business model""? Sincerely, Fabrice BOUSSEL 92290 Châtenay-Malabry France"	42.188274
Wed Mar 25 11:13:47 +0000 2020	@realDonaldTrump @KremlinRussia_E @IsraeliPM @PMOIndia @BorisJohnson @AngelaMerkeICDU @AbeShinzo @FrenchPresident How irresponsible nation China can hold responsible post of Security Council. World must get united against the dual character of China. #CoronaOutBreak #PunishChina	42.097843
Thu Apr 09 10:02:23 +0000 2020	@EU_Commission @POTUS  @realDonaldTrump  @EmmanuelMacron  @BorisJohnson  @AbeShinzo  @AngelaMerkeICDU  @ratasjuri  @MoFA_Indonesia  Ahead of UN security meeting I demand strong actions against China.	40.536026
Tue Mar 24 07:31:36 +0000 2020	@AngelaMerkeICDU Dear Mrs. Angela Merkel, tell your doctor (I have twitted yestarday) to read following link to understand the value of my scientific information. Have you been informed that you are positive for COVID-19? https://t.co/SPI1njapqS	40.235504
Sat Mar 28 16:18:56 +0000 2020	@AngelaMerkeICDU For every action there is always equal and opposite reaction. Covid19 is the action of China due to which whole world is facing this pandemic now the reaction should be snatch Veto power from China.	40.219566
Sun Mar 29 16:05:26 +0000 2020	"@AngelaMerkeICDU  Respected madam In aayurveda "" alum water"" can treat Viral sore throat problems   I believe it can help you in your fight against corona virus #covid19  Best regards  Abhinay"	39.65641
Sun Mar 15 20:38:53 +0000 2020	@POTUS @CoronaVid19 @AngelaMerkeICDU @realDonaldTrump First he tryed to buy #Greenland... second, hi refuse to use a EU corona test for the #American people... and now he want to buy #CureVac, to get a future vaccine, ONLY for America?! What a selfish fool!	38.607952
Wed Mar 11 21:32:42 +0000 2020	@AngelaMerkeICDU hanks, Jesus! Subject : IBM Summit is finding Covid-19 drug treatments! 1. https://t.co/wrD8hRSWOK 2. https://t.co/MjYnVOMsPA Big Have international space information (ISI) ltd.. Mr.choleungKwong@! Mr.Truth and only Truth clkwong@! 香港鄺祖良@! Thanks, Jesus! 11	38.01252
Thu Mar 19 13:39:43 +0000 2020	@AngelaMerkeICDU took to a television broadcast to announce the seriousness of the Covid-19 pandemic. #covid19pandemic https://t.co/SBggijBIF3	36.478233
Thu Mar 19 16:20:00 +0000 2020	@AngelaMerkeICDU  took to a television broadcast to announce the seriousness of the Covid-19 pandemic. #covid19pandemic  https://t.co/SBggijBIF3	36.478233
Mon Apr 06 20:41:02 +0000 2020	@AngelaMerkeICDU since the issue of Coronavirus, all tge countries suffered! Have u thought about why there is the Coronavirus? What are the causes? Why this happened in Wuhan? Why it spread all over tge world? Can it be prevented? Hope all the free countries can be awaked!	36.295444
Mon Mar 23 18:15:32 +0000 2020	@realDonaldTrump @UN @UNESCO  @BorisJohnson @EmmanuelMacron  @AngelaMerkeICDU @narendramodi  @netanyahu @JustinTrudeau   The entire world should take strongest action against CHINA,for damages including removing from permanent membership of security council @KremlinRussia_E  @CNN	35.28926
Tue Mar 17 01:04:09 +0000 2020	@AngelaMerkeICDU Thanks, Jesus! Subject : Positive and Trust information  COVID-19! 1. A team of Australian researchers say they’ve found a cure for the novel coronavirus and hope to have patients enrolled in a nationwide trial by the end of the month. https://t.co/jkQp4hRGL1 11	34.1841
Mon Apr 20 11:47:58 +0000 2020	@AngelaMerkeICDU Pity the @conservatives + @BorisJohnson didn't look after their people like the great German nation does. UK PM behaving like a fool so much so he ended up in Intensive care. Now with the #COVIDー19 plateaued he hasn't a clue to open or keep people interned?	34.06821
Mon Mar 02 22:00:34 +0000 2020	@AngelaMerkeICDU It seems unbelievable that Germany agrees on the refugee issue with the slaughter and dictator Erdogan and not with the alliance member country of the same union in Greece. With these practices, you will dismantle the European Union. Did he ask EU when he invaded	33.675064
Sat Mar 14 12:47:49 +0000 2020	@AngelaMerkeICDU You're playing with people's lives for the sake of you economy. What's the difference between you and the dictatorships in China and Iran? #coronavirus #merkel #angelamerkel #COVID19	33.13613
Sun Mar 29 06:49:48 +0000 2020	@AngelaMerkeICDU you will have to cope with the fact that this is WWIII and Germany, Holland and few others will be held reaponsible. For the third time in history Germany has killed Europe! Good bye and good luck!	31.8755
Sun Mar 22 23:00:18 +0000 2020	@POTUS is making @BorisJohnson look as good as @AngelaMerkeICDU . That's not easy. #COVID19	31.060757
Wed Mar 04 22:30:04 +0000 2020	"@AngelaMerkeICDU The World Worsens Everyday? Which People Are Most Responsible, to Began The Creation of An Entirely New Stability?  At Least Some of Us...""We Must Take-On Such Responsibility Right Now?""  Morality is A Total Must?"	30.629904
Tue Mar 03 10:51:21 +0000 2020	@AngelaMerkeICDU H'ble Madam'. we all kinds of ventilation /affilition /support /IT/Defence /Other services , we will close /ban from modi /bjp govt ' it's confirned from ourside , thank you	30.629383
Sat Apr 11 01:49:28 +0000 2020	@AngelaMerkeICDU Thanks, Jesus! Subject : The BCG vaccine, used against TB, “could be detrimental” in battling COVID-19 on 1000 healthcare workers clinical trials! 1. Here is the Good News of The BCG vaccine! https://t.co/pS6R0MDxhF clkwong@! 香港 --- 鄺祖良@! Thanks, Jesus! 11	30.227766
Tue Apr 21 05:41:36 +0000 2020	@AngelaMerkeICDU Do you think that confinement will change the nature of relations between companies, their bank and their accounts abroad? Sincerely, Fabrice BOUSSEL 92290 Châtenay-Malabry FRANCE	30.1107
Wed Apr 22 19:27:41 +0000 2020	@AngelaMerkeICDU Just like Europe needed the Marshall Plan, the EU now needs a similar plan from Germany &amp; the other wealthy Northern EU members.	29.595448
Sun Mar 22 18:39:06 +0000 2020	@AngelaMerkeICDU from Egypt wish you become good and well , GOD bless you  🙏🙏🙏	29.531872
Wed Mar 11 23:27:22 +0000 2020	@AngelaMerkeICDU Thanks, Jesus! Subject : World Fast supercomputer for COVID-19 drug treatment! 1. https://t.co/VelbZN2y39 2. https://t.co/wrD8hRSWOK 3. https://t.co/MjYnVOMsPA Big Have international space information (ISI) ltd.. clkwong@! 香港 --- 鄺祖良@! Thanks, Jesus! 11	29.117655
Thu Mar 12 16:49:03 +0000 2020	@AngelaMerkeICDU Mam, A salute form me, you are really different and the way you accepted about covid19 is remarkable &amp; its shows that we have good states person like you. From India.	28.85997
Mon Mar 23 10:34:09 +0000 2020	@AngelaMerkeICDU Wishing you well. 💪💪	28.46145
Mon Mar 16 20:07:09 +0000 2020	@AngelaMerkeICDU why the heck is Germany not under a lock down? Economics can and should take a back seat now. Now or never! Temporary damage to economy vs permanent damage. You choose! Auf wiedersehen!	28.183914
Thu Mar 05 10:50:05 +0000 2020	@AngelaMerkeICDU  is There any Greek border Security ?	28.107973
Mon Mar 30 08:50:51 +0000 2020	@AngelaMerkeICDU I am Hitoshi Ishii from Japan. I received a good reply from General Kim Jong Un. I want a reply from you.	28.027412
Sat Apr 11 14:14:05 +0000 2020	@AngelaMerkeICDU Trump, did you see the Chinese recovery? The town is full of people and lively. Sightseeing spots are full.China will quickly recover and overtake the United States to take over world supremacy. The United States gives China the best position in the world.	28.003769
Sun Mar 29 08:12:26 +0000 2020	@AngelaMerkeICDU The denial of economic support without economic interests, at this moment, looks very much like the notorious gas chambers of historical memory.  Hopefully everyone will remember.  Regards	27.857857
Fri Mar 27 07:38:53 +0000 2020	@AngelaMerkeICDU The way you think Europe, the way you put capitalist economy First, the way you think people relationship in Europe, all your shaming vision of Europe Is the new Nazifascism! Shame!	27.75245
Tue Mar 31 08:42:58 +0000 2020	@realDonaldTrump @BorisJohnson @AngelaMerkeICDU @EmmanuelMacron @ScottMorrisonMP don't simply have Palestinian blood on their hands; they bathe in it 24/7, 365 days per year. May your #Comeuppance come quicker than expected. Amen 🙏	27.475262
Sat Apr 11 09:55:04 +0000 2020	@angelamerkeicdu  Please advice him to think from people's perspective. Many Japanese people will be not supported by ｇgovernment financial support because he want to spend government  budget for him.  Many Japanese will be struggled their life soon!!  Help many Japanese!!!	27.421484
Wed Mar 04 09:42:18 +0000 2020	@AngelaMerkeICDU please help the Syrian refugees in the Greece. They are poor and shameless.  I know you have a good heart. ♥️ @AngelaMerkelddr @AngelaMerkelSPD @AngelaMerkelMES	26.93206
Wed Mar 04 22:41:10 +0000 2020	@AngelaMerkeICDU You Do Understand? As The World Literally Worsens Everyday, It is Therefore Now Highly Essential, That You, Macron and Other EU Leaders Immediately Began Some Type of Restructure Plan, to Transition From The Coronavirus and Other Huge Never-Before Troubles?	26.815273
Sat Mar 21 00:35:43 +0000 2020	@AngelaMerkeICDU @realDonaldTrump @EmmanuelMacron  Dear leaders of the world government,  We are looking forward to hearing from you about the outcome of the letter of the white uprising of Iranian people to your countries.  Kind regards, Agent of the white uprising https://t.co/AxgLJOk5zJ	26.396336
Sun Mar 22 04:51:06 +0000 2020	@AngelaMerkeICDU @realDonaldTrump @EmmanuelMacron  Dear leaders of the world government,  We are looking forward to hearing from you about the outcome of the letter of the white uprising of Iranian people to your countries. Kind regards, Agent of the white uprising https://t.co/61Cjd1ELSg	26.396336
Sun Mar 22 04:52:00 +0000 2020	@AngelaMerkeICDU @realDonaldTrump @EmmanuelMacron  Dear leaders of the world government,  We are looking forward to hearing from you about the outcome of the letter of the white uprising of Iranian people to your countries. Kind regards, Agent of the white uprising  #yamohammada https://t.co/tXpwJBSIcR	26.034454
Sat Apr 18 16:07:45 +0000 2020	"@AngelaMerkeICDU Dear Mrs. Angela Merkel Many people all over the world did ask themselves: ""Why Doesn't God Save Us?"" What if World Leaders Execute The Same Strategy Against The COVID-19 Pandemic and Skip My following affirmation: https://t.co/8UyGOFaVlA Khuong Dat Long https://t.co/RgQjZYKJqo"	25.716629
Tue Mar 17 18:07:24 +0000 2020	@EU_Commission @EmmanuelMacron @AngelaMerkeICDU @VDombrovskis @@lemondefr @Le_Figaro When it comes to saving German banks and financing the Mes, let arrive migrants in Italy all is normal ... when Italy needs in emergency masks... the borders are closed	25.085476
Sun Feb 23 21:33:09 +0000 2020	@AngelaMerkeICDU Thanks, Jesus! Subject : Today China COVID-19! 1. https://t.co/Ib7jH1Xr8z 2. https://t.co/DsA0s8gcQo 5. China's mask production capacity will be expanded from 20 million / day to 180 million / day by the end of February, a year-on-year increase of 800%! Jesus! 11	24.795704
Thu Mar 05 07:48:07 +0000 2020	@eucopresident @antonioguterres @AngelaMerkeICDU @MinPres @HeikoMaas @guyverhofstadt @EmmanuelMacron @JLMelenchon AGAIN A MASSACRE! TAKE OUT CREATORS OF TERROR (RU/SYR. REGIME)&amp;FORCED DISPL.MENT! DELIBERATELY TARGETTING CIVILIANS=GENOCIDE!  SUPPORT TURKEY 2SAFE HUMANITY&amp;EU VALUES	24.544449
Wed Apr 01 09:41:06 +0000 2020	@realDonaldTrump @CNN @guardian @BarackObama @EmmanuelMacron @GiuseppeConteIT @AngelaMerkeICDU @nytimes @NYGovCuomo @FoxNews @foxnewspolitics @ABC Virus... climate..? FAKE NEWS! https://t.co/iHnaVvAKEr	24.274767
Wed Mar 11 16:06:38 +0000 2020	@AngelaMerkeICDU is really late to the party or is just using shock therapy before implementing stronger measures. I hope it is the latest as good mathematician know that #COVID19 can't be leaved running in the wild.	23.620892
Mon Mar 16 02:03:00 +0000 2020	@AngelaMerkeICDU Dear madam Merkel My dauther and her husband live in Rhyne,Germany.They both go to work on week days and could not buy any sanitizer or other hygenic products.Would you please do some thing to help people who do not have access to such products.I am so worried for them Thank you	23.358042
Thu Mar 26 07:45:56 +0000 2020	@AngelaMerkeICDU Due 2 Corona Virus-What Should The World Do With CHINA-? Remove Fm UN seat-? Ban China &amp; his Export for World-? Pr-Planned-Wuhan infected-Not Entire China No Democracy in China, Hides virus info. &amp; Kills the Dr's who wants 2 tell This is the time to take action	23.232332
Sun Mar 15 13:41:05 +0000 2020	@AngelaMerkeICDU please stay strong. We need this vaccine in the hands of government, not neo liberal pharmaceutic compagnies out of #USA @realDonaldTrump is a hawk. This is insane. https://t.co/ag7Ntw7iID Trump administration is trying to get exclusive rights. This is criminal.	23.109356
Sat Mar 28 02:20:13 +0000 2020	@AngelaMerkeICDU Thanks, Jesus! Subject : Lianhuaqingwen is effective and cheapest drug for COVID-19 ! only costUS$2.00. 1. China's Online Shopping (Chinese) and can be shipping to Shenzhen , can send to Hong Kong for International buying! https://t.co/1auu1b8GPP Thanks, Jesus!11	22.774712
Fri Apr 10 02:19:17 +0000 2020	@AngelaMerkeICDU Thanks, Jesus! Subject : The USA is leading the world in terms of death counts (16,691) among 468,566 infections! 1. Clinical trials are small number and unclear! 2. Waiting for next 16,691 death, aren't you? 3. Anyway, Just Done it for COVID-19! Thanks, Jesus!11	22.745495
Wed Mar 25 17:28:14 +0000 2020	"@AngelaMerkeICDU H'ble Madam' one behalf of ""CoronaVirus "" behind , we need to ground reality , it could be ""international Biological Terror Attack "" we could identify , we could safe crores of people's in our nation, thank you"	22.741346
Thu Mar 26 14:34:17 +0000 2020	@realDonaldTrump @narendramodi @KremlinRussia_E @BorisJohnson @EmmanuelMacron @AngelaMerkeICDU @AbeShinzo @UN @GiuseppeConteIT @ReutersChina  World must b united against the terrorist CHINA and take hard action  for using biological weapon UN must think - out china from UN	22.6093
Wed Mar 25 17:45:17 +0000 2020	@realDonaldTrump @narendramodi @KremlinRussia_E @BorisJohnson @EmmanuelMacron @AngelaMerkeICDU @AbeShinzo @UN @GiuseppeConteIT @ReutersChina  World must b united against the terrorist CHINA and take hard action  for using biological weapon UN must think - out china from UN	22.6093
Mon Mar 30 22:21:08 +0000 2020	@AngelaMerkeICDU Thanks, Jesus! Subject : COVID-19 Effective Drug --- Real Story! 1. Hydroxychloroquine! https://t.co/xerq4RHNbM Big Have international space information (ISI) ltd.. Mr.choleungKwong@! Mr.Truth and only Truth clkwong@! 香港 --- 鄺祖良@! Thanks, Jesus! 11	22.53812
Sun Feb 23 01:21:56 +0000 2020	@AngelaMerkeICDU Thanks, Jesus! Subject : ‘Pakistan has effective drug for COVID-19’ 1. That is! https://t.co/l8kfTfA3cx Big Have international space information (ISI) ltd.. Mr.choleungKwong@! Mr.Truth and only Truth clkwong@! 香港 — 鄺祖良@! Thanks, Jesus! 11	21.847069
Tue Mar 17 14:41:57 +0000 2020	@AngelaMerkeICDU Thanks, Jesus! Subject : French researcher posts successful Covid-19 drug trial! 1. https://t.co/xWO366Piqy 2. https://t.co/wC55nCzCsU Big Have international space information (ISI) ltd.. Mr.Truth and only Truth clkwong@! 香港 --- 鄺祖良@! Thanks, Jesus! 11	21.722218
Wed Mar 11 02:12:08 +0000 2020	@AngelaMerkeICDU Thanks, Jesus! Subject : Chloroquine phosphate works for COViD-19! 1. Chloroquine phoshpate trails was reported by Academician Zhong Nanshan! https://t.co/2DIc8YsSAg Big Have international space information (ISI) ltd.. Mr.clkwong@! 香港 鄺祖良@! Thanks, Jesus! 11	21.692389
Sun Mar 22 23:14:15 +0000 2020	@AngelaMerkeICDU Thanks, Jesus! Subject : USA COVID-19 Clinical Trials! 1. That is! https://t.co/BW38ewjwxM Big Have international space information (IsI) ltd.. Mr.choleungKwong@! Mr,Truth and only Trth clkwong@! 香港 --- 鄺祖良@! Thanks, Jesus! 11	21.509218
Mon Mar 16 21:19:56 +0000 2020	@AngelaMerkeICDU Thanks, Jesus! Subject : Australian researchers claim two existing drugs could 'cure' COVID-19 after patients they tested responded 'very well' to treatment! https://t.co/jvv30iwGDn Big Have international space information (ISI) ltd.. clkwong@! 香港 鄺祖良@! 11	21.368124
Fri Mar 20 23:42:10 +0000 2020	@AngelaMerkeICDU @BMG_Bund Is there something Germany is using in its management of Corona cases that despite having same cases as US   fatality rate is remarkably low?  Can you share something with rest of the world? @WHO @ICMRDELHI @CDCgov https://t.co/1gMwA8jVK6	21.353788
Mon Mar 16 23:15:46 +0000 2020	@AngelaMerkeICDU Thanks, Jesus! Subject : University of Queensland Centre for Clinical Research 2 COVID-19 cure drugs! 1. That is! https://t.co/8m5XMl39jT Big Have international space information (ISI) ltd.. Mr,choleungKwong@! Mr.clkwong@! 香港 --- 鄺祖良@! Thanks, Jesus! 11	21.202978
Thu Mar 19 08:42:26 +0000 2020	@AngelaMerkeICDU Thanks, Jesus! Subject : The Official TCM Formula That’s Successfully Treating COVID-19 Patients In China! 1. Qing Fei Pai Du Tang Formula Composition! https://t.co/sXmlIUpPUZ Big Have international space information (ISI) ltd.. Mr.clkwong@! 香港鄺祖良@! Jesus!11	21.074898
Thu Mar 12 20:19:36 +0000 2020	@AngelaMerkeICDU Thanks, Jesus! Subject : Saving lives from COVID-19 severe! 1. That is! https://t.co/ssXA3S08fm Big Have international space informaiton (ISI) ltd.. Mr.choleungKwong@! Mr.Truth and only Truth clkwong@! 香港 --- 鄺祖良@! Thanks, Jesus! 11	21.031519
Tue Mar 03 10:29:25 +0000 2020	@eucopresident @guyverhofstadt @JLMelenchon @EmmanuelMacron @MinPres @tsipras_eu @FranckenTheo @AngelaMerkeICDU Hello Europe !!?  Show your values,show what humanity REALLY is and for all show REAL&amp;STRONG Leadership! Where Are You Europe ? Where Ist DU, EUROPA? C´est Où L´EUROPE?	20.337248
Fri Apr 03 04:33:29 +0000 2020	@AngelaMerkeICDU  internet in Germany is extremely overpriced and many people can’t even get it. How do you plan for those children to complete school?	19.95856
Wed Mar 25 13:10:36 +0000 2020	@narendramodi @POTUS @KremlinRussia_E @AngelaMerkeICDU @GermanyDiplo @JPN_PMO @GiuseppeConteIT @HassanRouhani  Can you help me out by signing this petition? We need to ban China from eating animals #COVID2019 #pandemia #CoronavirusLockdown  https://t.co/qJ93xLumTb	19.914677
Fri Apr 03 17:00:09 +0000 2020	@POTUS @alain_berset @AngelaMerkeICDU @BorisJohnson @EmmanuelMacron @narendramodi @andersen_inger @DicarloRosemary  How Korean mobile apps are making COVID-19 resources more accessible https://t.co/dhQcg9NSCy	19.812433
Wed Mar 25 13:25:01 +0000 2020	@narendramodi @POTUS @KremlinRussia_E @AngelaMerkeICDU @GermanyDiplo @JPN_PMO @GiuseppeConteIT @HassanRouhani @WHO  Can you help me out by signing this petition? We need to ban China from eating animals #COVID2019 #pandemia #CoronavirusLockdown https://t.co/geX7TSFuEP	19.681679
Thu Mar 05 08:58:09 +0000 2020	"@eucopresident @guyverhofstadt @FranckenTheo @antonioguterres @AngelaMerkeICDU @EmmanuelMacron @JLMelenchon @HeikoMaas @BelgaNewsAgency  ""HOW LOW"" CAN YOU GO ??? TO ATTACK CIVILIANS WITH A DOUBLE TAP (AIR)STRIKE/BOMBARDEMENT ??? HELLO WORLD!!! STOP RUSSIA/SYR. REGIME !!!"	19.492846
Wed Mar 11 18:52:07 +0000 2020	@AngelaMerkeICDU @ONU_es  If a pandemic was declared, who is in charge, the UN seeks to find that country genetically altered that virus and the leaders of this country to be tried for crimes against humanity. Let's see if they are so brave to be in those positions.	19.306929
Wed Mar 04 09:59:04 +0000 2020	@AngelaMerkeICDU March 4, 2020. Refugees under fire with heavy artilary and military assault weapons from European side. 5 refugees dead in less an hour.   To all humankind around this planet: URGENT HELP NEEDED	18.81904
Wed Mar 04 09:57:29 +0000 2020	@AngelaMerkeICDU March 4, 2020. Refugees under fire with heavy artilary and military assault weapons from European side. 5 refugees dead in less an hour.   To all humankind around this planet: URGENT HELP NEEDED	18.81904
Wed Mar 04 10:13:42 +0000 2020	@AngelaMerkeICDU March 4, 2020. Refugees under fire with heavy artilary and military assault weapons from European side. 5 refugees dead in less an hour.   To all humankind around this planet: URGENT HELP NEEDED	18.81904
Wed Mar 04 10:20:32 +0000 2020	@AngelaMerkeICDU March 4, 2020. Refugees under fire with heavy artilary and military assault weapons from European side. 5 refugees dead in less an hour.   To all humankind around this planet: URGENT HELP NEEDED	18.81904
Thu Mar 26 07:33:22 +0000 2020	@AngelaMerkeICDU You can't put MONEY in front of the dead .... GOD HAVE mercy on you. At this moment the banks must finance the states without passing in front of the markets the ECB must do like the FED the CHINESE bank the JAPANESE bank cannot be used ESM is criminal	18.683773
Tue Apr 07 11:16:30 +0000 2020	@EU_Commission @POTUS @realDonaldTrump @EmmanuelMacron @BorisJohnson @AbeShinzo @AngelaMerkeICDU @ratasjuri @MoFA_Indonesia  As a common man of this planet I argue all to take strict actions china. I &amp; like me people are suffering more due to this bio weapon.#ChineseBioterrorism	18.262459
Fri Apr 17 19:30:21 +0000 2020	@realDonaldTrump  @EmmanuelMacron  @BorisJohnson_MP  @eucopresident  @PMOIndia  @AngelaMerkeICDU A warning Sign for democracies The WHO’s collusion with china despite d behavior should be an immediate warning sign to democracies around d world. #ChinaLiedPeopleDied  #ChineseVirus	18.058516
Thu Mar 26 10:31:45 +0000 2020	Poor Protocol for Covid-19, This is now #LopezLiesToTheWorld #g20 #COVID19mx #COVIDー19mx @AngelaMerkeICDU  @alferdez  @JustinTrudeau @XiJingpingReal @TheBlueHouseENG @realDonaldTrump @EmmanuelMacron @narendramodi @jokowi @CasaReal @g20org @ONU_es @FMInoticias @opsoms https://t.co/v9S5joPM0M	17.952826
Sun Apr 12 01:11:23 +0000 2020	@AngelaMerkeICDU #Massiveparallelinfection   SCARY MOMENTS FOR GERMAN BANKS  27/7/2011 – Greece's credit rating is downgraded by Standard&amp;Poor's from CCC to CC. 8/8/2011 – The Athens Stock Exchange general index falls below 1000 points, its lowest level since January 1997 https://t.co/H09oNUSpDs.	17.774456
Thu Mar 19 19:24:43 +0000 2020	@AngelaMerkeICDU   The people of Egypt require international intervention to protect them from the police state's repression in Egypt https://t.co/BpeWcpSJ9Y	17.720278
Mon Apr 20 06:25:54 +0000 2020	@realDonaldTrump @AbeShinzo @BorisJohnson @sanchezcastejon @Mattarella1 @AngelaMerkeICDU @EmmanuelMacron.History says every100 years pandemic comes, we fail to control. Pl fallow my mazic farmula to safe yr countrymen. Still you wish to buy anything from china.cheat yr country.	17.591793
Thu Mar 12 10:43:08 +0000 2020	@AngelaMerkeICDU To label the fact that some in the EU refuse to pay more into the EU as childish, is nog only just plain evil, but also demonic... How much more taxes do the little man have to pay? You are one evil woman....	17.227915
Fri Mar 13 02:08:01 +0000 2020	"@AngelaMerkeICDU H'ble Madam' as we hope &amp;praying to Lord Jesus ' one Corona affect ""(natural disasters), we will control , we hope to our WHO management team /Doctors , we will control shortly , yours well wisher"	16.993898
Tue Mar 17 00:44:59 +0000 2020	@AngelaMerkeICDU We DGAF about your lust for 3rd world disease spreaders. You have destroyed #Europe with your policies of demographic invasion. You have caused the rape of an entire continent by savages. https://t.co/wVod67bAlk	16.389914
Thu Mar 05 19:13:28 +0000 2020	@AngelaMerkeICDU Thanks, Jesus! Subject : It is US$20 trillion! 0. Dow Jones was 6,500 point at 2009! https://t.co/xoKv1Td1qu 1. https://t.co/02CuAT51uj 2. Now Dow Jones is 26,000 point! 3. It is US$20 trillion, isn't? Big Have international space information (ISI) ltd.. Jesus!11	16.287668
Tue Apr 21 07:43:30 +0000 2020	@realDonaldTrump @BorisJohnson @sanchezcastejon @Mattarella1 @AngelaMerkeICDU. I have request with all of you. Just try to get vaccine against Corona virus from weasel animal, just because weasel has great protection power, pl talk  yr sciencetis to get vaccine from this animal.	15.812311
Tue Apr 21 10:42:23 +0000 2020	@AngelaMerkeICDU with respect to this English translation of your heart felt speech. https://t.co/wSi25cswkt Bravo. Yes.   The actual leader of the free world at the moment.  The other candidates abdicated their responsibilities and did not lead nor inspire.	15.803976
Mon Mar 16 09:59:23 +0000 2020	@AngelaMerkeICDU You aren't involved by COVID-19. Thus the pharyngeal swab is useless. Her thymus works well thanks to Reconstructing Mitochondrial Quantum Therapy. Contact me avoiding to make the poorly sensitive pharyngeal swab for COVID.	15.750543
Mon Mar 16 12:04:17 +0000 2020	@AngelaMerkeICDU @AngelaMerkelSPD  And the ENTIRE WORLD CAN SEE HOW DISGUSTING THE TRUMP FAMILY IS! @IvankaTrump and Family Responsible for REFUSING WHO COVID19 TESTS FOR AMERICANS WHO ARE SICK and DYING!BECAUSE of TRUMP GREED! Kushner Owned “Oscar” test for USA?#LockThemAllUp!🇺🇸	15.739896
Sun Mar 15 09:35:50 +0000 2020	@AngelaMerkeICDU Look what we can do the save our skins &amp; Economies from Covid19. Shut down whole countries businesses shops, restaurants theatres &amp; everyone stays home. Now let's wait to see what we do to save the planet, it's ecology, melting Poles &amp; all animal species in time?	15.696207
Wed Mar 04 23:50:38 +0000 2020	@AngelaMerkeICDU Thanks, Jesus! Subject : Stem Cell for COVID-19! 1. The stem cell! https://t.co/JRtYsdswld 2. The Web site is Chinese! https://t.co/PTyH0C2GZl Big Have international sMr.choleungKwong@! Mr.Truth and only Truth clkwong@! 香港 --- 鄺祖良@! Thanks, Jesus! 11	15.621211
Sun Mar 29 13:32:38 +0000 2020	@AngelaMerkeICDU  I refuse you and your friends ideas. As everyone have become witness, that it ends up with nothing but catastrophe and tragedy. Your logic and mind doesn't work.	15.601368
Fri Mar 20 15:43:14 +0000 2020	@AngelaMerkeICDU @DeutscheBankAG  What a German Bank, no ethics in work and no revert even after informed to #ChristianSewing #WernerSteinmüller #Stuartlewis #FrankKuhnke Officials at @DeutscheBank India are CHEATING with customer n have evidence of their Unethical behavior	15.554187
Thu Mar 12 01:03:33 +0000 2020	@AngelaMerkeICDU  Say #Namaste 🙏 to #coronavirus, Don’t #Shakehand.  A challenge to create awareness  https://t.co/Ap873hecy6 https://t.co/wqxudi1XmT	15.472876
Thu Apr 09 19:08:01 +0000 2020	@AngelaMerkeICDU MEDE = TROIKA = POOR = DISASTER = INSOLIDARITY. Portugal-Spain-Italy are the TRENCH-WALL against the virus JUST NOW. Without our confinement and stopping ALL ECONOMY policy: can you allow the deaths instead of doing that brave act? People confined for weeks.	15.297535
Fri Mar 13 19:30:09 +0000 2020	@AngelaMerkeICDU Do you understand why we need #freedomcatalonia ? We are in #españistan. This is Benidorn crowded of Madrid citizens today. #soscatalonia	15.205905
Wed Mar 11 03:59:30 +0000 2020	@AngelaMerkeICDU Thanks, Jesus! Subject : The Wonderful Job of Tiahe2 SuperComputer! 1. It works excellent! https://t.co/qlHoyxTvhk 2. The Website is Chinese! https://t.co/bp4lnEf0hc Big Have international space information (ISI) ltd.. Mr.clkwong@!  香港鄺祖良@! Thanks, Jesus! 11	15.025358
Sat Mar 28 04:08:39 +0000 2020	@AngelaMerkeICDU  #COVID19 All countries should come together and impose the sanctions on China. Because they've not right to push the world towards a pandemic. The Chinese authority could control on WET MARKET but they didn't. neither informed us in early stage. #ImposeSANCTIONS	14.810494
Fri Mar 27 10:04:50 +0000 2020	@realDonaldTrump @WHO @Nato @UN @AngelaMerkeICDU @EmmanuelMacron @Europarl_EN @vonderleyen @jensstoltenberg   this lunatic says thee WHO is the enemy. You better prepare for some idiot actions in future.	14.7985935
Thu Mar 05 18:03:27 +0000 2020	@AngelaMerkeICDU All the politicians of the world should grasp from PM Modi the secret of how to become a lovable&amp;successful leader&amp; politician,he is selfless man, - no interest in money,women&amp; position to enjoy the wordly pleasures but only to serve.	14.5215435
Thu Mar 05 08:56:55 +0000 2020	"@eucopresident @FranckenTheo @antonioguterres @AngelaMerkeICDU @EmmanuelMacron @JLMelenchon @HeikoMaas @BelgaNewsAgency  Where is Europe &amp; ""United"" Nations to condemn these daily atrocities against CIVILIANS??? STOP THE PERPETRATORS &amp; SHOW HUMANITY FOR REFUGEES!!!"	14.496293
Sat Mar 21 21:20:41 +0000 2020	@AngelaMerkeICDU Hello you have a militar named Jan Stuttgard That needs help because he can´t buy nothing online, is this how you treat those who serves your country?	14.487923
Sat Feb 22 20:03:11 +0000 2020	@AngelaMerkeICDU Thanks, Jesus! Subject : COVID-2019 Dawn:Sichuan's first batch of 90,000 chloroquine phosphate drugs donated to Hubei! 1. https://t.co/onexZJPPnw 2. The Website Chinese! https://t.co/fCfY6lllXn Big Have international space information (ISI) ltd.. Thanks, Jesus!11	14.371511
Thu Mar 05 08:56:05 +0000 2020	"@eucopresident @guyverhofstadt @FranckenTheo @antonioguterres @AngelaMerkeICDU @EmmanuelMacron @JLMelenchon @HeikoMaas @BelgaNewsAgency  Where is Europe &amp; ""United"" Nations to condemn these daily atrocities against CIVILIANS??? STOP THE PERPETRATORS &amp; SHOW HUMANITY FOR REFUGEES!!!"	14.322624
Mon Mar 23 01:08:39 +0000 2020	@AngelaMerkeICDU  Hope you feel better soon ! #Iraqi_ppl_wishes_for_merkel	14.288976
Thu Mar 19 04:49:49 +0000 2020	@AngelaMerkeICDU please help me understand why Germany has  over 12,000 confirmed cases of Covid 19 and reporting 28 fatalities. If there is something that keeps people alive we would appreciate you sharing with our @CDCgov and @USATODAY	14.237032
Tue Mar 17 07:04:45 +0000 2020	@AngelaMerkeICDU  I am Ishii. The remedy for the novel coronavirus that I invented can be a vaccine. With the vaccine, everyone can live with peace of mind and go out. The economy is back. My remedy can also be a disinfectant. Let's disinfect everyone.	14.189547
Sun Mar 15 10:08:49 +0000 2020	@realDonaldTrump @BorisJohnson @narendramodi @EmmanuelMacron @AngelaMerkeICDU Get every research lab n pharma work 24by7 on a cure for Covid19 real fast before it goes totally out of control	13.822691
Sat Mar 14 04:31:01 +0000 2020	@AngelaMerkeICDU H'ble Madam' as we find &amp;noted .. Modi /bjp govt just against to minority/rural /Muslim people's,  across the country , So we decided , all kinds of Ventilation /afflitions /support from Modi ^bjp govt' we will remove , it's confirned from ourside , thank you	13.701672
Fri Mar 27 08:19:17 +0000 2020	"@AngelaMerkeICDU The cost of hesitation may be irreversible"""	13.608603
Wed Apr 08 09:33:16 +0000 2020	@AngelaMerkeICDU #showdown #gameover now Merkel you're on the ropes. if you don't approve the Italian proposal, you will be in fact branded forever as the politician who for purely nationalist and egoist he brought Europe down! now the move is up to you!👀	13.399952
Sun Mar 22 20:17:30 +0000 2020	@AngelaMerkeICDU Dear Angela Merkel, I wish you well during quaratine, you are the most important politician , world will needyou after this pandemic.	13.272294
Thu Mar 26 23:29:22 +0000 2020	@AngelaMerkeICDU YOU ARE THE BIGGEST NAZI OF ALL TIMES! Go with your friend Orban. You are very well together! You should be in jail for what you did to Greece! Italy out from Euro and EU IMMEDIATELY!	13.236797
Sat Feb 22 06:35:01 +0000 2020	@AngelaMerkeICDU H'ble Madam,  we all kinds of ventilations /afflitions, we will remove from Modi /bjp govt,  all kinds of affliations like IT/software /defence /Other services ' we will remove from modi/bjp govt ' it have confirmed from ourside , thank you	13.218849
Wed Mar 25 08:56:34 +0000 2020	@AngelaMerkeICDU  I developed effective lung infections treatment. It should be effective for Covid-19 &amp; will end it fast.  Pills &amp; vaccines are a needle in a haystack. There is no BETTER SYSTEM now. You can see results in as little as 3-5 days. No risk. https://t.co/3NMwCN573v https://t.co/hSzz2Fay2b	13.193081
Thu Mar 05 14:26:23 +0000 2020	@AngelaMerkeICDU Greece is in need, a problem you Compiled upon when you flung open the doors of Europe to thousands unchecked migrants ! Where are you now, your monumental mistakes destroyed Europe now stand up and help the Greeks ! #coward	13.133022
Sat Mar 21 11:53:30 +0000 2020	@realDonaldTrump @jairbolsonaro @EmmanuelMacron @BorisJohnson @AngelaMerkeICDU @GiuseppeConteIT @JustinTrudeau The world community has to take action against the Chinese Communist Party. They lied before and they are still lying, hence, endangering the lives of millions worldwide https://t.co/rTkRC637Jh	12.714114
Fri Apr 03 20:47:04 +0000 2020	@AngelaMerkeICDU @realDonaldTrump @EmmanuelMacron @GiuseppeConteI @BorisJohnson  and other leaders,we are in crisis,after we all hopefully come out of this alive,will the world and international organisations stand United against this crime against humanity?	12.645749
Thu Mar 19 17:28:44 +0000 2020	@AngelaMerkeICDU You Do Believe, That I've Done The Best I Can For America?  However...You Also Believe, There is No Longer Any Chance For Me Here in America? Too Many People Are Obviously Against Me?  And Therefore I Have A Real Legitimate Need For IMMEDIATE EU Citizenship?	12.538961
Sat Apr 11 13:46:00 +0000 2020	@AngelaMerkeICDU Mr Trump, four of my patents will be published within six months. My patent is a technology that attracts worldwide attention. I will be a celebrity after 6 months. You can't block me forever. Use my corona medicine. I will soon be a celebrity anyway.	12.515288
Sat Apr 11 05:28:52 +0000 2020	@realDonaldTrump @narendramodi @KremlinRussia_E @ScottMorrisonMP @AngelaMerkeICDU @BorisJohnson  After chinese virus destroyed the world except china now the time to punish the china, need to kick out the Chinese from every country, stop import from China as it never trustable.	12.348192
Sat Mar 21 02:47:25 +0000 2020	@AngelaMerkeICDU Thanks, Jesus! Subject : Trust is exhchanged by LIFE : chloroquine and hydroxychloroquine!  1. Reported by China's anti-virus drug testing experiment what had proved  both drugs  were effective and trusted treatment for COVID-19! https://t.co/tKoBQILQlG  Jesus!11	12.072808
Sun Mar 29 13:36:24 +0000 2020	@AngelaMerkeICDU  You or your friends can not dictate me! I think I prooved this point, during these months.  I am laughing at your unsuccessful plans, nd stupidity. And I think I have right to do so.  No one needs Your  stupid minds, tragic ideas, and useless mouths	11.77039
Mon Apr 20 11:31:59 +0000 2020	@AngelaMerkeICDU @realDonaldTrump @UN  #Germany sends Invoice of $130 billion to #Beijing against damages due to #CoronaVirus #pandemic. First Nation to do so. Others to follow  #ChinaVirus #COVID2019 #WuhanVirus #ChinaMustPay #BoycottChina #IsolateChina  https://t.co/WFtQ6IGN6x	11.728891
Tue Mar 31 11:12:06 +0000 2020	@AngelaMerkeICDU I am a homoeopathic doctor from Kolkata,India .As a doctor I am not allowed to treat Covid19 patient here, I am ready to help Germany in this crisis.If myself can help mankind during this crisis, kindly let us know! @PMOIndia @MoHFW_INDIA @narendramodi	11.701524
Tue Mar 31 11:24:59 +0000 2020	@AngelaMerkeICDU I am a homeopathic doctor from Kolkata, India. As a doctor I am not allowed to treat Covid19 patient here, I am ready to help Germany.If myself can help mankind during this crisis, kindly let me know! @PMOIndia @MoHFW_INDIA @narendramodi	11.701524
Tue Mar 03 22:41:14 +0000 2020	@narendramodi @DarthPutinKGB @realDonaldTrump @AngelaMerkeICDU @BorisJohnson @ImranKhanPTI hi Hello sir &amp; madam world needs you all now stop fighting &amp; not to play pollitics games with each other this deadly Novel coronavirus is slipping from worlds hands we all should do world	11.427483
Fri Apr 17 09:50:34 +0000 2020	@AngelaMerkeICDU your DB trains are not allowing full refund for travel in May were as all other europian train company are giving full refund like thyals TGV ect due to corona virus you are requested to direct them to be magnanimous in extraordinary circumstances #AngelaMerkel	11.067043
Wed Apr 01 04:39:35 +0000 2020	@AngelaMerkeICDU Thanks, Jesus! Subject : Hydroxychloroquine therapy was reducing that recovery time. 1. https://t.co/dRWit6IwFX 2. Marcus Zervos https://t.co/v4aOY85R2g 3. The FDA had not approved the drug to treat COVID-19 as of March 31, but doctors could still prescribe it.11	10.946736
Sun Mar 15 12:41:52 +0000 2020	"@AngelaMerkeICDU OK with you?  ""Trump has sought exclusive rights to a vaccine for the coronavirus which is being developed by a German-based company, CureVac"" and ""offered large sums of money"".  https://t.co/QCS4PGPU04"	10.73139
Wed Apr 08 07:08:39 +0000 2020	@AngelaMerkeICDU IT IS RIDICULOUS, A COUNTRY (USA), JUDGING ITSELF BETTER AND SUPERIOR TO THE OTHER MEMBERS OF AN INTERNATIONAL ORGANIZATION (OMS, ONU, OTAN, ETC.), WANTING TO CONTROL THEM, FINANCIALLY, AS IF THEY WERE A ANONYMOUS SOCIETY , AND DICTATE ORDERS AND THREATS.	10.683073
Sun Mar 22 18:28:41 +0000 2020	@AngelaMerkeICDU MY RESPECTED LADY ANGELA MERKEL GOES INTO SELF -qUARANTINE   I FEEL SAD FOR HER SHE IS THE MOST RESPECTED WOMAN IN THE WORLD  MAY GOD BE WITH HER GERMANY CHANCELLOR https://t.co/zoUWkgzGRw	10.624941
Sun Mar 22 21:41:57 +0000 2020	"@AngelaMerkeICDU  Had a battle w/ #influenza  #ImmunoTherapy #Immunology 1) Listerine every 4 to 8 hrs 2) Vitamin L-lysine every 4 hrs 2a) Vitamin ""Ester-C""  3) Pedialyte 4) Benadryl as need 5) Chicken noodle, rice, vegetables soup 6) Apple Juice Pinch of #SeaSaltWaterLeamondSoda"	10.590755
Wed Mar 04 18:21:57 +0000 2020	@AngelaMerkeICDU The Greek prime minister must be prosecuted for genocide against humanity for crimes he is commiting at Turkey-Greece border. The Greek army is killing bare-hand refugees using gunfire. Few died since this morning and may are injured. #SOS_TURKEY_GREEK_BORDER	10.546303
Wed Mar 04 12:11:09 +0000 2020	@AngelaMerkeICDU  The Greek prime minister must be prosecuted for genocide against humanity for crimes he is commiting at Turkey-Greece border. The Greek army is killing bare-hand refugees using gunfire. Few died since this morning and may are injured. #SOS_TURKEY_GREEK_BORDER	10.546303
Mon Mar 16 12:44:42 +0000 2020	@EmmanuelMacron @AngelaMerkeICDU  @10DowningStreet @netanyahu @narendramodi  @UNODC @UNHumanRights @KremlinRussia_E Shouldn't China be punishd for recklessly probably intentionally attacking all 🌎 with this deadly virus!? How it CAN'T BE a CONSPIRACY? A Chemical attack on world?	10.445896
Tue Mar 03 02:54:34 +0000 2020	@AngelaMerkeICDU Thanks, Jesus! Subject : Time is Money for SOS!  https://t.co/PNtkT2L8Zg These are 3125 DEATHS! How many deaths for Waiting until May??? 2. https://t.co/OntunYt67q 3. https://t.co/xPYIN2BM3R Big Have international space information (ISI) ltd.. Thanks, Jesus! 11	10.411537
Mon Mar 23 10:14:03 +0000 2020	@AngelaMerkeICDU we , the free Syrians , wish you from our hearts quick and complete recovery . May God protect you , our dear Lady .... we all love you .	10.178313
Tue Mar 17 20:13:33 +0000 2020	@AngelaMerkeICDU Hello, I need your help. https://t.co/ng0nRlvoCg	10.170069
Fri Mar 27 12:43:58 +0000 2020	@AngelaMerkeICDU Bad people see themselves in need.  Best wishes.	10.170069
Tue Mar 17 11:34:34 +0000 2020	@realDonaldTrump @POTUS @KremlinRussia_E @Xijinping @EmmanuelMacron @BorisJohnson @AbeShinzo  @AngelaMerkeICDU @g20org FIRST,  CLOSE ALL @NYSE  CURRENCY &amp; COMMODITIES &amp; CAPITAL MARKETS for 15 DAYS in ALL @g20org Nations and in ALL 193 Nations https://t.co/Kg75lVF79l	9.9373455
Tue Apr 07 19:33:22 +0000 2020	"@AngelaMerkeICDU    ""China should be Isolated from whole world for spreading deadly Corona Virus in the whole world"""	9.886072
Sun Mar 15 01:59:49 +0000 2020	@AngelaMerkeICDU Thanks, Jesus! Subject :  Money can come back , but LIFE never come back! 1.  The two effective  and trusted drugs  a. ARALEN CHLOROQUINE PHOSPHATE https://t.co/xPYIN2BM3R b. ACTEMRA, https://t.co/1b8ewxvJEY 2. Test on these drugs or not , never mind!  Jesus! 11	9.614068
Thu Apr 09 23:41:30 +0000 2020	@AngelaMerkeICDU Thanks, Jesus! Subject : Green Light for Hydroxychloroquine! 1. It is 100,000 death of Coronavirus! https://t.co/1Ow8ba5bZv 2. Anyway, giving seriously ill patients a Great CHANCE! The Website is Chinese, translating immediately! https://t.co/GXYFnvd5ge Jesus! 11	9.52649
Sat Mar 21 06:19:38 +0000 2020	@realDonaldTrump @POTUS @BorisJohnson @EmmanuelMacron  @AngelaMerkeICDU PLEASE READ AND SHARE IMPORTANT! How to hook up multiple people with 1 ventilator link- https://t.co/8i7YpIKnqZ #SaveLives #Covid_19 #Boris #NHS #nhsworkers #HumanityFirst #UKGoverment #WHO	9.519151
Wed Mar 11 18:48:45 +0000 2020	"@AngelaMerkeICDU H'ble Madam,  One behalf of ""Corona virus affect "" As soon as we will control' It's confirmed from our side,  Well wisher"	9.396655
Fri Mar 20 07:25:25 +0000 2020	@AngelaMerkeICDU « It is serious. Do take this seriously. Not since the Day of German Reunification, no, not since the second World War, has our country seen a challenge that so severely depends on all of us acting together in solidarity » 👍 #coronavirus #Covid_19 https://t.co/MBCggiZJqp	9.326971
Sat Apr 04 17:22:18 +0000 2020	@AngelaMerkeICDU if you need a truck driver in germany, invite me dear angela.	9.117048
Tue Apr 07 21:38:48 +0000 2020	@AngelaMerkeICDU Thanks, Jesus! Subject : Coronavirus cure drugs! 1. https://t.co/GTe2XU4ODd 2. https://t.co/kGuegSuO2C 3. https://t.co/cC03WsSKXi Forgot unproven of Hydroxychloroquine, take a risk for COVID-19 treatment! clkwong@! 香港 --- 鄺祖良@! Thanks, Jesus! 11	9.00765
Sat Mar 28 15:03:15 +0000 2020	@AngelaMerkeICDU thanks to you and the Netherlands for taking care of Spain and  Italy you will be welcome this summer 😀 https://t.co/D8M12oaVWp	8.908503
Thu Mar 12 22:20:28 +0000 2020	@AngelaMerkeICDU Let's make a united europe happen, don't let them walk over us!	8.808759
Fri Mar 27 23:40:25 +0000 2020	@AngelaMerkeICDU @WBHoekstra how many dead are necessary before helping? you have no heart? Be the leaders of a true Union, otherwise this Europe will be nothing but shit #COVID19 @antoniocostapm @GiuseppeConteIT @sanchezcastejon	8.765013
Thu Mar 26 07:52:09 +0000 2020	@AngelaMerkeICDU @BorisJohnson @realDonaldTrump @KremlinRussia_E @JustinTrudeau @narendramodi  An international tribunal must be set up to fix the level of responsibility on Chinese bio warfare  Wuhan Chinese Virus, colossal losses, and other socio economic fall outs	8.762531
Tue Mar 03 15:45:18 +0000 2020	@AngelaMerkeICDU Solution for immigrants from Syria to save CE and Turkey: That they go to Russia in vast lands can cultivate and form cities. You must offer it to Putin	8.715652
Thu Mar 26 04:47:07 +0000 2020	@realDonaldTrump @BorisJohnson @AngelaMerkeICDU  Pass a resolution that China must take responsibility for spreading Corona Virus on/against Humanity Throughout the World, must impose Sanctions with Compensation of 10 trillion dollars against Biological Bomb	8.715475
Fri Apr 03 01:40:40 +0000 2020	@JustinTrudeau @AngelaMerkeICDU @BorisJohnson @KGeorgieva @ariannahuff   If our leaders are so concerned for the well-being of our electorates, legislate a #COVIDBANKFREEZE while we recover.  Private commercial banks need to shoulder their share too.  They can afford it.	8.636454
Tue Mar 24 13:49:58 +0000 2020	@AngelaMerkeICDU Should the world and the G7 together destroy and destroy atomic bomb Hydrogen bomb missiles such as atomic bombs on China, China has become accustomed to the world	8.600264
Fri Mar 13 02:12:48 +0000 2020	@AngelaMerkeICDU H'ble Madam ' as we find ,noted modi/bjp govt have anti-human being , it's crime over innocent minority ,/rural /Muslim people's , ....thank you	8.588778
Thu Apr 23 12:12:49 +0000 2020	@AngelaMerkeICDU German chancellor Angela Merkel has confirmed on her Twitter page that the virus for Corona, has been confirmed to be tested for 200 people age between 15 and 55. America is in the fight against such release since it desperately wants to patent	8.585344
Sat Mar 28 15:09:18 +0000 2020	"@AngelaMerkeICDU @JPN_PMO @realDonaldTrump @FLOTUS @BorisJohnson @narendramodi @DrSJaishankar Sir, Sorry to say that all of you powerful leaders are failed to understand the dangerous plan of ""China created virus"". Now face the consequence of dangerous China."	8.241158
Fri Mar 13 18:09:41 +0000 2020	@AngelaMerkeICDU Although DNA and RNA are hydrogen-bonded between bases, if they are made alkaline by adding a denaturing agent, they are denatured to release hydrogen ions, and the double helix of DNA and RNA is separated into two single strands.	8.203474
Mon Mar 16 11:34:26 +0000 2020	@realDonaldTrump @POTUS  @AbeShinzo @EmmanuelMacron @BorisJohnson @JustinTrudeau @AngelaMerkeICDU @PaoloGentiloni  @G7 Created CARTEL CAPITALISM and CARTEL MARKETS in 1970s and DESTROYING Entire World and Even @G7 Nations Governments DEBT is 50 Trillion USD	8.1931095
Mon Mar 30 16:23:19 +0000 2020	@AngelaMerkeICDU  https://t.co/gxt2jg8xNv  With AuNPs,(Gold nano particles )  virologists can create an unlimited number of detection assays that match the diagnostic needs of each virus   https://t.co/4eVOFYszyl https://t.co/PWwBn9xDxn	8.096034
Mon Apr 06 17:48:22 +0000 2020	@AngelaMerkeICDU, What happens tomorrow will depend on whether the common European project is strengthened or self-destructing. It depends on you, on nobody else. Please be very aware of what you are gambling with. I hope that you are up to Europe. Thank you.	7.9861073
Tue Mar 31 02:41:23 +0000 2020	"@AngelaMerkeICDU @EmmanuelMacron cc: @AmbassadorRice   #Orbán of #Hungary has finally gone too far.  Using the #Covid19 #pandemic as cover and excuse, he has establish the #autocracy he's wanted.  Time for the #EuropeanUnion to say, ""ENOUGH!""  #ExpelHungary!"	7.915887
Sat Mar 14 20:29:41 +0000 2020	@AngelaMerkeICDU @EUCouncil @thevocaleurope @BBCWorld @libe @lemondefr @lesoir @guardian @SZ @berlinerzeitung @derspiegel madrid is the biggest virus focus in spain and crazy spanish MP keeps allowing a massive madrid exodus with trains, and refuses to protect catalonia Must act	7.8123827
Wed Mar 25 17:50:02 +0000 2020	@AngelaMerkeICDU   Sirs/Madam, Please get rid if pigeons from our cities. Their excreta contains lung inflammatory fungus &amp; spores. This will aggravate Covid-19 &amp; result in more casualties. https://t.co/Zx1Cshn1yA	7.7698345
Sun Mar 22 18:36:38 +0000 2020	@AngelaMerkeICDU PEACE BE WITH YOU, MAY YOUR COURAGE LIGHT YOUR PATH, YOU WILL BE FINE!❤❤❤❤❤❤❤❤❤	7.655405
Tue Mar 03 09:50:26 +0000 2020	"@eucopresident @guyverhofstadt @MinPres @JLMelenchon @AngelaMerkeICDU @EmmanuelMacron  IMPOSE NO FLY ZONE&amp;GIVE MILLIONS CIVILIANS BACK THEIR LAND&amp;DIGNITY! HUMANITY 4 ALL! TAKE YR RESPONSABILITY! REFUGEE ""PROBLEM"" S SOLVED WHEN U ACT&amp;DARE 2 STOP THE RUSSIAN/ASSAD/IRAN AGGRESSION!"	7.5966024
Thu Mar 12 07:35:19 +0000 2020	@EmmanuelMacron @AngelaMerkeICDU @sanchezcastejon Please lockdown France, Germany and Spain and take all necessary measures to mitigate the impact of COVID-19. You  are just one or two weeks behind Italy. #COVID19 #germanycoronavirus #francecoronavirus #SpainCoronaVirus	7.592179
Thu Mar 19 22:25:52 +0000 2020	@AngelaMerkeICDU @AngelaMerkelSPD @washingtonpost @BBC  @lemonde @LeFigaro_France @nytimes   @lindependant @TheTelegramNews @thetimes @LaRepubblica_it Please, help Catalunya. The spanish government don't close Madrid, the first epicenter of coronavirus. Help!!!!	7.5706453
Sat Apr 18 21:00:46 +0000 2020	@AngelaMerkeICDU  UK Emergency - our Nurses &amp; Doctors Need Gowns, They are running out &amp; they are Dying.  Please help! Thank You!	7.5529613
Wed Apr 01 02:23:18 +0000 2020	@AngelaMerkeICDU 699 cases successful on Coronavirus! 1. That is! https://t.co/PYL6AruWjU Big Have international space information (ISI) ltd.. Mr.Truth and only Truth clkwong@! 香港鄺祖良@! Thanks, Jesus! 11	7.53763
Mon Apr 06 11:21:53 +0000 2020	@AngelaMerkeICDU please Angela, get someone translate you this video. I feel ashamed of the media in Spain, especially @A3mediaCo, @mediasetcom, @laSextaTV , etc... I apologize for the Spanish people, not for the government	7.414983
Fri Apr 17 11:36:07 +0000 2020	@AbeShinzo @AngelaMerkeICDU @JustinTrudeau @GiuseppeConteIT   WHOLE WORLD is SUFFERING Because of WORST RULERS of ALL @UN 5 P Ms + ALL @G7  Members   DECLARE WAR on CARTEL CAPITALISM Created by @G7   DECLARE WAR on TERRORISM Created by ALL @UN 5 P Ms	7.297589
Fri Mar 13 18:10:52 +0000 2020	@AngelaMerkeICDU  The anticancer drug I invented will soon debut in the world, but I think another person will copy this my invention and some scammers will claim to be my invention.	7.2134714
Sat Mar 21 19:20:36 +0000 2020	@AngelaMerkeICDU @AngelaMerkelMES @bbc @washingtonpost @nytimes @lemondefr @lindependant @CorriereSega @thetimes  The spanish government don't like to close Madrid, the great coronavirus center. Help Catalunya: https://t.co/5uO79WdlCX	7.178708
Sun Mar 29 00:53:52 +0000 2020	@AngelaMerkeICDU Thanks, Jesus! Subject : Chloroquine drugs treatment clinical trials! 1. The Website is written by Chinese,please translating! https://t.co/Ahx9kcb19N Big Have international space information (ISI) ltd. Mr.choleungKwong@! Mr.clkwong@! 香港鄺祖良@ Thanks, Jesus!11	7.0432005
Fri Mar 13 18:09:04 +0000 2020	@AngelaMerkeICDU New coronavirus, my treatment suggestion The basic structure of a virus is a particle composed of a nucleic acid at the center of the particle and a protein shell called a capsid that surrounds the nucleic acid.Nucleic acids are DNA and RNA.	7.0003967
Thu Mar 12 06:25:18 +0000 2020	@AngelaMerkeICDU in 7 days all the EU should stop for 15 days. Please, agree with all the governments and companies how to do it. It is the only way to stop #coronavirus and the opportunity to start from the beginning.	6.983916
Tue Mar 17 20:14:35 +0000 2020	@AngelaMerkeICDU Thanks, Jesus! Subject :  Oklahoma Medical Research Foundation is testing Chloroquine drug! 1. That is! https://t.co/BXi2J93bUN Big Have international space information (ISI) ltd.. Mr.choleungKwong@! Mr.Truth and only Truth clkwong@! 香港鄺祖良@! Thanks, Jesus!11	6.967034
Tue Mar 31 16:10:31 +0000 2020	@AngelaMerkeICDU  Thanks, Jesus! Subject : A Report on Successful Treatment of Coronavirus! 1. That is! https://t.co/042ioKlT6Q Big Have international space information (ISI) ltd.. Mr,choleungKwong@! Mr.Truth and only Truth clkwong@! 香港 --- 鄺祖良@! Thanks, Jesus! 11	6.967034
Tue Mar 03 23:02:03 +0000 2020	"@AngelaMerkeICDU You Do Agree? ""The Real Concern, is That The Coronavirus Will Reach The Point, to Where It Will Cause Most of The World to Shut-Down, In Which We Won't Be Able to Control It?""  ""Exactly At One Point, Does A Crisis Go Beyond The Point of No-Return?"""	6.897065
Tue Mar 03 04:48:49 +0000 2020	"@AngelaMerkeICDU Thanks, Jesus! Subject : Facing the ""danger"" and ""opportunity"" of the epidemic! 1. https://t.co/rAq53nX8eM 2. https://t.co/CHmhXbmOoy Big Have international space information (ISI) ltd.. Mr.choleungKwong@! Mr.Truth and only Truth clkwong@! 香港 鄺祖良@! Jesus! 11"	6.8924966
Thu Mar 12 02:48:13 +0000 2020	@AngelaMerkeICDU Thanks Jesus! Subject :  Italy is in the treatment of Coronavirus al Tocilizumab! 1. https://t.co/3rMpj9ib8h 2. The Website is Italian. https://t.co/DsbOxFhsa0 Big Have international space information (ISI) ltd.. Mr.choleungKwong@! clkwong@! 香港鄺祖良@! Jesus!11	6.8924966
Tue Mar 17 09:12:41 +0000 2020	@AngelaMerkeICDU Thanks, Jesus! Subject : Chloroquine + Zinc for Novel Coronavirus Disease! 1. Video shows off! https://t.co/1lvzcarYyT 2. https://t.co/BTZNdhLyc3 Big Have international space information (ISI) ltd.. Mr.Truth and only Truth clkwong@! 香港 鄺祖良@ Thanks, Jesus! 11	6.8924966
Tue Mar 17 01:36:39 +0000 2020	@AngelaMerkeICDU Thanks, Jesus! Subject : Cure Drug Video! 1. Believe or Unbelieve that God can open the river on the desert! https://t.co/8XMfwIOtQm Big Have international space information (ISI) ltd.. Mr.choleungKwong@! Mr.Truth and only Truth clkwong! 香港 -- 鄺祖良@! Jesus!11	6.748107
Wed Mar 18 02:14:05 +0000 2020	@AngelaMerkeICDU Thanks, Jesus! Subject : 75% patients were cured after six days! 1. https://t.co/D5zWDlvqkn 2. https://t.co/9Q7kyyZE4H 3. https://t.co/wC55nCzCsU Big Have international space information (ISI) ltd.. Mr.Truth and only Truth clkwong@! 香港 鄺祖良@! Thanks, Jesus!11	6.748107
Fri Mar 27 21:34:11 +0000 2020	@AngelaMerkeICDU Thanks, Jesus! Subject : China has provided 100,000 boxes of Lianhua Qingwen to hard-hit Italy. 1. https://t.co/rOOg2azRtn 2. https://t.co/RHxhxNW1Z1 3. https://t.co/rOOg2azRtn Big Have international space information (ISI) ltd.. 香港 鄺祖良@! Thanks, Jesus! 11	6.748107
Thu Apr 09 21:29:50 +0000 2020	@AngelaMerkeICDU Thanks, Jesus! Subject :  Interleukin 6 (IL-6), an important pathway that induces inflammatory storms! 1. That is! https://t.co/ftnJPxU4FP 2. The Website is Chinese! https://t.co/hsAq2ZHgWm Big Have international space information (ISI) ltd.. 香港鄺祖良@ Jesus!11	6.748107
Mon Mar 30 07:45:27 +0000 2020	@AngelaMerkeICDU if soap works so well in dissolving the fatty layer of covid why cant a soap gargle or aerosol of soap be used to treat victims..am just thinking aloud as a common man..may be nebulised nano soap can be inhaled	6.648499
Sat Feb 22 23:08:09 +0000 2020	@AngelaMerkeICDU Thanks, Jesus! Subject : The first batch of 6 million tablets is expected to be launched on February 25! 1. That is! https://t.co/hB2XSW4NsY 2. The Website  Chinese! https://t.co/GUCSrsdvuc Big Have international space information (ISI) ltd. 香港 鄺祖良@ Jesus!11	6.4767466
Thu Mar 19 19:48:25 +0000 2020	@AngelaMerkeICDU Long time before europe can trust china	6.465684
Fri Apr 10 23:19:49 +0000 2020	@AngelaMerkeICDU Thanks, Jesus! Subject : China's Phase 2 Coronavirus Vaccine Trial! 1. it may take China only six months to determine if its vaccine is effective and safe. 2. https://t.co/cdihtT5Euh 3. The general US President election on November 3,2020! 香港鄺祖良@! Jesus! 11	6.158454
Tue Mar 31 22:09:13 +0000 2020	@EmmanuelMacron Mr Macron, I look up to you from #USA, @JustinTrudeau, @AngelaMerkeICDU &amp; all the people, not of just those who work in healthcare facilities, but all of the #EuropeanUnion, #Canada &amp; the rest of the world that are doing whatever they can to slow transmission of #COVID19 @SkyNews	6.0877023
Fri Mar 13 17:24:37 +0000 2020	"@AngelaMerkeICDU H'ble Madam,  as we hope &amp;praying to Lord Jesus ,we will control in CoronaVirus"" it's confirned yours well wisher"	5.6530614
Tue Mar 03 19:46:39 +0000 2020	"@eucopresident @guyverhofstadt @CharlesMichel @MinPres @EmmanuelMacron @AngelaMerkeICDU @JLMelenchon @antonioguterres  THIS IS WHY SO MANY CIVILIANS HAVE CHOOSEN 2 BE REFUGEE&amp;SEARCH ""SAFETY""! EUROPE SHOULD BE REALLY ASHAMED THEY DID LET DIE 1MILLION&amp;SEVERAL MILL. BECOME REFUGEES!"	5.634085
Fri Apr 17 07:13:04 +0000 2020	@AngelaMerkeICDU - Are you bloody daft to send kids back to school, but still ban large gatherings of adults? Kids who don't wash their bloody hands, touch their own, and others, faces, and so on. You can't honestly be this diluted.	5.5828066
Mon Apr 06 00:23:44 +0000 2020	@AngelaMerkeICDU My dear and admired Lady. My girlfriend of foreign origin is serving Greater Germany she's a doctor and is a volunteer in the Covid19 patient area,I think the least he deserves is my company. Please, these cases should be valid in order to cross the border. Thank	5.416207
Tue Mar 31 22:11:33 +0000 2020	@AngelaMerkeICDU @BorisJohnson @realDonaldTrump follow non-official data when it comes to China, please!	5.3509483
Fri Mar 27 01:46:52 +0000 2020	@narendramodi @POTUS @EmmanuelMacron @SpainMFA  @UN @sec_council @EU_Commission @10DowningStreet @AngelaMerkeICDU  @ScottMorrisonMP @GiuseppeConteIT #ban_china carona is not a natural virus .This is a completely Chinese virus made as virus weapon .	5.1932735
Fri Apr 17 08:08:57 +0000 2020	@narendramodi @AmitShah @MohamedBinZayed @MohamedBinNawaf @chedetofficial @AngelaMerkeICDU @TamimBinHamad IF INDIA IS KILLING ITS MUSLIM MINORITY BY ALLOWING MOBS TO KILL INNOCENTS UNPUNISHED SHOULD INDIAN MINORITIES STAY PROTECTED ABROAD? PLEASE PROTECT MINORITIES EVERYWHERE!!!	5.1043353
Mon Apr 06 20:28:45 +0000 2020	@AngelaMerkeICDU Thanks, Jesus! Subject : Seattle Chinese Family Physician's self-report: the whole story of treating new crown patients! 1. The full story is Here! https://t.co/SHMiwG57Yi 2. The Website is Chinese! https://t.co/bMC5jdvS8G clkwong@! 香港 鄺祖良@! Thanks, Jesus!11	5.0841923
Wed Apr 22 07:08:50 +0000 2020	@realDonaldTrump @POTUS @KremlinRussia_E @Xijinping @EmmanuelMacron @BorisJohnson @AbeShinzo @AngelaMerkeICDU  @narendramodi @jairbolsonaro @CyrilRamaphosa @ScottMorrisonMP @KingSalman   STOP DESTROYING WHOLE WORLD   BEGIN toBUILD BEAUTIFUL WORLD https://t.co/68I7Y1ulVc	5.081623
Wed Mar 11 16:43:51 +0000 2020	@EmmanuelMacron @AngelaMerkeICDU Closing business deals is not the way to confront a radical islamist who blackmails to end your civilization by flooding the union with illegal immigrants and terrorists. It requires hard measures that eliminate the threat or minimize its effects	5.0559325
Sat Mar 21 18:42:12 +0000 2020	@AngelaMerkeICDU Thank you for your extraordinary speech about the Corona Virus!	5.022058
Tue Mar 03 05:21:05 +0000 2020	@realDonaldTrump @EmmanuelMacron @netanyahu @narendramodi @BorisJohnson @AngelaMerkeICDU @AbeShinzo  my appeal to the world leaders : isolate china before China destroys this world. MNCs  should Stop depending on China.	4.997352
Thu Apr 23 11:21:57 +0000 2020	@realDonaldTrump @POTUS @AbeShinzo @EmmanuelMacron @BorisJohnson @JustinTrudeau @AngelaMerkeICDU @GiuseppeConteIT    @G7 Nations Governments DEBT is 50 Trillion USD  = BANKRUPT Governments RULERS  are ALL @G7 https://t.co/1B3cASuDQ0	4.979341
Thu Mar 05 09:53:45 +0000 2020	@eucopresident @AngelaMerkeICDU @guyverhofstadt @HeikoMaas @FranckenTheo @antonioguterres @BelgaNewsAgency @EmmanuelMacron @JLMelenchon  IT IS NOT A WAR AGAINS TERROR! IT IS A TERROR WAR ON CIVILIANS ! WHEN ARE YOUR EYES OPENING ? WHEN DO YOU ACT TO SAFE LIVES &amp; HUMANITY? WHEN???	4.851119
Thu Mar 05 09:55:14 +0000 2020	@eucopresident @AngelaMerkeICDU @guyverhofstadt @HeikoMaas @FranckenTheo @antonioguterres @BelgaNewsAgency @EmmanuelMacron @JLMelenchon  IT IS NOT A WAR AGAINST TERROR! IT IS A TERROR WAR ON CIVILIANS! WHEN ARE YOUR EYES OPENING ? WHEN DO YOU ACT TO SAFE LIVES &amp; HUMANITY? WHEN???	4.851119
Wed Mar 04 12:41:26 +0000 2020	@AngelaMerkeICDU  @EUCouncil  @EU_Commission  These are the people you want us to consider for asylum? What are they capable of, if they're willing to hurt/sacrifice their own children? What would they be capable of, once in the EU? Think of the future, NOT the present!	4.8079076
Tue Mar 03 09:38:34 +0000 2020	@eucopresident @AngelaMerkeICDU @guyverhofstadt @FedericaMog @EmmanuelMacron @JLMelenchon @tsipras_eu @MinPres TAKE YOUR RESPONSABILITY AND STOP RUSSIA/ASSAD REGIME MASSACRES! 9YRS LONG A GENOCIDE &amp; EU IS STANDING BY... NEXT TO THE SIDELINE! EU POLITICIANS=COWARDS !!!	4.678816
Sun Mar 29 15:01:08 +0000 2020	@AngelaMerkeICDU dear chanceler we can have from inhame anti inflamatorio the cortizona we can have in same way from canela a anti virus a substance to stop virus	4.6236973
Sun Feb 23 08:36:16 +0000 2020	@AngelaMerkeICDU  @CDU  The world is watching you @AfD  Investigate this, you inherit millions	4.495423
Mon Mar 23 04:35:16 +0000 2020	@realDonaldTrump We look forward to World Leaders like you, @narendramodi Ji @KremlinRussia_E @AngelaMerkeICDU	4.495423
Sat Mar 21 15:58:02 +0000 2020	@realDonaldTrump @JustinTrudeau @BorisJohnson @EmmanuelMacron @AngelaMerkeICDU looks like china has screwed up the world royally.	4.4663143
Mon Apr 20 02:33:22 +0000 2020	@AngelaMerkeICDU --- Angela , Chinese r responsible for CORONA VIROUS	4.3760242
Sat Feb 22 15:13:30 +0000 2020	@AngelaMerkeICDU Exploitation-Employee@Risk Outrageous OfPower&amp;Stinking CowardiceActby CEO,DirectorHRManagerRiskManagerEthic&amp;legalTeam likeMAFIA FundamentalRightToWork CompromisedWithMultiple threat ITCompanyUSA-BodyShopping inIndia Influencing Manipulating LAW WhatToDo?UrView's	4.19172
Wed Mar 04 17:31:10 +0000 2020	@AngelaMerkeICDU #Italy, the soft underbelly of the #EU, because of the #Conte2 government, has more than twice as many infected by #Covid19 of #Japan, in front of #China! thanks #UE #Vaticano and all #Conte2 supporters! but be prepared to stay indoors for a long time!	4.1507907
Sat Feb 22 21:48:50 +0000 2020	@realDonaldTrump  @JustinTrudeau @cafreeland @KremlinRussia_E @AngelaMerkeICDU @CBCToronto  @cnni @BBCWorld @AJEnglish @AlArabiya_Eng @trtworld @RT_com @PressTV  Thousands Of Muslims March In Chennai Against Citizenship Law - NDTV https://t.co/jY6J47fYYd	4.138974
Sun Apr 19 04:22:55 +0000 2020	"@AngelaMerkeICDU @HuXijin_GT @China_Amb_India @UKinIndia @USAmbIndia @NKudashev @FranceinIndia @China_Amb_India  ""Till today nobody has a dang clue who created bitcoin, who controls bitcoin &amp; market drivers behind its price valuation.Vadakayil knows."" https://t.co/pWY28hZHXc"	4.134739
Wed Mar 18 12:35:17 +0000 2020	@AngelaMerkeICDU Kiosks and other shops like (hair Saloons )which are not essential for life should be all closed !! The government of Germany is not taking the virus seriously enough, only big supermarkets and medical places should remain open in order to avoid the virus!!	4.0899453
Mon Apr 06 20:09:06 +0000 2020	"@AngelaMerkeICDU Dear Madam Chancellor, ""Congratulations On Being Recognized As The Forbes Third Most Powerful Person In The World."" https://t.co/8ojegCKcsk"	4.0464954
Fri Apr 17 03:42:42 +0000 2020	@AngelaMerkeICDU This country may not survive.  But I want some help and support from the international.  I would like you to instruct the public to pay their benefits in this emergency.  What should I do to prevent medical collapse?  Our living expenses are still not paid .	4.0391054
Tue Apr 21 10:05:42 +0000 2020	@EU_Commission @vonderleyen @MinPres @AngelaMerkeICDU @BrunoLeMaire @MinPres @WBHoekstra @PaoloGentiloni @EmmanuelMacron @sanchezcastejon @nzingaretti @matteosalvinimi @matteorenzi It's just demonstrate how shameful and unfair is the EU! You're dead! https://t.co/2ixZnIFvGr	4.037368
Fri Mar 27 12:16:33 +0000 2020	@AngelaMerkeICDU LOGICAL REASONING: RUSSIA DOES NOT POSE A THREAT, DOES NOT WANT TO BE AN ENEMY OF GERMANY OR THE EUROPEAN UNION, BUT THESE COUNTRIES, ACCEPTING MILITARY BASES AND NUCLEAR WEAPONS FROM THE USA, THREATEN THE RUSSIA, UNNECESSARILY.	3.993804
Mon Mar 16 04:46:05 +0000 2020	@realDonaldTrump @BorisJohnson @AngelaMerkeICDU  Even with the risk of coronavirus, Brazilian patriots take to the streets in all Brazilian states to give support to President Bolsonaro and against corruption in the National Congress and the Supreme Court.	3.9488235
Mon Mar 16 04:46:29 +0000 2020	@realDonaldTrump @BorisJohnson @AngelaMerkeICDU  Even with the risk of coronavirus, Brazilian patriots take to the streets in all Brazilian states to give support to President Bolsonaro and against corruption in the National Congress and the Supreme Court.	3.9488235
Sat Apr 18 06:55:26 +0000 2020	@POTUS @EmmanuelMacron @BorisJohnson @AbeShinzo @AngelaMerkeICDU @JustinTrudeau @GiuseppeConteIT    Let CHINA President @Xijinping @XHNews @globaltimesnews Say SORRY to The WHOLE WORLD    @narendramodi @PMOIndia @KremlinRussia_E  @GovernmentRF	3.940664
Thu Apr 23 08:40:01 +0000 2020	@AngelaMerkeICDU, you are a smart lady.. when the the #CCPVirus's propaganda channel spends 50% of its time praising @WHO... don't you think something might be off? Come on.. how dense are you?	3.848421
Wed Apr 01 08:39:36 +0000 2020	@PMOIndia @KremlinRussia_E @realDonaldTrump @AbeShinzo @DalaiLama @ibusolih @AngelaMerkeICDU @PMBhutan @WhoIsPM @PM_Nepal @IsraeliPM @EmmanuelMacron @10DowningStreet @jairbolsonaro @iingwen @JustinTrudeau @EUCouncilPress. China is dangerous for world.   https://t.co/MlqfyYOpe2	3.8402278
Mon Mar 16 04:47:56 +0000 2020	@realDonaldTrump @BorisJohnson @AngelaMerkeICDU  Even with the risk of coronavirus, Brazilian patriots take to the streets in all Brazilian states to give support to President Bolsonaro and against corruption in the National Congress and the Supreme Court. https://t.co/uSgzADubu9	3.8207126
Tue Apr 21 10:27:49 +0000 2020	@realDonaldTrump @POTUS @KremlinRussia_E @Xijinping @EmmanuelMacron @BorisJohnson @AbeShinzo @AngelaMerkeICDU @GiuseppeConteIT @JustinTrudeau @KingSalma @ScottMorrisonMP @narendramodi @PMOIndia  EARN to BUY WHOLE WORLD with PERFECT CAPITALISM&amp;PERFECT MARKETS https://t.co/KhvAMsqCY5	3.6988184
Sun Mar 29 01:45:16 +0000 2020	@AngelaMerkeICDU Gesundheit, your grace! Shalom! Ashrey Tesha Shmoneh. [Some back off bonds welcome. Yours]	3.6671085
Mon Mar 30 19:17:04 +0000 2020	@realDonaldTrump @BorisJohnson @GiuseppeConteIT @sanchezcastejon @AngelaMerkeICDU @EmmanuelMacron @CanadianPM @JustinTrudeau Countries all over the world should stop trading with China forever. China is a mongrel and curse country for mankind. #BoycottChina	3.6539686
Tue Mar 31 10:37:09 +0000 2020	@AngelaMerkeICDU @UNICEFgermany I am a homeopathic dr frm Kolkata,India with15yrs exp. As a dr I am not allowed to treat Covid19 patient here,I am ready to extend my help during this crisis in Germany.If myself and other drs can help mankind during this crisis,kindly let us know!	3.6401196
Mon Apr 06 11:21:10 +0000 2020	@realDonaldTrump @POTUS @KremlinRussia_E @Xijinping @EmmanuelMacron @BorisJohnson @AbeShinzo @AngelaMerkeICDU @GiuseppeConteIT @JustinTrudeau   WHOLE WORLD is SUFFERING with CARTEL CAPITALISM Created by @G7  and with TERRORISM &amp; COLDWARS Created by @UN 5 PMs	3.610193
Thu Mar 19 05:16:11 +0000 2020	@AngelaMerkeICDU Merkel, you said the crisis since World War II. Use my vaccine. Don't be afraid of anything. From Hitoshi Ishii in Japan.	3.5710464
Wed Mar 25 01:35:50 +0000 2020	@JustinTrudeau @Ilhan @SenSanders @BillGates @EmmanuelMacron @realDonaldTrump @BorisJohnson @AngelaMerkeICDU we must have  to follow the path of South Korea to tackle COVID19 or corona virus  https://t.co/kU5pSTqRD2	3.5222423
Sun Apr 12 15:25:03 +0000 2020	@AngelaMerkeICDU #Massiveparallelinfection   SCARY MOMENTS FOR GERMAN BANKS 2: GREEK REFERENDUM SAVES THE DAY! https://t.co/OMh5pHKpWJ	3.4909406
Sun Mar 15 12:57:31 +0000 2020	@realDonaldTrump @AngelaMerkeICDU @EmmanuelMacron Nice but where is US and EU awhen Italy is suffering? Chinese were here with medical and equipment support. EU is closing borders and lot of heartbreaking speeches. Words don’t help people dying. Facts is what people will remember.	3.445321
Tue Mar 31 07:09:32 +0000 2020	"@AngelaMerkeICDU Dear Mrs Merkel. I didn't hear a single sound from your mouth, yet, to condemn the antiliberal anti democratic ""special powers"" law in Hungary. If you let create a fascist/nazi country in Hungary the risk this will grow to other eastern countries. Waiting ..."	3.3746266
Sat Mar 28 05:07:34 +0000 2020	@realDonaldTrump @WHO @UN @netanyahu @AbeShinzo @BorisJohnson @AngelaMerkeICDU @GiuseppeConteIT Pull out Veto power and UN Membership right from China. China is a threat to humanity. Whole world locked down suffering due to China. Sleeping Human rights organisation.	3.36809
Wed Apr 01 21:59:22 +0000 2020	"@CanadianPM @narendramodi  @lopezobrador_  @AngelaMerkeICDU  @StateDept i advise- we all concentrate  on "" total victory ""   - over coronavirus.  let's put aside the politics  - timeout . We can't  repeatedly - ask GOD &amp; ANGELS  : TO SAVE THE WORLD - only once per generation"	3.36809
Thu Mar 12 09:59:13 +0000 2020	"@AngelaMerkeICDU @GobernoAlem Its not being very fair for #Mekel Angela to spread Panic in entire Germany by Saying  "" 60 to 70 % of German population may get affected by #Corona Its highly insensitive to spread such fear panic &amp; Shock wave across the nation #germanycoronavirus"	3.3405967
Fri Mar 20 19:26:47 +0000 2020	@AngelaMerkeICDU Germany is confiscating facemasks destined for Belgium and the Netherlands. Are we back in 1943? #CoronaCrisis #Covid_19	3.330923
Mon Apr 06 04:02:47 +0000 2020	@KremlinRussia_E @EmmanuelMacron @BorisJohnson @AbeShinzo @AngelaMerkeICDU @JustinTrudeau @GiuseppeConteIT @KingSalman  @UN     I LOVE WORLD SEVEN Billion Human Beings BORN on EARTH Like I LOVE My DAUGHTER &amp; My SON   I USE My #HEAD to Practice RIGHTEOUSNESS https://t.co/wpx4cN2thF	3.3308613
Tue Mar 17 11:50:19 +0000 2020	@AngelaMerkeICDU @AngelaMerkelSPD @EmmanuelMacron  this is also a problem for France and Germany and Belgium. If you can contain the virus then we are going to spread it again over the European inion.	3.3161929
Sun Apr 05 19:37:05 +0000 2020	@AngelaMerkeICDU @EmmanuelMacron @BorisJohnson Fullerene have antiviral properties and I believe that they have not been used for Covid19.They must be tried as they have structure which may destroy the virus. https://t.co/8xttqttMrC	3.2403686
Fri Apr 17 10:22:54 +0000 2020	@EmmanuelMacron @JustinTrudeau @AngelaMerkeICDU @vonderleyen @UNHumanRights @amnesty @amnestyusa @HRC @EP_HumanRights @WHO  Be aware of the Brasil Fascist, he like to keep the virus and crisis going.  Maybe an Covid19 Nuremberg Trial is necessary.  https://t.co/9PurU4guHt	3.2037423
Tue Mar 24 19:11:17 +0000 2020	@realDonaldTrump @GiuseppeConteIT @BorisJohnson @AngelaMerkeICDU @HassanRouhani  All the counties which have suffered heavily because of Chinese Corona Virus should consider adjusting their damage / losses against external or business debt owed to China to teach China a lesson.	3.1679344
Mon Mar 30 19:24:12 +0000 2020	@AngelaMerkeICDU Your Excellency I am deeply aggrieved by CORONA scourge in your country. At this critical juncture I am sharing my research work out utmost commercial importance to help humanity. Please ask your doctors to understand it and start using it to save precious lives. https://t.co/VNXHsp9rUF	3.1179252
Tue Mar 17 17:25:02 +0000 2020	@AngelaMerkeICDU H'ble Madam, we all kinds of Ventilation /support, from Modi /bjp govt,  we will remove ' it's confirmed from ourside , thank you	2.955306
Fri Mar 20 23:31:19 +0000 2020	@AngelaMerkeICDU Thanks, Jesus! Subject : Traditional Chinese Medicine --- Liver fire symptoms (real heat) that will generate serious mental problems (Dizziness, headache, and poor spirit)! 1.  https://t.co/5S7hYaHFOP 2. The Website is Chinese! https://t.co/71uY1JuxpG Jesus! 11	1.8663554
Sun Feb 23 19:29:18 +0000 2020	@AngelaMerkeICDU Thanks, Jesus! Subject : Chloroquine phosphate drugs in Hubei! 1. https://t.co/Ec1hPoFSYY 2. https://t.co/EnoEZGzBKQ 3. https://t.co/DCoBKLgTw3 4. https://t.co/nbcTFD8X01 Mr.choleungKwong@! Mr.Truth and only Truth clkwong@! 香港 --- 鄺祖良@! Thanks, Jesus! 11	1.8259892
Sat Feb 22 14:05:58 +0000 2020	@AngelaMerkeICDU @UN @EU_Commission @Europarl_EN @MevlutCavusoglu @cumhuriyetgzt @CNN @nytimes @TIME @meral_aksener PM Merkel, you are responsible of those 10-killing by NAZI Bustard Tobias Rathjen &amp; his AfD Far-Right damn supporters. This is not the last one &amp; shall repeat again	1.8064537
Sat Mar 21 05:58:01 +0000 2020	@AngelaMerkeICDU Thanks, Jesus! Subject : Trust is built on LIFE! ABC News (Australian Broadcasting Corporation) reproted a recovered patient's alived road! 1. That is the ABC News report! https://t.co/NikpkuU0A8 2. The Website is Chinese! https://t.co/5kbKqQCCmE Thanks, Jesus!11	1.8064537
Fri Mar 13 02:11:51 +0000 2020	@AngelaMerkeICDU Thanks, Jesus! Subject : Alibaba DAMO Academy AI System is now being used by 26 hospitals in China and has helped diagnose over 30,000 cases! 1. https://t.co/hSuWmU8bDP 2. https://t.co/DrsoJp6YvY clkwong@! 香港鄺祖良@ Thanks, Jesus! 11	1.7686107
Mon Feb 24 01:59:04 +0000 2020	@AngelaMerkeICDU Thanks, Jesus! Subject :  clinical treatment of special plasma! 1. https://t.co/wvI86Nhw7x 2. https://t.co/rB905PciB2 3. https://t.co/UAf5NqSDFi 4. https://t.co/tZgYOLLPdg 5. A total of 22,888 discharged patients were cured. 香港 --- 鄺祖良@! Thanks, Jesus! 11	1.7686107
Sun Apr 05 23:55:34 +0000 2020	@AngelaMerkeICDU Thanks, Jesus! Subject : New York 1100 people hydroxychloroquine stills not result yet, but  the DATA should be answer! 1. https://t.co/FYUQISZm0Z 2. https://t.co/5SHFRmV8tZ 3. It is an unproven durg for Coronavirus! clKwong@! 香港 --- 鄺祖良@! Thanks, Jesus! 11	1.7323205
