created_at	text	_score
Fri Mar 13 02:12:48 +0000 2020	@AngelaMerkeICDU H'ble Madam ' as we find ,noted modi/bjp govt have anti-human being , it's crime over innocent minority ,/rural /Muslim people's , ....thank you	73.081924
Thu Mar 05 05:25:08 +0000 2020	@AngelaMerkeICDU H'ble Madam ' last six years , as we find  Modi /bjp govt , it's completely anti -human being , it's day by day crimed over innocent Indian  we have decided now  all kinds of ventilation /afflitions, we will remove from Modi /bjp govt,  it's confined from ourside	60.447742
Thu Mar 12 00:55:44 +0000 2020	@AngelaMerkeICDU 💚 Ms Merkel  We had given you the ultimatum not to co-operate with Iran's terrorist regime, otherwise, ISIS or anything worse than ISIS would enter Europe.  You destroyed Germany.  ✔️Tell Germans not to go out;  Restart Army is everywhere.  https://t.co/QXRft6fNiZ	59.78961
Wed Mar 04 10:07:10 +0000 2020	@AngelaMerkeICDU @EmmanuelMacron @GiuseppeConteIT @Europarl_IT @ONU_es Why don't we join forces and defeat the economic crisis by legalizing #cannabis? + human rights + fight against crime + control + security + money #LegalizeIt #marijuana #thc #frredom  https://t.co/RJD8xVe5Sb	46.7022
Sun Mar 29 15:01:08 +0000 2020	@AngelaMerkeICDU dear chanceler we can have from inhame anti inflamatorio the cortizona we can have in same way from canela a anti virus a substance to stop virus	45.581264
Mon Mar 23 10:14:03 +0000 2020	@AngelaMerkeICDU we , the free Syrians , wish you from our hearts quick and complete recovery . May God protect you , our dear Lady .... we all love you .	35.34243
Wed Apr 22 22:07:09 +0000 2020	@AngelaMerkeICDU Hashim Thaçi wants the government for his criminal gang with which 90%of his PDK party have become millionaires with organized crime and corruption and even now Thaçi wants to steal the will of the 400000 voters who voted against these criminal groups please help	35.232933
Thu Mar 26 14:34:17 +0000 2020	@realDonaldTrump @narendramodi @KremlinRussia_E @BorisJohnson @EmmanuelMacron @AngelaMerkeICDU @AbeShinzo @UN @GiuseppeConteIT @ReutersChina  World must b united against the terrorist CHINA and take hard action  for using biological weapon UN must think - out china from UN	30.532644
Wed Mar 25 17:45:17 +0000 2020	@realDonaldTrump @narendramodi @KremlinRussia_E @BorisJohnson @EmmanuelMacron @AngelaMerkeICDU @AbeShinzo @UN @GiuseppeConteIT @ReutersChina  World must b united against the terrorist CHINA and take hard action  for using biological weapon UN must think - out china from UN	30.532644
Tue Mar 03 02:54:34 +0000 2020	@AngelaMerkeICDU Thanks, Jesus! Subject : Time is Money for SOS!  https://t.co/PNtkT2L8Zg These are 3125 DEATHS! How many deaths for Waiting until May??? 2. https://t.co/OntunYt67q 3. https://t.co/xPYIN2BM3R Big Have international space information (ISI) ltd.. Thanks, Jesus! 11	30.055428
Sat Mar 21 02:47:25 +0000 2020	@AngelaMerkeICDU Thanks, Jesus! Subject : Trust is exhchanged by LIFE : chloroquine and hydroxychloroquine!  1. Reported by China's anti-virus drug testing experiment what had proved  both drugs  were effective and trusted treatment for COVID-19! https://t.co/tKoBQILQlG  Jesus!11	28.893734
Mon Mar 16 23:15:46 +0000 2020	@AngelaMerkeICDU Thanks, Jesus! Subject : University of Queensland Centre for Clinical Research 2 COVID-19 cure drugs! 1. That is! https://t.co/8m5XMl39jT Big Have international space information (ISI) ltd.. Mr,choleungKwong@! Mr.clkwong@! 香港 --- 鄺祖良@! Thanks, Jesus! 11	28.157148
Mon Mar 16 04:46:05 +0000 2020	@realDonaldTrump @BorisJohnson @AngelaMerkeICDU  Even with the risk of coronavirus, Brazilian patriots take to the streets in all Brazilian states to give support to President Bolsonaro and against corruption in the National Congress and the Supreme Court.	27.559765
Mon Mar 16 04:46:29 +0000 2020	@realDonaldTrump @BorisJohnson @AngelaMerkeICDU  Even with the risk of coronavirus, Brazilian patriots take to the streets in all Brazilian states to give support to President Bolsonaro and against corruption in the National Congress and the Supreme Court.	27.559765
Mon Mar 16 04:47:56 +0000 2020	@realDonaldTrump @BorisJohnson @AngelaMerkeICDU  Even with the risk of coronavirus, Brazilian patriots take to the streets in all Brazilian states to give support to President Bolsonaro and against corruption in the National Congress and the Supreme Court. https://t.co/uSgzADubu9	26.665651
Sat Mar 14 09:22:18 +0000 2020	@AngelaMerkeICDU Is it not the duty of world leaders to fight against JIHAD/BIGOTED ISLAMISM, unitedly and once &amp; for all  -Time &amp; Energy saved thus can be used in fighting against the big threats like Corona, climate change,poverty etc to make the world a better place to live in	25.49751
Fri Apr 03 04:33:29 +0000 2020	@AngelaMerkeICDU  internet in Germany is extremely overpriced and many people can’t even get it. How do you plan for those children to complete school?	25.125992
Mon Apr 06 11:21:10 +0000 2020	@realDonaldTrump @POTUS @KremlinRussia_E @Xijinping @EmmanuelMacron @BorisJohnson @AbeShinzo @AngelaMerkeICDU @GiuseppeConteIT @JustinTrudeau   WHOLE WORLD is SUFFERING with CARTEL CAPITALISM Created by @G7  and with TERRORISM &amp; COLDWARS Created by @UN 5 PMs	25.028082
Fri Apr 17 03:42:42 +0000 2020	@AngelaMerkeICDU This country may not survive.  But I want some help and support from the international.  I would like you to instruct the public to pay their benefits in this emergency.  What should I do to prevent medical collapse?  Our living expenses are still not paid .	24.589493
Sun Mar 15 01:59:49 +0000 2020	@AngelaMerkeICDU Thanks, Jesus! Subject :  Money can come back , but LIFE never come back! 1.  The two effective  and trusted drugs  a. ARALEN CHLOROQUINE PHOSPHATE https://t.co/xPYIN2BM3R b. ACTEMRA, https://t.co/1b8ewxvJEY 2. Test on these drugs or not , never mind!  Jesus! 11	24.02445
Thu Mar 19 19:24:43 +0000 2020	@AngelaMerkeICDU   The people of Egypt require international intervention to protect them from the police state's repression in Egypt https://t.co/BpeWcpSJ9Y	23.883833
Mon Apr 06 03:31:33 +0000 2020	@AngelaMerkeICDU @CanadianPM @JustinTrudeau Humans created COVID-19 with disgusting treatment of animals in wet markets. SARS &amp; MERS were created the same way &amp; wet markets are still operating. Please, with other world eaders, require they shut down for good. For global health.	23.541029
Tue Mar 31 11:12:06 +0000 2020	@AngelaMerkeICDU I am a homoeopathic doctor from Kolkata,India .As a doctor I am not allowed to treat Covid19 patient here, I am ready to help Germany in this crisis.If myself can help mankind during this crisis, kindly let us know! @PMOIndia @MoHFW_INDIA @narendramodi	23.403048
Tue Mar 31 11:24:59 +0000 2020	@AngelaMerkeICDU I am a homeopathic doctor from Kolkata, India. As a doctor I am not allowed to treat Covid19 patient here, I am ready to help Germany.If myself can help mankind during this crisis, kindly let me know! @PMOIndia @MoHFW_INDIA @narendramodi	23.403048
Thu Apr 09 23:41:30 +0000 2020	@AngelaMerkeICDU Thanks, Jesus! Subject : Green Light for Hydroxychloroquine! 1. It is 100,000 death of Coronavirus! https://t.co/1Ow8ba5bZv 2. Anyway, giving seriously ill patients a Great CHANCE! The Website is Chinese, translating immediately! https://t.co/GXYFnvd5ge Jesus! 11	22.901169
Thu Mar 26 07:33:22 +0000 2020	@AngelaMerkeICDU You can't put MONEY in front of the dead .... GOD HAVE mercy on you. At this moment the banks must finance the states without passing in front of the markets the ECB must do like the FED the CHINESE bank the JAPANESE bank cannot be used ESM is criminal	22.402206
Fri Apr 17 11:36:07 +0000 2020	@AbeShinzo @AngelaMerkeICDU @JustinTrudeau @GiuseppeConteIT   WHOLE WORLD is SUFFERING Because of WORST RULERS of ALL @UN 5 P Ms + ALL @G7  Members   DECLARE WAR on CARTEL CAPITALISM Created by @G7   DECLARE WAR on TERRORISM Created by ALL @UN 5 P Ms	22.350443
Tue Mar 17 18:07:24 +0000 2020	@EU_Commission @EmmanuelMacron @AngelaMerkeICDU @VDombrovskis @@lemondefr @Le_Figaro When it comes to saving German banks and financing the Mes, let arrive migrants in Italy all is normal ... when Italy needs in emergency masks... the borders are closed	21.76323
Tue Mar 31 22:11:33 +0000 2020	@AngelaMerkeICDU @BorisJohnson @realDonaldTrump follow non-official data when it comes to China, please!	21.483652
Mon Mar 30 18:13:14 +0000 2020	@AngelaMerkeICDU Thanks, Jesus! Subject : The US Food and Drug Administration (FDA) has approved the use of the decades old anti-malaria drugs! 1. The story is Here! https://t.co/lr95tsUxnY Big Have international space information (ISI) ltd.. 香港 --- 鄺祖良@! Thanks, Jesus! 11	21.21089
Fri Mar 13 06:34:12 +0000 2020	@AngelaMerkeICDU  Thanks, Jesus! Subject : Important News : Alibaba Cloud Global Free Virus Detection Completes Gene Comparison in 60 Seconds 1. https://t.co/lMUaVNBQez 2. The Website Chinese! https://t.co/SXwKJUO11j 3. God can open the river on the desert! 香港鄺祖良@! Jesus! 11	20.599138
Mon Apr 06 00:23:44 +0000 2020	@AngelaMerkeICDU My dear and admired Lady. My girlfriend of foreign origin is serving Greater Germany she's a doctor and is a volunteer in the Covid19 patient area,I think the least he deserves is my company. Please, these cases should be valid in order to cross the border. Thank	20.32142
Mon Mar 16 20:07:09 +0000 2020	@AngelaMerkeICDU why the heck is Germany not under a lock down? Economics can and should take a back seat now. Now or never! Temporary damage to economy vs permanent damage. You choose! Auf wiedersehen!	19.071226
Wed Mar 04 12:41:26 +0000 2020	@AngelaMerkeICDU  @EUCouncil  @EU_Commission  These are the people you want us to consider for asylum? What are they capable of, if they're willing to hurt/sacrifice their own children? What would they be capable of, once in the EU? Think of the future, NOT the present!	18.97001
Thu Mar 26 07:52:09 +0000 2020	@AngelaMerkeICDU @BorisJohnson @realDonaldTrump @KremlinRussia_E @JustinTrudeau @narendramodi  An international tribunal must be set up to fix the level of responsibility on Chinese bio warfare  Wuhan Chinese Virus, colossal losses, and other socio economic fall outs	18.863998
Sat Apr 11 14:14:05 +0000 2020	@AngelaMerkeICDU Trump, did you see the Chinese recovery? The town is full of people and lively. Sightseeing spots are full.China will quickly recover and overtake the United States to take over world supremacy. The United States gives China the best position in the world.	17.991997
Tue Mar 24 07:31:36 +0000 2020	@AngelaMerkeICDU Dear Mrs. Angela Merkel, tell your doctor (I have twitted yestarday) to read following link to understand the value of my scientific information. Have you been informed that you are positive for COVID-19? https://t.co/SPI1njapqS	17.15102
Sun Apr 05 23:55:34 +0000 2020	@AngelaMerkeICDU Thanks, Jesus! Subject : New York 1100 people hydroxychloroquine stills not result yet, but  the DATA should be answer! 1. https://t.co/FYUQISZm0Z 2. https://t.co/5SHFRmV8tZ 3. It is an unproven durg for Coronavirus! clKwong@! 香港 --- 鄺祖良@! Thanks, Jesus! 11	16.89765
Sat Mar 21 05:58:01 +0000 2020	@AngelaMerkeICDU Thanks, Jesus! Subject : Trust is built on LIFE! ABC News (Australian Broadcasting Corporation) reproted a recovered patient's alived road! 1. That is the ABC News report! https://t.co/NikpkuU0A8 2. The Website is Chinese! https://t.co/5kbKqQCCmE Thanks, Jesus!11	16.849033
Fri Apr 03 01:40:40 +0000 2020	@JustinTrudeau @AngelaMerkeICDU @BorisJohnson @KGeorgieva @ariannahuff   If our leaders are so concerned for the well-being of our electorates, legislate a #COVIDBANKFREEZE while we recover.  Private commercial banks need to shoulder their share too.  They can afford it.	16.70497
Wed Mar 04 18:21:57 +0000 2020	@AngelaMerkeICDU The Greek prime minister must be prosecuted for genocide against humanity for crimes he is commiting at Turkey-Greece border. The Greek army is killing bare-hand refugees using gunfire. Few died since this morning and may are injured. #SOS_TURKEY_GREEK_BORDER	16.52605
Wed Mar 04 12:11:09 +0000 2020	@AngelaMerkeICDU  The Greek prime minister must be prosecuted for genocide against humanity for crimes he is commiting at Turkey-Greece border. The Greek army is killing bare-hand refugees using gunfire. Few died since this morning and may are injured. #SOS_TURKEY_GREEK_BORDER	16.52605
Wed Mar 11 16:43:51 +0000 2020	@EmmanuelMacron @AngelaMerkeICDU Closing business deals is not the way to confront a radical islamist who blackmails to end your civilization by flooding the union with illegal immigrants and terrorists. It requires hard measures that eliminate the threat or minimize its effects	16.254868
Mon Mar 16 03:29:22 +0000 2020	@realDonaldTrump @BorisJohnson @ScottMorrisonMP @matteosalvinimi @AngelaMerkeICDU @JustinTrudeau @netanyahu @EmmanuelMacron @AbeShinzo A few made money out of a Multicultural Wet Dream? Now we see the cost to our communities. Our people are killed &amp; replaced by Foreign Students.	16.254772
Sat Mar 14 05:57:49 +0000 2020	@AngelaMerkeICDU  Do not give money to the Sultan. Don't give up arms! https://t.co/dUwIPbHY7m	16.002172
Tue Mar 31 07:09:32 +0000 2020	"@AngelaMerkeICDU Dear Mrs Merkel. I didn't hear a single sound from your mouth, yet, to condemn the antiliberal anti democratic ""special powers"" law in Hungary. If you let create a fascist/nazi country in Hungary the risk this will grow to other eastern countries. Waiting ..."	15.927286
Sun Mar 29 08:12:26 +0000 2020	@AngelaMerkeICDU The denial of economic support without economic interests, at this moment, looks very much like the notorious gas chambers of historical memory.  Hopefully everyone will remember.  Regards	15.885993
Sun Mar 29 16:05:26 +0000 2020	"@AngelaMerkeICDU  Respected madam In aayurveda "" alum water"" can treat Viral sore throat problems   I believe it can help you in your fight against corona virus #covid19  Best regards  Abhinay"	15.655097
Wed Mar 11 17:06:03 +0000 2020	@AngelaMerkeICDU  Turkish F-16s flew over Greece today to Evros. https://t.co/N3jjb0kZw1	15.447924
Thu Mar 05 11:50:58 +0000 2020	@AngelaMerkeICDU #StopViolence2Refugees #OpenBorders2Refugees Greek prime minister to stand trial for genocide against Turkish-Greek border refugees and crimes against humanity   🙏🙏	15.059408
Sat Mar 21 19:20:36 +0000 2020	@AngelaMerkeICDU @AngelaMerkelMES @bbc @washingtonpost @nytimes @lemondefr @lindependant @CorriereSega @thetimes  The spanish government don't like to close Madrid, the great coronavirus center. Help Catalunya: https://t.co/5uO79WdlCX	14.915245
Wed Apr 22 19:27:41 +0000 2020	@AngelaMerkeICDU Just like Europe needed the Marshall Plan, the EU now needs a similar plan from Germany &amp; the other wealthy Northern EU members.	14.544815
Sat Mar 28 16:18:56 +0000 2020	@AngelaMerkeICDU For every action there is always equal and opposite reaction. Covid19 is the action of China due to which whole world is facing this pandemic now the reaction should be snatch Veto power from China.	14.512032
Sat Mar 14 09:43:08 +0000 2020	@realDonaldTrump @POTUS @WhiteHouse is RIGHT and @AngelaMerkeICDU is 1000 % WRONG	14.21587
Sun Mar 15 08:48:37 +0000 2020	"@AngelaMerkeICDU @ScottMorrisonMP @MattHancock @BorisJohnson Hi, Oz, Hi Germany, according to ""Matt Hancock"" he claims that your following the ""herd immunity"" approach in your country? please can you confirm? were about to murder 1% = 440,000 English! https://t.co/QLP523ywfD"	13.790115
Wed Apr 01 04:39:35 +0000 2020	@AngelaMerkeICDU Thanks, Jesus! Subject : Hydroxychloroquine therapy was reducing that recovery time. 1. https://t.co/dRWit6IwFX 2. Marcus Zervos https://t.co/v4aOY85R2g 3. The FDA had not approved the drug to treat COVID-19 as of March 31, but doctors could still prescribe it.11	13.653771
Sun Apr 05 04:40:21 +0000 2020	@AngelaMerkeICDU H'ble Madam, still ,we hope &amp;praying to Maa Durga ji/Suprem power , you will get healthy , all the people's of German /Europe, Lord Jesus, give motivation to fight  ,against Corona disasters (any negative energy ) eeveryone will get healthy ,yours well wisher	13.523384
Fri Mar 13 18:09:58 +0000 2020	@AngelaMerkeICDU By destroying DNA and RNA, it also destroys viruses.Any denaturing agents that are harmless to the human body are administered to the human body to treat the disease.	13.449219
Thu Apr 23 12:12:49 +0000 2020	@AngelaMerkeICDU German chancellor Angela Merkel has confirmed on her Twitter page that the virus for Corona, has been confirmed to be tested for 200 people age between 15 and 55. America is in the fight against such release since it desperately wants to patent	13.245898
Wed Mar 04 11:32:16 +0000 2020	@AngelaMerkeICDU Greek prime minister to stand trial for genocide against Turkish-Greek border refugees and crimes against humanity.	12.881807
Wed Mar 04 14:56:01 +0000 2020	@AngelaMerkeICDU Greek prime minister to stand trial for genocide against Turkish-Greek border refugees and crimes against humanity	12.881807
Fri Mar 13 02:11:51 +0000 2020	@AngelaMerkeICDU Thanks, Jesus! Subject : Alibaba DAMO Academy AI System is now being used by 26 hospitals in China and has helped diagnose over 30,000 cases! 1. https://t.co/hSuWmU8bDP 2. https://t.co/DrsoJp6YvY clkwong@! 香港鄺祖良@ Thanks, Jesus! 11	12.585655
Fri Mar 13 18:09:04 +0000 2020	@AngelaMerkeICDU New coronavirus, my treatment suggestion The basic structure of a virus is a particle composed of a nucleic acid at the center of the particle and a protein shell called a capsid that surrounds the nucleic acid.Nucleic acids are DNA and RNA.	12.41559
Wed Apr 01 02:23:18 +0000 2020	@AngelaMerkeICDU 699 cases successful on Coronavirus! 1. That is! https://t.co/PYL6AruWjU Big Have international space information (ISI) ltd.. Mr.Truth and only Truth clkwong@! 香港鄺祖良@! Thanks, Jesus! 11	12.310503
Tue Mar 17 10:15:15 +0000 2020	@AngelaMerkeICDU , Greed fighter . Many thanks 😊 for spreading trust and believe in humanity .you are a heroine 🦸‍♀️.Greed must stop 🛑. Love ❤️ and respect ✊🏻. https://t.co/Te3m6nwm59	12.193899
Mon Mar 23 22:43:38 +0000 2020	@realDonaldTrump @antonioguterres  @AngelaMerkeICDU @HelgaSchmid_EU @HMATehran @SwissEmbassyIr @margotwallstrom @JustinTrudeau @EmmanuelMacron @ItalyinIran @AbeShinzo  Do you want to help Iranian people? If yes Don't pay any money to    #IslamicRepublicVirus	12.110908
Thu Apr 23 08:40:01 +0000 2020	@AngelaMerkeICDU, you are a smart lady.. when the the #CCPVirus's propaganda channel spends 50% of its time praising @WHO... don't you think something might be off? Come on.. how dense are you?	12.084488
Sat Mar 28 05:07:34 +0000 2020	@realDonaldTrump @WHO @UN @netanyahu @AbeShinzo @BorisJohnson @AngelaMerkeICDU @GiuseppeConteIT Pull out Veto power and UN Membership right from China. China is a threat to humanity. Whole world locked down suffering due to China. Sleeping Human rights organisation.	11.595098
Tue Mar 17 01:04:09 +0000 2020	@AngelaMerkeICDU Thanks, Jesus! Subject : Positive and Trust information  COVID-19! 1. A team of Australian researchers say they’ve found a cure for the novel coronavirus and hope to have patients enrolled in a nationwide trial by the end of the month. https://t.co/jkQp4hRGL1 11	11.529737
Thu Mar 05 08:58:09 +0000 2020	"@eucopresident @guyverhofstadt @FranckenTheo @antonioguterres @AngelaMerkeICDU @EmmanuelMacron @JLMelenchon @HeikoMaas @BelgaNewsAgency  ""HOW LOW"" CAN YOU GO ??? TO ATTACK CIVILIANS WITH A DOUBLE TAP (AIR)STRIKE/BOMBARDEMENT ??? HELLO WORLD!!! STOP RUSSIA/SYR. REGIME !!!"	11.32373
Thu Apr 09 10:02:23 +0000 2020	@EU_Commission @POTUS  @realDonaldTrump  @EmmanuelMacron  @BorisJohnson  @AbeShinzo  @AngelaMerkeICDU  @ratasjuri  @MoFA_Indonesia  Ahead of UN security meeting I demand strong actions against China.	11.285227
Fri Apr 03 20:47:04 +0000 2020	@AngelaMerkeICDU @realDonaldTrump @EmmanuelMacron @GiuseppeConteI @BorisJohnson  and other leaders,we are in crisis,after we all hopefully come out of this alive,will the world and international organisations stand United against this crime against humanity?	11.267965
Sun Mar 15 12:41:52 +0000 2020	"@AngelaMerkeICDU OK with you?  ""Trump has sought exclusive rights to a vaccine for the coronavirus which is being developed by a German-based company, CureVac"" and ""offered large sums of money"".  https://t.co/QCS4PGPU04"	11.003254
Thu Mar 19 19:30:55 +0000 2020	"@AngelaMerkeICDU Boris Johnston says they can get over Covid19 in 12 weeks ""With (community) determined  collective action"". WHY if humans can do this to save their skins from a Health Threat, WILL WE JUST RETURN TO THE SAME CLIMATE CHANGE COLLECTIVE INACTION once Covid19's past?"	10.95192
Tue Mar 31 22:09:13 +0000 2020	@EmmanuelMacron Mr Macron, I look up to you from #USA, @JustinTrudeau, @AngelaMerkeICDU &amp; all the people, not of just those who work in healthcare facilities, but all of the #EuropeanUnion, #Canada &amp; the rest of the world that are doing whatever they can to slow transmission of #COVID19 @SkyNews	10.47938
Sun Mar 22 18:36:38 +0000 2020	@AngelaMerkeICDU PEACE BE WITH YOU, MAY YOUR COURAGE LIGHT YOUR PATH, YOU WILL BE FINE!❤❤❤❤❤❤❤❤❤	10.205907
Fri Mar 20 23:42:10 +0000 2020	@AngelaMerkeICDU @BMG_Bund Is there something Germany is using in its management of Corona cases that despite having same cases as US   fatality rate is remarkably low?  Can you share something with rest of the world? @WHO @ICMRDELHI @CDCgov https://t.co/1gMwA8jVK6	10.112257
Wed Apr 22 19:55:23 +0000 2020	"@JustinTrudeau @AngelaMerkeICDU We appreciate all you do. The 17th annual Global Love Day is May 1 with the theme ""Celebrating Our Humanity."" Thank you for sharing the vision of love with us.  @globalloveday https://t.co/xXxi71W4j6"	9.948448
Thu Mar 05 18:03:27 +0000 2020	@AngelaMerkeICDU All the politicians of the world should grasp from PM Modi the secret of how to become a lovable&amp;successful leader&amp; politician,he is selfless man, - no interest in money,women&amp; position to enjoy the wordly pleasures but only to serve.	9.874376
Sun Mar 15 13:41:05 +0000 2020	@AngelaMerkeICDU please stay strong. We need this vaccine in the hands of government, not neo liberal pharmaceutic compagnies out of #USA @realDonaldTrump is a hawk. This is insane. https://t.co/ag7Ntw7iID Trump administration is trying to get exclusive rights. This is criminal.	9.685303
Sat Mar 14 12:47:49 +0000 2020	@AngelaMerkeICDU You're playing with people's lives for the sake of you economy. What's the difference between you and the dictatorships in China and Iran? #coronavirus #merkel #angelamerkel #COVID19	9.679826
Fri Mar 27 08:43:05 +0000 2020	@AngelaMerkeICDU You don't think you're the boss of Europe. You are only the Chancellor of Germany, not the EU. I don't know what the EU is for, since it has no solidarity between the states. You only like money, not health. If you continue in that position, you will pay dearly.	9.3017845
Tue Apr 21 21:06:51 +0000 2020	@AngelaMerkeICDU Help .save us from dictator crazy Sisi  He slaves me and trying to kill many army dony protect us  I'm facing death by the hands of didi and his followers and his criminal minister of heath	9.256891
Fri Mar 27 07:38:53 +0000 2020	@AngelaMerkeICDU The way you think Europe, the way you put capitalist economy First, the way you think people relationship in Europe, all your shaming vision of Europe Is the new Nazifascism! Shame!	9.250816
Mon Apr 06 04:02:47 +0000 2020	@KremlinRussia_E @EmmanuelMacron @BorisJohnson @AbeShinzo @AngelaMerkeICDU @JustinTrudeau @GiuseppeConteIT @KingSalman  @UN     I LOVE WORLD SEVEN Billion Human Beings BORN on EARTH Like I LOVE My DAUGHTER &amp; My SON   I USE My #HEAD to Practice RIGHTEOUSNESS https://t.co/wpx4cN2thF	9.187231
Thu Mar 19 19:48:25 +0000 2020	@AngelaMerkeICDU Long time before europe can trust china	8.884872
Thu Mar 12 12:45:10 +0000 2020	@EmmanuelMacron @AngelaMerkeICDU  Turks want to travel to the EU without a visa.  As if it were a member state.  The answer to the blackmail should be NO..... https://t.co/LymtGiRveO	8.500508
Mon Apr 20 17:11:28 +0000 2020	@AngelaMerkeICDU  covid-19 is a lab made virus.  This planet has not seen a virus like this where 55% of people are asympomatic carriers ( like human lab rat typhoid mary ) who will infect others in future.  Asymptomatic patients can be activated by 5g https://t.co/UD8BhCUxPF	8.355982
Sun Mar 15 04:33:35 +0000 2020	@realDonaldTrump @POTUS  @CIA  @BorisJohnson @AbeShinzo @AngelaMerkeICDU @JustinTrudeau @GiuseppeConteIT     World Needed :  World PARLIAMENT   and   Global Bank &amp; Global CURRENCY to Create PERFECT CAPITALISM   and   World Trade in Global CURRENCY PRICES	8.058435
Mon Apr 06 17:48:22 +0000 2020	@AngelaMerkeICDU, What happens tomorrow will depend on whether the common European project is strengthened or self-destructing. It depends on you, on nobody else. Please be very aware of what you are gambling with. I hope that you are up to Europe. Thank you.	7.9861073
Wed Mar 25 09:11:20 +0000 2020	"@AngelaMerkeICDU ""every cloud has a silver lining"" Coronavirus Pandemic’s  Negative Dashboard→ Confirmed cases:375498 Confirmed deaths:16362 And Positive Dashboard: Suddenly, there are no Hindus, Muslims, Christians and Sikhs! Only humans."	7.8718443
Tue Mar 17 00:27:37 +0000 2020	@realDonaldTrump @POTUS @KremlinRussia_E @Xijinping @EmmanuelMacron @BorisJohnson @AbeShinzo @AngelaMerkeICDU @JustinTrudeau @narendramodi @jairbolsonaro @CyrilRamaphosa @ScottMorrisonMP World Needed :   World  PARLIAMENT   Global Bank &amp; Global CURRENCY https://t.co/KkAxlvxAgt	7.3995013
Wed Mar 04 16:56:08 +0000 2020	@AngelaMerkeICDU H'ble Madam' last six years ' as we find ,Modi &amp;BJP govt day by day crimes in innocents of Indian , behind the CAA/Other Un-nesseray Act/Bills' so we have decided now,  all kinds of ventilation /afflitions /support from Modi /bjp govt ' we will remove ' thank you	7.382829
Mon Mar 23 11:41:06 +0000 2020	@AngelaMerkeICDU we pray 4 u Angela hope recover soon😃	7.302325
Wed Apr 22 06:53:57 +0000 2020	@realDonaldTrump @POTUS @KremlinRussia_E @Xijinping @EmmanuelMacron @BorisJohnson @AbeShinzo @AngelaMerkeICDU @JustinTrudeau @narendramodi   WORLD Needed :  WORLD PARLIAMENT  Global BANK &amp; Global CURRENCY   CLOSE @UN @WHO @wto @IMFLive @WorldBank https://t.co/ssUphx78I6	7.2184396
Sat Feb 22 15:13:30 +0000 2020	@AngelaMerkeICDU Exploitation-Employee@Risk Outrageous OfPower&amp;Stinking CowardiceActby CEO,DirectorHRManagerRiskManagerEthic&amp;legalTeam likeMAFIA FundamentalRightToWork CompromisedWithMultiple threat ITCompanyUSA-BodyShopping inIndia Influencing Manipulating LAW WhatToDo?UrView's	7.182074
Fri Apr 03 21:42:46 +0000 2020	@AngelaMerkeICDU @POTUS44 @SpeakerPelosi @SenWarren @SCOTUS @BernieSanders Audi Palo Alto is fine. I’m putting in an order for seven SQ8 models with no paint whatsoever, and no internet capabilities and no cell phone capabilities. Bluetooth is fine.	6.5692277
Thu Mar 26 10:31:45 +0000 2020	Poor Protocol for Covid-19, This is now #LopezLiesToTheWorld #g20 #COVID19mx #COVIDー19mx @AngelaMerkeICDU  @alferdez  @JustinTrudeau @XiJingpingReal @TheBlueHouseENG @realDonaldTrump @EmmanuelMacron @narendramodi @jokowi @CasaReal @g20org @ONU_es @FMInoticias @opsoms https://t.co/v9S5joPM0M	6.496374
Wed Mar 25 08:34:04 +0000 2020	@POTUS  @realDonaldTrump  @narendramodi  @narendramodi_in  @AbeShinzo @AngelaMerkeICDU  @IsraeliPM  @netanyahu  China must dragged into International Court and of its UNSC seat &amp; VETO Power. Economically Boycott China. #ChinaLiedPeopleDied  #BoycottChina #Chinese_Virus	6.321249
Wed Mar 25 08:37:11 +0000 2020	@POTUS  @realDonaldTrump  @narendramodi  @narendramodi_in  @AbeShinzo @AngelaMerkeICDU  @IsraeliPM  @netanyahu  China must be dragged into International Court and stripped of its UNSC seat &amp; VETO Power. Economically Boycott China #ChinaLiedPeopleDied  #BoycottChina #Chinese_Virus	6.169789
Thu Mar 05 10:50:05 +0000 2020	@AngelaMerkeICDU  is There any Greek border Security ?	6.052903
Wed Mar 25 07:34:49 +0000 2020	@AngelaMerkeICDU  Every free man is a citizen of this country! Happy birthday to my homeland! https://t.co/TW4XsX510B	6.0498977
Sat Mar 21 20:46:39 +0000 2020	@AngelaMerkeICDU Madam Chancellor, Kindly react ASAP and lock down entire #Germany for 1 week to avoid exponential spreading of #CoronavirusPandemic	5.962041
Wed Mar 25 17:28:14 +0000 2020	"@AngelaMerkeICDU H'ble Madam' one behalf of ""CoronaVirus "" behind , we need to ground reality , it could be ""international Biological Terror Attack "" we could identify , we could safe crores of people's in our nation, thank you"	5.887647
Fri Mar 27 08:46:12 +0000 2020	@narendramodi @htTweets @the_hindu @IndiaToday END THE LOCKDOWN IN KASHMIR @UN @AngelaMerkeICDU @EmmanuelMacron END THE LOCKDOWN IN KASHMIR NOW CORONA CRISIS MAKES THIS CRIME AGAINST HUMANITY EVEN MORE CRIMINALS!!!!!	5.7765565
Mon Mar 30 22:21:08 +0000 2020	@AngelaMerkeICDU Thanks, Jesus! Subject : COVID-19 Effective Drug --- Real Story! 1. Hydroxychloroquine! https://t.co/xerq4RHNbM Big Have international space information (ISI) ltd.. Mr.choleungKwong@! Mr.Truth and only Truth clkwong@! 香港 --- 鄺祖良@! Thanks, Jesus! 11	5.7560363
Thu Mar 12 20:19:36 +0000 2020	@AngelaMerkeICDU Thanks, Jesus! Subject : Saving lives from COVID-19 severe! 1. That is! https://t.co/ssXA3S08fm Big Have international space informaiton (ISI) ltd.. Mr.choleungKwong@! Mr.Truth and only Truth clkwong@! 香港 --- 鄺祖良@! Thanks, Jesus! 11	5.692413
Sun Mar 22 23:14:15 +0000 2020	@AngelaMerkeICDU Thanks, Jesus! Subject : USA COVID-19 Clinical Trials! 1. That is! https://t.co/BW38ewjwxM Big Have international space information (IsI) ltd.. Mr.choleungKwong@! Mr,Truth and only Trth clkwong@! 香港 --- 鄺祖良@! Thanks, Jesus! 11	5.692413
Wed Mar 25 09:08:12 +0000 2020	"@POTUS @realDonaldTrump @narendramodi @AngelaMerkeICDU @EmmanuelMacron @europeanunion initiate punitive damages  ""economic blockage"" of Chinese 🐖 ; impose ruthless effective permanent sanctions; throw yellow virus outta of ""UNSC"" &amp; dismantle ""WUHAN HEALTH ORG"" (WHO RASCALS)"	5.65138
Sun Feb 23 01:21:56 +0000 2020	@AngelaMerkeICDU Thanks, Jesus! Subject : ‘Pakistan has effective drug for COVID-19’ 1. That is! https://t.co/l8kfTfA3cx Big Have international space information (ISI) ltd.. Mr.choleungKwong@! Mr.Truth and only Truth clkwong@! 香港 — 鄺祖良@! Thanks, Jesus! 11	5.6301813
Sat Feb 22 20:03:11 +0000 2020	@AngelaMerkeICDU Thanks, Jesus! Subject : COVID-2019 Dawn:Sichuan's first batch of 90,000 chloroquine phosphate drugs donated to Hubei! 1. https://t.co/onexZJPPnw 2. The Website Chinese! https://t.co/fCfY6lllXn Big Have international space information (ISI) ltd.. Thanks, Jesus!11	5.6301813
Sun Mar 29 00:53:52 +0000 2020	@AngelaMerkeICDU Thanks, Jesus! Subject : Chloroquine drugs treatment clinical trials! 1. The Website is written by Chinese,please translating! https://t.co/Ahx9kcb19N Big Have international space information (ISI) ltd. Mr.choleungKwong@! Mr.clkwong@! 香港鄺祖良@ Thanks, Jesus!11	5.6301813
Sat Apr 11 06:58:42 +0000 2020	@AngelaMerkeICDU Thanks, Jesus! Subject : Hope of Seriously Coronavirus  patients! 1. Here --- Good News of Compassionate Use of Remdesivir! https://t.co/s632X2KMXy Big Have international space information (ISI) ltd.. Mr.choleungKwong@! clkwong@! 香港 -- 鄺祖良@! Thanks, Jesus!11	5.6301813
Sun Apr 19 18:11:26 +0000 2020	@POTUS @Abesinzo @AngelaMerkeICDU @EmmanuelMacron @realDonaldTrump @narendramodi @KremlinRussia_E @GiuseppeConteIT A irresponsible  #China has lost all its credibility to continue as #UNSC  permanent member. Plz act  for it's crime against humanity.#COVID19 #ChinaLiedPeopleDied	5.5714006
Wed Mar 11 02:12:08 +0000 2020	@AngelaMerkeICDU Thanks, Jesus! Subject : Chloroquine phosphate works for COViD-19! 1. Chloroquine phoshpate trails was reported by Academician Zhong Nanshan! https://t.co/2DIc8YsSAg Big Have international space information (ISI) ltd.. Mr.clkwong@! 香港 鄺祖良@! Thanks, Jesus! 11	5.569295
Tue Mar 17 20:14:35 +0000 2020	@AngelaMerkeICDU Thanks, Jesus! Subject :  Oklahoma Medical Research Foundation is testing Chloroquine drug! 1. That is! https://t.co/BXi2J93bUN Big Have international space information (ISI) ltd.. Mr.choleungKwong@! Mr.Truth and only Truth clkwong@! 香港鄺祖良@! Thanks, Jesus!11	5.569295
Tue Mar 31 16:10:31 +0000 2020	@AngelaMerkeICDU  Thanks, Jesus! Subject : A Report on Successful Treatment of Coronavirus! 1. That is! https://t.co/042ioKlT6Q Big Have international space information (ISI) ltd.. Mr,choleungKwong@! Mr.Truth and only Truth clkwong@! 香港 --- 鄺祖良@! Thanks, Jesus! 11	5.569295
Wed Mar 11 03:59:30 +0000 2020	@AngelaMerkeICDU Thanks, Jesus! Subject : The Wonderful Job of Tiahe2 SuperComputer! 1. It works excellent! https://t.co/qlHoyxTvhk 2. The Website is Chinese! https://t.co/bp4lnEf0hc Big Have international space information (ISI) ltd.. Mr.clkwong@!  香港鄺祖良@! Thanks, Jesus! 11	5.5097113
Tue Mar 03 04:48:49 +0000 2020	"@AngelaMerkeICDU Thanks, Jesus! Subject : Facing the ""danger"" and ""opportunity"" of the epidemic! 1. https://t.co/rAq53nX8eM 2. https://t.co/CHmhXbmOoy Big Have international space information (ISI) ltd.. Mr.choleungKwong@! Mr.Truth and only Truth clkwong@! 香港 鄺祖良@! Jesus! 11"	5.5097113
Wed Mar 11 23:27:22 +0000 2020	@AngelaMerkeICDU Thanks, Jesus! Subject : World Fast supercomputer for COVID-19 drug treatment! 1. https://t.co/VelbZN2y39 2. https://t.co/wrD8hRSWOK 3. https://t.co/MjYnVOMsPA Big Have international space information (ISI) ltd.. clkwong@! 香港 --- 鄺祖良@! Thanks, Jesus! 11	5.5097113
Wed Mar 11 21:32:42 +0000 2020	@AngelaMerkeICDU hanks, Jesus! Subject : IBM Summit is finding Covid-19 drug treatments! 1. https://t.co/wrD8hRSWOK 2. https://t.co/MjYnVOMsPA Big Have international space information (ISI) ltd.. Mr.choleungKwong@! Mr.Truth and only Truth clkwong@! 香港鄺祖良@! Thanks, Jesus! 11	5.5097113
Thu Mar 12 02:48:13 +0000 2020	@AngelaMerkeICDU Thanks Jesus! Subject :  Italy is in the treatment of Coronavirus al Tocilizumab! 1. https://t.co/3rMpj9ib8h 2. The Website is Italian. https://t.co/DsbOxFhsa0 Big Have international space information (ISI) ltd.. Mr.choleungKwong@! clkwong@! 香港鄺祖良@! Jesus!11	5.5097113
Tue Mar 17 09:12:41 +0000 2020	@AngelaMerkeICDU Thanks, Jesus! Subject : Chloroquine + Zinc for Novel Coronavirus Disease! 1. Video shows off! https://t.co/1lvzcarYyT 2. https://t.co/BTZNdhLyc3 Big Have international space information (ISI) ltd.. Mr.Truth and only Truth clkwong@! 香港 鄺祖良@ Thanks, Jesus! 11	5.5097113
Tue Mar 17 14:41:57 +0000 2020	@AngelaMerkeICDU Thanks, Jesus! Subject : French researcher posts successful Covid-19 drug trial! 1. https://t.co/xWO366Piqy 2. https://t.co/wC55nCzCsU Big Have international space information (ISI) ltd.. Mr.Truth and only Truth clkwong@! 香港 --- 鄺祖良@! Thanks, Jesus! 11	5.5097113
Mon Mar 16 21:19:56 +0000 2020	@AngelaMerkeICDU Thanks, Jesus! Subject : Australian researchers claim two existing drugs could 'cure' COVID-19 after patients they tested responded 'very well' to treatment! https://t.co/jvv30iwGDn Big Have international space information (ISI) ltd.. clkwong@! 香港 鄺祖良@! 11	5.5097113
Sat Mar 28 02:20:13 +0000 2020	@AngelaMerkeICDU Thanks, Jesus! Subject : Lianhuaqingwen is effective and cheapest drug for COVID-19 ! only costUS$2.00. 1. China's Online Shopping (Chinese) and can be shipping to Shenzhen , can send to Hong Kong for International buying! https://t.co/1auu1b8GPP Thanks, Jesus!11	5.5097113
Wed Apr 08 07:08:39 +0000 2020	@AngelaMerkeICDU IT IS RIDICULOUS, A COUNTRY (USA), JUDGING ITSELF BETTER AND SUPERIOR TO THE OTHER MEMBERS OF AN INTERNATIONAL ORGANIZATION (OMS, ONU, OTAN, ETC.), WANTING TO CONTROL THEM, FINANCIALLY, AS IF THEY WERE A ANONYMOUS SOCIETY , AND DICTATE ORDERS AND THREATS.	5.5097113
Thu Apr 02 09:59:31 +0000 2020	@AngelaMerkeICDU H'ble Madam, still we are praying to Lord Jesus,  you will get healthy  soon , we also hope , very shortly ,we will recover from any Kinds of Disaster  (all negative energy ), ....we all should think positive any gd/bad conditions , yours well wisher	5.41052
Fri Feb 21 23:26:36 +0000 2020	@AngelaMerkeICDU Thanks, Jesus! Subject : Good News for fighting COVID-2019! 1. https://t.co/4cuYXl3DWG 2. https://t.co/YcAeHuoVT7 3. https://t.co/b0jqOpCUmw 4. https://t.co/k2cDiKpgGZ Big Have international space information (ISI) ltd.. Mr.clkwong@! 香港鄺祖良@! Thanks, Jesus!11	5.3942895
Wed Mar 04 23:50:38 +0000 2020	@AngelaMerkeICDU Thanks, Jesus! Subject : Stem Cell for COVID-19! 1. The stem cell! https://t.co/JRtYsdswld 2. The Web site is Chinese! https://t.co/PTyH0C2GZl Big Have international sMr.choleungKwong@! Mr.Truth and only Truth clkwong@! 香港 --- 鄺祖良@! Thanks, Jesus! 11	5.3942895
Tue Mar 17 01:36:39 +0000 2020	@AngelaMerkeICDU Thanks, Jesus! Subject : Cure Drug Video! 1. Believe or Unbelieve that God can open the river on the desert! https://t.co/8XMfwIOtQm Big Have international space information (ISI) ltd.. Mr.choleungKwong@! Mr.Truth and only Truth clkwong! 香港 -- 鄺祖良@! Jesus!11	5.3942895
Thu Mar 19 08:42:26 +0000 2020	@AngelaMerkeICDU Thanks, Jesus! Subject : The Official TCM Formula That’s Successfully Treating COVID-19 Patients In China! 1. Qing Fei Pai Du Tang Formula Composition! https://t.co/sXmlIUpPUZ Big Have international space information (ISI) ltd.. Mr.clkwong@! 香港鄺祖良@! Jesus!11	5.3942895
Wed Mar 18 02:14:05 +0000 2020	@AngelaMerkeICDU Thanks, Jesus! Subject : 75% patients were cured after six days! 1. https://t.co/D5zWDlvqkn 2. https://t.co/9Q7kyyZE4H 3. https://t.co/wC55nCzCsU Big Have international space information (ISI) ltd.. Mr.Truth and only Truth clkwong@! 香港 鄺祖良@! Thanks, Jesus!11	5.3942895
Fri Mar 27 21:34:11 +0000 2020	@AngelaMerkeICDU Thanks, Jesus! Subject : China has provided 100,000 boxes of Lianhua Qingwen to hard-hit Italy. 1. https://t.co/rOOg2azRtn 2. https://t.co/RHxhxNW1Z1 3. https://t.co/rOOg2azRtn Big Have international space information (ISI) ltd.. 香港 鄺祖良@! Thanks, Jesus! 11	5.3942895
Thu Apr 09 21:29:50 +0000 2020	@AngelaMerkeICDU Thanks, Jesus! Subject :  Interleukin 6 (IL-6), an important pathway that induces inflammatory storms! 1. That is! https://t.co/ftnJPxU4FP 2. The Website is Chinese! https://t.co/hsAq2ZHgWm Big Have international space information (ISI) ltd.. 香港鄺祖良@ Jesus!11	5.3942895
Thu Mar 05 01:21:24 +0000 2020	@AngelaMerkeICDU Thanks, Jesus! Subject : Good News! The Stem cell treatment has a good result! 1. That is! https://t.co/00E8NtZmVO 2. The Website is Chinese! https://t.co/vJddRCWloe Big Have international space information (ISI) ltd.. clkwong@! 香港 --- 鄺祖良@! Thanks, Jesus!11	5.283604
Thu Mar 26 01:57:22 +0000 2020	@AngelaMerkeICDU Thanks. Jesus! Subject : Oxford COVID-19 Evidence Service! 1. COVID-19 trials registered up to 8 March 2020—an analysis of 382 studies , proof Chloroquine worked! https://t.co/aGymuj49np Big Have international space information (ISI) ltd.. 香港鄺祖良@! Jesus! 11	5.283604
Sat Apr 04 21:27:03 +0000 2020	@AngelaMerkeICDU Thanks, Jesus! Subject : We had very good outcomes! 1. That is 38 of 47 patients of 3 drugs treated https://t.co/wvpnru42QH Big Have international space information (ISI) ltd.. Mr.choleungKwong@! Mr.Truth and only Truth clkwong@! 香港 -- 鄺祖良@! Thanks, Jesus!11	5.283604
Sat Feb 22 23:08:09 +0000 2020	@AngelaMerkeICDU Thanks, Jesus! Subject : The first batch of 6 million tablets is expected to be launched on February 25! 1. That is! https://t.co/hB2XSW4NsY 2. The Website  Chinese! https://t.co/GUCSrsdvuc Big Have international space information (ISI) ltd. 香港 鄺祖良@ Jesus!11	5.17737
Thu Mar 05 19:13:28 +0000 2020	@AngelaMerkeICDU Thanks, Jesus! Subject : It is US$20 trillion! 0. Dow Jones was 6,500 point at 2009! https://t.co/xoKv1Td1qu 1. https://t.co/02CuAT51uj 2. Now Dow Jones is 26,000 point! 3. It is US$20 trillion, isn't? Big Have international space information (ISI) ltd.. Jesus!11	5.17737
Tue Mar 03 10:29:25 +0000 2020	@eucopresident @guyverhofstadt @JLMelenchon @EmmanuelMacron @MinPres @tsipras_eu @FranckenTheo @AngelaMerkeICDU Hello Europe !!?  Show your values,show what humanity REALLY is and for all show REAL&amp;STRONG Leadership! Where Are You Europe ? Where Ist DU, EUROPA? C´est Où L´EUROPE?	5.1413174
Fri Apr 17 08:08:57 +0000 2020	@narendramodi @AmitShah @MohamedBinZayed @MohamedBinNawaf @chedetofficial @AngelaMerkeICDU @TamimBinHamad IF INDIA IS KILLING ITS MUSLIM MINORITY BY ALLOWING MOBS TO KILL INNOCENTS UNPUNISHED SHOULD INDIAN MINORITIES STAY PROTECTED ABROAD? PLEASE PROTECT MINORITIES EVERYWHERE!!!	5.1043353
Tue Mar 31 10:42:43 +0000 2020	"@AngelaMerkeICDU Madam, is the French economy for you a good ""business model""? Sincerely, Fabrice BOUSSEL 92290 Châtenay-Malabry France"	5.1010346
Mon Mar 23 18:15:32 +0000 2020	@realDonaldTrump @UN @UNESCO  @BorisJohnson @EmmanuelMacron  @AngelaMerkeICDU @narendramodi  @netanyahu @JustinTrudeau   The entire world should take strongest action against CHINA,for damages including removing from permanent membership of security council @KremlinRussia_E  @CNN	5.0850744
Mon Apr 20 11:47:58 +0000 2020	@AngelaMerkeICDU Pity the @conservatives + @BorisJohnson didn't look after their people like the great German nation does. UK PM behaving like a fool so much so he ended up in Intensive care. Now with the #COVIDー19 plateaued he hasn't a clue to open or keep people interned?	5.068303
Sun Mar 15 09:35:50 +0000 2020	@AngelaMerkeICDU Look what we can do the save our skins &amp; Economies from Covid19. Shut down whole countries businesses shops, restaurants theatres &amp; everyone stays home. Now let's wait to see what we do to save the planet, it's ecology, melting Poles &amp; all animal species in time?	5.0549526
Sat Mar 28 15:09:18 +0000 2020	"@AngelaMerkeICDU @JPN_PMO @realDonaldTrump @FLOTUS @BorisJohnson @narendramodi @DrSJaishankar Sir, Sorry to say that all of you powerful leaders are failed to understand the dangerous plan of ""China created virus"". Now face the consequence of dangerous China."	5.0374155
Tue Mar 17 06:47:14 +0000 2020	@POTUS @narendramodi @BorisJohnson @AngelaMerkeICDU @JPN_PMO @ScottMorrisonMP @jacindaardern @EmmanuelMacron  @WHO  It must be Wuhan CoronaVirus ...do not let the China Govt / WHO state otherwise .	4.880486
Wed Mar 04 10:32:22 +0000 2020	@AngelaMerkeICDU The Greek prime minister must strive for the genocide of refugees	4.8434963
Wed Mar 04 22:41:10 +0000 2020	@AngelaMerkeICDU You Do Understand? As The World Literally Worsens Everyday, It is Therefore Now Highly Essential, That You, Macron and Other EU Leaders Immediately Began Some Type of Restructure Plan, to Transition From The Coronavirus and Other Huge Never-Before Troubles?	4.7679505
Fri Apr 03 23:34:49 +0000 2020	@AngelaMerkeICDU Thanks, Jesus! Subject : Never fool Jesus around! 1. It is 1 milllion cases https://t.co/r8YoUT3AYH 2. Why does remdesirvir never never never has a FDA approval? https://t.co/qVYvJZ1EfW 3. Never fool Jesus around and Trust  is God who can open river on desert! 11	4.7374268
Sat Mar 14 20:29:41 +0000 2020	@AngelaMerkeICDU @EUCouncil @thevocaleurope @BBCWorld @libe @lemondefr @lesoir @guardian @SZ @berlinerzeitung @derspiegel madrid is the biggest virus focus in spain and crazy spanish MP keeps allowing a massive madrid exodus with trains, and refuses to protect catalonia Must act	4.713715
Sat Mar 21 11:53:30 +0000 2020	@realDonaldTrump @jairbolsonaro @EmmanuelMacron @BorisJohnson @AngelaMerkeICDU @GiuseppeConteIT @JustinTrudeau The world community has to take action against the Chinese Communist Party. They lied before and they are still lying, hence, endangering the lives of millions worldwide https://t.co/rTkRC637Jh	4.6916265
Mon Mar 23 20:24:04 +0000 2020	@EmmanuelMacron @EnsembleEMacron @AngelaMerkeICDU these are the European borders. ..or not ??	4.619404
Tue Apr 21 10:42:23 +0000 2020	@AngelaMerkeICDU with respect to this English translation of your heart felt speech. https://t.co/wSi25cswkt Bravo. Yes.   The actual leader of the free world at the moment.  The other candidates abdicated their responsibilities and did not lead nor inspire.	4.5093923
Fri Mar 27 10:04:50 +0000 2020	@realDonaldTrump @WHO @Nato @UN @AngelaMerkeICDU @EmmanuelMacron @Europarl_EN @vonderleyen @jensstoltenberg   this lunatic says thee WHO is the enemy. You better prepare for some idiot actions in future.	4.450851
Wed Mar 04 14:55:56 +0000 2020	@AngelaMerkeICDU Open your borders Don't sacrifice innocent children and women to politics	4.3738995
Tue Mar 03 20:34:15 +0000 2020	@AngelaMerkeICDU MAKE SURE to Learn something EVERY day of your life - OR you've wasted a day  - ANOTHER DAY TO KEEP UP THE PRESSURE trying to AWAKEN EVERY BODY to the SHEER FACT that THE MAN-MADE Global Warming catastrophe WILL inevitably IMPACT them, and/or their loved ones too	4.3608418
Sat Mar 14 04:31:01 +0000 2020	@AngelaMerkeICDU H'ble Madam' as we find &amp;noted .. Modi /bjp govt just against to minority/rural /Muslim people's,  across the country , So we decided , all kinds of Ventilation /afflitions /support from Modi ^bjp govt' we will remove , it's confirned from ourside , thank you	4.294093
Thu Mar 12 09:59:13 +0000 2020	"@AngelaMerkeICDU @GobernoAlem Its not being very fair for #Mekel Angela to spread Panic in entire Germany by Saying  "" 60 to 70 % of German population may get affected by #Corona Its highly insensitive to spread such fear panic &amp; Shock wave across the nation #germanycoronavirus"	4.2059827
Mon Apr 06 20:41:02 +0000 2020	@AngelaMerkeICDU since the issue of Coronavirus, all tge countries suffered! Have u thought about why there is the Coronavirus? What are the causes? Why this happened in Wuhan? Why it spread all over tge world? Can it be prevented? Hope all the free countries can be awaked!	4.192055
Thu Apr 09 19:08:01 +0000 2020	@AngelaMerkeICDU MEDE = TROIKA = POOR = DISASTER = INSOLIDARITY. Portugal-Spain-Italy are the TRENCH-WALL against the virus JUST NOW. Without our confinement and stopping ALL ECONOMY policy: can you allow the deaths instead of doing that brave act? People confined for weeks.	4.08839
Thu Mar 26 07:45:56 +0000 2020	@AngelaMerkeICDU Due 2 Corona Virus-What Should The World Do With CHINA-? Remove Fm UN seat-? Ban China &amp; his Export for World-? Pr-Planned-Wuhan infected-Not Entire China No Democracy in China, Hides virus info. &amp; Kills the Dr's who wants 2 tell This is the time to take action	4.0243855
Tue Mar 17 07:04:45 +0000 2020	@AngelaMerkeICDU  I am Ishii. The remedy for the novel coronavirus that I invented can be a vaccine. With the vaccine, everyone can live with peace of mind and go out. The economy is back. My remedy can also be a disinfectant. Let's disinfect everyone.	3.920611
Fri Apr 03 09:32:31 +0000 2020	@AngelaMerkeICDU Dear Prime Minister, your silence is becoming embarrassing. if you are a leader you have to prove it now. history is made here	3.9086976
Tue Apr 07 11:16:30 +0000 2020	@EU_Commission @POTUS @realDonaldTrump @EmmanuelMacron @BorisJohnson @AbeShinzo @AngelaMerkeICDU @ratasjuri @MoFA_Indonesia  As a common man of this planet I argue all to take strict actions china. I &amp; like me people are suffering more due to this bio weapon.#ChineseBioterrorism	3.8669462
Sat Mar 28 00:26:06 +0000 2020	@AngelaMerkeICDU Dear Mrs. Merkel. Now we know you are angry with our prime minister Giuseppe Conte because he's not charmant anymore. Do you know thousand of people are dying in Italy, Spain France etc.? Are you such an uncaring and inhuman b*tch? You are a shame for the mankind	3.8266368
Sun Apr 12 10:50:53 +0000 2020	@AngelaMerkeICDU, could I interest you in an interim position as Prime Minister of the UK, with an option to make it permanent?	3.8266368
Wed Mar 11 18:52:07 +0000 2020	@AngelaMerkeICDU @ONU_es  If a pandemic was declared, who is in charge, the UN seeks to find that country genetically altered that virus and the leaders of this country to be tried for crimes against humanity. Let's see if they are so brave to be in those positions.	3.7849956
Sun Mar 15 12:57:31 +0000 2020	@realDonaldTrump @AngelaMerkeICDU @EmmanuelMacron Nice but where is US and EU awhen Italy is suffering? Chinese were here with medical and equipment support. EU is closing borders and lot of heartbreaking speeches. Words don’t help people dying. Facts is what people will remember.	3.6790977
Thu Mar 12 10:43:08 +0000 2020	@AngelaMerkeICDU To label the fact that some in the EU refuse to pay more into the EU as childish, is nog only just plain evil, but also demonic... How much more taxes do the little man have to pay? You are one evil woman....	3.429213
Sun Mar 29 13:36:24 +0000 2020	@AngelaMerkeICDU  You or your friends can not dictate me! I think I prooved this point, during these months.  I am laughing at your unsuccessful plans, nd stupidity. And I think I have right to do so.  No one needs Your  stupid minds, tragic ideas, and useless mouths	3.3602643
Fri Apr 17 07:13:04 +0000 2020	@AngelaMerkeICDU - Are you bloody daft to send kids back to school, but still ban large gatherings of adults? Kids who don't wash their bloody hands, touch their own, and others, faces, and so on. You can't honestly be this diluted.	3.3098001
Thu Mar 26 07:28:03 +0000 2020	@AngelaMerkeICDU EUROPE was born without GOD and GOD will bring you all down from the first to the last	3.2255368
Sat Mar 28 04:08:39 +0000 2020	@AngelaMerkeICDU  #COVID19 All countries should come together and impose the sanctions on China. Because they've not right to push the world towards a pandemic. The Chinese authority could control on WET MARKET but they didn't. neither informed us in early stage. #ImposeSANCTIONS	3.1273613
Sat Feb 22 15:26:08 +0000 2020	@AngelaMerkeICDU Oh what a dilemma you all face without the Billions of £s coming from the UK. You have destroyed your own country and I'm surprised the german people haven't ousted you yet. But there's time and I look forward to watching it. You are a complete failure.	3.0488544
Wed Mar 11 14:02:40 +0000 2020	@AngelaMerkeICDU claim up to 60-70 percent of Germany could get infected with #coronavirus. Then why doesn't she shut down Germany now?. Does she realize what impact that would have on health services?	2.3851573
Wed Apr 08 09:33:16 +0000 2020	@AngelaMerkeICDU #showdown #gameover now Merkel you're on the ropes. if you don't approve the Italian proposal, you will be in fact branded forever as the politician who for purely nationalist and egoist he brought Europe down! now the move is up to you!👀	2.1159818
Tue Mar 03 23:02:03 +0000 2020	"@AngelaMerkeICDU You Do Agree? ""The Real Concern, is That The Coronavirus Will Reach The Point, to Where It Will Cause Most of The World to Shut-Down, In Which We Won't Be Able to Control It?""  ""Exactly At One Point, Does A Crisis Go Beyond The Point of No-Return?"""	1.9932814
