created_at	text
Mon Mar 30 15:41:27 +0000 2020	Comercio INTERNACIONAL G20 lideres G20 reuniram defender churrasquinho esquina burro pra caramba
Tue Mar 31 23:58:50 +0000 2020	resposta unir deixar jogos políticos ok guerra mundial crise financeira mundial ok G20 jeito voltar economia igual ok
Mon Mar 30 16:03:34 +0000 2020	rolê domingueiro Brasília live PP 03 gravando nela comenta recomendações G20 destacando incentivo comércio emenda dizendo preciso defender comércio informal churrasquinho burro Rsrs
Thu Mar 26 18:41:41 +0000 2020	Claro milhares infectados ruas caos Cobremos governo ajuda financeira necessária imediata tópico reunião G20
Sat Mar 28 11:10:53 +0000 2020	Previdente G20 reunindo tomar decisões conter corona vírus peça ajuda financeira países modo famílias alimentos pagar contas básicas possam ajudadas quarentena Deus ajude
Mon Mar 30 15:42:48 +0000 2020	Reservas internacionais câmbio
Mon Mar 23 10:21:29 +0000 2020	Trump certo cura matar paciente Fechar shoppings comércio transporte público 30 dias irresponsabilidade Especialmente SP matar pequeno comerciante
Mon Mar 30 06:43:20 +0000 2020	Hoje PR Ceilândia Taguatinga maneira governar 👏 🏼 👏 🏼 tbém cumprindo agenda G20 Proteger vidas Salvaguardar empregos renda Reestabelecer confiança Minimizar interrupções comércio
Wed Apr 01 14:06:48 +0000 2020	cara engano países G20 fizeram Lockdown completo países saíram pandemia fizeram Fizeram isolamento flexibilidade comércio
Tue Mar 24 20:39:31 +0000 2020	missão proteger vidas empregos define PR MRE embarcado missão repatriar brasileiros p/ segurança lares contribuir esforço internacional sustentação econômica G20 foros chanceleres diálogos bilaterais
Fri Mar 13 16:29:12 +0000 2020	Vejam maquina Chinesa triturando mercado global
Sun Mar 29 20:11:16 +0000 2020	
Mon Mar 16 23:08:03 +0000 2020	Investigar necessário poderia tá fraude internacional acompanhada crime genocídio
Tue Mar 31 00:40:43 +0000 2020	esqueceu OMS Organização nacional saúde Especialistas Saúde ministério Saúde Organização nações únicas G20 maiores potências mundo mídia internacional apelidou presidente NERO queimou Roma
Fri Mar 27 12:20:09 +0000 2020	Queria reunião G20 pra pra rua trabalhar manter quarentena igual países PRESIDENTE
Wed Mar 25 03:24:00 +0000 2020	Presidente cobre líderes G20 medidas Presidente liberou nação 210 milhões habitantes quarentena Precisamos ajuda internacional Convoque reunião
Thu Mar 26 21:40:36 +0000 2020	G20 colocar dinheiro Estados Unidos tbm acha paises dinheiro aumentando dívidas Manda Banco central imprimir reservas
Tue Mar 31 23:44:03 +0000 2020	Pra viu discurso segue resumo Emprego Td individuo importa tiver trabalhando Renda Reunião G20 Cloroquina Preservar emprego sobrar vidas preservar emprego Pacto Preservação Emprego deus emprego abençoe nação
Fri Mar 27 00:20:24 +0000 2020	relatório encontro publicado portugues / ingles site Min Rel Exteriores nao trás única menção sequer cloroquina
Wed Apr 01 08:49:15 +0000 2020	vc entra contato algum outro líder mundial pra discutir pandemia deveria divulgue
Sun Mar 29 22:51:51 +0000 2020	Cumprindo agenda G20 vamos voltar trabalho Brasil parar
Thu Mar 19 15:14:13 +0000 2020	governo chinês responsabilizado Cortes Internacionais ressarcir países prejuízos mortes causados
Mon Apr 20 04:45:09 +0000 2020	Daí fala próximas gerações militância internacional vinha sendo discutida maneira abafada G20 sistemas universais coberturas universais saúde frases Mandetta vídeo
Sat Mar 28 07:35:01 +0000 2020	bruxa larga mão trabalhar país acaso vc acha países G20 pensam presidente irresponsáveis Fica traíra opinião algum 😡 🤢 🤢 🤮 🤮 🤮
Thu Mar 26 18:48:08 +0000 2020	Política profissão Deem profissões profissionais saúde segurança serviços limpeza etc políticos roubam aperta bolso sabem diminuir salário pobres Vergonha
Wed Mar 25 10:33:08 +0000 2020	dia Hora colocar Brasil merece G20 Vamos trabalhar vamos primavera
Wed Mar 25 11:14:41 +0000 2020	sentido desenvolvimento Itália G7 subestimou doença ficou jeito gente G20 acha gente ficar pior descontrolar
Thu Mar 19 04:26:08 +0000 2020	precisam apoiar Presidente guerra política governo China banca corruptos golpistas Brasil China aceita Brasil Presidente sendo sacrificado
Sat Mar 28 09:24:04 +0000 2020	G20 Joice mão Bolsonaro militar centrão virou trabalho G20 mesma Bolsonaro Peppa
Mon Mar 30 15:16:46 +0000 2020	Presidente senhor distorce realidade países G20 lunatico Am Central 🇲 🇽 adotado medidas restritivas comprometeram apresentar respostas pautadas CIÊNCIA senhor apresenta desprazo Seja responsável honesto
Sun Mar 29 21:12:33 +0000 2020	G20 radicalmente multilateralismo papo furado trabalhar vagabundo Tenha postura presidente
Tue Mar 24 12:12:42 +0000 2020	SIGA PRESIDENTE DONALD TRUMP SENHOR PRESIDENTE FALE CADEIA NACIONAL RÁDIO TELEVISÃO ESTAMOS ESPERANDO COMANDO VOLTARMOS TRABALHAR
Sun Apr 19 19:40:10 +0000 2020	Nelson Teich representou governo brasileiro reunião virtual ministros Saúde G20 domingo 19 defendeu trabalho realizado governo brasileiro afirmou fake news problema elogiou atuação OMS Organização Mundial Saúde
Sun Mar 29 16:49:58 +0000 2020	Olha Presidente Brasil virar piada internacional gosto ovacionado meia dúzia tiozinhos WhatsApp Vergonha
Thu Mar 26 16:30:05 +0000 2020	Hj Bolsonaro única voz G20 muda atleta flexão pescoço ninguém considera Infelizmente país virou chacota internacional eleger total despreparado vou perder gente idiota vc
Thu Mar 26 23:12:42 +0000 2020	Parabéns presidente encontrou cura pro virus chinês garantiu renda 600 00 informais dando nó centrão esquerdalha liderou G20
Mon Mar 30 21:12:26 +0000 2020	trabalhando acordo G20 Datena colocando pilha dele Fazendo ilações Datena inconsequente MDB veia
Sun Mar 29 20:17:07 +0000 2020	presidente provavelmente entendeu reunião g20 cabe garantir emprego renda durante quarentena feito países arriscar vida pessoas preparar país retomada econômica crise
Tue Mar 03 02:50:05 +0000 2020	discurso histórico esquerda podre mundial precisa Anda leniente esquerda congresso podre bati mídia
Wed Mar 25 01:10:54 +0000 2020	said the should return to work disse Brasil precisa retornar trabalho Coincidência Pedro Bó Afinação Quarentena nacional idiotice Espanha paralisada consegue conter Covid 19 paradeira virá quebradeira
Thu Mar 26 17:32:31 +0000 2020	Tá claro entende Gado restringiu acesso informações manda voltar trabalhar seguida G20 injeta trilhões econômia rachadinha gabinete ódio gorda gado muge 🐃 🐂
Fri Mar 27 16:24:51 +0000 2020	Trump tenta conseguir 40000 respiradores voltemos trabalho causar impacto ficarmos casa UTI +10 reais dia Espero nao veremos carreata caixoes
Tue Mar 03 05:36:41 +0000 2020	Hoje conversas presidente cobriram setores energia saúde tecnologia pecuária Índia Brasil focando expansão cooperação setor defesa capacitação setores alimentos discutida hoje
Mon Apr 20 00:00:04 +0000 2020	pulha falou discutida G20 início fevereiro Ministro larga bunda cadeira vá trabalhar Sr rede pública Min saúde empresa privada
Sat Mar 21 15:51:08 +0000 2020	Presidente entra barca homem Joga bilhões ligeiro segura vírus esquerda remédio efeito colateral precisa estudo Porra barca Rápido
Fri Mar 27 00:19:31 +0000 2020	Cadê plano proteção empregos mentiroso reunião G20 Bolsonaro fala proteção empregos defende cloroquina
Fri Apr 03 09:30:04 +0000 2020	Bolsonaro promove ato dia isolamento social
Thu Mar 26 17:33:30 +0000 2020	G20 preconiza volta trabalho
Fri Mar 27 02:04:59 +0000 2020	Excelente live Sr PR esclarecimentos proporcionam segurança tranquilidade população Brasileira Conte conosco Presida TMJ CAPITÃO
Tue Apr 07 19:15:39 +0000 2020	parem trabalhar
Thu Mar 26 14:16:02 +0000 2020	ironia levou pedradas falar preservar emprego G20 discutir Manutenção empregos
Fri Apr 10 14:57:50 +0000 2020	Presidente gostaria senhor conduzisse proposta junto G20 lideres mundiais quebra patente remedios essenciais população necessitada mundo Feliz Pascoa senhor s7a familia
Tue Mar 17 00:15:58 +0000 2020	NECESSÁRIO AVALIAÇÃO CRITERIOSA CAPITAL ESPECULATIVO CHINÊS OPERAÇÃO BOLSAS VALORES CHINA CRIOU VÍRUS DOMINAR FINANCEIRAMENTE PLANETA
Fri Apr 17 06:26:09 +0000 2020	Bill Gates and Huawei interesses comum mercado latino americano Há golpe globalista forçando isolamento suposta proteção verdade falência vasta diversa economia serviços lucrativa tecnológica
Thu Mar 26 01:23:24 +0000 2020	vergonha hein amigo passou perna kkkkkk vc virar chacota mundial seguir ordens OMS
Fri Mar 27 00:31:21 +0000 2020	Presidente faça pronunciamento rede nacional nação informações 🙏 🏼 🙏 🏼 🙏 🏼 🙏 🏼 🙏 🏼 🙏 🏼 🙏 🏼 🙏 🏼 🙏 🏼 resto queimando sozinho
Fri Mar 13 11:35:07 +0000 2020	Aprende cadeia rádio televisão falar população pra reacionários
Thu Apr 02 10:52:01 +0000 2020	dia Senhor Presidente nósso governo China responsabiliza los atentado claro inegável humanidade Há pessoas comuns igual mim entrar ação assunto junto G20 OMS
Fri Mar 27 16:24:57 +0000 2020	amigo matar população Brasileira desrespeitando autoridades saúde pública impondo população trabalhar pra disseminar vírus
Sat Apr 11 03:18:57 +0000 2020	trabalha gnt porra álbum
Thu Mar 26 05:15:42 +0000 2020	olha Trump tá mancomunado impressa plano mundial pra criar histeria
Sat Mar 28 00:14:43 +0000 2020	link vi pessoas comentando g20 lockdown vi matéria manda fonte agradeço
Wed Mar 25 19:58:49 +0000 2020	aceitaremos plano Presidente cúpula G20 sinaliza necessidade preservar empregos / Economia há crescentes questionamentos dados epidemiológicos COVID 19 resolverá s/ Terra Arrasada Horizontal
Thu Mar 26 18:53:19 +0000 2020	decreto Brasil término lockdown acordo OMS G20 Rápido quebrem argumentos desses governadores comunistas oportunistas
Fri Apr 03 23:12:18 +0000 2020	mostra dinheiro compra equipamentos proteção individual Epis hospitalares kkkkkkk colocar trabalhar pessoas riscos brasil continente europeu asiático G20
Mon Mar 30 02:58:53 +0000 2020	Precisamos curso interpretação presidente entender g20 falando deixar trabalhar fisicamente
Sun Mar 29 22:51:07 +0000 2020	Canalha cumprindo VC CRÍTICA ISOLAMENTO SOCIAL essea países G20 estao fazendo RETARDO
Fri Mar 27 17:00:42 +0000 2020	G20 ressaltou importância seguir OMS isolamento social evitar contágio massa colapso saúde Fique casa feche boca Deixe Mandetta trabalhar
Fri Mar 27 17:18:37 +0000 2020	Resumo anúncios Live feira 26/03/2020 Presidente Reunião países G20 animou nações resultados positivos brasileiros iniciais eficácia medicamentos Reuquinol Hidroxicloroquina covid 19
Tue Apr 21 16:08:13 +0000 2020	falar médicos kd ministro saúde assessores coletiva pro G20 podemos ficar informações vc proibiu
Sat Apr 04 11:42:23 +0000 2020	acabaram sindicatos argumento estruturavam política esquerda país concordo deles abusavam influência sindicatos seriam essenciais coronavírus
Mon Mar 30 02:18:55 +0000 2020	nenhum declaração G20 endossa isolamento
Thu Mar 26 09:43:54 +0000 2020	recessão será mundial 20 precisamente países desses g20 facilitar economia
Thu Mar 26 02:03:23 +0000 2020	aprende ídolo vou traduzir pra ti agressivo comprometimento distância social vidas salvaremos rápido Americanos poderão voltar trabalhos escolas normal
Fri Mar 27 00:48:06 +0000 2020	perigoso pessoa ignorante acha inteligente Disse Mariliz querendo presidente ignorante indo mundo Hoje mundo G20 afirma manter empregos tao importante conter virus ignorante
Tue Mar 17 15:47:18 +0000 2020	será atentado chinês ocidente finalmente indústrias acordar perceber precisam trazer fábricas volta explorar trabalho escravo compensa
Fri Mar 27 12:52:49 +0000 2020	G20 reúne decide tomar decisões antecipou anunciar mostra visão capacidade antecipação governo Parabéns
Sat Mar 28 21:29:51 +0000 2020	paises G20 fizeram diferente bolsonaro unica fonte informação terça livre né
Wed Mar 25 11:25:16 +0000 2020	razão paralização econômica * matar * gente vírus verdade equação resolvida palavras atitudes presidente líder arruaceiro demente
Mon Mar 30 11:14:57 +0000 2020	aplicar medidas G20 Sr pulso forte Governadores Aplique lei Sr fraquejar estaremos perdidos
Sat Mar 28 19:13:10 +0000 2020	vcs lutando errado mudem posições estudem melhor inimigo vcs * China * utilizaram agentes vivos espalhar merda vírus mundo pra arruinar ECONOMIA MUNDIAL lutando arma ASTÚCIA COVARDES
Thu Apr 09 18:42:56 +0000 2020	Lideres pra libertar socialismo comunismo mundial
Tue Apr 21 04:45:27 +0000 2020	precisamos secretos fácil Brasil medo tomar real futuro grato bilhões dólares prós testes Informações gera pesquisas iso caro Brasil
Fri Mar 27 01:58:02 +0000 2020	So pra ajudar lembrar lembrou 600 00 200 00 benefício emergencial proposta luta partidos oposição governo queria 200 00 pra público Conte comigo pra ajudar lembrar coisas G20
Sat Mar 28 04:11:09 +0000 2020	Ahhh vou discutir vc pq vi inteligência Espanha g20 ficar repetindo vc vê pra passar vergonha arrombado trabalho casa vida falar merda credo
Fri Apr 03 00:18:56 +0000 2020	Silas Malafaia debocha coronavírus massacrado redes sociais
Mon Apr 20 11:25:38 +0000 2020	diga Sério disse ministros saúde G20 ficado boca aberta
Fri Mar 27 04:38:52 +0000 2020	G20 decidiu lockdown seja isolamento vertical proteger vulneráveis economias empregos
Wed Mar 25 20:01:38 +0000 2020	existe consenso melhor estratégia G20 orientando países membros seguirem mesma estratégia Bolsonaro seja quarentena vertical sensata
Thu Mar 19 23:54:02 +0000 2020	tinha santo dia TV aberta falar sendo feito
Thu Mar 26 17:22:58 +0000 2020	Ah aproveita fala pro fronteiriço papis reunião G20 falar representante Itália Espanha resfriadinho tá oquei
Thu Mar 12 02:31:22 +0000 2020	Presi precisa entrar xadrez cancela vôos Europa América Sul indicar rota Europa / Brasil Brasil / Estados Unidos barco
Fri Mar 27 21:23:46 +0000 2020	Joice engano G20 demonstrou contrário isolamento total 😂 😂 😂 😂 😂 Tá doidona
Thu Apr 02 20:23:08 +0000 2020	OMS G20 infectologistas errados Bolsonaro certos pra
Wed Apr 01 18:06:15 +0000 2020	PR age maneira racional / ponderada combinado reunião pres países G20 SALVAR VIDAS PROTEGER EMPREGOS faces mesma moeda lógico país rico Brasil opção jamais excluir
Thu Mar 26 04:15:53 +0000 2020	pai mandou ficar mundo casa pai mandou renda básica brasileiros Obedeça papai fluente língua inglesa traduz avô determinou
Fri Mar 27 00:29:52 +0000 2020	Pra lavar alma G20 57 milhões Brasileiros haviam percebido líderes G20 perceberam gente precisando perceber Parabéns presidente
Tue Mar 17 16:07:09 +0000 2020	ligadinha pro expkica pra pra parar falar merda começar alguma
Fri Mar 27 05:01:48 +0000 2020	noite SR Pres assistindo falou participação G20 posicionando necessidade tomadas medidas econômicas miniminize crise virá CLOROQUINA AZITROMICINA Deus continua abençoá lo
Thu Mar 26 02:05:27 +0000 2020	culpa LameStream Media EUA cópia eleições Judeus financiam Trump 22 Investidores Judeus ricos EUA títulos divida Brasil histeria presidente
Fri Mar 27 02:20:05 +0000 2020	Claro chefes G20 falaram economia deram ênfase preservação vida humana Vida pra turma idiotas incompetentes
Tue Mar 17 21:21:15 +0000 2020	and Trump injetou bilhões dólares EUA impedir recessão solo americano Jair Bolsonaro junto Guedes injetaram bilhões reais Brasil combater histeria mundial coronavirus parabéns mídia histérica
Wed Apr 08 21:11:13 +0000 2020	importa pra vc Vc minoria torceu Doriana dono cloroquina Salva vidas né rs lembre reunião G20 qdo Bolsonaro levou caixinha cloroquina vcs deram risadas rs
Thu Mar 19 22:41:28 +0000 2020	excelente ideia seguida Agradecer agradacer agradecer profissionais saúde etc incluise mídia divulgar prevenções cuidados fazendo trabalho ajudando Governo guerra covid19
Mon Mar 16 00:24:32 +0000 2020	Assistindo vídeos conta lembrei passeata março 1964 Passaram 56 anos levou ruas motivo seja abominação persegue COMUNISMO
Fri Mar 27 00:22:53 +0000 2020	atacando JN matéria G20 negou decidiu seguir Bolsonaro inverteu informações dizendo Bolsonaro deveria seguir G20 cara pau porcaria tv ataca presidente inteligencia
Fri Apr 17 21:51:48 +0000 2020	objetivo invasão PROPAGANDAS PODERÍO MILITAR CHINA Incessantemente TV BAND afiliadas Patagônia tomada Argentina p/ Base Militar empresas sendo vendido China vamos acordar
Thu Mar 26 14:33:09 +0000 2020	Vou descrever participação videoconferência G20 ficar quietinho fingindo tá entendendo aplaudir Trump falar tweet
Tue Mar 31 23:43:05 +0000 2020	Belíssimo pronunciamento Presidente reafirmou compromisso proteção vida brasileiros recomendações G20 Ministério Saúde Espero deturpem disse reais intenções Brasil
Fri Mar 27 21:58:29 +0000 2020	Líderes G20 confinamento mesma PR irresponsável certo
Wed Apr 22 22:20:38 +0000 2020	Conte novidade senhor disse G20 sabem daí autorizar comprar quantos testes
Mon Apr 20 11:54:59 +0000 2020	falar pro presidente G20 cadê 23 milhões teste feito demora pro resultado
Tue Apr 07 16:18:05 +0000 2020	razão politiqueiros investem óbitos esperam duplo sentido bravos homens brigam c / todo mundial p / salvar vidas verdade Justiça Divina serão implacáveis c / os cúmplices
Mon Mar 30 16:48:37 +0000 2020	Presidente Bolsonaro falam espanhol Usted es el puto amo estrategia perfeita palavras Alguem querer comprar Presidente leva proposta G20 merece reconhecido SINTO ORGULHOSO brasileiro
Sat Mar 28 00:24:07 +0000 2020	Conclusão rápida recomendações irresponsáveis gripezinha 🇧 🇷 parar etc CONTRAMÃO práticas G20 pior epidemia governo mentira deslavada capazes inventar p / manter narrativa
Thu Mar 26 15:27:39 +0000 2020	laranjinha papai tá pronto pra pagar mico tele G20 hj caganeira faltar
Thu Mar 26 17:34:36 +0000 2020	seguir orientações G20 Isolamento social dinheiro bolso empresas crise passar
Thu Mar 19 05:40:41 +0000 2020	Taí gostei guri peça irmãos Koch FHC gostaram Política universal Saiba Deus derrubou Babel
Sat Apr 04 03:27:51 +0000 2020	Brasil mundo ocupado focado vírus China Comunista aproveita entranhar países fragilizados alto índice corrupção claro CIA ABIN FBI
Thu Mar 26 22:11:19 +0000 2020	suicídio único líder G20 garantisse país sofreria consequências econômicas pandemia deles estaria disposto sacrificar
Wed Apr 01 13:57:02 +0000 2020	mundo batendo cabeça países fizeram isolamento horizontal funcionou alertando problema G20 TB ninguém erros acertos debate importante querer calar contraditório
Fri Mar 27 00:28:55 +0000 2020	falou palavra participação Presidente Bolsonaro reunião G20 Falou Presidentes países será
Mon Mar 30 14:44:59 +0000 2020	Amigo Bolsonaro fique firme mídia tendenciosa consonância detratores Nação minando esforços sendo tomado Gestão Mantenha Firme Sonho País G8 ok estamos G20 chegar políticos olham umbigo
Wed Mar 25 20:15:14 +0000 2020	encontro G20 tema começa amanhã formulada carta intenções poderia sendo repassada orientações Fonte propósito cientistas defendem Vertical tb defendem isolamento TOTAL pra Vertical
Thu Mar 12 02:15:43 +0000 2020	presta atenção Vê segue tome devidas atitudes precauções esperar morrer gente pra alguma
Thu Apr 02 21:05:55 +0000 2020	Epidemia coronavírus pintando Bolsonaro
Thu Mar 26 23:26:28 +0000 2020	Cúpula G20 segue decisão Bolsonaro opta lockdown reúne 20 países ricos mundo nenhum membros defendeu isolamento total prevenção
Fri Mar 27 00:36:49 +0000 2020	dia gravou lindo falando bolsonaro ta indo mundo dai hoje mundo G20 ta Bolsonaro baixa ai so baixa nao ódio dela Tadinha
Fri Mar 27 12:49:48 +0000 2020	ANIMAL pq compartilhei reunião G20 olavista olavista Kkk sinto informar GADO capacidade intelectual raciocinar si acredita pra correr pra pra outro
Mon Apr 20 10:03:36 +0000 2020	Interessante Vc falou ministros G20 importância teste falou presidente parar esfregar mão cara parar tossir cara pessoas teste dê conta
Sat Mar 21 14:39:41 +0000 2020	presidente melhor vc papel Presidente Brasil vc prefere sejamos TOP Coronavirus Faça trabalho direito
Mon Mar 30 03:22:52 +0000 2020	Solte dinheiro pra ficarem casa soubesse interpretar recomendações G20 teria feito pronunciamento pedindo pra ficarem CASA contrário expor dando mau Fica casa
Thu Mar 26 18:52:05 +0000 2020	Resumindo lideres G20 chegaram conclusão GOVERNADORES INCOMPETENTES lida ai Ve aprende
Mon Mar 30 15:43:13 +0000 2020	Patrick informe melhor estratégia diferentemente afirmas presidente Decisões sendo tomadas conjunto pessoas credíveis comunidade científica organizações comunistas Vide reunião G20
Thu Apr 02 23:53:12 +0000 2020	Congratulation vc decepção mão mundo inteiro acha único certo dona razão imagina porte atleta realmente preocupar
Fri Mar 27 18:25:10 +0000 2020	Tese PR apoiada G20 20 maiores países Dinheiro empregado valorizando garra brasileiro
Wed Mar 25 20:04:46 +0000 2020	Nao deixe falar merda Principais líderes mundiais discursam coronavírus Praticamente países registraram casos doença adotaram medidas isolamento social 100 países fecharam escolas Dia Brasil
Fri Mar 27 12:39:05 +0000 2020	pede pro chapeiro filho traduzir aperta embaixo esquerda traduzir tweet eh garantido
Mon Mar 30 10:47:04 +0000 2020	participação G20 deixou líderes completamente contramão realidade líderes confirmaram suspeitavam sabem incompetência inaptidão cargo reconhecem instinto genocida
Fri Mar 27 09:25:29 +0000 2020	Presidente razão manteve fiel verdade realidade Manteve histeria turma pior melhor promessa campanha Brasil acima Deus acima sendo cumprida dias
Sat Apr 18 03:12:03 +0000 2020	avisem cornos ministro coisas importantes resolver desfazer cagadas compromisso importante reunião G20 convocação meia tigela mandar Mario pergt Mario
Mon Mar 30 02:00:08 +0000 2020	Bolsonaro reage ataques mostra diretriz G20 experiência recomendo políticos
Thu Mar 26 20:26:59 +0000 2020	Uai mundo certo errado G20 mesma direção defendida presidente Jair Bolsonaro mudou
Fri Mar 27 23:40:21 +0000 2020	Brasil presidente tratando pandemia gripezinha preocupado resultado economia vida cidadãos
Wed Apr 01 01:39:55 +0000 2020	pronunciamento data Excelentíssimo Sr Presidente Brasil impulsionado Diretor OMS Diretor OMS reunião G20 Líderes Governantes Nações ratificaram posicionamento Presidente Brasileiro
Wed Apr 08 18:05:00 +0000 2020	Reunião G20 enqto vc tocava punheta apresentando cura MUNDO fdp
Fri Mar 27 10:25:16 +0000 2020	LÍDERES G20 CONCORDAM BOLSONARO APROVAM ISOLAMENTO VERTICAL INVÉS QUARENTENA TOTAL
Fri Mar 27 12:27:46 +0000 2020	certo líder G20 anunciou contraiu covid Seja minimamente honesto transparente libera exame
Wed Apr 01 18:13:43 +0000 2020	necessário países conservadores abandonem ONU agencias
Fri Mar 20 15:30:19 +0000 2020	existe crise China surge virus dizimando pessoas mundo China deveria responsabilizar financeiramente estrago econômico causa mundo
Sun Mar 29 21:10:06 +0000 2020	Bolsonaro há probleminha GIGANTE reunião G20 dirigida ARÁBIA SAUDITA nenhum respeito vidas direitos humanos imitar gente ignora descaso saudita vida humana
Thu Mar 26 01:21:20 +0000 2020	eai corno cade argumentos cafetão tá falando pra manter distanciamento social Corno caralho
Fri Mar 27 18:43:26 +0000 2020	Leia conclusão G20 Comunista lidera OMS ligada ONU vampiros dinheiro público acontecendo exato China onda protestos tomar Cu
Thu Mar 26 16:19:05 +0000 2020	presidente acha presidente EUA pra
Fri Mar 27 22:04:28 +0000 2020	pede pro traduzir pra
Sun Mar 29 16:43:42 +0000 2020	Brasil 24 horas informações distorcidas mentirosas Bobo
Mon Mar 30 13:06:58 +0000 2020	Alô convoca G20 explica genial ideia isolamento vertical gente fere economia mundo
Wed Mar 25 03:38:31 +0000 2020	resto mundo errado presidente certo retira ONU retira G20 Mercosul Demite ministro saúde Aproveita olimpíadas adiadas tenta buscar índice pra participar ano segue jogo fazendo arminha
Thu Mar 26 14:01:14 +0000 2020	Diferente Brasil presidente colocando nação risco dizendo Covid19 resfriadinho
Tue Apr 21 10:14:21 +0000 2020	aliado resguardado CIA alo olho neles
Sun Mar 29 23:04:50 +0000 2020	Are reunião G20 principais 🤦 ‍ ♂ ️
Fri Mar 27 00:45:23 +0000 2020	Criaram vírus políticos imundos oportunistas aproveitaram situação atacar Brasil testa remédio malária sucesso países reconhecem vendo kkkkkkk vence
Wed Apr 08 18:06:03 +0000 2020	Enqto vc propaga mentira Comunista apresentando mundo G20 171
Sat Mar 21 20:23:52 +0000 2020	juntos providência divina vir venceremos pq homens Deus linha frente
Wed Apr 01 04:15:50 +0000 2020	fala asneira dessas considerar Trump ano eleição ganhar votos contar reunião G7 G20 ficou claro China será responsabilizada merdas vírus pandemia controlada
Thu Mar 26 23:10:57 +0000 2020	Reunião G20 precauções idosos grupos risco juntamente preocupação empregabilidade manutenção Ampliação bolsa família MP 13o expirada votação Executivo estuda maneiras volta recurso
Fri Mar 27 02:49:22 +0000 2020	G20 rende cara kkkkkk mt mitoooooooo Lockdown Yesss yesss yesss
Thu Mar 26 00:27:13 +0000 2020	Ui nervosa países G20 seguir mesma diretriz começar adotar quarentena vertical Tática vc venho alertando óbvia foda razão Fica prazeiroso qdo c/ ignorantes presidente tb Chora isentão
Wed Mar 25 20:11:51 +0000 2020	Deixa imbecil fazendo abutres atrapalhando medidas encontro países 1mundo
Thu Mar 26 21:48:24 +0000 2020	discurso hoje cúpula virtual G20 participaram diretor OMS reconheceu isolamento social conter coronavírus Brasil seguir contramão Conto
Mon Mar 30 18:13:06 +0000 2020	Alguém leu comunicado G20 governo pessoa presidente DIFERENTE G20 RECOMENDA
Mon Apr 06 21:29:14 +0000 2020	negócio desequilibrado cloroquina Mostrou remedio reunião g20 senso noção cloroquina fabricação amigo garoro propaganda
Mon Mar 30 03:08:19 +0000 2020	Cumprindo Agenda G20 rolezinho Cinelândia pra contrariar mundo
Fri Mar 27 00:25:30 +0000 2020	Acorda Globo começou tentativa golpe Fizeram matéria G20 ignorando acusou gastar comparando EUA gastar mencionar PIB Brasil 2TRI EUA 19TRI tá dando palanque p/ Maia
Wed Mar 25 13:21:16 +0000 2020	OMS categorizou problema pandemia gado imbecil seleciona notícias convém porra ONU mandou carta G20 Brasil incluído fazendo grave alerta pandemia pesquisar
Mon Apr 20 15:49:12 +0000 2020	Universidade Federal Paraíba Brasil inventou ventilador respiratório 100 deixou aberto patentes passo passo ✍ ️ 🙏
Sun Apr 19 16:49:15 +0000 2020	Universidade Federal Paraíba Brasil inventou ventilador respiratório 50 deixou aberto patentes passo passo ✍ ️ 🙏
Sat Apr 18 23:51:02 +0000 2020	FERNANDO HADDAD INIMIGO N ° 01 BRASIL 🇧 🇷 / 🇺 🇸 MEMBRO ORGANIZAÇÃO CRIMINOSA PT LAMBE BOTA LADRÃO CACHACEIRO MUNDO EX PRESIDIÁRIO LULA
Thu Mar 26 12:48:59 +0000 2020	Corre olha dono falando Será demagogo lamber botas dele costume
Sat Apr 04 02:49:49 +0000 2020	fura olho pra vir pra ficou Republic of Bananas is here
Tue Mar 31 04:02:49 +0000 2020	PR razão Levou remédio reunião G20 criticaram Agirá correm remédio
Wed Mar 11 19:26:50 +0000 2020	segue declaração população mercados pare esconder
Fri Mar 27 23:27:05 +0000 2020	Engraçado Governantes G20 concordaram Bolsonaro Acho senhora deveria passar algum exame toxicológico dia pior
Thu Mar 26 20:13:51 +0000 2020	Tadinho canhotos querendo derrubar presidente olha qele tinha carta manga vou avisando tenta derrubar novamente pra manga acho vc gostar chora choro livre
Thu Mar 26 16:24:54 +0000 2020	Imita US trilhões Senadores republicanos democratas Casa Branca chegaram madrugada acordo plano federal estímulos US trilhões aliviar consequências pandemia coronavírus economia país
Sat Mar 21 23:22:35 +0000 2020	Pede filho fritador hambúrguer pra traduzir pra Vê aprende FECHA PAÍS
Mon Mar 30 04:57:12 +0000 2020	75 MILHÕES SEGUIDORES MILHÕES SEGUIDORES VAMOS SEGUIR PRESIDENTE VAMOS AUMENTAR AFINAL CONTAS ELEITO 68 MILHÕES VOTOS VAMOS SEGUIR
Thu Mar 26 07:02:40 +0000 2020	pede alguém pra traduzir pra vc
Thu Mar 26 01:58:59 +0000 2020	Hey olhadinha Pede pra alguém traduzir pro senhor entender entender assiste
Thu Apr 02 02:38:05 +0000 2020	imagino deveria ouvir técnicos isolamento social economia mundo inteiro entrará crise países unirem g20 quis mostrar sairemos rápido dela
Mon Mar 23 15:29:34 +0000 2020	rolando vídeo sabemos data edição gostaria entender ameaça país diretamente mundo
Sat Mar 21 20:05:45 +0000 2020	Força PRESIDENTE melhor pro monte retardado críticar Norte Brasil usamos várias cloroquina MALÁRIA estamos vivos problemas
Sat Mar 28 19:12:04 +0000 2020	Aproveita liga pro imbecil pq feito merda merda Obg
Wed Mar 25 16:28:00 +0000 2020	Vc vive ostracismo G20 vive isolamento político país
Sat Mar 21 22:56:43 +0000 2020	aprovar aborto genocídio crianças bebês virou morte Argentina pra esquerda revolucionária radical 👇 👇
Thu Mar 26 17:31:04 +0000 2020	mundo virou especialista epidemia acham credibilidade G20 aponta direção estratégias flexíveis controladas indica Presidente histeria pagar salários semana
Fri Mar 27 12:40:23 +0000 2020	lamber botas Trump genocida igual vc
Fri Mar 27 04:36:06 +0000 2020	gorda traíra G20 acha Cala boca pede pra sair
Mon Mar 30 01:39:18 +0000 2020	começarem falar lembrem China Russia G20
Sun Mar 22 20:33:17 +0000 2020	Caro Torço recuperação Ouvi nome 1º dia 07/07/18 soube vc contatos levou Jair Einstein gratidão vc Copio video 1º Min India c/ video educativo trans virus Abs
Sat Mar 28 15:08:39 +0000 2020	Janaína precisa ler jornais países realidade brasileira europeus G20 apoiou Bolsonaro querer implementar isolamento vertical protegendo idosos vulneráveis
Sun Apr 12 11:08:50 +0000 2020	Presidente brasileiro puxa saco lambe botas falando
Thu Mar 26 20:17:02 +0000 2020	Sr MINISTRO fácil esconder verdade Sr concorda Poderia país G20 único país aspecto contenção social adequa práticas adotadas Brasil Brasil continua único andar contramão
Wed Apr 08 12:58:29 +0000 2020	vaidades importância Presidente ímpar humilde queria cura Deu ouvidos poderia
Sat Mar 28 05:06:39 +0000 2020	Será PENSA MINORIA 11 países países
Fri Mar 27 02:44:14 +0000 2020	G20 concorda opinião presidente deixa louco Parem hipócritas acreditem presidente gama excelente ministros estrategista opinião forte líder
Wed Mar 25 19:48:31 +0000 2020	verdade ministro países latino americanos indo mesma direção Brasil exceção México Nicarágua América responde agilidade redes informar gerar conflito G20 tampouco segue presidente br falso
Sat Mar 28 00:40:58 +0000 2020	deixa mula lambe botas Segue ÔH ACÉFALO TAPADO MUUUUH
Thu Mar 26 12:20:53 +0000 2020	rapidinho pra gente negócio
Fri Apr 10 23:02:36 +0000 2020	Normas saúde 20 países G20 cumprem isolamento vc
Sun Mar 29 21:12:51 +0000 2020	atirar pedras árvores frutos árvores apedrejadas Viva Américas sul norte
Fri Mar 27 19:54:29 +0000 2020	Fala pro mandar pessoas ficar casa
Sun Mar 29 22:52:04 +0000 2020	G20 autoridade pra falar questao saude
Fri Mar 27 10:33:33 +0000 2020	BOLSONARO COMUNICA LÍDERES G20 RESULTADOS INICIAS ANIMADORES C/ HIDROXICLOROQUINA BRASIL
Tue Apr 07 21:25:04 +0000 2020	Ajude Nação 🇧 🇷 🇧 🇷 🇧 🇷 Ajude Presidente Estamos Presidente 🇧 🇷 🇺 🇲
Thu Mar 26 03:29:56 +0000 2020	traduz mostra fazendo Pra dono risco sossega
Sun Mar 29 20:14:19 +0000 2020	Aglomeração pessoas cumprir agenda G20
Fri Mar 27 04:22:14 +0000 2020	amigo G20 mostre fazendo errado ajuda Bozo hj coragem expor raciocínio tacanho mundo real Bozolândia noite Cuide
Mon Apr 06 10:20:57 +0000 2020	vemos rua Celso Garcia várias pessoas fazendo mestre mandou Pessoas arriscando Absurdo há lideres recado Presidente
Tue Mar 03 05:37:11 +0000 2020	Calorosas boas vindas presidente Índia feliz recêbo lo esperamos ansiosamente participação celebrações Dia República visita reforçará relações Brasil Índia
Fri Mar 27 17:02:13 +0000 2020	alô copia chilique mandar pessoas pra rua pra morrerem
Thu Mar 12 13:40:00 +0000 2020	REVOLTADO verdade equivale COMUNISMO disparado BOMBA BIOLÓGICA proposital Capitalismo Pq proposital vejam video
Thu Mar 26 16:23:25 +0000 2020	agindo acordo líderes G20 Votei 2018 votarei 2022
Wed Mar 18 11:00:49 +0000 2020	junta países fortes fecham portas chineses jogam bombas país smp esses 🐷 quebrados liberam vírus fechem portas pra destruam país 🙏 🏾
Fri Mar 27 09:29:29 +0000 2020	adolescentes virem falar lavagem cerebral líderes G20
Wed Mar 25 19:49:12 +0000 2020	China quarentena estados EUA quarentena Índia c/ bilhão pessoas quarentena europeus quarentena Arábia Saudita quarentena estados BR orientam direção infeliz PR G20 Piadista
Thu Mar 26 10:20:23 +0000 2020	presidente aparecera G20 Trump aparecer pé reunião Bolsonaro grudado genital Trump
Sat Mar 28 04:48:50 +0000 2020	Acorda G20 adotou postura anti isolamento parada total liderada Brasil
Sun Mar 22 22:22:22 +0000 2020	tá tirando servindo chacota Cara aprende 🤦 ‍ ♂ ️
Wed Mar 25 22:41:31 +0000 2020	G20 muda postura tende seguir programa quarentena vertical Bolsonaro Manchetes rodape Pingos Iis 25/03/2020
Sat Mar 28 04:37:30 +0000 2020	G20 alinhados Presidente Vc doria motivo piada vc deveria vergonha cara
Thu Mar 26 02:04:27 +0000 2020	Ué vc acabou falar hoje Trump seguindo estratégia hahahahahahha palhaço mentiroso merda bolsonaro baba ovo trump copiar
Thu Mar 26 20:37:16 +0000 2020	G20 CAGANDO pra
Fri Mar 27 14:17:13 +0000 2020	Presidente estudos uso hydroxicloriquina pacientes coronavírus desenvolvidos médico chinês médico francês Didider Raoult Marselha presidentes G20 achado fala esquisita
Thu Mar 26 02:08:36 +0000 2020	love tá falando pra ficar casa Bora aquietar assistir deixar adultos trabalharem
Wed Mar 25 00:42:43 +0000 2020	conselhos administração pública pro cumpadre vc escute pq olha tá difícil comunicação
Sun Mar 29 20:15:13 +0000 2020	Tirou onda cara G20 pra afastado
Wed Mar 25 21:09:37 +0000 2020	paises G20 orientam mesma direção defendida PR https
Thu Apr 02 23:04:26 +0000 2020	presidente quarentena horizontal gripinha resfriado EUA superou 100 000 contaminados quase 000 mortos acredito quarentena salvar muitas vidas FIQUEI CASA
Fri Mar 27 00:35:52 +0000 2020	Cadê referência participação presidente reunião G20
Fri Mar 27 17:16:21 +0000 2020	pede pra alguém traduzir pra vc vc copiar copiaaaaa
Thu Mar 26 10:36:33 +0000 2020	Faça digo faça retire
Tue Apr 07 22:04:48 +0000 2020	G20 presidente defendeu uso Hidroxcloroquina Saiu frente Trump Liderar temer barreiras dificuldades aliados
Mon Mar 30 00:33:30 +0000 2020	Bolsonaro distorce realidade vincular agendas convêm vídeo sequência tweet sorrateiro chanceler sugeria Brasil alinhado práticas G20 combate
Thu Mar 26 19:02:56 +0000 2020	Estamos cm brasileiros estamos 100 cm senhor captura venezuelano merece lixo cm presidente let Go presidente vo milhões
Thu Mar 26 01:21:04 +0000 2020	pede pro filho fritou hambúrguer traduzir
Mon Mar 30 00:39:42 +0000 2020	Deturpando agenda G20 Pára campanha 2020 alinhar ações ministros especialmente ministro saúde
Mon Apr 20 18:08:54 +0000 2020	Ninguém reunião G20 queremos controle pandemia começou devagar hein onda presidente estamos ferrados
Fri Mar 27 00:47:56 +0000 2020	países G20 confirmaram apoiaram
Fri Mar 27 17:18:28 +0000 2020	Brasil saiu G8 G20 saímos controle paz saúde mental JAIR DOENÇA MORTAL
Fri Mar 27 02:39:19 +0000 2020	G20 pretende aplicar US tri evitar recessão gripinha aconteça perder águem covid 19 entender seriedade proporção tomar
Fri Apr 10 12:57:56 +0000 2020	comprar país negligenciou provocou pandemia China atitudes países democráticos presam liberdades expressão
Thu Mar 26 23:27:09 +0000 2020	Ministério Saúde brasileiro G20 errados certa Ingrid idade sustentada pais fica casa falam governo 😂 💚 💛
Thu Mar 26 21:37:06 +0000 2020	Eis Declaração G20 feita reunião hoje confirma fala ministro Ernesto Araújo itens
Thu Mar 26 00:46:00 +0000 2020	pede pro chapeiro ajudar traduzir
Fri Mar 27 21:19:52 +0000 2020	pede pra alguém seja alfabetizado ler tuíte
Fri Mar 27 19:50:53 +0000 2020	Chupa Sr Jair 58 Pede pra traduzir merda
Wed Apr 01 11:59:30 +0000 2020	ficar feliz Pra falar vale mídia brasileira elogiar fortemente voltam largar lenha 🤣 🤣 🤣
Fri Mar 20 18:59:42 +0000 2020	mesma divulgou vídeos whatsapp pra campanha convocação eleições deveria ta fazendo vídeos informativos situação pandemia vivemos
Fri Mar 20 18:44:32 +0000 2020	coragem jogar bomba China vc pra teste
Wed Mar 11 20:45:42 +0000 2020	LIVE ASSISTINDO CARA
Fri Mar 27 14:24:08 +0000 2020	pq imprensa disse senhor ficaria isolado G20 chega ótimas notícias Presidente Senhor sabedoria saíamos
Fri Mar 27 00:27:25 +0000 2020	500 resolverá hoje inúmeros médicos cúpula G20 declararam favoráveis decisão Bolsonaro Caiu casa Dória Volte insignificância
Fri Mar 27 09:57:22 +0000 2020	⁦⁩ ⁦⁩ PR ⁦⁩ razão continuar batendo PR Chego conclusão ⁦⁩ PR pra
Sun Apr 19 23:59:38 +0000 2020	Brasil pegando fogo presidente indo encontro prega ciência Ministério Saúde papo G20 Oriente imbecil comportar líder responsável pegue boné saia amigão
Thu Mar 26 09:14:26 +0000 2020	Presidente participa hoje videoconferência líderes recebe Palácio Planalto ministros Fernando Azevedo Moro 📜 Agenda Presidente
Thu Mar 26 09:57:18 +0000 2020	Presidente participa hoje videoconferência líderes recebe Palácio Planalto ministros Fernando Azevedo 📜 Agenda Presidente
Wed Apr 22 14:08:08 +0000 2020	disse falou palavras g20 Precisa requerimento vias permissão entrevistas Braga Neto monitorando tom
Wed Mar 25 10:07:37 +0000 2020	liga pro Trump explica pra gripe mata velhos
Wed Mar 25 19:38:47 +0000 2020	Mentira crápula Ninguém G20 orientando população quebrar quarentena sair isolamento atitude irresponsável exclusiva Bolsonaro Japão Europa Índia bilhão habitantes impôs isolamento social
Thu Apr 02 20:59:41 +0000 2020	amigão acabou mandar aviões China comprar porra médica pro Covid19 quase sobrou ninguém pra
Sat Mar 28 00:02:27 +0000 2020	amigo bolsonaro apresentado alguma respeito reunião G20 dia Itália iniciou protocolo coincidência funcionar vamos consolidado eficácia coquetel
Tue Mar 31 00:47:58 +0000 2020	sabia pra tinha dúvidas declaração G20 comprova
Mon Apr 20 00:16:24 +0000 2020	fosse mandeta ia pro g20 pico ia agosto setembro
Wed Apr 08 22:41:57 +0000 2020	Respeito Pq Pres levou Cloroquina Regiao G20 Voce Doria Infectlogista Nutella Davi Uip respeitar Presidente Bolsonaro 57 Mi votos Min Saude Mandetta
Sat Mar 28 10:20:59 +0000 2020	Ae reabre fábrica Gurgel pra limpar barra incompetência esqueci figurativo manda recentemente Governadores estaduais
Fri Apr 10 06:38:14 +0000 2020	ALÔ TRUMPÃO MASSA PERA TO OUVINDO BRUNO MARRONE FALA PRO ESTENDER QUARENTENA TA RAÇA NEGRA CABARÉ LEONARDO EDUARDO COSTA SÁBADO GUSTTAVO LIMA PQP VAMO METER ALCOOL PEITO PORRA
Sun Mar 29 22:55:59 +0000 2020	Presidente fala visita Taguatinga Ceilândia DF reunião G20
Fri Mar 27 00:42:13 +0000 2020	mídia odeia invisíveis Brasil Graças Deus capitão mostra liderança ouve hienas inescrupulosas corruptas daqui líderes G20 atrasados pensam estrago parar economia JB contrário mostrou líder visão
Sun Mar 29 22:42:52 +0000 2020	senhor entendeu agenda G20 presidente Repita Ah vc entendeu Garoto
Mon Mar 30 01:13:40 +0000 2020	Deus vergonha usando documento G20 distorcendo conteúdo pra justificar atitudes dele loucura
Sun Mar 29 22:37:36 +0000 2020	senhor entendeu agenda G20 presidente Repita Ah vc entendeu Presidente
Wed Mar 25 23:03:24 +0000 2020	Absolutamente nenhum país G20 orienta direção lunático jogador RPG cosplay templário irresponsável caralho
Thu Mar 26 23:29:07 +0000 2020	G20 pensa apoiaram iniciativa presidente
Sat Mar 28 17:45:03 +0000 2020	chama pra conversinha pé ouvido explica negócio brincadeira
Fri Mar 20 19:02:42 +0000 2020	mesma divulgou vídeos whatsapp pra campanha convocação boiada ultimo domingo deveria ta fazendo vídeos informativos situação pandemia vivemos consiga redimir pouquinho brasileiro
Fri Apr 10 13:49:39 +0000 2020	momentos difíceis sabemos verdadeiros amigos ajudar 👏 👏 👏
Mon Apr 20 00:24:02 +0000 2020	fosse mandeta ia pro g20 pico ia agosto setemb …
Thu Mar 26 23:22:20 +0000 2020	acredito mostrou caixinha remédio reunião G20 imbecil Acha líderes mundiais ignoram canalha passa coitado governo respeita
Wed Apr 01 00:12:00 +0000 2020	Leia Crie comitê pós coronavírus fortalecimento economia ajudar senhor
Tue Mar 31 00:33:41 +0000 2020	sabia pra tinha dúvidas declaração G20 comprova 🌥 ️ ⛅ 🌤 ️ ☀ ️ 🇧 🇷
Wed Mar 25 01:11:14 +0000 2020	repitam comigo eleição vou aposentar pra passar vergonha
Mon Mar 30 01:11:28 +0000 2020	Achei estranho dia reunião G20 falado participação Brasil imprensa
Sun Mar 29 01:12:35 +0000 2020	Países G20 concordam mídia podre publica direito
Wed Apr 01 00:26:17 +0000 2020	G20 falou OMS recou médicos falaram gente acha isolamento total solução Jair genocida colegas sinceramente admita erraram Attila tá errado porcentagem ocorrências caindo corona controle
Wed Mar 18 09:21:10 +0000 2020	dia mundo cobrar china prejuízos milhares vidas prejuízos países afetados sair China
Mon Mar 23 17:32:41 +0000 2020	Presidente espero Sr esteja atendo ataque comunista mundo Hj Rússia Cuba enviaram agentes Itália intenção ajudar combate pandemia vírus Chinês Sr sofrendo ataques país França China convocar G20
Fri Apr 10 05:48:24 +0000 2020	Amigos
Wed Apr 01 08:07:07 +0000 2020	Ué Xico alguma falou Presidente 🤦 ‍ ♀ ️Na ONU G20 EUA Israel posse dele Vocs criticam coisas precisam criticada Presidente fala verdade diariamente desuso governos passado aplauso vcs hein
Sun Mar 15 16:45:11 +0000 2020	Pres Limpe casa Brasil seja governado oposição Foro Paulo
Thu Mar 26 23:24:07 +0000 2020	Acompanhem thread PR resumo live feira
Thu Mar 26 23:12:07 +0000 2020	gente burra G20 países verdadeiros estadistas perdendo vc Incrível
Wed Apr 08 04:28:04 +0000 2020	período acabar outro emprego propagandista placebo
Mon Apr 20 02:23:43 +0000 2020	achou patrão incitando aglomeração pessoas G20 fizeram
Thu Mar 26 17:27:49 +0000 2020	besteira diplomata nao passa dia família nao coloca perola áudio vídeo Jair reunião virtual G20 caixa medicamento chocante ridículo Diga deixar tema Mandeta cientistas
Sat Mar 21 19:45:44 +0000 2020	há venho divulgando Hospital Albert Einstein conhecia cura autorizou David Uip divulgar ocultaram cura suposta conta eleitoreira Comuniquei fato presidente pacientes SP
Tue Mar 17 22:42:07 +0000 2020	MANDAR CONTA
Mon Apr 20 17:36:22 +0000 2020	Tic tac Tic tac Tic tac GOLPE ESTADO / DENÚNCIA Link live
Thu Mar 26 03:50:20 +0000 2020	acordar
Fri Mar 27 16:27:10 +0000 2020	Países G20 recomendam quarentena confirmando Bolsonaro
Fri Apr 10 22:50:40 +0000 2020	ato jamais será esquecido brasileiro puder venha visitar sentir gratidão brasileiros
Thu Apr 02 16:27:00 +0000 2020	oração Brasil Presidente Thank you Trump 🙏 🇺 🇸 🇧 🇷 🙏
Mon Mar 23 20:42:19 +0000 2020	Pres medo encarar piratas Sitio Art Art 142 CF Ai5 AI100 lembra discurso amigo execute Caos chegou AÇO
Mon Apr 06 10:42:52 +0000 2020	dia boneco Pinóquio desgovernado prorrogar isolamento burro palavras Dr Wong conhecer fúria pessoas beira fome precisam pão diário pra vc esquecer Trump disse Tuite
Sat Mar 28 01:03:29 +0000 2020	Olhe mundo nenhum país G20 adotou lockdown
Thu Mar 12 18:17:14 +0000 2020	cara gaiato levado deu positivo COVID 19 faça testes Espero esteja peço desculpas irresponsavel Bolsonaro
Wed Apr 08 18:07:10 +0000 2020	G20 mito MUNDO CHUPA COMUNISTA
Thu Mar 26 04:19:41 +0000 2020	Presidente corre traz meninos fazendo Pede traduzir senhor
Mon Apr 20 14:15:14 +0000 2020	técnica deixar incentivar malta manifestar recurso força manifestação surgir manter quiçá atitude ditatorial
Mon Mar 30 01:56:16 +0000 2020	vírus chinês torcida mundo Globo g20
Wed Apr 22 18:38:06 +0000 2020	consolidando intenção deixar mãos vazias vôos países garantido proximidades semanas
Sun Mar 29 22:30:02 +0000 2020	G20 decide Brasil contrário presidente postura responsável contrário
Wed Apr 08 10:44:35 +0000 2020	presidente acho melhor senhor marcar reunião G20 apresentar solução Dilma
Thu Apr 09 03:05:58 +0000 2020	frase si Fiquei constrangido verdade dele levar caixinha cloroquina reunião G20 Fiquei pensando líderes mundiais pensaram idiota segurando caixinha remédio fundamento científico nenhum solução
Wed Apr 01 06:38:14 +0000 2020	and sao amigos entrar Brasil
Fri Apr 17 04:29:09 +0000 2020	Bolsonaro passa ano 😎 👉 🏻 ✔ ️ ✌ 🏻 ✌ 🏻 ✌ 🏻 ✌ 🏻 Afinal apoiaram nele eleitos homem 🍯 💛 💚 💛 💚 💛 💚
Fri Apr 03 12:33:29 +0000 2020	melhor presidente mundo pq Deus nação
Wed Apr 08 18:02:44 +0000 2020	Corrigindo G20
Sat Mar 21 19:21:38 +0000 2020	G1 1ºpcte coronavírus Brasil curado Informação divulgada coletiva imprensa Paulo feira 13 estamos presença sup Albert Einstein autorizou divulgar cura 1ºbrasileiro internado coronavírus disse David Uip
Thu Mar 26 00:36:38 +0000 2020	bozo tá falando pra vc
Fri Mar 27 17:15:37 +0000 2020	Alguém traduz pro
Thu Mar 26 00:30:47 +0000 2020	Alguém traduz pro babaca
Thu Mar 26 12:35:25 +0000 2020	contramão pregando Peça pra alguém traduzir pra vc filhos
Thu Mar 26 01:43:49 +0000 2020	Olha chefe tá falando entender chama bananinha pra traduzir pra bc
Sun Mar 29 21:12:19 +0000 2020	Presidente acho entendeu reunião G20 preciso desenhar
Thu Mar 26 05:27:31 +0000 2020	pra tocar berrante seja alto pra vim gadaiada
Fri Mar 27 00:26:30 +0000 2020	G20 algum artigo G20 OMS declarando
Fri Apr 17 09:22:37 +0000 2020	prova devemos cuidado responsabilidade hora escolher alguém dirigir nação Lideres Populistas normalmente arrogantes risco vida Olhem EUA Brasil
Thu Mar 26 01:02:12 +0000 2020	quadrúpede pra copiar serve
Thu Mar 26 04:02:49 +0000 2020	corre pra crush falando
Fri Apr 10 19:01:31 +0000 2020	CEDENDO MITO implementando cloroquina França protagonista andar di coda
Thu Mar 26 00:31:03 +0000 2020	vê negócio
Fri Mar 27 02:47:47 +0000 2020	presidente AMOR DEUS casa branca dizendo fiquem casa repense estratégia
Wed Mar 25 20:13:03 +0000 2020	Presidente espere reunião G20
Thu Mar 12 08:10:35 +0000 2020	tardiamente suspende vôos vindos Europa Brasil acordar qdo será responsabilizado caos virá
Tue Mar 17 23:43:22 +0000 2020	GO TRUMP Ajuda Brasil conselhos pro
Fri Mar 27 02:09:58 +0000 2020	Pra fala Presidente
Fri Mar 27 12:36:49 +0000 2020	corre traduz pro pai ae
Sun Apr 05 10:42:42 +0000 2020	Brasil capacho EUA país estiver mãos presidente americano fazendo
Thu Mar 26 14:04:37 +0000 2020	abandonados 😂 😂 😂 😂 😂
Sun Mar 29 22:35:40 +0000 2020	levar mensagem capitão Corona membros G20 precisa responder
Thu Mar 26 01:51:11 +0000 2020	negócio
Sat Mar 28 04:30:50 +0000 2020	G20
Mon Apr 20 00:13:36 +0000 2020	Sai G20
Sat Mar 28 17:43:26 +0000 2020	Será poderia 158 países opõem 20 Capitão estaria cúpula 20 maluca
Thu Mar 26 10:51:21 +0000 2020	Ué Trump ia abrir economia
Tue Apr 21 22:15:05 +0000 2020	Compactuando ideias presidente continuará médico tendo contrariado Ciência OMS categoria G20
Sat Apr 11 11:39:07 +0000 2020	MEDIDAS SERÃO TOMADAS CHINA PODEMOS ESPERAR VÍRUS FORTE MORTAL FICO AGUADO RESPOSTA
Wed Apr 01 12:46:58 +0000 2020	You re to blame on it igual Trump vidas perderemos serão responsabilidade
Thu Mar 26 05:01:15 +0000 2020	Brasil há mesmas traíras 👇
Fri Apr 03 23:08:31 +0000 2020	deverão levados tribunal Haia faces obscuras ignorância faces brincam vida alheia
Sun Mar 29 21:11:10 +0000 2020	G20 moral OMS
Sun Mar 29 20:17:43 +0000 2020	cumprindo agenda G20
Sun Apr 19 03:20:16 +0000 2020	Excelente Ministro Hoje G20 faça bonito
Fri Mar 27 23:46:37 +0000 2020	Gripezinha pra atleta
Wed Apr 01 19:09:27 +0000 2020	Leva pra guerra pedi nada 🙏 🙏
Fri Mar 20 03:02:04 +0000 2020	Macron coragem acusar Governo Chinês Crime Humanidade Bolsonaro
Wed Mar 11 11:13:24 +0000 2020	exposto coronavírus Kennedy Alencar razão deixar BOÇALnaro quarentena anos
Thu Mar 26 18:57:21 +0000 2020	Leia nota vá descrição post Tire conclusões tópico G20 colocou importante
Fri Mar 27 20:15:28 +0000 2020	precisa Conversa direto Chefes reunião G20 enrolar maconha dela jornal
Sun Apr 19 23:51:21 +0000 2020	Poxa intervenção importante hein funesto ministro vc dissesse G20 jamais saberia necessidade realizar testes
Tue Mar 24 11:11:03 +0000 2020	Siga fale pessoas sinta pessoas seha sincero ESQUEÇA OPOSIÇÃO
Thu Mar 26 09:44:03 +0000 2020	Corre traz filhos pra traduzir
Thu Mar 26 23:15:02 +0000 2020	G20 segue lockdown Chega
Sat Mar 28 00:48:48 +0000 2020	Torcendo G20 ajude educar
Wed Apr 08 13:08:31 +0000 2020	ajudar amigos vender produto deles né escadinha
Tue Mar 31 16:13:42 +0000 2020	Ja voltaram kkkkk Doriafake abriu pernas Bahia tambem ai Ate OMS ja reconheceu G20 aceitou propostas Presidente
Sat Mar 21 19:14:55 +0000 2020	Presidente DEUS FILHO JESUS CRISTO ABENÇOE INTERVENÇÃO HOSPITAL ALBERT EINSTEIN DETERMINAR NOME ORDEM PÚBLICA NACIONAL PRESTE INFORMAÇÃO CURA COVID19 OCORRIDA 13/03/2020 PACIENTE CONFORME VENTILADO DAVID UIP 👇 👇
Thu Mar 26 17:39:06 +0000 2020	vê negócio rapidão
Fri Mar 27 18:24:04 +0000 2020	Leiam negócio
Fri Mar 27 12:33:15 +0000 2020	presidente siga presidente estimule distanciamento social conter mortes país americano continuar praticando distanciamento social ficar casa salvando vidas
Sat Mar 21 19:37:50 +0000 2020	SENTIDO GOV OCULTAR CURA COVID19 CONCURSO PREFEITO SEC Est Mupl SAÚDE PERMITIR VÁRIAS MORTES MIM VIOLADO PROTEÇÃO JURÍDICO SAÚDE MEDIDA SABIA CURA
Thu Mar 26 23:12:07 +0000 2020	Haha dando corda pra CNN Brasil cuidado
Fri Apr 03 00:29:24 +0000 2020	Thanks Donald Hi look deixa pra vc entender
Fri Mar 27 18:22:24 +0000 2020	Parabéns colocar ordem bagunça criada governadores
Thu Mar 26 21:55:13 +0000 2020	Ok ilumine Explica vc quiz vcs G20 tá errado tb tuíte
Wed Apr 08 11:46:15 +0000 2020	riodejaneiro
Thu Mar 26 12:46:10 +0000 2020	boca chorume negócio
Thu Mar 26 01:36:31 +0000 2020	pedir pro filho traduzir hein
Thu Apr 02 14:35:50 +0000 2020	mandem dinheiro pra governadores bandidos Mandem equipamentos EPIs
Wed Apr 22 04:07:32 +0000 2020	producto fanático morte morte morte
Fri Mar 27 04:40:29 +0000 2020	Entendeu Doria Decisão unanime G20
Fri Mar 27 00:30:24 +0000 2020	Falaram G20 nao vejo lixo
Sun Mar 29 21:26:30 +0000 2020	dormiu reunião G20
Sun Mar 29 23:05:27 +0000 2020	Parabéns declaração Presidente agenda G20
Sun Apr 19 17:00:05 +0000 2020	Socorrooooo Cadê G20 ONU Alguém Deus
Thu Mar 26 01:56:54 +0000 2020	APRENDE TRUMP bilionário Presidente PAÍS CAPITALISTA MUNDO reconhece necessidade quarentena ACORDA
Mon Mar 30 18:09:49 +0000 2020	líder deixa babaca dê respeito otário apoiadores cansados imbecilidades
Fri Apr 10 14:55:47 +0000 2020	consultou uso cloroquina Covid 19 RENOVA Mídia
Mon Apr 06 16:43:27 +0000 2020	My press conferences are vital funciona melhor Rede Nacional dia dia 😉 😉
Fri Mar 20 18:55:05 +0000 2020	Eae esperar pra seguir conscientização amiguinho
Fri Mar 27 00:30:13 +0000 2020	VAMOS APOIAR PRESIDENTE VAMOS PRA CATREVAGEM GOLPISTA
Sat Mar 28 03:42:36 +0000 2020	liga pro filho puta manda parar maluco
Sun Mar 29 00:56:33 +0000 2020	corre rapidinho aprende coisinha ensina pro 03 diplomacia
Mon Apr 06 19:43:39 +0000 2020	tá mínimo noção fala pro
Fri Mar 27 04:43:31 +0000 2020	vê vc falando pensa vc G20 neh
Mon Mar 30 01:49:38 +0000 2020	Juro ouvi emissora G20
Tue Mar 31 09:32:50 +0000 2020	G20 recomendou volta normalidade
Tue Mar 31 06:50:38 +0000 2020	Efeito G20 torceram saco cabra safado
Thu Apr 02 19:22:21 +0000 2020	cobrar / investigar
Wed Apr 08 21:32:42 +0000 2020	reunião G20 anúncio Trump
Mon Apr 20 00:21:30 +0000 2020	alguma cara filhote tá passando limites
Sun Apr 12 09:49:39 +0000 2020	brasileiro temente Deus vcs entender politico vcs sendo provados criador decisões Façam feito Acabem China comunismo
Fri Mar 27 19:52:28 +0000 2020	🤣 😂 🤣 😂 Deixa mentiroso participou G20 quarentena seguindo recomendações OMS Pensa engana Gado burro
Wed Mar 25 06:35:57 +0000 2020	ONU G20 OMS fiquem casa isolamento social histórico atleta
Wed Mar 25 19:37:22 +0000 2020	Lunático mentiroso EXISTE G20 SUICIDA IMBECIL
Thu Mar 26 16:25:25 +0000 2020	mostra medicamento base hidroxicloroquina reunião
Sat Mar 28 00:19:26 +0000 2020	Responde algum país G20 adotou lockdown
Sun Mar 29 21:22:28 +0000 2020	discutido apresentado G20
Mon Mar 30 02:05:54 +0000 2020	G20 cu rola cumprir recomendações OMS
Thu Mar 26 06:53:24 +0000 2020	Bananinha traduz pro imbecil pai Deus dele dizendo
Thu Mar 26 14:02:56 +0000 2020	participou manhã reunião videoconferência líderes G20
Thu Mar 26 19:07:45 +0000 2020	lista prioridades G20 começa SALVAR VIDAS
Fri Mar 27 10:34:23 +0000 2020	PR tá certo G20 confirma Bolsonaro
Sat Mar 28 02:26:52 +0000 2020	Reunião G20 importante matérias jornal poupa
Fri Mar 27 04:46:11 +0000 2020	Rodei Google ingles atras G20 achei
Wed Apr 01 18:07:50 +0000 2020	adianta explicar petralhas sabem significa g20 Odebrecht
Fri Mar 27 05:26:41 +0000 2020	Aproveita passa recado pra gado pq tá fazendo merda Brasil
Sat Apr 04 18:07:05 +0000 2020	será será esculachada atacando deus bolsonaro demorar pra virar globo bolsonarista
Thu Mar 26 18:41:44 +0000 2020	Donald Trump conferência líderes G20 manhã
Thu Mar 26 23:12:44 +0000 2020	G20 adota né Fica melhor kkkkk corrigindo pissolidade faça
Thu Mar 26 00:39:11 +0000 2020	Chega politicagem presidente faça alguma Oq G20
Tue Mar 31 03:30:15 +0000 2020	Algum falou isolamento vertical G20 maluquice rola Bozolândia
Sun Mar 29 20:22:11 +0000 2020	jegue acha alguém prestou atenção disse conferência G20
Sun Mar 29 23:29:40 +0000 2020	demora chegar informativo G20 negando explicando Bolsonaro entendeu errado
Tue Mar 17 10:00:17 +0000 2020	filhos seguem cartilha detonar mídia aula pra
Thu Mar 26 01:57:19 +0000 2020	salsicha americana pra chupar aproveita donut safado filho puta
Thu Mar 26 21:48:30 +0000 2020	Ok diferem G20 preconiza
Sun Mar 29 21:07:57 +0000 2020	ANALFABETO FUNCIONAL ENTENDEU ERRADO G20 QUIS REALMENTE DESTACAR SÉRIO
Sun Mar 29 21:07:21 +0000 2020	ANALFABETO FUNCIONAL ENTENDEU ERRADO G20 QUIS REALMENTE DESTACAR NAO SÉRIO
Tue Apr 07 22:43:12 +0000 2020	SENHOR PIORES PRESIDENTES HISTÓRIA PIOR G20
Fri Mar 27 14:15:56 +0000 2020	Botar link materia escrita reunião acontecer especulações cara claramente governo cretinice procurar matéria foto cara acima ué Link reportagem escrita reunião
Thu Mar 26 04:31:24 +0000 2020	recuar apoiar pra imitar Trump crush imita cara Golden Shower né
Fri Apr 10 21:24:20 +0000 2020	fiquem esperto China modificar vírus 5 g pra maldades
Tue Mar 31 04:25:02 +0000 2020	falar OMS PR certo pedir G20 posicionar discursos PR OMS deixo falar
Thu Mar 26 01:34:18 +0000 2020	Copia passa ano hein mesma linha
Thu Mar 26 16:34:04 +0000 2020	Morre inveja participou G20 presidente
Thu Mar 26 17:34:40 +0000 2020	G20 colocou Trilhões dólares vcs coçar bolso verdade
Sat Mar 28 00:35:41 +0000 2020	G20 acha determinado presidente inteligente
Fri Mar 27 17:00:23 +0000 2020	americanos continuarem praticar DISTÂNCIA SOCIAL FICANDO CASA SALVANDO VIDAS
Tue Mar 31 04:55:59 +0000 2020	afinada 🤣 🤣 🤣 Será deu salve sacode G20 surtiu efeito hoje 🤣 🤣 🤣 Ficaram assimilando golpe tomaram ficaram atordoados Simples ✌ 🇧 🇷 👍
Wed Mar 25 19:48:11 +0000 2020	Araújo cite país G20 relaxando quarentena difícil publique fake
Thu Mar 26 23:15:09 +0000 2020	Ué falou G20 recomendou seguir pedidos OMS confinamento
Sun Mar 29 20:21:04 +0000 2020	cara pau cumprindo agenda G20 sendo irresponsável sendo
Sat Mar 28 10:58:09 +0000 2020	vc gosta polemizar né Joice G20 quarentena compulsória Fica calada
Mon Mar 30 23:09:43 +0000 2020	tirando reta tomado dura G20 comunista
Fri Mar 27 00:39:39 +0000 2020	Gostaria Presidente feito GLOBOLIXO fale verdade hoje ficou ocultando medidas Governo dando impressão será Congresso fazendo ocultou excelência conferência G20 excelência estivesse
Fri Mar 27 18:23:30 +0000 2020	Ei vc esclerosou Pesquisa resultou reunião G20 aconteceu dias PATÉTICA
Mon Mar 30 01:37:11 +0000 2020	atleta jogar bola participar cúpula G20 to entendendo camiseta falsificada time
Mon Mar 30 22:12:49 +0000 2020	Barack Obama reunião G20 dizendo Lula Cara Putz bons tempos
Sun Mar 29 02:12:29 +0000 2020	há comprovação conclusiva cura enfermidade uso desses medicamentos líderes G20 sabem
Fri Mar 27 19:56:59 +0000 2020	unanimidade G20 PR dizendo Será abonar enganaram
Tue Mar 31 21:31:23 +0000 2020	G20 sanguinários dinheiro OMS especialistas saúde salvar vidas fico opção
Sat Mar 28 21:49:57 +0000 2020	Continua alinhado
Sun Apr 05 03:49:04 +0000 2020	amigo ta difícil negócio Alguém indicar guru ai situação ta começando complicar
Tue Mar 17 20:54:59 +0000 2020	alo liderança ta faltando
Thu Mar 26 14:03:58 +0000 2020	Olha ae merda deculpinha bosta matar galera enocimia país tá lixo família lixo voltem pro buraco milícia vieram
Thu Mar 26 01:48:10 +0000 2020	reunião G20 participar dias show horror humilhação Brasil
Tue Mar 31 23:40:23 +0000 2020	panelas Tá ouvindo Discurso politicamente correto bomba vc armou exterior ne G20 espera Será
Sat Mar 21 22:38:02 +0000 2020	mostra líder nação mostrando idiota
Sun Apr 05 22:16:12 +0000 2020	Venceremos In god we trust God bless you feliz nação Deus senhor
Thu Mar 26 23:30:26 +0000 2020	Boas medidas PR
Fri Mar 13 23:06:28 +0000 2020	PR poderia convocar Brasil juntar EUA orarem países Asim tb convidar Nações fazerem
Fri Apr 10 11:46:16 +0000 2020	nação agradece Ex ajuda cooperação combate Covid 19
Sun Apr 19 02:06:39 +0000 2020	Deus acima Bendita nação Deus Senhor Lindo gratificante
Sat Mar 28 02:24:10 +0000 2020	oq bolsonaro propõe contramão praticamente países lidando corona ler vê thread
Fri Mar 27 02:05:38 +0000 2020	Continue Presidente
Sat Mar 28 13:04:50 +0000 2020	siga chefe Leve sério colocar vidas brasileiros risco
Sat Apr 04 22:10:18 +0000 2020	Vamos vencer Vírus juntos forte
Fri Mar 27 01:55:27 +0000 2020	Parabéns Presidente
Sat Apr 11 19:20:08 +0000 2020	brasileiros agradecemos senhor
Sun Mar 22 22:09:08 +0000 2020	vírus Covid 19 sumir 15 dias China sumiu matando humanos vacina pronta Liderem países Libertem povos Deus abençoe América
Fri Apr 03 09:33:26 +0000 2020	palhacinho Bozo aprende Alguém Patente Norte Americano
Sun Mar 15 18:06:17 +0000 2020	Trump Deus controle exatamente hoje Trump convoca nação orar mão Deus agindo clamor homens chegue céus
Fri Mar 27 09:16:01 +0000 2020	burro critica governo
Thu Mar 26 01:47:46 +0000 2020	Atenção rapidinho falar love you Aproveita lida negocio ler precisa tirar mão saco
Sat Apr 11 10:24:44 +0000 2020	estadistas preocupados ajudando países Verdadeiros seres humanos Trump orders to send Italy medical supplies other aid to help coronavirus fight
Sat Apr 11 03:17:18 +0000 2020	senhor ministro Aguardamos visita Brasil
Sun Mar 15 18:08:30 +0000 2020	Trump Deus controle exatamente hoje Trump convoca nação orar mão Deus agindo clamor homens chegue céus JWB BRAZIL DIVULGATIONS
Sun Mar 15 18:11:36 +0000 2020	Trump PRESIDENTE 2020 THE CHAMPIONS Deus controle exatamente hoje Trump convoca nação orar mão Deus agindo clamor homens chegue céus
Thu Mar 26 01:55:02 +0000 2020	nessas horas cadelinha dele né
Tue Mar 24 17:07:13 +0000 2020	Please Chuta governadores loucos pronunciamento diário tv economia girar
Sat Mar 14 00:21:46 +0000 2020	convocando americanos orar Graças Deus presidente homem temente Deus amigo hemisfério norte
Fri Mar 27 00:19:08 +0000 2020	RIVOTRIL BABACAS FICARAM 90 MINUTOS TENTANDO MANIPULAR 🇧 🇷 ERRADO DIZENDO INTEIRINHO FICAR CONFINADO CASA CRISE SEREMOS 40 MILHÕES DESEMPREGADOS FICARAM CANSADOS HOJE G20 ALINHOU PRES
Fri Apr 10 13:51:50 +0000 2020	Deus abençoe governo indiano
Fri Apr 10 02:14:06 +0000 2020	ajuda Brasil 👏 🏻 👏 🏻 👏 🏻
Sun Mar 29 17:35:06 +0000 2020	Vamos copie coisas boas governo Trump
Sun Apr 19 19:39:23 +0000 2020	Fosse deixava insultar governo KKMM
Fri Apr 10 22:53:56 +0000 2020	Sr Presidente fazendo
Sat Mar 21 17:03:06 +0000 2020	Olha nobres patriotas melhor solução Brasil Evitar desastres Brasileiros mortos Colapso saúde Economia quebrada
Thu Mar 26 04:53:50 +0000 2020	acho vc interpretou alguma errada presidente
Fri Apr 17 02:41:50 +0000 2020	Presidente poderia chame caminhoneiros agradeça pessoalmente estaríamos perdidos caos
Tue Apr 07 08:25:21 +0000 2020	ajude dando golpe governo
Thu Mar 26 01:03:10 +0000 2020	Vixe ruma merda bosta tá falando
Tue Mar 31 02:38:18 +0000 2020	vcs razão China indenizar Mundo
Tue Apr 07 19:36:43 +0000 2020	Pensa burro descobriram único fabricante cloroquina Brasil empresário financiou campanha Bolsonaro prova
Thu Mar 26 15:24:08 +0000 2020	obedecer ídolo continuar dando genocida
Sat Apr 18 17:49:36 +0000 2020	Brasil mesma palhaça importa presidente faça satisfeitos quebrar economia país
Wed Mar 25 01:18:50 +0000 2020	precisa seguir Donald Trump imediatamente medidas postura 🇺 🇸 🇺 🇸 🇺 🇸 👊 👊
Sat Feb 22 14:21:46 +0000 2020	this clown is your friend 🤣 🤣 🤣 🤣 🤣 palhaço mundo
Tue Mar 31 12:58:33 +0000 2020	dupla acabar comunismo mundo
Sat Apr 18 17:48:15 +0000 2020	mundo age igual Brasil mesma diga
Fri Mar 13 20:15:10 +0000 2020	apresenta sintomas elogiou reuniu Flórida há dias lembrou presidente brasileiro testou negativo
Thu Mar 26 01:31:59 +0000 2020	vamos pronunciamento presidente amanhã mandando mundo ficar casa prometeu
Fri Mar 27 00:37:52 +0000 2020	Presidente lista medidas tomadas dia hoje combater crise coronavírus Brasil 🇧 🇷
Sun Apr 19 02:40:56 +0000 2020	Presidente Trump perguntando muçulmanos receberão tratamento especial durante Ramadan época confinamento VIRUS CHINES comparado fizeram Igrejas durante Pascoa Touche 👍 🇺 🇸 🇺 🇸 🇧 🇷 🇧 🇷 🇧 🇷 😆 🤪
Thu Mar 19 04:18:43 +0000 2020	PODERIO DESTRUIDOR VÍRUS CHINÊS PRECISA PARADO IMEDIATAMENTE CRIOU MONSTRO PAGUE PREJUÍZOS CAUSADOS RESTABELEÇA SAÚDE MUNDO
Sun Mar 15 14:00:32 +0000 2020	Presidente tentando derrubar presidente democraticamente eleito votos hj estamos ruas precisamos mundo ouça escolha precisa respeitada
Fri Mar 27 23:23:23 +0000 2020	Presidente razão precisamos tomar precauções saúde BRASIL 🇧 🇷 PARAR fundamental entraremos processo generalizado quebradeiras desemprego HÁ INTERESSES ESCUSOS TRAZ
